Time [days],S_I,S_S,X_I,X_S,X_BH,X_BA,X_P,S_O,S_NO3,S_NH,S_ND,X_ND,S_ALK,S_NO2,S_NO,S_N2O,S_N2,X_BA2,Temp,TSS_influent,Flow_influent,Kla,S_I_reactor,S_S_reactor,X_I_reactor,X_S_reactor,X_BH_reactor,X_BA_reactor,X_P_reactor,S_O_reactor,S_NO3_reactor,S_NH_reactor,S_ND_reactor,X_ND_reactor,S_ALK_reactor,S_NO2_reactor,S_NO_reactor,S_N2O_reactor,S_N2_reactor,X_BA2_reactor,Temp_reactor
0.0,30.0,1.546357942537,1147.25732746123,65.6468364835038,2407.52774735914,130.50278006541,422.214798875989,1.50890593206871,11.9320612735946,4.38683926499765,0.617534097609793,4.63019917762653,4.19994287984163,0.0955776736216228,0.0062519840213544,0.0034255917394979,13.750037897127,45.6740712840002,15.0,3164.11767114695,107385.0,240,30.0,1.31417122979895,1147.25732746074,56.5791368208264,2409.7649644496,130.945546306607,423.056401841551,2.46773078529964,14.7368242175021,1.88959859298314,0.576628341249935,4.1195218714717,3.82633629064853,0.0240663064030141,0.0018816525370014,0.001023259401281,13.4244541870652,45.8310598813657,15.0
0.010416666,29.9924058022358,1.58474055910334,1146.6028811169,67.0217229306062,2405.67178190558,130.373029158213,421.83068048048,1.44663692554161,11.7514160223087,4.58877690112582,0.626800014308753,4.70288657670568,4.22676480641811,0.107285808001205,0.0069219313741159,0.0038058948355908,13.7447259234816,45.6281934751688,15.0,3162.84621680021,107370.0,240,29.9977972559659,1.33916193052342,1147.1192207386,57.6612749382613,2409.20561214101,130.882523778525,422.897124876911,2.32889113873782,14.4751858702039,2.13303466763595,0.582642048183213,4.17963543593478,3.86207520936222,0.0282749499546365,0.0021961106706347,0.0012017092097893,13.4387981114994,45.8089851902719,15.0
0.020833333,29.9907413302723,1.60550233120209,1143.69421358447,68.1841772174169,2399.01760921308,129.996575675251,420.567589935514,1.45655147661674,11.8350864574188,4.54163398003654,0.631934099636525,4.76123703133645,4.22146418527822,0.106293063917233,0.0068773428391109,0.0037880724788046,13.6937065928357,45.4964890437839,15.0,3155.21749100213,98100.0,240,29.9937549523043,1.35768625037262,1146.03273118324,58.5026466166491,2406.64500173943,130.726393948454,422.37105774622,2.28860296766037,14.4531791662843,2.17494362275066,0.58762710825363,4.22403861530513,3.86791241001082,0.0290246290577231,0.0022294611642384,0.0012179090191093,13.4223574593709,45.7543823595768,15.0
0.03125,29.9962923680894,1.62061069865658,1141.05072574239,68.8522185068596,2393.3295541584,129.675388935986,419.484087360635,1.47003217298283,11.9154650539544,4.45578614380339,0.632613230956056,4.79148803712486,4.21343679743874,0.102167897039226,0.0066231300970048,0.0036424331710584,13.6926017092449,45.3844159270834,15.0,3148.33229297352,96670.0,240,29.9937750255726,1.36981039355153,1143.87438829217,58.9980304537691,2401.93623709342,130.458934543993,421.461165035797,2.32032641221833,14.5530115194756,2.09476445064734,0.590282243341412,4.24752673883618,3.85794355960464,0.0276903969008253,0.0021258628180329,0.001159165576552,13.4155537300259,45.6609293692396,15.0
0.041666666,30.0002234246041,1.62784010614712,1141.71096164549,69.2958093477567,2394.98760807431,129.752447606781,419.705958867479,1.47236406805392,11.9262600882187,4.43052560715386,0.632785975044674,4.81138389873502,4.21088311282478,0.100575982330093,0.006520653407831,0.0035828044187522,13.7067438959362,45.4116049082844,15.0,3150.64829283758,94890.0,240,29.9963791244552,1.37848451706253,1142.45316226064,59.3698162821001,2398.99495420322,130.283461014513,420.860151304608,2.35205683080217,14.6222214668686,2.02712284736232,0.592107150089926,4.26386876915292,3.85039404703305,0.0265885482819082,0.0020453054859096,0.0011146229841068,13.4165772527908,45.5997332579166,15.0
0.052083333,30.0022251324347,1.62467918901425,1144.02214629685,69.3741348592376,2400.38891390051,130.035729561447,420.598957164093,1.47322069806255,11.9276745954497,4.44910412962095,0.631956164889805,4.81359642505859,4.20735882675929,0.100115392689885,0.0064871148196455,0.0035613613825942,13.7231638088802,45.5108071088115,15.0,3157.44801666822,91605.0,240,29.9989826241068,1.38014805706489,1142.71768613519,59.4975991630917,2399.85826150932,130.317458579482,420.941309783022,2.37961316671448,14.680640670686,1.97344898771815,0.592418159004498,4.26795945519545,3.84207993056506,0.0257030678957705,0.0019803938968779,0.0010785350077328,13.4179471637547,45.6118103655194,15.0
0.0625,30.0036922380002,1.61567857827517,1146.18012249816,69.137302268599,2405.66353336704,130.313194248158,421.478309424594,1.47162767809429,11.924177080545,4.52720880284088,0.630022682965847,4.79902112864693,4.20291963475297,0.101193618464404,0.0065377611647814,0.0035846324122214,13.7457144571269,45.6077688336015,15.0,3163.78517298012,89275.0,240,30.0010605796567,1.37511721097397,1144.01015007368,59.3531632362821,2403.08990744643,130.485529358766,421.457060167491,2.40072870978674,14.7425245633981,1.94292952792361,0.59101016108229,4.25816890711162,3.8314347548566,0.025176405723032,0.0019424654242564,0.0010571159337826,13.420457683435,45.6706908084582,15.0
0.072916666,30.004837651738,1.60361831293093,1147.72092413535,68.784332446458,2409.77244278041,130.526103857915,422.152633386558,1.46822141690703,11.9169215399245,4.6696513667734,0.627499282958528,4.77734402736482,4.19750225974315,0.104130749656526,0.0066941922715232,0.0036659838546623,13.7703544635653,45.681877632059,15.0,3168.47873567906,86185.0,240,30.0026807030199,1.36583377824209,1145.5358460377,59.0140385125776,2406.962626717,130.693775176021,422.100520268314,2.40881550934327,14.8138831408548,1.9460031692288,0.588388757381166,4.23790602483214,3.81791154734248,0.0251574754447933,0.0019403051180349,0.0010549247309318,13.4234663447569,45.7434556359158,15.0
0.083333333,30.0062314330916,1.58548322045628,1148.73305704183,68.1941003862832,2412.8825187501,130.689157224735,422.666004177097,1.47021314921942,11.9291001879148,4.80093751977315,0.622257842206465,4.74251540471162,4.18853661159285,0.106810048970877,0.0068439022584772,0.0037450037443948,13.7905689710722,45.7383816202755,15.0,3171.67741440024,82265.0,240,30.0040714934125,1.3526523882529,1146.87441079571,58.4809269775823,2410.55950070943,130.894153872124,422.71140674219,2.41456035293183,14.9160093720262,1.95690622571877,0.584358977409297,4.20678931941489,3.79889917021388,0.0252371494171722,0.0019448812336405,0.0010560966406992,13.4250106702739,45.8132756217155,15.0
0.09375,30.0074136528489,1.56685297595529,1149.45849086295,67.4269043772967,2415.40806370122,130.827981144724,423.11470603945,1.47023313618827,11.9328230700717,4.89507150507897,0.61513652721955,4.6979670504723,4.18081691731864,0.109020520734851,0.0069698172820026,0.0038119393322985,13.8109328867231,45.7863897827379,15.0,3174.01690193129,82740.0,240,30.0054659484373,1.33832556740481,1147.95708294806,57.8661513596157,2413.67418361513,131.072830967912,423.257264985601,2.41398871525423,15.0082487008421,1.98219487416069,0.579399778613672,4.17107805407002,3.78024713404084,0.0255664976190469,0.0019717719837382,0.0010703320891936,13.4285478253691,45.8753470139994,15.0
0.104166666,30.007215592027,1.5457424243209,1149.90235625602,66.5395665806471,2417.2652031173,130.941517790824,423.48734094275,1.47627920953836,11.9553450638075,4.93003318775829,0.608259980749756,4.64683832134929,4.17217170807108,0.109802309903366,0.0070265702241839,0.0038432396468604,13.8137687227216,45.8256328679226,15.0,3175.47121316659,81475.0,240,30.0063643016477,1.32366017450409,1148.79789340612,57.2189380260241,2416.27772466853,131.229026440775,423.740326885577,2.40931367147775,15.0799954845787,2.00762515154392,0.574363411671302,4.13349255881033,3.76419571060494,0.0258935039874821,0.0019970596279819,0.0010835772443123,13.4298108567223,45.9294812195008,15.0
0.114583333,30.0077575751211,1.51458785603712,1150.05225842139,65.2546254018109,2418.43146282822,131.040127728821,423.789367188617,1.51051264044042,12.0994414713634,4.79874549318749,0.599299974933255,4.57475940475772,4.14914608962458,0.10403610548295,0.0067223086622066,0.0036740064618591,13.7912933904171,45.8599809944613,15.0,3175.82086692249,73715.0,240,30.0067883272681,1.3015413178691,1149.34229569987,56.2282288928733,2418.23266284195,131.367623299787,424.158149366231,2.46128303340974,15.2390247986635,1.92129105826906,0.567869717529174,4.07700994808352,3.73747322261134,0.024399594746834,0.0018873303607013,0.001021257479925,13.4208062809007,45.97749471436,15.0
0.125,30.0105892300192,1.47696602512587,1150.29076122604,63.5849058124234,2419.75899345266,131.16896920883,424.182187101775,1.56340354552078,12.3258112111899,4.53533945988112,0.587827235706866,4.48244204377843,4.11500216861213,0.0929395569548771,0.0060942258208683,0.003321308688324,13.7773921381742,45.9052759534724,15.0,3176.1683195664,68065.0,240,30.0078014205682,1.27029763912036,1149.68868864638,54.8263692287549,2419.71181659525,131.499244723654,424.554725262394,2.60110466934545,15.4933040017128,1.71026761087774,0.559294280221132,3.99792858113181,3.69910482499824,0.0211011412902495,0.0016512783575473,0.0008899698231318,13.4101996202283,46.023156236922,15.0
0.135416666,30.0138747671604,1.43745013835435,1150.87468443098,61.7566692394625,2421.74668771298,131.34898289357,424.759448766897,1.62549693391513,12.5597984892806,4.21239663116494,0.575113248286713,4.3817144063268,4.07908732295042,0.0809611996780482,0.0054017937383453,0.0029359896852671,13.7704817517854,45.968634442501,15.0,3177.34133061479,64035.0,240,30.0096512944107,1.23463941499044,1150.04639430174,53.2401528415239,2421.11806638996,131.636643933036,425.000790108411,2.80258136577324,15.7509732752854,1.46035514989806,0.549507246969747,3.90861039857683,3.66082024791001,0.0174866708589717,0.0013942995307735,0.0007486195088051,13.4028738256864,46.0709324982772,15.0
0.145833333,30.0164111694641,1.39663439241453,1151.72062108227,59.8579131648846,2424.18574525373,131.564762716814,425.48038756338,1.69892353599684,12.7813672325058,3.84626225537513,0.563510544235555,4.27728193347062,4.04454791737916,0.0691311765969942,0.0047077438307159,0.0025547566996517,13.7652588819478,46.0445819802145,15.0,3179.14050882097,60865.0,240,30.0118393645003,1.19735668550952,1150.53630370751,51.5972385027135,2422.68284708866,131.787304082154,425.5370787228,3.04907571165764,15.9630905684718,1.21548588440516,0.539447665787102,3.81606136426587,3.62899607451915,0.0141830748096834,0.0011575858684564,0.0006192236089025,13.3973405357935,46.1234485949802,15.0
0.15625,30.0180242287664,1.35401440606844,1152.62206176229,57.9072848171722,2426.61322603659,131.788855535258,426.257887789551,1.79153486254908,12.9935016287963,3.44037842254677,0.552008653091275,4.1701468134679,4.01172494280658,0.0576062196981155,0.004020712056391,0.0021818221401261,13.7565064291527,46.123467169935,15.0,3180.9845873331,57665.0,240,30.0138772039969,1.15941970297462,1151.15501329482,49.9372060146151,2424.38755912076,131.947678512365,426.158763635641,3.33560973211032,16.1156118864658,0.989137793725469,0.529275154511284,3.72248874053592,3.6056905968817,0.011303773055698,0.0009467861612014,0.0005042639193965,13.3920338521637,46.1794730131423,15.0
0.166666666,30.0184968718856,1.31681161541176,1153.43738407756,56.1362525069201,2428.64628821708,131.990322063458,427.022875167734,1.8796481886267,13.1084940700022,3.07973936481467,0.540839436283856,4.0726452079572,3.99322482211432,0.0490345487368202,0.0035094780424206,0.0019098741291895,13.763509194068,46.1943742599196,15.0,3182.57062221951,60990.0,240,30.0155741436081,1.12567707050099,1151.86857350074,48.4573564132867,2426.1271381726,132.105768169613,426.838796052158,3.59843345726225,16.1432165242439,0.83234963111402,0.519624042525663,3.63899087129336,3.59967568489601,0.009387477986719,0.0008095464200933,0.0004303135565862,13.3927723676369,46.2348171578843,15.0
0.177083333,30.0171923835418,1.27982794373104,1153.89810327879,54.4638820747242,2429.74698903837,132.142847988319,427.664816764097,1.9878996326047,13.2022012657702,2.73036061255477,0.531651002785601,3.97955310921897,3.9803850397949,0.0412492751407084,0.0030470276170409,0.0016669001459593,13.7430902512889,46.2481472736315,15.0,3183.12358981345,58200.0,240,30.0164210767715,1.09542256204597,1152.56060470772,47.1264229086167,2427.65944710444,132.253068867425,427.530124842658,3.82808203837409,16.0916676567362,0.707840809714981,0.510946391017197,3.56365940223208,3.60525255544605,0.0079116304216211,0.0006971772756983,0.0003694850263424,13.3900321524596,46.2864801552683,15.0
0.1875,30.0157391258674,1.24514448355781,1153.78334568475,52.8568888223739,2429.44138328647,132.220135148493,428.096391706993,2.11105867417597,13.2820397253258,2.40342026719859,0.522530971453736,3.88941894907202,3.97197468879867,0.0347778322744612,0.0026650595858335,0.0014695905221629,13.7267169035845,46.2755445189448,15.0,3182.00526687602,59890.0,240,30.0164260915396,1.06699228601157,1153.05050900785,45.8667237645257,2428.60543326626,132.369576475539,428.162201055224,4.06388917156544,15.9969078275233,0.602233828543132,0.502699779747863,3.49198181460143,3.6183865441395,0.0066874720058095,0.0006044323684204,0.0003197336330957,13.3867842947566,46.3274590410468,15.0
0.197916666,30.0131582200361,1.22005221422226,1153.08202236566,51.5915174338778,2427.66961914889,132.206986112015,428.298354316518,2.19633470353633,13.2451384328761,2.19199701708161,0.514695962562904,3.81685046221819,3.98260631623049,0.0312233690022552,0.0024854150372279,0.0013865703238236,13.7188473702025,46.2712781907526,15.0,3179.33983317579,66360.0,240,30.0156772315148,1.04592778653773,1153.20529390193,44.9052297542671,2428.66353328154,132.435446085035,428.668279406687,4.19813200249479,15.8013901509877,0.555600793594009,0.495823392212347,3.43672498530001,3.64670713267392,0.0061488905998528,0.0005708949768223,0.0003031388734095,13.3894675973534,46.3507849268412,15.0
0.208333333,30.0096732059018,1.19431759830901,1151.7546905143,50.4056682891926,2424.45662649883,132.118045352978,428.253164017434,2.30916512573968,13.2628971135511,1.97781844304129,0.509340891105663,3.74721697301836,3.98937228487949,0.0273144660254627,0.0022596731352428,0.0012719259114754,13.6718718946119,46.2405628538477,15.0,3174.92156814494,62260.0,240,30.0138899893431,1.02710270309,1152.89574554866,44.0354645134702,2427.60290918379,132.444866673763,429.002003276415,4.32443222882993,15.6148197399303,0.501924907466,0.490147871361805,3.38585275430949,3.67630335663023,0.0055415200735461,0.0005228331926588,0.0002776208592197,13.3829844048129,46.3543931198476,15.0
0.21875,30.0077965926197,1.17368742765911,1149.76479938908,49.3447445270862,2419.72519657886,131.943879739093,427.949615665061,2.40983792775723,13.2678698910355,1.81909636697638,0.503659473786229,3.6841622733928,3.99935403319025,0.024788113995665,0.002138793673499,0.0012177991418728,13.6467849994933,46.1800040859655,15.0,3168.68117998886,67265.0,240,30.0117983438218,1.00997858813806,1152.0295860466,43.2195643997727,2425.24514550348,132.384680089556,429.124526074225,4.4602004455796,15.4415794936852,0.459557590240109,0.484823038119015,3.33731182550898,3.70676179150457,0.0050630041298593,0.0004904841613521,0.0002613775732048,13.3784557474966,46.3337071813325,15.0
0.229166666,30.0055941322989,1.15941455125657,1147.56259839525,48.5635287526207,2414.44751668218,131.733943123996,427.549129552017,2.46154214610919,13.2276568725405,1.74679904809445,0.499830985935808,3.635982846673,4.01680110283094,0.0236644225796193,0.0020976624447408,0.0012032082931182,13.6173346251473,46.1069388860958,15.0,3161.97274154411,69075.0,240,30.009653893436,0.99798011485282,1150.59263735941,42.605004605132,2421.57165434918,132.253648031768,429.020059281992,4.51445126814912,15.2561207941563,0.446323770593928,0.480730154208109,3.29955125393813,3.74078565981047,0.0049103308711656,0.0004848137336648,0.0002594018981725,13.3755352598955,46.2882467658053,15.0
0.239583333,30.0038598095685,1.14706649703584,1145.44334054157,47.9078794347932,2409.2914979528,131.532255666575,427.166969159951,2.50938994258141,13.2141818815487,1.68953627476624,0.496889901983485,3.5948826210827,4.03106282419032,0.022718210146165,0.0020550135253102,0.0011840761445671,13.5837745360488,46.0367525010763,15.0,3155.53402144258,69015.0,240,30.0075287611971,0.987856502118651,1148.84859256361,42.0679770790638,2417.1833683253,132.087275076457,428.791159901636,4.56122095898847,15.1120918378855,0.433643076048402,0.477411056661963,3.26576478393874,3.77068724603023,0.0047656479679214,0.0004763208012226,0.0002552094995217,13.3697574964247,46.2304138118487,15.0
0.25,30.0039690581577,1.13045882649738,1143.51657236704,47.1762940889992,2404.53189819783,131.360049155318,426.860749403382,2.60829792915013,13.2692069848256,1.58427167189083,0.493596667087955,3.55047892442042,4.03477550830404,0.0208053699513643,0.0019225969699511,0.0011095496999196,13.5519132986056,45.9768362033534,15.0,3149.56679956194,62570.0,240,30.0059829511597,0.97527349134719,1147.04690524666,41.4365950220929,2412.6390059758,131.91706590795,428.542034112317,4.67362469139924,15.0460852934094,0.397079576818148,0.47381714255335,3.22661078288521,3.79075391826251,0.0043589772043045,0.0004381284636453,0.0002336573109854,13.3612600895569,46.171223782555,15.0
0.260416666,30.0061779030149,1.11468434809996,1142.39250124893,46.4549294729281,2401.42798238966,131.279183367023,426.870419535097,2.70734457056699,13.2940912065517,1.49118879545363,0.489104951707501,3.50838310479549,4.04006675753677,0.0193194915614023,0.0018391195288146,0.0010664572309897,13.5463768932796,45.9487970903917,15.0,3145.78035982802,62710.0,240,30.0056466856228,0.961528929027617,1145.41465007337,40.7589032891794,2408.40850612266,131.765159363783,428.361235144318,4.80990975045701,15.007063253639,0.362683290402122,0.469640701356661,3.18530009510009,3.8069399367268,0.0039766565484925,0.0004063056254684,0.0002163678617201,13.357526726178,46.1184315702724,15.0
0.270833333,30.0082273600148,1.09901124910583,1142.14041731114,45.7912891304812,2400.13180944728,131.29772461012,427.223519408701,2.79154192152321,13.2821252947543,1.4168420316476,0.485154641380178,3.47057806952075,4.04832700498258,0.0180838737300276,0.0017569863229041,0.0010207340197231,13.5437984830287,45.9554938268758,15.0,3144.40519030095,59325.0,240,30.0062720269294,0.948454349514655,1144.19505576508,40.1245117327115,2405.00119557451,131.659979693501,428.341320921987,4.9168421291679,14.9636067533389,0.33675692354446,0.465594342757209,3.14712519057129,3.82266801283372,0.0036890236447603,0.0003807637675142,0.0002021671001839,13.3557974025605,46.0819509652544,15.0
0.28125,30.0098419228359,1.08545588299726,1142.38246181783,45.1887067416848,2399.82556950461,131.37035090694,427.777112025617,2.84981184147796,13.2263108137483,1.37234269352701,0.481026135125596,3.43696869891976,4.06110678872077,0.0174229220824647,0.0017298112823333,0.0010084783767321,13.5501512509917,45.9810752692454,15.0,3144.39395719945,60590.0,240,30.0073634193857,0.936543470511457,1143.46645061526,39.5537089009663,2402.58408898649,131.610957571372,428.514182676611,4.99639979706511,14.9038849252451,0.321526797544675,0.461740277868446,3.11325873282525,3.83928867164429,0.0035188376631953,0.0003684309780566,0.0001956246700586,13.3561242063541,46.0650799751783,15.0
0.291666666,30.0102302177225,1.0732568899058,1142.71215828505,44.6546395543547,2399.65057637818,131.451587965942,428.372490633834,2.88473647827976,13.1517056979753,1.3460104885034,0.477652864831044,3.40716704993373,4.07606484796864,0.0169950645269588,0.0017074283506164,0.0009966373262341,13.5510186834806,46.0096634164722,15.0,3144.63833717538,59530.0,240,30.0083987938777,0.926473801054764,1143.1302233491,39.0760878470388,2400.95013249148,131.607963239102,428.841818495376,5.03864266325844,14.8260550390904,0.313898638846091,0.458424587640834,3.08521658577124,3.85709803040347,0.0034325075848567,0.0003625622707733,0.0001923794197521,13.3564709489162,46.0642640005473,15.0
0.302083333,30.0099422689607,1.06242367683861,1142.80875369794,44.153895393027,2398.92653128676,131.504912462509,428.885075483608,2.91220534527932,13.0770473223387,1.32730107803474,0.474472995755551,3.37900342923487,4.0912423296558,0.0167229356811475,0.0017024353044585,0.0009956624472337,13.5512166564668,46.0284868973769,15.0,3144.23074141592,60295.0,240,30.0090457890869,0.917540774747595,1143.00373163786,38.6548833484271,2399.71725473418,131.630211658212,429.255917099747,5.07030736962034,14.7415218224208,0.3090906107275,0.455469187305141,3.06064823178004,3.87500580872561,0.0033773775104255,0.0003602407139585,0.0001912183422007,13.3565771829645,46.0722480139141,15.0
0.3125,30.0089027991187,1.05467304328394,1142.53371232758,43.7492122883747,2397.35633439783,131.511529496275,429.255585306563,2.91035109209222,12.9883957983941,1.33360284465708,0.471939938414745,3.3556518586778,4.10901905292146,0.0168409284137249,0.0017280663894423,0.0010125294978836,13.5500803409107,46.0309901748792,15.0,3142.82802299362,62230.0,240,30.0091997301308,0.910919436978467,1142.88578409513,38.3326036992962,2398.45898781259,131.653766541423,429.675657391004,5.06914388785098,14.6431440809415,0.312868080115496,0.453113817345221,3.04178575177071,3.89430347249796,0.0034156166596621,0.0003681529671095,0.000195868357223,13.3573217342488,46.0806653777595,15.0
0.322916666,30.0070106900737,1.05044454694829,1141.77260756315,43.4615982392366,2394.70998163645,131.458421964473,429.433790740546,2.88044633771744,12.8975052864044,1.36338348409487,0.470341727596026,3.33793774407147,4.12830811773946,0.0173226254862239,0.0017786022690213,0.0010433077425714,13.5439071756668,46.0126291744723,15.0,3140.13677198875,64910.0,240,30.0087065176825,0.907079576719694,1142.60454089497,38.1244163772392,2396.81938829954,131.658821075239,430.031584157666,5.03384581054841,14.5358061576732,0.324970769504909,0.451557539709703,3.02924663229766,3.91474156064294,0.0035446794432178,0.0003852039391293,0.0002056007918073,13.3578606380982,46.0825947788048,15.0
0.333333333,30.0048607183237,1.04699519703824,1140.3973061487,43.2174884253218,2390.74577326236,131.335426028451,429.368381383753,2.86093528977173,12.8482278503377,1.38456123667616,0.469549406356704,3.3216822255772,4.14320011640794,0.0176203110049577,0.0018018201515215,0.0010559640380775,13.5286308430136,45.969828713239,15.0,3135.77565297137,64780.0,240,30.0075500271748,0.904482374769271,1141.99707560598,37.963822408399,2394.46911750686,131.627341140989,430.260694882488,5.00160634926428,14.4471117736771,0.334000521035586,0.450568406966934,3.01893262968142,3.93316637027679,0.0036413365763586,0.0003959557226613,0.0002114102464585,13.3560935785214,46.0717392324159,15.0
0.34375,30.0037560031925,1.04284135457116,1138.58367417692,42.9531136602977,2385.85055196828,131.164891269836,429.129736151191,2.86985655031241,12.845977591167,1.38532215463307,0.468676291976647,3.30400477301158,4.15203160169613,0.0175840511888027,0.0017973138862538,0.0010520027505224,13.5141124200123,45.9103633986828,15.0,3130.19424796891,63725.0,240,30.0062082326963,0.901326247482073,1140.98633263403,37.7712844263855,2391.25527953679,131.55016511838,430.334449160358,5.00432184060859,14.3961307547348,0.333831796905511,0.449571617910688,3.00625722683242,3.94727783748576,0.0036382597557477,0.0003952979594566,0.0002106948743235,13.3530763913056,46.0449033294061,15.0
0.354166666,30.0033158641269,1.04317055207148,1136.7138348265,42.815029194179,2380.81213211908,130.982926082864,428.860672432186,2.83784349076151,12.8119914618594,1.42767003173443,0.468061700329944,3.29346520219798,4.16487401126863,0.018272182454672,0.0018617178873297,0.0010901629898737,13.509797911155,45.8468646779986,15.0,3124.52359449961,67985.0,240,30.0051439500895,0.900225450045547,1139.60353924922,37.6499082713525,2387.24100649831,131.428784688571,430.258311824797,4.97664713654176,14.34875322816,0.346513175051059,0.448905805062457,2.99735867573406,3.96124805161203,0.0037736686708621,0.0004125438447943,0.0002204906024558,13.3528476922117,46.0025957623369,15.0
0.364583333,30.0018509291994,1.04796857313745,1135.04992402029,42.8630942012839,2376.19639099658,130.82078809311,428.653461917025,2.76260887434514,12.7589526892876,1.50911749308364,0.469117443086536,3.29299233272772,4.1804729874922,0.0195408471450955,0.0019521264010168,0.0011403375650809,13.4995587240401,45.790290380365,15.0,3119.53046220649,70855.0,240,30.0040756192149,0.902800985317335,1138.00627283778,37.6768213810809,2382.76980621135,131.282604648659,430.086649010411,4.89000127804038,14.2970223657044,0.374572179321298,0.44929370590124,2.99670317426868,3.97577143570318,0.0040769785903336,0.0004443774455816,0.0002380345243762,13.3527993172635,45.951574759401,15.0
0.375,29.9974613007986,1.06980525511654,1132.89823494595,43.3702316139095,2370.50086033799,130.58271419835,428.217065344209,2.56167245718099,12.6052515150591,1.73086005078177,0.4738020079965,3.31665653392452,4.21130730313501,0.0235550497490314,0.0022589504149985,0.0013176100698291,13.4869425366493,45.707164602447,15.0,3113.45720328215,88185.0,240,30.0021472968405,0.915403264194776,1136.1223205349,38.0969179221096,2377.69229897545,131.099312604865,429.772059760443,4.64875978158944,14.191053867391,0.4619298186695,0.45211471374668,3.01800424065446,3.99766413726932,0.0050306210922673,0.0005477565819722,0.000296796867668,13.3556532139097,45.8875389664951,15.0
0.385416666,29.9896850385317,1.0958775981522,1128.97744641566,44.0913608722364,2361.10264083943,130.135727168406,427.031709935647,2.38276907649484,12.5427977277499,1.99286940095438,0.485555180991059,3.3503333070315,4.23261289005004,0.0280235637345111,0.0025068249728443,0.0014417152916974,13.440320343454,45.5509244353262,15.0,3102.66735725003,88175.0,240,29.9974974568024,0.934541369192201,1133.51039564488,38.7780493953029,2371.11793676851,130.832363188405,429.134376807107,4.34958778326636,14.1227317680558,0.570569543951396,0.458301026961172,3.05286375176022,4.0156350997854,0.0062329800076399,0.000648203445029,0.0003504630422574,13.3490479047583,45.7941817538787,15.0
0.395833333,29.9829312488953,1.15087038738458,1122.36582877806,45.3474793274378,2346.07966622376,129.349675499562,424.705377095406,2.11312141083747,12.4042226574462,2.53052808721306,0.506991297795652,3.41294846204798,4.26437659424501,0.0392804966829328,0.0031817848050057,0.001795502207462,13.4139902888915,45.2756747178086,15.0,3084.84277623153,112305.0,240,29.9914270272969,0.965865302235379,1129.09665666716,39.8464965374785,2360.7965384453,130.346314087137,427.725062007088,3.92864827466681,14.0651339056334,0.797934344822201,0.468909907566579,3.10822445707751,4.03403371697116,0.0088045496310794,0.0008767204905333,0.0004755541620496,13.3455016519893,45.6241093808242,15.0
0.40625,29.9698809182146,1.24420483789038,1114.05763112831,47.7288698398953,2327.26366918204,128.302793380911,421.458127903566,1.79608469056027,12.1547479840235,3.51238888358232,0.551495150322044,3.54285871918706,4.30951506930147,0.0639762574614505,0.0045596924540525,0.0025004471095927,13.3782240465384,44.9083125068257,15.0,3062.78955295616,131380.0,240,29.9815145059747,1.02251850200845,1121.930571433,41.787347520123,2344.70367093794,129.511682515827,425.080910541232,3.25099283292139,13.9721636640962,1.32325803802416,0.491443006544191,3.21227377589743,4.05801336924661,0.0151480774678599,0.001385076688709,0.000751069855785,13.3398146871129,45.3317968358103,15.0
0.416666666,29.9666414472641,1.33488056498276,1107.52485120852,50.7276966194903,2311.65213518394,127.411697990364,418.588189202296,1.62046091941703,11.9672862424799,4.59258946477418,0.598313972881428,3.72152186166559,4.34226991138358,0.0947231002975403,0.0062374506598372,0.0033756927873188,13.3880853156653,44.5945918626675,15.0,3045.37437155045,127990.0,240,29.9718391105165,1.08782604255025,1114.35964655452,44.1491412453002,2327.54932023548,128.59154259616,422.037149022725,2.70355135888222,13.9842081931241,2.02912463768073,0.519848222131238,3.34678055888145,4.06670943158807,0.0247840323378243,0.0020655635028842,0.0011155952117574,13.3391601020692,45.0090793975583,15.0
0.427083333,29.9726885617884,1.44810218904757,1104.10519787904,54.3512331734709,2302.6901830084,126.861345305202,416.766196498891,1.47899805783033,11.652981918682,5.79444368646655,0.646524021973676,3.9398168819726,4.38217750084346,0.132629790788111,0.0082180911573619,0.0044456500447445,13.4782499739211,44.3992301721029,15.0,3036.88003952783,138900.0,240,29.9710885502669,1.16202736865831,1108.41714589503,46.9408402328524,2313.63456409159,127.812661248295,419.395869089382,2.31266592975464,13.9431820572242,2.92272812976613,0.550535724316312,3.51289522389993,4.07780786471944,0.0396649395418027,0.0030544974177727,0.0016451530405713,13.3643547640208,44.7351658199915,15.0
0.4375,29.9719962807397,1.58438548517966,1103.55771398823,58.8376323438949,2299.60058257945,126.59899758856,415.809701308791,1.35401350347496,11.2079020775725,7.13142514445141,0.705364297067262,4.21495647787084,4.43046083724464,0.176846059515071,0.0105095982646873,0.0057507856897985,13.5954016831102,44.3038071697573,15.0,3036.53132623401,147755.0,240,29.9721131138786,1.25161842429266,1105.24888011657,50.5908937772398,2305.49190075982,127.295099817292,417.586853548929,1.9969887569302,13.663240933431,4.11812576997553,0.589242637136937,3.73377825071119,4.11224261774906,0.065809684647647,0.0046610695771208,0.0025078133255018,13.4071938157775,44.5516382162979,15.0
0.447916666,29.9690322782927,1.74714578866372,1101.83767776362,63.992236828025,2293.31414083214,126.124583037484,414.06167283262,1.24914801155496,10.7237571166959,8.48046492380021,0.771296990546703,4.53995224476854,4.48046290772163,0.218037117451348,0.0126529482322941,0.0070415244611124,13.718374129605,44.1338156374302,15.0,3032.59809519849,159305.0,240,29.9708614811257,1.35430050755656,1103.48660401171,55.0293748161336,2299.93624414759,126.865069801381,416.020857484321,1.77249312563775,13.1847153899771,5.51089747577465,0.635291854710772,4.00878017366168,4.16494825894313,0.106499018340235,0.0069541991891238,0.0037538831547574,13.4604938464523,44.3971670252692,15.0
0.458333333,29.9694783354655,1.8923096831215,1098.19997099574,69.4379213651636,2282.10042959298,125.345996996395,411.240742479348,1.1843777473609,10.2739730527133,9.67270354359148,0.828596364908298,4.8935130270525,4.52682093795488,0.249130559334663,0.0142961336407019,0.0080812317110464,13.8176933386866,43.8571921381001,15.0,3022.6366901758,160855.0,240,29.9692328028666,1.45867315329925,1100.79115261717,59.8573318728861,2291.71966552861,126.246662059678,413.769484607724,1.63445968567428,12.6514232779975,6.87596677376911,0.682154866856496,4.31667544654511,4.22062873198474,0.154546996259093,0.0094527924947413,0.0051485462424638,13.508866064953,44.1753471279204,15.0
0.46875,29.9749991595789,2.00844931781808,1095.04903014545,74.9486292653153,2271.61087980796,124.586308882206,408.461237888238,1.14564779881589,9.86441892039531,10.5787733771345,0.862692353026174,5.25007067666397,4.57011259393352,0.268607410633865,0.0153305778445548,0.0087598092150988,13.8876981854807,43.5868753785926,15.0,3013.68222102583,160900.0,240,29.9717359874512,1.55795343752085,1097.47368213464,64.6822004417805,2281.64766660538,125.501892500406,411.054154544767,1.55350443095549,12.1677581339416,8.00522721838813,0.719738781639878,4.62931244126642,4.26966815163083,0.196926480482162,0.0114975521645357,0.0063258615960628,13.5454720436344,43.9086309063976,15.0
0.479166666,29.9799152136605,2.09923087954922,1094.3072753213,80.450096046159,2266.07586826672,124.089410013559,406.542683956444,1.11988480242386,9.51465028758535,11.0756305778636,0.877965006726039,5.60142496356054,4.60774402987769,0.279423857081601,0.015930819264246,0.009172588126824,13.9171055481429,43.4078657097413,15.0,3011.15489948544,159345.0,240,29.9762368717098,1.65208004091501,1095.27379248642,69.4841289159655,2273.67302726585,124.8571138075,408.65217622339,1.49928803645204,11.7425193669361,8.79610739816487,0.747480363383343,4.93899556945795,4.31254898696076,0.228370086722738,0.012933004911168,0.0071825634658761,13.5661766861092,43.67660789489,15.0
0.489583333,29.9888876873988,2.12276618324241,1095.74626424754,85.0079990827759,2265.7590361718,123.890444096861,405.595988257673,1.13037766054661,9.30992251676057,11.0926462044747,0.86845612129806,5.8872106344669,4.62751140882401,0.284020203102921,0.0160779389053365,0.0092780810889568,13.9132023014382,43.3322839680565,15.0,3014.49901186853,140235.0,240,29.9817934912949,1.7194930309147,1095.08389950756,73.4274080676795,2270.2293214514,124.477321242899,407.094991127312,1.4764316865185,11.5270679443711,9.05395983591364,0.759498796778128,5.19278349581154,4.33003248714435,0.24381349999532,0.0135931091834121,0.0075885804490838,13.5610368095348,43.5372167937377,15.0
0.5,29.9997038969108,2.14734847673311,1099.19817350655,88.6096419375395,2271.37964496716,124.032135739926,405.787692291711,1.13183571560947,9.15107078149872,10.912417641333,0.848874497964768,6.09174405272489,4.63850652621618,0.283166259645551,0.0159986262946448,0.0092351693532037,13.9358117148931,43.3757746824516,15.0,3024.28729734401,133475.0,240,29.9910559631411,1.76946352250171,1096.72275219753,76.3702038280597,2271.62411788406,124.383882735241,406.47554674497,1.46242579611339,11.4612195349982,8.93250948540138,0.760607132866751,5.37377030827957,4.32822976822031,0.245433664362444,0.0136439020354961,0.0076370002287999,13.560234004479,43.4982862097248,15.0
0.510416666,30.0014118799454,2.18379366542448,1104.44536635365,91.8024005523096,2281.58837299269,124.429654772743,406.825573394414,1.11604967903383,8.99587195938454,10.658310918383,0.838092846071546,6.263620541295,4.64667085054811,0.280551926426019,0.015955891262338,0.0092351100152433,13.9566649547107,43.5087863480274,15.0,3039.45011581038,133450.0,240,29.9977682785087,1.81692669529442,1100.25863564423,79.1418299629496,2277.89839936438,124.555794500567,406.756052603642,1.44073514393581,11.3540935880045,8.71406654853426,0.76282246329586,5.53169525976637,4.33017840640017,0.242819271308724,0.013537814409049,0.0076014142237358,13.5676305303124,43.5523875684911,15.0
0.520833333,30.0000063785854,2.20174576200775,1109.73650729076,94.2008079714222,2291.97450267599,124.844532014531,407.90694744289,1.10971495056936,8.92240181287856,10.2741458357478,0.829996150878973,6.39474428140341,4.64526913258939,0.277010864774818,0.0158382450272591,0.0091852139374166,13.9503158196853,43.6479193398441,15.0,3054.23341255158,127860.0,240,29.9994103373453,1.85342169986763,1104.94449631402,81.4743231686821,2287.07489455535,124.890825992073,407.576764620934,1.42316213112001,11.2699892050135,8.39602017090808,0.764987896244851,5.66143793075321,4.32874941177358,0.237561685967277,0.0133219580773109,0.0074985683949209,13.5659719178642,43.6637066057319,15.0
0.53125,30.0004572142297,2.21688163697929,1114.21745849828,95.9306103462142,2300.87043262528,125.182602988068,408.743501089299,1.1038817230764,8.88701620846075,9.81495457512856,0.821882528635673,6.48765458895212,4.64055239367919,0.270919021691083,0.0155811238066316,0.0090394272954009,13.9465182668886,43.7606535729132,15.0,3066.52894434004,127480.0,240,30.0000147604975,1.88028762444996,1109.64842402079,83.2167818042883,2296.50145348477,125.246846502965,408.46793090889,1.41172515859551,11.2355670494973,7.98068005206458,0.765484878215729,5.75788338207726,4.32235853285866,0.227978317863429,0.012907985012678,0.0072736875995197,13.5634239602271,43.7828447837346,15.0
0.541666666,30.0032987870048,2.20039777727131,1118.07211992297,96.6413947669882,2309.00092719387,125.489141152136,409.475954588858,1.12242251136888,8.93624124663367,9.28292820446098,0.810794854892774,6.52151224392811,4.62456218853148,0.263462921345291,0.0151402426902792,0.0087635850035362,13.9253064683594,43.862704576176,15.0,3076.90668165075,112005.0,240,30.000853351085,1.88804887024807,1113.77502293324,83.9504592650927,2305.13609574608,125.577426067145,409.263753136658,1.4184004005566,11.3318672636586,7.43666404592105,0.762531819341788,5.79600592171405,4.3001284052066,0.212252553865415,0.0121832989419096,0.0068535241019276,13.5471613345983,43.8937793028617,15.0
0.552083333,30.0034502906179,2.23350730657284,1122.28163920473,97.7017741981837,2318.22047132169,125.849116406646,410.428056595632,1.09604408003517,8.85010463507146,8.88000674963797,0.804817728140968,6.56822157813913,4.62651221705007,0.25380117706873,0.0147804549705548,0.008551507234898,13.9646247556793,43.9845688504733,15.0,3088.84921993301,132775.0,240,30.00345633294,1.90645657882637,1117.91157859788,84.9123474253538,2313.92427203474,125.907085136714,410.102448756823,1.41184672223332,11.3024628538251,6.98656410766733,0.760337399643599,5.84405327112045,4.29543790578286,0.196409459530242,0.0114526608446843,0.0064371900806136,13.5614109858446,44.0052574257843,15.0
0.5625,29.9933639693965,2.25593117191626,1125.75487683698,98.98435730165,2325.11834399964,126.07036390768,410.895629267777,1.08657737436838,8.81575040741588,8.52695014830507,0.812726384645688,6.6415733820435,4.62542382016156,0.248521620749573,0.0145868183913874,0.0084540886226771,13.9287469110961,44.0580413177083,15.0,3098.16120947357,129525.0,240,29.9991829881156,1.93201816801477,1122.14629924602,86.4602197256411,2322.74102071964,126.21921032414,410.911257981204,1.40034358362387,11.1433794539883,6.67227544454264,0.765250459030637,5.92709832427449,4.30891462789037,0.187455025418328,0.0110365188429946,0.0062071228372098,13.5599594168469,44.1108631185284,15.0
0.572916666,29.9949599275002,2.25316184875635,1126.7572508381,99.3919315357687,2326.83250198342,126.006827723263,410.43292926014,1.10019622188583,8.85239584792951,8.15836277304258,0.813295844533516,6.6700883548591,4.61693456802177,0.241393956288634,0.0141560678684836,0.0081815852958374,13.9062038194779,44.03234172771,15.0,3100.0903373013,121550.0,240,29.9956092568194,1.94055761073025,1124.83528523933,87.034765655135,2328.25026987699,126.362299543373,411.129701976444,1.40925409219956,11.1654438179895,6.28094316215039,0.767385935725494,5.96208684637638,4.3014130143209,0.174194497203304,0.0103824733569011,0.0058277459510214,13.543910333415,44.1578607996943,15.0
0.583333333,30.0006662136461,2.2463595841841,1127.89185293862,99.4123595837547,2329.65756085828,126.002858808844,410.199928837405,1.11355317475917,8.83629759550099,7.82575672908699,0.808442035087303,6.66696702000361,4.61287456027296,0.232584732350265,0.0136450389609841,0.0078555871156665,13.9186445744019,44.0281375680371,15.0,3102.89452394621,117020.0,240,29.9972773219272,1.94016381713092,1126.32586480681,86.9515456399804,2331.54054564625,126.39013474574,410.973970813891,1.4289209154961,11.2514938384806,5.86970612318319,0.765593248956744,5.95797336653775,4.28620458527674,0.157490874141991,0.0095330250626619,0.0053316271631239,13.5364482454559,44.165307790098,15.0
0.59375,30.0059040888803,2.21277891221959,1130.47610927122,98.675326838192,2336.4421073967,126.225879821012,410.718327253206,1.14092181657494,8.84236264725324,7.47821020751447,0.798610337414867,6.61592911535403,4.60233303571261,0.222639283110628,0.0130580210630168,0.0074835710226424,13.9293034846693,44.1037325625542,15.0,3109.98111235717,102800.0,240,30.0007948800694,1.92471794945756,1128.00107286463,86.1139838652664,2335.91729179745,126.490531626533,411.058164960681,1.46262036552923,11.4066160860304,5.41555512738536,0.759679884633264,5.90631493019932,4.26019403771793,0.137854523411343,0.0085098087869886,0.0047369071527351,13.524143823308,44.1988409415462,15.0
0.604166666,30.0124725740954,2.16438213110736,1134.25313191467,97.0073125789623,2346.56819050113,126.651762471767,411.914509991661,1.17079733305709,8.87568417842517,7.0920338810803,0.781600316320114,6.50872374415671,4.58487717827915,0.209367017533782,0.0123216295491361,0.0070208081333027,13.956407342818,44.2509218975928,15.0,3120.48437201684,93660.0,240,30.0055437343006,1.89285085546325,1130.40120253816,84.3864910027447,2342.54793293302,126.736355273034,411.617577222566,1.51235795400333,11.6516822489703,4.89442789874067,0.748242794997009,5.80085164770904,4.22011718559003,0.114865447679214,0.0072750155027316,0.004026928732764,13.5120343269079,44.2839927925223,15.0
0.614583333,30.0078180715778,2.18159549754897,1139.7464199981,96.6521507739871,2360.12110957586,127.25583838783,413.754191577167,1.1298448622641,8.65187466517082,6.96151356915731,0.772719123383399,6.47130635596871,4.60244391689736,0.203660610304137,0.0121387358889266,0.006914519891783,14.0505729416022,44.4613555273293,15.0,3136.4932993802,126600.0,240,30.0093148977146,1.88689098688811,1134.42778328581,84.0686350834235,2352.56243413117,127.139082026232,412.790379451267,1.51622542575877,11.4890163488113,4.69574882061164,0.740114567013628,5.77124635113522,4.23113950731315,0.107119131560236,0.006847355323564,0.0037857843689683,13.5515146071451,44.4240292353295,15.0
0.625,29.9922126418653,2.16344148980615,1143.49399725649,96.3366712677238,2368.79082208498,127.598182960996,414.661410854567,1.13388969477139,8.65983847352318,6.76949626480383,0.776865597341526,6.45351708613213,4.59902554619984,0.203520604485647,0.0121741504787909,0.0069550518827053,13.9711677236017,44.5799788074744,15.0,3146.59579742417,115230.0,240,30.0019131708598,1.88530984713375,1139.23445705302,84.421976496284,2363.93338117261,127.606001887265,414.183130494049,1.50565338093239,11.2220478846909,4.63556814188148,0.739681943677816,5.7831140547166,4.25790461558085,0.107117759167117,0.0068700381115144,0.0038071966757767,13.5456594656536,44.5863365305978,15.0
0.635416666,29.995805311278,2.12693710883322,1143.26963289651,94.9573200489843,2368.9649790874,127.49515664676,414.114359790508,1.16652035759171,8.83360002798493,6.45231688927792,0.767507111714985,6.37859002889052,4.57762580912404,0.193291850816885,0.0115684608601879,0.0065770690363159,13.9159276696544,44.5434327515201,15.0,3145.00866091626,106785.0,240,29.9969292221715,1.86315094888549,1141.72488856877,83.3945212617704,2370.19072317597,127.829882354639,414.70885594287,1.53999548374483,11.3287639077419,4.34171398165006,0.73383794207158,5.72503305579287,4.24164469330685,0.0957049636056629,0.0062342593139586,0.0034478766058177,13.5150298086058,44.6643226820456,15.0
0.645833333,30.0012795892633,2.11326173292924,1143.12401600785,93.9280800643678,2369.70824660031,127.421993253288,413.723075232645,1.17700297348369,8.87965077893838,6.23441830391245,0.75776180419989,6.31356812103457,4.57068998785855,0.183766164890476,0.0110415633158261,0.0062499272236551,13.9152928383208,44.5178381094955,15.0,3144.31743695097,112435.0,240,29.9984640416586,1.84452096098542,1142.4885215751,82.3120337355336,2372.67442901859,127.85374409337,414.60579167356,1.57836184719677,11.4386930479316,4.06858338525282,0.726557167152566,5.6617742774586,4.22696083420054,0.0850174482028433,0.0056158440695217,0.0030977706984006,13.5084409745084,44.6727931147097,15.0
0.65625,30.0042566646824,2.06442521918363,1144.53161766885,92.308179386536,2374.19523992572,127.566156294037,414.029122092176,1.22142493324983,9.01101613244123,5.95766392528071,0.748033314535707,6.21598084837125,4.54965809762191,0.172510411252755,0.0104073196761295,0.0058663459208338,13.874779216755,44.5681832448282,15.0,3147.89887395911,91105.0,240,30.0005478450584,1.81350426972509,1143.20828516689,80.7199011542967,2375.41973618345,127.908583766024,414.6020247539,1.64085340423797,11.6453412375885,3.72828815996119,0.71834759561424,5.56702279027753,4.19843777245444,0.0722093729256,0.0048581549414382,0.0026711065682747,13.4841064658158,44.6924195364232,15.0
0.666666666,30.0122209336141,2.01200398372653,1147.11771971914,89.906051520111,2381.72754345413,127.896460075908,414.965433756756,1.2599821608945,9.15388268675782,5.64229609043727,0.730440732637057,6.07317982161125,4.52323381301156,0.156040024219268,0.0095015698898953,0.0053184816918587,13.8905029147985,44.684097038293,15.0,3154.72297917326,87210.0,240,30.0046859042643,1.76647789152557,1144.53213429673,78.2931562435237,2379.86568239163,128.081871907803,414.978900106438,1.739989340093,11.9816635161627,3.28221279363874,0.705089055246456,5.4245239335621,4.1506168328511,0.0574987081891988,0.0039556105542086,0.0021650760140569,13.467964264804,44.753690446157,15.0
0.677083333,30.0141073924174,1.97970069224738,1151.35744435116,88.0491710785716,2392.86263025892,128.422534766429,416.596351302389,1.2633568412624,9.12051880335804,5.48266885555647,0.716528621872281,5.95763202439742,4.5182543423661,0.147967085906986,0.009070247921658,0.0050597558958934,13.9400969180268,44.8685559737762,15.0,3166.61751579843,96230.0,240,30.0095455989811,1.72834469536695,1147.01621684636,76.4607976401315,2386.79821288023,128.383904648198,415.845308014983,1.81147224800573,12.094696568076,3.01496108595475,0.692555018272724,5.31345132527644,4.12971125117003,0.0500912630459249,0.003500517219235,0.0019142398781747,13.4790712439116,44.8598032466865,15.0
0.6875,30.0083065882882,1.94407098296133,1155.88907126136,86.3610434167631,2404.44592740768,128.976051989568,418.312531801424,1.26891111226589,9.10538322069874,5.37895424505825,0.709392965092062,5.85406693444407,4.5140611196951,0.144809336420221,0.0089226550825578,0.0049766695519123,13.9377552734861,45.0624254150107,15.0,3179.28528846886,95985.0,240,30.01029150444,1.69726011439298,1150.71785839479,75.1344951311272,2396.32711500115,128.8229712989,417.199952876261,1.84701386821922,12.0530609264656,2.89256147816741,0.683114316984709,5.2304345916739,4.12839517874063,0.0469214113793319,0.0033115769958272,0.0018124281767992,13.4839384028615,45.0136927294476,15.0
0.697916666,30.0037498991143,1.90896616570307,1157.88206174792,84.5101852460676,2410.42344958473,129.231236641907,419.051985885864,1.27918392198162,9.15557065399552,5.29778266489536,0.702881365941385,5.74416846797561,4.50543105687462,0.141253094345346,0.0087371456803242,0.0048672298618189,13.9252087152496,45.1520750767517,15.0,3184.68824563743,98185.0,240,30.0077783146371,1.66588881949214,1154.19435004077,73.7802747521462,2405.3347123643,129.240822449213,418.485810735275,1.87730112713391,12.0280837663227,2.80524216374969,0.674505258627017,5.14763100859301,4.12671409008508,0.0446442713893047,0.003175404409062,0.0017386389302016,13.4818341768457,45.1601059449705,15.0
0.708333333,30.0019841258302,1.87091664876215,1158.04825483792,82.651436148134,2412.34748448278,129.272506064033,419.097633915654,1.30078263006568,9.24729128899775,5.21707763775251,0.695229764871587,5.63478049522497,4.49362942492334,0.136974376300725,0.0085048270081845,0.00472980619498,13.8995297010601,45.1669842821629,15.0,3184.93822479801,95070.0,240,30.0049407235228,1.63322484545946,1156.2259583712,72.2917376496817,2411.17284301012,129.495995969245,419.235731959952,1.91406328498774,12.062517909408,2.7207876554963,0.665848413637413,5.05851882850937,4.11967103193614,0.0423210921661172,0.0030303718326516,0.0016582617248248,13.474026858435,45.2496391687749,15.0
0.71875,30.0034710502615,1.83216726286489,1158.07648857808,80.8130034448439,2413.87761471561,129.303246792219,419.11993602636,1.32807094939025,9.36069500728905,5.08965218469548,0.684476392064428,5.52688412750786,4.47924066707426,0.1303782083596,0.0081409002551717,0.004515770762662,13.8780971765468,45.1783458042763,15.0,3184.77647652104,92400.0,240,30.0037551336835,1.59831852107571,1157.16924842159,70.6365112816036,2414.60103900362,129.632771092745,419.595797910704,1.97029143112098,12.1709931756079,2.59575112916941,0.656170388519922,4.96069007654058,4.10445882078986,0.0391445605137579,0.002826683613601,0.0015448739550065,13.4642101147603,45.2978014212804,15.0
0.729166666,30.0055367367466,1.7965502716966,1158.51412556678,79.0779570382462,2416.19261956263,129.388660625253,419.339618407796,1.35537410533387,9.46846414854831,4.91949504281312,0.672633336128334,5.42426705809238,4.46541125125624,0.122648754483985,0.0077158584315928,0.0042692535192998,13.8603099920144,45.2089669280461,15.0,3185.79146109656,91040.0,240,30.0042280772156,1.56420380791671,1157.74038708478,69.005430665559,2417.12928174209,129.730185178041,419.840953038425,2.0387646022015,12.2946567712487,2.44653096069026,0.646089729656857,4.86417928177007,4.08789711252179,0.0357088848306534,0.0026049835258104,0.0014222086359925,13.4565305999792,45.3322407415392,15.0
0.739583333,30.0061205058551,1.76681590553583,1159.1706116849,77.5101932990919,2418.86532618353,129.502300901912,419.672273415472,1.37661844929976,9.55314142168562,4.75123555263671,0.662776155697207,5.33058078220825,4.45506144209524,0.115696036346563,0.0073324448861019,0.0040489378658525,13.8461612160163,45.2495456632142,15.0,3187.4776883611,92735.0,240,30.0051682923594,1.53404802570207,1158.32696507272,67.5707726254718,2419.56479394284,129.827773816761,420.113454380654,2.1058868915568,12.3788039188423,2.30933768262709,0.63691332439858,4.778428632204,4.07701486852731,0.0328083898433198,0.0024193128444628,0.001320483861772,13.4524451962855,45.3667954848427,15.0
0.75,30.004821897421,1.74021766572746,1159.51676182109,76.087408303879,2420.74820233639,129.579360458796,419.895252972995,1.39664578747858,9.63752428612829,4.60773270089635,0.655470619051658,5.24511908624055,4.44601418067391,0.109979289985297,0.0070182246918198,0.0038702071719636,13.8243820522319,45.2773328385369,15.0,3188.32823904876,93330.0,240,30.0053210673058,1.50788811908272,1158.88755019513,66.3366601326176,2421.82791685966,129.920262025989,420.392141727642,2.16537272101618,12.4256131334138,2.19698736362072,0.629162939704702,4.70384093113861,4.07182999158145,0.0305455264267483,0.0022739048340791,0.0012410332110552,13.4478338680294,45.3996291993878,15.0
0.760416666,30.0034678470491,1.71578775338485,1159.23622235261,74.7535894627471,2421.19290136332,129.582566059632,419.88057822194,1.41671391328622,9.73305276239387,4.50225675641153,0.649980504711261,5.16514700600266,4.43643206979286,0.105243221203001,0.0067528688794047,0.0037185132237057,13.8024746108947,45.2792438505264,15.0,3187.44382598309,93350.0,240,30.0046431935872,1.48378487520277,1159.15555934592,65.1919875341919,2423.37206259158,129.979546826866,420.57246894317,2.2227792991105,12.4736025720711,2.1003051222939,0.622448230407283,4.63449769797235,4.06746176554537,0.0286540293981133,0.0021505406789851,0.0011732216694946,13.4419245283573,45.4208852980903,15.0
0.770833333,30.0028245908031,1.69368269195839,1158.70758299495,73.5434668590231,2421.04571775174,129.554559159004,419.76933624409,1.43333843943099,9.82001471425095,4.4520012913395,0.645524135841192,5.09263993740169,4.42795881768756,0.102223082968236,0.0065796302405754,0.0036178293430323,13.7875626304783,45.2700907919742,15.0,3185.91806535059,93270.0,240,30.0038190828694,1.46153880678576,1159.04130048113,64.1197374224248,2424.02474782786,129.995091343902,420.614272120424,2.2734222022727,12.5298165433094,2.0300688178554,0.616461583700422,4.56955527762637,4.06267845556783,0.0272835854909686,0.002061239557535,0.0011238208791338,13.4371566933393,45.4268171918186,15.0
0.78125,29.9977339607813,1.70614611353843,1158.02852118717,73.310386677929,2420.25521813156,129.470789242842,419.521196124092,1.38659174277436,9.72067212344626,4.6516420543751,0.648044830183762,5.07402549575341,4.44534326612335,0.111166664283148,0.0070690727049569,0.0038888840085419,13.8008016167086,45.2408872957778,15.0,3184.37024899452,115685.0,240,30.0022073789272,1.46007433147276,1158.67055069502,63.9391346420085,2423.89121239151,129.94857735252,420.495266371741,2.21379492535249,12.3821817722779,2.19054573023119,0.614647497549861,4.55452921534909,4.08596772638243,0.0302526044670309,0.0022890830462513,0.0012534447415999,13.4529845846913,45.4108998979191,15.0
0.791666666,29.9881929596136,1.71393151724182,1154.96590398361,73.5011646345134,2413.77322362924,129.074396640282,418.210962913626,1.36495798093002,9.71276749567579,4.90859128554547,0.658106465561183,5.08472829961766,4.45536082711855,0.122469249956329,0.007721182561308,0.004264194966028,13.7381577014614,45.1020338460839,15.0,3175.97076423552,112545.0,240,29.9958097531378,1.47026585126475,1157.44934463067,64.326664034782,2421.66175646532,129.77964807424,419.959002554083,2.09895614794206,12.2129556464074,2.46843352300864,0.618478755049625,4.57315896905796,4.11437644834121,0.0355428661558786,0.0026466165241478,0.0014506111108831,13.4468303853482,45.3520125437112,15.0
0.802083333,29.9898941999229,1.71823173783197,1149.08744976795,73.5017995229522,2401.10342976061,128.354769578732,415.814690442594,1.37083719807549,9.80283642957717,5.04008944116812,0.661774015774142,5.08635931664689,4.45285582871985,0.126665766870838,0.0079430973252751,0.0043878875025184,13.7013936327246,44.8504473615697,15.0,3159.5344398258,110155.0,240,29.9915863009129,1.47465016765987,1154.06977859354,64.3577995715093,2414.60367924292,129.364285426514,418.55989431983,2.05369679984114,12.2483811190332,2.62691798896797,0.62088576550991,4.57482362628869,4.11762834103438,0.038557374800587,0.0028385287645562,0.0015529705502109,13.4333284080414,45.2068702231642,15.0
0.8125,29.9939293533798,1.73304884894774,1145.75836986996,73.8900383151389,2393.90274502059,127.92631367186,414.368470196061,1.36898636841706,9.8271882865666,5.07263884739318,0.665262913081093,5.1081881438065,4.45582472502982,0.128422714597463,0.0080307789710906,0.0044374666921074,13.6988357178651,44.7008312715723,15.0,3150.41007625889,112445.0,240,29.9920778533431,1.48225413926097,1149.85662500247,64.4815229367117,2405.62606956051,128.845082536057,416.810759660987,2.03161265700614,12.3060408992205,2.72445026815513,0.623262698687287,4.58164645205462,4.1176768362997,0.0405050568663256,0.0029642598357124,0.0016206656782142,13.4312819169441,45.0254347328727,15.0
0.822916666,29.9986911061082,1.71934516462217,1146.16534116831,73.8943197462073,2394.99642216502,127.952604601207,414.368042603064,1.40353345962283,9.92573969133395,4.95880102025958,0.665011428350184,5.11026242519151,4.4447677176988,0.12224193283376,0.0076988466766717,0.004250454499495,13.6982048431568,44.7104301017211,15.0,3151.56537028915,94380.0,240,29.9942321868187,1.47831060370279,1147.59123144349,64.2373000667386,2400.97210490704,128.570281319542,415.825193263466,2.06884074673993,12.4754233029182,2.63205102064482,0.623598095911357,4.56814994254829,4.10014528276318,0.0381815019540808,0.0027934243476954,0.0015222370972049,13.4226219608034,44.9296020642222,15.0
0.833333333,30.0052026992089,1.72009460416111,1148.58728662374,73.8621530964468,2400.76558925151,128.230627934834,415.217521787262,1.39990643110334,9.91810462375896,4.90150065998546,0.659441784939626,5.1067953326458,4.44307192877515,0.118463653296793,0.0074637707124682,0.0041093379431844,13.7516341898042,44.8080025036246,15.0,3158.60338589807,103370.0,240,29.9990163170652,1.47183218191133,1147.4917657144,63.9211646804652,2401.11817972306,128.553661667342,415.691367333624,2.11712110309249,12.6079605109312,2.51205806450813,0.620935376115374,4.55029050044821,4.084154683506,0.035809982075324,0.0026376167425394,0.0014362716777468,13.431687718114,44.9240329228817,15.0
0.84375,29.9985726985947,1.75336337380372,1151.90842439972,74.856944597805,2408.21447036371,128.575946719662,416.318368207241,1.34299568477887,9.72706780081094,5.07952460214373,0.668078658639322,5.159503038866,4.4655517245737,0.128554269895674,0.0080245501662642,0.0044318431380862,13.7864530548975,44.9284558988635,15.0,3168.60195764025,120725.0,240,30.0010940464953,1.48925084766889,1149.29260037154,64.7829332177447,2405.24517670082,128.716938213796,416.209699368564,2.04974706707477,12.4071011676556,2.67115133825542,0.624491604947165,4.59705167237143,4.11001262950208,0.0395437821782573,0.0029037159920175,0.0015884272369956,13.455597785165,44.981218413562,15.0
0.854166666,29.990184272231,1.7671662357691,1152.45589922165,75.706459946045,2409.20097084548,128.569995606889,416.215605108273,1.32698402808136,9.69853295934512,5.26541919413105,0.681871005294989,5.21322906016589,4.47120004693196,0.137317673869317,0.0085256707570067,0.0047274187126988,13.7575026658321,44.9258950828578,15.0,3170.3061193584,112590.0,240,29.9959704732945,1.50744179267647,1151.24983545541,65.7944483698259,2409.58420504289,128.887051467097,416.718990161562,1.97242424471377,12.2438362930147,2.86738473320625,0.631998083661035,4.65528503735606,4.13153143417338,0.0439990398146986,0.0031902196458183,0.0017470228915982,13.452803937867,45.0406483639571,15.0
0.864583333,29.993119966981,1.78164832395894,1150.28455875661,76.2748704106537,2404.48280670879,128.254160788747,415.096713066527,1.31728954345627,9.69264148843449,5.46883365156019,0.688235882351299,5.25024231988839,4.47337471236194,0.143080860427368,0.0088174977615829,0.0048901572806636,13.7696503833024,44.8150709892771,15.0,3164.40613554045,114015.0,240,29.9934194780187,1.51840997631882,1151.26257991786,66.3413634744802,2409.66709898314,128.835633759367,416.46079557732,1.93376678740092,12.2356909231525,3.00562839937563,0.63667786429638,4.69042238048484,4.13378285646358,0.0471485859192464,0.0033835906766086,0.0018510494032648,13.452622201214,45.0224731341658,15.0
0.875,29.9967811036283,1.79001661969801,1148.80530522706,76.8607434968461,2401.55587737519,128.029724994327,414.275143365723,1.313385739879,9.65050244761273,5.67544668518629,0.692425153716462,5.28505319917203,4.47692810655553,0.149203324735859,0.0091360039498268,0.0050717949992179,13.7885806163816,44.7360086932916,15.0,3160.69710236433,108900.0,240,29.9943998599587,1.52734425883877,1150.12531170615,66.7581377373615,2407.38889677672,128.655461046974,415.769397685225,1.90252786525578,12.254868074257,3.14707609110823,0.640164608132042,4.71699081128664,4.13125278031051,0.0503110547623976,0.0035754228046069,0.0019538557371231,13.4559887381771,44.959120405865,15.0
0.885416666,30.0027297551299,1.77335204776476,1149.02582838692,76.8091084040362,2402.75553627999,128.040067200943,414.19860012047,1.33369736514358,9.67755687408281,5.75893932693489,0.68805439483169,5.28272424077232,4.46783070771553,0.149377945616349,0.0091344099236701,0.0050669237094306,13.8071822529489,44.7390426225628,15.0,3161.6761372612,95335.0,240,29.9973479191392,1.52216582372505,1149.39147751745,66.5503983879137,2406.3264437828,128.556289574876,415.309943393374,1.91256072645512,12.4015450193981,3.14967676276108,0.638955467144444,4.70697389360615,4.10929088710294,0.0498119326956939,0.0035297931573823,0.0019240988567489,13.4517891627923,44.9240434838042,15.0
0.895833333,30.0009197400681,1.82734621221063,1150.92393502305,77.9286047823526,2407.49807591049,128.215164203966,414.724463084798,1.26026210360686,9.40184123457372,6.11599284266257,0.695628145385299,5.34137204413757,4.49622117415465,0.16214153249842,0.0098153437640132,0.0054589882532681,13.9005498410597,44.7994228085751,15.0,3168.06724935993,131055.0,240,30.001296720922,1.54196671081816,1149.77911529883,67.4156406716175,2407.64362337586,128.550257215732,415.224649619394,1.8407180987167,12.2076134890768,3.44346644692868,0.642310920249476,4.75492336791786,4.12938395773821,0.0579063962062644,0.0040448711980248,0.0022100742994743,13.4921263040559,44.9210972221102,15.0
0.90625,29.9869527158677,1.85258048420148,1151.35783548187,79.4044278036506,2408.13567164608,128.158037319365,414.41716449198,1.23507370312156,9.26860896733774,6.44440190457811,0.718386088679867,5.43469070763335,4.51134708949398,0.179195383659283,0.0107765402224106,0.0060464185226076,13.8617802412257,44.7779697025373,15.0,3169.68832983411,120480.0,240,29.9949524228397,1.57210435344264,1150.87505572444,69.0857693078417,2410.24099726795,128.58729026613,415.280804948478,1.73664929113699,11.8754379031207,3.89919936218791,0.655288674023614,4.85115429209241,4.16761203418314,0.0715372458551917,0.0048805055926472,0.0026757489409845,13.4983657784783,44.9327763232234,15.0
0.916666666,29.9916441267968,1.85909638717846,1148.22398247378,80.0867066202797,2401.15310266129,127.704362050234,412.788198758915,1.24347190163622,9.2848886916015,6.56196266144793,0.72155805412407,5.48395376909673,4.50938213797212,0.182858288970521,0.0109420559863773,0.0061426196955895,13.854176075229,44.6183506704021,15.0,3160.93102742618,115355.0,240,29.9913027406134,1.58443639479909,1150.15035848965,69.7850390998917,2408.7375439159,128.428148518696,414.615589426853,1.70894910998851,11.8526087931604,4.0771918438849,0.660799566384432,4.89894626812999,4.16827835745935,0.07687663614648,0.0051907269194489,0.0028457886592568,13.4891336795107,44.8759346439112,15.0
0.927083333,29.9986048259548,1.86675554586873,1146.20075898305,80.731612644894,2397.10028815834,127.409113697897,411.687523301565,1.24897472909956,9.25529332587931,6.63464151750039,0.719841031793013,5.5220815480488,4.50988155077714,0.183729188133901,0.0109609034593185,0.0061495153557987,13.8719529491122,44.5142452074122,15.0,3155.73265649487,111940.0,240,29.9939743770717,1.59319897961961,1148.20253487783,70.1756131885116,2404.72454445526,128.139984320078,413.517709594251,1.70398222271262,11.8942972650372,4.14370415084652,0.662737365221809,4.92642101526362,4.1604605185987,0.07857576661019,0.0052800254526505,0.0028922783428286,13.4896700976078,44.7741416210236,15.0
0.9375,30.0061151168156,1.82874107739609,1146.84508919525,80.3244773010696,2399.45593719388,127.482315814712,411.756578133224,1.2944783673525,9.3659618309172,6.50457892866254,0.707085002939893,5.49864686420321,4.48787393545498,0.177351712862304,0.0105978190939825,0.0059293747757436,13.8609092671064,44.5388812752542,15.0,3157.80245918504,87415.0,240,29.9984013844212,1.58050855719722,1147.20813726718,69.5950207078387,2403.28734339481,128.019250171735,412.924900917462,1.74511425189874,12.1415115685011,3.96049135749643,0.65800234973925,4.89538255553775,4.1233729749582,0.0717617490029573,0.0048650771498614,0.0026577201244151,13.47107020066,44.7312333121672,15.0
0.947916666,30.0073933633717,1.87385968174196,1150.01658651485,81.0628154570922,2407.23081098093,127.830145160886,412.805815924811,1.23142256363849,9.14602857750489,6.63798548593112,0.703001788255225,5.53256864638973,4.50727505995641,0.179801258750094,0.0107507313531812,0.00601585932998,13.9718866594266,44.6598577186806,15.0,3167.70452381794,129070.0,240,30.0048132724846,1.59117872140672,1147.95568490702,70.0188706219995,2405.58952689862,128.071193710059,412.977996397919,1.72571412698028,12.0448319186026,4.02804756232359,0.655970305768033,4.91730108676388,4.1287036198568,0.0745825204475755,0.0050286738248759,0.0027488590782381,13.5123700694757,44.7484164745249,15.0
0.958333333,29.9911220416504,1.88675733696722,1152.63609608145,82.2452259841623,2412.79112161015,128.05366282463,413.372164092722,1.2158229098679,9.08768236057584,6.75468903249285,0.718928473994729,5.60489524180539,4.51230225052451,0.190958705163287,0.0114045856379857,0.006430949146927,13.905842948475,44.7365567588701,15.0,3175.37612051398,116240.0,240,29.9996498072509,1.61466701434239,1150.36850473059,71.492104209172,2411.21344407207,128.27508801147,413.553883686678,1.66433760000703,11.7338352831356,4.30234920664615,0.664818319082086,4.99931805150029,4.16252129565046,0.0849477307403883,0.0056544153718011,0.0031047830622892,13.5151297381746,44.818355205474,15.0
0.96875,29.9923149149209,1.89766581891696,1151.08837260044,82.7819238060441,2409.12700116937,127.790960681849,412.342129798712,1.2147049197712,9.16796367542073,6.72705169540569,0.720520018329239,5.64415648645295,4.50432963569181,0.191370222323366,0.0114172120909031,0.0064393232158201,13.8766739854584,44.6437479392946,15.0,3170.83060199679,120490.0,240,29.994673445775,1.626037622103,1151.33603738091,72.1791811853907,2413.38944068409,128.316556566595,413.531667780553,1.64718579551891,11.703173001208,4.36552292304394,0.668758553410358,5.04399520618286,4.16456186297691,0.0878471584126246,0.0058241048169963,0.0032016977082456,13.5033316250629,44.8316527164596,15.0
0.979166666,29.9959479174633,1.89991184598699,1149.05739716926,83.2709353558434,2404.6617281855,127.483143024537,411.1783488931,1.22943973319905,9.23996846555631,6.61358807394157,0.71979308410306,5.67572165745757,4.49629458471093,0.188735311514989,0.0112564336414336,0.0063440804209527,13.8483469229593,44.5353549216221,15.0,3165.1401806624,112010.0,240,29.9942866485895,1.63400300135706,1150.42585882782,72.5795178710035,2411.43268406991,128.142034887427,412.79541842656,1.65146542757451,11.7650709960302,4.31946148933967,0.670889852089164,5.07169583687503,4.15683098489226,0.0865261187134909,0.0057458462991663,0.0031585060930611,13.4917138821172,44.7697414940717,15.0
0.989583333,30.003269378879,1.8818474520048,1148.9234012166,83.0787329996153,2404.86875283068,127.437774622035,410.869594095871,1.26110063385713,9.3570056673298,6.35180516299022,0.710922402777691,5.66494564982242,4.47898365829133,0.179002228709416,0.0107172363542275,0.0060193679024502,13.8374071047923,44.519012008271,15.0,3164.7729508298,99810.0,240,29.9974037798677,1.62786547580649,1149.51465032426,72.2177494279152,2409.80674669864,128.004220261281,412.158348021484,1.69194696802048,11.9822543043253,4.06620612008712,0.668046991655395,5.05380103673477,4.12802990856791,0.0775852644328986,0.005215499581665,0.0028608017655568,13.4756039852004,44.7211648662166,15.0
1.0,30.0108709189027,1.85441691197222,1150.83341893543,82.2568597678864,2410.09741841405,127.675661921015,411.496747791403,1.29368292539374,9.47819879538142,6.01328849619892,0.697337943683379,5.61412673807997,4.45723267333105,0.164734041260865,0.0099534606937479,0.0055640397974131,13.8496061220342,44.6020934796879,15.0,3170.22165023211,91815.0,240,30.0028185498923,1.60933980976634,1149.67827676091,71.2380486503412,2410.9188707396,128.029602279038,412.054046849007,1.76053046414112,12.2720049757527,3.67850035817252,0.660968408120662,4.99772625391622,4.08739722155225,0.0651222651499933,0.0044588347389678,0.0024379924573494,13.4648007324016,44.7300435533882,15.0
1.010416666,30.014420991573,1.83177775491637,1154.48276075639,81.3164222836208,2419.30286270931,128.135418843266,412.872465354159,1.30976967027313,9.54273878035341,5.70871966844553,0.684281893657944,5.55430547697801,4.44109604184185,0.152140517767504,0.0092869487242906,0.0051717640739438,13.8763277862085,44.7630234637293,15.0,3180.65471505786,93090.0,240,30.008258624228,1.58836995480415,1151.26220828405,70.2260553600545,2415.33302986821,128.234550066359,412.570901779241,1.83311262678821,12.4776833623827,3.31262397147536,0.652786898291207,4.93703995060763,4.05550579308847,0.055019898942127,0.0038343524362347,0.0020925966733838,13.4650054663837,44.8018578259769,15.0
1.020833333,30.0121219458371,1.81207217524423,1159.00115823434,80.461634463761,2430.26446655,128.694704735467,414.584218101811,1.31621146229676,9.58665755358321,5.47347218924127,0.67568632223785,5.50011144517503,4.4291405857372,0.143919896398948,0.0088609487842168,0.0049263340413717,13.8856705570101,44.9587900676952,15.0,3193.4737291148,95230.0,240,30.0109820330908,1.57051021125158,1154.25867588079,69.4922494769377,2422.84266498915,128.601762708339,413.65888469717,1.88950756685711,12.5479127571006,3.04812473484833,0.645947477134467,4.89085525205111,4.04045030944319,0.0486086802353749,0.0034375252869561,0.0018763823373625,13.4681833034182,44.9304447294729,15.0
1.03125,30.0026838888936,1.82362918134483,1163.00283407854,80.4011732827779,2439.55921525919,129.152945233027,415.993533413198,1.27819154472854,9.53059234661107,5.46009255778717,0.675779826678929,5.49196576638237,4.43558806695246,0.146425695749134,0.0090175468275653,0.0050200934401988,13.8981034262935,45.1190325100654,15.0,3204.9215503326,117165.0,240,30.0091141996214,1.57120375954795,1158.32774344202,69.7028174836428,2432.38160066502,129.057152931184,415.093397357066,1.87529028362596,12.3613515536809,3.04121856803963,0.643624524745091,4.89801013393074,4.06073697665285,0.0492655942152825,0.0035004004790754,0.0019179058131112,13.4875353283924,45.0897168577999,15.0
1.041666666,29.9918786166438,1.82148205176757,1163.53204932279,80.376988683687,2440.71632396768,129.170416075054,415.930636849977,1.27575458110585,9.62716304147233,5.48824566732082,0.683929274115099,5.49426024223258,4.42913942984167,0.15056089188283,0.0092701908116513,0.0051773375584956,13.8222796084817,45.1249175291686,15.0,3206.13849932126,110055.0,240,30.0009343635202,1.57570438430681,1161.48588232551,70.1352220988577,2439.59873427492,129.385964641106,416.098871819399,1.83962813120913,12.214343493083,3.12248541918287,0.64617171173553,4.92113565915096,4.08058685697542,0.0516589479464348,0.0036590861598684,0.0020089097101599,13.4758520384474,45.2046735176524,15.0
1.052083333,29.9927275878328,1.83156515543099,1160.01205797775,80.2953088781687,2433.13756612161,128.712271602343,414.343843781728,1.27040121466418,9.70632177891601,5.59394625443394,0.689063827023796,5.49307418838483,4.42567731599354,0.153061323025314,0.0093834468520111,0.005236901105262,13.7978003967983,44.9646965567216,15.0,3196.09930868874,116550.0,240,29.995812592075,1.57783747579172,1161.61350614117,70.2233500560885,2440.02721702257,129.357733308421,415.913024749461,1.82495581175048,12.2219047889092,3.18732873062825,0.648154331862783,4.92842242116057,4.08419016881161,0.0533820642235066,0.0037661313858438,0.0020673788473118,13.4670685109607,45.194748799929,15.0
1.0625,29.9934590494623,1.84537436738205,1156.43867868272,80.6225255442693,2425.52450914943,128.236485786256,412.712379386202,1.26236689312282,9.69068466885883,5.84670523591389,0.697788275282213,5.51373755979443,4.43159197019949,0.160438031262937,0.0097603300241698,0.0054522609719909,13.7883924777165,44.7979367668463,15.0,3186.24938648679,115790.0,240,29.9941663529362,1.58541394537988,1159.3418241067,70.4772611890655,2435.20567373259,129.039166675822,414.788125397243,1.796961723892,12.2115060817489,3.35239105622117,0.652241219343472,4.94457895083054,4.09068456321418,0.0575213723862641,0.0040186102550149,0.0022046208128457,13.4655210395031,45.0831365814828,15.0
1.072916666,30.0016809687975,1.7873915430265,1155.27878930874,79.4106467012414,2423.87375493787,128.107990075596,412.145275934339,1.33432459971186,9.91079522363076,5.83625618555048,0.689642899735094,5.44964287627177,4.40012876327943,0.154750503309162,0.0094298123576135,0.0052518867252333,13.7599840915087,44.75244085601,15.0,3182.67667336035,75610.0,240,29.9954128167713,1.55949858704269,1157.37338843368,69.215590612142,2431.60929591562,128.825482190819,413.919491303508,1.85736767869904,12.5684467133787,3.20111720862474,0.64796492807774,4.87575187279261,4.04503882603373,0.0519127578942236,0.0036422973001451,0.001987237259856,13.4367673403872,45.0083072347196,15.0
1.083333333,30.0173668181176,1.73837134210393,1156.66678847378,77.2062205075045,2428.48618196112,128.343239210099,412.793414556529,1.3763746481454,10.1117397246759,5.67237127454472,0.666267707299576,5.32461814299767,4.36313501543184,0.140118832534727,0.0086029511102272,0.0047512969671678,13.8243121574126,44.8346395794794,15.0,3186.24786321638,76595.0,240,30.002208961135,1.51170600882514,1156.67276010944,66.8010831282886,2431.23283532444,128.819425126123,413.701186627287,1.99038497808034,13.118101138612,2.81769219182201,0.633892603479659,4.74022825590835,3.96911702186223,0.0421665352435076,0.0030081196800731,0.0016318283539436,13.4288785730176,45.0060421162578,15.0
1.09375,30.0245362708918,1.69981713269959,1161.0199081162,75.5251287105743,2439.65850195292,128.929765685757,414.65036577251,1.38713465524014,10.0941532597691,5.62592212215982,0.649926916652123,5.22425288692392,4.3504395671232,0.135552641904923,0.0083560180031098,0.004601740671576,13.890564837857,45.0393849343928,15.0,3198.61729137926,76710.0,240,30.0112078230954,1.472338753517,1157.64549468468,64.936268657216,2434.5414047904,129.001324075834,414.171885128127,2.08141652900894,13.4055324076234,2.60922725995734,0.621223470967324,4.63248353979285,3.92329678242716,0.0375087179077397,0.002713078849408,0.001469822345492,13.4409934296389,45.0692602810087,15.0
1.104166666,30.023956909412,1.65461376052407,1167.08104426743,73.7468173258883,2454.41213633494,129.725374735465,417.185903974325,1.40154097925399,10.1203275896131,5.52608632707723,0.636010595858857,5.12023811970493,4.33351153394755,0.131324634314214,0.008150252629994,0.004483829096189,13.9096848866312,45.3171370516175,15.0,3215.60131026724,73755.0,240,30.017148465236,1.43464151544481,1160.59846135266,63.283815455829,2442.21793793763,129.421846019874,415.45705220733,2.1518771887737,13.5733234077659,2.45533973037926,0.609619127078934,4.53554768909577,3.8904775971501,0.0343059419189184,0.0025114927070443,0.0013601316510814,13.4441882160869,45.2158002380821,15.0
1.114583333,30.021411399658,1.60648795154076,1172.56145426683,71.6924497211953,2467.66106142464,130.462665756376,419.52971304628,1.42496834396317,10.2478006254638,5.33028857075645,0.621676865053698,5.00322943982626,4.30701232928322,0.12382587328053,0.0077644403007967,0.0042644610141927,13.9058606956126,45.5747249609884,15.0,3230.61155188223,71435.0,240,30.0195063537235,1.39467629805467,1164.74879567587,61.5833925727556,2452.44028235875,129.992857327387,417.247291073365,2.23362329890475,13.7361748908498,2.27611537067256,0.597623610604526,4.43671481178916,3.858271387868,0.0308702578392893,0.0022907329323814,0.0012399950654397,13.440407688818,45.4149328213665,15.0
1.125,30.0200596364159,1.54989582117854,1176.17540970226,69.1963870484,2476.71788057074,131.001556458217,421.220403048758,1.47725140442344,10.5200642038623,4.99873058895098,0.607260508255114,4.86280660114718,4.2642708167588,0.110423543869281,0.0070451530819395,0.0038576848055705,13.8708626877033,45.7633384632548,15.0,3240.05623146872,62390.0,240,30.0198899915457,1.34769838276686,1168.78085600865,59.5538159177755,2462.29785717288,130.56702904984,419.050787464013,2.37358535223439,13.9980954338254,1.9940017028099,0.58465119743367,4.32029034577597,3.81468530895827,0.0258978654532276,0.0019528964069969,0.0010541139533177,13.4259540484953,45.6152683259777,15.0
1.135416666,30.0209105949707,1.4978175720766,1178.32910631518,66.5976919156345,2482.40143283155,131.3774419388,422.411704134077,1.53344489812823,10.811749188924,4.62285461109642,0.591096866474435,4.71707772741767,4.22014393041807,0.0954054006527147,0.0061929502462674,0.003374616015345,13.8628311601197,45.8953101056111,15.0,3245.25951543064,62385.0,240,30.0201179652766,1.29761599973036,1172.11535847239,57.3618360923835,2470.46337094611,131.064800931321,420.638768790606,2.57925969955636,14.2868307193685,1.67855461829369,0.570719664807335,4.1951135641923,3.76942857512268,0.0208957584881441,0.0016134107437463,0.0008686778044614,13.4170738777246,45.7889774334673,15.0
1.145833333,30.0216670434125,1.4450436281788,1179.56598481611,64.0252131540283,2485.92637682036,131.650390615587,423.299253753907,1.60768481231355,11.1038230099439,4.21146342394439,0.577415446968504,4.57228657392599,4.17691407083287,0.0807543615143099,0.0053568251019722,0.00290984078701,13.8391233494893,45.9914242946516,15.0,3247.84398259098,56735.0,240,30.0205550405034,1.24829648791968,1174.69676339058,55.1889370604735,2476.78831821394,131.471284547148,421.981341212186,2.82537619289199,14.538718008705,1.38124620525917,0.55726464753381,4.07087066352904,3.73065307499957,0.0165780698990439,0.0013107462562581,0.000703105420096,13.4082453624613,45.9308788933077,15.0
1.15625,30.0227378338087,1.39305989728396,1180.21138592928,61.4451493227008,2487.99545654107,131.85718607776,424.002896273226,1.69930180139364,11.3971924729693,3.75694906525405,0.563435066519647,4.42731875427391,4.13425149534124,0.0663578974988932,0.0045049632118318,0.0024399863470196,13.82331358111,46.0644872832269,15.0,3248.68242107045,55185.0,240,30.0211538912621,1.1991090991633,1176.55576461497,53.0061348319019,2481.35490799375,131.788258588532,423.090908383883,3.1347117134562,14.7523026315704,1.10192834847532,0.543944579836356,3.94577640954714,3.69861812369909,0.0128372508730428,0.0010446600492032,0.0005579066303364,13.4002831210152,46.0416089461789,15.0
1.166666666,30.0234850295097,1.34201615272342,1180.52713917073,58.962548653016,2489.14377063124,132.021768484959,424.611492063349,1.81186552216274,11.6583009984615,3.29577123463731,0.550234407870418,4.28776580943633,4.09688666388313,0.0537314993683432,0.0037465943744139,0.0020278014192861,13.8045508403817,46.122740244306,15.0,3248.54209443571,52365.0,240,30.0218425307528,1.1525499512114,1177.87479526553,50.9235361232508,2484.54534259629,132.031415913214,424.027744592586,3.46984413911363,14.8864874629494,0.871944734620463,0.531090455182942,3.82611687608495,3.6786379303184,0.0099426080394333,0.0008326508803085,0.0004422772382977,13.3939427479523,46.1266575693224,15.0
1.177083333,30.0240202025317,1.29144963238017,1180.64128197393,56.5517706625719,2489.64553656536,132.158351465336,425.168516683019,1.95351245203933,11.8997289279092,2.83415385712952,0.537715486740271,4.15227687734401,4.06318945431859,0.0427879608880409,0.0030767208328001,0.0016675046194839,13.783911649338,46.1710810199359,15.0,3247.75240377761,50000.0,240,30.0224816747711,1.10807846745039,1178.77322808705,48.9173720708045,2486.62269662284,132.215101709201,424.834789392784,3.82798282120158,14.9559293998538,0.682309451735627,0.518661675429627,3.71056066095878,3.66881555047261,0.0076658555722618,0.000660376737367,0.0003483958517339,13.3873655175899,46.1910343900119,15.0
1.1875,30.0237665119542,1.25046757701445,1180.60016844391,54.5249206287165,2489.52826793845,132.252898928616,425.678258895154,2.07045829641427,11.9724455220936,2.51176472922957,0.525531793904361,4.03800994672538,4.05381610667423,0.0364275061250082,0.0027019688674557,0.0014733569903825,13.7979588590737,46.2045315460631,15.0,3246.59178478568,56290.0,240,30.0230158035218,1.07167453484353,1179.40651704869,47.2479474911645,2487.89287671925,132.351846639991,425.554924020031,4.08910763021866,14.8826726314252,0.585090529939567,0.507491108757531,3.61424474080986,3.67894044160647,0.0065208395862663,0.0005780860804486,0.0003042340542337,13.3909327350256,46.2390817601843,15.0
1.197916666,30.0217398752376,1.21041788081489,1180.22224737474,52.6674782375363,2488.51617951111,132.300905392627,426.069759775039,2.20292304376893,12.0314396935107,2.22425032092384,0.51607399853397,3.93161330839615,4.04955259894684,0.0309062866324489,0.0023760201645217,0.001304452166097,13.7646304900499,46.2216534530132,15.0,3244.49866780806,52180.0,240,30.0229112734864,1.04037393790584,1179.76244936294,45.7978897504403,2488.37287948294,132.451695071506,426.185190466191,4.28215138266988,14.7571704444257,0.510105213412174,0.4979125557165,3.53018885220503,3.69718051180375,0.0056581996407199,0.0005104603965546,0.0002676951048812,13.3878967936176,46.274237998761,15.0
1.208333333,30.0199849982021,1.17384284255516,1179.29285442602,50.910368104642,2486.15650223828,132.279269158369,426.263189053844,2.34892989625297,12.0914837749731,1.96749077727023,0.506557635928464,3.83007542226313,4.04754257130266,0.0265015823971967,0.0021266640426402,0.001179374343556,13.7435460008022,46.2143677954955,15.0,3240.83741308249,54880.0,240,30.0221896506459,1.01115569609409,1179.76689554644,44.4329729498778,2487.93721954158,132.507086932702,426.699068515565,4.48825004084731,14.6234258411302,0.444734156434465,0.488931612438877,3.45043622252491,3.71850218850859,0.0049152657616732,0.0004537047341677,0.0002374742018119,13.3839001780341,46.2938821529134,15.0
1.21875,30.0178653936548,1.14318706217859,1177.84051810351,49.4096864856624,2482.51646209905,132.184838314426,426.261558549546,2.4629162504369,12.0916732635493,1.80393311668696,0.498371461002902,3.74194317148787,4.05596222471026,0.0238390419154463,0.0019898367871247,0.0011142277033196,13.7230204507188,46.1816182934647,15.0,3235.79601138425,56250.0,240,30.0210222027782,0.986955349895723,1179.33432472743,43.2770721868338,2486.40693328017,132.50771122922,427.056246666842,4.62228814068066,14.4538106917049,0.408965391157045,0.481092902263759,3.38220465816211,3.74633344516751,0.0045085593439072,0.0004252964143273,0.0002227729853948,13.382605843419,46.2943763896325,15.0
1.229166666,30.0154518466389,1.11788150596306,1176.15605009061,48.1340729020576,2478.25326486267,132.056119682139,426.167255438873,2.54350538724737,12.0736196189468,1.70739979135768,0.491272179588527,3.66568358283836,4.0689349018195,0.0223513503383699,0.0019296771018995,0.00108977652108,13.6994707838222,46.1368793274571,15.0,3230.17773172786,58700.0,240,30.0194168980495,0.966927381333726,1178.47026101441,42.2951008459496,2483.82553539634,132.457367205335,427.255835179919,4.70575085250291,14.2789001303011,0.391005291056538,0.474383042854376,3.32341119534664,3.77665018012063,0.0043020305678087,0.0004142708889326,0.000217499908288,13.3808773472592,46.2770358590074,15.0
1.239583333,30.0131548232966,1.09505775247426,1174.28362445663,47.004130050937,2473.50229531988,131.905254770325,425.996217561493,2.61674426526709,12.0879516174603,1.62949944751339,0.48536681899241,3.59703062515345,4.07892687442385,0.0210941907308992,0.0018704867344398,0.001061938708255,13.6649160988382,46.0844038733678,15.0,3224.08194452447,57810.0,240,30.0174915040242,0.949323486043692,1177.26091852229,41.4175949182008,2480.40977229413,132.368728049877,427.328042059637,4.77420662513221,14.1365222366701,0.374944541359101,0.468538501074033,3.27002722583699,3.80435811323249,0.0041189936697673,0.0004026963804511,0.0002114936719582,13.376096985245,46.2462893469607,15.0
1.25,30.0115823668263,1.07700555261734,1172.32394828541,46.0553544407222,2468.46904105812,131.740125067432,425.785459200901,2.66602928612607,12.0954776129824,1.58690416142679,0.479817045361918,3.53863056686281,4.09036516763528,0.020482006092065,0.001861749538822,0.0010630975072538,13.6415184967511,46.0269311868921,15.0,3217.8006444296,60620.0,240,30.0155631413749,0.934378229371118,1175.76407194184,40.6523950203682,2476.2981517312,132.247609524327,427.291007044409,4.82449294968118,14.0212451478893,0.367653151481672,0.463346295337008,3.22270456013432,3.82987354981553,0.004032685042029,0.0004012848377819,0.0002112320325168,13.37277221567,46.2041818162332,15.0
1.260416666,30.0098693685426,1.06431256166326,1170.50137882563,45.3446426739867,2463.63714358306,131.584570729114,425.613790588163,2.6748955088945,12.0786876757263,1.58652732457697,0.475636193480735,3.49359906122152,4.10566654883189,0.0205188769199711,0.0018907718524146,0.0010835699260113,13.6182854283485,45.9728138341599,15.0,3211.99075517559,62890.0,240,30.0136917091077,0.923455532017164,1174.0618154215,40.0621559883297,2471.6761454085,132.103418080561,427.170161804444,4.82431687951742,13.9170268806289,0.373990146467688,0.459232612518228,3.18527091246983,3.85489962769754,0.0040967119403757,0.0004134938660962,0.000218332983223,13.3707150517448,46.1539886291777,15.0
1.270833333,30.0088287628672,1.04875510945745,1168.91786565373,44.6264952991465,2459.28191424832,131.46416365397,425.527086879532,2.74145714578228,12.1444654485592,1.52152493711131,0.472309916385774,3.4484405007281,4.1092878586372,0.0193767240587082,0.0018084396861152,0.0010359709232462,13.5811440191874,45.9309607392882,15.0,3206.81136485549,56995.0,240,30.0119887845655,0.911829523508177,1172.40674479603,39.4588430370751,2467.1112020462,131.967363348717,427.065369869871,4.8813584050627,13.878674801169,0.356259381300853,0.455482579647129,3.14687600276459,3.87171875269283,0.0039000127196108,0.0003946241365892,0.0002074430606273,13.3631343718352,46.1066303933823,15.0
1.28125,30.0097497534659,1.03400031476538,1167.63907445978,43.9207308310694,2455.50929097806,131.37802309886,425.55748555502,2.83098969783698,12.2093360346523,1.44339950148129,0.468002110013961,3.40540395681862,4.11118381475698,0.018197009307618,0.0017442799923992,0.0010029703579146,13.5675924367521,45.9010158059237,15.0,3202.42921554653,57240.0,240,30.0109990315083,0.899295473125231,1170.89215819989,38.8245908162346,2462.79523852714,131.845861131862,427.013613412074,4.98728547400067,13.8760802414128,0.331563991743671,0.451401798517137,3.10688888108099,3.88385898297595,0.0036269397914449,0.0003714952017226,0.0001948592410956,13.3583394607579,46.06437503579,15.0
1.291666666,30.0105715855126,1.02522369559587,1166.77398275663,43.436933794568,2452.52520159374,131.327895565584,425.740030161911,2.84925618050599,12.1788036185978,1.43531281960465,0.464495483241768,3.37580574898897,4.12483511963465,0.0181274855882031,0.0017660015601754,0.0010195579149107,13.5677193276621,45.8836345581152,15.0,3199.26575882291,60450.0,240,30.0107401198486,0.890494420701508,1169.50829679512,38.3546313294705,2458.69247573532,131.735959632472,427.004577531748,5.01791455458179,13.8426182387306,0.330612799414604,0.448043607668218,3.07698993836825,3.89960439625002,0.0036122169610116,0.0003761522260825,0.0001979246887582,13.358978277973,46.0261517073128,15.0
1.302083333,30.0099160603633,1.02009713414652,1166.10625875553,43.121333035143,2449.90973566209,131.296134584535,425.991921139558,2.83002895068464,12.1165436300963,1.45513431600773,0.462497811841384,3.35552773303141,4.14277364817079,0.0184552382375469,0.0018043949288359,0.001043359867402,13.5599432416405,45.8726865182865,15.0,3196.72355227136,62145.0,240,30.0105827324742,0.885343114541399,1168.3312817312,38.0530803703852,2454.98201431898,131.64899899413,427.066656503528,4.99370049566924,13.7855994072078,0.340764613617505,0.44585291788441,3.05729048401895,3.9177467754418,0.0037197887614783,0.0003910019777878,0.0002063195887801,13.3594317951843,45.9959028334147,15.0
1.3125,30.0090120758302,1.01171507599735,1165.22257825995,42.7395174972651,2446.83729187426,131.248014936264,426.16506400002,2.87209226504284,12.1314267504246,1.41374558263172,0.461002890193559,3.33110556424112,4.15030065367966,0.0177527015530605,0.001746699781043,0.0010088828948432,13.5394473778971,45.8560242954169,15.0,3193.55136814739,57500.0,240,30.0101156504212,0.87936717462325,1167.33358121619,37.7329850215899,2451.63233523517,131.584180105561,427.197485651022,5.02342786755503,13.7591937456435,0.330310356231098,0.44395388599566,3.03652487693629,3.93139340966807,0.0036053256987757,0.0003785610976662,0.0001989990805253,13.3552989468332,45.9733800629821,15.0
1.322916666,30.0093381008977,1.00395685061453,1164.16661730732,42.3412912536533,2443.36924427577,131.179764397262,426.277697118559,2.92876620505177,12.1478281018965,1.3689035424412,0.458607036205731,3.30630235086547,4.15684436860313,0.0171165474748868,0.001717539179112,0.0009949194010011,13.534913178267,45.8323036952455,15.0,3189.87518853585,58585.0,240,30.0097625241354,0.872687679133541,1166.3563579702,37.3838495449794,2448.30284266369,131.520323600389,427.338628700989,5.08729780096748,13.7460003717563,0.316340460161035,0.441760224353748,3.01413314481978,3.94307290615796,0.0034517700801441,0.0003658170048327,0.0001921829834018,13.3531318062837,45.9512144133662,15.0
1.333333333,30.0095673152998,0.9984888155095,1163.2588966517,42.0386732065363,2440.18002244174,131.12411214997,426.444647779567,2.94898272770335,12.1287836948261,1.35739900475382,0.456850920797722,3.28726700688227,4.16755231195747,0.0169402388985998,0.0017145484740676,0.0009944557854379,13.5334202803812,45.8129734979536,15.0,3186.6444942956,58755.0,240,30.0096635742357,0.867663001686392,1165.36446066794,37.1050640699142,2444.91367925325,131.453230063046,427.472819944583,5.11284405034747,13.7184882180157,0.312858723587037,0.439925433328183,2.99605674270777,3.95617903650502,0.0034118334891077,0.0003645656599002,0.0001916373416821,13.3530234040689,45.9279096405525,15.0
1.34375,30.0095816104125,0.992748457987827,1162.52244325758,41.7473771970312,2437.3413541106,131.089867432216,426.676184924217,2.97292722073648,12.1246255809593,1.34269908831663,0.455444119986312,3.26907640576323,4.17570339390037,0.016686754432828,0.0016963034261971,0.0009834069810507,13.5289865269657,45.8010911875298,15.0,3183.88373858188,57445.0,240,30.0096287770471,0.862935303782433,1164.4488983121,36.8439099619149,2441.66749753254,131.395147510337,427.636312672621,5.13898477286351,13.6967261955505,0.307629842782289,0.438332755021735,2.97917341849418,3.96796898384892,0.0033535951835882,0.0003593148194842,0.0001885541370234,13.352029238977,45.9077343868679,15.0
1.354166666,30.0090529950446,0.993156735023946,1161.77051499004,41.6280658969603,2434.42825893306,131.045661354303,426.896793116478,2.92084485446667,12.0554586117276,1.40086012886719,0.454293133320706,3.2606746580962,4.19257203194596,0.0176316000067927,0.0017911503490074,0.0010409061986227,13.5357926835202,45.7857193786943,15.0,3181.16626025215,64295.0,240,30.0095619055459,0.861538627504956,1163.56840522282,36.7213262856841,2438.47578628867,131.340294210769,427.807521778899,5.09905949010941,13.6465125377796,0.324868132191841,0.43738367071731,2.97061070232504,3.98293174769836,0.0035375807437228,0.0003837435196068,0.0002025521883513,13.3546094486759,45.8886570983347,15.0
1.364583333,30.0070188716149,0.993418158003991,1160.74691233461,41.5670949109572,2430.958659125,130.974546973607,427.007546515864,2.86922228380941,12.0296540019825,1.45158458996502,0.454915628455061,3.25445881706285,4.20436893072271,0.0183003398624079,0.0018226431385399,0.0010547822113234,13.5218731970629,45.7609463764129,15.0,3177.76177967734,61750.0,240,30.0089298714674,0.8620152148488,1162.66827148127,36.6851562944192,2435.24432066898,131.286374406915,427.966534040692,5.03343267059117,13.6050622251167,0.341532747692077,0.437338848384278,2.96694563608993,3.99629269685874,0.0037174413735693,0.000400388884876,0.0002111145894813,13.353777150424,45.8698548448292,15.0
1.375,30.0061365474986,0.991858210473963,1159.20679109992,41.4170543721763,2426.42971538796,130.851701177535,426.923567739491,2.87020883154007,12.0711690596839,1.46273695216541,0.454974502970083,3.24291525865867,4.20701284036594,0.0184092755534603,0.0018219472918686,0.0010515780533835,13.5118428819877,45.7180549960873,15.0,3172.91016357987,60970.0,240,30.0079775505998,0.860791334954505,1161.63693295726,36.576486019734,2431.75127595367,131.220369244925,428.07705357639,5.0328111303451,13.6100674916977,0.341854821046694,0.437034010698516,2.95867941733335,4.00359250248369,0.0037203602110209,0.0003986070639042,0.0002095572300664,13.3510678498671,45.8468215267589,15.0
1.385416666,30.0043732328718,1.00567992602772,1157.16380289739,41.6432937232905,2420.83896668336,130.651916200055,426.631680906163,2.70533043476138,11.9580231785484,1.66395115515726,0.457535160396272,3.25201574419933,4.23072230961501,0.0217243089844271,0.0020843955464845,0.0012028733633243,13.5245266031427,45.6482610857331,15.0,3166.93344112199,76645.0,240,30.0069683670893,0.866893881246275,1160.16458704877,36.7466217574998,2427.34078341545,131.1020988781,428.004986533572,4.87476695851224,13.5578648207857,0.403198212297726,0.438148259969793,2.96643291973199,4.01824905552557,0.0043828878202193,0.0004733744554874,0.0002516035183094,13.3568363332808,45.8054878117243,15.0
1.395833333,29.9898904795406,1.06457168690616,1153.27731486032,42.9473297533182,2411.44810997078,130.195059064018,425.544612918763,2.22387904039409,11.5838412862373,2.37939141840809,0.478283019414702,3.31655690049669,4.2938238868991,0.0355472197282191,0.0029767502267364,0.0016874800755134,13.508353031772,45.4885168095826,15.0,3156.67570753258,114505.0,240,30.0020625855983,0.89867588595451,1157.57110679608,37.8874139414142,2420.65462875891,130.849429649818,427.445683429748,4.22128338430809,13.3256009542708,0.690128526420591,0.447175483563188,3.02869593942436,4.05692682912176,0.0075562427151569,0.0007868535965735,0.0004255127165418,13.3694462712192,45.7170569927684,15.0
1.40625,29.9692695341669,1.1369836411434,1142.0195201228,44.8236305916411,2386.4949896797,128.870007632211,421.446603494706,1.88348261462917,11.426373623009,3.36092943551057,0.520029091183882,3.41047412570861,4.33374634590016,0.0576178772600197,0.004208359249107,0.0023069632679223,13.419367379587,45.0249001815886,15.0,3126.50973877699,118450.0,240,29.9866784210915,0.947468559115724,1151.50244662159,39.6240919845477,2406.82381571106,130.19644052913,425.448697106947,3.43502054929494,13.20839399214,1.1903210191973,0.467666285801619,3.12081606349695,4.08400825214549,0.0134219865255017,0.0012492684520015,0.0006723501770696,13.3538908549744,45.4885625115621,15.0
1.416666666,29.9689181831424,1.21917116710059,1128.2385492132,47.1188553068533,2356.04972524918,127.233995563832,416.188579888871,1.7071832986028,11.3497218033718,4.39483192373498,0.559229160387581,3.53455407506803,4.35903264122967,0.0847879758430433,0.0056893450665498,0.0030663548888298,13.4046534216983,44.4517986181613,15.0,3089.46112788007,123745.0,240,29.9752109722963,1.00130302037,1140.58690328926,41.4229828711599,2382.78552248326,128.970854814795,421.447858528393,2.89108649240561,13.3143107825617,1.81562477771716,0.490403536665838,3.2161539635921,4.08449609022172,0.0215341485183411,0.0018358571136757,0.000983761936347,13.3449212020448,45.0597318165473,15.0
1.427083333,29.9726322037027,1.33006492720319,1122.4634064918,50.4827479027772,2342.38387417623,126.471145619435,413.725661033858,1.5459505965416,11.0719471314135,5.63703094758321,0.608803438544525,3.72987894891115,4.39933573181319,0.12253487444985,0.0076724175370187,0.0041217657787121,13.467011056514,44.1826965279242,15.0,3074.78214881401,136245.0,240,29.9728844318279,1.07103792415097,1130.03530903127,43.8713421421708,2359.45498964225,127.736500045648,417.362311269968,2.44516200839851,13.3247549644641,2.71931335400584,0.519567421698836,3.35311786237757,4.09436153894457,0.0354729358546003,0.0027877880896248,0.0014919217832924,13.3614039262703,44.6273209219743,15.0
1.4375,29.9708275264952,1.46642441308075,1122.36469115026,54.8972653488865,2340.24262645685,126.298553771795,413.103624967161,1.40252310522301,10.6566681343182,7.02220688255958,0.669569663154669,3.99866499780186,4.44809368913052,0.168023315473063,0.010025448429576,0.005443086998931,13.5677121916144,44.1188624869828,15.0,3075.76921813646,147520.0,240,29.9721686288519,1.15849129993814,1124.8864430903,47.338669826317,2347.32507914659,127.048849921595,415.036190473309,2.08472538928766,13.0873713484931,3.95674898102573,0.55809946631293,3.55814809878181,4.12864932645562,0.0605240753673999,0.004355062570609,0.0023298926675768,13.3975687088277,44.3849152959707,15.0
1.447916666,29.9678606738065,1.63094724371838,1119.94591796455,60.0809457721698,2332.38684549718,125.78307994536,411.250323707551,1.28796104598094,10.2083125535401,8.40891545023855,0.738286853661504,4.32376240463706,4.49718930148924,0.211209758578229,0.0122469643272372,0.0067654954799891,13.6823573152298,43.9348545171963,15.0,3070.036475553,159340.0,240,29.9699608659033,1.26103406172355,1122.33530915547,51.7159012613993,2340.14521518334,126.573462254173,413.354958352491,1.8335212668289,12.6456793465709,5.40252728352231,0.604998345324538,3.82716500365749,4.18148465506396,0.100398698710084,0.0066267515691279,0.0035557939011791,13.4465737871378,44.2151313082192,15.0
1.458333333,29.9693496522342,1.78088908135352,1114.81888278258,65.6941168366074,2317.90458464699,124.876711073778,408.034456283304,1.21958065121021,9.80124648726461,9.61744318425467,0.797380931406762,4.68453403140862,4.5411749076491,0.243614244164754,0.0139146571991866,0.0078097199092598,13.7813884528068,43.6141879815116,15.0,3056.20720470358,160630.0,240,29.9685735944967,1.36752337679031,1118.47065747517,56.566326236475,2329.41763950269,125.865580114628,410.836463449461,1.6846263935875,12.1590160293708,6.7978458539669,0.652777146154978,4.13433428546267,4.23529892751452,0.147934784753087,0.0091110798169241,0.0049297658391062,13.4932835047784,43.9627180836203,15.0
1.46875,29.9759650208436,1.90158446762621,1110.68214162742,71.4688852577915,2305.20460593873,124.044159719453,405.036850667814,1.17946508892219,9.43563280774793,10.5237404666534,0.832144142460776,5.05356815974046,4.58121635970601,0.263943523178244,0.014952286235056,0.0084843342967802,13.8543787420009,43.3190789426188,15.0,3044.81679161538,159545.0,240,29.9719062404047,1.47060724208628,1113.9346422468,61.5029452758148,2316.70300124942,125.025670431047,407.830628335522,1.59923241328884,11.7293389816196,7.93083155548446,0.691118943022143,4.45104663642174,4.28058394368047,0.190023079844134,0.0111413297559955,0.0060877460579696,13.529559679954,43.6635215726549,15.0
1.479166666,29.9809948290444,2.00560486300786,1109.63731166065,77.3538635080249,2298.86741066643,123.54191773543,403.118924650944,1.14703727617902,9.11672710867131,11.0257138515153,0.849875989673924,5.42448774356992,4.61670363850132,0.275426895181967,0.0155791813703112,0.008915255145253,13.889371785544,43.1387984950322,15.0,3041.74367003738,159635.0,240,29.9771540263855,1.57191853818377,1110.9953404583,66.5559610372086,2307.06782038304,124.332257650714,405.290218312317,1.53860194463732,11.3402987620575,8.73000060483854,0.720701537392466,4.77285274319252,4.3211619264413,0.222009611710556,0.0125977827225891,0.0069520552595848,13.5526075588599,43.4152088058176,15.0
1.489583333,29.9838717144328,2.09881462001048,1110.75006675978,83.1397608864786,2296.79012662905,123.260020190257,401.919193048187,1.12003547643693,8.86826714450767,11.1261419772303,0.859752959410508,5.78823523118197,4.64509176759536,0.28023783028822,0.0159008619293547,0.0091612626305127,13.8899080480208,43.0347929574315,15.0,3044.17047035339,158595.0,240,29.9811453996514,1.6698443617245,1110.43084131103,71.6446117060363,2302.16575597517,123.881105690051,403.54134767701,1.48981160120241,11.0085635261944,9.13346822408608,0.744559451549503,5.09496470821136,4.35613989045074,0.242372656246027,0.0134980134569736,0.0075172124616111,13.5613972104724,43.2513294977278,15.0
1.5,29.9873668298997,2.17752602386209,1112.74314593054,88.5257894560012,2296.63868401683,123.070104462172,401.021535153286,1.10084835571954,8.67341217091575,11.0633269407583,0.86584451905723,6.12511526871284,4.66726323327216,0.281401148612897,0.0160249712082931,0.009276408760991,13.8817369563494,42.9622665892343,15.0,3048.72114420605,154630.0,240,29.9844424623571,1.75904224885795,1111.4598132782,76.4573534578138,2300.50152357812,123.597025085987,402.336734553242,1.45164980429608,10.761707931434,9.22122348532208,0.764115384721019,5.39902815724547,4.3820368689224,0.252218178346703,0.0139236062342929,0.0078085729972693,13.5618106319452,43.1456316849942,15.0
1.510416666,29.995915020183,2.1994260244373,1115.48135148375,92.6483144335618,2299.22472675202,123.029920806124,400.615905175665,1.11176939681138,8.56146292359106,10.8477334764656,0.857574016855723,6.37567136277879,4.67660955048864,0.281469601365992,0.0159486076679638,0.0092391052360753,13.8784005126573,42.9415687552051,15.0,3055.45634055474,135195.0,240,29.9892612105373,1.81902389953185,1113.35386986836,80.0861648312381,2301.33050227916,123.459308538448,401.591844162089,1.4362710630558,10.6915599631433,9.04062873566067,0.773556007642787,5.62725210988987,4.3848510894736,0.253138050436521,0.0139363306063683,0.0078376036871123,13.5521351214652,43.090931365229,15.0
1.520833333,30.0057124105992,2.21822300049073,1119.68187789409,95.6404034830664,2306.79195161413,123.270929810313,401.154702042366,1.11358547494097,8.45954047822426,10.495055186154,0.840226804114524,6.53629949876893,4.68079707877084,0.277892961348389,0.0157468705439513,0.0091182496655217,13.9079631897125,43.0194450318983,15.0,3067.1694824069,129220.0,240,29.997674863023,1.85933853981924,1116.19705704506,82.560967386595,2305.42856386103,123.512463235419,401.475183456581,1.42749413351612,10.7165020047273,8.67637612254858,0.773848678428987,5.77383153573089,4.37357755655157,0.246300280763071,0.0136247962323095,0.0076692660928146,13.5525524196735,43.1032695346024,15.0
1.53125,30.0073740708162,2.23661616322774,1125.38085458552,97.9876216566685,2318.41765800716,123.738956341426,402.441880656469,1.1067433129231,8.36997644529128,10.0570284296116,0.828282946829087,6.65246331789094,4.68113953909652,0.272424552590666,0.0155304314044299,0.0090010502032652,13.9302886373655,43.1770237862197,15.0,3083.3579962751,125870.0,240,30.0036624875022,1.89221257855559,1120.43580390412,84.6357288909574,2313.5039464947,123.781525083336,402.091387052777,1.41604785822036,10.7037404799475,8.24685926214222,0.773270840079141,5.88513998707441,4.36511451897847,0.236191735807749,0.0131876604601208,0.0074298450320533,13.5572411102236,43.1915321232072,15.0
1.541666666,30.0057942224158,2.24897552450122,1131.19525714276,99.6362443758581,2330.48629439433,124.238254236035,403.826511628313,1.10021603462475,8.32805507651352,9.58411597109213,0.819881314409724,6.73226511059616,4.67599539316432,0.265807778944647,0.0152610601944881,0.0088495392865893,13.9387177885854,43.3459934813995,15.0,3099.54641644402,123915.0,240,30.0054590457703,1.9166109221848,1125.64267439213,86.2826204641319,2324.17797192129,124.194707641016,403.191434329293,1.40631917275238,10.6842961276361,7.77603243492966,0.77237419769567,5.96891920688873,4.35697260567402,0.223852156596632,0.0126505173821736,0.0071299386159223,13.5586397051338,43.3306870765956,15.0
1.552083333,30.0042381333483,2.25643869106273,1136.18218379952,100.696225213628,2340.94722374075,124.652547070702,404.935068427567,1.0966102613674,8.31445803213,9.12750356954114,0.814852989623242,6.781994271066,4.66841597648882,0.258493170216451,0.0149360684135262,0.0086583577842531,13.9421338259288,43.4858277954997,15.0,3113.17430703575,122220.0,240,30.0050719795727,1.93320133340112,1130.90347550005,87.463903616266,2335.20359901191,124.63115437753,404.373503895633,1.40118088522438,10.6804359228586,7.29682412187813,0.771454870064222,6.02734299325869,4.3477221523798,0.209795135445124,0.0120202275337002,0.0067713296507457,13.5574411803972,43.4785986080007,15.0
1.5625,30.0051325206163,2.24479834804705,1140.21421238574,100.964549661979,2349.82666141357,124.984889352502,405.780266221677,1.10701413307353,8.33688697303149,8.68199048901763,0.808648295520234,6.78795372423618,4.65620019154678,0.250616966408985,0.0145118310550324,0.0083945824605372,13.940408593062,43.5975695207113,15.0,3124.02611141713,113810.0,240,30.0046425135391,1.93629704560802,1135.5055062581,87.8713431037857,2345.16373635737,125.020061729574,405.395277619983,1.40829054075538,10.7488445813828,6.79336542186801,0.768789078441674,6.04308592551725,4.33000993047159,0.193021700959068,0.0112340085276805,0.0063143553418489,13.5490891754197,43.6106216351175,15.0
1.572916666,30.0047307470697,2.25701474137915,1144.01675099029,101.308816864909,2358.52012945432,125.302665333074,406.608249914462,1.09462396902388,8.27307500566573,8.33776704525492,0.804134660767166,6.79520506405218,4.65571871455365,0.242214579546034,0.0141510731335801,0.008175655582204,13.9711519958702,43.7051321734409,15.0,3134.59630854787,124700.0,240,30.0053282437103,1.94295097592446,1139.70092779328,88.2823029280979,2354.42490396908,125.365518872715,406.305093515207,1.40978021914352,10.734967836338,6.3872857533881,0.765946429397835,6.05834166026219,4.3238696696197,0.17774677811855,0.0105041974771229,0.0058933808704915,13.5577181256696,43.7281880170332,15.0
1.583333333,29.9994506903602,2.25776308090896,1147.1838678658,101.583267357437,2365.65504981581,125.532031744893,407.136860983579,1.09520018827777,8.24023103109496,8.02633302747185,0.805938272003456,6.80566594695491,4.65341710924084,0.236330450078907,0.0138707357393547,0.0080103436028561,13.9579248360017,43.7821785785743,15.0,3143.15494225958,120565.0,240,30.0027988933067,1.94962145854126,1143.55909692458,88.8074354145854,2363.02887301261,125.667683224247,407.090629972912,1.41138900166705,10.6576081468169,6.07037537926059,0.765993110462485,6.08125335806725,4.32686928686022,0.166713533623528,0.0099656310416434,0.005584863267084,13.5560018407395,43.8310271937472,15.0
1.59375,30.0002755029515,2.2459731802878,1149.01722178821,101.283108429277,2370.13201955891,125.620847377272,407.214200898523,1.10595200190907,8.24106711382987,7.73465995922053,0.803215177703329,6.78598211978738,4.64770690265301,0.229246791469439,0.0134700718767791,0.0077573636448837,13.9542197817808,43.8106412116662,15.0,3147.80852944789,116600.0,240,30.0008533513312,1.94566952551274,1146.42481261041,88.6799582946256,2369.66613799157,125.872748650906,407.545106222634,1.42511444186709,10.6752768168138,5.73006242158242,0.76402280002162,6.07071576068912,4.31901444848641,0.153530532765817,0.0093001868887909,0.0051992196638727,13.5472009884493,43.9005173457472,15.0
1.604166666,30.0032767576466,2.22541161996238,1150.78857344894,100.626914191698,2374.95806110605,125.732053338218,407.384005820667,1.12116380513256,8.22854991869151,7.46273135877493,0.796632160259085,6.74239400866514,4.64257584058654,0.221467683320286,0.0130242725020207,0.0074748224142583,13.9609876464061,43.8473936105359,15.0,3152.50275113708,111235.0,240,30.0014823284434,1.93392819141218,1148.51897492902,88.0589698301945,2374.93228345416,126.011710404219,407.787035813282,1.44762735396166,10.7390526629532,5.38871373118557,0.759460201842789,6.0317741893702,4.30553406407163,0.139051682533627,0.0085485824299878,0.0047632154324712,13.5397678411693,43.9475008011744,15.0
1.614583333,30.0055738393851,2.20153971474118,1153.30636463368,99.749111239736,2381.74684644462,125.956051476759,407.938296435273,1.13328235700952,8.2005960999666,7.2073073381266,0.786914971409337,6.68343983604168,4.6385069415539,0.213377425523324,0.0125829589202601,0.0071977005691346,13.9749004679741,43.9239998936897,15.0,3159.46550259282,109375.0,240,30.0033929593034,1.91768133549594,1150.62157984309,87.1869439106667,2380.52515526131,126.174319647894,408.12068100712,1.47340058527156,10.798757544166,5.06624001931675,0.75278710483428,5.97654696620758,4.29201862602745,0.125041457948727,0.0078049873080711,0.004334602624336,13.5359656587849,44.0032095754616,15.0
1.625,30.005290941147,2.17716657640796,1156.35912734719,98.7869984078507,2389.73003765752,126.254301746423,408.743371069183,1.14230081762876,8.1821713085017,6.95199984053764,0.776318847134194,6.61963704950246,4.63406914235618,0.205751411166781,0.0121835045394585,0.0069511630848204,13.978550773891,44.0269713489973,15.0,3167.92560568288,109315.0,240,30.0046682132107,1.90035624589134,1153.15399438222,86.3159268214568,2387.20104119219,126.399481632166,408.678167738245,1.49757239113873,10.8203539185095,4.78306971116439,0.745284194067718,5.92002423287707,4.28316513338794,0.113273905574287,0.0071699926559103,0.0039721451715775,13.5335276291322,44.0810841589684,15.0
1.635416666,30.0042702930895,2.14710632772443,1159.28276933656,97.5824295862548,2397.3571982298,126.546845151035,409.529665866082,1.15711207427502,8.22224687060742,6.67290921649731,0.765785258425613,6.54410065702489,4.62392581710862,0.197530433296649,0.0117435539242251,0.0066814007788158,13.9616612449007,44.1283481650324,15.0,3175.82044225107,106180.0,240,30.0046281293745,1.87956260408664,1155.94074425787,85.303995835015,2394.47449202517,126.66712352642,409.381784233794,1.52609920878306,10.8605253415426,4.496760012128,0.737283563022451,5.85583594263762,4.27263521850152,0.101919475874865,0.006547313195521,0.0036195739747025,13.5246114282355,44.1741425368238,15.0
1.645833333,30.0038930649856,2.12090795960333,1161.82073873782,96.2803690164599,2404.11098309116,126.801737408943,410.204835036564,1.16844746638192,8.27870497136137,6.42331815559463,0.755936177485233,6.46354662855702,4.61317576550143,0.189103683630616,0.0112962165484439,0.0064073312856929,13.9495654393572,44.2169998810084,15.0,3182.57674737897,107365.0,240,30.0043554611121,1.85743878399165,1158.66579862957,84.1977223255789,2401.57039235968,126.935302819862,410.097278948845,1.55771490239423,10.9169040043722,4.22236850038922,0.729084499134848,5.78700323155954,4.26132437585554,0.0913235940041985,0.0059524427348376,0.0032842891764308,13.517147631379,44.2677223391554,15.0
1.65625,30.003291768825,2.09079703517684,1163.97630977486,94.8701967682908,2410.05642690108,127.019741987015,410.765637212717,1.18471099550252,8.35651982431549,6.21141551794086,0.747840483533867,6.37774836689567,4.60046457397275,0.181492310605048,0.0108844922636981,0.0061564748806204,13.9285660143648,44.292979583045,15.0,3188.23596917026,104110.0,240,30.0038260870974,1.83313761641262,1161.14428968694,82.9984027254304,2408.11315582001,127.182826666969,410.753855033007,1.59321783969509,10.9922375476752,3.97173781664121,0.72131277585719,5.7133634984165,4.24863648733664,0.0819375184072382,0.0054144763780579,0.0029822608471707,13.506984720888,44.3543200480586,15.0
1.666666666,30.0041408275491,2.05899928903397,1165.84596373568,93.3034470937902,2415.49475088874,127.216709256325,411.269170181757,1.20172618494559,8.43816738419129,6.03183833151873,0.739306022210428,6.28341118247467,4.58715610928896,0.173952248634088,0.0104731014669033,0.0059053442383798,13.9174318809758,44.3618005068008,15.0,3193.11888124731,102315.0,240,30.0037724332984,1.80529098168714,1163.30262939323,81.6066334544809,2414.00968616942,127.405780696258,411.334748258277,1.63479329036058,11.1015915384623,3.7350841723743,0.713085720252433,5.62934775899763,4.23204757021271,0.0733268268872409,0.0049097351043469,0.0026993382127611,13.4976064006469,44.4324854161379,15.0
1.677083333,30.0050517959301,2.02625584365596,1167.71496973211,91.6749693397938,2421.0438163678,127.424513872147,411.82177170413,1.21907273419828,8.5072427404142,5.86938074412453,0.730985774568184,6.18531671697819,4.57506566661527,0.166925998709315,0.010091656008593,0.0056742742402934,13.9122013076438,44.4345466691341,15.0,3198.08594076384,100170.0,240,30.0042597109777,1.7754987183704,1165.26467712501,80.1306885180491,2419.54312952977,127.616491930091,411.886356420753,1.67884203193968,11.2133244127119,3.5242165503867,0.704583514962917,5.54056168309988,4.21512100000623,0.0660435330298581,0.0044761030047529,0.0024572051254277,13.4907873254133,44.5064329230456,15.0
1.6875,30.0061132474355,1.99008395713899,1169.68631342206,89.9108049735365,2426.93369835137,127.656715147431,412.463965586144,1.23988231825552,8.57748786802947,5.70486768150485,0.722680980447661,6.07986325460212,4.56229934293969,0.159404944951012,0.0096830683706567,0.0054285258778817,13.9098349887414,44.5159556057553,15.0,3203.37558981473,96640.0,240,30.0049784669931,1.74268980216288,1167.16705778263,78.5221231857098,2425.04161969803,127.833502500562,412.466781344397,1.72938523368811,11.3367171245885,3.31489812324424,0.695673110499755,5.44431164775812,4.19633809495436,0.0592207618685856,0.0040630173050676,0.0022271263605121,13.4839070154871,44.5826384788527,15.0
1.697916666,30.0073899136366,1.95197064677906,1171.81066258725,88.0563164779995,2433.26092106994,127.918238465901,413.215306057731,1.25991570617281,8.63501841537999,5.5650733544793,0.713502637053761,5.96946477254799,4.55051256903793,0.152080996735026,0.0092841972884201,0.0051888467263293,13.9163322543565,44.607704353908,15.0,3209.15186175955,94640.0,240,30.0059713915284,1.70751655413184,1169.11129254633,76.8187579906866,2430.71499648712,128.067151734814,413.112702930806,1.78525719433668,11.4589979425092,3.11517581817506,0.686174655228101,5.34279788195952,4.17717803505923,0.0531333403668741,0.0036884677422799,0.0020188907169113,13.4795887534954,44.6646753835198,15.0
1.708333333,30.0081155979785,1.91158062651469,1174.09295337966,86.1663456648879,2439.9426368574,128.207156446469,414.068313881282,1.28007996194791,8.6901637343393,5.44000381748692,0.702751955328487,5.85734073138485,4.53901387606009,0.145575277163336,0.0089321331372644,0.0049788158502055,13.9193665359986,44.7090378095759,15.0,3215.38983302945,92550.0,240,30.0069374533747,1.67125191344534,1171.16824694948,75.0986525849329,2436.677763166,128.322911446621,413.84470350526,1.84185357466102,11.5661085692698,2.93984344960392,0.676072611279078,5.24042944924415,4.15952791463934,0.0481340321415392,0.003378118728357,0.0018469199238138,13.4762101662868,44.7544003830115,15.0
1.71875,30.0083683903402,1.87095836484396,1176.42767142191,84.2706954815791,2446.64089408506,128.508549285901,414.974692906381,1.3003389156593,8.75875675614513,5.29733440612931,0.690817932187008,5.74534482593923,4.52672574048866,0.139015493253952,0.0085801972927935,0.0047713626802859,13.915508130718,44.8148049330258,15.0,3221.7279810854,91595.0,240,30.0076409341696,1.63492164501901,1173.33821644963,73.399818026641,2442.86359170327,128.598594749497,414.656279015869,1.89894825330634,11.6617042722491,2.7800826022544,0.665533174120956,5.13950169531599,4.14340491459159,0.0439060664722269,0.0031146953792057,0.0017016722448988,13.4725044563593,44.8510478466862,15.0
1.729166666,30.0080360055553,1.83234220453611,1178.67275873803,82.4169839853989,2452.964673745,128.802901117881,415.871355582438,1.32185585653487,8.85103242767414,5.11902562609852,0.678747973654972,5.63607310973478,4.51318886100983,0.131770710811915,0.0081929471832438,0.0045464235954772,13.9006709713363,44.9182727075266,15.0,3227.7352094072,91120.0,240,30.0079387328263,1.5997646016443,1175.56186986917,71.7713389817627,2449.06593759345,128.883918622099,415.516382152297,1.95792092826526,11.7476525653808,2.62437583872019,0.654997645137959,5.04282499274362,4.12930516477867,0.0400970619010235,0.0028760594204022,0.0015707221901024,13.4675167037882,44.9510763708382,15.0
1.739583333,30.0065063945815,1.80289722520791,1180.6737860633,80.8117503768482,2458.52465707868,129.063588234403,416.678700264291,1.33445766944092,8.93027233656847,4.95801992267787,0.669152363642577,5.5407053334987,4.5037004843649,0.125788472049248,0.0078717731526983,0.0043609802704694,13.8868123541932,45.0101218859489,15.0,3233.0719529276,95530.0,240,30.0076478225166,1.5699608660766,1177.77293934826,70.4023131454795,2455.04979763665,129.161856330868,416.379659866964,2.00713767953717,11.7856602079984,2.50422657844807,0.645664680091222,4.96093193965634,4.12304772431018,0.0373833662920007,0.0027094249888096,0.0014805225278936,13.4660181685316,45.0485692320497,15.0
1.75,29.9998877600899,1.80016649565379,1181.71597981131,80.0287333930837,2461.58193961293,129.182934967185,417.055249282878,1.31274140956953,8.91853881406392,4.94542834058059,0.666762875692123,5.49098881031093,4.51048182478386,0.127708795094249,0.0079878909365331,0.0044285444502681,13.8728479418053,45.0524830410838,15.0,3235.96299008135,112455.0,240,30.0052882502607,1.55846850988721,1179.81892761668,69.8905319935499,2460.31880608272,129.389403656056,417.128492493673,1.99183307089638,11.6457488263137,2.55359776418541,0.640490708302395,4.92714124931151,4.14312663757168,0.0386471828800573,0.002812916053003,0.0015420431001212,13.4763932175267,45.1284601261192,15.0
1.760416666,29.9922047514647,1.79202255748662,1179.3760243167,79.4087361877564,2456.99019923237,128.896070906639,416.076271081488,1.3186054399775,9.01607526770489,4.94776943170893,0.671602605903284,5.45464123757905,4.50757408323407,0.12951887495535,0.0081053338941469,0.0045015553197909,13.7984816749017,44.9529803018881,15.0,3229.27521152013,108020.0,240,29.9991278916211,1.55317617012869,1180.33038257393,69.6470169706846,2462.01747067166,129.42820959733,417.250841498681,1.96416935960331,11.5483752458444,2.63189501194324,0.639883662039884,4.90986190615452,4.16166203182209,0.0403281870116242,0.0029271939513341,0.0016060482620072,13.463332582489,45.1425661168027,15.0
1.770833333,29.9932730369081,1.79130517744969,1174.70711844776,78.85409636008,2447.35245061791,128.340836414447,414.22166298571,1.32603437703338,9.11612686495497,4.97714625044333,0.673967674730174,5.42262928643716,4.50378780783192,0.129347489641208,0.0080767305414577,0.004479233284215,13.7657052992999,44.7599024613219,15.0,3216.17705046542,111140.0,240,29.9953610013622,1.54695318685174,1178.25802472889,69.198371992941,2458.02206580717,129.173151866849,416.385687783882,1.96650486987036,11.5843979717823,2.66110118832685,0.639371088398559,4.88292724354906,4.16515538792462,0.0407984423068182,0.0029574310709857,0.0016213082705694,13.4516495431506,45.0541495044778,15.0
1.78125,29.9960144892322,1.78553923470494,1171.44682709399,78.5243142846559,2440.79642182512,127.944917825705,412.882443380591,1.33859257641619,9.17639426064459,5.03678944302579,0.675651354547302,5.40306054529614,4.50172978087485,0.129780483952118,0.0080875397214176,0.004481096103698,13.7501629764973,44.6222201824338,15.0,3207.16285844437,105845.0,240,29.9949219164462,1.54127119751018,1175.05151851127,68.7512868828444,2451.56773420386,128.789366988929,415.087152781756,1.97597757613393,11.6626965592825,2.6842135366827,0.639173511303749,4.85614717274613,4.16253302648419,0.0409605035065495,0.0029629116624377,0.0016216926728598,13.4441760970509,44.9207610965806,15.0
1.791666666,30.0010080798154,1.76985526779198,1170.60637522908,78.0276545074005,2439.60450941073,127.841026805319,412.48608271428,1.35676891947069,9.24666856534768,5.06605924277086,0.671081572052167,5.37381977471236,4.49452663470817,0.12808346854739,0.0079810899749474,0.004414271246944,13.7520524612116,44.5863342614062,15.0,3204.86398719616,99245.0,240,29.9970104544331,1.52938523018236,1172.70800037461,68.0689289736478,2447.08082118322,128.518809433979,414.135938156759,2.00730939559711,11.8113543056779,2.64576913856938,0.636427783340165,4.81622187212671,4.1479140301232,0.0397044003505809,0.0028734957714719,0.0015689905005073,13.4381504403021,44.8267883695258,15.0
1.802083333,30.0070377132948,1.73904783929809,1171.55303737502,77.02369409528,2442.56118152598,127.97346105437,412.851435093356,1.39123871886373,9.37138986492932,4.98001660743263,0.661795330946817,5.31486537617251,4.47638678750166,0.12194446088322,0.0076424339828173,0.0042171489458528,13.7582285733462,44.6329615498007,15.0,3207.44682802035,87255.0,240,30.000728068744,1.50635103659691,1171.82618112504,66.9335718725435,2445.9380338703,128.442220563183,413.797686325936,2.07494283118746,12.0538289991054,2.49949826148241,0.630249238745326,4.75028483175667,4.1176059024776,0.0362251870597194,0.0026360854346691,0.0014347847865663,13.4300675344661,44.8004436744535,15.0
1.8125,30.0118708175166,1.71871711074625,1173.96569842112,76.0008173050806,2448.82335839202,128.286324755252,413.838125771396,1.4031103762683,9.4172289475012,4.85742456931863,0.6516930053651,5.25286560244706,4.46595126259753,0.116104263530627,0.0073126953784385,0.0040252830327723,13.7977153322887,44.742676236538,15.0,3214.24275066106,91675.0,240,30.0055255712976,1.48244639394679,1172.30957147418,65.7949757206354,2447.81861965519,128.529948342648,414.018798115648,2.14676167086582,12.2413299879556,2.3482648603947,0.622606654668315,4.68317706864285,4.09184999194923,0.0331356930591561,0.0024369828375931,0.0013255428565461,13.434828185808,44.8313653092381,15.0
1.822916666,30.0063532205628,1.72806585721298,1177.4440106268,75.9347094640436,2457.13975510819,128.687837465789,415.162876781566,1.36232468667838,9.26287808626834,4.92671291732994,0.652502833672379,5.24282373984197,4.48324187056947,0.121319508691848,0.0076064287456178,0.0041935337973028,13.8417240599943,44.8830175839739,15.0,3224.43915527277,110090.0,240,30.0079112820722,1.48028051536225,1174.30638824529,65.7401775108936,2452.80304027499,128.755453635656,414.765266697825,2.1149533054842,12.1040066048143,2.43177976608143,0.619955879967025,4.67573255510753,4.1076558527259,0.0350066379300931,0.0025840981024721,0.0014114867442195,13.459049895472,44.9102716621517,15.0
1.833333333,29.9930012334975,1.74373462031207,1178.70676984863,76.3607916305289,2460.08217754627,128.793751399166,415.489888209274,1.32608151384548,9.17999517226998,5.07963571639633,0.663700440132451,5.26627132140536,4.49817849695421,0.131269286789645,0.0081854806610655,0.0045343597556852,13.8107487748194,44.9199209954786,15.0,3228.26497472202,116845.0,240,30.0022861104583,1.49355357302278,1176.81065139413,66.4807497997307,2458.64584112494,129.006910214618,415.611774605119,2.01411833297646,11.8257688608215,2.66915444219216,0.623948265102194,4.71440357352235,4.14413976773847,0.0402826103323704,0.0029440153244461,0.0016137339352873,13.4673301114265,44.9981857015832,15.0
1.84375,29.9883155350649,1.75811131898849,1175.09032600009,76.7158158056523,2452.11577934191,128.323439411938,413.902877518494,1.31791450232245,9.22569124856811,5.20103216279253,0.674457058588368,5.29128687625042,4.50053854281032,0.137113249612015,0.0085078721160245,0.0047227141812236,13.766598587073,44.7558902475056,15.0,3218.17809624419,116350.0,240,29.9945532394682,1.50572656430032,1176.87673597219,67.0749990914144,2458.95069868707,128.96904307954,415.466646518234,1.94953885880532,11.7057940731645,2.85192967365521,0.629441363617855,4.74922233698774,4.16429254221892,0.0444949857628958,0.0032153454870295,0.0017631861697091,13.4580285205717,44.9851451803529,15.0
1.854166666,29.9891566171604,1.79332916658026,1170.03105942111,77.5788329891827,2440.93014458753,127.668830891702,411.721286156283,1.29396060943544,9.18846259437732,5.43866062546458,0.687698659845634,5.34441885993916,4.5119271491732,0.145510053956632,0.0089395470395769,0.0049672882162654,13.7618154915112,44.5274141179472,15.0,3204.34317612282,125250.0,240,29.9911684067027,1.52520101912452,1173.96074664013,67.8285043138701,2452.56889410293,128.570292921036,414.12877291958,1.89197476027584,11.6224682554253,3.07053252386287,0.636865244496871,4.79492240012717,4.18187577673791,0.0498518189321556,0.0035540717743836,0.0019488134015433,13.4595485220614,44.8460738551649,15.0
1.864583333,29.9926825815593,1.794948929732,1166.56859078333,78.2293420902939,2433.33659611908,127.202938850998,410.116875497467,1.30841273350191,9.19902637039344,5.64235196263762,0.695596567088551,5.38793706846969,4.51285758978982,0.150929843621671,0.009215000394399,0.0051252133818919,13.7535241433174,44.3644988810983,15.0,3194.8641316667,107700.0,240,29.9905492951822,1.53625564824442,1170.33013502894,68.2771768206233,2444.71380991065,128.099041058889,412.509553704833,1.86807843203597,11.6619791910903,3.21760976908216,0.643096359410653,4.82448365333069,4.18146538967054,0.0529477331478678,0.00373249987155,0.0020421842770006,13.4514210553974,44.6815913677875,15.0
1.875,30.0037373015324,1.77775631274959,1165.52777332146,78.0622476973653,2431.72164232592,127.069037749631,409.582959195419,1.33540323194081,9.25154950734809,5.70198962304735,0.687615908613289,5.37942892609955,4.50244271738365,0.14835845740618,0.0090470228168446,0.0050177472377565,13.7867921662078,44.3175461101078,15.0,3192.21090479993,96605.0,240,29.9950795383579,1.52823666679485,1167.82616000648,67.8164739179421,2439.69376596559,127.800853491912,411.404865931628,1.90050045208874,11.8887018897336,3.16490881323258,0.640885791845465,4.80161524985061,4.15231547704084,0.0508014493018395,0.0035787186682011,0.001950740565422,13.4465255677971,44.5774509355101,15.0
1.885416666,30.0093963232281,1.78425035861551,1167.12305259579,78.1886289315376,2436.21726425641,127.25271261201,410.120891465616,1.31720979943102,9.14094802445074,5.85869357615026,0.682901787784143,5.38032671408417,4.50848708250363,0.151349136689864,0.0091888661317061,0.0050922027112529,13.859529342879,44.3812271420379,15.0,3197.46283275255,105950.0,240,30.0021832081867,1.52540560135766,1166.95501586987,67.6165630044533,2438.46128641301,127.69430178519,410.956976867477,1.90353607059857,11.9668571906084,3.19825201964722,0.638178386137794,4.78926077575147,4.13841730546089,0.0514677883516378,0.0036184270321455,0.001970839265734,13.4645740150776,44.5399533574461,15.0
1.895833333,29.9971558071467,1.84060759613722,1170.06011128031,79.665166204213,2443.06895162248,127.531671964641,410.98525063318,1.23935470397738,8.84044614729729,6.29048342422701,0.699634920710446,5.45921266317403,4.54116713159814,0.169549215943481,0.0102000808975719,0.0056920508174711,13.9165088218603,44.4775385599877,15.0,3206.84151769861,132955.0,240,30.0032493855859,1.55418171613181,1168.16090835787,69.0281712965924,2441.61239022056,127.772059280495,411.188438164846,1.79473877887953,11.6058877831483,3.63620033606801,0.645491579136861,4.86512306022658,4.1793548318734,0.0639568569071987,0.0043993272454063,0.0024052621183235,13.5062250757534,44.5661718151521,15.0
1.90625,29.984934784039,1.85927169459059,1169.23977679789,80.9537435956048,2440.70170622794,127.322254334859,410.172236809871,1.22505579723808,8.78996043589108,6.59324530757936,0.720606900032863,5.54645143704009,4.54901403285856,0.18477528681812,0.0110418058444787,0.0062086898186821,13.8648118876851,44.4031084635194,15.0,3204.59461967226,121125.0,240,29.9935557352493,1.58118171261274,1169.32833023523,70.6253250729802,2444.27757301052,127.816395328857,411.262129374508,1.70271792616462,11.3161184624601,4.08447460490667,0.658411425057384,4.95903678335339,4.21345879938278,0.0782139194649443,0.0052567041949003,0.002883487231991,13.5028188354064,44.5803147139973,15.0
1.916666666,29.9916537114391,1.87326498937247,1165.34338904793,81.7632424853873,2431.92902454215,126.780858130127,408.276555441552,1.22903556197802,8.79777054074168,6.73534819634396,0.724295857375484,5.60292836538296,4.54976266999687,0.188688417247194,0.0112132144014104,0.0063070184349585,13.8645352502363,44.2132813540051,15.0,3193.72976325086,119510.0,240,29.990424647909,1.59508307781239,1167.92857234134,71.3590028027639,2441.13920524063,127.573977974261,410.334081618844,1.67639591342864,11.3039529525776,4.28136858368572,0.664163877747603,5.0100907502596,4.2147041538412,0.0844806665346275,0.0056140936529679,0.0030800050093659,13.4964837081163,44.494499058107,15.0
1.927083333,29.9964057629337,1.89912141243831,1162.86391241187,82.9234962081351,2426.60283975313,126.414032963624,406.963349168487,1.21985006047762,8.71332862834668,6.88560778851498,0.728294122059935,5.67091764976647,4.55890452847488,0.19263635588498,0.011404744933734,0.0064207287836725,13.884096939046,44.0843663340561,15.0,3187.38899762948,121695.0,240,29.9931782501397,1.61361512980358,1165.34342637248,72.2021416865481,2435.50305029221,127.193120586954,408.96276907936,1.65574108952553,11.2629879272644,4.44693015594963,0.669375656536917,5.06363471648602,4.2193047093411,0.0899836548329425,0.0059197013713082,0.0032482572384914,13.503546682348,44.3604093464293,15.0
1.9375,29.9997603000876,1.8930195150001,1162.70600448549,83.6052762845491,2426.52721098019,126.333504410281,406.551992681296,1.23547831848703,8.70809701394318,6.92381625756362,0.726053133246206,5.71224781321662,4.55529552772841,0.193790419018956,0.011440392972616,0.0064418639064456,13.8797236258885,44.0551010385356,15.0,3187.33431741025,107645.0,240,29.9959045118513,1.62186794958754,1163.73562204806,72.6679950015302,2432.27676946223,126.948592124864,408.011629835761,1.65604220733535,11.3059148699949,4.48331716499653,0.671574217754194,5.09327061742299,4.21088200150444,0.0908833297114637,0.0059642442561513,0.0032714163007925,13.4965773578131,44.2740009208326,15.0
1.947916666,29.9986836515583,1.94374013368367,1163.96360008346,85.0281518328217,2429.37371007396,126.395930833982,406.638334176897,1.18816635890809,8.54589133587734,7.08952123730464,0.729730496358452,5.79119704732884,4.57209061089336,0.198287852697056,0.0117232628487945,0.0066169010990595,13.9329072104875,44.0759004119258,15.0,3191.60672055979,134890.0,240,29.9990700444072,1.6465140892629,1163.51991524081,73.8309342661593,2431.96534943779,126.838116013207,407.53458070808,1.62211886826697,11.1559028931351,4.65647062062286,0.675693899577687,5.1603992714434,4.22636064539599,0.0976962157577252,0.0063397000631539,0.0034821229034049,13.5230851500663,44.2341106773614,15.0
1.958333333,29.9879716138277,1.97389345941928,1164.25020364492,86.7691203049324,2429.07389441382,126.283580949909,406.107623157088,1.17173173448819,8.49268674522279,7.22498679149326,0.745934977230907,5.90255019686918,4.57934807303748,0.207096922227155,0.0122281688552725,0.0069424916206329,13.8856289170527,44.0352053347919,15.0,3192.38972085409,128465.0,240,29.9939672512174,1.6787943637898,1164.06474218521,75.6884859060691,2432.87582563681,126.77267146836,407.207885875869,1.57512352709007,10.909726701527,4.9277270137628,0.687359224319476,5.27006657345237,4.25535823195928,0.109775914608405,0.0070193534537886,0.0038713061136408,13.5238567684133,44.2095340606248,15.0
1.96875,29.9918805554104,1.98660439504027,1162.16607200159,87.8764281869546,2423.65608408434,125.905306296227,404.709221133375,1.17827474398962,8.53010139324796,7.21960883631564,0.748694990281601,5.97885659917606,4.57684090300695,0.208078564044253,0.0122475187314461,0.00695449094595,13.8614863554508,43.9018769266948,15.0,3186.16124147188,123895.0,240,29.9912334335219,1.69768502556465,1163.46911024871,76.753319615739,2431.04725994431,126.579191734311,406.412091947985,1.56402417382767,10.8977496266368,4.99149490872516,0.693839403605184,5.34112174628426,4.2568215901091,0.113162243532855,0.007201682372012,0.0039760788032299,13.5115689684465,44.1404768189381,15.0
1.979166666,29.9978091046478,1.99857411596541,1160.97755654168,88.8718847887623,2420.70827404233,125.655491779212,403.746566464063,1.18459886416489,8.53274474616561,7.13112346543919,0.746583824923524,6.03924306999207,4.57645318234393,0.205842790625307,0.0121052631203913,0.0068674397919838,13.8590926225469,43.8135446243684,15.0,3182.82998868031,120430.0,240,29.9938427947943,1.71269605536524,1162.13722637199,77.4860451848946,2427.74059077226,126.311568473164,405.373563163613,1.56666548472344,10.9462627425099,4.94196937023464,0.696879708863237,5.39029083307557,4.2508958024138,0.111688341426621,0.007112726567458,0.0039257059648763,13.506432237379,44.0458522263654,15.0
1.989583333,30.001273708602,2.00468279470086,1161.85327580242,89.6517484158606,2422.5963056833,125.662317083121,403.618503086986,1.1906959613949,8.53118336097201,6.96156700260053,0.743196926044632,6.08310282432729,4.57439478036604,0.20153959486173,0.0118723531730225,0.0067284923604829,13.8622295927108,43.8148981879544,15.0,3185.39778619473,116540.0,240,29.9975391198779,1.72376040118929,1161.65572612187,78.0283031441836,2426.57271207222,126.157979003808,404.711826645799,1.57613010451097,11.0031710249806,4.8041032013859,0.698107796394267,5.4240667952314,4.24266053680011,0.10696795997258,0.0068479421232023,0.0037770297110764,13.502986753486,43.9913276951109,15.0
2.0,30.0049941538576,1.98849753508546,1163.93020550553,89.7152581582539,2427.51220035201,125.839060844156,404.032953193216,1.21257629618619,8.59142477507977,6.69542014546608,0.735570536652454,6.08473173915013,4.56242892894803,0.193612438199674,0.0114409132527561,0.0064682584001825,13.8605135865534,43.8757245963776,15.0,3191.17905198716,105085.0,240,30.0007573811502,1.7221354293047,1162.40934016669,77.9758371108672,2428.48221192954,126.178360112364,404.604117998688,1.60347941209391,11.142277268821,4.53423111441797,0.695989062971999,5.42146319407729,4.22219797925333,0.0970391216921895,0.0062922225265434,0.0034646104895285,13.4927751610708,43.9979333576054,15.0
2.010416666,30.0091487475907,1.9745779395125,1166.849267837,89.3561681240769,2434.64356430079,126.142246460445,404.874383356841,1.22402320189984,8.64072071829209,6.42471752713506,0.724482719043534,6.05835848522933,4.55042697518348,0.183774058638672,0.0109259887937667,0.0061573405595604,13.8802847143261,43.9810863539843,15.0,3199.38503732485,105070.0,240,30.0046587996722,1.71339507823881,1164.14710124369,77.5279220093185,2432.82973221169,126.336088755149,404.950309788218,1.63934269606979,11.2982012039181,4.21392821721541,0.690670317227741,5.39398095661969,4.19821309459658,0.0855622282687638,0.0056340173591883,0.0030954009125623,13.4898492356821,44.0528330815448,15.0
2.020833333,30.0105248986722,1.94617289331801,1170.32951243424,88.4721351321668,2443.26188011861,126.535533272746,406.00663159695,1.24733366456913,8.7364325606135,6.13830069495399,0.714837265307839,6.00205987074944,4.53167024232756,0.173628778875839,0.0103946313433619,0.0058412233509503,13.8769214494556,44.1180971639424,15.0,3209.04284228899,95590.0,240,30.0074504729471,1.69642842114163,1166.66224606992,76.7388317433832,2439.13041586119,126.6065137536,405.671541927611,1.6860286830889,11.4671832230121,3.87383926320331,0.684235163438149,5.3451796960615,4.17140872811997,0.0740915044231734,0.0049634013694646,0.0027215889959159,13.4810968237176,44.1473369641942,15.0
2.03125,30.0127959917707,1.91155532650551,1173.95605955601,86.9194241082825,2452.49222153303,126.974194703911,407.299632103143,1.26775929322312,8.84379615587748,5.88103466224825,0.702964647349945,5.90916169045934,4.5109738928579,0.162404957503365,0.0098016017744731,0.0054861919374973,13.889530302687,44.2712841829229,15.0,3218.93461214048,94235.0,240,30.0097971522866,1.66987938158022,1169.63662043958,75.4705854125802,2446.65629182845,126.954916341955,406.653659633236,1.74710432678954,11.6654566860721,3.52424714950727,0.675608944745732,5.2691321050241,4.14009460038551,0.0631168484905224,0.0043036889125526,0.0023546674108472,13.4750464861776,44.2692483122683,15.0
2.041666666,30.0129246610005,1.87641940390842,1177.76265696092,85.2824149428979,2462.19346971073,127.443961521444,408.710101653153,1.28441350375916,8.93117978607433,5.70068502848638,0.692656977199615,5.81116262884784,4.49306904334593,0.154097866217053,0.0093640413272676,0.0052259690116633,13.8987209698776,44.4354200488968,15.0,3229.37101862853,92545.0,240,30.0114637513697,1.63964389098416,1172.97320796348,74.0790600098124,2455.06937153722,127.356646620707,407.832778306458,1.80683116511907,11.8154108309979,3.24751306832145,0.66638991417208,5.18591791482885,4.11472541267132,0.0551573721407162,0.0038174001246867,0.0020857676590981,13.4728151601378,44.409785897163,15.0
2.052083333,30.0123674973965,1.83972915544223,1181.42578698425,83.6138543217109,2471.58540678673,127.901966009027,410.090556939576,1.30205581334044,9.03249279870614,5.57661937922107,0.683672334554955,5.71205892638467,4.4737114046593,0.147509875100661,0.0090138832823572,0.0050177786079186,13.901493545366,44.595436662671,15.0,3239.40975577798,89430.0,240,30.0120300044582,1.60634759667569,1176.46018764016,72.5767656968894,2463.86639521357,127.787209777909,409.117521964449,1.86703459299307,11.9613963273771,3.02137607619724,0.656973385994019,5.09653165045465,4.08984557604401,0.0490397729100142,0.0034378361089919,0.001876253246325,13.4684573725487,44.5603442542509,15.0
2.0625,30.0123910281474,1.8031295505053,1184.75780863542,81.9179408688123,2480.28975121517,128.32683606963,411.377901609891,1.31717170825686,9.12867270995616,5.52846161629366,0.674918087876457,5.61204421473962,4.45481979543352,0.142968250807293,0.0087673040888671,0.004868550044761,13.9093880132435,44.7437877136649,15.0,3248.56051958444,87225.0,240,30.012189557835,1.57149002260172,1179.87028503233,71.0096628448723,2472.51941936048,128.217749701891,410.411501066899,1.92516191177821,12.1140918826595,2.84553916613524,0.64732090751062,5.0038539873613,4.06406730527368,0.0444984790445004,0.0031527751304053,0.0017187891795845,13.4650651083684,44.7107855733752,15.0
2.072916666,30.0127190437955,1.76449397053574,1187.82591764154,80.1966162865743,2488.47405468393,128.728258596433,412.603842691148,1.33036680409001,9.21245977617447,5.56387347717965,0.665967569591689,5.51106532857493,4.43688036061246,0.141128730698845,0.0086650801558499,0.0048022114844403,13.9188750523428,44.883714949077,15.0,3257.03430363653,84290.0,240,30.0123608740717,1.53598353044725,1183.09388101644,69.4160882356983,2480.78867625248,128.634916819888,411.670986207789,1.97519744280657,12.269824537747,2.72863402734411,0.637534166331904,4.91003501879406,4.03758443247888,0.0414890852271662,0.0029630533606781,0.001613559247278,13.4625662598549,44.856384072631,15.0
2.083333333,30.0135115582897,1.72259597188374,1190.73661979343,78.4026712424631,2496.32374822546,129.121626540543,413.814545791786,1.34559547849389,9.30568745596824,5.61029910742059,0.654983173295708,5.40659289806603,4.41726622064627,0.140109580239085,0.0086116025247143,0.0047648761884696,13.9238055467864,45.0206304721596,15.0,3265.06488154939,80580.0,240,30.0127156634418,1.49904493265589,1186.10417985587,67.7484148796288,2488.6182961654,129.038880364153,412.891691360985,2.0206885868499,12.4470027903787,2.64343267293201,0.627076107022689,4.81244106500283,4.00780443354439,0.0392700066413734,0.0028236100814411,0.001535852077768,13.4588102841257,44.9971740331904,15.0
2.09375,30.0141651506464,1.68740042476738,1193.69981852261,76.8224521432958,2504.13716546349,129.521889230101,415.068557819577,1.35424714806201,9.38225548630783,5.63647590066802,0.643413190632361,5.31361103326475,4.40019692233891,0.1393508705251,0.0085755843141285,0.0047390953188111,13.9342051077438,45.1599189495372,15.0,3273.30735159646,81030.0,240,30.0133088961423,1.46459798700009,1189.03410857338,66.1945083278258,2496.21425556726,129.438011457053,414.110816581543,2.05574911690564,12.6066240471703,2.59247505022271,0.616495715186905,4.72136665145476,3.98002099080969,0.0379244182781625,0.0027439781970212,0.0014918937914608,13.4587011585738,45.1360863054206,15.0
2.104166666,30.0135252335539,1.65447738475891,1196.68015533537,75.3937823984833,2511.80857465222,129.924661864406,416.343337780291,1.36387210665691,9.46573850910227,5.61624069376157,0.633330850230167,5.22920504650474,4.38358482436958,0.138193213344795,0.0085275960726632,0.0047101443553927,13.9306067654059,45.3001282381919,15.0,3281.58798020173,79825.0,240,30.0135707300517,1.43441794386345,1191.98277944188,64.8539173243181,2503.73494010925,129.839180792795,415.35399462595,2.08026006371242,12.7374494996073,2.55800082716011,0.606934934613866,4.64224845460841,3.95622355506292,0.0370047437515552,0.0026915891583364,0.0014632079636614,13.4576742497998,45.2756196369153,15.0
2.114583333,30.0135588466025,1.61287464762395,1199.25079035173,73.5963960568905,2518.51064164229,130.299016440214,417.513964297788,1.39454016308246,9.65443820485614,5.44502869521548,0.622166758596743,5.12601438728756,4.354550579132,0.131418516166965,0.0081789566975021,0.0045104186873363,13.8993516696853,45.4306924600691,15.0,3288.45112593673,72470.0,240,30.0134692787819,1.40036764194057,1194.73769560989,63.3172176103002,2510.76234087398,130.231912647509,416.565983119099,2.13903085849599,12.9504161231604,2.42134902540656,0.597025395624905,4.55268096186749,3.92246549865872,0.0340805078169904,0.0025003225548507,0.0013572875004861,13.4456230618032,45.4122965695777,15.0
2.125,30.0157826415555,1.56683975523612,1201.21983450406,71.420907746359,2523.87177589445,130.626262803926,418.533291108711,1.43943254557233,9.91757571598463,5.15160164800981,0.609017874943283,5.00300060109265,4.31564245208348,0.118621715804095,0.0074827368804622,0.0041100242773663,13.8762124283952,45.545261319867,15.0,3293.41300003303,67115.0,240,30.0139624934143,1.35929972505089,1197.09869461621,61.4263036115457,2516.86369288786,130.596819233586,417.688924866437,2.2613717116322,13.2625997085285,2.15901894872203,0.585702151067621,4.44389440205242,3.8764805620298,0.0290770716381429,0.0021654367174729,0.001172465776229,13.4315235524712,45.5394056001508,15.0
2.135416666,30.0185244505033,1.5216281498342,1202.78012967632,69.1604809018992,2528.24702842998,130.918774761945,419.46247321909,1.49160662701335,10.1879512349544,4.80223745119299,0.595180897864808,4.87527591770981,4.2752784247438,0.104142366113311,0.0066760730869063,0.0036506432659781,13.8618331864673,45.6480021449517,15.0,3297.16266685064,63300.0,240,30.0152870840965,1.31533324193206,1199.08968810518,59.4022216105181,2522.0450168254,130.926206025957,418.725650805062,2.43604507079512,13.5859723016803,1.85230357118314,0.573627353121383,4.32777897422983,3.82950873120466,0.0238259438493506,0.001809450021183,0.0009769956691173,13.4212843298154,45.6542265903387,15.0
2.145833333,30.0206364511203,1.47731568361237,1204.03715440966,66.9051341315879,2531.84376944529,131.182732295438,420.327726902586,1.55269813583781,10.447639718843,4.41007895959952,0.582759537000627,4.74774973103744,4.23619114854681,0.0894003749759918,0.0058385250351003,0.0031802244488237,13.8507014350611,45.7409710365674,15.0,3300.02811616585,60295.0,240,30.0169885368721,1.27114152449212,1200.77048283987,57.3799067502708,2526.41170848095,131.219743521485,419.692374832441,2.65649706726063,13.8692390912015,1.54683022739921,0.561708649206362,4.21160986343401,3.78825666451534,0.019100472829678,0.0014842653067041,0.0007991448310892,13.4134781185962,45.7566365181058,15.0
2.15625,30.0219268818801,1.43236569208373,1205.0031108027,64.6364450851212,2534.67925542543,131.416718944325,421.124804496985,1.62913552003159,10.7008821205596,3.97615290092806,0.570665474864861,4.61969138812436,4.19846308330404,0.0747381137361442,0.0049876797800468,0.0027086925702479,13.8367356282691,45.8236039568373,15.0,3302.01295403355,57265.0,240,30.0186069940593,1.22744097580294,1202.17236075412,55.3900126590603,2530.02940505971,131.477081357136,420.596403779664,2.92358040475212,14.0938356482521,1.25976921189301,0.550052792057782,4.09710854908459,3.75539465061289,0.0150353638284875,0.0011981929996261,0.0006428614989301,13.406306325975,45.8465238280038,15.0
2.166666666,30.0221644857864,1.39299278801857,1205.69864325807,62.574750345399,2536.71361739176,131.609678449665,421.846271607523,1.70281338922381,10.8660613685844,3.58053710879437,0.558777765595737,4.50304929863049,4.17386932191292,0.0632676727095392,0.0043077619049989,0.002336679792118,13.8417617022248,45.8918979805613,15.0,3303.25114427473,60415.0,240,30.0199369012064,1.18884199573474,1203.36386201412,53.6317959196673,2533.01087096552,131.696323895903,421.448027802914,3.18645627029523,14.1865292985607,1.05048782340309,0.539152761567082,3.99564709607796,3.74084427500747,0.0122581511832542,0.0010043686077361,0.0005377904000074,13.4062289609887,45.9232323813247,15.0
2.177083333,30.0207449386857,1.35297080168112,1205.96267128675,60.5908882817827,2537.64680136248,131.748530285428,422.427231278234,1.79541726476574,11.0147673572876,3.19244550072245,0.54887967923085,4.39000577031163,4.15429184659573,0.0530096123966141,0.0037024680868763,0.0020115417041907,13.8182063357742,45.9412792030415,15.0,3303.23805127329,57770.0,240,30.0204970739066,1.15437349689052,1204.29638266248,52.0514217294784,2535.26631371785,131.876706582579,422.227286714057,3.42797183274416,14.1895859212045,0.885220304914436,0.529398468184757,3.9041189640277,3.7394206579559,0.0101657164110282,0.0008504542018075,0.0004538309510881,13.4027529462637,45.9865023108314,15.0
2.1875,30.0191912218208,1.31410010825305,1205.64607625829,58.6320502507999,2537.15087499227,131.816413991083,422.811814043439,1.90233521536298,11.1548777841636,2.823171777363,0.538805402226282,4.2781513161176,4.13851082321437,0.0443065046768717,0.0031809868645361,0.0017340131811922,13.7991502406633,45.9658145887564,15.0,3301.51728309348,59375.0,240,30.0202892660227,1.12181481240749,1204.86364953442,50.5432679265257,2536.57951582909,132.008524286253,422.89489552956,3.67940599219866,14.1429132562449,0.746276039985662,0.520098228311134,3.81650718216187,3.74653221727164,0.0084688208534127,0.0007248704611765,0.0003855728164961,13.3988567928344,46.032936198853,15.0
2.197916666,30.0165902974423,1.28342719942569,1204.76060860052,56.9981171128076,2535.1979819277,131.800600405278,422.989593698071,1.983859492341,11.1847368904315,2.5674179214659,0.529576828538079,4.18330648740165,4.14106509547549,0.0391858417830927,0.0028931906742134,0.0015883524646537,13.7913044397026,45.9610216107939,15.0,3298.28094251638,65505.0,240,30.0193796182046,1.09663225062224,1204.99658757341,49.3435357375271,2536.77072249414,132.079264961033,423.410588292517,3.84003531497569,13.9872489348657,0.677845766029805,0.512058161335932,3.7462006034937,3.7701618989142,0.0076436676563227,0.000669041941708,0.0003561695529924,13.4018083597866,46.0581326191575,15.0
2.208333333,30.0131489498853,1.25078171003945,1203.29726335968,55.3946756298251,2531.88876167199,131.718252625697,422.955970162781,2.09210965404502,11.2668897329543,2.31399355214297,0.522714312061537,4.08898627362756,4.14029780770894,0.0339206304778579,0.0025864105716272,0.0014296805249797,13.7404378914318,45.9330233351143,15.0,3293.39096008882,61615.0,240,30.0175158564696,1.07331109404925,1204.61535683832,48.216210797945,2535.71929443004,132.090880281267,423.749382715135,3.98875378003114,13.838894830443,0.606448732047058,0.505112689969291,3.67942772125507,3.79546311759631,0.0068040192865695,0.0006035026934776,0.0003206748778629,13.3948699756739,46.0627349234941,15.0
2.21875,30.0112203856947,1.22236555333334,1201.21835260577,53.894089113563,2527.13009924245,131.560224160273,422.699258842584,2.1927947236394,11.3372381278825,2.11794729939604,0.515194482156438,4.00037820095549,4.14284153832485,0.0303163667379658,0.0023896735543721,0.0013325217984128,13.7124999518518,45.8785359105236,15.0,3286.78541990637,66355.0,240,30.0153734770975,1.05108905729193,1203.6678798963,47.1172796056357,2533.32786775717,132.035581701857,423.889482988151,4.14800778083796,13.7037636678921,0.548790097043928,0.498327040369029,3.61378169523465,3.82183426510094,0.0061309152281397,0.0005557341551544,0.0002954840153949,13.3899041642165,46.0440315689068,15.0
2.229166666,30.0090176813151,1.20000216079201,1198.94717072787,52.6881127871042,2521.83096688055,131.369333333092,422.360859601875,2.25605719597839,11.3591830665881,2.01520461462133,0.509345947253236,3.92762667007114,4.15357739611762,0.0284814397371651,0.0023020356061444,0.0012924120467552,13.6802384906454,45.8125292651114,15.0,3279.7567294467,68070.0,240,30.0131895225461,1.03362257453961,1202.15570079195,46.2113456767653,2529.59921888249,131.913480440596,423.8213719701,4.22867833013704,13.5550923553053,0.525389336300872,0.492587281189167,3.5586866666095,3.85223645023591,0.0058537457096685,0.0005394445053834,0.0002873645985274,13.3868158009749,46.00201253386,15.0
2.239583333,30.0072697770554,1.17976120208502,1196.77047429836,51.6255898741015,2516.65255619783,131.186937891848,422.046075586491,2.31516072636574,11.4029870856205,1.93398478959306,0.504442967362424,3.86303849598716,4.16196644777328,0.0269836979809115,0.002227012347897,0.0012563204872304,13.6424785468661,45.7494565128513,15.0,3273.02331777111,68020.0,240,30.0110409016635,1.01789944352956,1200.34440556757,45.3805679548673,2525.14246271557,131.759083981979,423.642008659001,4.29840550261534,13.4480212405218,0.504653515468371,0.487560487304062,3.50753865530009,3.87872345141995,0.0056103069743167,0.0005233716807579,0.000278888232459,13.3804558728416,45.9486981371229,15.0
2.25,30.0072672445256,1.15636285032919,1194.7870224022,50.5276477576609,2511.84656077247,131.032394644202,421.803605970744,2.41666645607921,11.5118916582707,1.80762407882698,0.499532543377925,3.79736777036042,4.16029097589377,0.0245164669945195,0.0020688464484246,0.0011698642138205,13.6037811585532,45.6960613495106,15.0,3266.76996967259,61910.0,240,30.0094504903868,0.999955217394224,1198.48151994698,44.4626899373303,2520.51949639322,131.602351401618,423.447915535202,4.42827818854955,13.4199603925768,0.459230383910701,0.482352619144713,3.45140780342935,3.89534895509429,0.0050924227548281,0.0004787676241367,0.0002539696273722,13.3705489179525,45.8945391812258,15.0
2.260416666,30.0092763369147,1.13561498667631,1193.59101155198,49.53057904092,2508.62667654207,130.961886422946,421.851041488075,2.51794690792308,11.5895744970622,1.69323684308981,0.493801186369695,3.73890277539621,4.16027210642879,0.0225419017345805,0.0019547848148118,0.0011107417317369,13.5930758641829,45.6718692773882,15.0,3262.67479824253,62040.0,240,30.0090095867287,0.981496029208225,1196.78535566923,43.529128214174,2516.17911785858,131.462536799903,423.318007429407,4.58213259912774,13.4185246983731,0.416369518320951,0.476736448249623,3.39478474587417,3.90820438380496,0.0046059628567016,0.0004400399371271,0.0002328916539881,13.3655910686647,45.8462589412246,15.0
2.270833333,30.0111856564478,1.11705232736886,1193.266021311,48.6930254731152,2507.1810159319,130.983569377076,422.217736959524,2.60604834050096,11.6250140453821,1.60026910937573,0.489071252689277,3.69020879354791,4.16382426370653,0.0209207822772873,0.0018521587517621,0.0010551152586425,13.5862980995305,45.6797637248802,15.0,3261.01584958312,58835.0,240,30.0095007575073,0.964745737197542,1195.49502061301,42.6902358857308,2512.6208123683,131.365542341819,423.336503323626,4.7059218130439,13.4108878928809,0.383589222154848,0.471516306742932,3.34412742653377,3.92086858174415,0.0042357606660697,0.0004091686916471,0.0002158650036288,13.3629349242687,45.8128622532487,15.0
2.28125,30.0127108922512,1.10199123269004,1193.44745092304,47.990046784227,2506.73336451147,131.055964853041,422.77426067772,2.67018116009018,11.610862292364,1.53928472395923,0.484500160986957,3.64978614135699,4.17248465627587,0.0199592558795811,0.0018044092841296,0.0010320376257598,13.5902647634001,45.7052894742899,15.0,3260.77978291784,60030.0,240,30.0104634449917,0.950271953323456,1194.69407038153,41.9710136053726,2510.02913081418,131.32053313822,423.534206776152,4.80062636415941,13.3842133555276,0.363127257842453,0.466796409821489,3.30090068720556,3.93475879646872,0.0040038878603304,0.0003921206710382,0.0002067494755519,13.36269818433,45.7975475779753,15.0
2.291666666,30.013093325564,1.08891665316777,1193.73032996099,47.3895927495055,2506.43812792654,131.136456789448,423.373316959959,2.71243415649703,11.5712951456374,1.49984681733694,0.480854766593583,3.61518755314585,4.18406359517108,0.0193103997037714,0.0017693185469403,0.0010139931560886,13.5894240199991,45.7336288357266,15.0,3260.85108991663,59025.0,240,30.0114028013284,0.93852768658846,1194.28984390535,41.3910103286049,2508.21728838363,131.318555615848,423.877265424038,4.8554734888784,13.3363496338135,0.351724292166786,0.462875949582921,3.26614095281683,3.95017536860747,0.003873892395683,0.0003828580438077,0.0002017089581058,13.3627062320034,45.7971871346512,15.0
2.302083333,30.0128325987076,1.07720117310049,1193.79181974679,46.8257042353563,2505.61398636562,131.190998928645,423.898532650428,2.7467791504022,11.5272436476101,1.47002103120706,0.477429168351,3.58260655051541,4.19634553919252,0.0188574039690111,0.0017525466197334,0.0010070487768381,13.5884014498864,45.7529201675911,15.0,3260.30547157082,59755.0,240,30.0119976421647,0.928473801264867,1194.10439692881,40.8963998794303,2506.82015172037,131.340631978695,424.303437720463,4.89718937120973,13.2786779197153,0.343999588560526,0.459495430710636,3.23658708717742,3.96599460590557,0.0037853358861487,0.0003777208117318,0.0001990508563579,13.3625794157972,45.8051834748262,15.0
2.3125,30.0118558334639,1.0681618667381,1193.48655999578,46.3464793445018,2503.94700913667,131.201328522605,424.292811159638,2.75447363788344,11.4665949066272,1.46700081698469,0.474537117027597,3.55442475270379,4.21155895241757,0.018840158695889,0.0017685364481956,0.0010188000571114,13.5865622087775,45.7568112976186,15.0,3258.77324959261,61585.0,240,30.0121388264788,0.920917384024209,1193.93676529299,40.5145036198847,2505.41264968322,131.364311636357,424.737528223608,4.90518006631317,13.2047536674889,0.345747937145565,0.456782533199094,3.21367912625711,3.98345075306225,0.0038011392621028,0.0003831238833543,0.0002023151172705,13.3632550980604,45.8137159583506,15.0
2.322916666,30.0100699752239,1.06195322017922,1192.69543850686,45.9600813384685,2501.19640003441,131.154976651726,424.508156321711,2.73637381408309,11.4022220067574,1.4891441803174,0.472390621755467,3.5307466262844,4.22853151401882,0.0192259134310106,0.001812362063184,0.0010459439251251,13.5799747336952,45.740967274783,15.0,3255.94201509596,64125.0,240,30.0116768998748,0.91604283192081,1193.61372672637,40.2478140352336,2503.63483142342,131.37097940165,425.114536768885,4.87866510883618,13.120271654955,0.356545006452806,0.454847488848354,3.19733836916615,4.00222506571504,0.0039167629226772,0.0003981215485599,0.0002108854148813,13.3638393322703,45.816302590754,15.0
2.333333333,30.0080259963556,1.05576299754005,1191.28962019372,45.5818029077029,2497.12001271862,131.042838742735,424.496761622983,2.72700410221175,11.3789353354427,1.5038419649336,0.470879937670898,3.50672955766507,4.2412565908707,0.0194372896791551,0.0018333146075499,0.001057956036565,13.5635100243786,45.7022051291815,15.0,3251.4249309862,64000.0,240,30.0105911043001,0.912112228535584,1192.97175126205,40.0171298250607,2501.15569223851,131.343921504627,425.375870380818,4.85403213772922,13.0534437501283,0.364425437592859,0.45340554897744,3.18271608897228,4.01909611109639,0.0040013337732004,0.0004078008155636,0.0002161646995968,13.3619856033883,45.8071302096055,15.0
2.34375,30.0069464069733,1.04851941797044,1189.43727109419,45.1634828498231,2492.08492039174,130.885427850673,424.321522346525,2.74330363678684,11.4037031551366,1.49806089638475,0.469226116863906,3.48024338277868,4.2478686884266,0.0192976243717886,0.0018264739187102,0.0010535626464489,13.546879992263,45.6476332142033,15.0,3245.65519331037,63000.0,240,30.0093184918628,0.907290588110106,1191.93052400765,39.7378751987472,2497.81407701758,131.274377158333,425.494064780139,4.86332287544248,13.0239608938687,0.362800395045625,0.451873855373962,3.16487036144069,4.03169692569278,0.0039815875581705,0.0004064423782604,0.0002151772460935,13.3586387040325,45.7831542711024,15.0
2.354166666,30.0064964687334,1.04567079326308,1187.51119957532,44.8795518219722,2486.85387524481,130.715238754974,424.112305386806,2.72269004671712,11.3986186499465,1.53345016159218,0.467748511532221,3.46134696985801,4.2583448975108,0.0198950428106125,0.0018846434492609,0.0010882476741943,13.5412717773252,45.5885630422712,15.0,3239.74555036961,67040.0,240,30.0082925947219,0.904215483647581,1190.51407731467,39.5198732931117,2493.65221466448,131.162816834507,425.471726416087,4.84428203939657,12.9986242999536,0.374190505449568,0.450574682074296,3.15031969346108,4.04415438513475,0.0041033968351313,0.0004219977762287,0.0002239942616517,13.3582413365863,45.7445218292459,15.0
2.364583333,30.0051023544094,1.04714959429655,1185.77265355176,44.7859659056228,2481.99848158336,130.56180271963,423.956045732227,2.66168937353576,11.374094063883,1.60890151356855,0.46783764063824,3.45275427231789,4.27170527736864,0.0211089424446627,0.0019736147119891,0.0011377376409212,13.530249712513,45.5353192763062,15.0,3234.45770157668,69760.0,240,30.0072636776349,0.904590877448315,1188.87168535826,39.4466561065471,2488.99441235587,131.026726909401,425.356967702341,4.76795505376793,12.9697274283449,0.401375584289104,0.450239875788498,3.14387947626515,4.05716611259518,0.0043994529871177,0.000452546615004,0.0002407907950245,13.3581990757286,45.6973012382089,15.0
2.375,30.0010033263484,1.06331599118934,1183.55253509761,45.0983657062892,2476.08458316586,130.337681331411,423.591333665168,2.48511676305083,11.2511589035624,1.8234660833338,0.47081327049298,3.46566883310558,4.30013769959344,0.0251007737802641,0.0022743276091119,0.0013101016526622,13.5196880852881,45.457429905422,15.0,3228.09144665382,86175.0,240,30.0054505828976,0.914106210691708,1186.93209674861,39.7474887489014,2483.69540908164,130.85473927605,425.106968990789,4.54376732121652,12.8884262802776,0.488183262008712,0.452037763429037,3.15856310888532,4.0774853804433,0.0053562000993281,0.0005523934068512,0.000297170973751,13.3618493984189,45.6375332175407,15.0
2.385416666,29.9936633033751,1.0806254548207,1179.59806490381,45.4962440538846,2466.58624875921,129.92298431808,422.547293609954,2.32794917805941,11.2186286538557,2.07813289468804,0.479755283055169,3.48145766069363,4.31933727840822,0.0295558752424861,0.0025340300818543,0.0014421967881969,13.4728261621851,45.3131000618549,15.0,3217.09795178009,86165.0,240,30.0011368213376,0.928690709017852,1184.27795947152,40.2543123113004,2476.9342739263,130.606752790933,424.564243504813,4.26309984212877,12.8446531519069,0.595975042158921,0.456643225230891,3.18388254154804,4.09403141651269,0.0065615328123689,0.0006535210949642,0.000351341637548,13.3559042630578,45.5512311238517,15.0
2.395833333,29.9871843644742,1.11889826387714,1172.93775683118,46.1918074048959,2451.50818728329,129.192917125209,420.450394417098,2.08824854924211,11.1214954146355,2.59767986806836,0.496028309976567,3.51320178539947,4.34799437943617,0.0405321202792702,0.003200101157485,0.001791993056795,13.4460962061092,45.058446440891,15.0,3199.00463212692,109020.0,240,29.9954201667306,0.951856137154772,1179.86091595897,41.0185478561297,2466.53877379554,130.1596237259,423.324777170551,3.87181069125712,12.8145306108659,0.817844354954204,0.464411564224736,3.22264655382644,4.11088449922048,0.0090969243145906,0.0008770028309121,0.0004734352309127,13.3531646553492,45.3954507022122,15.0
2.40625,29.9747680162033,1.18067494533868,1164.22584972496,47.4987483694644,2432.19247977241,128.202029136888,417.442788328474,1.80419569412755,10.9321962890487,3.54779627299989,0.530683847095817,3.58185004497061,4.38864864560807,0.0641199108632132,0.0045370335831658,0.0024787590402792,13.4065892897458,44.7120378943995,15.0,3175.70544991995,127090.0,240,29.9861127397315,0.991973990296852,1172.61377556458,42.3376566605152,2450.33126316497,129.387085624793,420.941123563008,3.24064802052966,12.7598851123851,1.32444931506115,0.481001889599671,3.29214657180804,4.13263270859823,0.0152615307908007,0.0013706346087839,0.0007404721261596,13.3480348677992,45.1259465727784,15.0
2.416666666,29.9711043000262,1.23205442634926,1156.8493930393,48.9924291634951,2415.55828510785,127.346922931754,414.744831755141,1.65183102567291,10.8241488955474,4.5949333118471,0.565419038141518,3.67124102968275,4.41529742616859,0.092696906298666,0.0061148017940347,0.0032985775273311,13.402523734914,44.4121777482797,15.0,3155.92802980936,123880.0,240,29.976733148189,1.0323179527492,1164.57945368151,43.6900838195174,2432.54221775582,128.519932686252,418.131357772525,2.73126501581788,12.8272969585273,1.99982055108869,0.500626638682899,3.36778767530872,4.13759050853771,0.0244399878092968,0.0020233295549908,0.0010881347150346,13.3443124544256,44.8229696227833,15.0
2.427083333,29.9765647517342,1.30722520679891,1151.71884075595,51.1757865299532,2403.71997929685,126.727257098289,412.744137600151,1.5277416973791,10.6072887519052,5.75995494379234,0.602100708868903,3.80278614546741,4.44758529480826,0.127449791261211,0.0079356534842246,0.0042699107452479,13.4745041498334,44.1936269813305,15.0,3142.7097211969,134210.0,240,29.9754262830057,1.07696749311445,1157.64156117546,45.2603603640283,2417.066682505,127.752983271464,415.582673436753,2.36823990219143,12.8700445852309,2.85115614298923,0.521162537117369,3.46088744705132,4.14203410205929,0.0382043509338457,0.0029476824463365,0.0015791406768503,13.3633748868852,44.5543132041047,15.0
2.4375,29.9761130584969,1.41106855887253,1147.95938840454,54.4288005489996,2394.60437642878,126.218240603608,411.028534312205,1.41559178874896,10.2590310214314,7.06013785355313,0.650941831209702,3.99908359502462,4.48842905737959,0.168499684195504,0.0100450991412662,0.0054497278212106,13.5763902323007,44.0128968765419,15.0,3133.68917788101,142595.0,240,29.976218192376,1.1378143712414,1152.2444886545,47.6658322417735,2404.84170479225,127.110737083305,413.412555626131,2.07102564673126,12.6987145065097,3.99317694357272,0.549647098803712,3.60509426795322,4.16744982318167,0.0617269520194482,0.0044126027984724,0.0023591453541868,13.3993234233934,44.3282015388577,15.0
2.447916666,29.9732579338681,1.53882902666654,1143.23689912486,58.3387717750746,2382.99716931915,125.55067111641,408.703376596561,1.32036118734577,9.8684792820882,8.37206092190666,0.707034617800663,4.24061622593695,4.53089937091551,0.207774906048207,0.0120317625572902,0.0066178042415388,13.6873041855475,43.7765438756606,15.0,3121.95257385579,153535.0,240,29.9750604391289,1.21400892953432,1147.45826976235,50.8880125059865,2393.7031777598,126.47666991319,411.226864916433,1.85722153219869,12.3359595572726,5.33228718473327,0.585958611757978,3.80149052123149,4.21055942396621,0.0978547488991968,0.006476484536615,0.0034665638330826,13.4455350739175,44.1036273242299,15.0
2.458333333,29.9733188182851,1.65350198072485,1137.49550663018,62.5764646866696,2368.56929823854,124.714612426453,405.750322643863,1.26197864441999,9.51768352587787,9.52486014026275,0.755497913340834,4.50995648928487,4.56846963900074,0.238457921249536,0.013571143813355,0.0075632937313844,13.7777208945153,43.4812804264022,15.0,3106.94061378908,155000.0,240,29.9733573805343,1.2940725223056,1142.09164882511,54.5189776569592,2380.89435760826,125.721406397073,408.58005580761,1.72560122681143,11.9177878840856,6.64943212070481,0.623613589485211,4.02860356638887,4.25649287601755,0.14099169079304,0.0087489505060589,0.0047103329166196,13.48770056826,43.8355751339657,15.0
2.46875,29.978338886605,1.75156360141791,1132.8170601341,67.1610836256839,2355.90577706076,123.956311946391,403.02241794403,1.22554141120574,9.21170144817223,10.3918660068452,0.784533024935707,4.80005886107982,4.60184205444243,0.258502930256618,0.0145589789714415,0.0081920352630287,13.8416683956207,43.2129264869701,15.0,3094.55668289845,155045.0,240,29.975371267999,1.37381715751834,1136.77352983541,58.312900057961,2367.68377388201,124.927847506851,405.754868851189,1.64802712103987,11.548214258674,7.73674231610075,0.654243770216373,4.26934032038088,4.29521573895483,0.180154871486818,0.0106590336693196,0.0057830817513028,13.5195781766633,43.5535581405542,15.0
2.479166666,29.9830267976905,1.83776754906786,1130.83168802017,72.1300046791943,2348.49065989797,123.463434871157,401.153226420933,1.19839832624369,8.95937986027044,10.8594689442298,0.79883991651538,5.11014958638294,4.62976423691027,0.27029763951172,0.0151537433039845,0.0085918101599268,13.868933975109,43.0366573252211,15.0,3089.32925341098,153565.0,240,29.9794664483538,1.45536755566376,1133.00734607065,62.3668408032075,2357.31101312805,124.269554504731,403.350361048904,1.59411517295009,11.2319740281315,8.49571642542097,0.678193203694315,4.52505286689336,4.32767814641471,0.210292820320583,0.0120439884261877,0.0065890342022144,13.5377027235957,43.3184607378942,15.0
2.489583333,29.9913768185394,1.87482409912038,1131.37169154933,76.6276459522599,2346.60354311042,123.267777368483,400.243592367293,1.20512606656119,8.84165990038912,10.8540949790037,0.792453578064855,5.38569874327792,4.64066536638589,0.275364087596061,0.0153444721600278,0.0087286390895184,13.8654047229767,42.9633994088174,15.0,3090.80823731745,135465.0,240,29.9846214526745,1.52086477846548,1131.62311917628,65.9892223545102,2351.91275273856,123.883907561079,401.806312630422,1.56882982478911,11.1106858381707,8.73549746909546,0.69029349033778,4.75237677970259,4.33590024226207,0.225321603716002,0.0126970304110757,0.0069862002628501,13.5330390991873,43.1784534320679,15.0
2.5,30.0017296837056,1.91927065556229,1134.24046001175,80.6984889254397,2350.72905406787,123.393642124338,400.400547074462,1.20033582788843,8.75897335355548,10.6487576227287,0.778925163457147,5.61645322084846,4.64390129324039,0.274587381987072,0.0152912031946244,0.0087144891569803,13.888426486074,43.0021795446546,15.0,3099.34827881139,129060.0,240,29.9932414977233,1.57643704438133,1132.40568735584,69.041121106929,2351.61746526839,123.779124783339,401.173384938573,1.55060051680802,11.1272197964898,8.59811973029666,0.694477819245165,4.93617243523932,4.32589024710546,0.226681271785991,0.0127379109833374,0.0070354334169621,13.5328427881008,43.1367034997461,15.0
2.510416666,30.0036990450144,1.97871891269107,1139.11994818183,84.795271937314,2359.60597707765,123.763391017479,401.36025317848,1.17617165500704,8.65882614633923,10.375363611575,0.775080066594384,5.84057570850507,4.6463667554463,0.272383285735815,0.0152692652389823,0.0087383862825078,13.9142727473966,43.1260103500518,15.0,3113.82813880711,129040.0,240,29.9997983769678,1.63539517499725,1135.31107564485,72.2754940622249,2356.32298926337,123.925285410663,401.387402370833,1.52221589909328,11.0891100547916,8.36356703520151,0.701363747567254,5.1202470317228,4.32093562643257,0.224262240585269,0.0126302781036651,0.0070073623584656,13.5415016828457,43.1826309069252,15.0
2.520833333,30.0023922487606,2.02038663295912,1144.22412298317,88.1935095085561,2369.07754617644,124.165639579619,402.413628611267,1.16156260127251,8.62108811693105,9.97956240371165,0.773649072688215,6.02872786841865,4.64101050916027,0.269260524791755,0.0151920227897587,0.0087252381009119,13.9164249447051,43.2612261859708,15.0,3128.50175478377,123740.0,240,30.0016401202267,1.68791858100782,1139.58704746081,75.3269774732086,2364.24739247178,124.234824042127,402.140834791061,1.49628837335583,11.0526478613307,8.03552955126746,0.709061792187772,5.29145568358879,4.31466177920928,0.219530506963209,0.012429857487555,0.0069240135632939,13.5429731071332,43.2856582922144,15.0
2.53125,30.0027051507697,2.05472331647418,1148.57457312588,90.8005484806877,2377.26143022517,124.501325800094,403.257523454399,1.14908658177432,8.61354044616269,9.5103531163858,0.77127144226079,6.17219589256552,4.63309381183618,0.263346104254977,0.0149665759807216,0.008610797007843,13.9200530991622,43.3736908930715,15.0,3140.82681898447,123385.0,240,30.0022688500076,1.73082789476282,1144.05284022147,77.8409202250009,2372.79071613296,124.577328588554,403.004630115586,1.47715672319669,11.0495268501251,7.61520670795316,0.714961803930436,5.4326013099284,4.30494045847435,0.21052191696581,0.0120345941243522,0.0067213579161515,13.543501946107,43.4006300262643,15.0
2.541666666,30.0052532985562,2.05651808968349,1152.26533035466,92.243569098591,2384.66564863695,124.802629506056,403.989860151551,1.16266685468284,8.68586851023796,8.9687016518515,0.765264378656905,6.24916107148985,4.61459361822777,0.255512440315084,0.0145522532528474,0.0083633069647123,13.9049979553451,43.4745244169036,15.0,3151.08117162354,108725.0,240,30.0030168055939,1.75352738873815,1148.01471128027,79.2913286999142,2380.72543788378,124.900982537894,403.796610802177,1.47823121358843,11.1661684044348,7.06931062191393,0.716874831928992,5.51289687552616,4.28062134930898,0.194969447741521,0.0113144140839733,0.0063169957721142,13.5305951245505,43.5097325654996,15.0
2.552083333,30.0056139010082,2.10070824643381,1156.24271257372,94.0003669803337,2393.01418008377,125.142505486579,404.893347770655,1.13264980900108,8.62007789743332,8.55401464787493,0.763344571459792,6.33736556384268,4.61434824073419,0.245726085138242,0.014179055426048,0.0081499231580109,13.9484486691151,43.5898457525063,15.0,3162.66221898567,128390.0,240,30.0054167151246,1.78383651341329,1151.96025701752,80.8823546896451,2388.79248974877,125.218748276002,404.614999621081,1.46777595071617,11.1561776657609,6.6132598790284,0.718870719761677,5.59850735503748,4.27382278132392,0.179500669255439,0.0105842363207108,0.0059091761387164,13.5457521404843,43.6175751930206,15.0
2.5625,29.9961980723463,2.13139410601667,1159.53342422972,95.7572692491014,2399.37159850048,125.364572906501,405.38811991623,1.1202361122903,8.59368986547476,8.19292637718128,0.773352499118141,6.43809369220026,4.61242888661585,0.240446553445357,0.0139884821537231,0.0080573160112,13.920325326051,43.6642493219103,15.0,3171.80942559295,125310.0,240,30.0016989009824,1.81974404235704,1155.97701771096,82.9622622043662,2396.92052014419,125.517843974033,405.402806325978,1.45224188650202,11.0090251299317,6.29194933940104,0.726884645913339,5.71299298281685,4.28600250598704,0.17088221270463,0.0101736308779143,0.0056870977917562,13.546848230815,43.7191550417557,15.0
2.572916666,29.9972614896482,2.13156513724866,1160.41131396234,96.2338947370318,2400.86049699391,125.330832686061,405.052488882203,1.13329815130311,8.64593431706832,7.81576951276151,0.775061964220726,6.47217272880183,4.60245710250361,0.23272665494617,0.0135539046801246,0.0077882917247018,13.899311308641,43.6499149194769,15.0,3173.65420663576,117760.0,240,29.9982235686862,1.83471807894108,1158.54246298258,83.8499333827858,2402.09518709899,125.6727798485,405.687849764964,1.45995620625373,11.0363213896645,5.89734442371526,0.73106279744259,5.76687615562638,4.27812414212273,0.157553937673515,0.0095093750724372,0.0053085635836151,13.5324285923388,43.7710343021427,15.0
2.583333333,30.0025265760688,2.13015538804162,1161.31171826517,96.4468552652651,2403.07997969281,125.33076439159,404.8608407187,1.14633226425846,8.65181834860939,7.47428658020647,0.77181324833716,6.48250206480545,4.59651341581937,0.223112419295682,0.0130221992940086,0.0074553317408304,13.910876197245,43.6479512800456,15.0,3176.00858221019,113465.0,240,29.99949061695,1.83808574571488,1159.89615039225,83.9444322714014,2405.04844517561,125.717019925966,405.615757701682,1.48122985142093,11.1332954951161,5.48273103310755,0.730721168660088,5.77470690240959,4.26214873415646,0.140756945765171,0.0086427231337323,0.0048094202590941,13.525005390236,43.785064095949,15.0
2.59375,30.0075278046156,2.10988072228489,1163.66119591801,96.2374727244264,2409.06781734562,125.531447909241,405.33261479042,1.17154179763553,8.67184200785346,7.12121138329308,0.765049238640555,6.46369765387771,4.5850145358686,0.212333686295142,0.0124208304017379,0.0070817966470056,13.9223995441432,43.7163451600789,15.0,3182.66017038585,100005.0,240,30.0026749366463,1.82909586729356,1161.37544123143,83.4102701261413,2408.84612044974,125.814480932114,405.720465658826,1.51733225965111,11.2979949662539,5.0280047327087,0.726866440693247,5.74251208206205,4.23572900160106,0.121484739014532,0.0076188698087075,0.0042219742526711,13.5133071960392,43.8183038042764,15.0
2.604166666,30.0137732302198,2.07863966802354,1167.25807024384,95.3260308099756,2418.41272994623,125.92098225962,406.434088016485,1.19823104721837,8.70887393221816,6.73470542467438,0.752303188589302,6.40140365576797,4.56762853297088,0.198425846119456,0.0116750377728145,0.0066218991018272,13.9512512726762,43.8511419177542,15.0,3192.90228239543,91345.0,240,30.0071000369964,1.80683461141971,1163.57715130821,82.166149013816,2414.78460955865,126.039457338739,406.241817321033,1.57053142591757,11.5427739547755,4.51262502025167,0.718471455348927,5.6667849928718,4.19635138320115,0.0999442339406971,0.0064327558898787,0.0035472258925577,13.5022790189009,43.8966350131935,15.0
2.614583333,30.0098003485473,2.10971888437548,1172.55559696332,95.9158137261541,2431.14266937146,126.472772333778,408.126570683691,1.15371337765536,8.47817828149128,6.60287024154946,0.74711830139427,6.41792598566359,4.58595661669096,0.19326160050892,0.0114977842226256,0.0065209645566908,14.0510417430578,44.0432202223297,15.0,3208.69248247555,122540.0,240,30.0107802739798,1.81236741679897,1167.35996268496,82.4825550154457,2423.97338391245,126.400959081591,407.30594508505,1.57357392374891,11.3826129443804,4.31133905236624,0.713886373896348,5.67464692807431,4.20731636139501,0.0932864529015784,0.0060532747826076,0.0033358089043414,13.5418835521881,44.0224237172482,15.0
2.625,29.9950110430563,2.0996012895424,1176.28183358119,96.0192870914656,2439.69643238337,126.811690055792,409.059327617218,1.15460266065639,8.46182152930709,6.42144021016232,0.752764149578475,6.42440281745818,4.58527208171679,0.193537147721803,0.0115602839388047,0.0065784135341744,13.9810833229583,44.1608447476244,15.0,3219.0220616075,111770.0,240,30.0042692797186,1.82314559136958,1171.97446077408,83.4588219025249,2434.72349313507,126.829495407227,408.603287690075,1.55698200811314,11.1034968364827,4.25242286452031,0.716473451231372,5.72244153604104,4.23546429029611,0.0934718043270987,0.0060822194903187,0.0033607228607587,13.5393251496087,44.1714252802559,15.0
2.635416666,29.9976726580739,2.06036488777805,1176.10061892459,94.364736349487,2440.09808823114,126.747370478284,408.680451230544,1.18879931158624,8.63170779047373,6.11445498501639,0.743820339006323,6.33764053698108,4.56488026420607,0.182956251214203,0.0109556588678405,0.0062059869446042,13.9244821902341,44.1385613303694,15.0,3217.59736990831,103775.0,240,29.9993408963163,1.80536145558099,1174.46898861507,82.64538864521,2440.97450971872,127.058975778919,409.186569192497,1.59252007174171,11.1857091733291,3.97404821173545,0.712335520867153,5.6782988339127,4.22217611445073,0.0832514652048174,0.0054999774608612,0.0030342734370689,13.5099976337991,44.2516852909883,15.0
2.645833333,30.0027063700407,2.04517634099662,1175.77667188891,93.220801685586,2440.44558005568,126.678008164406,408.341541725235,1.20155160811615,8.68891530789637,5.90225620886785,0.73451202051314,6.2695619722608,4.55768264767051,0.173127193251229,0.0104149131346202,0.0058733593324065,13.9213387102519,44.1150061091452,15.0,3216.43320722172,109120.0,240,30.0003361650361,1.78567423044961,1175.21925519689,81.5204480598648,2443.4597564072,127.100831875611,409.183258138259,1.63638664578564,11.2854635374274,3.71421228163882,0.705582206603984,5.61532933607162,4.20918205083602,0.0737296712417175,0.0049383394604092,0.0027183616289782,13.5029642901369,44.2669132000241,15.0
2.65625,30.0055765979301,2.00413880032085,1176.95053844559,91.8300923610762,2444.29124900883,126.798285677897,408.608742703302,1.245316716334,8.82098953211171,5.6360108379347,0.726575569795401,6.18698345902472,4.53755450788543,0.161661823241815,0.0097818365058204,0.0054947188868972,13.8805839960159,44.1575057133205,15.0,3219.47731043251,88925.0,240,30.0021452472154,1.75617877500764,1175.81067295651,79.9869436252877,2445.87033088818,127.153674520388,409.214977889253,1.70537442519087,11.4831107462771,3.3906742644335,0.698234439407389,5.52627545932942,4.18257470725478,0.062415125519546,0.0042538315479321,0.0023345834095511,13.479287106812,44.2862700269687,15.0
2.666666666,30.0130664444682,1.96191313132285,1179.34587922732,89.8523501832067,2451.20462942653,127.093437871368,409.46603854598,1.2828561442714,8.95628083279533,5.33467828630565,0.711868737166388,6.06986889800649,4.51273231728593,0.145573975256504,0.0088987871478993,0.0049658964072333,13.8957310386422,44.2613564992898,15.0,3225.91776881527,85235.0,240,30.0059326474332,1.71346816299035,1176.96922558936,77.7760296409072,2449.82996834349,127.307730741146,409.572319476191,1.81408566857513,11.7998134824014,2.97008718431616,0.686722998807041,5.39797164768469,4.13801096360301,0.0497780796409395,0.0034640116526807,0.0018935601257521,13.4638381044321,44.341062994083,15.0
2.677083333,30.0150579562796,1.94184461112651,1183.37348603678,88.6415618085403,2461.62660774694,127.566201908438,410.957336669887,1.2835313654098,8.90768877301546,5.18929774674715,0.700953715870462,5.99131607141099,4.50987997986244,0.138346195121137,0.0085069515316302,0.0047327938704795,13.948009617666,44.427068552743,15.0,3237.4441970425,93775.0,240,30.0105026285811,1.6824064134192,1179.24343063908,76.293491333247,2456.14403787797,127.573668262193,410.361375375453,1.89038635621587,11.8959707505607,2.72384662330949,0.676439115065299,5.30805130120313,4.11988229005132,0.0435611678232601,0.0030778819407745,0.0016820400775889,13.4754853323319,44.4346446098755,15.0
2.6875,30.0097594055931,1.91764303023104,1187.91201605047,87.5565322909667,2473.0137617959,128.088848150618,412.611566272812,1.28479993659351,8.86330991925883,5.10493480421156,0.696239562405922,5.92243808944418,4.50917682299558,0.136089791031582,0.0084053641398559,0.0046776556331337,13.9513061543752,44.6099274760609,15.0,3250.34448902762,93540.0,240,30.0113949287768,1.6609634278433,1182.74059165524,75.430417652871,2465.05882128185,127.966346222005,411.603457656875,1.92286478047814,11.8348624430835,2.61883223817596,0.66956255291189,5.25204664399358,4.12130043901324,0.0411102272621247,0.0029302010350126,0.001603194394669,13.4817956665792,44.5722574819445,15.0
2.697916666,30.0053338103511,1.88649060249953,1190.9894563629,85.9908049699771,2481.17088466621,128.450028436907,413.738300325591,1.29122270637158,8.88282218663208,5.04475905389353,0.69072943233198,5.83166850637179,4.50422139223209,0.133504606174484,0.008274770402208,0.0046018338419062,13.9427899317677,44.7365471823925,15.0,3258.80701645799,95625.0,240,30.0091631245386,1.63770272292445,1186.42902119749,74.4798211394409,2474.37865417292,128.384224770326,412.929577308496,1.94716036759926,11.7826082102869,2.55046867556361,0.663132410858944,5.1934898089751,4.12301124268781,0.0394997498890118,0.0028335367532898,0.0015513883357299,13.4811486519476,44.7185821874771,15.0
2.708333333,30.0034379769634,1.84766415366464,1192.35817391469,84.1258839514385,2485.59864485483,128.626048927383,414.267645486521,1.31007210754992,8.95220640518239,4.98452065598295,0.683149041150619,5.7259653067238,4.49538179558543,0.130114828593804,0.0080954717634282,0.0044968134868402,13.9185537463832,44.7986725565002,15.0,3262.33130226852,92675.0,240,30.0064538871727,1.60918223383193,1189.25886474571,73.2150704816586,2481.82367148255,128.714444419338,413.966001134401,1.97752366941893,11.7890633594185,2.48563564295725,0.655721796301047,5.11959429785259,4.11941863652967,0.0378269556659962,0.0027281535246301,0.0014931404280725,13.4743209614661,44.8343265392507,15.0
2.71875,30.0046553139071,1.80742616457061,1192.96704545184,82.1767563224209,2488.34161787518,128.726419098199,414.561643280785,1.33657669531149,9.05224159068364,4.8771866204835,0.672577097740071,5.61527993755403,4.4831441298414,0.124270053989113,0.0077746964825909,0.0043089100357299,13.8965533752786,44.8345842821377,15.0,3263.70604973292,90145.0,240,30.0051795782557,1.57532056750771,1191.02276101683,71.6185573771129,2486.94222505992,128.938009093722,414.652563552961,2.03018559148141,11.8735495525082,2.38186214204126,0.646641810820845,5.02799541669509,4.10737619951405,0.03530546091477,0.0025652184665401,0.0014024459646224,13.4648730254225,44.9129056782895,15.0
2.729166666,30.0065553037748,1.77199187349107,1193.72965348253,80.4102024554526,2491.30316259763,128.848612291791,414.944088697247,1.36341684377557,9.15008597965705,4.72661330795906,0.661305787732247,5.51347058789253,4.47109082432508,0.117225184341324,0.0073869898838326,0.0040846264160705,13.878582330937,44.8782512252854,15.0,3265.58547806245,88860.0,240,30.0054690147628,1.54126806588853,1192.19653511656,69.9827616073535,2490.70499667793,129.101707982916,415.157302152684,2.09709600245687,11.9792955423838,2.25422776093793,0.636941134150551,4.93381493088816,4.09343504201761,0.0324635695673298,0.0023808452316687,0.0013004032670453,13.4574079514983,44.9706455395778,15.0
2.739583333,30.0071551752718,1.74409267083988,1194.9494634877,78.9398561829554,2495.09292661034,129.019730391069,415.504894423003,1.3832180825133,9.22348768498815,4.5757640825074,0.65218628430301,5.42733077581126,4.46249598483766,0.110937924179633,0.0070396665127753,0.0038856116361904,13.8658352747658,44.9390441817119,15.0,3268.83443645758,90465.0,240,30.0062770866537,1.51173049239322,1193.29628209374,68.5713669753697,2494.17164166248,129.254734687856,415.652488203768,2.16237805914393,12.0505221696957,2.13659719313972,0.628189569067544,4.85148943766002,4.08458620733338,0.030045275191185,0.0022257086574655,0.0012154565220352,13.4537516435125,45.0247090933513,15.0
2.75,30.0059839771046,1.7190414898674,1196.31288002148,77.636983290209,2499.05426988179,129.204165954374,416.117752876903,1.40062560749791,9.29376741486726,4.44691655909503,0.64540661106922,5.35085602385563,4.45532186915049,0.105859278861683,0.0067611695397154,0.0037278758112127,13.8464933011806,45.0044596404394,15.0,3272.49788374889,91025.0,240,30.0064273021737,1.48690624685418,1194.52906575594,67.4083049301931,2497.79109252048,129.418351283398,416.203368287723,2.21835201067646,12.0862080700296,2.04051052127356,0.620934707720071,4.78279722719375,4.08108749117778,0.0281632638589089,0.0021046225339343,0.0011494049587475,13.4498809105003,45.0825196830974,15.0
2.760416666,30.0046874893542,1.69389351696763,1197.32945438461,76.3240298817428,2502.19779989752,129.351041095067,416.611053661892,1.41812515108387,9.37618756659901,4.35294270587996,0.639882357395914,5.27477706562814,4.44744580816976,0.101667483375273,0.0065278195999868,0.0035949999085342,13.8262540656442,45.0567173644901,15.0,3275.15257221399,91045.0,240,30.0058112112711,1.46375496469231,1195.74714636324,66.3302820006648,2501.28488858169,129.580116888595,416.757351571058,2.27143312998735,12.1226450651729,1.95724793503588,0.614569065205357,4.71924005754056,4.07833287372409,0.0265763899444193,0.0020010824602789,0.0010926105742507,13.4446569271621,45.1397143880673,15.0
2.770833333,30.004017508502,1.66963120833721,1197.87698401265,75.0437837235696,2504.29988456579,129.446986922835,416.943762700724,1.43313476799573,9.45516019920307,4.3109997768048,0.634988933455586,5.20089729138886,4.44017617300794,0.099025036356197,0.006377698891607,0.0035078695137705,13.8116134153133,45.0910722024639,15.0,3276.52685559603,90965.0,240,30.0050223900733,1.44131709436448,1196.72474917045,65.273736615012,2504.19860795217,129.716975794605,417.233926385623,2.31809479903994,12.1690371856016,1.89705459619306,0.608604651718718,4.65734982292001,4.07492957534999,0.0254233005703683,0.0019261790019763,0.0010512542003706,13.4402145530022,45.1881940957868,15.0
2.78125,29.9993080823375,1.67591931931696,1197.88323112779,74.6494229210225,2504.97001070003,129.450349104456,417.020847742005,1.38796130725923,9.35806434193606,4.51093856387153,0.635923354151793,5.17513134794107,4.45763209975491,0.107724820208721,0.0068579590355006,0.0037739670412431,13.8272505511951,45.0926034469716,15.0,3276.7998487817,112185.0,240,30.003511797291,1.43749737706039,1197.4065364026,65.0358605327634,2506.2582975094,129.793515677229,417.552841605305,2.25433504021201,12.0269458273998,2.05248819788702,0.606117375924918,4.64115965035912,4.09758309067572,0.0282271941573364,0.0021422362165852,0.0011742210359329,13.4564596599504,45.2154778117148,15.0
2.791666666,29.9902182564938,1.67311914873883,1195.31266716349,74.379649332886,2499.73444703103,129.145386514034,416.057402710272,1.36814566094658,9.3548990630203,4.76825946795794,0.643022383340228,5.16086389746836,4.46760853211407,0.11873191905481,0.0074981377456323,0.0041417154822031,13.7651169855836,44.9863366894169,15.0,3269.71191708085,109210.0,240,29.9976182057897,1.44272343374229,1197.03037967937,65.2271729657848,2505.86011103317,129.737114309269,417.422329123855,2.1345208194789,11.8697738877802,2.31813421407975,0.608302516138114,4.65019391748223,4.12458340267479,0.0331715116478519,0.0024781250443565,0.0013593854195663,13.4511195778614,45.1962613037794,15.0
2.802083333,29.9914021284765,1.66365635498713,1189.42576673162,73.6817407846046,2487.34004285374,128.484390670239,413.905126368391,1.37822959374941,9.4623693317807,4.90225572636028,0.64361549049464,5.1239925433184,4.46392428468959,0.122668270522588,0.0077114374829944,0.0042596052894727,13.7227346187595,44.7562634441713,15.0,3253.19499813957,106950.0,240,29.9934397255069,1.43877541349275,1194.20546799032,64.8687388560962,2500.12620704608,129.421513777426,416.393588547916,2.08906112152234,11.9165299984288,2.47144625553514,0.6084126512195,4.63075899994655,4.12685730642601,0.0359815815512738,0.0026595652032652,0.0014560336060108,13.4367010486969,45.0866198093747,15.0
2.8125,29.9951226654112,1.66840117326729,1184.59710866897,73.4912944528805,2477.16061979396,127.937523920419,412.124612271525,1.38283272940578,9.51445359273154,4.9392762703814,0.644874900305132,5.11252946665514,4.46482075799394,0.124009995306883,0.0077769080933384,0.0042947678617732,13.7137355833258,44.5661699447119,15.0,3239.90799678935,109120.0,240,29.9935914210449,1.43664731896949,1189.77252438917,64.5050283885845,2490.85215561559,128.926744073593,414.771861977836,2.07140966268955,11.9960472714521,2.56730047768699,0.608213557139411,4.61025180641078,4.12506116827347,0.0377435951415522,0.0027757203666345,0.0015180541654611,13.4328805518926,44.9145317867766,15.0
2.822916666,29.999624018052,1.65415355671147,1182.90591553926,73.2246946448495,2473.86495710388,127.754607294312,411.488361112072,1.42215116529471,9.63488795677821,4.82949265964074,0.644294576840074,5.0973225080696,4.45234822566954,0.117659095572108,0.0074313686754652,0.0040987348401204,13.7070269662465,44.5031815548944,15.0,3235.30628793695,92015.0,240,29.9954789529915,1.42709577001573,1186.31723166929,63.9037616911787,2483.76525780755,128.557595278919,413.526536057212,2.11589401975042,12.1849546926778,2.48145469458191,0.607017869166879,4.57559275158333,4.1062936018917,0.0355683601473412,0.0026151595559967,0.0014248860130816,13.4226658593172,44.7863901240822,15.0
2.833333333,30.005864577324,1.65755301558546,1183.60740658563,73.2200145199361,2475.89060018397,127.844872314019,411.764665631287,1.42213560447688,9.64550872286396,4.77209281709833,0.639735489963078,5.0936821509044,4.44941911192449,0.113790299981246,0.0071867347084444,0.0039519146543874,13.756894725989,44.5353407982124,15.0,3237.64717502479,100520.0,240,29.9998833789004,1.41880962794531,1184.63457654693,63.4110597108718,2480.5524551039,128.387505720674,412.937032934966,2.1727696781534,12.3351577476416,2.36821259115431,0.604036769917616,4.54622613373376,4.08935415537884,0.0333256895291378,0.0024677141328549,0.0013431982372739,13.430290041566,44.7276330827638,15.0
2.84375,30.000030818487,1.69259839291762,1185.64564394984,74.3627700934743,2480.50975897089,128.044527094093,412.429450367312,1.36664059741903,9.46429827083926,4.94660402217414,0.648518204622691,5.15265322651314,4.47132700395847,0.123439920790698,0.0077173404957369,0.0042552887353062,13.794391457668,44.6049660215077,15.0,3244.19783737284,116950.0,240,30.0020371479258,1.43640605839338,1184.72904518559,64.2205437085033,2481.00822650316,128.372223323672,412.912781088607,2.10871530008905,12.1607732323495,2.52031874667623,0.60756282887851,4.58828665388312,4.11293260339021,0.0366867319771673,0.0027097613737487,0.0014813743898712,13.453766790098,44.722697663777,15.0
2.854166666,29.9919599778414,1.70237759118036,1185.66524605285,75.0031661844657,2480.50662172403,128.006126039314,412.263469100075,1.3516066759649,9.43887496735766,5.13039594611607,0.660758605946169,5.1926484354641,4.47708284435048,0.131896663772517,0.0082007246062131,0.0045384181799423,13.7669458604082,44.5914066050272,15.0,3244.52702677932,109250.0,240,29.997518829833,1.45475910013801,1185.43101100646,65.1821810614065,2482.68865186703,128.415060463411,413.047077299448,2.03028368948974,12.0120639284622,2.70909784977,0.614727274220647,4.64176679115943,4.13329223907254,0.0407664752308257,0.0029732333449272,0.0016267942282333,13.451728800985,44.737895694119,15.0
2.864583333,29.9942950739195,1.70777289740047,1183.35296231728,75.1265128024703,2475.66036576583,127.720672258786,411.284291909027,1.34480341712033,9.45168622157128,5.32838726638902,0.66494045627852,5.20417567406897,4.47790660282853,0.137321305155343,0.0084763129694642,0.0046902728122195,13.7748668207853,44.491793268007,15.0,3238.22744874105,110600.0,240,29.9949338496845,1.46192296791611,1184.85140273598,65.5129290478828,2481.61104219264,128.32631033519,412.707710993614,1.99287080978853,12.0149346473858,2.84191593901852,0.618250272533076,4.6633986247604,4.13485227862393,0.0436116732220235,0.0031500450329917,0.0017215334117242,13.4506222819329,44.7070716216324,15.0
2.875,29.9976699415899,1.71230781230759,1181.37775482419,75.4595463024172,2471.71768743495,127.477614247558,410.440893660498,1.34275921128464,9.43407585003848,5.53001835316147,0.667932443343042,5.22399687074684,4.47964018164675,0.14311050176866,0.0087763220741421,0.0048591853399136,13.789883553456,44.4067759639835,15.0,3233.1602043252,105755.0,240,29.9955999523201,1.46608080797547,1183.29346588154,65.6666157279054,2478.51434197913,128.135669481787,412.021225839773,1.96362420712594,12.0534316418787,2.97646372214318,0.620318831228157,4.67430020550834,4.1309000996237,0.0464213031768111,0.0033224709070954,0.0018133765594338,13.452684050401,44.6405621653753,15.0
2.885416666,30.0032849327915,1.69972957203531,1181.00662766844,75.456066368064,2471.55110036894,127.439057341214,410.240487238726,1.36261159768638,9.47804408257187,5.61206227130617,0.664391481624717,5.22340253998306,4.46942131664616,0.143311635391993,0.0087766508309493,0.004855202325224,13.8060440716336,44.3930591455982,15.0,3232.56479859824,92910.0,240,29.9982326228726,1.45981191018344,1182.07104562766,65.3572549816437,2476.38392435921,128.009756077441,411.512360305139,1.97551031783789,12.2159336928098,2.97838306723578,0.618798860296293,4.65770616108824,4.108059946048,0.0459565932036132,0.0032795268629094,0.0017852007373891,13.4479271383268,44.5965670568181,15.0
2.895833333,30.0020144040308,1.75390219893836,1182.31819106037,76.8062312078259,2474.87929355933,127.552281170614,410.598640859873,1.28887160002968,9.21614193935648,5.96170386663567,0.67223786642648,5.29368942033726,4.49667621172681,0.156079259012154,0.0094441147407179,0.0052369459445458,13.90016678926,44.4319325190911,15.0,3237.43992778283,126725.0,240,30.0019761194121,1.47963746691769,1181.84627193319,66.2268972800705,2476.31495843522,127.955016608898,411.30180076019,1.90235873495675,12.0502199419486,3.2590078339314,0.622130748378066,4.70497321813482,4.1256053228017,0.053285100539186,0.0037523710729614,0.0020475061205373,13.4866211720055,44.5769677083797,15.0
2.90625,29.988896008204,1.77669923765213,1182.47802761277,78.1999192927125,2475.07449965125,127.494576471365,410.330273386105,1.26262900810999,9.08100177021857,6.2891554921811,0.693181249512959,5.37934852724831,4.51222975176688,0.173131390949063,0.010397304471613,0.0058144307995205,13.8663544325907,44.4106288347331,15.0,3238.49094393671,116715.0,240,29.9964793484315,1.51081080024188,1182.37617500809,67.9187918688083,2477.69447018673,127.94829295321,411.250017976114,1.79128044860623,11.7391038235767,3.69925445976512,0.63452239969749,4.80061485951402,4.16179030947681,0.0657663414449968,0.0045232996435544,0.0024756482089383,13.4940284674983,44.5737255013339,15.0
2.916666666,29.99269876699,1.77406957321863,1179.55117456449,78.3792709379428,2468.80250734877,127.122654061971,409.005209586368,1.27292510366729,9.11228305160516,6.40421209073678,0.694417366770802,5.39962996329658,4.50897666564739,0.176711245516287,0.0105654722972183,0.0059110317998355,13.8551406354386,44.2802987597412,15.0,3230.35583644446,111860.0,240,29.9928438772455,1.52006680206729,1181.5200353567,68.4440038777677,2476.04744876971,127.811095692768,410.69371587115,1.76159211433903,11.7243449458643,3.8742726378082,0.639057010378602,4.83697351963422,4.1618440900157,0.0707249253897556,0.0048152024513471,0.0026349046883756,13.4844898419736,44.5250674097146,15.0
2.927083333,29.9992008079834,1.77834162278968,1177.30121330212,78.7757777937679,2464.30969876207,126.844687213931,407.994646030357,1.28006402683955,9.1090383606932,6.46991624418123,0.692030311714898,5.42361644305714,4.50719590694737,0.177309954221061,0.0105720864947552,0.0059100489953767,13.8688327408549,44.1828776777065,15.0,3224.55667558496,108625.0,240,29.99499340138,1.52368416814291,1179.53510717871,68.5684334722245,2472.0729801268,127.563765339834,409.764171815905,1.75829300159919,11.7834604286698,3.93756249065263,0.639724511808527,4.84879863825972,4.15256403370471,0.072165112587568,0.0048924352118261,0.0026744496714737,13.4837126149058,44.4381613085931,15.0
2.9375,30.0063671423841,1.74980270491722,1177.51269548763,78.5827708740349,2465.55393321162,126.881830302229,407.976520595587,1.32376959750329,9.23498339042121,6.33750004971452,0.681507360712063,5.41161881720813,4.48402033582206,0.170822759984508,0.0102130250616971,0.005694943484027,13.8569856498227,44.1952602826045,15.0,3225.52725806527,85415.0,240,29.9990378301661,1.51133294781424,1178.30740959246,67.961138375509,2470.0850653771,127.446177389924,409.215437512728,1.80184287214932,12.0426250233526,3.7576005938447,0.635291679618408,4.81584048794814,4.1148293722254,0.0658390656242166,0.0045016387004756,0.0024541166088647,13.4654697937742,44.396815580103,15.0
2.947916666,30.0080527013814,1.80088288338569,1180.21889827493,79.8331437794632,2472.04822400982,127.167929539847,408.851997069949,1.2591044732325,9.02496929651085,6.46276626060143,0.67973729145891,5.47313167236648,4.502278542987,0.173581528262602,0.0103642456735292,0.0057808127632189,13.9694058394037,44.2946329351531,15.0,3234.31111920687,124840.0,240,30.0051013480757,1.52487783032419,1178.64364697458,68.5428049033829,2471.36559321193,127.466472433638,409.194914681243,1.78255208428862,11.9671822933078,3.81740230571222,0.634392281789105,4.84603661528656,4.1181502907747,0.0684020431331279,0.0046534524256621,0.0025390629998053,13.5053063225401,44.4032489669861,15.0
2.958333333,29.9929353206222,1.81873706903161,1182.61773947336,81.2765371637815,2477.11221156676,127.37464773956,409.398975553631,1.24035396414713,8.95249798790928,6.58021423379007,0.695837704415622,5.5576648064373,4.50854901873203,0.185028040549951,0.0110267511596381,0.0061981205217851,13.9123958296408,44.3655602313567,15.0,3241.60925379633,112700.0,240,30.0008406676575,1.55420030947812,1180.61081914293,70.2776597760191,2475.92176498481,127.625575164531,409.655376619054,1.71453737198129,11.6675913455218,4.08078011888297,0.64419140555539,4.94137337463542,4.15063514825556,0.0779318956786654,0.0052325217553411,0.002867388258279,13.5103494738733,44.4577523149076,15.0
2.96875,29.9934530609707,1.82187006456404,1181.08219889416,81.4168514305075,2473.69366264723,127.15977897046,408.559128463459,1.24102772182476,9.03638846003861,6.55215065791307,0.696356635662272,5.57465027059732,4.50008084425021,0.185445376906575,0.0110439249017042,0.0062090293930125,13.8825055956998,44.2900446843492,15.0,3237.15124881762,116715.0,240,29.9960877127896,1.56607515247595,1181.41747536706,70.9804761194241,2477.81118226151,127.669924477139,409.676861947651,1.69511568838774,11.6325979364748,4.14397804956884,0.648352929906724,4.9858854848056,4.15296969213683,0.0807078041069317,0.005397043637576,0.0029610660852392,13.4992947353033,44.4723955508291,15.0
2.979166666,29.9966896409635,1.81921887661792,1178.87187495174,81.5644616534023,2468.9744912602,126.87851151106,407.513941391912,1.258037784924,9.12778625721542,6.43722849942395,0.694654666131472,5.58708061913411,4.49029293181107,0.182436985848756,0.0108691926757211,0.0061052268045958,13.8511573148998,44.1916278114131,15.0,3230.9961814348,108690.0,240,29.9954132006177,1.56991624129451,1180.42443256068,71.159871333814,2475.80052536193,127.523890992022,409.066831258746,1.70133595265744,11.6998891747588,4.0994098941927,0.649592196349193,5.0009049771259,4.14471706740987,0.0793161702346546,0.0053150572038168,0.002915700010696,13.4871554100382,44.4209710507706,15.0
2.989583333,30.0035755790753,1.80504998839491,1178.47714557892,81.420529031278,2468.54341358262,126.826021769376,407.211013625135,1.28970745905724,9.26128854948343,6.17545298617835,0.686923955301572,5.57897597861319,4.47154208354311,0.172413586561836,0.0103245615349105,0.0057803062079853,13.8380590045374,44.1732719116171,15.0,3229.98854662421,97145.0,240,29.99811941777,1.56216932013315,1179.34834034689,70.6975110404984,2473.83980416534,127.39962096425,408.5059433246,1.74568842163245,11.9248765908944,3.85225366659877,0.646603636826979,4.97724877035518,4.11541117633895,0.0709411333043548,0.0048121256753739,0.0026343316607896,13.4708108614671,44.3776104117526,15.0
3.0,30.0108799184535,1.78762019345514,1180.14727517536,80.9951324195873,2473.01053802836,127.034434304065,407.769066554553,1.32041147911142,9.38876273892924,5.83894281811222,0.676029178262825,5.55038262256603,4.44931761559146,0.158199002203893,0.0095687246221144,0.0053340576072089,13.8501718829313,44.2462227969129,15.0,3234.90200195913,89575.0,240,30.003125705796,1.54625869749097,1179.29243320948,69.8365935924288,2474.37013732392,127.416434240039,408.404811687388,1.81871414515599,12.2174311471172,3.47462573958046,0.640572836934847,4.92791033156122,4.0749173563325,0.0595302296696698,0.0041101082776759,0.0022434492719324,13.4603261859853,44.3837884414082,15.0
3.010416666,30.0144708106072,1.77791321757386,1183.5875008227,80.677379472329,2481.45394463612,127.450972522517,409.030677149347,1.33317678657878,9.44689870706583,5.53769689385642,0.666372842578856,5.52503522853659,4.43381218256335,0.146039857768708,0.0089240140130637,0.0049582299015213,13.8797580307183,44.3919400270696,15.0,3244.94431097256,90780.0,240,30.0083129464679,1.53170018737638,1180.6346646143,69.1368537517835,2478.07076467928,127.594046453958,408.863116325388,1.89437884683199,12.4199231394122,3.11935521611286,0.634401646901308,4.88479510686031,4.04373149950382,0.0503705478921324,0.003537349280292,0.0019279878825362,13.4612750379185,44.4461517014574,15.0
3.020833333,30.0125171018195,1.77039937578345,1187.94060538217,80.4396561295669,2491.79138568311,127.967157782923,410.6308229436,1.33578785779012,9.47182881852758,5.3076089746272,0.66081351700667,5.50491545460866,4.42362863854344,0.138368261183068,0.0085250621696713,0.0047309021277763,13.89433810235,44.5723929463296,15.0,3257.50651565077,92805.0,240,30.0110841530277,1.52271593337205,1183.3887801784,68.8343557958605,2484.84419250891,127.921081938417,409.850898400819,1.95082354925787,12.4794023929977,2.86416003268642,0.630100131976399,4.86273099663901,4.02997218600593,0.0446049007677887,0.0031764700679786,0.0017323668270535,13.4657253812569,44.5606422227383,15.0
3.03125,30.0037838141082,1.7864077148129,1191.84612360856,80.7224118627283,2500.7484741124,128.401424739891,411.994418320323,1.29615724540229,9.39353729314009,5.29635633513078,0.662113063852328,5.51595168721157,4.43206929948042,0.141131900092372,0.008690853220584,0.0048302279853253,13.9134301065554,44.7240621886082,15.0,3268.82768612438,113565.0,240,30.0096141932608,1.53150018773311,1187.23690968085,69.4543073221463,2493.74332772117,128.334490472532,411.178977138372,1.93275443055122,12.2807060463975,2.85759325303962,0.63002049104752,4.89273403801402,4.05122206717948,0.0452636788604127,0.003238142286128,0.0017732815836509,13.4863316816824,44.7051084077647,15.0
3.041666666,29.9933377712882,1.77964338766503,1192.52130750513,80.4855050385399,2502.34674467691,128.456578962976,412.091301411881,1.29414981231058,9.47360463356488,5.32782268545429,0.668957492012439,5.50694875774286,4.42738667234872,0.145215340004906,0.0089416566636422,0.0049852052896235,13.8404725258567,44.7433596329927,15.0,3270.48359792133,106830.0,240,30.0021513273913,1.53938648390146,1190.31953294533,70.0509684830065,2500.76999379904,128.650760421948,412.177043369651,1.89225603482248,12.1160803910454,2.93755248409213,0.633327713817434,4.92519023702116,4.07256257362037,0.0475254383943768,0.0033872873701672,0.0018585263084138,13.4763148221131,44.8156667201466,15.0
3.052083333,29.9936794880846,1.77772765283504,1189.794731594,79.8927391263208,2496.66025688266,128.132227615859,410.973430425977,1.29154275189514,9.55952500367709,5.43008366343345,0.671483172584245,5.47929588437117,4.42355706568009,0.147440732741836,0.009044490764548,0.0050381112950896,13.8125797602758,44.6305393945218,15.0,3262.56294377951,112980.0,240,29.9970780986137,1.53782454119892,1190.79225859276,69.9751359310105,2502.03521821353,128.681372278949,412.217109925956,1.87737890926317,12.1126541105303,3.00103051313043,0.634373891131642,4.92412744814929,4.07725821994771,0.0490952582151083,0.0034867882300045,0.001912771460692,13.467144085476,44.826588183052,15.0
3.0625,29.9943053166251,1.78240637051511,1186.40346036922,79.7945071922855,2489.5953826774,127.721589845493,409.589519820999,1.28592433578985,9.56143628820984,5.67282110051292,0.677677710802483,5.47704025808305,4.428146493497,0.154375509240812,0.0093988898643492,0.0052383656891102,13.7990743015275,44.4873037890693,15.0,3253.19382277084,112260.0,240,29.9952389475337,1.53839000965644,1189.03272836846,69.9044135652782,2498.43424900146,128.456911222886,411.431518232821,1.85028614491643,12.1094575825872,3.15660657087552,0.636439810834227,4.92315122052989,4.08316829212511,0.0527453410833267,0.0037131108309289,0.0020353745650846,13.464448947252,44.7484154253048,15.0
3.072916666,30.0019076271262,1.72815922063349,1184.82965784239,78.4696524298807,2487.08602431836,127.571562497086,408.987054846131,1.35755435080064,9.791040888038,5.66052180494396,0.669917981597314,5.4066026734339,4.39634203467734,0.148506218535725,0.0090676736991191,0.0050386159977555,13.7650297259069,44.4348362125985,15.0,3248.53409110984,74235.0,240,29.9962225636642,1.50995761124846,1187.13207869891,68.4730464381146,2495.01972612491,128.279820422908,410.717996167507,1.91429375492028,12.4653961626021,3.00889376517306,0.631433459052012,4.84530640325166,4.03838499790215,0.0476010079239204,0.0033630129627728,0.0018329426508017,13.4349859967681,44.6868850929754,15.0
3.083333333,30.0166839243002,1.6879030609348,1185.77359218835,76.5909618877072,2490.56687303003,127.753995585549,409.492416033852,1.39858625308714,9.99564764088013,5.50188014985986,0.649381461639179,5.29953803179727,4.35950202973814,0.134468148936169,0.0082713768215932,0.004559099167112,13.8256015253439,44.4987197622724,15.0,3251.00741886582,75165.0,240,30.0024199371114,1.46395353463107,1186.2426476097,66.1128207223215,2494.16537602553,128.265999913863,410.511328723847,2.05473463812374,13.0033388307968,2.64331249481067,0.618195111754932,4.71307947905353,3.96482852115272,0.0387885845997093,0.0027857715995502,0.0015100093901731,13.4265695827113,44.6822273152952,15.0
3.09375,30.0237674347124,1.66470225305033,1189.66516352922,75.6342015264768,2500.45507248268,128.259907070812,411.114551095197,1.40465310541619,9.97033149925983,5.46105785053946,0.636770129462554,5.23819847301832,4.34776404225443,0.130626060812223,0.0080582489319217,0.004430785592107,13.8943764599088,44.6750359307175,15.0,3262.35294872633,75275.0,240,30.01084564912,1.4305449966066,1186.88056463061,64.5025723386539,2496.61209209235,128.409521980124,410.89070489989,2.14790902751584,13.2841165290142,2.44768891215295,0.607252422317898,4.61937002281338,3.9205841582059,0.0346370747303459,0.0025216691088229,0.001365486958338,13.4387865851958,44.7321784243275,15.0
3.104166666,30.0235304901424,1.63595092188687,1195.41441712096,74.6372836092345,2514.27751933675,128.979942197872,413.433433586216,1.41244086454391,9.96724156458368,5.3731291753774,0.626824188268417,5.17660067692017,4.33372250178882,0.127375001042685,0.0079010427138428,0.0043426572323958,13.9200597736742,44.9258787040995,15.0,3278.75135591635,72480.0,240,30.0166086173173,1.40279776113346,1189.44593898055,63.2934115729203,2503.2787994742,128.769111609562,412.009892920971,2.21446833529366,13.4372995520272,2.30738374659845,0.598320529491344,4.54671058979577,3.88987028360747,0.0318810086382227,0.0023470506216972,0.0012710260548496,13.4432894621034,44.857351271815,15.0
3.114583333,30.0212418049936,1.59944026415747,1201.2820333628,73.1607617804761,2528.17096056011,129.723751387261,415.82654414422,1.42966007641653,10.0543683289429,5.19428775923724,0.615611391149094,5.09238950442786,4.31117766977961,0.12096154060017,0.0075727509979975,0.0041580534660815,13.9223662557778,45.1852055465258,15.0,3295.01194258604,70280.0,240,30.0190519846332,1.37339281275998,1193.37753078407,62.0699195172182,2512.87899557587,129.288353196756,413.663824888888,2.28938171731918,13.5722600520066,2.14614787743115,0.589269541406684,4.47445703878345,3.86093061286449,0.028928656780421,0.0021559098572591,0.0011675166016797,13.4410486797248,45.038163856775,15.0
3.125,30.0199243927302,1.55025354381956,1206.26432958251,71.0519169071737,2540.0128794813,130.387441827261,417.948530299052,1.47479150187515,10.2833003940232,4.88376232735093,0.60334920647236,4.97587536133163,4.27287302821478,0.10877396491425,0.0069215317481508,0.0037914592363272,13.8918857381172,45.4169704700793,15.0,3308.31155142553,61725.0,240,30.0195633998013,1.33521156414505,1197.6709205962,60.4419926815153,2523.18212545339,129.862888659971,415.500385339886,2.42113389681439,13.7938327651751,1.88937955324083,0.578849759518921,4.38137109763449,3.82193806828745,0.0245184652092811,0.0018543684414425,0.0010019311120638,13.427974157884,45.2383443476566,15.0
3.135416666,30.0206306439861,1.50284958909674,1210.30607938157,68.7309618293832,2549.61326154493,130.953078386089,419.779821589731,1.52386453597279,10.5357156752638,4.52811656088885,0.588805509735823,4.84869473145265,4.23284033078432,0.094766529067494,0.0061301057550069,0.0033437370360809,13.8869811762191,45.6148936831694,15.0,3318.74857231115,61720.0,240,30.0198332654096,1.29178578515622,1201.81860769394,58.5631216140871,2533.00069157999,130.425182269694,417.328019376921,2.61632246226205,14.0385549626335,1.60148895341928,0.566947027789131,4.27542744786292,3.78166528481183,0.020004087687324,0.0015472727570474,0.0008344633969893,13.4199790073476,45.434325590429,15.0
3.145833333,30.021271891993,1.45418217903442,1213.30944352978,66.3794664331277,2556.81683430699,131.407044680852,421.279685880267,1.59033618422062,10.791945813867,4.1360430232609,0.576419667041656,4.71910266902535,4.1934079933569,0.0808439548210879,0.0053382365857899,0.0029037805092323,13.8658612409893,45.7740473050573,15.0,3326.22489160206,56370.0,240,30.0202461536258,1.24753500444779,1205.58285515454,56.6341958310238,2541.7854174674,130.941318971986,419.053911585229,2.84831967857743,14.2498192590374,1.32869922984584,0.555073978121958,4.16699002835613,3.74740834859899,0.0160485026699816,0.0012691622639273,0.0006823806285267,13.4117998454925,45.6143066665489,15.0
3.15625,30.0222320491073,1.40634758124686,1215.24751812884,63.9868995099902,2561.58424534885,131.745475119697,422.437005710348,1.67449541312738,11.0514452072345,3.70036745765826,0.563733461347539,4.58683791154291,4.15439592620788,0.0668450956563863,0.0045119103738623,0.0024475190437289,13.8520534422136,45.8930532319971,15.0,3330.67064778729,54905.0,240,30.0207901984768,1.20242300332987,1208.69826418649,54.6430482275301,2548.98491818338,131.380394801817,420.585052530145,3.13993669007559,14.4273100401549,1.07033158221944,0.54305617381843,4.05481096829311,3.71932010081018,0.0125693452026339,0.0010208506737226,0.0005467693461658,13.4042851912557,45.7675370540569,15.0
3.166666666,30.0229063142308,1.35946482902637,1216.36987383419,61.6623542728908,2564.42847366149,131.989885932895,423.331938010393,1.77965042532998,11.2807528245755,3.25613733971477,0.551825367521824,4.45776397736759,4.12043856993482,0.0543736508365852,0.0037635088687581,0.002039833459607,13.8350245325302,45.9792729863975,15.0,3332.82134902369,52240.0,240,30.0214139882413,1.15934926523183,1211.16279698027,52.7167849472868,2554.58949892813,131.737061815417,421.913130800732,3.45547887746995,14.531928758439,0.855361695090441,0.531358143497805,3.94587270057049,3.70241356906843,0.0098389092152458,0.0008199613177461,0.0004369858606744,13.3982700165623,45.8921566847984,15.0
3.177083333,30.0233914730433,1.31252296571252,1216.88459733241,59.3616676574691,2565.79599986559,132.163036272422,424.035088658727,1.91380355678925,11.4916749920296,2.80999059102409,0.540501769792063,4.32975859246108,4.0900097524934,0.043441745721834,0.0030942905782099,0.0016787740204447,13.8156165005393,46.0405549455121,15.0,3333.2107085491,50000.0,240,30.0219938865222,1.11786458814824,1212.98089307712,50.8325318737911,2558.62130590574,132.012309510692,423.038378137912,3.79395379753148,14.5768039966838,0.675905751253898,0.519973854738097,3.83883366646814,3.69499963745725,0.0076611222715409,0.0006544651794777,0.0003465353030381,13.3918979051491,45.988508384165,15.0
3.1875,30.0231386277664,1.2742636903834,1216.96649147641,57.4089094928608,2565.97652155032,132.26576879369,424.595532476283,2.02665210643801,11.5429546268748,2.49471018459454,0.529313629545217,4.2206608371403,4.08264619008826,0.036965386832634,0.0027086661229103,0.0014772509729587,13.8312347124541,46.0770709258596,15.0,3332.46772103656,55950.0,240,30.0224754909608,1.08397094726427,1214.33172831952,49.2637418149935,2561.43378456335,132.22045906721,424.00941653435,4.04279331709319,14.486174482754,0.581906976760536,0.509740750478804,3.74952675822732,3.70651645629966,0.0065424289432941,0.0005730876883683,0.0003026668301412,13.3957058650474,46.0615386824014,15.0
3.197916666,30.0212197266495,1.23584029552933,1216.51995964759,55.5623372161526,2564.87245667301,132.303098818549,424.976204698447,2.15537760172046,11.5831966902828,2.21257504621977,0.520570923887661,4.11593613791251,4.08006326026697,0.0313697384744022,0.0023765131701007,0.0013042983733781,13.7988487474203,46.0907148581991,15.0,3330.24357893396,52060.0,240,30.0223605885855,1.05464497798371,1215.17398101765,47.8841370035923,2562.98205194197,132.367726784468,424.813298815854,4.22929742447127,14.3452425636819,0.508618880230136,0.500951065611646,3.67054949030767,3.72589384630485,0.0056904586053287,0.0005057386847742,0.0002661260059593,13.3928612926665,46.1133554266414,15.0
3.208333333,30.0195519826205,1.19927111806,1215.4286976409,53.7405162546217,2562.23034771116,132.263803116136,425.135755248405,2.29887596440236,11.627518771721,1.96059262018537,0.51143105702416,4.01203399361296,4.07948544781971,0.0268831630258713,0.0021190344354261,0.0011738357882005,13.7780558680189,46.0775659900052,15.0,3326.15751447092,54615.0,240,30.0216674807132,1.02663881913043,1215.45250203531,46.5457565714889,2563.17705153819,132.449162784961,425.431772890443,4.42938955475499,14.1970285705115,0.444700225559534,0.492547693091693,3.59331133257889,3.74828380667571,0.0049562089800356,0.0004491282960017,0.0002357909534285,13.3889464768013,46.1422481330878,15.0
3.21875,30.0175426942737,1.16747452317712,1213.78379926464,52.1287207468767,2558.23565253901,132.151639168014,425.098601246507,2.41335181548395,11.6188492303107,1.79855196871147,0.503269680681356,3.91893551010713,4.088589030557,0.0241475319601873,0.0019749950859293,0.0011040873851728,13.757454172062,46.038961363332,15.0,3320.57803074629,55910.0,240,30.0205567571314,1.00286439438303,1215.14373346161,45.3787680459262,2561.96129532736,132.461624578,425.847704747057,4.5621540365285,14.0159148480457,0.409161025956782,0.485050694493458,3.52538413534158,3.77685716500786,0.0045476646691837,0.0004198534368159,0.000220460545567,13.387715818504,46.1470812321744,15.0
3.229166666,30.0152571199314,1.14012509641224,1211.91512687414,50.7079752799007,2553.62421904079,132.008020836995,424.977397411573,2.49653306966505,11.597014301626,1.70207783839758,0.495917116068286,3.83578341808214,4.10176894921329,0.0225982445560327,0.0019086289034846,0.001075742923641,13.7335090967004,45.9893627206684,15.0,3314.41657662305,58230.0,240,30.0190364937999,0.982530913147494,1214.29640945942,44.3517072643173,2559.46173296609,132.413658593966,426.07576816891,4.64714151467829,13.8323236721163,0.390976524022649,0.478444736958955,3.46490110495866,3.80766449295158,0.0043359933259758,0.0004076670559057,0.0002144312286872,13.38601386377,46.1308202828605,15.0
3.239583333,30.0130754313618,1.11456376200934,1209.89480612015,49.4039351863082,2548.59105586298,131.847654675536,424.797432292821,2.57225957174449,11.610176013988,1.6251351363422,0.489536774284911,3.75862984941407,4.11185120927528,0.0213115178823256,0.0018475012680165,0.0010467509510807,13.697678444666,45.9339202171828,15.0,3307.85160326623,57390.0,240,30.0172147147182,0.963974174957984,1213.03995883253,43.398460799421,2555.98163705559,132.322408949332,426.16068716295,4.71750474730166,13.6834965222341,0.375085570661175,0.472486783533519,3.40805271563973,3.83574278364289,0.004152253383915,0.0003957604440617,0.0002081679349563,13.3811234109981,46.0994416738733,15.0
3.25,30.0115705741977,1.09329104211866,1207.82840826316,48.2691699240582,2543.35025956755,131.678650520572,424.595555239957,2.6250623981841,11.6207552750656,1.58283554387776,0.483360582884455,3.69099502765697,4.12302251039684,0.0206674133351906,0.0018357013501814,0.0010459416523009,13.6728405089288,45.875441756853,15.0,3301.19811395412,60045.0,240,30.0153857222331,0.947529871934346,1211.46924122131,42.5343578314436,2551.73443302103,132.197637862231,426.133048793565,4.77042937858294,13.5649542830849,0.367786600678713,0.466997829582337,3.3559105762765,3.86139623927572,0.0040640366298052,0.000393774887652,0.0002074999859068,13.377635293637,46.0563589191993,15.0
3.260416666,30.0099400562374,1.07715258300391,1205.92976229451,47.3728462334734,2538.36335127489,131.522787102991,424.443774371,2.63902961712393,11.6113947942499,1.58144099199995,0.478420754827356,3.63662811851434,4.13762838806835,0.0206680680026755,0.0018620876561258,0.0010647648370806,13.6482418161981,45.8215388214562,15.0,3295.09054507374,62195.0,240,30.0136088893339,0.934686990126019,1209.68827453272,41.8312669536976,2546.94941428752,132.050772822564,426.024970852241,4.77541709079993,13.4613591160284,0.373560825130056,0.462433207489271,3.31280415962216,3.88622792964345,0.0041212236837212,0.0004049009461853,0.0002139335791172,13.375450699324,46.0055446402292,15.0
3.270833333,30.0089350474355,1.05845358862214,1204.29401162006,46.4758956142554,2533.89668485846,131.403733250701,424.383473671223,2.70651581498181,11.6825013262998,1.51918122527923,0.474377531870805,3.58236030222613,4.14098382089198,0.0195455020023964,0.0017846763109504,0.0010203165719264,13.6083880110953,45.7804542793468,15.0,3289.67568997054,56615.0,240,30.0119864257304,0.921043857651701,1207.9604129179,41.1095049575196,2542.22117103112,131.913076799064,425.936275000438,4.83382896793391,13.4246055689839,0.356768981523092,0.458165017867935,3.26833457088112,3.90292821935521,0.0039321412523855,0.0003874761241321,0.0002038338134445,13.3674617030257,45.9579131308995,15.0
3.28125,30.0097746983099,1.04112627714971,1202.97531072717,45.6225166591854,2530.02725092584,131.319123197423,424.44002650604,2.79531734311661,11.7532043328311,1.44449948032186,0.469509218526728,3.53166858223087,4.1426394347753,0.0183850172917573,0.0017226593617078,0.0009884981416553,13.5922730661472,45.7513002076388,15.0,3285.10164616747,56850.0,240,30.0110265263288,0.906600506611019,1206.38265438987,40.3617639273247,2537.75123947897,131.79105824546,425.90327429189,4.93816415154874,13.4252310997023,0.333380081136838,0.453579660709747,3.222420571741,3.91489237715418,0.0036703080481675,0.0003659139349976,0.0001920375318737,13.3621953856112,45.9157529902169,15.0
3.291666666,30.0105382437187,1.03050133379835,1202.07152413812,45.0379376896785,2526.93568961747,131.269117848214,424.64210551124,2.81609924678755,11.7327253714923,1.43625701443862,0.465556070953835,3.49670266722767,4.15548056756684,0.0182985406945763,0.0017421024077795,0.0010035232368448,13.5910016833022,45.7341641054833,15.0,3281.76790418266,59885.0,240,30.0107537774739,0.89603996153484,1204.94364862172,39.7922412505057,2533.49818277378,131.681405484473,425.914824332275,4.97118655260124,13.3986333316025,0.332395092012538,0.44974146318392,3.18722260038866,3.93008009745085,0.003654255472312,0.0003701610902286,0.0001947852646955,13.3625901059403,45.8778705921505,15.0
3.302083333,30.0099289102279,1.02393681038045,1201.36836076639,44.6471997623816,2524.215077711,131.236817752458,424.911034629378,2.80052204364399,11.680810928504,1.45465321697244,0.463173231595815,3.47236933023116,4.17249390223275,0.018601406182266,0.0017784830009135,0.001026063888071,13.5825598776379,45.7232068779343,15.0,3279.07627312466,61490.0,240,30.0105867437428,0.889413260207679,1203.71633262984,39.4106900604224,2529.63789266714,131.594375446951,425.996434525698,4.95171304219007,13.3505584522066,0.341917663358525,0.447126707719474,3.16318085026523,3.94744903968548,0.0037550091687226,0.0003840561792446,0.0002026072218223,13.3629498719773,45.8478269263219,15.0
3.3125,30.0090762937946,1.01417015207969,1200.46152048656,44.18431319915,2521.06289061879,131.190064607735,425.10883719568,2.84238450902872,11.7014705128906,1.4150417465581,0.46131918573815,3.44362662377908,4.1796736950881,0.0179174982551067,0.0017246784301072,0.0009940787416564,13.5607414591622,45.7072242389584,15.0,3275.78613776016,57095.0,240,30.010139358158,0.882297171591773,1202.67510039467,39.0252832153307,2526.14995112147,131.529340863568,426.146286907726,4.98236314114746,13.3316116190325,0.331983839573275,0.44488298942217,3.13882862568732,3.96053389073132,0.0036448717868114,0.000372646213875,0.0001958696538953,13.3586203540931,45.8254378928663,15.0
3.322916666,30.0093689362682,1.00501900784077,1199.38514845086,43.7078566678521,2517.51272467686,131.12439218183,425.249661667266,2.8983124278648,11.7236595954694,1.37209182705687,0.458604860555074,3.41462033712211,4.18589488949399,0.0172924994900747,0.0016963657564198,0.0009805372249263,13.5548216480443,45.6846184421791,15.0,3271.99830156513,58120.0,240,30.0097972520827,0.874615671990253,1201.66282129488,38.6170713284693,2522.69778349622,131.46622904538,426.309031431921,5.04514482479231,13.3253080717536,0.31868274522048,0.442393695206184,3.11317837770193,3.97172501368874,0.0034970913457908,0.000360736760588,0.0001894679684009,13.3562094050321,45.8037348176483,15.0
3.333333333,30.0095763678731,0.998530758897829,1198.44655851451,43.3478716163455,2514.20760020225,131.069743989736,425.438791106045,2.91938136344578,11.7121227363369,1.36096741186927,0.456574420616176,3.39239010489249,4.19606312243742,0.0171151048006459,0.0016934660134175,0.0009800734412614,13.5523393486031,45.665831691128,15.0,3268.63229784002,58280.0,240,30.0096923254242,0.86865962052008,1200.63945245758,38.2853160909174,2519.18784862691,131.400448704577,426.466412727449,5.0716043629529,13.3055073262152,0.315316450562665,0.440281484318231,3.09215001978543,3.98424482679321,0.0034577257146603,0.0003595526298278,0.0001889206720001,13.3559277736247,45.7810889371438,15.0
3.34375,30.0095834891938,0.992203551682765,1197.67138897181,43.0176687112591,2511.22941081168,131.034781031681,425.686891447423,2.94316404340973,11.7142156237711,1.3471580720001,0.454990147443431,3.37193337799294,4.20382467544872,0.0168703341715498,0.0016766794387428,0.0009699420982687,13.5470917437879,45.653871846491,15.0,3265.72050961526,57045.0,240,30.009649421833,0.863233069552391,1199.69031007041,37.9824676509922,2515.81084466274,131.343119647124,426.651080118612,5.09807109347775,13.2910899498357,0.3103540607216,0.438466188351784,3.07288154572294,3.99550395828695,0.0034016715817314,0.0003547587682934,0.0001860840176244,13.3547872692842,45.7613666112579,15.0
3.354166666,30.0090842511458,0.991749415229406,1196.879385503,42.8614233631055,2508.17016065072,130.990199486799,425.923992021345,2.89496411655875,11.6542169393824,1.40295032047013,0.453623997315318,3.361404940981,4.21987048302654,0.0177800242927293,0.0017665081991734,0.0010242013392385,13.5538974189311,45.6385395779619,15.0,3262.8477754522,63520.0,240,30.0095779928046,0.861148278801428,1198.77367220582,37.8241086519781,2512.47772817595,131.288628160182,426.842210803978,5.06178788622771,13.2495390246772,0.32672971611661,0.437310894441626,3.0622461546993,4.0097568517854,0.0035771411593612,0.00037763726669,0.0001991651329582,13.3573587533219,45.7426006579375,15.0
3.364583333,30.0071725650253,0.990836206152499,1195.82245033567,42.7447766897331,2504.56795823953,130.92071268644,426.058929241961,2.84652282452565,11.6357617031452,1.45231063785755,0.453882970165463,3.35215193450586,4.23106617990496,0.0184381588069688,0.0017992543431183,0.001038947754901,13.539902627784,45.6145348717129,15.0,3259.29702154879,61115.0,240,30.0089844350973,0.860900733317609,1197.83698517031,37.7526980760945,2509.10057643277,131.23502058017,427.021613991038,5.00058726505573,13.2161967921221,0.34268848071361,0.437034369264811,3.05656127602102,4.02247313136333,0.0037501398829185,0.0003936835803665,0.0002074314112761,13.3565620071034,45.7240956582172,15.0
3.375,30.0063151829857,0.987679102225631,1194.26400201504,42.5168273076792,2499.93478612189,130.80345186792,426.013081297573,2.8479805862162,11.6827405240472,1.46442653097686,0.453523147274328,3.33644854033019,4.23341518329123,0.0185591360551535,0.0018010809423678,0.0010372993242143,13.5290086431282,45.5738467787378,15.0,3254.32949654163,60380.0,240,30.0080852613179,0.858908043720926,1196.77456629591,37.6042908072209,2505.47142589088,131.170606895028,427.156795099265,5.00047489990797,13.2274141441992,0.343285007840209,0.436483877867286,3.04606464487075,4.02936782419077,0.0037557104637216,0.0003926312209922,0.0002063003851995,13.3537467100933,45.7018181227081,15.0
3.385416666,30.0046555059895,0.998467161072667,1192.20889190008,42.6410240981589,2494.24389391113,130.613449295322,425.771025567503,2.69257052570347,11.5841177435665,1.65831505597442,0.455234124623502,3.34017737135969,4.25567871325471,0.0217625678613016,0.0020527905575168,0.0011818297425943,13.5421183695365,45.5077674652063,15.0,3248.23953917806,75200.0,240,30.0071280843836,0.863510207468039,1195.28411879718,37.713673831653,2500.94469862917,131.057708264126,427.122210021832,4.85200347839958,13.1854838698665,0.401635471600113,0.437160775834092,3.05053807668322,4.04310486222935,0.0043891389477036,0.0004631229493639,0.0002458661575519,13.3596056433202,45.6626041724064,15.0
3.395833333,29.9913061297567,1.04657524891193,1188.3619504928,43.6403290582567,2484.91486504705,130.186896832642,424.801555609492,2.23345203546512,11.2374011902614,2.34566605688498,0.472436560463473,3.38870816408219,4.31570950028351,0.0349917883278161,0.0029115843662425,0.0016480725273207,13.5311666717974,45.3591149230532,15.0,3237.94853397248,111010.0,240,30.0026617535763,0.890876505389206,1192.70716791248,38.7079492817432,2494.2092907335,130.821163983502,426.637827921233,4.23372830752044,12.9750986657822,0.671757916330757,0.444720597883143,3.10518716635341,4.07936576734527,0.0073912528530018,0.0007579171818491,0.0004092499576727,13.3735806198987,45.5801679401842,15.0
3.40625,29.9716619808618,1.09163788174058,1177.33350756965,44.5163737571943,2460.78120092059,128.971046859843,421.091152391167,1.9089844318707,11.1118207177849,3.29307692057295,0.505504467160684,3.42726068082758,4.35273407124563,0.0558624665334506,0.0040945712981718,0.0022438640725074,13.4408843679839,44.934974195223,15.0,3208.22119177025,114740.0,240,29.9885363903487,0.927960084374171,1186.82007186829,39.9972987268945,2480.79116260796,130.229093869166,424.86816461846,3.48240821435852,12.8816517958824,1.13982164272962,0.460941684666334,3.17312859042402,4.10392166848727,0.0128817226380603,0.0011946304791632,0.0006421269245001,13.3594036722276,45.3736735765918,15.0
3.416666666,29.9704850411742,1.13479897502154,1163.19255459333,45.2892093286331,2430.19802791166,127.41939454807,416.142563430274,1.7487937809036,11.0945192380722,4.29700847366861,0.533610891611727,3.46492355544462,4.37311991969774,0.0810949300217155,0.0054913627918978,0.0029547815284541,13.4116383304244,44.3930449609789,15.0,3169.97609607971,119750.0,240,29.9773473966841,0.959681958158738,1176.06687148253,40.8856986198738,2457.3635038764,129.107958875703,421.240116491401,2.96071061858461,13.0257406959505,1.72497451680729,0.476336008666828,3.21730890520761,4.10077333800476,0.020368533754577,0.0017443418258176,0.0009322834208897,13.3475394193719,44.9825523815982,15.0
3.427083333,29.9738462558484,1.20769874535818,1155.50420455055,47.1816530031944,2413.15571183531,126.551380183963,413.366950819681,1.60275645982641,10.896091459183,5.50687328877013,0.572046271227339,3.57336321668679,4.40713033671239,0.11603868055288,0.00733994926914,0.0039234828442353,13.4557268417957,44.0883256355931,15.0,3149.88616952122,131570.0,240,29.9745138806721,1.00031628027811,1164.7807806202,42.1077905780074,2432.92218759207,127.904932158825,417.283485012039,2.53072816944611,13.1116886512552,2.57485841822009,0.49581161102279,3.28330163523386,4.10350749357667,0.0329729196901487,0.0026218600709845,0.0013968924427406,13.358108805711,44.5623778776829,15.0
3.4375,29.9723847717462,1.30866470044677,1152.7993767439,50.2465772793434,2406.34714870601,126.19004830775,412.161160447352,1.47072421186751,10.5534747931671,6.86120073385493,0.622527977595478,3.75744236317603,4.45026838986076,0.158882794401457,0.0095484734458919,0.0051370489082176,13.541063451867,43.9592738260073,15.0,3143.77768898278,142235.0,240,29.9736745939695,1.05832361956811,1157.57738787641,44.2755850851971,2417.05133969482,127.102787337252,414.605728474126,2.17843677552609,12.9740709418985,3.74993080648314,0.524152102310037,3.40968132631107,4.12856307286664,0.0551094152341392,0.004037833146576,0.0021474559569649,13.3873820671771,44.2810129911137,15.0
3.447916666,29.9695700456138,1.4325599874463,1148.45835307476,53.9650399804546,2395.63148612937,125.601213070941,410.102446950829,1.3653514888047,10.1731041062613,8.2157627792979,0.680281207052115,3.98685089695601,4.49366518675886,0.200845089595413,0.0116649837743576,0.0063622974699992,13.6431427895864,43.7505832020185,15.0,3133.13184180628,153410.0,240,29.9716307356188,1.13139158853332,1152.70479499037,47.2975370294238,2405.8559314845,126.497495288883,412.524713164079,1.93118996896677,12.6341739038481,5.1373514310222,0.560558609211494,3.5927819106238,4.17223674524365,0.0900058158510957,0.0060713420301062,0.0032302631976328,13.4290777853076,44.0669743454532,15.0
3.458333333,29.9706835051806,1.54530118046895,1141.89309032465,58.068921440012,2379.58178881632,124.715760270355,406.981522455788,1.30439079731836,9.84300436484113,9.38674347288576,0.729270999588312,4.24574331454795,4.53022211806014,0.233443343152635,0.013276132759708,0.0073374123955691,13.7326317227429,43.4384855108022,15.0,3116.00967661344,154630.0,240,29.9701743869133,1.20886513403466,1147.01111823478,50.7410419005227,2392.47678092288,125.747756317057,409.894711039464,1.78594122959829,12.2456773975128,6.48283058061606,0.597901871068185,3.80724493613952,4.21709814644757,0.132233982286136,0.0083285042047518,0.0044516199790883,13.469281349564,43.8014152662203,15.0
3.46875,29.9768287822224,1.64260995421556,1136.45858419506,62.6265547383977,2365.41568370369,123.914234412425,404.100955252533,1.26810408007434,9.56301167710246,10.2534781233602,0.75790011597628,4.53101983640918,4.56125025367238,0.254728083356578,0.0142948374027621,0.0079771820357313,13.7990864985247,43.1555205646385,15.0,3101.75364965006,153600.0,240,29.9730241534708,1.28737927840925,1140.99821753803,54.4022486055014,2377.92048911661,124.920989293792,406.950574524011,1.70403530406242,11.9142546079085,7.57210511297601,0.627943730844089,4.03769794281411,4.25277024610548,0.170789783075405,0.0102283341087131,0.0055045926870382,13.5005612386883,43.5084261542338,15.0
3.479166666,29.9817525233906,1.73844965426005,1134.26333006736,67.7919888156177,2357.53349090292,123.427797056271,402.244393268878,1.23481727189911,9.32396204570989,10.7251357688427,0.773974002864841,4.84955522670159,4.58784878847268,0.267549549835421,0.0149275426085655,0.0084016718700348,13.8321656480749,42.981965184413,15.0,3096.1822239716,153685.0,240,29.9779200636234,1.37200658398285,1136.72351277897,58.4912148424944,2366.53749714538,124.243057341386,404.472400356333,1.64442479558421,11.6198899546065,8.33695744201409,0.652594350031308,4.29272655944436,4.28345935163943,0.201282417972105,0.0116385550882995,0.0063167937833148,13.5207063339712,43.2670513890839,15.0
3.489583333,29.9845881875629,1.83327307802964,1134.50838564521,73.265058434104,2354.25349511529,123.170375669979,401.131771913405,1.20380488509378,9.14283907783844,10.8022208573023,0.78503525885498,5.18584599452705,4.60830327851177,0.273666896771499,0.0152720131066763,0.0086624869021872,13.8347578306019,42.8877170294379,15.0,3096.91260285557,152700.0,240,29.9818115336582,1.46179282084927,1135.01990362408,62.9894454102109,2360.04862876089,123.805220602236,402.775007708407,1.59340969899647,11.3699730920629,8.71915467268007,0.674725281316235,4.57133460661978,4.3093848369086,0.221639908588888,0.0125444479543869,0.006871757079557,13.5289025582716,43.1092278355673,15.0
3.5,29.9879036667098,1.91941895198836,1135.86408830801,78.6137323751931,2353.19307323921,123.015213559614,400.352891443019,1.17940941759877,9.0061458682261,10.710694780652,0.793678468198968,5.51288464896445,4.62335397878019,0.275731725295211,0.0154216992672558,0.0088000279679107,13.8298771756775,42.8286172600301,15.0,3100.40071213881,148950.0,240,29.9850052380869,1.54949623496602,1135.17707331857,67.5296305868435,2357.15224559528,123.543803154662,401.650720282956,1.55095135592629,11.1907793721168,8.78759912336982,0.694693103816136,4.85182303612401,4.32741919948263,0.231940701273518,0.0129872042247863,0.0071716518595215,13.5301028754318,43.0128200186827,15.0
3.510416666,29.9958910913488,1.96062476700248,1138.14092958949,83.0726829064245,2354.8708458946,122.99997460696,400.032343692942,1.18444816804556,8.94625110892839,10.4686985749098,0.789906985606697,5.77889028410124,4.62628890770995,0.275804725529758,0.0153845668787195,0.0087994281656188,13.830200214769,42.8178823456491,15.0,3106.45099427705,130565.0,240,29.9895156218212,1.61552968701219,1136.44423627108,71.2367329663654,2356.96304861187,123.430486120933,400.990711900322,1.53032427423036,11.177302583715,8.58612204411407,0.706496635242014,5.07947460002085,4.32356498224784,0.232548452121003,0.0129898586417642,0.007204153469254,13.5226881686832,42.9680151740406,15.0
3.520833333,30.005374232755,2.00444896052085,1142.05413590473,86.9212523724612,2361.36885064127,123.238217337422,400.565881723261,1.17844585589324,8.88565529235763,10.0959007282902,0.779387225159254,5.98959770570662,4.62525299266899,0.27191094698571,0.0152005085910047,0.0087054940153199,13.8637381835896,42.8957758616884,15.0,3117.78308538062,124915.0,240,29.9974018786826,1.66781630115316,1138.84033282193,74.164579828658,2360.02672282075,123.493262789777,400.910084121939,1.51547966889985,11.2508190979374,8.20360605815464,0.711155373561889,5.25091854979391,4.3065366227698,0.224978290428095,0.0126411013367347,0.0070278454420919,13.5249691417394,42.9849430927676,15.0
3.53125,30.0073539844843,2.05118494737098,1147.60221052017,90.5065818789153,2371.9893999314,123.689443156342,401.804607280349,1.16233189496202,8.81582729946981,9.64321366867009,0.774992118674237,6.17818936276845,4.62250839771876,0.266343535116923,0.0150028996180095,0.0086146934990435,13.8943116711391,43.0482495747604,15.0,3133.98036925645,121745.0,240,30.0033353886311,1.71816713309287,1142.75903497746,77.0278456313871,2367.03149379125,123.752631599993,401.500920116904,1.49616806649595,11.2713687607776,7.76117116604945,0.716364590279849,5.40862199612437,4.29385942066377,0.214636291916966,0.0121798755460999,0.006788374434451,13.5323443384543,43.0708134392995,15.0
3.541666666,30.0060096487433,2.08832121893553,1153.34540934632,93.3370711149015,2383.32375601465,124.179572787166,403.167842586062,1.14761865704141,8.77799864528972,9.15684402874163,0.773269274154926,6.32685164523588,4.61577675783626,0.259529502426619,0.014748967844381,0.0084858646590682,13.9123371044668,43.2147311993264,15.0,3150.42628728632,119895.0,240,30.0053801336738,1.76258052807947,1147.76621991934,79.6396310902103,2376.79761535925,124.150427926497,402.560112046666,1.47802790958252,11.2652571187526,7.28186057769416,0.721740722429252,5.54933590384701,4.28345923975439,0.202407900778788,0.0116315725259703,0.0064955114570751,13.5372440640916,43.2054169773761,15.0
3.552083333,30.0045085435533,2.11428510093331,1158.26409046925,95.3194926214161,2393.21822531383,124.593686711838,404.285759624816,1.13821694420303,8.76417474514109,8.68654395940049,0.773259622104351,6.43093115696392,4.60716022319207,0.251755583548926,0.0144238144321903,0.0083048132898622,13.9235498655493,43.3552773643652,15.0,3164.27739907914,118290.0,240,30.0052065787121,1.79735055353457,1152.91037624721,81.7281547955954,2387.15761556443,124.577672580216,403.724075296685,1.46607759426088,11.2609639905506,6.79575062013696,0.726387924777409,5.6614964186127,4.27334120465607,0.188435995638221,0.0109877794174641,0.0061409310244798,13.5391935558182,43.3508882401756,15.0
3.5625,30.005246936276,2.11848030036924,1162.20120866151,96.3271896487581,2401.55181513496,124.926099348476,405.142704370137,1.1445337883642,8.78688690302304,8.22825741879421,0.771089081498489,6.48145793446932,4.59411723321594,0.242946684160834,0.0139837650895789,0.0080405092414847,13.9273171481767,43.4678832006661,15.0,3175.21267527338,110340.0,240,30.0048284863547,1.81579216989494,1157.43193279939,82.9063031968066,2396.60632373504,124.963733307713,404.750569692691,1.46905972089115,11.3232264644838,6.28651682253406,0.728272551789791,5.72352789224642,4.2555483968243,0.171383857072752,0.0101697371092047,0.0056769615352665,13.5334227947634,43.4827326705073,15.0
3.572916666,30.0049855998712,2.14243244016649,1165.86920926677,97.3604045916706,2409.63092542288,125.235482087265,405.957098679,1.1290813182581,8.72068262984208,7.87257377973702,0.770084135034862,6.53054603054824,4.59314225583531,0.233999256566219,0.0135973205381847,0.007811510840868,13.9626043542901,43.5732961076752,15.0,3185.71981211645,120635.0,240,30.0054532879104,1.83492643194877,1161.53204493361,83.9739430907347,2405.37649790428,125.305244411879,405.662617236666,1.46809342064828,11.3023710756009,5.87313948042682,0.729350754942307,5.77870899868347,4.24939387989512,0.156211904893839,0.009419868256205,0.0052521729272397,13.5432643211858,43.5997085050744,15.0
3.583333333,30.0000880785376,2.15320727490697,1168.91458331706,98.1693630893108,2416.30355105455,125.463240841559,406.498390987542,1.12705848280748,8.67771075782002,7.55427424461029,0.774246555536608,6.57359126023306,4.59128752699051,0.227614331172536,0.0133023053650407,0.0076414549826663,13.9548412893205,43.6506120484902,15.0,3194.24980600388,116725.0,240,30.003236474479,1.8525976096927,1165.27752246331,85.0660186054043,2413.51260006545,125.602153181287,406.448881758721,1.46737684670202,11.2130913440671,5.55059136911386,0.732577651563998,5.83617811863676,4.2529745502704,0.145328759477962,0.0088709313858473,0.0049433963683068,13.5434571756672,43.7015018130474,15.0
3.59375,30.0006679667313,2.14769084383087,1170.648518618,98.1568517779277,2420.4708816455,125.560613097864,406.622789936266,1.13678065550339,8.67260062866445,7.25605335891665,0.773283041577155,6.57325478387591,4.58578916605612,0.219654907032047,0.0128741703578992,0.0073767335571713,13.9529000959241,43.6829912264667,15.0,3198.85698472651,112975.0,240,30.0013721734439,1.85682745155908,1168.06093751021,85.358764090643,2419.83028310583,125.810054705011,406.933438138484,1.48114196638119,11.2155522574004,5.208372875338,0.733063928928345,5.85198954089384,4.24627641235455,0.132229706462684,0.0081898067209199,0.0045550581170148,13.5357902572508,43.7728316443001,15.0
3.604166666,30.0034300517331,2.1344880568139,1172.26915213798,97.8152280307315,2424.83287791094,125.66849313328,406.8023653641,1.15117596256571,8.65679762230582,6.98005407210644,0.768617073392649,6.5506801935379,4.580824444134,0.21092461564921,0.0123958792776082,0.0070793582105705,13.96026459042,43.7194741428938,15.0,3203.33069303995,107900.0,240,30.0018291008003,1.85121979073025,1170.06245987386,85.0540895252486,2424.78322036743,125.95232854668,407.208490356367,1.50590689743598,11.2661587934229,4.86715458192547,0.730498439909628,5.83382057930401,4.23395212451114,0.118089536653584,0.0074322611333403,0.0041219826900574,13.5288041145829,43.8218259721413,15.0
3.614583333,30.0056603595782,2.12042662832286,1174.62055061007,97.3963032188059,2431.05437886833,125.875695732286,407.325103972819,1.16178215508157,8.62089598705778,6.72437877471765,0.761438585588899,6.5205205823404,4.57747124607014,0.202115723705965,0.0119286309152783,0.0067914087268286,13.9758812335868,43.7909618924343,15.0,3210.04724572106,106140.0,240,30.0035577474036,1.84140933703042,1172.03261675685,84.5231451833639,2429.94748149126,126.108415009837,407.54492706433,1.53469181134379,11.3125036817909,4.54743000197875,0.72596371746768,5.8007195431112,4.22172939604425,0.104899341337195,0.0067071170044322,0.0037094831024597,13.5255485609408,43.8760165014674,15.0
3.625,30.0054893349725,2.10630829994138,1177.53230939087,96.9385696387944,2438.52583265393,126.15376812585,408.091035386803,1.16889490702458,8.58653517377472,6.47447408426019,0.753534845259213,6.48769060539819,4.57459324784511,0.194078764724428,0.0115148226564418,0.0065405920190282,13.9827175953487,43.8874984476114,15.0,3218.3467602329,106085.0,240,30.0047966100516,1.83142504012753,1174.41198112869,84.0462216017633,2436.13041047105,126.31769636007,408.077171928752,1.56127351888536,11.3164457978812,4.270513613636,0.720866814194226,5.76904020262411,4.21463446934513,0.0942530159211109,0.0061110664996412,0.003373469618641,13.5241434866939,43.9489701979327,15.0
3.635416666,30.0045106301874,2.08503675121268,1180.35370535398,96.1510409513545,2445.77838080781,126.43125604261,408.857958872729,1.18219189227945,8.6060500987159,6.20532419100434,0.745339013649374,6.43821201975752,4.56661002217109,0.185457155490808,0.0110624189442826,0.0062678786879646,13.9687959414226,43.984183056511,15.0,3226.16739381375,103115.0,240,30.004821570069,1.81798638350563,1177.06193681736,83.4309750031474,2442.96109917902,126.567109087775,408.75118362345,1.59236202955596,11.331982385568,3.99604320508695,0.715267565276601,5.72966087667038,4.20665313203175,0.0842514441907442,0.0055419973641203,0.0030548246835897,13.5165823554719,44.0361747399694,15.0
3.645833333,30.0040825732617,2.06505650508883,1182.80275015122,95.1591759478029,2452.22789130046,126.674604632683,409.527379445353,1.19283663859212,8.64234058321957,5.96703439852228,0.737321532372671,6.3778131511655,4.55811675628194,0.176767328635664,0.0106046314042434,0.0059914257789782,13.958597656633,44.0693451887184,15.0,3232.84585999967,104240.0,240,30.0045591479947,1.80192514964926,1179.67732847846,82.6645347658589,2449.70734818241,126.819513897171,409.447863039991,1.62743043577506,11.3596447628557,3.73702467919082,0.709188879540909,5.68238686244834,4.19838919570864,0.075201718333,0.0050156729661764,0.0027610541532994,13.5102186647135,44.1246726106716,15.0
3.65625,30.0034429213371,2.04013916777372,1184.867143684,93.9896409301594,2457.88977913377,126.881836575383,410.087323999418,1.20857868076055,8.70037034884435,5.76806061627544,0.730616117514562,6.3081535717428,4.54779632565766,0.168980034983457,0.0101875455223689,0.0057407460999116,13.9387008731774,44.1420948358695,15.0,3238.39336436894,101160.0,240,30.0040280473736,1.78251137573246,1182.06255865538,81.7400663016776,2455.96267160509,127.053667017665,410.095883722776,1.6667929816907,11.4049914144564,3.50374987059309,0.703147968733571,5.62659649063429,4.18902678792826,0.0673308816075013,0.00454895932993,0.0025011447091351,13.5010287917534,44.2069866654304,15.0
3.666666666,30.0041594483245,2.01272953206726,1186.63938377855,92.6234184377733,2463.04115794502,127.06674843863,410.587480658535,1.22525967384119,8.76295492652495,5.60332152346887,0.723310087826764,6.22765285986886,4.53690717550534,0.161436677141144,0.0097781631543175,0.0054939664380256,13.9277731386634,44.207206201316,15.0,3243.12404659487,99465.0,240,30.0039051880406,1.75858578237968,1184.13517127664,80.5728485846135,2461.60290724213,127.264338433584,410.673964952253,1.71296313822747,11.4839235941937,3.28661223917234,0.696381816036405,5.55753362012275,4.17597681789035,0.0602686094211072,0.0041217686075905,0.0022633044684984,13.4923621626232,44.2812157242591,15.0
3.677083333,30.0049880250683,1.98441218320534,1188.39762687433,91.201578329938,2468.27072086596,127.258472191192,411.125431198559,1.24208159913804,8.81197984800636,5.45886196620534,0.716152328806772,6.14354281594392,4.5274007579183,0.154627253600978,0.0094090873587961,0.0052729519439365,13.9226769358008,44.2747719362627,15.0,3247.89645104718,97435.0,240,30.0042946245188,1.73229657963221,1186.00557794931,79.293923256773,2466.87189301034,127.461363547601,411.219785552329,1.76126209536924,11.5659787315761,3.09711457583698,0.689177152411869,5.48204069659476,4.16263126310491,0.0544251265361051,0.003763713725601,0.0020644955888101,13.4861365494958,44.3507042658905,15.0
3.6875,30.005973569421,1.95300318101577,1190.25531574136,89.6572114082101,2473.83165034746,127.471478661224,411.744566330323,1.26212506184457,8.85997305133363,5.31481968384008,0.709017586881592,6.05262364971257,4.51748943218226,0.147489232919683,0.0090211795362973,0.0050421315618504,13.9204213422076,44.3498447242793,15.0,3252.98255040965,94095.0,240,30.0049269521427,1.70305214494747,1187.80783781189,77.8792018929864,2472.08553295068,127.661835829891,411.78683377326,1.81583002394451,11.6588540457889,2.91215970373049,0.68151556942432,5.3987640362426,4.14762085683803,0.0490331092168105,0.0034282276422544,0.0018783803315166,13.4798593012659,44.4214093904181,15.0
3.697916666,30.0071711137068,1.91981962082249,1192.26589836933,88.0316872207769,2479.8272970917,127.71125053596,412.465770317638,1.28117889116322,8.89341678269111,5.19586063931225,0.701063447438329,5.95710610084819,4.50875059612238,0.140748920206004,0.0086522027790012,0.0048224434553418,13.9271276207595,44.434288813075,15.0,3258.55214426136,92205.0,240,30.0058305393852,1.67160821376932,1189.64612948803,76.3719353614608,2477.4599513114,127.876090133013,412.411564622287,1.87527569728958,11.7494427942514,2.73866716189136,0.673275892310556,5.31020617461073,4.13242744395198,0.0442914757472038,0.003129517317847,0.0017128487277378,13.4761014784288,44.4969007630278,15.0
3.708333333,30.0078661268822,1.884559800676,1194.43504147051,86.3740518747846,2486.1831522104,127.97648465684,413.283446402381,1.29999264971712,8.92203818116221,5.09287582365022,0.691648345779392,5.85988071025251,4.50053275758452,0.13495733390036,0.0083368626108658,0.0046359031684732,13.9309886362664,44.5275732814708,15.0,3264.58481242229,90225.0,240,30.0067296543499,1.63931961752208,1191.592701125,74.8502947868284,2483.11564810001,128.109908628006,413.115032634719,1.93398000963938,11.8242299622136,2.58993015754179,0.664475303161353,5.22077477051824,4.11882832232689,0.0404579532100191,0.0028866192194614,0.0015785916935307,13.4733529179506,44.5791512743591,15.0
3.71875,30.0081137078625,1.84869429305531,1196.66091803628,84.6905644442723,2492.5792499437,128.253918479134,414.154284344751,1.31889553949438,8.96195802009141,4.97446114735178,0.681065568620021,5.76156891656312,4.49171120879259,0.129192166271271,0.0080256513781926,0.0044539222804793,13.9284998226954,44.6251427191408,15.0,3270.72305847546,89320.0,240,30.0073968425018,1.60702161123992,1193.65131730078,73.3451041176082,2489.00024782755,128.362057392306,413.893407812649,1.99176581022436,11.8868002445113,2.45734431704021,0.655255494534851,5.13238305573593,4.10679981319402,0.0372517247835948,0.0026834118254317,0.0014667698221451,13.4703722254448,44.6677328508502,15.0
3.729166666,30.0078038567986,1.81395910458997,1198.80359413408,83.0079141731904,2498.6344636872,128.525526556749,415.019658787519,1.33935376741896,9.02442350961427,4.82209120197444,0.67021883972335,5.66366187751453,4.48172679477167,0.122770755790449,0.0076804400413891,0.0042549018483842,13.9153850149379,44.7208076427237,15.0,3276.53397373609,88875.0,240,30.0076900976233,1.57563139562578,1195.76634229314,71.8919720953984,2494.92131636709,128.623578620606,414.71953279734,2.05039654307056,11.9393527609864,2.32958802212504,0.645978758195159,5.0471257019766,4.09676667463902,0.0343626852304711,0.0024996498556844,0.0013660516090614,13.4661963352321,44.7595731392424,15.0
3.739583333,30.0063774767315,1.78665439163173,1200.71019702348,81.5108531081427,2503.96573012216,128.766306336036,415.804900710939,1.35154880214013,9.07539868666513,4.68532311799339,0.661421397438481,5.57613295639422,4.47557072131551,0.117565594873078,0.0073990398468523,0.004093417763577,13.9033813348688,44.8058362771312,15.0,3281.67286768341,93040.0,240,30.0074354780001,1.54891831250442,1197.87233775917,70.6636080533056,2500.6500094502,128.878841438872,415.551675220201,2.09778330881093,11.9467151777918,2.23513991346256,0.6377025157836,4.97461615570692,4.09412727113004,0.0323629929884391,0.0023763896001025,0.0012995816212274,13.465426862337,44.8492581876008,15.0
3.75,30.0002519684601,1.78156244832024,1201.86340040749,80.6939973312667,2507.28684418655,128.895689714897,416.256951044382,1.33019190072966,9.03987145604274,4.69140586867376,0.658666354890577,5.52642589834441,4.48511335367104,0.119968987967053,0.0075408847341635,0.0041752334698371,13.8926744054078,44.8518809811248,15.0,3284.88657274928,109040.0,240,30.0052990686872,1.53890852796442,1199.85134244088,70.2204982710597,2505.77620198826,129.091858493271,416.292753154713,2.07557158891638,11.7879499388447,2.29810895624562,0.63305984385804,4.94604318915497,4.11612425054885,0.0337664561806517,0.0024892144548486,0.0013658551751613,13.476542428428,44.9242101079434,15.0
3.760416666,29.9928768508121,1.76531393304917,1200.67039227731,79.7527643780973,2505.28079718919,128.752710983931,415.785104750205,1.33590583911492,9.11987654933413,4.7090284521583,0.661416332531794,5.47484580982332,4.4844387029548,0.121967450387421,0.0076732411377942,0.004256252247324,13.8190077660238,44.8029961011015,15.0,3281.28357425987,104845.0,240,29.9996223017382,1.53191951086461,1200.73903801405,69.9013236369662,2508.33272400007,129.175120993999,416.597540597869,2.0400139168415,11.6753568870576,2.38512547352762,0.631909868475009,4.92616704513167,4.13612058700642,0.035498889833405,0.0026066588995922,0.0014310717943189,13.4644324619939,44.9540585753039,15.0
3.770833333,29.9935653786567,1.75250250767683,1197.29674044832,78.68713658696,2498.58445372859,128.37141400207,414.529036147364,1.34492542558424,9.21962310760239,4.74601381313134,0.661080168858114,5.41737728452818,4.48111006403911,0.121922601580079,0.0076584109819239,0.0042422037898237,13.7825922471275,44.6711993439542,15.0,3271.60498519294,107795.0,240,29.9958982163769,1.51964123032489,1199.67353201803,69.1967886741316,2506.58824774168,129.048130554128,416.184037526403,2.03962497382209,15.202243573706836,2.42206500842637,0.629808146495322,4.88707728274094,4.1407569945286,0.0360842903166809,0.0026461451583069,0.0014514864850258,13.4523501823982,44.9107103276084,15.0
3.78125,29.9960715497619,1.73913179215824,1193.94453285737,77.9316612560339,2491.9881055336,127.993643427635,413.282038050143,1.36011564167093,9.28894700841145,4.80900607600725,0.660855108791131,5.37523095724281,4.4786018298965,0.122252008823881,0.0076669459005515,0.0042423151768938,13.7621669353111,44.5404639994172,15.0,3262.26033384315,102790.0,240,29.9952556465183,1.50663680219879,1197.22262317308,68.4113594151023,2501.85443224786,128.772774230386,415.270806986998,2.0495461572932,15.281620265746037,2.4490123509911,0.627638295091016,4.84314781114536,4.13829126452075,0.0363029695793216,0.0026569243371741,0.001454790140208,13.4438044964202,44.8156452834853,15.0
3.791666666,30.0007947346011,1.72194618829479,1192.26332590268,77.242852287332,2489.07360696381,127.812811460327,412.668848479177,1.38060234408103,9.36655754837408,4.84142315119955,0.656049326303547,5.33530868218532,4.47106727734651,0.120530337090531,0.0075585228758778,0.0041740583567392,13.7600011656103,44.4782027315486,15.0,3257.65473586866,96550.0,240,29.9970684000147,1.48996418049004,1194.85398496034,67.4739820031143,2497.38546467192,128.521226252195,414.414582197821,2.0847301389334,15.433604834637137,2.41588918957782,0.623691767728386,4.78971053579336,4.12381734787897,0.0352316717839811,0.0025798473411955,0.0014089032932189,13.4367443649383,44.7287792027405,15.0
3.802083333,30.0065464702904,1.6951989914516,1192.45966687666,76.3144746749496,2490.37907785901,127.864125913325,412.803183767393,1.41547855079861,9.49093365461016,4.76352489858956,0.647815823390467,5.28039727239586,4.4533572556947,0.114666292980905,0.0072316227883675,0.0039842615618519,13.7639372515121,44.4967987218481,15.0,3258.23799585989,85215.0,240,30.0005062677965,1.46596406242376,1193.51733469716,66.2504331375291,2495.27439549987,128.406426286024,413.986620342877,2.15809393435026,15.672699595163637,2.28172763909666,0.617371727817681,4.71903468083675,4.09456979456645,0.0322198294418812,0.002370994664991,0.0012904714722389,13.4282533773328,44.6894612456576,15.0
3.8125,30.0112517406729,1.6814414349853,1194.34866430362,75.5914891566278,2495.38503235843,128.108824932163,413.600892305297,1.42646919876826,9.52999375912083,4.65219666642235,0.639501750708257,5.23470570977528,4.44381860857855,0.10942785527664,0.0069305132246326,0.0038096865387608,13.8035224357195,44.5827916767926,15.0,3263.7132710497,89390.0,240,30.0050274806647,1.44418719981545,1193.45085561497,65.1814822448761,2495.92277400092,128.43562560769,414.052035550599,2.23429501342822,15.853444072301036,2.14562301514733,0.610438328563664,4.65573130511879,4.0701787917247,0.0295833134853254,0.0022001010031314,0.001196804732758,13.4328584080043,44.7001972390838,15.0
3.822916666,30.0064186502799,1.69631620323899,1197.46251647815,75.8815680794275,2502.79148937988,128.455311269164,414.782715675256,1.38356745150243,9.36164363538499,4.72880865481157,0.641409919883872,5.24382991934189,4.46246223623224,0.114945564270123,0.0072384218659498,0.0039853729618779,13.8517588149823,44.7038760755145,15.0,3273.05810771804,106800.0,240,30.0074769016759,1.44604246578543,1194.88015441145,65.302957156073,2499.61442398845,128.593626217373,414.610540979425,2.19793252268134,15.718948866166436,2.23147286008696,0.608829505560294,4.65771570768325,4.08568067154799,0.0313709447485676,0.0023421980451308,0.0012797959744104,13.4572261550989,44.7556845285282,15.0
3.833333333,29.9939119957872,1.70893128214825,1198.77789102967,76.2440314092405,2505.92388072636,128.574027193836,415.189619365536,1.34637849595395,9.25872221050571,4.888722753175,0.651483561126241,5.26356124345443,4.47943901456366,0.124897024336953,0.0078182927383377,0.0043246560014306,13.8256347270875,44.7453772618618,15.0,3277.09112023988,113180.0,240,30.0025931207112,1.46220688033006,1196.99240841411,66.1721615062095,2504.5983619469,128.798654163591,415.337806925414,2.08659249854481,15.441598909076536,2.46255137951713,0.613290883836461,4.7030861973879,4.12156978325762,0.0362130537498762,0.002675406793752,0.0014669077979423,13.4667647513302,44.8275091975281,15.0
3.84375,29.9890164280867,1.70957242358944,1195.88657787163,75.9947020268901,2499.78877368093,128.224341940845,414.025264761986,1.34072923193916,9.30209455222274,5.01369532995274,0.658933628511252,5.25567512791006,4.48231853268733,0.130526011659411,0.008135286524371,0.004508354480139,13.7793773833904,44.6239423401133,15.0,3268.90770196679,112710.0,240,29.995342837245,1.47071394031878,1197.24179774411,66.5923339821599,2505.41540986881,128.796927911425,415.341730409894,2.01622598888078,15.317069856619037,2.64200386396541,0.61760091074439,4.72819893012874,4.14186731977015,0.040076423005116,0.0029269433960961,0.0016050416747797,13.4576586474176,44.8273460074697,15.0
3.854166666,29.9895563122111,1.72844531627902,1190.90141412551,76.1314232729267,2489.07933037965,127.630423125758,412.066823219701,1.32183468413405,9.28486817721606,5.2447662283652,0.6682517190575,5.26824528467664,4.49213399049711,0.138402634179763,0.0085422119676271,0.0047359238506588,13.7688803249749,44.4173609102657,15.0,3255.17008127536,121125.0,240,29.9918291667109,1.480235584346,1194.72320645857,66.8796883630201,2500.10238175127,128.480045805951,414.296896546656,1.95832527038429,15.243814355173537,2.85203285151297,0.622187852724058,4.74795808114182,4.15833710101397,0.0448126483438936,0.0032329786815036,0.0017723308625809,13.4575845385882,44.717343941895,15.0
3.864583333,29.9927762691589,1.72281656312059,1186.89516197634,76.2845786056301,2480.57894064768,127.149585365999,410.438901530053,1.33955742670714,9.31829199613875,5.44023702661235,0.67379552372422,5.28248611077276,4.4912166126593,0.143188970752574,0.0087876713539646,0.0048739569553972,13.7544220872292,44.249923488924,15.0,3244.19781871097,104535.0,240,29.9910130177508,1.4822414623959,1191.05894561395,66.8566652717443,2492.38681132016,128.04910186159,412.833703150721,1.9369719315919,15.301428427566837,2.98971723353321,0.625662843706994,4.75045221493204,4.15636441189644,0.0474276388620591,0.0033850950115157,0.0018507230915361,13.4478349164613,44.5675326364596,15.0
3.875,30.003150155212,1.70694615480484,1185.35104567184,76.0310864890003,2477.88873958841,126.9814941483,409.817358635448,1.36755704793292,9.38974384185126,5.49537017658752,0.666177185850118,5.26865602493493,4.47920141716978,0.140419976760604,0.0086107559066489,0.0047617292289043,13.7824656082046,44.1914860959529,15.0,3240.19590797172,94045.0,240,29.995031618554,1.4699198837331,1188.22823141099,66.1504398457243,2486.75804073969,127.747849568911,411.744366939009,1.97512688953861,15.541616044827936,2.93570683881996,0.622337153480339,4.71306283425233,4.12640028769065,0.0454196767894798,0.0032397448346864,0.0017641332726828,13.4416047777998,44.4628235047712,15.0
3.885416666,30.0088441037734,1.71984167384404,1186.55346614091,76.4909410499617,2481.32820878583,127.119009302771,410.231076231357,1.34755243083174,9.28890733136841,5.64698536733329,0.663102419809345,5.28775605370896,4.48433767070249,0.143641025723326,0.0087595900719114,0.0048398145183966,13.8541907367269,44.2392069914322,15.0,3244.4714313767,102880.0,240,30.0016654128439,1.46708374982499,1186.93627404509,65.9320551891572,2484.57992136815,127.613611278665,411.230768659525,1.98059343258928,15.636688440544637,2.96457536142805,0.619714156952097,4.69917573351924,4.11117621352091,0.0459617754038262,0.0032742570493008,0.0017817371083031,13.4585064133083,44.4160442903452,15.0
3.895833333,29.9979596211578,1.77889939430331,1189.23922377049,78.3409431247639,2487.49804396317,127.36518003767,411.021452310622,1.26655947318718,8.97924583680054,6.07307067742294,0.680097891292849,5.38598199455166,4.51769449060882,0.162310507378531,0.0097821952274429,0.0054416350376214,13.9169509782489,44.3240721725337,15.0,3253.34168653444,128400.0,240,30.0031264881866,1.49906146222575,1187.68609438531,67.4968599333981,2486.64992493959,127.647987186183,411.344838562838,1.86305643953275,15.299685400259836,3.38173644839934,0.6275208554226,4.78279892845742,4.14941768474984,0.0571072902268503,0.0039844921790631,0.002176699102488,13.499602823397,44.4274395148076,15.0
3.90625,29.9860586092906,1.79017963558706,1188.43249478897,79.2726530825735,2485.50186100982,127.19827660497,410.3768661659,1.25209537657347,8.91746192722591,6.37614298168733,0.698547980616241,5.45043029913769,4.52653247714806,0.177732533442688,0.0106354142738781,0.0059601645095838,13.8683001296012,44.2648415023072,15.0,3251.2852448659,117220.0,240,29.9944907952658,1.52727885642976,1188.6139315489,69.1145635462375,2488.87463752199,127.68241182848,411.414023556696,1.76029335098789,15.014687012527636,3.81561820511622,0.639963479365025,4.8760560807603,4.18267909682988,0.0700004428587609,0.0047704818004223,0.0026132097350609,13.4976169357356,44.4384863531034,15.0
3.916666666,29.991728066445,1.79141806186766,1184.50134300218,79.3911027876117,2477.02472853441,126.712549030684,408.680997655704,1.25994702830255,8.94437837181885,6.51286950475892,0.699597713637509,5.46748541652734,4.5253900715109,0.181372940507148,0.0107971614265477,0.0060504599337922,13.8620539911924,44.0951175788253,15.0,3240.30437894206,115695.0,240,29.9911361629944,1.53513718031552,1187.19226832444,69.5252657349348,2485.94595425513,127.477717777096,410.633043683899,1.73285227845738,15.006642896410137,4.00780885854771,0.644035708757527,4.9074537699429,4.18335830926775,0.0756291871494382,0.0050984446090966,0.002792188315551,13.4900628595458,44.366352358678,15.0
3.927083333,29.9963279002764,1.81163163055443,1181.75461591048,80.2431758390906,2471.2331794549,126.356510942849,407.420285000113,1.25306059326065,8.88673852626732,6.65232963908257,0.702317621201728,5.51768887252276,4.53192881987926,0.185016273405149,0.0109685374833002,0.0061496810938212,13.8778716265222,43.9705914578272,15.0,3233.23376895394,117755.0,240,29.9933497600753,1.54608531519877,1184.51347338593,69.9740604969096,2480.3160541202,127.133187874887,409.398432321209,1.71427878511141,14.987114238893836,4.1644869382912,0.647216500511388,4.93804475675705,4.18575987414518,0.0803483941655489,0.0053670185635452,0.0029385954337104,13.4953014591093,44.2455685922052,15.0
3.9375,29.9996515844326,1.8097625642209,1181.30921505095,80.9825105964937,2470.50512931496,126.265754877174,406.995267559112,1.26771923965844,8.89649872778149,6.68174853546422,0.700831778813714,5.56124557244298,4.52673285634705,0.185881450124541,0.0109950701938085,0.0061657596722919,13.8733162084948,43.9382283474283,15.0,3232.49707930959,104475.0,240,29.9959001629311,1.55210306180526,1182.67660809299,70.2885920459546,2476.65344643206,126.897608015971,408.494922684158,1.71590714742304,15.049951572464636,4.19352364761016,0.648747177500698,4.95841023638571,4.17541369263279,0.080846052312148,0.0053894269202629,0.0029490872742296,13.4882359793439,44.1628553978306,15.0
3.947916666,29.9990042852108,1.86054165358994,1182.34633219199,82.5737592156787,2472.80946130943,126.317453765151,407.067821440736,1.21971167355907,8.74224123535973,6.83711717392851,0.705225257115117,5.64871976149931,4.54229105471666,0.19074543795418,0.0112779805627604,0.0063389379342054,13.9280476832629,43.955570474287,15.0,3236.30279879796,130220.0,240,29.9989844649079,1.57638534480162,1182.1798737229,71.4383056743333,2475.7378983336,126.781082780162,408.01660385001,1.68108612767335,14.920813352920936,4.35359560430933,0.652957266214147,5.02396567915744,4.18853240091599,0.0869852373277477,0.0057352641352047,0.0031421807471893,13.5137617024694,44.1213470586849,15.0
3.958333333,29.9889354180799,1.88879519187967,1182.54621360842,84.2342595072018,2472.53280277675,126.230701297964,406.642140658991,1.20234582004059,8.68682148324098,6.96698291153763,0.720436066619657,5.75242940426662,4.54930403794063,0.199844548318351,0.0117918911643899,0.0066663305171023,13.8854855733248,43.9242344488454,15.0,3237.08276422363,124150.0,240,29.9946172730271,1.60915294644106,1182.4966573451,73.287141700066,2476.2368804267,126.716802391275,407.71405878309,1.62954978566472,14.686472526781936,4.61223840944764,0.664288868475251,5.13140397266129,4.21593821950387,0.0978878194443937,0.0063609308328702,0.0034981344395666,13.5157906306028,44.0976914484074,15.0
3.96875,29.992101114466,1.89465124823489,1180.40228065487,84.9083799940558,2467.3271248294,125.900343968179,405.413722968221,1.21062401390227,8.73846493819287,6.954128683411,0.721918759031106,5.80251053363124,4.5449497742973,0.200567765866329,0.011804597700627,0.0066739991343156,13.8591266895588,43.8083081359109,15.0,3230.82012041298,119830.0,240,29.9918639371919,1.62525160688409,1181.82022755166,74.1839951686599,2474.45453664867,126.554019173822,407.036958678544,1.61798994524567,14.680010600365536,4.67063589518555,0.66998576533358,5.19093591056433,4.21648696550116,0.1007553007733,0.0065197225540034,0.0035887778106557,13.5035226722564,44.03993826932,15.0
3.979166666,29.9976679403774,1.90472846292027,1178.98080448091,85.7102988196019,2464.00213345964,125.664829671498,404.510928427096,1.21823865996006,8.76315842816376,6.85831559388652,0.719568835597978,5.85122228099954,4.54211756794302,0.197867165261739,0.0116420759117481,0.0065753762054741,13.8541363128751,43.7256267905218,15.0,3226.94596623695,116555.0,240,29.9940123672905,1.63604498184131,1180.37207905142,74.6821309635456,2471.09862374714,126.317573359502,406.114917415365,1.62320545463446,14.742997224347636,4.61646888964228,0.672061449650246,5.22563879804016,4.2088341931787,0.0989658248296993,0.0064133171113707,0.0035287750539126,13.4975078504851,43.9568407698097,15.0
3.989583333,30.0011382816276,1.9159509929708,1179.60369333521,86.6695943733158,2465.26823672665,125.662487555226,404.36976869763,1.22341456329561,8.77519377047491,6.68369781818987,0.71745211281975,5.90453815716655,4.53842563330769,0.193196233875996,0.0113943048414113,0.0064298531892052,13.8575462018472,43.7242820039732,15.0,3228.973547019,112880.0,240,29.9974432454016,1.64653001296223,1179.67313029325,75.1759814425871,2469.51921872328,126.172634712263,405.496694266841,1.63505082904276,14.815638325929436,4.47569598836562,0.67326759081927,5.25595449132265,4.19881604811422,0.0942596405999879,0.0061434192812508,0.0033783002639815,13.493913538413,43.9059120695901,15.0
4.0,30.0047277831983,1.90927812212476,1181.5113788405,87.1015774700788,2469.65250267141,125.827198811725,404.764221034838,1.24309178381373,8.83946006239469,6.41488163382627,0.712027596824017,5.92656277191429,4.52578535683146,0.18483725833766,0.0109514072694125,0.0061673078932464,13.8572344388822,43.7812919861555,15.0,3234.47862811103,102055.0,240,30.0005504977129,1.64852794677789,1180.20033478052,75.2934767239124,2470.87224904169,126.186044950887,405.384808000974,1.66470182086778,14.961023374194637,4.20761788699417,0.672250913139643,5.26258594436676,4.17760529384275,0.0849838319416778,0.0056099096540413,0.0030806922311416,13.4844559211264,43.9105196213748,15.0
4.010416666,30.0087183011141,1.90584037380651,1184.31046224152,87.2422026205183,2476.29073725188,126.114230509815,405.574075299188,1.25210242238752,8.88670535451102,6.14227795584697,0.70371273257947,5.92832133078649,4.51368898233016,0.174791409706016,0.0104287533764449,0.0058564385310943,13.87893863339,43.8812646951241,15.0,3242.55972946353,102040.0,240,30.0042694504299,1.64563782439982,1181.74903141562,75.1545994051629,2474.67204579093,126.329825772929,405.70689088403,1.70341437380966,15.114643946167837,3.89161603637721,0.668807431804447,5.25254607083767,4.15373310257738,0.0746481447717275,0.005000977925565,0.002741645838519,13.4822926268056,43.9608327779039,15.0
4.020833333,30.0101089920145,1.88861495003441,1187.67899147235,86.8736965123561,2484.43383799131,126.487684135877,406.665935676001,1.27246462291476,8.97166926318441,5.85738622230339,0.696777504854008,5.90132536459597,4.49582023558167,0.164533258737833,0.009895921545609,0.0055438714737275,13.8787425822036,44.0115146042338,15.0,3252.1137452941,93080.0,240,30.0070034865717,1.63629368445801,1184.10765353351,74.7652540140693,2480.45504749379,126.58116537937,406.390633801534,1.7528656978651,15.271938004997336,3.5589961571618,0.664631278335623,5.226580100192,4.12807149389741,0.064471485019277,0.0043898737016371,0.0024031122332939,13.4749297569436,44.0488393571837,15.0
4.03125,30.0122616693209,1.85733936231136,1191.10612633879,85.4482881276096,2493.13066097263,126.904664023248,407.91428110332,1.29304854600595,9.0682144222915,5.60378925006953,0.686460789892614,5.81773094520415,4.47626168895747,0.153238464398911,0.0092992491712922,0.0051901596766194,13.8917028717655,44.1572322890914,15.0,3261.49593964102,91795.0,240,30.0092815444002,1.61591565225195,1186.92575715018,73.8267882563546,2487.48874346211,126.907791116473,407.329879633662,1.81902231561505,15.450442165015037,3.22092229873736,0.658087756965089,5.17007860070622,4.09889322170087,0.0548751484876592,0.0037998081349283,0.0020766323151367,13.4697872301928,44.1632175944218,15.0
4.041666666,30.0124434963789,1.81871134778752,1194.599499153,83.5747486956436,2502.15852703289,127.349807447596,409.272561912661,1.31290977365863,9.15151558905214,5.4293822136416,0.67601704319187,5.70969542653338,4.45928699821475,0.144715068184785,0.0088479465865068,0.0049232290820427,13.8982509679972,44.3128288769236,15.0,3270.95097983904,90200.0,240,30.0109203805453,1.58760472989047,1190.04392145614,72.5311803107669,2495.34548671068,127.285174772746,408.459678293448,1.88612280230285,15.581561983407436,2.95661437897071,0.649921666534283,5.09411562470977,4.07581259512225,0.0479113522112762,0.0033661610583797,0.0018376845158309,13.4675453463597,44.2952651121767,15.0
4.052083333,30.0119341281835,1.77784598423776,1197.94512816376,81.6269382578852,2510.8623810387,127.784582517423,410.606961568639,1.33422959068942,9.25412557270828,5.31291453628353,0.666360346282104,5.59783462990732,4.44067729137242,0.137915262575926,0.0084838149774727,0.0047074861142143,13.8971690659467,44.4647819089356,15.0,3279.9680800915,87260.0,240,30.0115256144846,1.5531126080792,1193.26173038971,70.9520882083414,2503.51228907939,127.690671743881,409.694234646622,1.95530091576416,15.712565185318436,2.74429843377414,0.640618961804867,5.00256986312214,4.05317646990249,0.0425884986829248,0.0030302601463033,0.0016525110315304,13.4627504332384,44.4370375062543,15.0
4.0625,30.0119338086054,1.73897482689069,1201.01317503207,79.7666482790041,2518.93909169798,128.188631334929,411.856913687416,1.35197507974506,9.35320888309595,5.27196952169373,0.657183840570295,5.49086971281376,4.42247581312171,0.133358900357591,0.0082338194491543,0.0045565783846072,13.9015489420783,44.6058989155543,15.0,3288.27776921022,85170.0,240,30.0117116789431,1.51637345417489,1196.40005691114,69.2682124714646,2511.51895061505,128.097655542393,410.94373890683,2.02194528729318,15.854508929368137,2.58239834780412,0.63074819528217,4.9052754557807,4.02946677276942,0.0386963534969666,0.0027826799161571,0.0015157912863876,13.4588642761746,44.5791997565375,15.0
4.072916666,30.0122276696298,1.70233220436655,1203.89126267805,78.1060739006654,2526.57688724393,128.570175114225,413.049214113177,1.36541208120218,9.43702247371795,5.31371952035609,0.648543294765722,5.39454793445403,4.40544082617669,0.13172740791836,0.0081408594159958,0.0044956868870424,13.9092751176407,44.7389034483763,15.0,3296.19938737382,82400.0,240,30.0118815614522,1.48035672027478,1199.38447188182,67.6244996841216,2519.17361447283,128.493144696442,412.165067600392,2.07761406300774,16.002233046698937,2.47796366464946,0.620923922410682,4.81010621779712,4.00487400159574,0.0361923301237994,0.0026233113026565,0.0014273504309643,13.4561678849946,44.7171762809121,15.0
4.083333333,30.0129649954731,1.66407324909522,1206.65021344576,76.4550884048158,2533.93961007587,128.94376243304,414.226970699705,1.37940981819337,9.52458626897259,5.36897575139933,0.638475775380719,5.2991724584753,4.38716419846637,0.13111748660046,0.0081091454087667,0.0044712651732643,13.9141900338743,44.86890588201,15.0,3303.8134132059,78890.0,240,30.0122116483298,1.44503391152521,1202.2024023275,66.0134736435773,2526.45156268538,128.876769520757,413.352106791269,2.12522586078225,16.170389786913237,2.40504719216301,0.610929839345212,4.71671832196192,3.97707034572512,0.0344259827048776,0.0025115592674646,0.0013650022008487,13.4527140599826,44.850821424711,15.0
4.09375,30.0135979005727,1.62822679362078,1209.41814928768,74.8114446043025,2541.22310639507,129.32325498486,415.444609615247,1.38840658963113,9.59525966596383,5.40738470749187,0.627299741153374,5.20483145439182,4.37145568782588,0.130769927124321,0.0080955104798426,0.00445832338847,13.923576583472,45.0008985647595,15.0,3311.41609758894,79315.0,240,30.0127657314146,1.41215698492575,1204.95403715495,64.5131034232165,2533.52656484778,129.255795122575,414.537696082684,2.16023026539197,16.321288730894036,2.36623915121237,0.600936651895302,4.62980388135385,3.95112119589018,0.0334379361603201,0.0024542682640467,0.0013333207180442,13.4526915384001,44.9826732474737,15.0
4.104166666,30.0130347616184,1.59217429982998,1212.16666633816,73.1812647875935,2548.30273311703,129.70557925447,416.683671924225,1.39992992615404,9.6773362752903,5.40172515077462,0.616866600337474,5.11162073670266,4.35592367902867,0.129837987995812,0.0080598072006974,0.0044358238331339,13.9179233509029,45.1339095115646,15.0,3318.88036869978,78180.0,240,30.013031448315,1.38178953965589,1207.70543365562,63.1341754074508,2540.50127116589,129.636701887067,415.7455547068,2.18438184362453,16.446692820103436,2.34397984253235,0.591549394528713,4.55005355305778,3.92875132637381,0.0328095235712975,0.0024199208598877,0.0013142554823695,13.4514657299434,45.1150749587988,15.0
4.114583333,30.013056368942,1.54935491144648,1214.63114195552,71.272145614594,2554.636240587,130.072863095742,417.860499311207,1.43238893876757,9.86623925163681,5.24803108542377,0.605516239372255,5.00392090070772,4.3279530871978,0.123373962477557,0.007727780751427,0.0042464978996446,13.8855877797974,45.261950638765,15.0,3325.30113090213,71230.0,240,30.0129579282153,1.3471905511628,1210.2803955873,61.5436412492527,2547.00581293101,130.011999956834,416.931512304866,2.2453769517532,16.652226625429137,2.22569835378258,0.581611862372099,4.45886521281906,3.89679708095076,0.0304077164154447,0.0022603388664899,0.0012254419879278,13.4397890162268,45.24557838379,15.0
4.125,30.0151112782537,1.50328435119146,1216.9338725277,69.0899456810572,2560.511815826,130.438944546288,419.031476183397,1.47856194903749,10.1297808446059,4.97264887231041,0.592520226894079,4.88221277807621,4.29011074558329,0.111317606047046,0.0070700406188046,0.0038707560249019,13.8616438872137,45.3899681667178,15.0,3331.04701719837,66170.0,240,30.0134129613242,1.30645640897386,1212.60127417513,59.6533892681568,2552.84965581924,130.373706470503,418.075198390079,2.37282679390851,16.951637473160638,1.98968253713929,0.570405866715022,4.3512451286318,3.85342954320592,0.0261503502859139,0.0019719627475317,0.0010660882523557,13.4263656642954,45.3714570052607,15.0
4.135416666,30.0176859611949,1.45759024787172,1219.29044120601,66.8411004301492,2566.35063149366,130.819682433992,420.269459371884,1.53155517918404,10.4010392908592,4.64108575774298,0.578835666128076,4.757381376198,4.25076159950895,0.0978553413448065,0.0063177288868248,0.0034451993871423,13.8465094796759,45.5233157295093,15.0,3336.8209729989,62565.0,240,30.0146386334215,1.26341122455038,1214.81536915545,57.668073045948,2558.30451113404,130.727501568335,419.221497958682,2.55223699634531,17.26014374342934,1.71287262160534,0.55856131319193,4.23849307533746,3.80944937903297,0.0216291849767742,0.0016627760796115,0.0008963076559011,13.4167169388818,45.4946616454833,15.0
4.145833333,30.0196945768972,1.41238297951639,1221.43435861088,64.5854858804903,2571.57967063948,131.181773812037,421.474472719848,1.59372423930519,10.66246680219,4.26712557375679,0.566409021986741,4.63226115348762,4.21264368408552,0.0842164558955528,0.005540603330128,0.0030114223763223,13.8344054112531,45.6503107729752,15.0,3341.92955432678,59730.0,240,30.0162306375816,1.22030080891138,1216.96368152881,55.6965345431268,2563.44047718073,131.071641074796,420.381109554145,2.77454938650372,17.529332417664737,1.43781858354716,0.546862782306464,4.12656197587222,3.77116844581603,0.0175247332510914,0.0013781728228991,0.0007406694202351,13.4093645801793,45.6145813642531,15.0
4.15625,30.0209333802243,1.36692205548428,1223.10148486173,62.3234803732029,2575.63381208627,131.493880412971,422.546262620006,1.67187496345052,10.918017188558,3.85204260633225,0.554321568755556,4.50660984409923,4.17588625156323,0.0706638452366345,0.0047520587772771,0.0025768060172871,13.8194709063784,45.7599876583865,15.0,3345.64418100942,56865.0,240,30.0177600796997,1.17781027864402,1218.94170754607,53.7617060660387,2568.03740318376,131.39162875726,421.514921606036,3.0390826002819,17.742701714884234,1.1795324482891,0.535410217594275,4.01658672851018,3.74096483849568,0.0139591542975664,0.0011252291746592,0.000602472745336,13.4025631357892,45.7261811463221,15.0
4.166666666,30.0211765524799,1.32704295082643,1224.24989754304,60.2649823886928,2578.35304897187,131.738619504253,423.456070178966,1.74811288418157,11.0895655749249,3.47252546796469,0.542548912047073,4.39173553997293,4.15177344228953,0.0600427169633399,0.004122574862371,0.0022344353736814,13.8218274830315,45.846163525013,15.0,3347.93158658387,59840.0,240,30.0190251818591,1.14008737597975,1220.70905189073,52.0407069730785,2571.9841281757,131.674938507029,422.596874007465,3.29524533244142,17.833938355907534,0.991522945637983,0.524676983575248,3.91860556783393,3.72783516767029,0.0115058812127484,0.0009528470177676,0.0005089952043084,13.4021959292606,45.825102929009,15.0
4.177083333,30.0198531103337,1.28778292741664,1224.73284473154,58.3217671226265,2579.46933059052,131.904113187547,424.143460283155,1.84319361569352,11.2440419049286,3.09956022690285,0.532791960878087,4.28187713469185,4.13265608604246,0.0504943147845032,0.003559215444146,0.0019333176755074,13.7978350818043,45.9047121288622,15.0,3348.35717103319,57340.0,240,30.0195723226405,1.10643287008336,1222.1278468041,50.4925352444554,2575.00378944304,131.910892217672,423.575658128866,3.5290635004675,17.843107570756338,0.841334708140631,0.515065038728779,3.83005345626783,3.72683939855236,0.0096267396628563,0.000813594305564,0.0004330660261245,13.3986780412077,45.9076345417585,15.0
4.1875,30.0183820575983,1.25103663256358,1224.46852484282,56.4662308165535,2578.80584020326,131.980575802277,424.575039046013,1.9523374701682,11.3877022288281,2.7442921810375,0.523164647009843,4.17597006300781,4.11743438936172,0.0423911302762415,0.0030749832291291,0.0016771183606539,13.7783684183453,45.9321829520212,15.0,3346.67129524721,58855.0,240,30.0193941680677,1.07515985086719,1223.04820486796,49.0362911422755,2576.79286185624,132.084505981042,424.396002930912,3.77200088203772,17.805615788630938,0.713781923062669,0.506022516825342,3.74613056898509,3.73390122377297,0.0080817308658237,0.0006985119585393,0.0003705993369002,13.3947982353104,45.9685541979908,15.0
4.197916666,30.0159281125469,1.22286098936418,1223.53476342408,54.9565968456753,2576.49114041655,131.963279555773,424.764779244581,2.03573118273442,11.4228864656538,2.49702576278722,0.514583782484154,4.0879400837579,4.11998708794344,0.037574828278211,0.0028069455459931,0.0015428274483081,13.7695650469266,45.926899314561,15.0,3343.22809410091,64645.0,240,30.0185524270525,1.05111452290151,1223.41661468649,47.8840271139272,2577.21758019687,132.185559146611,425.024485249036,3.92762737985193,17.665971859380235,0.650053002722462,0.49830566464272,3.67899783641247,3.75645898525313,0.0073182835032597,0.0006468173597878,0.0003434788163312,13.3971767636872,46.0042718048451,15.0
4.208333333,30.0126720270354,1.19448156241666,1221.99268790491,53.545195029707,2572.76574943033,131.875879188904,424.731311685146,2.14403570684401,11.503048267723,2.25212370165208,0.508458901292617,4.00372552709114,4.11975585777667,0.0326364610452292,0.0025195971404563,0.0013949107628831,13.7220878564391,45.8972283638583,15.0,3338.10603870215,60975.0,240,30.0168132439692,1.0296292220514,1223.15968037021,46.8360562953458,2576.17385028153,132.215382660904,425.436671179145,4.07213017154525,17.530162416541337,0.58299379235567,0.491804494401596,3.61683726507703,3.78090123509819,0.0065340344308761,0.0005854706888886,0.0003103979982332,13.3906967600411,46.0152264450642,15.0
4.21875,30.0108088579941,1.17109834145726,1219.85703991374,52.2845699297952,2567.65425975119,131.715188164715,424.481178196601,2.24387908049194,11.5677863376253,2.06239990850561,0.502030981571675,3.92757990043138,4.12297787001425,0.0292467834980742,0.0023360328518479,0.0013051555821062,13.6964813983585,45.8419720015037,15.0,3331.37565596816,65450.0,240,30.0147935535851,1.01009100218617,1222.26769674924,45.8574096798823,2573.66029577796,132.170733487407,425.62507861418,4.2253501670096,17.402937507333135,0.528756404760346,0.485703440630017,3.55777112586328,3.80670237307946,0.0059042195775488,0.0005405415966729,0.0002868415283699,13.3861397517253,46.0002989523766,15.0
4.229166666,30.0087032454098,1.15374438583572,1217.5406773135,51.3167321212425,2562.04850491554,131.523094657551,424.152745207773,2.30545371875972,11.5828658727405,1.96193134726054,0.497292281212693,3.86723623387808,4.13421167268973,0.0275078912502303,0.0022530779069363,0.0012675880156866,13.6675378654052,45.7757410122989,15.0,3324.26812142093,67070.0,240,30.0127228193679,0.99556859633204,1220.7780158315,45.0877592369914,2569.76367229643,132.055892751737,425.5935962817,4.30259718082615,17.259604878113937,0.50616592005441,0.480778225540536,3.5100053249795,3.83653142467242,0.0056391305988237,0.0005247775211613,0.0002790772467368,13.3834332707994,45.9609364545637,15.0
4.239583333,30.0070221474309,1.1387262045908,1215.34502601023,50.4981993017501,2556.63117351277,131.341761576416,423.855266117051,2.36194864181236,11.6166454960505,1.8825784783284,0.493515872232491,3.8153607707141,4.14331072869292,0.0260954207094951,0.0021815538783247,0.0012333248909449,13.6338166361644,45.71323416596,15.0,3317.53849551313,67020.0,240,30.0106780363441,0.983161336723937,1218.97019590268,44.4112387907153,2565.11980911597,131.906178698077,425.442821028503,4.36845601794093,17.152076794521435,0.486194259314177,0.476658992124777,3.46710172897351,3.86290711667187,0.0054069410823411,0.0005091166852815,0.0002709042826115,13.3778252838075,45.9094191117298,15.0
4.25,30.0069715344213,1.12076611928647,1213.36018948428,49.6419397606148,2551.63292843246,131.189143383479,423.633752459453,2.45911236379086,11.7115176223427,1.76130703136867,0.48977990393413,3.76232508135109,4.14287393783195,0.0237914270446177,0.002031800263636,0.0011513991823556,13.5991507656462,45.6606928398744,15.0,3311.33898477012,61250.0,240,30.0091441375817,0.969046993683583,1217.10589383267,43.668505548167,2560.31457008272,131.752593740519,425.272857151971,4.49038646247099,17.116775753708037,0.443738703933199,0.472468007506775,3.42032655625272,3.88014385409196,0.0049249002778897,0.0004669023103841,0.0002474025066252,13.3689426523058,45.856536958929,15.0
4.260416666,30.0088248684629,1.10415239977806,1212.12595155989,48.8277130603966,2548.16128221779,131.115781314921,423.686764194018,2.5562576023065,11.7763736870585,1.65271601954857,0.485131769828398,3.71357399041801,4.14406377269863,0.0219510664848108,0.0019248878115863,0.0010960561452222,13.5903866833331,45.6356391039181,15.0,3307.1648485882,61375.0,240,30.0086786326337,0.954351175103508,1215.39816454785,42.905072124785,2555.78718878946,131.614230362041,425.160969999493,4.63386063180135,17.10594963437474,0.404016576379089,0.467907865786347,3.37284714190912,3.89381890287085,0.0044752997691513,0.0004304707598704,0.0002276359935804,13.3645739555444,45.8089372570115,15.0
4.270833333,30.0106206354733,1.08813381550358,1211.7246848411,48.0929876915948,2546.39794174871,131.13034784618,424.045085361494,2.64067670629319,11.8019161635904,1.56528016846093,0.481110309460816,3.67059234410856,4.14861142863118,0.0204434300342942,0.0018287972730906,0.0010439080550804,13.5846732312918,45.6411230920271,15.0,3305.27412793583,58345.0,240,30.0090970783858,0.940696642898621,1214.07396321549,42.2031738273858,2552.01091504648,131.515907843031,425.187886956375,4.74859997026714,17.089567542611235,0.373765004050496,0.463604330907488,3.32966444527011,3.90722397871895,0.0041341793539626,0.000401541529849,0.0002117144514512,13.3622421240786,45.7752274977919,15.0
4.28125,30.0120738085294,1.07432516524002,1211.81417572003,47.4353137987048,2545.60564215979,131.19434905031,424.588229080125,2.70232301287883,11.7821184958525,1.5086295866971,0.476977882734122,3.63293690246982,4.15789585388403,0.019554769385044,0.0017852494674702,0.0010229561083358,13.5885305302269,45.6637535589757,15.0,3304.72609752595,59475.0,240,30.0099767196294,0.928448108434275,1213.21608267411,41.579064063196,2549.16276524328,131.466976184562,425.384987600235,4.83613728386425,17.056231038246636,0.355017130153792,0.45958904431015,3.29175760601204,3.92165280770881,0.003921818758089,0.000385732064335,0.0002032831305947,13.3620688609856,45.7586595218036,15.0
4.291666666,30.0124600141824,1.06196521442191,1212.00857356158,46.8545277193212,2544.97398334129,131.267365260256,425.175944374156,2.74286520106185,11.7399728211142,1.47233005294368,0.47357773928682,3.59974353047505,4.16980983027229,0.0189574567779267,0.0017533414715732,0.001006544318137,13.5875391878381,45.6895058374093,15.0,3304.47742507051,58525.0,240,30.0108532130948,0.918136108401211,1212.73928798466,41.056762698637,2547.065133341,131.459472011255,425.721855400595,4.88665830666016,17.004196204616836,0.344668893797309,0.456153465793731,3.26034624809103,3.9373807397169,0.0038037177125367,0.0003772750728791,0.0001986853966786,13.3620614766122,45.7564550664127,15.0
4.302083333,30.0122333833858,1.0509888753369,1212.00056203954,46.314409175765,2543.85499624295,131.316869935444,425.696861601035,2.77574397664778,11.6945750190166,1.44496362320664,0.470381116290332,3.56870450776122,4.18230365918903,0.0185417143539051,0.0017386084174113,0.0010005689013465,13.5863443471666,45.7070740298462,15.0,3303.66807976844,59215.0,240,30.0114190267928,0.90905896967725,1212.47749440225,40.5987349609373,2545.37355564007,131.475772307735,426.14063412767,4.9252721106128,16.944208181618137,0.337698262952772,0.453116319987488,3.23299063987875,3.95336176271567,0.0037235843167584,0.0003726879500475,0.0001963166060953,13.36190490357,45.7624999730586,15.0
4.3125,30.0113251539881,1.04282153909491,1211.64801118817,45.8701088396609,2541.94608056743,131.324973615787,426.094859718676,2.78271229781176,11.6334427842399,1.44269786029214,0.467744193729858,3.54257622663452,4.19755172903876,0.0185335984563084,0.0017544646602745,0.0010120798387716,13.5845893873461,45.7102497035713,15.0,3301.94571272497,60945.0,240,30.0115641995761,0.902187123238602,1212.23930918247,40.2415010476385,2543.68363326187,131.494572539986,426.569855955081,4.93236502787092,16.86974031111894,0.339474635739654,0.45066200608182,3.21159096753794,3.97079511638447,0.0037399531687835,0.0003779494003471,0.0001994845706616,13.3625253926712,45.7693893726242,15.0
4.322916666,30.0096487916085,1.03781041232184,1210.83742048119,45.538695708161,2539.02112254944,131.279703406952,426.323833164844,2.76443615703429,11.5678371634875,1.4640271425595,0.465901248662721,3.52193235194224,4.2145063728154,0.0189036524916745,0.001796131878204,0.001037866899884,13.5787056502566,45.6948812708607,15.0,3299.02174243608,63345.0,240,30.0111453029564,0.897879511194101,1211.8598448767,39.9964682810725,2541.65540332116,131.498131154028,426.947535699796,4.90697479180888,16.785476102802036,0.349601179667119,0.448944039318261,3.19653926713895,3.98943476883362,0.0038486558475186,0.0003921186706128,0.0002075819329099,13.363116080341,45.7709605964363,15.0
4.333333333,30.0077146999106,1.03359264636261,1209.44884172424,45.2511155223548,2534.85700551821,131.172547796059,426.338696218762,2.75383052376566,11.5396387230661,1.47821130748239,0.464811693129324,3.50274671338242,4.22751170688925,0.0191107041890884,0.0018154546000554,0.0010488852507378,13.5638771471903,45.6580033089446,15.0,3294.54465756643,63225.0,240,30.010138148092,0.894747790951945,1211.18606138841,39.7998822739613,2538.98283121506,131.470672681125,427.218343239277,4.88311944490407,16.717315920598537,0.356954057069927,0.447753274880883,3.18381951846456,4.00630147889581,0.0039278775095436,0.0004011425905832,0.0002125052413809,13.3614912010687,45.7617411416503,15.0
4.34375,30.0066670455802,1.0289180248114,1207.63531995139,44.9499477078409,2529.79087073121,131.022085961997,426.196395556922,2.76732558319192,11.5555146026298,1.47316201829819,0.463736655055247,3.48244408625437,4.23479261600651,0.0189910061272326,0.0018082933356013,0.0010442339561794,13.5491478708471,45.606040650547,15.0,3288.90049541993,62280.0,240,30.0089417744165,0.891192654765958,1210.14123201052,39.5771516974294,2535.51590001894,131.403653774877,427.355448829578,4.89074729125934,16.683483844038637,0.35547104669493,0.446585085954803,3.16904155548159,4.01918702987813,0.0039101086443867,0.0003997124344987,0.0002114980957899,13.3585108650801,45.7387699627456,15.0
4.354166666,30.0062150904596,1.02824534450886,1205.74018473767,44.7722897967281,2524.52645759169,130.858037433737,426.016841291983,2.74514709821928,11.5417688952601,1.50743299732367,0.462838457062013,3.46919277566121,4.24579733480337,0.0195708545123975,0.001863037636126,0.0010768135506686,13.5451859374389,45.5493111190685,15.0,3283.09734147816,66095.0,240,30.0079622400477,0.889506039126544,1208.74166101338,39.4240797059238,2531.28494453414,131.296898387258,427.359109718969,4.87108952706049,16.652472035170135,0.366147700720043,0.445716075138478,3.15799708217572,4.03197230980535,0.0040249722950802,0.0004141444390074,0.0002196967542983,13.3583789637895,45.701970020178,15.0
4.364583333,30.004900244023,1.0315567243413,1204.01328687069,44.771161816874,2519.60541605816,130.708523435869,425.88297326016,2.68377856654593,11.5089145267858,1.57990489386556,0.463359991090918,3.46552943065609,4.25954670796149,0.0207369544637061,0.0019469722063496,0.0011233966592768,13.5362067121409,45.4976252815047,15.0,3277.85924004244,68660.0,240,30.0069809481564,0.89111440924569,1207.12188121022,39.4113462813211,2526.5834484505,131.166216279018,427.272462256021,4.79702078902628,16.616938031714135,0.391526249984797,0.445775679337368,3.15483220835677,4.04531013481968,0.0043024241596429,0.0004426017262862,0.0002353614279172,13.3586489539016,45.6568162146758,15.0
4.375,30.0010988218285,1.04938483410643,1201.85007786593,45.1983356680668,2513.72187019243,130.494042409584,425.55760232656,2.50997852629303,11.3803913397648,1.7848604269277,0.466625685564735,3.48446039932111,4.28775321189117,0.0245267982891688,0.002231442672179,0.0012865045756934,13.5292100682789,45.4233284232888,15.0,3271.68394266439,84160.0,240,30.0052904812792,0.901469905904365,1205.21815347676,39.763737069757,2521.2799351248,131.001498190106,427.05652113411,4.58241434971376,16.530316144305036,0.47217626235707,0.447870973136933,3.17227349139648,4.06555875188138,0.0051935539845463,0.0005356694682116,0.0002879472576373,13.3627834132298,45.5997930920509,15.0
4.385416666,29.9942155791752,1.07086093119176,1198.10370558017,45.8246514269667,2504.55583258156,130.105269884827,424.606819011172,2.35084961042986,11.3351924871294,2.02820660800463,0.475897586950795,3.51211423538774,4.30732394626447,0.0287789823050707,0.0024756878722116,0.0014104441052136,13.4878812889993,45.2884052907098,15.0,3261.36351283155,84150.0,240,30.0013168720151,0.917539489473679,1202.66499966305,40.3579865368236,2514.65304202138,130.767825921788,426.571813056429,4.31194256978789,16.477012802645838,0.571808083337212,0.452769367188003,3.20221553509229,4.08231389412167,0.0063105359538454,0.0006293519757491,0.0003381743191771,13.3581106124431,45.5187518921688,15.0
4.395833333,29.9880458449282,1.11614307185362,1191.85682507259,46.950064281938,2490.19920725749,129.421892625702,422.669212825921,2.10780369190028,11.2233059046309,2.52466083978862,0.492662707341998,3.56620156174863,4.33621721733662,0.0392098762959555,0.0031048372616508,0.0017409270794367,13.4691151747771,45.0506413684105,15.0,3244.61088257404,105740.0,240,29.9959757204313,0.943899026281144,1198.5141467751,41.3092674332441,2504.73128732689,130.353183290298,425.448860490317,3.93090839210941,16.434331345235137,0.776364719835683,0.461084671874566,3.25080876286302,4.09931096918531,0.0086514224743319,0.0008355098657983,0.0004509490796206,13.3574012154947,45.374713094881,15.0
4.40625,29.9763133719611,1.19311138577266,1183.65618794403,49.1195189979592,2471.64648300776,128.475543719518,419.815273320458,1.8123755659007,11.0127267736695,3.43674881741562,0.52807666361838,3.68035800515016,4.37736967670321,0.0618591605879209,0.0043825701939987,0.0023979297778617,13.4414822040563,44.720620740071,15.0,3223.07522079735,122800.0,240,29.9873013083344,0.991764707729914,1191.75954229198,43.0570945413798,2489.41616857731,129.634762281411,423.24981480014,3.30425661258682,16.36647087328904,1.24255832856858,0.478667252385379,3.34295994067292,4.12056565727376,0.0143170755024061,0.0012895659201863,0.000697227564534,13.3560790138773,45.1247544220121,15.0
4.416666666,29.9723399438918,1.26982565761635,1176.79487232132,51.8894367747459,2455.55329278654,127.639266095027,417.194389676728,1.64066024213017,10.8693602243114,4.45077357964452,0.566245299312079,3.83902733028552,4.40562174316605,0.0903107616790787,0.0059479234319958,0.0032159118477937,13.4469295965373,44.428125167316,15.0,3205.12453711625,119765.0,240,29.9783020911676,1.04776898567341,1184.25448594884,45.1919292333435,2472.46377129177,128.810615681494,420.589672637679,2.77499811417761,16.414187384615136,1.86686339938567,0.501128789352165,3.46077987920516,4.1253139487761,0.0227995106217499,0.0018929899992783,0.001020967427003,13.3556001741023,44.8376158538231,15.0
4.427083333,29.9772562805076,1.3656898958112,1171.93273155196,55.2377678693634,2443.76486565328,127.003375003636,415.162629216553,1.50307514678212,10.6095402374405,5.58622907121152,0.606208792377444,4.03460634221968,4.44020384557401,0.125756142275435,0.0078148075166747,0.0042222933868206,13.5277717172958,44.2045142180977,15.0,3192.97941263466,129520.0,240,29.9765461558608,1.11191386744038,1177.75529313125,47.7254130197344,2457.54137651857,128.060135805909,418.106587121088,2.38156399534046,16.433737941115737,2.66471613128483,0.525806976012209,3.6067845467621,4.1295806424524,0.0357600060425214,0.0027638265666145,0.001488015152635,13.3773039634951,44.5755634806707,15.0
4.4375,29.9770886448616,1.48169754393186,1168.11418586712,59.3660485971013,2434.14612587627,126.44786853365,413.322705873388,1.38500956660616,10.2166278810546,6.86094701552185,0.655883533639394,4.27921617293478,4.48384261775946,0.167820804791249,0.0099937068222682,0.0054536521349691,13.6362865237587,44.0080579418803,15.0,3184.05374451706,137440.0,240,29.9771453333142,1.19031781411869,1172.51820770711,51.027997417427,2445.30140570341,127.397872298906,415.887105793382,2.05655637363252,16.237752852847336,3.75213024384922,0.557452779065963,3.80060029187275,4.15492321155792,0.0584397331308968,0.0041776987964281,0.0022466803895039,13.4157103877777,44.343262916032,15.0
4.447916666,29.974464777744,1.61968185005029,1163.54186428511,64.1604360798906,2422.44637986209,125.755415181522,410.942224207937,1.28677303034501,9.7850953049043,8.1482604847747,0.711894142449496,4.57052650779824,4.52870892979874,0.208029392638493,0.012051792878926,0.0066765505048082,13.7535153889692,43.7636297378208,15.0,3172.95746201578,147765.0,240,29.9761503233355,1.28091022547918,1167.8003902828,55.06223661656,2433.97891555301,126.732842543684,413.621332190563,1.82401155328101,15.845315768235636,5.04457948003821,0.595606758467591,4.04227830147709,4.19866445146183,0.0942329049456991,0.0062303150369105,0.0033563162469049,13.4644142296728,44.1085946754965,15.0
4.458333333,29.974283689085,1.74604245339635,1158.16340891878,69.2878281543552,2408.35280435718,124.915531021781,407.995518998918,1.22426459151247,9.39789101848797,9.27595021055421,0.761255512701193,4.89102534101421,4.56774878824727,0.23943032075018,0.0136595871827057,0.0076773122376003,13.8503689613759,43.4678077112292,15.0,3159.13717437168,149145.0,240,29.9745025672699,1.3742277303034,1162.67617337271,59.5048078529195,2421.33469562015,125.963077146408,410.94881062568,1.67960655456825,15.390477831737536,6.32694719117432,0.635107841678249,4.31546598422006,4.24588388111521,0.138139358420333,0.0085564235620826,0.0046421091949423,13.5094689506605,43.8361423983494,15.0
4.46875,29.9788917873533,1.85193890353574,1153.68995447242,74.484359299262,2395.89580265452,124.146007704155,405.244532136486,1.18495506084686,9.06131702587657,10.1212683555667,0.791845337750205,5.21633843786327,4.60169487109197,0.259802571950219,0.0146991343893023,0.0083486400266338,13.9203351445133,43.1963398064584,15.0,3147.49274705497,149185.0,240,29.976155096891,1.46402436569258,1157.63482100348,63.9798182504422,2408.43902343931,125.161406540785,408.115085099326,1.59400099886924,14.982000646957136,7.39106768234491,0.667903563424198,4.5954672024212,4.28589685736388,0.178744094414138,0.0105536283446604,0.0057781067360142,13.5442515231047,43.5519182987211,15.0
4.479166666,29.9834287826829,1.93918075840123,1151.56480862342,79.6607615818005,2388.29866702615,123.620965892585,403.285076300599,1.15767931275031,8.78260258687785,10.5799600319784,0.807156749178857,5.5373374016419,4.62993101324055,0.271503641195232,0.0153151361500231,0.0087659626491483,13.9516439799516,43.0095346469863,15.0,3142.07986055366,147790.0,240,29.9799297787868,1.5500019419015,1153.9150372717,68.4364195576999,2398.11119458081,124.480700189566,405.652992917868,1.53693528134137,14.629603453336037,8.14047433162557,0.693337266170856,4.87414046870504,4.31939262298638,0.210115373067626,0.0120117125536192,0.0066359297196965,13.5647665889906,43.3095729801999,15.0
4.489583333,29.9912584449152,1.97288953532735,1151.75876068081,83.934016614207,2386.09706645423,123.385504131798,402.26367084944,1.16409525055068,8.64028599956741,10.5754883655189,0.802019923310463,5.79913218980138,4.64129303978851,0.276365894452081,0.015496772124594,0.0088961207176052,13.9452847907052,42.9228537028796,15.0,3142.77140432502,130695.0,240,29.9847695175127,1.61413852978718,1152.31890460255,72.0965907798118,2392.4871083987,124.058172070803,404.005910347833,1.51139691661539,14.473835931742437,8.38742618560065,0.706399880393447,5.10328076619942,4.32892335310262,0.225880864775006,0.0127071256931375,0.0070595548108689,13.5595193378147,43.1571610030961,15.0
4.5,30.0011992905646,2.00332993042995,1154.02151706792,87.2546048112809,2389.62841359153,123.45891019418,402.270984499407,1.16368671867937,8.5383607257931,10.3694590583856,0.78806777124546,5.98720459746971,4.64502820600162,0.275143745794253,0.0154126834361773,0.0088543963223742,13.9629495825545,42.9435674135387,15.0,3149.68349818339,124650.0,240,29.9928288466949,1.66159505653655,1152.68018693921,74.8004513993467,2391.74446627869,123.906505541035,403.239259622967,1.49746647934188,14.462191987249936,8.26078283549713,0.710265073721798,5.26736748792238,4.32013563212757,0.227200958638244,0.0127516531033184,0.0071044291562786,13.5568742911804,43.0993991319317,15.0
4.510416666,30.0034793110204,2.04020019294773,1158.0919083596,90.1841480015951,2397.701079775,123.770304332112,403.065400756973,1.14854350928372,8.42949588357104,10.0989235719221,0.780939696517348,6.14505296339705,4.6477239408432,0.272001479627044,0.0153260423755718,0.008824863483424,13.9820858354828,43.0471627911707,15.0,3161.89500301234,124625.0,240,29.9992674045129,1.70566205700209,1154.92206558018,77.3153454932782,2395.68208598912,123.994339040643,403.283990771355,1.47845059129886,14.408918097993036,8.03353602471077,0.714431421897294,5.41057945948943,4.31570441586151,0.223646523804701,0.0125951257462356,0.0070362648531958,13.5627342258354,43.1252593044864,15.0
4.520833333,30.0023676223515,2.06039650841382,1162.49786320836,92.3902228739559,2406.60284663957,124.13121007158,404.008919803904,1.14229481354606,8.39277874075495,9.7103335090648,0.775712850204387,6.26542661843465,4.64204539265888,0.267866302273188,0.0151717845848825,0.008750595547011,13.9751864571143,43.1680863403754,15.0,3174.59936170331,119620.0,240,30.0013645855983,1.74014559203264,1158.45267541515,79.4336696111722,2402.77879330132,124.248535150296,403.879638700862,1.46361704690073,14.368641276097136,7.71383718587855,0.718080956141877,5.52844687552263,4.309408678306,0.217157549950137,0.0123125295702926,0.0068921810299743,13.5605125725596,43.2092420839092,15.0
4.53125,30.0026180126108,2.07638779371522,1166.33445375592,93.9577255776065,2414.45993109654,124.442088743677,404.79402122618,1.13703567625434,8.39447484539221,9.24623911117266,0.770064994191558,6.35035488613491,4.63310028709278,0.261050738558719,0.0148763925408673,0.0085815659556352,13.9703888198123,43.2720952672886,15.0,3185.44523675041,119285.0,240,30.0021022381019,1.76564828260327,1162.27660128166,81.0146963822384,2410.68950789555,124.550929032037,404.634669222154,1.45511978028411,14.371495311539435,7.30203136683823,0.719902054326092,5.61628230952926,4.29898812187465,0.206292080421423,0.0118264698572341,0.0066252030060859,13.5572232643501,43.3105136772504,15.0
4.541666666,30.0049368264192,2.06543578986608,1169.63107815844,94.5626788863763,2421.62120001536,124.725556981395,405.488407091129,1.15517194080246,8.47875050446354,8.70628932905709,0.761927541674915,6.38062769497757,4.61343522810041,0.252299615019656,0.0143990629862138,0.0082873008120042,13.9459077897831,43.3669719159048,15.0,3194.54691978646,105440.0,240,30.002833520133,1.77423201887557,1165.75089227315,81.6621980280256,2418.19850668328,124.848205307508,405.361645731955,1.46486862140229,14.497745804518836,6.76414206763238,0.718548173765385,5.65103531362583,4.27387947130877,0.188993571994344,0.0110167533035383,0.0061608441632431,13.540404870111,43.4107670792074,15.0
4.552083333,30.0055209988101,2.0931977539293,1173.18452241822,95.4674006165493,2429.58210259331,125.043774209787,406.340845612758,1.13250669697738,8.43389990575722,8.28715804759338,0.757220339730911,6.42223322159305,4.6112344524997,0.241613541677504,0.0139567734326,0.0080236366332482,13.9839399148987,43.4750247393439,15.0,3204.82025264247,124010.0,240,30.0050883831092,1.79068330241772,1169.24898322457,82.4924630461905,2425.83568423073,125.143208867545,406.124503431821,1.46404522085657,14.509177691417836,6.30788436692108,0.717392380612142,5.69398525014128,4.26506684637616,0.171860219453459,0.010196057320219,0.005694171301958,13.552365765165,43.5110590362493,15.0
4.5625,29.9968488596788,2.1129298309431,1176.20746541241,96.6281190268045,2435.87235160859,125.264833519163,406.852159562047,1.12487173402197,8.42810475648942,7.92053352939938,0.76416734265746,6.4876061866075,4.60754041620938,0.23542638984387,0.0137003823755875,0.0078840341590105,13.9519191037643,43.5494967691327,15.0,3213.28081942361,121100.0,240,30.0019455545523,1.81387963818908,1172.84964724688,83.8661634204143,2433.56650806578,125.425291100782,406.875760934065,1.45726834838027,14.389716766080936,5.98070153247929,0.721941824400383,5.76812543178458,4.27471775534243,0.161562299818521,0.0096946804001365,0.0054148251086062,13.5515058854418,43.6071520698548,15.0
4.572916666,29.9974912258129,2.11195643642136,1177.14387293231,96.981853495989,2437.76142738816,125.256134140481,406.611837160983,1.13861888689303,8.49928883916538,7.53384370289487,0.765108672106444,6.51244320048715,4.59555622168775,0.226904312658837,0.0132276040097992,0.0075914912819068,13.9267873123978,43.5444551712524,15.0,3215.47468521688,113970.0,240,29.9986639596987,1.82248532501431,1175.25930942102,84.3792211399175,2438.78499494234,125.587366289256,407.202191176749,1.47045206672744,14.437359800580536,5.58112723894193,0.724096767159589,5.79909351233968,4.26506521244184,0.147026891329133,0.0089600677838059,0.004995101391119,13.5351748299697,43.6620639404616,15.0
4.583333333,30.0023571879488,2.10692078686913,1177.94015296291,96.9332634288971,2440.00145911015,125.262989792308,406.455899819905,1.15320112133848,8.52381818103622,7.18174507011943,0.761458213266985,6.50776817208272,4.58762835761366,0.216483841968518,0.0126573683058309,0.0072356559143618,13.9343147940731,43.545453529329,15.0,3217.60441398262,109915.0,240,29.9996211256685,1.82248892882441,1176.57465102984,84.2713793996053,2441.91638948121,125.646042504688,407.192949911551,1.49631101599281,14.551544259983636,5.16042710625102,0.722882462906258,5.79434910165164,4.2474822207132,0.129610225148599,0.0080478519741154,0.0044713842733806,13.5260298401449,43.6817074359837,15.0
4.59375,30.0071553677321,2.07940714616221,1179.94240536375,96.1743420690432,2445.55183421951,125.449190106653,406.897487056654,1.18180926146445,8.56347240186782,6.82164739040571,0.753692631060441,6.45922950811383,4.57449958531297,0.204605908263368,0.0120011248499758,0.0068286619239974,13.9392416913992,43.6092716135293,15.0,3223.21839782186,97205.0,240,30.0025197150567,1.80890128654574,1177.8947889763,83.451874824825,2445.60424056838,125.744009029885,407.316298019879,1.53921549716605,14.730472433629036,4.70255779380025,0.718168934639303,5.74610288762262,4.21997827885674,0.110113010876457,0.0069937699285373,0.0038690610481007,13.5122858698278,43.7156628816524,15.0
4.604166666,30.0131216128533,2.03826830855707,1183.09136784307,94.5551923564987,2454.21580302445,125.813259663986,407.936320720147,1.21386055117408,8.62332086228937,6.43339865387885,0.739685485934687,6.35997594875059,4.55562675130338,0.189418217739291,0.011188233429159,0.006328670455818,13.9598118301649,43.7355723185495,15.0,3232.01063694503,89030.0,240,30.0066618509341,1.77990762677948,1179.80595876621,81.8134361573034,2451.12786254799,125.955154483702,407.812585425388,1.60328088534289,14.986754446558637,4.19008112880839,0.708677561031288,5.64920984997733,4.18016503959418,0.0890448385704758,0.0058096666256906,0.0031980021339825,13.4989361552929,43.7895894128612,15.0
4.614583333,30.0098369676667,2.0496331996043,1187.80659940536,94.1436008333677,2466.01885408755,126.330076271475,409.539816250793,1.17850199845914,8.42631385165299,6.29803623566695,0.731460785383596,6.32429956454577,4.57160336668948,0.183483562425027,0.0109401190057746,0.0061802931657578,14.0520119860931,43.9156620043541,15.0,3245.81595663967,118475.0,240,30.0102765129789,1.77268340547107,1183.10178215493,81.4421327030118,2459.52102794599,126.288521911252,408.804880055614,1.61955978951816,14.858814725990637,3.98186074957131,0.701782070187385,5.62049522118611,4.1885744441093,0.0820932635761621,0.0054080941749608,0.0029743016282944,13.5348113762803,43.905854888702,15.0
4.625,29.9959665052681,2.03338970557162,1191.33792658703,93.8401595448863,2474.40264943955,126.673246744312,410.514405451211,1.1831149183907,8.42905755342532,6.12183923558901,0.734537028846835,6.306437116707,4.57011557053217,0.182967182484982,0.0109521820487066,0.0062032491243157,13.9815040835549,44.0351021097685,15.0,3255.60261740757,108310.0,240,30.0046676213225,1.771472046409,1187.22971154014,81.7183182536765,2469.48105498428,126.692963452157,410.047481129114,1.61249873452957,14.614533935664337,3.91725975753807,0.701258791420881,5.62992255470864,4.21417914676366,0.0811748772402259,0.005372397830065,0.0029610310628128,13.5311556231828,44.0467378751007,15.0
4.635416666,29.9978111619242,2.00195687707688,1191.4448809866,92.5435561001314,2475.37344562245,126.648710844744,410.283751095312,1.21579236237752,8.60961521299106,5.81752588917586,0.726628921048715,6.23662115232675,4.54905203705288,0.171895568439127,0.0103378351401743,0.005831126940765,13.9254625472503,44.0272013994021,15.0,3255.24115953648,100760.0,240,29.9999057980364,1.75131678359992,1189.65206266208,80.7744733631401,2475.67834317807,126.933561980315,410.691816357078,1.65522366054612,14.708905975513437,3.64543697322333,0.696197548943592,5.57684787721448,4.2005200615403,0.0716602516359967,0.0048154948560586,0.0026502142175444,13.5024232727506,44.1311605748425,15.0
4.645833333,30.002411102274,1.98863968779199,1191.18564943673,91.5228900011533,2475.82104660179,126.595070630579,410.013848257174,1.2286878779641,8.67622642405905,5.60454684293748,0.718250979604511,6.17485796732227,4.5411180582052,0.162016390913809,0.0097975137346407,0.0055032732426053,13.9226835759752,44.0095653827976,15.0,3254.36105273267,105805.0,240,30.0004528195461,1.73286309191909,1190.51605254841,79.7556580929963,2478.41259837661,126.999341199115,410.788402904192,1.70470466861589,14.814633969030837,3.39096161292861,0.689849668005082,5.51845734057326,4.18738401868308,0.0632679023795056,0.004309474993212,0.0023676456820775,13.495875145944,44.1550202900245,15.0
4.65625,30.0051857111576,1.94691645634462,1192.1487135337,89.9681264404836,2479.25381794936,126.706922377531,410.276168120232,1.27442761639144,8.81675369129371,5.34327407156718,0.710244566645366,6.08341046565708,4.52086188930855,0.150122535085708,0.0091494202588442,0.0051198057876338,13.8798907509723,44.0494962091587,15.0,3256.80243347285,86740.0,240,30.002012956913,1.70368211510985,1191.09917280263,78.2567182962603,2480.79802252257,127.061111638183,410.873186015066,1.7820112929834,15.010353266427137,3.07814196827288,0.682746460212094,5.43098525653481,4.16165463767426,0.0533724071809054,0.0036953089334081,0.0020245688196579,13.4729596774629,44.1777316942512,15.0
4.666666666,30.012234493888,1.9007745265518,1194.2379294288,87.6993286963935,2485.52127587851,126.98233342785,411.094160440121,1.31650704545054,8.96483251321165,5.0509220796967,0.695373211127035,5.95178457400121,4.49578391977277,0.133959917396442,0.008258991930771,0.0045913473094871,13.8894967304656,44.1466902306637,15.0,3262.26128857675,83255.0,240,30.0054776175031,1.65955762419533,1192.11571071201,76.0004681772109,2484.42881513365,127.208302435286,411.236598199685,1.90589342981817,15.317537202486436,2.67811194115461,0.671302378306936,5.30051567892729,4.1192109242372,0.0425416241208681,0.0030047298230781,0.0016401822078327,13.457447595877,44.230246749176,15.0
4.677083333,30.014340122255,1.870445847188,1197.81820860233,85.9303727636104,2495.01575126089,127.422269054264,412.50851436005,1.32356463487156,8.93562057739097,4.91575756321692,0.683136024031817,5.84534236729361,4.4922727228805,0.12678996651573,0.0078628662055698,0.0043565778605357,13.9348740987792,44.3009799966816,15.0,3272.24707202837,91320.0,240,30.0097787686822,1.62385332152696,1194.10201525568,74.2786427909849,2490.11148156967,127.45414191151,411.989862679855,1.99659389111235,15.415830179310536,2.44885784039658,0.660396683364171,5.19854881519546,4.10215502265363,0.0372139239327627,0.002670964538755,0.0014580767968439,13.4675556890614,44.316855386393,15.0
4.6875,30.0095672233309,1.83756966117344,1201.94839689799,84.3479362119852,2505.54317070666,127.916422915306,414.105268278791,1.3300478192566,8.9081584767019,4.84626012717587,0.676466997406555,5.75075887540447,4.49142701921633,0.124368772964867,0.0077477883581215,0.0042923940320197,13.9334266101214,44.4738644098898,15.0,3283.75129456547,91100.0,240,30.0108217057219,1.59546891437237,1197.1967169595,73.0264469772611,2498.14857867115,127.817442538011,413.167448205523,2.03899430195892,15.368007984980537,2.35686850991659,0.652051980176224,5.12249568688763,4.10359526467619,0.0351376582551698,0.0025454009196379,0.0013909518701314,13.4724624319458,44.4441721846451,15.0
4.697916666,30.0053286229539,1.80461852875486,1204.87802304574,82.6823244053927,2513.30360777229,128.271777263073,415.247263492541,1.33842686756981,8.93812880987047,4.8009105428238,0.670068451468735,5.65422356173785,4.48672681125884,0.122013630520477,0.0076265827366347,0.0042218491292804,13.9226544164484,44.5984436233701,15.0,3291.73607970181,93065.0,240,30.008895230297,1.56719561018569,1200.54709563901,71.7875470062806,2506.6882194762,128.212409823854,414.451682756886,2.0695955035929,15.329488824189436,2.30156129663601,0.644284008327351,5.04860230055513,4.10528336595793,0.033861821370282,0.0024693478494733,0.001350102050424,13.4710872464724,44.5824163848416,15.0
4.708333333,30.0033569649619,1.76957777209376,1206.28251225747,81.0119258207217,2517.649493921,128.456510062772,415.835532050555,1.35631758850711,9.01054441198249,4.75429395050152,0.662812661506066,5.5582020796843,4.47847981315191,0.119162184455362,0.0074769675907646,0.0041350857419105,13.8995395761364,44.6636544077363,15.0,3295.42472139019,90280.0,240,30.0063611122554,1.53784161058281,1203.2140314977,70.4611539583812,2513.6720288926,128.535187930453,415.4959132324,2.10204620639354,15.344896142688837,2.24962925326982,0.636385150244874,4.97102005706969,4.1019525798498,0.0326029047297668,0.0023894518695931,0.0013057966648056,13.4646381639101,44.6955020314453,15.0
4.71875,30.0043397621639,1.73448488927613,1206.94228256787,79.3284359910823,2520.31202811864,128.564930499993,416.183203425903,1.38132127572816,9.10971259870705,4.66063379590483,0.653250256055153,5.46138724456533,4.4669445915201,0.114108172246598,0.0071999382694858,0.0039746813232364,13.8794341219811,44.7024231405695,15.0,3297.02497780804,87890.0,240,30.0050490647299,1.50638557687169,1204.94738171053,68.9817908500921,2518.57175537358,128.761537087128,416.222263473993,2.15528454063444,15.430613440803036,2.16097582286878,0.627676166939348,4.88533188360487,4.09076154974208,0.0306477290327987,0.0022613124892485,0.0012344164598531,13.4561469744007,44.7750310084991,15.0
4.729166666,30.0060913469158,1.70232402604812,1207.6722253747,77.7310829529296,2523.02640627699,128.687128940816,416.592163667822,1.40762709352129,9.20622612094525,4.52424905881057,0.642915399207121,5.36881231587568,4.45555698684801,0.107886275611783,0.0068570570939344,0.0037784711006277,13.8628781647312,44.7460989852628,15.0,3298.84132964889,86675.0,240,30.0051935248079,1.47564264960531,1206.12053158264,67.5118835714777,2522.168351005,128.929134142664,416.769056777551,2.22245906857977,15.533462116282337,2.05007670474841,0.618722458762324,4.79998368017428,4.07793568689171,0.0283965293611635,0.0021133737974739,0.0011525792660213,13.4495390510002,44.8341298664198,15.0
4.739583333,30.0067212685179,1.67512354278887,1208.77521637598,76.3024245089461,2526.4124641396,128.851727648051,417.158563588526,1.42821187782883,9.28024858375261,4.38661745666379,0.634204566998533,5.28534854964232,4.4474559059748,0.102276132255664,0.0065462084148902,0.0036020304049903,13.8504852388324,44.8045785300774,15.0,3301.72873109339,88190.0,240,30.0058937552634,1.4485272822146,1207.17952850639,66.2170110018233,2525.39234409793,129.082084730414,417.292211798974,2.28802033499024,15.602286347793637,1.94857570019165,0.610591248980929,4.7241352797013,4.07002798852303,0.026466956729916,0.001988596176862,0.0010843208232183,13.4462895716606,44.8881607981754,15.0
4.75,30.005697673109,1.65061793383983,1210.01396814787,75.0290851392957,2529.95319424423,129.029848389498,417.77790823275,1.44655086934309,9.35222392996272,4.26898151709257,0.627566683956979,5.21070867538242,4.44067337782407,0.0977118350729158,0.0062951712566432,0.003461068012497,13.8315534797859,44.8677394911281,15.0,3305.00380773358,88720.0,240,30.0060581044017,1.42510856052055,1208.32467120466,65.1133417157788,2528.67653927162,129.241946614149,417.85830101869,2.34413675956081,15.637748341206136,1.86643028819486,0.603679237117419,4.65893233464749,4.06716402680515,0.0249613156203004,0.0018910127832765,0.0010310772888544,13.4426940486993,44.9446370783403,15.0
4.760416666,30.0044893156037,1.62797166238823,1210.97062513024,73.8490175212524,2532.79069315304,129.175783356477,418.294200451292,1.46394880457914,9.43539024216932,4.18319183123143,0.622423152874894,5.14169776484408,4.43316735671128,0.0940077744188684,0.0060878504771092,0.0033439495508436,13.8123448568135,44.9196358738686,15.0,3307.49996661462,88735.0,240,30.0055238095675,1.40355961953562,1209.45358256678,64.1037600085735,2531.82484359449,129.400107700214,418.427527892744,2.39707538620093,15.674298079802236,1.79489145423113,0.597623195846882,4.59922286256927,4.06495373291467,0.0236817046009276,0.0018068902650203,0.0009849011049901,13.4378771701174,45.0005436169428,15.0
4.770833333,30.0038259059264,1.6075199133011,1211.51284262198,72.7714298993651,2534.69369558941,129.275073204961,418.66227892871,1.47766760073298,9.51326629575485,4.14661075961955,0.618193724291816,5.07860048130226,4.42628585538499,0.0918081034440399,0.0059618917182469,0.0032712749020616,13.7992922554348,44.9551555297198,15.0,3308.90285683061,88665.0,240,30.0047981793426,1.38365793752362,1210.37830017978,63.1647034291066,2534.46045899404,129.536446531529,418.928567075669,2.44238033019181,15.719986726296336,1.74356192901812,0.592167784688194,4.5437121906344,4.06207854188371,0.0227610372878002,0.0017468511941013,0.0009517547619293,13.4339617833384,45.0488290204078,15.0
4.78125,29.9995078584793,1.615917551631,1211.56411450709,72.5784583398864,2535.29141985099,129.288038304237,418.793664694939,1.43006643507809,9.41630939262276,4.34473305788837,0.619407037396069,5.06346517467109,4.44368600440746,0.100344538752443,0.0064350599090658,0.0035322932388193,13.8166937457738,44.9600954167046,15.0,3309.35684333539,108690.0,240,30.0034136292205,1.38186779311492,1211.04544438173,63.0307017243813,2536.34366919798,129.618356650595,419.286633608248,2.3719809681486,15.588431410989836,1.89260123661972,0.590145579655996,4.53309594166836,4.08352438792064,0.0252895779751897,0.0019456119243733,0.001064923072828,13.4495566678068,45.0780322240161,15.0
4.791666666,29.9909201866134,1.62175718966514,1209.77154081751,72.8122695997099,2531.48639520647,129.069753798616,418.130946868164,1.40312092788755,9.40230790426774,4.59971726941126,0.627183810271627,5.07547118854826,4.45440719788979,0.111191369598621,0.0070675299088461,0.0038935051756161,13.7619883168583,44.8842631821211,15.0,3304.61637710444,105880.0,240,29.9980387604089,1.39093821156172,1210.88544710473,63.4215579103027,2536.25949900033,129.592702968904,419.274190193322,2.23904820301714,15.441206292237036,2.14302580847635,0.592857639491023,4.55257417393879,4.10893183690775,0.0297042002500328,0.0022486947766767,0.001232091624407,13.4456775083558,45.0696737983999,15.0
4.802083333,29.9916561691092,1.62516059380572,1205.50034748827,72.8722121614209,2522.22154579591,128.581669541487,416.550738194206,1.40295127732028,9.49328825821929,4.73311755625474,0.629979023580314,5.07947432813571,4.45156398133694,0.115801382119473,0.0073222807188784,0.0040365253583608,13.7269295674146,44.7147939879402,15.0,3292.83098037693,103745.0,240,29.9939702444879,1.39490345413894,1208.98779081005,63.5067333279941,2532.30355223722,129.380804396255,418.597537364739,2.17932222852064,15.483146760374636,2.2877584308896,0.594512545901446,4.55698813790758,4.11102328849137,0.0323169328873826,0.0024183330967321,0.0013230139722675,13.4335292481146,44.9964461400776,15.0
4.8125,29.9950766030088,1.63826615869735,1201.23216951873,73.1757362348336,2513.03721080837,128.096015978092,414.981574801202,1.40095147103648,9.52971695652272,4.77306769134529,0.633167883816483,5.0946869555286,4.45316397454054,0.117855281287422,0.0074307789127614,0.0040980635957132,13.7231222945519,44.546376277143,15.0,3281.30181271378,105790.0,240,29.9938405726774,1.4014305678947,1205.61055057416,63.6368310022395,2525.08550495848,129.001542711043,417.363321474154,2.1479122006861,15.552813738555637,2.37944788077423,0.596332835881414,4.56352927601446,4.10935230312242,0.0340485236431098,0.0025326154754322,0.0013848335807181,13.4314107117008,44.8649947718005,15.0
4.822916666,29.9993360185053,1.62903792308972,1199.12552694444,73.0769126657906,2508.79030855101,127.872290493507,414.231934524276,1.43765741190288,9.63743342062199,4.66730401723926,0.633886316288067,5.08836291214292,4.44155123954282,0.112016535725622,0.0071127372295582,0.003919080612233,13.7168335732488,44.4694160760943,15.0,3275.67479194134,89650.0,240,29.9954865626542,1.39827124048015,1202.54655414971,63.3702847838268,2518.70858798901,128.675904301886,416.275876380361,2.18566952819067,15.725373163026637,2.29966009986043,0.596800589044723,4.54736486511559,4.09173879346034,0.0322427235548408,0.0023937574163736,0.0013041438479631,13.4220429953313,44.7523614588977,15.0
4.833333333,30.0053140882492,1.63055893176629,1199.12914942525,72.9516417893545,2509.34439976798,127.894431582063,414.309518863482,1.44011961780615,9.6441262497218,4.61069374622393,0.629760148160497,5.07874647449052,4.43889065386761,0.108299016481488,0.0068762679995675,0.0037775032842861,13.7644688356103,44.4779665413062,15.0,3276.08033097708,97675.0,240,29.9995353040578,1.39267915387922,1200.69039036473,63.0075413661379,2515.07272498735,128.489847297004,415.655088152885,2.24336369344613,15.861337996993637,2.1942963526448,0.594865442362889,4.525440581968,4.07606795731588,0.0302718974936162,0.0022631611945348,0.0012319605886526,13.4291625643963,44.6883069873091,15.0
4.84375,30.0002653893026,1.65866593284911,1200.4856001819,73.8015980454909,2512.60022008557,128.033076365813,414.803117721354,1.38886092227752,9.46443427573693,4.78284868817595,0.636922717370067,5.12201066934124,4.46078395030563,0.117337769771589,0.0073737150454857,0.0040597110325424,13.8012985592538,44.5264238585126,15.0,3280.68752719397,113180.0,240,30.0017537733993,1.40825819718744,1200.24522095087,63.7022059624475,2514.40175155055,128.425325629615,415.491001633337,2.17915658228345,15.690849324818736,2.33982500751581,0.598029581087389,4.56148595169221,4.09885736162424,0.0332639651194156,0.0024823255448788,0.0013569726766981,13.45170469057,44.6664109351475,15.0
4.854166666,29.9925939310526,1.67152650822987,1200.38320795883,74.5890933356645,2512.32306820833,127.98810044081,414.640371055344,1.37224790906315,9.4332896311171,4.96374282303034,0.648563109773707,5.16872299726794,4.46711385765853,0.125476755074234,0.0078387201545311,0.0043303432784965,13.7754094819498,44.5107986364311,15.0,3280.82597972655,105910.0,240,29.9978461020404,1.42541698949532,1200.47493384395,64.5768273862493,2515.10878973515,128.427907142404,415.516683023465,2.09762793810969,15.545595723125837,2.51963805206189,0.60443204986227,4.60974077198703,4.11860281060154,0.0369172376094218,0.002719888059191,0.0014876781218741,13.4499339601211,44.6677588080175,15.0
4.864583333,29.9943972586375,1.68450401571257,1198.27177659301,75.1262358873524,2507.79411241023,127.723490058199,413.745990904241,1.36102169268423,9.43806384004369,5.15466670642522,0.654039103447433,5.20193357070568,4.46824447575252,0.131147105966945,0.0081292846827216,0.0044913222613281,13.7855200773687,44.4187768280358,15.0,3275.3102870108,107180.0,240,29.9953046158546,1.43592945960851,1199.79022108632,65.0706714017093,2513.78038857192,128.333293028153,415.179116372215,2.05515800855373,15.544335171543336,2.64490148707525,0.608462831475541,4.63948440619403,4.12028500811076,0.0395195600016271,0.0028832711979655,0.001575449967497,13.449282302444,44.6351570901248,15.0
4.875,29.9974918722517,1.69287597675727,1196.31763207293,75.6539918171986,2503.86155072034,127.485295647515,412.934945316699,1.35580946865035,9.41264284575908,5.35076424360093,0.657961989815156,5.23225763066156,4.47029155730714,0.137153436873852,0.0084444394593955,0.0046693024104156,13.801977016002,44.3357626699367,15.0,3270.44188368347,102610.0,240,29.9957104848716,1.44449743994106,1198.27289437868,65.4453863048449,2510.73190195103,128.149660551965,414.533494307715,2.0195382157073,15.576736487664936,2.77143208249895,0.611550450003067,4.66211405633192,4.11653956586181,0.0421223330930286,0.0030441464526456,0.0016614331966064,13.4517952946186,44.5714283558367,15.0
4.885416666,30.0027786947501,1.68070976649498,1195.74829444228,75.5897107079801,2503.31180434754,127.432308043083,412.706846552345,1.37456781907437,9.45184276383322,5.43171789101875,0.655003706901553,5.228934139244,4.46041824625983,0.137505251495392,0.0084554610103404,0.0046718820847252,13.8162875158023,44.3172375242368,15.0,3269.3296512131,90490.0,240,29.9980500817765,1.44067409083891,1197.00198494939,65.2459234340439,2508.49155883452,128.021470132557,414.036492653697,2.0287034494158,15.729005343920937,2.77304551655972,0.610872996453857,4.65175878690725,4.09461473256066,0.0417811262208139,0.0030086753543128,0.0016377562652876,13.4469547400496,44.526940241491,15.0
4.895833333,30.002013571183,1.72485538513434,1196.68121756147,76.5961742784533,2505.9441298258,127.517902049866,412.997774837049,1.30548194498259,9.1973250704611,5.77483256235794,0.661099323457969,5.28146882202679,4.48696435829566,0.150005422214031,0.009106074513919,0.0050407739860299,13.9084487235557,44.3466007476199,15.0,3273.06284947519,122395.0,240,30.00158589541,1.4580940520657,1196.55154485872,66.0042262534214,2507.9934119033,127.95144538552,413.793261247161,1.95414399879621,15.571636606546535,3.04093079429797,0.613799304008319,4.69339334771663,4.11095775902286,0.0483625919025899,0.0034420277536455,0.0018783250688595,13.483958045676,44.5022881688636,15.0
4.90625,29.9898147504892,1.74748057878218,1196.77839397367,77.9998265119362,2506.08056037784,127.465417179933,412.770363784996,1.27867370854559,9.06098542249319,6.10076186865227,0.68021466750363,5.36601521887226,4.5027703264076,0.166776871288175,0.0100414639682163,0.005603507920289,13.8766323528706,44.3273622348213,15.0,3274.0664430474,112950.0,240,29.9969064850902,1.48632687628221,1196.81014833088,67.5209455585636,2508.88044553653,127.929695722257,413.710877918036,1.83746911451354,15.275543347747837,3.46402453239499,0.624650646878624,4.77909745443034,4.14530317464358,0.0595925752361928,0.0041435590378717,0.0022665863197656,13.4914542340927,44.4940910247618,15.0
4.916666666,29.9928196449196,1.75491266967034,1194.19909118854,78.6778390977092,2500.43547684051,127.130108758072,411.577349119632,1.2837536356189,9.08725182852666,6.21184094364325,0.683261434610824,5.41224737561434,4.49942654522262,0.170767632817926,0.0102370595281411,0.005718503218697,13.867635759649,44.2101893743121,15.0,3267.17254078408,108365.0,240,29.9933713719055,1.4987111839416,1196.0119508127,68.1967031397728,2507.36789755668,127.806686334264,413.218770783138,1.8018755791872,15.260834903467437,3.63390639393705,0.629535291387994,4.82263067342609,4.14506739617148,0.0642617012213752,0.0044208317823885,0.0024176251374991,13.4825603772334,44.450718094132,15.0
4.927083333,29.9988512304601,1.76312094836714,1191.99579217669,79.264548015269,2496.02058847437,126.859876037909,410.604022141415,1.28817014905878,9.07927934522904,6.27082303142148,0.682414983470224,5.44672697362521,4.49745755922239,0.17169622877183,0.010266429291771,0.0057329549901502,13.8831504898987,44.1158283090101,15.0,3261.64549136599,105315.0,240,29.9950610851446,1.50709722923592,1194.19334863679,68.5725279890251,2503.72127721924,127.580061519602,412.371255540348,1.79341944505607,15.315423796845437,3.69380574858259,0.631522000307322,4.84785481320309,4.13576515907045,0.065772701095463,0.0045034400072688,0.0024608569875207,13.4824666499006,44.3714174908798,15.0
4.9375,30.0056705194695,1.7338749138452,1191.92616301611,78.86786148621,2496.77154156459,126.876914666387,410.537728156107,1.33153509545568,9.20289948277757,6.13754066435104,0.672730977765054,5.42459570835535,4.47439612713978,0.1650983656132,0.0099061827241737,0.0055183267001268,13.8687228003425,44.1214731618878,15.0,3261.82626153847,83415.0,240,29.998732889867,1.49656708893655,1192.9352981382,68.0415798987397,2501.68855905128,127.462519195071,411.839898082314,1.83702600739797,15.563053762848936,3.51912392373658,0.628105872435214,4.81958114715734,4.09910918954695,0.06003777156261,0.0041424570061067,0.0022576001103132,13.4644019269479,44.3304069811131,15.0
4.947916666,30.0077277504116,1.77055082374756,1194.1091404115,79.5055448563728,2502.33903741591,127.124579029933,411.309895465462,1.2744501892542,9.00766046369725,6.25671893913199,0.669150896174394,5.45474588624934,4.49127594604559,0.167460825789285,0.0100274294433831,0.0055831693524747,13.9768888752367,44.2075628938999,15.0,3268.94682005481,120610.0,240,30.0044432238631,1.50539802943597,1192.98485842863,68.3942100505487,2502.45368779073,127.462650265016,411.770324492728,1.82239796423763,15.494962450599836,3.5734860521919,0.626709627949484,4.83818789987316,4.1014963694006,0.0622034700147742,0.0042769354139966,0.0023331085692502,13.5020140088461,44.330065764173,15.0
4.958333333,29.9938207119975,1.78268853263904,1196.23108830541,80.6192310607302,2507.01715262508,127.321545609614,411.851616708484,1.2585060995479,8.94134521577029,6.37538317736438,0.682578369609685,5.51994504326681,4.4973588864743,0.178280110327945,0.0106496581023554,0.0059710520734529,13.9206848580077,44.2752943441211,15.0,3275.48694649008,109155.0,240,30.0010361047097,1.52741260925176,1194.51217562087,69.7162118939129,2506.22854174924,127.593118453368,412.157196740844,1.75634761095118,15.214021513286736,3.82587697498269,0.634272168513441,4.91112649125944,4.13205430585031,0.0704911795375532,0.0047883422447887,0.0026214530250665,13.5067364925646,44.3748215613429,15.0
4.96875,29.9937605350195,1.79285761206696,1194.9983477625,81.1394681883002,2504.20895219155,127.144007692765,411.146989340254,1.25626557948804,9.02644071744325,6.3454605846969,0.684099931917752,5.55572209741926,4.48838430952483,0.178785801042876,0.0106736556075506,0.0059876034090599,13.8928472335235,44.2131680035348,15.0,3272.13819988418,112945.0,240,29.9965846366209,1.53841999379402,1195.22787346586,70.3654357054854,2508.01538454566,127.641924123212,412.212908223934,1.73656602987787,15.184677050247336,3.8871388008239,0.637807741951045,4.95144758210106,4.1337691251981,0.0729356399901613,0.0049350758266449,0.002704538549031,13.4960759726947,44.3912943447414,15.0
4.979166666,29.9966038274516,1.79625292894624,1192.95218458611,81.579057043167,2499.81112832394,126.883719716935,410.180318742304,1.27002118150885,9.11490702751474,6.22835504237542,0.683954219273207,5.58336028747062,4.47825260155713,0.17599486481198,0.0105173303667328,0.0058975025727331,13.8646118844104,44.1224698263366,15.0,3266.64665867909,105370.0,240,29.9956868689809,1.54592564103962,1194.38870210605,70.7417878754288,2506.3484544131,127.519498154871,411.694760581027,1.73995155564676,16.50716690921975,3.84269671225486,0.639858122994393,4.97627072291636,4.12527644943626,0.071739308507891,0.0048622377354538,0.00266473474501,13.485160123617,44.3484481080684,15.0
4.989583333,30.0030527433677,1.78269636786775,1192.40252704229,81.3737121046064,2499.11303682776,126.823622002656,409.86627829757,1.30144846826279,9.24881385201852,5.96717235008972,0.677154408949579,5.57233023153567,4.4591484765949,0.165868674214544,0.0099717143860678,0.0055743245721746,13.8501979189254,44.1017905450586,15.0,3265.26072511496,94475.0,240,29.998008263942,1.54051852246483,1193.36123601225,70.404521846168,2504.51514807768,127.405720579196,411.183353622246,1.78524252009001,16.72418486116685,3.60239391157875,0.637827897440338,4.95936651385241,4.09654972060646,0.064145981666869,0.0043978000065022,0.0024057442470227,13.4692397113519,44.3090598685321,15.0
5.0,30.0103838963674,1.75403892509222,1193.67090342233,80.329764203821,2502.9150149367,127.009243928892,410.365099299005,1.34137051756731,9.40226201331258,5.61554306078006,0.665367250980016,5.51221084464311,4.43377236595926,0.150351145020278,0.00914698599503,0.0050889984174594,13.8534187449759,44.1670309293286,15.0,3268.84279254006,84950.0,240,30.002613903426,1.52122140668835,1193.15957449937,69.3723582657145,2504.81428148873,127.417987456409,411.080918177868,1.87091028459416,17.03226824325795,3.21613252720843,0.631715498955627,4.9013325066093,4.05383208933617,0.0531026358191559,0.0037069201655168,0.002021500386097,13.4558053769276,44.3138939230951,15.0
5.010416666,30.0151991804147,1.71105234861043,1196.41658191674,78.2125015763535,2510.35558464418,127.4015825563,411.568982503809,1.37457861621996,9.51197625742027,5.28858207885149,0.650041888678446,5.39425070174333,4.41276488283322,0.135239284173774,0.0083402634291342,0.0046170820725527,13.872772439182,44.3045100768473,15.0,3276.19480745567,84950.0,240,30.0078806796069,1.49219535556742,1194.09428093669,67.9218948704431,2507.834316373,127.577598210499,411.493789119019,1.9771737747151,17.28540887404005,2.83039511525288,0.622962935664784,4.81904272777713,4.01637363396117,0.043594071440208,0.0031027090521036,0.0016881375748431,13.4524689082589,44.3701233130063,15.0
5.020833333,30.0158453708547,1.65271156038736,1200.05810470654,75.4270244373817,2519.79937085747,127.921369989495,413.198796172407,1.41883773391419,9.65828436042991,4.98284893960609,0.634492350747302,5.24064941241147,4.38883936245475,0.121399122403407,0.0076033049320472,0.0041925506166538,13.8621440780232,44.4864350580677,15.0,3285.66832591602,79820.0,240,30.0115933684873,1.45180802062779,1196.12738983842,66.005308926596,2513.39808731914,127.881432603995,412.412558832707,2.09948943082135,17.47928799632375,2.48695697634013,0.612065173060905,4.71120835609898,3.98620533568724,0.0359982855527297,0.0026112306066159,0.0014179020354351,13.4457026510232,44.4765654021668,15.0
5.03125,30.0156138207662,1.59769779886098,1203.9358151555,72.7189196314812,2529.509366614,128.468792033714,414.933579602869,1.46082478271976,9.84030115182065,4.71350681623245,0.619362032432308,5.09083475316751,4.36223827652821,0.108825968533663,0.0069131328937214,0.0037962537492743,13.8535887890515,44.6780226732782,15.0,3295.68337178313,79030.0,240,30.0135379148298,1.40429112618215,1198.92879074458,63.7974540851881,2520.59609039157,128.287023297397,413.689134820662,2.241710879283,17.66380613000785,2.17859057955093,0.599379255575648,4.58731618024609,3.95813474888639,0.0299021163471682,0.0022119045305807,0.0011988685959071,13.4386370297345,44.6183611654818,15.0
5.041666666,30.0144754617065,1.55259969431622,1207.74726591235,70.5350709806273,2538.78716924562,128.993759215706,416.620150291989,1.4944828977301,10.0085512415983,4.52081105891926,0.60726461103798,4.96824182861342,4.33863686015305,0.100066088898444,0.0064257792370954,0.0035183400480779,13.8458598657958,44.8616291395035,15.0,3305.65878358934,78050.0,240,30.0142247681132,1.35894951758709,1202.19503475163,61.7370889601992,2528.6143853893,128.743973679592,415.164549624301,2.37706451196486,17.810611031075652,1.94555902330451,0.587003953959868,4.47114513650313,3.93625985735551,0.0256928353306187,0.0019352720812056,0.0010477699593353,13.434268719931,44.7779314258044,15.0
5.052083333,30.0132930546683,1.51524965922867,1211.20993441309,68.7808642248209,2547.1272194319,129.466699330773,418.15747704727,1.52250338870507,10.1693692145302,4.39463261060874,0.5978484688192,4.86816257763481,4.31640401799599,0.0939845559152427,0.0060821909426185,0.003322404874996,13.8375134421605,45.0269254020655,15.0,3314.82683988744,76235.0,240,30.0140258877548,1.31856223520292,1205.58459612633,59.9327514458831,2536.71037444641,129.209772657035,416.690742008486,2.49943330592809,17.947675057854152,1.77079023559668,0.575863723788727,4.3684469345768,3.91665143875008,0.0227341487233113,0.0017392801433461,0.0009406614620116,13.4296635387294,44.9404818971722,15.0
5.0625,30.012696640639,1.48404485657254,1214.24035863114,67.3324202858248,2554.43998069952,129.883185464146,419.53249929596,1.54188663115264,10.3068588567063,4.34798789978066,0.590030999588675,4.78436060978687,4.29678443253468,0.0906430268637553,0.0058869549917509,0.0032083845104116,13.8359626732465,45.1723228501749,15.0,3322.95057542007,74945.0,240,30.0135350221027,1.28371000842456,1208.84856656089,58.3907736409539,2544.39306516751,129.655815656634,418.169239227511,2.60167723985679,18.08189906640645,1.65002396238127,0.566025851001885,4.27977620026227,3.8978630654718,0.0207711842290565,0.0016097956207622,0.0008697795053631,13.426451277503,45.0960422838061,15.0
5.072916666,30.0125155149365,1.45598467035037,1216.92071577352,66.0830203464431,2560.95703014504,130.25780137365,420.789795746193,1.55241446324884,10.4165179547837,4.3867504556443,0.583124337536728,4.71142645496981,4.27987253390162,0.0900796398301574,0.0058492625085596,0.0031811369619267,13.8391103096668,45.3028422601127,15.0,3330.23340423372,73235.0,240,30.0131086399788,1.25388918373969,1211.87276234003,57.0763709920993,2551.47011976457,130.071833926359,419.560802852506,2.67392260938966,18.21481250662405,1.58298851267641,0.557362392206141,4.20348109317814,3.87906410219205,0.0196795790572336,0.0015395240907434,0.0008310011102831,13.4245810723249,45.2410103902966,15.0
5.083333333,30.012728829752,1.42649009591308,1219.27480661949,64.8034139951406,2566.74413724093,130.601416887742,421.95856186918,1.56064908937155,10.5189196243682,4.45830192350904,0.57523978525939,4.63770170757526,4.26322019766089,0.0907435402970823,0.0058882212059635,0.0031972019862182,13.841040311617,45.4223262330006,15.0,3336.60349713411,71060.0,240,30.0128884402575,1.22686562415537,1214.61535734908,55.8777344150738,2557.89265311383,130.458707546695,420.860641097495,2.72185394628568,18.36102587118105,1.55003038932292,0.549220414084014,4.13374854689696,3.85792029412919,0.0191117165342593,0.0015049125748685,0.0008114719285779,13.4225665404722,45.3756698285898,15.0
5.09375,30.0129854192483,1.39745692938016,1221.05419861253,63.4639527419047,2571.20664340714,130.887519139633,422.959473912735,1.56593881007017,10.6053982918005,4.52811275213101,0.566412557457503,4.56137050676983,4.24898405360253,0.0918475920667087,0.0059567639271888,0.0032308093409163,13.8447163130093,45.5216739713498,15.0,3341.32009633897,71330.0,240,30.0129004310974,1.2021231416882,1217.04440561178,54.7628068826134,2563.58462385303,130.814090071035,422.064691783927,2.74656276547678,18.50117112790365,1.54747730427884,0.541322730732916,4.06917456977536,3.83708552897811,0.0189983393707915,0.0015041446379448,0.0008106654445065,13.4224011367594,45.499209119641,15.0
5.104166666,30.0125927260978,1.36843970199763,1221.98400588302,62.0948395049958,2573.71120229774,131.08617646561,423.689486345381,1.57569414233305,10.6983046519824,4.56430620136561,0.557992711380099,4.48319557976468,4.23531766366331,0.0922615686228554,0.0059942644713211,0.0032494093772749,13.8373556975608,45.5906011170022,15.0,3343.61723371031,70630.0,240,30.0128610823893,1.17915838642418,1218.99978018195,53.7060137955265,2568.17919821745,131.121561972902,423.121423137264,2.75638278532116,18.63144420057855,1.5569581250008,0.533890080347124,4.00816118461249,3.81758061151601,0.0190616143763392,0.001514037537985,0.0008154407284636,13.4212675384462,45.6059664092813,15.0
5.114583333,30.0124358490628,1.33641352781892,1222.09256528431,60.5759878744513,2574.31208906018,131.207023017917,424.156843494192,1.60613051006721,10.8703382132434,4.48274201435895,0.549176909533172,4.39660153896821,4.21267974077103,0.0887347856586563,0.0058113050977442,0.0031478462610915,13.8112953605212,45.6326572466611,15.0,3343.48287448328,66320.0,240,30.0126755014653,1.15412277099861,1220.28264802358,52.5311753994823,2571.23483712668,131.364783975148,423.970147421792,2.80508928471218,18.81025685544835,1.50763319234118,0.526265552460355,3.94042279219994,3.79236256978586,0.0182915221143814,0.0014589217371761,0.0007839167531839,13.4138809554284,45.6903482214211,15.0
5.125,30.0134510494859,1.30327676177175,1221.82148718213,58.9551337301478,2573.9510356181,131.296123304903,424.516475076688,1.65189001197175,11.1014777207751,4.29883442959938,0.53969181502051,4.30470022532075,4.18253128663846,0.0817916931106406,0.0054180392773049,0.0029291960094148,13.789792450331,45.6639031805924,15.0,3342.15311856942,63180.0,240,30.012768777812,1.12611247072513,1220.94788426927,51.2064006330099,2572.84039771169,131.547249061939,424.6308315625,2.92031632966666,19.03813444919245,1.3879937709684,0.518106313607251,3.86404942353647,3.76160212871229,0.0165806350324315,0.0013358485819071,0.0007153525090313,13.405360566584,45.7536331941295,15.0
5.135416666,30.0148718680615,1.27164030480676,1221.55386369039,57.3700142472863,2573.42407952382,131.388468011917,424.898841788601,1.70507979843791,11.3404709073157,4.06151880543622,0.529937147223723,4.21503798739692,4.1512632306406,0.0739045450119099,0.0049629386046581,0.0026786717962906,13.7738867248552,45.6963920653689,15.0,3340.74874449554,60945.0,240,30.0133259368633,1.09762281525637,1221.22502820799,49.8561311991615,2573.46189270204,131.686752659192,425.177813692,3.07728926030778,19.26190287520285,1.2433870933267,0.509780546526604,3.78609542697278,3.73215078562206,0.0146091431913814,0.0011945092507383,0.0006374714603239,13.3990530134476,45.8020314704615,15.0
5.145833333,30.0160089043635,1.24143241632624,1221.40487799542,55.8548533755449,2572.99131647698,131.49333970659,425.340806876277,1.76669486731865,11.5696278935308,3.78026351739005,0.521428934792289,4.12940485320486,4.12134972443192,0.0656195665067986,0.0044801148753373,0.0024164086210978,13.7607771825323,45.733315616107,15.0,3339.61388253519,59180.0,240,30.0141480684014,1.07003025191368,1221.3147637181,48.5495385723461,2573.52109982871,131.801321930803,425.677787112687,3.26077712630671,19.45341343713315,1.09489640266236,0.501814136414359,3.71051177472225,3.70759661830735,0.0126707732545772,0.001054213573376,0.0005606600358962,13.3941333806406,45.8418293177271,15.0
5.15625,30.0166794252527,1.21180414779554,1221.33378068919,54.3924685012624,2572.58487214111,131.604876542175,425.825398613729,1.84208655254302,11.7870645156662,3.45628363321253,0.513244796531017,4.04680892875784,4.09340566217752,0.0570332997187849,0.0039742155742308,0.0021448546108036,13.746888679796,45.772620033069,15.0,3338.6355123904,57405.0,240,30.0149729925261,1.04356626425501,1221.3326049888,47.3011034520493,2573.27478637684,131.901728284754,426.169228287916,3.46862029588878,19.60264892051975,0.947523887602132,0.494233341096179,3.63816055319867,3.68927720538745,0.0108210932352163,0.0009175069260889,0.0004861037676936,13.389638497269,45.876788660136,15.0
5.166666666,30.0167041439269,1.18588574452849,1221.24980888719,53.0769036143916,2571.98407962992,131.705340984225,426.314506013472,1.91902576121986,11.9427582347523,3.14017574331521,0.505448135850037,3.97228961059271,4.0747638641047,0.0497056282634514,0.0035417883782824,0.0019167778987594,13.7416930081165,45.8080853820993,15.0,3337.60404338347,59255.0,240,30.0156374729056,1.02022750262117,1221.31897588217,46.1971375950413,2572.80978314596,131.988068463457,426.660237108681,3.66793775474105,19.671034263602852,0.830040978116811,0.487267745849849,3.57404680507819,3.68242670295655,0.0093887583270569,0.0008128597559633,0.0004296083583946,13.388494403776,45.9069516166206,15.0
5.177083333,30.0157427437037,1.16058542388032,1220.99427226152,51.8424757320116,2570.88367303658,131.780618931016,426.748572955051,2.01290451928273,12.0778925459805,2.81966077808475,0.498963708293194,3.90165656465874,4.06066978286931,0.0427277074493075,0.0031303199107225,0.0017021346021337,13.7216974012958,45.8348221914358,15.0,3336.06332633071,57700.0,240,30.0158505828834,0.999373746560922,1221.25108644197,45.2089258117207,2572.09241648533,132.060073528852,427.141285854078,3.85799406959611,19.68012450644415,0.724838737731317,0.481097802202893,3.51641869985205,3.68441637841171,0.0081387832528397,0.0007172502219918,0.0003780506663224,13.385485827849,45.9322236619929,15.0
5.1875,30.0146875266744,1.13663577526312,1220.43356750643,50.6604964412216,2569.00563142781,131.815888739042,427.079030160907,2.12074790226954,12.1952761969676,2.51069579960363,0.492609779202257,3.83355261837453,4.05057794725727,0.0365963263964925,0.0027684274376881,0.0015156430172671,13.7040530767256,45.8476338767961,15.0,3333.63168611415,58645.0,240,30.0156087516691,0.979941761848252,1221.05712910468,44.2848997389373,2570.98272659225,132.110212083571,427.586127393924,4.05937376920333,19.64703607046325,0.629244365832389,0.475341511035311,3.46223154111949,3.69335763550949,0.0070249540877044,0.0006317973199306,0.0003323276981717,13.3822263011728,45.9499860168204,15.0
5.197916666,30.0130651691806,1.1177743275072,1219.54116040233,49.6781827491305,2566.27788990026,131.800066990614,427.288868556116,2.21300710460747,12.2338842331298,2.27373133816907,0.486974623849006,3.77587172994962,4.05314582813828,0.0324016098316288,0.0025374781504412,0.0014027160395247,13.6915662225387,45.8426552262722,15.0,3330.32161786854,62250.0,240,30.0149635791774,0.96454985316708,1220.65016290825,43.5338387066252,2569.29346447607,132.127076254671,427.956415508135,4.20688504056313,19.54074545458885,0.570084636958625,0.470405492904809,3.41774956672411,3.71343779801241,0.0063425387531331,0.0005828312788625,0.0003069857407127,13.382155375673,45.9562485251646,15.0
5.208333333,30.0109612310745,1.09879451827843,1218.30500959772,48.7496113007497,2562.7452954815,131.742896252457,427.373044040343,2.32357534528012,12.2883295907069,2.04880847205686,0.482849694785073,3.72024032455341,4.05556858407522,0.0283640084999847,0.0023039314356832,0.0012847786992749,13.6587823546757,45.8233282351927,15.0,3326.05438868097,59970.0,240,30.0137900337187,0.950644141007233,1219.9880725893,42.8472901803509,2566.96444237613,132.111752446103,428.23843927021,4.34760937039019,19.42367969906365,0.511097143480366,0.46619539792841,3.37647631816935,3.73653276444905,0.0056718950349306,0.0005297853057966,0.0002789907427659,13.3774601775948,45.9513683329773,15.0
5.21875,30.0096870156469,1.08256598974274,1216.69226830235,47.8991823046741,2558.34211199174,131.637927054724,427.320635642495,2.42636069273672,12.3234240550585,1.87556110949423,0.478562556507984,3.66880181233266,4.06147221196338,0.0255194922581128,0.002152946219089,0.0012126549815271,13.6388672187312,45.7873439364584,15.0,3320.75960192433,62760.0,240,30.0124424538206,0.937852318919779,1219.02441211529,42.2010982179671,2563.9135629792,132.058698749994,428.414061661346,4.48735103451486,19.30208279416225,0.46413905041841,0.462222676335453,3.33707886722898,3.76181212223405,0.0051402386184889,0.0004904020963061,0.0002587049458765,13.3739436683257,45.9334158973925,15.0
5.229166666,30.0082984967722,1.06986673951303,1214.92507240575,47.2098698368712,2553.55191722162,131.508168550385,427.206342817497,2.4956245554224,12.3214019885495,1.77441606804742,0.475224442399198,3.62608260082629,4.07314433882362,0.0238951810698154,0.0020744048942192,0.0011771099893943,13.6177671118829,45.7427143496873,15.0,3315.10806388636,63775.0,240,30.0110756619168,0.927879960355252,1217.73990617931,41.6701532285552,2560.11152159011,131.9672833174,428.471501290061,4.56994578896933,19.16709526718635,0.439800292353554,0.458915835528518,3.30399337412914,3.78999583881485,0.0048639491995964,0.0004720527511954,0.0002496381782982,13.3715684772066,45.9021308779887,15.0
5.239583333,30.0071565555665,1.05853651946701,1213.1777663778,46.6008673496136,2548.76876087261,131.3788605655,427.0935685378,2.55518676073642,12.3294356634775,1.69899205174836,0.472413248854003,3.5878778512956,4.08368863720365,0.0226693462917324,0.0020133538950795,0.001148364686593,13.5944227200177,45.6982201645209,15.0,3309.53853290088,63745.0,240,30.0097248460893,0.919105642621869,1216.26490690462,41.1893075103885,2555.86061347239,131.855311654861,428.458371497058,4.63658757672443,19.05446694689655,0.420670331062675,0.456046861817148,3.27352525401399,3.81594568958918,0.0046473744828722,0.0004568302739073,0.0002418503284957,13.3677427688285,45.8636859876434,15.0
5.25,30.0069900359571,1.04562437508116,1211.50784221289,45.9719162067388,2544.13046829687,131.260988936604,427.00911130954,2.63839776008851,12.377347343221,1.60608191078104,0.469590672106169,3.54900166241969,4.08813772215411,0.0210723369431928,0.0019119513826227,0.0010935919853861,13.5706552299626,45.6576740663442,15.0,3304.15350077174,60150.0,240,30.0086560879842,0.909393812712446,1214.728823619,40.6701678116478,2551.45152622495,131.738426420063,428.424647127286,4.73138630723138,18.99015860820845,0.391500967094052,0.453106804004314,3.24073427084731,3.83576523627826,0.0043209069500446,0.0004281257109219,0.0002260874916053,13.3621198081544,45.8235158556531,15.0
5.260416666,30.0080356837714,1.03408390130062,1210.26012938938,45.39175564936,2540.33654951971,131.186074358531,427.078505598542,2.71732800560259,12.4065118369388,1.52785391936553,0.466326464960731,3.5139000382949,4.09366064825643,0.0198329580210926,0.0018437278871221,0.0010590119732641,13.5625862018063,45.6320110194481,15.0,3299.91376915123,60230.0,240,30.0082287091892,0.899480770695817,1213.25104387306,40.1432664655236,2547.12903970312,131.627138091897,428.413198893603,4.83325406802981,18.94746867953875,0.365761777884824,0.449966479758919,3.20769746794574,3.85253547065833,0.0040327963254329,0.0004046014325332,0.0002134582586504,13.3590922915126,45.7852762119692,15.0
5.270833333,30.0091121195927,1.02383682201338,1209.54273993587,44.9008901497896,2537.61953377202,131.165455191928,427.339970580938,2.78260348297127,12.4095021404245,1.46640283360754,0.463639610357399,3.48446823098071,4.10139401276322,0.0188355129169162,0.0017822071805491,0.0010259944795573,13.5572876281615,45.6251972156763,15.0,3297.14534013467,58340.0,240,30.0083723154906,0.890477113502773,1211.98503805243,39.6650400404157,2543.21291338697,131.537949857086,428.478083615026,4.91302936521993,18.90721167241945,0.346295798877717,0.447058680900671,3.177839414198,3.86831072959895,0.0038151531780064,0.0003861302761144,0.0002033707069422,13.3573764860948,45.7546893861603,15.0
5.28125,30.0100044869894,1.01570602286439,1209.16789316329,44.493872904012,2535.58096485161,131.177996383387,427.726932912835,2.8293788950843,12.3817147706824,1.42606978789376,0.461093209708922,3.46027348523107,4.11223119757856,0.0182318172143851,0.0017544450733326,0.0010130093521303,13.558290775149,45.6298895633456,15.0,3295.33316233386,59050.0,240,30.0088387987525,0.882725769015223,1211.00579913284,39.2521100108762,2539.86422852338,131.478797776725,428.646466120446,4.97314288412398,18.86028728923045,0.333972502323302,0.444451237840665,3.15215034431601,3.8840977936071,0.0036767071984429,0.0003759489986991,0.0001980016667222,13.3570411127086,45.7345173039517,15.0
5.291666666,30.01023519763,1.00891813312971,1208.88733650945,44.1553230381977,2533.70553932382,131.198131590493,428.14952318498,2.86049062297625,12.3378814989564,1.3985816926953,0.459124876779427,3.44000123969144,4.12477808833681,0.0178048509521776,0.0017322975017125,0.0010018238627462,13.5568961316209,45.6372214021027,15.0,3293.79980628678,58460.0,240,30.0093293516828,0.876508683111693,1210.27427983908,38.9176589060795,2537.00585678135,131.445988158531,428.904025407439,5.00895752352749,18.803662193268252,0.326720673982069,0.442318108943429,3.13132825340936,3.90027862494337,0.0035948240243125,0.0003701760001172,0.0001949117982239,13.3568822142096,45.7234749046525,15.0
5.302083333,30.0100787166972,1.00332747837796,1208.50191893102,43.8586385324851,2531.57573055391,131.204946543886,428.535603981321,2.88612787243389,12.2900385100999,1.37645132753084,0.457388291332605,3.42196876264055,4.13776255997068,0.0174850162338361,0.0017205145710944,0.0009969851391327,13.5556123556121,45.6399273984422,15.0,3291.9875744558,58890.0,240,30.009643087304,0.871347311224837,1209.69315193816,38.6368666383206,2534.43878780233,131.429029266142,429.216581399461,5.03683430809758,18.74254397143705,0.321442936433335,0.440530757230827,3.11378945110359,3.91638305175757,0.0035351097816873,0.0003666533072886,0.000193129131437,13.3566804402598,45.7179275822077,15.0
5.3125,30.0094974655589,0.999782113012822,1207.91201780669,43.6357378069984,2528.98287483776,131.186260718433,428.846164027245,2.89445884312464,12.2307406591517,1.36977576816285,0.456115566864479,3.40775302270604,4.15248873344373,0.0174095887678356,0.001727063445781,0.0010026872633703,13.5542024141434,45.6337818221044,15.0,3289.64762776442,59970.0,240,30.0097031079117,0.867764930577923,1209.1394936158,38.4285912520633,2531.90650368333,131.414231320342,429.538139073466,5.04495670772486,18.67212730736925,0.321342640786237,0.439187687437517,3.10050006543652,3.93324882344979,0.0035323531690509,0.000369089016983,0.0001947097763967,13.356940885725,45.713122220733,15.0
5.322916666,30.0084489070926,0.998217946639999,1207.04335680749,43.4839346899848,2525.78255726145,131.134632024977,429.05192110938,2.88542338205469,12.1670656161002,1.37854318329645,0.455376997728979,3.39707802256133,4.16828129649889,0.0175715150875353,0.0017495011872702,0.0010171335472334,13.550640146632,45.6162020156939,15.0,3286.58445293173,61470.0,240,30.0094248824174,0.865927532738043,1208.50848158389,38.2971669010459,2529.19547216176,131.390377699749,429.829218949788,5.03253156888564,18.594786752364552,0.326270807002546,0.438365905305005,3.09156645983745,3.95077839140462,0.0035849961431897,0.0003769121690893,0.0001992651682697,13.3572225024673,45.7051651366205,15.0
5.333333333,30.0072320294414,0.996818721573436,1205.82388345064,43.3433110219052,2521.84220687803,131.045654702664,429.127024198501,2.87991584013346,12.1263903469035,1.38507033514027,0.455031714037434,3.38658573359711,4.18149860288958,0.0176637538143029,0.0017588433744949,0.0010225504986566,13.5419600176781,45.585646589762,15.0,3282.57579513113,61400.0,240,30.0087942992876,0.864868878569107,1207.70982314382,38.1983183996529,2526.12674276027,131.348436052945,430.057476378684,5.02009553731817,18.52645657731045,0.329858132201147,0.437893331458977,3.08428491208693,3.96713622229197,0.0036234876969285,0.0003816814546574,0.0002018919897517,13.3562890138186,45.6909227347296,15.0
5.34375,30.0065298781366,0.994672999525607,1204.33084569983,43.1710616750072,2517.33051444348,130.929327499385,429.10138115555,2.88859001378408,12.1156248265739,1.38283682548146,0.454585815207918,3.37423830592692,4.19077623869483,0.0176033564426823,0.0017544110149058,0.0010194241959075,13.5331414274172,45.5455622723907,15.0,3277.80651955923,60810.0,240,30.0080352713286,0.863453975691548,1206.69378859996,38.0790920145047,2522.60167713551,131.283293788702,430.20621322146,5.02558912785927,18.47983190338445,0.328847214384124,0.437409892503141,3.07558049860673,3.98081248299521,0.0036116351427511,0.0003805745093091,0.0002011323505648,13.354560904523,45.6686198004334,15.0
5.354166666,30.0061995990531,0.994563822420754,1202.76110965275,43.0530768638346,2512.64781307276,130.80249874189,429.044186732688,2.8714955637855,12.0899071305827,1.40822316556303,0.454163616909151,3.36511936652295,4.20186847850987,0.0180049615943917,0.0017916167669097,0.0010412354816869,13.5307112602332,45.5017909226504,15.0,3272.85785698993,63200.0,240,30.0073961435517,0.862946742840072,1205.45810507588,37.9909455906621,2518.61249093278,131.19405178185,430.27187279094,5.01219012553556,18.43759001546935,0.335700068920966,0.437056154756942,3.06859657207333,3.99393866468671,0.0036851021880097,0.0003898926599135,0.0002063807922687,13.3544790057314,45.6379291085477,15.0
5.364583333,30.0053767338079,0.996691462005998,1201.27212966687,43.0302899134915,2508.13532548698,130.683037592365,429.008162020033,2.82561357574165,12.0557573267271,1.46001410742078,0.454545556055431,3.36119722160731,4.21413243347684,0.0187898175707952,0.0018474987952126,0.0010718870341662,13.5254374116839,45.4605584442385,15.0,3268.19212734298,64810.0,240,30.0067651512904,0.864202743938312,1204.07569682697,37.9757180969529,2514.31753499403,131.08977705643,430.278134341497,4.96333361899483,18.39637269082325,0.351664019438727,0.43720438618835,3.06578076224933,4.00675898764623,0.0038585762185754,0.0004080752429162,0.0002163033366938,13.3546778928944,45.6019822766692,15.0
5.375,30.0031939774138,1.00713593248594,1199.54921290756,43.2465023744121,2503.12429615742,130.528630735417,428.86912257612,2.69849203413835,11.9607429789767,1.59960606509376,0.456447303662097,3.37001327014655,4.23538607886316,0.0211557579275853,0.0020303199301032,0.0011769385587337,13.5233470960181,45.4071607454914,15.0,3263.04369412231,74515.0,240,30.0057790955051,0.870425099829591,1202.51837346173,38.1658751666344,2509.66374325286,130.966340953662,430.205951086462,4.8242696985066,18.32793158436245,0.399701982238029,0.438520860440792,3.0747063592187,4.0230058429349,0.0043844043214745,0.0004649006983553,0.000248244801564,13.3574968548197,45.5593369420356,15.0
5.385416666,29.9990884815191,1.01857079694428,1196.97088538477,43.5222758813768,2496.40784023831,130.284330174043,428.395960707222,2.56956679090563,11.9196303995305,1.77262334154043,0.46182397717143,3.38071327719095,4.25080394368746,0.0238719648680895,0.0021839999694349,0.0012537612930656,13.500602292597,45.3224909625605,15.0,3255.67783751122,74515.0,240,30.003608959123,0.879556631533007,1200.62032402985,38.4777658613138,2504.34283618595,130.809926903855,429.993402866309,4.64463061640681,18.28347090569395,0.458166322491323,0.441356555692793,3.09000489117222,4.03631372376483,0.0050295354201122,0.0005210776561945,0.0002780069990088,13.3556750551731,45.5051789087904,15.0
5.395833333,29.9951656469771,1.04172053674781,1192.96171276413,44.0140081053956,2486.83597586981,129.877016002745,427.367096720444,2.36428098186356,11.8405745422268,2.12953081820107,0.471062795824263,3.40243620637237,4.27152338442314,0.0302349133534314,0.0025778565961314,0.001460166053133,13.4955627178238,45.1809188380024,15.0,3244.6775462254,88040.0,240,30.0005520170627,0.893511634640831,1197.91019985464,38.9522657850057,2497.40991434229,130.5675522023,429.459155294796,4.37921697560624,13.4984230847689,0.576204205408594,0.44582705206208,3.11379590488249,4.04795092044023,0.0063409689314119,0.0006406161648818,0.0003425124638091,13.3570839336543,45.4210647125021,15.0
5.40625,29.9879966212879,1.08154831186585,1187.36265621952,45.0520366099536,2474.15034481121,129.279839226973,425.672494339577,2.08541054698617,11.7006100024498,2.79469280446233,0.490071242053468,3.45290240583127,4.29992064126408,0.0434218679241359,0.0033335996726803,0.0018421282120249,13.4878723246447,44.9728835471902,15.0,3229.86769106582,98740.0,240,29.995722452041,0.91812371999846,1193.74074567546,39.8147755542386,2487.599149632,130.170005347866,428.33917487421,3.90559690952329,13.485029997114,0.83544169744346,0.454633754951279,3.15826733035772,4.0576108667966,0.00929121312418,0.0008871319405522,0.0004735816952069,13.3598889870308,45.2827771173887,15.0
5.416666666,29.9837059457447,1.12126625074924,1181.76574332881,46.3559988772653,2461.63109120612,128.680235963019,423.874773954147,1.89261929108065,11.629749796148,3.57574667346629,0.51104868655379,3.52046921865921,4.31671968374767,0.0605038822186275,0.0042853256879644,0.0023187181393034,13.4905263560461,44.7634892829444,15.0,3215.30349945923,96850.0,240,29.9899387809818,0.946396688029225,1188.60294422849,40.8172894697962,2475.9894272961,129.675778941754,426.796916582117,3.43558620433957,13.5989277196541,1.18283466248698,0.46563999724104,3.21005977489153,4.04944741358507,0.0134247237368509,0.0011982924848129,0.000636696459145,13.3604238692566,45.1105615498873,15.0
5.427083333,29.9852308487999,1.16929972956176,1177.92710774774,47.9758154600314,2453.00624696576,128.267708014739,422.644135717432,1.73829703822954,11.4929629752222,4.48783852510967,0.533049197355411,3.60905738055483,4.33649764636302,0.0836723968693787,0.0055552205409411,0.0029711817518808,13.5408792151593,44.618492563073,15.0,3205.82962985159,102980.0,240,29.9869903106672,0.97830201095828,1183.60161047865,41.9704889520955,2464.87602730165,129.19493175487,425.226181571931,3.01951828249011,13.7612048857371,1.64825907038793,0.477504490169286,3.27169479378303,4.03251985726861,0.0193871079349379,0.0016363439018521,0.0008687748999751,13.3715610929047,44.9426718889445,15.0
5.4375,29.985666387517,1.22623213475474,1176.73734064444,50.113649352906,2450.1422064449,128.134026383723,422.292205059681,1.60521041393997,11.2335770309058,5.5523028697576,0.5599381224684,3.72971822445631,4.36601347196691,0.114755764169722,0.0072351763187403,0.0038637070474261,13.6159790568792,44.5696984495762,15.0,3203.99184475142,107960.0,240,29.9862226228385,1.01810443113165,1179.93339758166,43.5256548412567,2456.80442911457,128.845788490364,424.051603318594,2.61380789314989,13.8280794492295,2.32607229417289,0.492522119849275,3.35815879387306,4.02397130054047,0.0292026306143389,0.0023225096499501,0.0012348922873727,13.3931500586815,44.8201583608445,15.0
5.447916666,29.9845105174724,1.29284016550765,1176.18454681851,52.6947730078944,2448.67739252248,128.059524901732,422.067962356858,1.4983925404676,10.9172851295468,6.65288901973561,0.590048174790341,3.87773140416981,4.39834945102424,0.150211362826522,0.0091022406024138,0.0048918395776397,13.7034569760719,44.5408805159063,15.0,3204.16881009254,114455.0,240,29.9855901116086,1.06524125739752,1177.93732799869,45.5173685609149,2452.44818708636,128.658500793014,423.387826989446,2.27787673015444,13.7526001443148,3.20207860478018,0.510601095753213,3.47185663365823,4.02940803147841,0.0445300410579204,0.0033274095564553,0.0017709271509477,13.4218586132188,44.7533527301519,15.0
5.458333333,29.9836889561417,1.35632282921403,1174.30169516729,55.4957960264244,2444.34033748051,127.834049576887,421.25094615122,1.43004993153278,10.6483074610588,7.61269953946478,0.617167106698375,4.03987177075623,4.42232146809196,0.182848187482464,0.010786501736517,0.0058536769250046,13.7811777877284,44.4593318792713,15.0,3200.76161721121,115340.0,240,29.9845192972248,1.11510263971043,1176.32298785457,47.7828390587393,2448.98765688998,128.494044106381,422.762385702866,2.04534970810364,13.5910190468426,4.14069518611899,0.529685037168421,3.60311803872276,4.04212763063389,0.0650479961988463,0.0045889887450885,0.0024443057484254,13.4498797182194,44.6937803171123,15.0
5.46875,29.9856885792514,1.41306249893069,1171.56857501612,58.3049492945366,2438.11052364935,127.519326485438,420.058696609083,1.38847798255018,10.4708804602423,8.29935126475742,0.634486566723045,4.20281916975114,4.4340480575746,0.207180602687494,0.0120106942067429,0.0065752480865692,13.8422419436753,44.3469055476203,15.0,3194.93173245161,115385.0,240,29.9846147560045,1.16356489310379,1174.20132477018,50.0869808971687,2444.44302819011,128.264977056463,421.869764974383,1.90465695919542,13.4366221690807,4.9581763095259,0.54621335683528,3.73774087286663,4.05136044915574,0.0871711956963648,0.005878522077387,0.0031383250322943,13.4730447905275,44.6111612023184,15.0
5.479166666,29.9885947563767,1.46304710664519,1169.20801338471,61.0427424653011,2432.55976463482,127.252159897988,418.973482374659,1.36247433185926,10.3835663178272,8.63911245246232,0.643423108552791,4.36106246877585,4.43496363656886,0.222465295591543,0.0127722691717061,0.0070424732701865,13.8754226956246,44.2513121740335,15.0,3189.96560619863,114525.0,240,29.9862309191744,1.2101274747911,1171.79481271816,52.3514839431621,2439.23340642249,128.001642457051,420.81794792973,1.82024786893594,13.3220832557969,5.54850675105472,0.559697467135912,3.87013569532851,4.0544230500912,0.106678346368008,0.0069705640266186,0.0037365073872507,13.4883798481234,44.516411057589,15.0
5.489583333,29.9932508411418,1.49021737720376,1168.01500346981,63.2805336660232,2429.49602552951,127.134441881,418.345342637027,1.36588082977587,10.4454371914163,8.55613160067723,0.641272535726099,4.49035477947737,4.4178435768255,0.226618030416443,0.0129766590584319,0.0071832661033644,13.8706354684777,44.208029619321,15.0,3187.85953260202,103810.0,240,29.9888774839118,1.24678156624235,1169.85857363512,54.1876980227967,2434.97868558583,127.807655412376,419.943568004271,1.78593820795801,13.3697759550284,5.73930408650164,0.567524602852527,3.9778625560282,4.03704922250926,0.115381276151089,0.0074519788045378,0.0040108815801383,13.4856218129236,44.4461576154624,15.0
5.5,29.9998747048175,1.51528568906835,1168.3462137072,65.0740373785291,2429.91471832629,127.209315986239,418.357333731234,1.36802988616365,10.56382427282,8.25229447002184,0.634541940462612,4.59097515615907,4.39319277151899,0.221459332039895,0.0127241132911703,0.0070527463704257,13.8760740109105,44.2322240218952,15.0,3189.85038236354,100025.0,240,29.9934157979063,1.2749681646426,1168.87468982511,55.5416731035012,2432.79340306065,127.740002720275,419.462873839542,1.78124930245454,13.5519999594494,5.58952831444282,0.570950161961249,4.05685492315259,4.00314310691237,0.112430263552512,0.0072881829479668,0.0039327980136499,13.4810327339709,44.4205406441967,15.0
5.510416666,30.0029164551707,1.54399760846468,1170.17827090636,66.7929233752201,2433.70360138277,127.459024852885,418.960865647652,1.35980435898347,10.6547524383836,7.89702325996481,0.63216554746796,4.68472196328703,4.371472537412,0.214099994659186,0.0123813376057535,0.0068731287828979,13.8861346097746,44.3175351428118,15.0,3196.05916598078,100025.0,240,29.998058973846,1.30234639413716,1169.09480843618,56.8481741193772,2433.25884576986,127.80882293732,419.452288593139,1.78186889278435,13.7055528609392,5.32202651903251,0.574882856578423,4.13088969185675,3.97318707326366,0.1055401971161,0.0069011485419152,0.0037320307864372,13.4818942679476,44.4429157764259,15.0
5.520833333,30.0030238393535,1.56346866742956,1172.67433707863,68.1445192244625,2438.98678503229,127.790279053379,419.828772153437,1.35858078478011,10.7775461756045,7.46757637711285,0.63074152736739,4.75895971878594,4.346611097709,0.204859640904977,0.0119517983027408,0.0066424065074622,13.8777750348441,44.4314564559691,15.0,3203.89211174862,96895.0,240,30.0007169655754,1.3261074383858,1170.42250669319,58.0256836813281,2436.17788155135,128.004890026114,419.87479751945,1.79046545286204,13.8454693184872,4.97694413243893,0.578796725763182,4.19681070396137,3.94544898854647,0.0962469603681092,0.0063778286757664,0.0034563972998469,13.4782405381897,44.5099815285316,15.0
5.53125,30.0031121656965,1.5771802484235,1175.06155501434,69.0425545375907,2444.10216611542,128.116146770053,420.683755100011,1.36078483704682,10.9264680354124,6.9818917217929,0.628460109984798,4.80896270392024,4.32038971085631,0.192386525905135,0.011352787622997,0.0063092805172041,13.8676087711339,44.5439816454059,15.0,3211.16261938711,96695.0,240,30.0019887903972,1.34424554745579,1172.34131191412,58.9315751756531,2440.41329003123,128.271617315461,420.539382929308,1.8116092893578,13.9937161094861,4.56609843225639,0.581510347794546,4.2478729527873,3.91790427522733,0.0849140634773897,0.0057253928433738,0.0031079452731805,13.4730989537703,44.6020579141595,15.0
5.541666666,30.0041648504292,1.57506393646789,1177.1133815887,69.3082079325426,2448.65423559119,128.418842388343,421.463439350182,1.38539607179038,11.1456244520111,6.43040711593808,0.624185007612163,4.82449436891639,4.28655609231351,0.175295650471069,0.0105051879812459,0.0058286476002029,13.8395125363044,44.6489862834464,15.0,3217.2053198508,88005.0,240,30.002716078065,1.35140023963669,1174.33439895196,59.3082021750242,2444.89462413697,128.560739965552,421.276425159286,1.86165097059472,14.2173428738421,4.06123321207004,0.581919486420046,4.26974970528191,3.88207145886436,0.0707218038960731,0.0048800380756591,0.0026500706647347,13.4592680775361,44.7024158018511,15.0
5.552083333,30.0051076975472,1.58953798843642,1179.23894337045,69.6902606334568,2453.40271606526,128.721774452748,422.292312304211,1.38073742401013,11.2514871229712,5.97863310771104,0.621917142058591,4.84476018865688,4.26864387538666,0.160159469812816,0.0097249800061765,0.0053847063844806,13.8558437254745,44.754632381123,15.0,3223.57547940543,99695.0,240,30.0040546798532,1.35934801482368,1176.39604414348,59.6982076721377,2449.51312979407,128.847792924843,422.04990181738,1.91410758089198,14.3406683394619,3.61948816815218,0.582233169977192,4.29201706407641,3.86073762979495,0.0598405487234823,0.0042116309060417,0.0022889726373993,13.462295864487,44.8023384109134,15.0
5.5625,30.0007160231308,1.59972321275504,1181.02139788895,70.1719530881513,2457.36136801377,128.97249254498,422.955245545272,1.38639452066837,11.3371258537239,5.59619333895427,0.625731397072102,4.87149552864496,4.25612936832516,0.149381479012243,0.0091828732003281,0.0050864575458548,13.8299775377677,44.8422215041289,15.0,3228.99350893894,97880.0,240,30.0032509000412,1.37073606672216,1178.51804085331,60.3233689740472,2454.23892344427,129.124504972066,422.83179166099,1.95594619347011,14.3331276974557,3.28990758471796,0.585228254918629,4.32689669240476,3.85836353416689,0.0524366981219628,0.0037510766522158,0.0020431706608656,13.4600756420081,44.8989080645409,15.0
5.572916666,30.0000129597233,1.59675229683326,1181.15408996428,70.0543567556957,2457.92481487156,129.042540349133,423.025633772245,1.41412142422004,11.4960018917798,5.19893596916225,0.625633190728327,4.86699585127218,4.23630293297975,0.134660502146523,0.0084050493760759,0.00464758409113,13.7998216354262,44.8673970887082,15.0,3229.55162460122,93405.0,240,30.0014972597317,1.37224890275346,1179.9399093996,60.46092615207,2457.54993614436,129.331188182011,423.37610938926,2.03040164367114,14.4182072886142,2.92319485609995,0.586327168083128,4.3356271682048,3.84592650978138,0.0442344319189844,0.0032187090485805,0.0017532986692522,13.4472949248695,44.9713659603308,15.0
5.583333333,30.0024566283915,1.59045758781753,1180.86977248457,69.6807512088999,2457.79102484132,129.068463559869,422.985996655206,1.44696004092378,11.6276410222416,4.8364793551635,0.622968183472343,4.84699450377125,4.21968581969574,0.119629193968674,0.0075821801781718,0.0041809485837457,13.790698255059,44.877550600476,15.0,3228.95516951275,90865.0,240,30.0013928022072,1.3660071850093,1180.45621545472,60.1969534171541,2459.02517667636,129.440740915779,423.615592151912,2.13585611594549,14.542845233184,2.55546832440899,0.585176062196761,4.32195535463958,3.82951916804494,0.0366326791708492,0.0027122845415565,0.0014759261301596,13.4385817819528,45.0102042050831,15.0
5.59375,30.0056321170438,1.57446757553665,1181.56223031227,69.0595471040964,2459.94107308505,129.211369728843,423.359355313473,1.49339260873819,11.7537650981232,4.48932557899945,0.618330683635745,4.81251981597971,4.20204616854243,0.104505844478278,0.0067416858920827,0.0037075778112917,13.783786456798,44.9285642195069,15.0,3231.04660482243,82870.0,240,30.0027171830224,1.35161019772507,1180.79958742753,59.5754895143258,2460.26787736932,129.537788919207,423.837534611284,2.27822520651756,14.6954746955341,2.18731001812861,0.582061262714104,4.28759885220244,3.80930029381588,0.0296784617848416,0.0022350158059303,0.0012133256997316,13.4291530698749,45.0448009736392,15.0
5.604166666,30.0097000985739,1.55232867764275,1183.2707762895,68.1503874175515,2464.43072264896,129.478161248413,424.174714177562,1.54553724096114,11.8683040356082,4.14978177395103,0.610565214818715,4.76177158277399,4.18357160075195,0.090036404232661,0.0059119115260638,0.003241393873372,13.7911630094652,45.0227503759033,15.0,3235.89563411842,77725.0,240,30.0051212894,1.32919634634738,1181.56050674116,58.619434302659,2462.52986901711,129.688811980989,424.270559430324,2.46672422049962,14.8623729728349,1.824904722397,0.576592332928001,4.23402098011538,3.78625841975234,0.0235562040944795,0.0018089129769342,0.000979292412327,13.4220621138042,45.0981991307354,14.26043691453203
5.614583333,30.009297034666,1.55738599101318,1185.50333469679,68.0040936600262,2469.93411673713,129.774154060042,425.182273314023,1.52669742553903,11.7190137789927,4.0463306667325,0.60713093298493,4.75042075877959,4.19941668266601,0.0883250863742465,0.0057950769921426,0.0031747442163318,13.8472818589284,45.1266383091084,15.0,3242.64345808284,96295.0,240,30.0077559239358,1.32173398846872,1183.03815674128,58.3543384473268,2466.26927243156,129.88899332539,424.956920124396,2.55742863347293,14.7422208213924,1.69776742502719,0.573427016375278,4.21791166233808,3.80032629536423,0.0216802422859162,0.001705343269692,0.0009283615408704,13.4412808089184,45.1686682713922,15.75912329993173
5.625,30.0015561253319,1.55251329350254,1185.86690805713,67.9007751020156,2471.29049707738,129.847181088197,425.452575172207,1.5321879280704,11.6402483232331,3.96562617448671,0.6091107404043,4.74181636493743,4.21174287518403,0.0869582320696302,0.0057518285994988,0.0031608457502413,13.8060814015094,45.1529292806723,15.0,3244.1331493332,89900.0,240,30.0061584907417,1.3227772938707,1184.56680159037,58.5033370436594,2470.10660327535,130.082360022717,425.649463182277,2.55578508457188,14.5168638990166,1.67777935694737,0.573770646688243,4.22413482680504,3.82896329590654,0.0213929330669997,0.0016866480480565,0.0009200545577214,13.4405029701885,45.236795252443,13.956383092137527
5.635416666,30.0006030505613,1.53514259214231,1183.32746175871,67.0629955792267,2466.4118566673,129.607966062691,424.67478875392,1.57896687796605,11.7413282053745,3.76843916538898,0.604173559103951,4.6942903288838,4.20372736488022,0.0789631283980316,0.0052917363759856,0.002906369992464,13.7617851977046,45.0710272405485,15.0,3237.1170720468,85150.0,240,30.0033572213355,1.31177659639565,1184.5699602663,58.0284272163171,2470.70443447337,130.120807088046,425.809153821323,2.64484957503905,14.4865159805644,1.54574925774753,0.571206483691338,4.1963811593513,3.83453453054675,0.0193598518485196,0.0015332987053872,0.0008340422529792,13.4244496792436,45.2510931447389,15.415583094431028
5.645833333,30.0025302313042,1.52362172769571,1181.50387308454,66.321839493925,2462.96805552402,129.443437113752,424.177870885468,1.60846924763739,11.7856414554107,3.62744904396043,0.59878628523147,4.65154351077008,4.20263425302892,0.0738209738282454,0.0049832752254063,0.0027343972931942,13.7512712856147,45.0150449584281,15.0,3232.07259079511,88345.0,240,30.0025841566606,1.29962001269008,1183.3646523347,57.4253370364336,2468.63170911436,130.019286378728,425.530870804958,2.74645329631515,14.4701461045325,1.43301207270306,0.567642279108336,4.16128391869412,3.84024399550838,0.0176916600672167,0.0014177109872778,0.0007708035329695,13.4198064040429,45.2167480198195,14.330872105423596
5.65625,30.0042469533195,1.49888207153377,1181.71110159941,65.3906688161397,2463.87523259717,129.516954218856,424.457619944142,1.66548046721374,11.8901935492409,3.45323143546554,0.593396862712333,4.59964769031873,4.19200542718655,0.0665333513306377,0.0045563189317724,0.0024988748122879,13.720529938752,45.0418887540445,15.0,3232.49509944733,76320.0,240,30.0028696173229,1.28125447527167,1182.47990323392,56.5724408755049,2467.20402001942,129.960635872827,425.39917375782,2.88118592882805,14.5214507553679,1.28774055030475,0.563247864388586,4.1123563562109,3.8372330354291,0.0155873846074016,0.0012553298059713,0.0006794903844666,13.4079673928357,45.1973157728353,17.20453123253474
5.666666666,30.0085752273306,1.47135430549812,1182.91309557993,64.1987482405484,2466.98892758975,129.715263181774,425.164109632767,1.72485794431065,12.0015844981751,3.26299538201964,0.584684815134246,4.53413986081002,4.17706286459067,0.0595387251045875,0.0041232343573616,0.0022570559450633,13.7244590184359,45.112029642423,15.0,3235.5691304004,74130.0,240,30.0045301615176,1.25504909235938,1182.4012580164,55.3901700736563,2467.48803358354,130.000966280783,425.610104720651,3.08362670303745,14.6298092023345,1.11420889261805,0.556512439497582,4.04560462027869,3.82584490852961,0.0132180218802571,0.0010816130528196,0.0005832867889388,13.4009543901103,45.2122578141808,15.834481563961996
5.677083333,30.0105737787609,1.45557331635746,1184.67394024588,63.398034432481,2471.27633647061,129.964634423857,426.100933323769,1.73712055872911,11.9567769729129,3.20847687470649,0.578593768546465,4.48866956246257,4.18081778672285,0.0579751900281562,0.0040263378029459,0.0022033359153692,13.7529850825744,45.1996057543377,15.0,3240.4601134882,79230.0,240,30.007034650317,1.23582117723907,1183.0652817107,54.5285985366588,2469.28055022507,130.114310351166,426.10649553051,3.19608209998093,14.6138331020814,1.04809997125589,0.550643045176825,3.99658414542898,3.82946994562479,0.012330337173468,0.0010270101881531,0.0005545099889182,13.4073307980895,45.2525161421649,14.918374957257434
5.6875,30.0084125091335,1.44280473168994,1185.94337506325,62.7932270192489,2474.51722567946,130.152507302319,426.856885347418,1.73585757199132,11.876569596482,3.22185220652283,0.576242376165319,4.45290768076052,4.19025017100339,0.0582487566941063,0.0040493481338911,0.0022163676865157,13.7571952302343,45.2656620670025,15.0,3244.14666185903,79095.0,240,30.0081925258024,1.22335734748878,1184.17519360748,53.9817900949092,2472.00584660441,130.275367666559,426.776399347826,3.21279303784103,14.5250906137107,1.04694213334017,0.54675561974342,3.96470323338182,3.84133782885277,0.0122922598833288,0.0010291899532045,0.0005560936651845,13.4112695588929,45.3092841242641,15.111671379961876
5.697916666,30.0057279150983,1.43012622487305,1185.78367592616,62.1305307180055,2474.71423208728,130.179692447433,427.083446322383,1.73482099791489,11.8252684479278,3.25796827513088,0.574191409172064,4.41389004585508,4.19753933640588,0.0589935535092427,0.0040965342416726,0.0022409912011207,13.7556892240545,45.2757831556824,15.0,3243.8755204927,80345.0,240,30.0075968572558,1.21267671968851,1185.00958987022,53.5005514733145,2474.16666325866,130.409446513317,427.355370325846,3.2091912019871,14.4451603921043,1.05998048219612,0.543600918019585,3.93629404872321,3.85186685714996,0.0124403302319884,0.001043620657842,0.0005638987383835,13.4119141620957,45.3566082980549,12.837039119601533
5.708333333,30.0039401893489,1.41467752976227,1184.73575233273,61.3841992218736,2472.98219201985,130.10940996474,426.981138602708,1.74209655318469,11.8145430906971,3.29012972800558,0.571073918363486,4.37061442609325,4.20071816261257,0.0593256492833236,0.004120784439579,0.0022527126255565,13.745810100908,45.251983374131,15.0,3241.08350663702,78595.0,240,30.0062090401323,1.20163873663253,1185.11057793836,52.9748315116259,2474.7783722208,130.466185619524,427.671249425667,3.20610241298658,14.4032845654871,1.07075084555625,0.540394555852702,3.90534421614112,3.85790423467132,0.0125538321091232,0.0010521913743558,0.0005678762422729,13.4097841081687,45.3769809307168,15.858449695055695
5.71875,30.0039069573009,1.39678176622512,1183.79135984768,60.5557949989433,2471.38069667679,130.055379607455,426.925535977419,1.7599161001489,11.8430628011463,3.27970418743437,0.565933624099769,4.32364152631251,4.19905709955238,0.0584673328563951,0.004073773921362,0.0022259757744492,13.735758494859,45.2338458813701,15.0,3238.45695974224,77090.0,240,30.0051135629462,1.18842477922363,1184.68996153148,52.3321651204895,2474.25417559972,130.469478572187,427.804347890698,3.2311676212035,14.4111982518211,1.06012115330709,0.536432496439443,3.86805615199518,3.85802728787313,0.0123916980787428,0.0010398887176479,0.0005602665182814,13.406237501693,45.3787211896975,14.323648774537599
5.729166666,30.0046901569912,1.37940547841024,1183.26469809924,59.741033935981,2470.54357244533,130.050743530847,427.037562204105,1.78278106666979,11.8832125598818,3.22820148560485,0.55994501759819,4.27776898982598,4.19592156359985,0.0567421141891023,0.0039770283408293,0.0021737629491727,13.7262320274543,45.2329086187832,15.0,3236.90288912571,76330.0,240,30.0047563963075,1.17445616742644,1184.13908515687,51.6517655245058,2473.37851885287,130.459699439728,427.898127924864,3.27463889121988,14.4378647634417,1.03515342261267,0.532017314466981,3.82887187724131,3.85614501450799,0.0120513495003728,0.0010154215874413,0.0005463297850461,13.4033063563854,45.3758882336913,15.8565109132916
5.739583333,30.0051339694239,1.36504164533492,1183.02969804596,59.0274455778896,2470.20642628738,130.077813149457,427.266842468735,1.80262413562254,11.9111535941271,3.16580006690383,0.555081738182563,4.23731014115306,4.1946301005413,0.0550370238554941,0.0038822032703449,0.0021238296463973,13.7183311119762,45.2430094748026,15.0,3236.13842625317,77295.0,240,30.0048716399865,1.16185770672446,1183.68067251686,51.0372849726723,2472.59712846902,130.458317508971,428.032225924372,3.31802601401528,14.4505939730725,1.01087533533348,0.52794633489356,3.79343900997742,3.85647568550202,0.0117277600976365,0.0009940560081712,0.0005345737787962,13.4018126967324,45.3759734865462,12.696226770044074
5.75,30.0046831732045,1.35334281319824,1182.78112466735,58.4328150900244,2469.75425288845,130.101706672834,427.492100330052,1.82010855953205,11.9359926369255,3.11058086414525,0.551732733681027,4.20295961458157,4.19427874415801,0.053561952243866,0.003800604087576,0.0020812019919998,13.7065988143511,45.2520067273931,15.0,3235.36050478208,77640.0,240,30.0049011382876,1.1512678174163,1183.32924470019,50.5207677745698,2471.94727488065,130.466725020394,428.210042072063,3.35316609986563,14.4468461459874,0.990959420370762,0.52460447576374,3.7633847312078,3.85937591950938,0.0114642896754421,0.0009765172679132,0.000524969153228,13.4000304357856,45.3794744999685,14.35343040335647
5.760416666,30.003971775006,1.34469472042539,1182.28575610014,57.9715941418484,2468.72942955846,130.096184876899,427.61873974272,1.83501781241485,11.96855021819,3.07381949276988,0.549789088894645,4.17540075739135,4.19310427951782,0.0524707889940587,0.0037371928143779,0.0020471339356832,13.6954381918734,45.2507430185532,15.0,3233.96433557897,77655.0,240,30.0046212076542,1.14224170596841,1182.96647712034,50.0786695253212,2471.20209366502,130.472936548612,428.385757405622,3.38693920835652,14.4441913952633,0.972426197499138,0.521908214294163,3.73725390590706,3.86253217036139,0.0112210942145717,0.0009596531797764,0.0005155908730118,13.3976501263697,45.3822189801301,14.775794645483035
5.770833333,30.0034569621796,1.33926962716591,1181.5989074527,57.6538534915184,2467.2909332335,130.066742130765,427.66380661645,1.84237198097675,11.9984013927507,3.0722821629981,0.548927138135717,4.15539731718647,4.19184621252291,0.0521981949646931,0.0037188459548708,0.0020359871272074,13.6896312477968,45.2410789964483,15.0,3232.13649144104,77620.0,240,30.004186864914,1.1351452157427,1182.48771779633,49.7220640831992,2470.16963871781,130.465464284559,428.515732251598,3.41162272383822,14.4489106523317,0.962525299315523,0.519843215106894,3.71559507297725,3.86484709942051,0.011086011282443,0.0009508315005452,0.0005105011235272,13.3960002622185,45.3801893338006,13.207555949643266
5.78125,30.0011201711746,1.35164847051131,1180.75033897202,57.8944589980482,2465.43862588801,129.996761656407,427.60932538433,1.78351969259395,11.8933290299195,3.24507042551522,0.551605120333361,4.16516900371241,4.20867060650466,0.0576301164714456,0.0040452051531964,0.0022127661753949,13.7056546815187,45.2170391796944,15.0,3230.17991255888,90310.0,240,30.0034187146271,1.13945584034029,1181.84574414078,49.8445873920325,2468.74154403475,130.427428183152,428.552254045518,3.3132877249361,14.3605794915426,1.05743958149879,0.520229742363184,3.72024828116143,3.87934456544724,0.0122706765284713,0.001055837460335,0.0005696195387639,13.4049888667482,45.3674899944863,16.066416856026223
5.791666666,29.9958207949909,1.36230462696438,1178.89773791087,58.2896688882973,2461.38468467733,129.806713144251,427.127891452303,1.73296123312819,11.8346200167181,3.47019200756817,0.557454624798137,4.18383302809085,4.22168246489243,0.064014301238765,0.0044318970282495,0.002421372295097,13.6778655356392,45.1511333604613,15.0,3225.49337207513,88540.0,240,30.0006608311826,1.15078952362543,1180.8440075327,50.2807941920668,2466.54565214182,130.346270529971,428.416687815915,3.14029464029616,14.2754305267534,1.19911055644745,0.523324482357065,3.74211963221956,3.89364195922315,0.0140856926911316,0.0011920700834475,0.0006442194449553,13.4043823163848,45.3397161121711,16.817305695862753
5.802083333,29.9949538953009,1.36524235918025,1175.6851921475,58.3266895857567,2454.43434480749,129.476465655819,426.137552298246,1.71753086070689,11.885110487941,3.60562212205127,0.559406130826978,4.18443221268849,4.22093343813736,0.0675596958652016,0.0046421051496684,0.0025330297133499,13.6539401828084,45.036497512507,15.0,3216.82255650549,87200.0,240,29.9978408601307,1.15719849203166,1179.00959365532,50.4753418827169,2462.59211978408,130.180574668781,427.958835386925,3.04747869823007,14.3131892124821,1.28536137765031,0.525290932458314,3.75116512841072,3.8926269970847,0.0152129740383431,0.0012708573745386,0.0006860603119247,13.3975891244998,45.282473264681,14.824890594644613
5.8125,29.9964769733995,1.3676035775754,1173.41981327491,58.2770217794037,2449.50308428056,129.257434334692,425.507208358642,1.70865266837115,11.9228896638971,3.66920695660002,0.560354782518815,4.18153244032431,4.22099390772791,0.0695763962797782,0.0047659493211116,0.0026006697234225,13.6474120123207,44.9606134707076,15.0,3210.69388162419,88505.0,240,29.9968199253846,1.16133321066833,1176.64853689232,50.5418850486023,2457.50393278289,129.957611797373,427.296409371998,2.99045387232031,14.3850668525733,1.34681487662704,0.526433643946306,3.75370652885873,3.88761994708356,0.0160274341554721,0.0013302984402361,0.0007180746150964,13.3954302153029,45.2052781830238,14.196765970711903
5.822916666,29.9990446566244,1.35580810281247,1172.98547329587,57.9184882218987,2448.58688313599,129.26280321574,425.586305799224,1.7412857582559,12.0278762652013,3.60592944067941,0.559554339037453,4.1633294380101,4.21016301994705,0.0664526054654183,0.004585581520113,0.0025012872738656,13.6382944944051,44.9630222935235,15.0,3209.47723197168,78280.0,240,29.9971910251337,1.15677801824309,1174.93220289801,50.2740632678687,2453.82152390601,129.818399836284,426.893756284868,3.02109278826071,14.5277777439147,1.30734192385168,0.525975457240977,3.73852691856831,3.87269717885397,0.0154697871117373,0.0012755424819687,0.0006855992952013,13.3892538517375,45.1572271112904,14.34798622084369
5.833333333,30.003039611321,1.35127021035045,1173.69022829766,57.6546870286004,2450.15942491659,129.39870877714,426.115435027459,1.74905242067102,12.061732209174,3.56855806711324,0.55636287715354,4.15005967019159,4.20573979865856,0.0651873805591522,0.0044955178956326,0.0024489018781873,13.666133386997,45.0107443446246,15.0,3211.52192129405,83380.0,240,29.999212819077,1.14954883216163,1174.17037635679,49.9143463504493,2452.19040452384,129.78729892783,426.863405473692,3.0862988722903,14.64073523923,1.25814241708417,0.523959858788755,3.71882761109894,3.86059968030187,0.0148133983159593,0.0012317812567565,0.0006616208108932,13.3925706095721,45.1467935634723,13.686542214577578
5.84375,30.00141375854,1.36678134834146,1174.64402542003,58.1134967312959,2452.21325099997,129.537990412351,426.699510775343,1.69769201158789,11.9240275286718,3.71269336074645,0.560556409118127,4.17420517883154,4.22346984147969,0.070678687994254,0.0048164445874361,0.0026242456798574,13.6939724360132,45.0593425899167,15.0,3214.70071269668,93230.0,240,30.000972948211,1.15544885653763,1174.22920450322,50.1461029479832,2452.28757987706,129.830693185729,427.112034071223,3.00831934603159,14.5663676973056,1.35182939163139,0.525095906307485,3.73171263560018,3.87186001033031,0.0160715796333979,0.0013400579461982,0.0007231987094221,13.4053053220909,45.1622591776846,17.108429517682833
5.854166666,29.9968108199129,1.37769778024083,1173.86057589949,58.6168813923682,2450.56903727143,129.478868332765,426.585880460773,1.67059639002212,11.8728218061839,3.8704958227259,0.568113255632498,4.20062613833836,4.23155807659618,0.0754081219234436,0.0050974999803254,0.0027772568516284,13.6823468641234,45.0388860420584,15.0,3213.11259704916,88630.0,240,29.9997277642013,1.16522032158921,1174.31586720174,50.5775262323901,2452.49256895896,129.877865383523,427.350049870184,2.90080530125206,14.4977163505291,1.45866153743071,0.52857872837347,3.75521682663098,3.8816803013874,0.017526306637871,0.0014417550345387,0.0007784663969722,13.4055364550119,45.178996577661,14.883932467813402
5.864583333,29.9966278773192,1.38748192942654,1171.70767331402,58.9666574535563,2446.0659021991,129.269762632038,425.946041065897,1.65205225969099,11.8774981526169,4.03007133818077,0.572299687582122,4.21897884626782,4.23195328651668,0.0796696961465801,0.0053278956409272,0.0028973207925073,13.6894834334201,44.9661772335141,15.0,3207.6916604236,89445.0,240,29.9981084520343,1.17238083059073,1173.48781818591,50.8607891535097,2450.80703391059,129.828205737371,427.233954632921,2.84046845675079,14.5167724856143,1.534555844257,0.531143539728023,3.77045204347349,3.88002884231851,0.0185801385708662,0.0015148187443166,0.0008172608436592,13.405215542201,45.1619834967847,14.088629872458359
5.875,29.9979848717186,1.39318068780473,1170.54423854925,59.2696639760557,2443.74554408613,129.175844451507,425.673594349003,1.63638398247637,11.8779834688184,4.19979225208546,0.575106054363664,4.2355995382535,4.2311802204128,0.0841586048383214,0.0055783212973929,0.0030298126017009,13.701866495137,44.933399944546,15.0,3205.00671401737,86555.0,240,29.9976873225579,1.17844956205207,1172.2170817437,51.082442238142,2448.23427801697,129.731662261992,426.940063063239,2.78395579658897,14.5725970370993,1.61307733647371,0.533157333952164,3.78231158746074,3.87293895193373,0.0196693394672021,0.0015886062097764,0.0008562399751613,13.4068036228935,45.1285612890929,15.359764869035788
5.885416666,30.0011011409034,1.38551724675127,1170.69061705544,59.1676575048985,2444.36319394974,129.249970382398,425.932042751281,1.64421729070826,11.9395226612706,4.28553780781932,0.573460568365279,4.23141844750025,4.2201447730176,0.0851300053221467,0.0056300834070884,0.0030533051308247,13.7125201197506,44.9591039676738,15.0,3205.77193920858,78865.0,240,29.9985469063962,1.1765147131972,1171.41950944735,50.9765607887923,2446.75376117634,129.703021864317,426.842998313195,2.78141945060009,14.7159968785706,1.6194767778048,0.532839771534647,3.77657727519906,3.85297428855169,0.019713555743245,0.0015811525387066,0.0008496119701162,13.4045727948999,45.1186581793673,14.202969613991359
5.895833333,30.0018825734251,1.40635808067987,1171.57097077995,59.639005040522,2446.53928024691,129.38611673678,426.460042090744,1.57673143618227,11.764267960477,4.57835636315835,0.576892816632088,4.25743158734723,4.23850061022417,0.0958863064606421,0.0062083227406146,0.0033639435620392,13.7761257790162,45.0059401088642,15.0,3208.95101625282,99150.0,240,30.0005245620037,1.18530167115412,1171.29863384139,51.3158788329311,2446.73280618569,129.733615983138,426.976845505726,2.6802453611458,14.6712126771441,1.79863139951234,0.534412044763039,3.79590770683689,3.85635248287473,0.0223860294753041,0.0017948671386873,0.0009690003307195,13.4251468250521,45.1292242707214,14.30142322606776
5.90625,29.9952662282072,1.42102763465029,1171.06533361438,60.4108609899596,2445.68747807839,129.354128628311,426.39628658131,1.53748010481272,11.6292959492795,4.8800936881703,0.588149962909294,4.29968116289458,4.25409720607164,0.107900089652414,0.0069140047298446,0.0037610491291299,13.7646126016079,44.9940728200963,15.0,3208.43112053434,93155.0,240,29.9991098938001,1.20225072655493,1171.42606574653,52.0700381726924,2447.28605384396,129.784050424496,427.170586877234,2.50265725482436,14.5337308032708,2.07522633043191,0.5402050896832,3.83805069059164,3.87116017837264,0.0266904155944026,0.0020940831460408,0.0011329104108669,13.431221747295,45.1465610435616,13.696146213776489
5.916666666,29.9952999125656,1.4270745679716,1167.96668118876,60.7393245555951,2439.33299408457,129.04535920727,425.356267291808,1.53710074463256,11.6609304306154,4.98789818927066,0.590570081066052,4.31806678744298,4.24935760487917,0.111249970562234,0.007101419174284,0.0038649657979908,13.7571426983545,44.886302948385,15.0,3200.49519695729,90255.0,240,29.9969153379641,1.21065018079613,1170.40236117015,52.4177934606852,2445.42186946551,129.720636949547,426.934427677156,2.43566061099765,14.5678296045533,2.19377275128131,0.543034089788496,3.85790077026266,3.86429531407858,0.0286053111432678,0.0022147116973114,0.0011962460687119,13.4259334550436,45.1242598592427,13.813888579977313
5.927083333,29.998356387244,1.43221154246908,1166.12906906563,61.0320410329764,2435.69927623851,128.885675888249,424.796220138759,1.53980985460852,11.699387960234,5.02938208381764,0.590225444906422,4.33439778922288,4.24227457796108,0.112071499717539,0.0071406642036755,0.0038851818713642,13.7659034494724,44.8305658648081,15.0,3196.0296361717,88325.0,240,29.9969293938522,1.21585940528421,1168.54492868288,52.5904675984888,2441.79574526704,129.567275007096,426.383076579728,2.4163418736278,14.6560218790855,2.2347486124321,0.544205456735443,3.86770250336869,3.85063192461933,0.0292547305355669,0.0022515744321162,0.0012145062625123,13.4252755134129,45.0706980323597,16.163968735869457
5.9375,30.0026995034511,1.41853877722769,1166.79178469349,60.8906556661248,2437.49450850226,129.033661600299,425.218809405889,1.57535304832761,11.8524736564548,4.91092428814403,0.5845745614114,4.32817359070824,4.21776540894695,0.106019832874025,0.0068178162672298,0.0037064635904367,13.7568928133964,44.8821014244975,15.0,3198.23364096943,74400.0,240,29.9985733858739,1.21001584197479,1167.50773571698,52.3235102495357,2439.96161186052,129.526197669946,426.172891956653,2.47246066939445,14.8772559497473,2.11238317886982,0.542300317945541,3.85322977170355,3.81851568742194,0.0271293161548388,0.0020870632861131,0.0011213622564956,13.4155049047963,45.0562734341469,14.919699009273721
5.947916666,30.0053951057276,1.43944451297462,1168.88517041139,61.4008007392952,2442.25902477136,129.321113419453,426.183518469984,1.52785422990489,11.7446831100221,4.98787134499852,0.58306658841365,4.35610492474373,4.22540464524791,0.11009493137213,0.006998579472871,0.0038003398893149,13.8288561488546,44.9818965401035,15.0,3204.77364326369,98085.0,240,30.0018760458418,1.21520372108788,1167.70928201835,52.5474485255915,2440.71394805498,129.602033717621,426.407136643771,2.46668835917585,14.8828267313223,2.14547000071732,0.541975882961666,3.86607722559011,3.8136059576087,0.0278542537653866,0.0021618057223799,0.0011663396764722,13.4363352003997,45.0824936540511,15.971677862258858
5.958333333,29.9983149258139,1.453302636066,1169.72467759319,62.2590157361325,2444.2183094244,129.452811699663,426.610519558125,1.50486380770996,11.6652465299904,5.09632808973177,0.591740964230057,4.40219890186448,4.23267985584962,0.117344201379203,0.0074428648726324,0.0040615947008193,13.8023149644784,45.0272073073402,15.0,3207.96940598914,90805.0,240,30.0015321049666,1.23161094617243,1168.72222498012,53.3566459999982,2443.1698928788,129.751968912254,426.909939908085,2.36909700896119,14.7287617606088,2.30756601587606,0.54684896456276,3.91085379157124,3.82926522563011,0.030673582469368,0.0023565985958275,0.0012753755404832,13.4411278158708,45.1344953358392,14.802386105160174
5.96875,29.9966987813733,1.46466775175017,1167.02431649391,62.6906859358354,2438.5854388625,129.191760279953,425.698238513572,1.50367161784584,11.7346895509965,5.0700016961507,0.593841183128097,4.42503219094244,4.2238131098341,0.11736942996769,0.0074436306857199,0.0040649115735054,13.7820938658837,44.9362657701048,15.0,3201.09502939191,93230.0,240,29.9992745550399,1.24223155971327,1168.55498906497,53.85193622633,2443.09141761078,129.779682100215,426.968546823663,2.33875327254315,14.719888019127,2.34720990188668,0.549856291720626,3.93833602749207,3.82761719034131,0.0314688266834775,0.0024069449101657,0.0013030926540115,13.4348736689425,45.1440072964178,14.239446295147792
5.979166666,29.9975081228134,1.47029848560418,1164.81062004854,63.0200440823914,2433.95984783936,128.98682157336,424.959385836076,1.51828352387507,11.8401595816919,4.95894069144288,0.594240125413372,4.4426542274643,4.2107900982836,0.11399611665228,0.007267919056076,0.0039714877777339,13.7597595196018,44.8651095656738,15.0,3195.45137170905,88415.0,240,29.9980652842713,1.2498078056942,1167.04157017061,54.1617005830987,2440.10888819022,129.657081638399,426.513806056557,2.34466063209991,14.7819066823296,2.31088786865195,0.551849650290531,3.9551161625055,3.81832973365741,0.0308526935947767,0.0023566634623687,0.0012751061121088,13.427835716519,45.1013324763304,15.085126618439354
5.989583333,30.0011458673019,1.46501645946087,1165.06318050342,62.9984917816265,2434.65669404932,129.07504968293,425.179643801288,1.5509296523847,12.0034895414234,4.71854717103164,0.590285593500532,4.44273029648056,4.18873867645884,0.104732360289058,0.006760232931372,0.0036916991354575,13.745260175564,44.8963236939586,15.0,3196.40203763441,81485.0,240,29.9986690682766,1.24793854356202,1165.94711927842,54.06686709023,2438.01897779392,129.593560807754,426.236716873209,2.41768600688756,14.9555620399218,2.13585447468187,0.551206407770695,3.94990593159039,3.7947224025475,0.0278624197650567,0.0021395777110532,0.0011550316697073,13.4179581446663,45.0793626139299,14.100552994611412
6.0,30.0058496623462,1.45420475344758,1166.70315128819,62.6866977362263,2438.45727005354,129.334408455516,425.982847356343,1.59011830310924,12.1635300461548,4.41760980035808,0.583980247486212,4.42673755178773,4.164711495397,0.0932860327737179,0.0061125323448382,0.0033333046003406,13.7473488312772,44.9873171238113,15.0,3201.11376901022,76940.0,240,30.0010139853512,1.23821840988458,1165.92111215321,53.6650672344007,2438.23102112955,129.658487609348,426.395955591394,2.54806374273281,15.1659156362767,1.88031696230243,0.548371276351884,3.92799024015618,3.76566138676321,0.0237876256322062,0.0018495350070806,0.000996114497567,13.4116767481774,45.1022147179058,17.41704658123122
6.010416666,30.0089552997918,1.44528367333232,1168.78357285226,62.337563264181,2443.27327069559,129.646213069126,427.000110010341,1.61887572958681,12.2513837786873,4.15551154717765,0.578036848224079,4.40757583660606,4.14875235422379,0.084440179168596,0.0055995625003186,0.0030508293075942,13.7617200403649,45.0965594283593,15.0,3207.10296698989,77670.0,240,30.0040971197338,1.22740113590974,1166.79346696947,53.2528719905832,2440.37443670632,129.820664716461,426.921385822265,2.69033586444989,15.2959360741196,1.65423882946564,0.545066234953255,3.9052816174736,3.7463503422241,0.020431896270148,0.0016164026274625,0.0008703149072555,13.4120365933266,45.1590014968952,14.720103958120077
6.020833333,30.0088551700079,1.43790597230507,1170.50272216115,62.006627042726,2447.324235899,129.913719881849,427.905686983521,1.63791582264238,12.2835939518584,3.96756480066086,0.574429819514791,4.38840605400199,4.14084505740542,0.0788112175380958,0.0052751122363888,0.0028748641434512,13.7675677223594,45.1902921815172,15.0,3212.13246311232,78895.0,240,30.0064041476135,1.21933803431605,1168.16761226934,52.9806098902457,2443.59416897388,130.03169420491,427.655784523358,2.8007683763943,15.3129557944513,1.50420256790778,0.542559771872163,3.88988613776033,3.74147039993024,0.0183081529369054,0.0014710326871145,0.0007929337335512,13.4142498003298,45.2328546262882,16.444485304872043
6.03125,30.0047427678384,1.44013639996015,1171.07416436824,61.8118565722613,2448.85203085071,130.035488279507,428.375544674547,1.61517646699256,12.2034966393284,3.96256204294601,0.57425465504757,4.37625618445135,4.15097159234438,0.0803523241861512,0.005363163612573,0.0029250787126189,13.7773923305438,45.2330220234147,15.0,3214.03658007651,91405.0,240,30.0067249273595,1.22077007213239,1169.5272771225,53.0980430516977,2446.74902514475,130.225200644487,428.379391592082,2.80389266154581,15.1585425266883,1.50823465162144,0.542254555583723,3.89581419937492,3.75979026328518,0.0184192110438493,0.0014980721380527,0.0008115667518026,13.4243353160622,45.300633714019,14.883928478780577
6.041666666,29.9982011263059,1.43350846011514,1169.44607790055,61.4194288190434,2445.60863349118,129.905624943535,427.987169187658,1.61418647934323,12.2214650136866,4.00374476001557,0.576868819616839,4.35366373414905,4.15338318082491,0.0818713554969601,0.0054713886406132,0.0029879216428738,13.7302988774112,45.1881326796941,15.0,3209.66630026625,87360.0,240,30.0037046183262,1.22255085690081,1169.95295153637,53.1863030086924,2447.90362712269,130.316209425816,428.75255182882,2.75493806379095,15.0201934724929,1.55912685146577,0.543289696217773,3.90012470731787,3.77827852324615,0.0191399294873638,0.0015484517400554,0.0008394916645527,13.4188358765393,45.3327211002256,15.181308621987943
6.052083333,29.9965881162066,1.4308779735799,1165.75755402125,60.9754760540434,2437.93367725371,129.538807762395,426.801874528401,1.61269516524841,12.285544311457,4.08121530083528,0.578011085789838,4.32800412806473,4.15114410635256,0.0837369671983885,0.0055672884808394,0.0030356730710125,13.7064837691641,45.0607630846256,15.0,3199.55111452832,91075.0,240,30.000388551659,1.22034642265844,1168.7137675339,53.007539990312,2445.47535163244,130.226140201838,428.498643867738,2.73449617927178,14.9929429288958,1.59952886962756,0.543269207990906,3.88960466657984,3.78495567746428,0.0197040156901641,0.0015907093924344,0.0008619545297463,13.4123922104421,45.3017426568339,13.179347959729517
6.0625,29.9962904410457,1.43228367018198,1162.55844789381,60.8304634019276,2431.29935343424,129.217132978529,425.763996425862,1.60142787417422,12.3097715663548,4.25748892619505,0.581396862626817,4.3188007121126,4.15281193378353,0.0884420858577135,0.0058259814487228,0.0031718090461874,13.6942561629487,44.9488706948614,15.0,3190.96369862192,90650.0,240,29.9983125160677,1.22026879147158,1166.20758296732,52.8681682786943,2440.31366913646,129.990867893909,427.747420562507,2.68791635214853,14.999559666193,1.68701464589753,0.543926963455894,3.88072112391467,3.78845659083704,0.020929028546075,0.0016782522212254,0.0009085935937228,13.4096918325814,45.2201460185682,13.663189883453427
6.072916666,30.0000990282228,1.40396103971497,1161.88336293645,60.0733363873686,2430.23936334776,129.214500188309,425.713700811654,1.6557436183558,12.5295156516556,4.25185560844977,0.577160263945444,4.27906268425288,4.12444875688815,0.0840351156065777,0.0055794929773533,0.0030297144089998,13.6692247161316,44.948141753091,15.0,3189.05430406847,67740.0,240,29.9980034704709,1.20419031288383,1164.27230447289,52.0880104585107,2436.46479722413,129.849907224113,427.246624218812,2.76018969216157,15.2549277945074,1.59317342281892,0.540809213261502,3.8369644574815,3.75751324409321,0.0194184929459355,0.0015428394412177,0.0008282573589411,13.3935513680012,45.1712527386863,15.331655540876065
6.083333333,30.0088262080656,1.3757023401017,1163.07974413374,58.8888967771212,2433.30810285719,129.447760821906,426.461562888797,1.69595889728126,12.7377888111604,4.16073961295935,0.564840369042457,4.21715472426199,4.09150796387981,0.0783086723517468,0.0052110503098848,0.002814256208833,13.7066738268493,45.029455493963,15.0,3192.16164222954,68305.0,240,30.000836744531,1.17683131198449,1163.49865111556,50.8361060296757,2435.13853293688,129.856899974587,427.234386575186,2.94268789829028,15.6085234838944,1.40673677907159,0.533126169811763,3.76783090617583,3.71107828801584,0.0167722881695093,0.0013530275024784,0.0007226400975426,13.3901510830884,45.1737169444428,12.649305800609376
6.09375,30.0140718185077,1.35335879373263,1165.53400525249,57.9656596675392,2439.06502058276,129.818968120517,427.736095687124,1.70243399190109,12.7643258078134,4.17513934102926,0.556078882057842,4.16833206298121,4.07949630164507,0.0778432712945548,0.0051808562472176,0.0027930060093577,13.7495950250948,45.1584672597272,15.0,3198.95866242762,68380.0,240,30.0055001959514,1.15503186830361,1163.85530107101,49.8606406253575,2436.19105815665,129.982960656162,427.666370504644,3.03855650298097,15.8038892145697,1.33871628233689,0.526295119647937,3.71424997693034,3.68274283513467,0.0158081040868356,0.0012930666619084,0.0006902406190593,13.3979815932176,45.2174805170989,15.179081250338754
6.104166666,30.0150475798089,1.32932984177616,1168.00369274958,57.0091324474262,2444.80365715987,130.197747534111,429.055800870405,1.71208494280377,12.7851398510022,4.16721734827215,0.54860266445147,4.11677900090722,4.06890427259638,0.0770665426855067,0.0051463401560493,0.0027729561051076,13.765169268638,45.2900646255585,15.0,3205.77007154021,66695.0,240,30.009331716411,1.13529109337186,1165.11144823262,49.005359346407,2439.15357625756,130.21415860382,428.4714828542,3.0904093113577,15.9245242244047,1.30373511425542,0.520191166463045,3.66727275747185,3.6620394780271,0.0153067413852113,0.0012618459288603,0.0006730218321105,13.4012809407346,45.2977258377,15.68300080022651
6.114583333,30.0142336167802,1.30434485869275,1169.69149546307,55.9416999467101,2448.73652914754,130.493117262113,430.104635926121,1.73279216824207,12.8574246296985,4.09032987547939,0.540822263166681,4.05857851512405,4.05380198086661,0.0744592070644499,0.0050071681804645,0.0026974087473377,13.7650390644992,45.3927381992991,15.0,3210.27016195864,65375.0,240,30.0114872701507,1.11529788529673,1166.67614915407,48.1496471467045,2442.72869604286,130.48590433937,429.427148984694,3.14938631986913,16.0278443671913,1.25527028907278,0.514047683408801,3.62008777284653,3.64304314701966,0.0146471107906996,0.0012166518207853,0.0006480476480192,13.4005447823617,45.3920352593263,14.979729762251642
6.125,30.0134671060719,1.27491046078637,1170.50730211726,54.6861427619861,2450.6701249555,130.69818297356,430.844170982612,1.77978577837423,13.023762983289,3.9104671491719,0.532841587043667,3.98971050339451,4.02825313920075,0.0686309936472361,0.00467732976019,0.0025186956063188,13.7472861292218,45.4641764743726,15.0,3212.15257519897,60210.0,240,30.0123565838127,1.09235230276095,1168.038543192,47.1636301945295,2445.78288028097,130.740822477231,430.339201206695,3.26276997937086,16.1671761995028,1.15200676082835,0.507442889935836,3.56529548350124,3.62005806471486,0.0133047870254901,0.0011149615620214,0.0005918336219876,13.3943998965431,45.4805106405312,15.27711806518938
6.135416666,30.0136779746601,1.247218832469,1170.79047138868,53.3916791360871,2451.28514013465,130.843139108568,431.399032562132,1.83324553307269,13.2089918609404,3.6848107989862,0.523771703564364,3.91865048145146,4.00127876051402,0.0622404129865311,0.0043009448135373,0.0023150619400591,13.7413292936835,45.5147882405565,15.0,3212.418187928,60210.0,240,30.0128099948859,1.06819027748218,1169.03341742043,46.1131871422912,2447.92200502496,130.952357815411,431.13610986131,3.42340715682145,16.3054330037172,1.03211894199176,0.500344467714442,3.50659107552602,3.59847253434353,0.0117934550563994,0.0010046582330839,0.0005316411254781,13.3904881366552,45.553947080626,14.937968408889228
6.145833333,30.0138388909923,1.21940690631626,1170.79628524157,52.1173763398985,2451.15725622396,130.955085509531,431.862626212682,1.90130156521765,13.3957618183228,3.41897132044108,0.516259878580438,3.8482977556167,3.97505519143418,0.0553140450059068,0.003895842785148,0.0020991832426095,13.7273283893245,45.5539875293579,15.0,3211.83196279274,56985.0,240,30.0131549030036,1.04455652627571,1169.68637999565,45.0749537699197,2449.18383189567,131.120252887542,431.820918042106,3.5985274438356,16.4195587429705,0.911782893114636,0.493522373650465,3.44823859468346,3.58125435995994,0.0103172472070114,0.0008931591789723,0.0004709652674938,13.3863438768844,45.6122653813424,15.015372899873723
6.15625,30.014229273121,1.19183779710492,1170.64977775452,50.8405285071312,2450.57204244976,131.047856936039,432.283233340915,1.98648588632063,13.5790300079352,3.10872587405981,0.508558569925642,3.77775209086044,3.95002253739078,0.0480634776460687,0.0034640907861909,0.001870967212121,13.7168929852663,45.5865718505722,15.0,3210.73500812921,56100.0,240,30.0134738575173,1.02097288457988,1170.05796607242,44.032266933395,2449.7029997387,131.250056589992,432.41571521736,3.80781825175377,16.5084086093054,0.788304350787853,0.486783058979477,3.38931813754815,3.56861537457952,0.0088429121364152,0.0007808187298104,0.0004101672356088,13.3824562086282,45.6574171678995,14.779702419294328
6.166666666,30.0144820144529,1.16489654190455,1170.41769490072,49.6066415399072,2449.66947889414,131.12543375605,432.683759027731,2.09043519423066,13.7355073360208,2.7787559660944,0.501277219757489,3.70938796007782,3.92947996411567,0.0410467797189147,0.0030449955809717,0.0016519823669208,13.70415130106,45.6139067105457,15.0,3209.33768612182,54490.0,240,30.013790143788,0.998485875950221,1170.22419157008,43.031668348275,2449.64578155513,131.348141235482,432.945756970979,4.02811731798602,16.5512219599537,0.674416660109838,0.480290709786456,3.33252666955112,3.56321481677025,0.0075134958141776,0.0006772454744959,0.0003544468639563,13.3790776874973,45.691624532621,14.937833401519573
6.177083333,30.0146565107856,1.13820852536369,1170.12258502195,48.3995419677201,2448.50627190739,131.190085005265,433.072043976742,2.21871229622427,13.8691704923684,2.44140511027408,0.494450591305262,3.64233430967771,3.91288258857926,0.0344959342295182,0.0026508078990639,0.0014476202128867,13.6901621129885,45.6367563313175,15.0,3207.69546315779,53135.0,240,30.0140611136653,0.976724260332831,1170.23825401291,42.059007986986,2449.13270757855,131.420335542078,433.430862489853,4.26466783861857,16.5516684150269,0.568673603169292,0.474026064937689,3.27707870431421,3.56460115293763,0.0063026212330651,0.0005807206869042,0.0003027970518681,13.375410351561,45.7169183580259,16.135919228348257
6.1875,30.0143811393166,1.11658286788851,1169.73881602793,47.3749379323534,2447.00607824638,131.228279480318,433.431731968556,2.3321224389512,13.8983007566725,2.18199200633955,0.488085535370093,3.58507461001865,3.91156405170939,0.030069725974169,0.0024029258177718,0.0013258115316872,13.6901204146507,45.6503801507052,15.0,3205.82266785468,56735.0,240,30.0142517233503,0.958658761349161,1170.12970758875,41.2374420578388,2448.22736439989,131.467344842989,433.875123603759,4.44968533618559,16.4675830976968,0.50244291985321,0.468460220327935,3.23009438827581,3.57813298261906,0.0055511134238958,0.0005242761543181,0.0002734263251883,13.3761519562441,45.7335271486746,14.333873841874498
6.197916666,30.0131068317022,1.09567099233194,1169.144973547,46.4360110712759,2444.96530743789,131.23576396053,433.714541101467,2.45783472405843,13.910293303431,1.94424491491777,0.483104944897615,3.53157122570542,3.91447581257125,0.0260508656831499,0.0021705320887738,0.0012091610246788,13.66783737932,45.6533606843601,15.0,3203.36246835189,54380.0,240,30.0140610633958,0.942926443475402,1169.88843018495,40.5150796235884,2446.92979018993,131.493376741684,434.275247216192,4.60325244653359,16.3435297396292,0.44555414360497,0.463693084096521,3.188453132887,3.5979720734509,0.0049138164942839,0.0004731024513912,0.0002466493497412,13.3736203793453,45.7428847802892,16.812714395517503
6.208333333,30.0120478454755,1.07665428342309,1168.21196299609,45.5455812083534,2442.1207578266,131.198307837822,433.871639018171,2.59290226349547,13.9100977075548,1.7352943088491,0.478252351254079,3.48024403434776,3.92038774922963,0.0227903964033517,0.0019937774459732,0.0011239921405836,13.6518854806629,45.6407226903601,15.0,3199.94172868305,55930.0,240,30.0135268897485,0.928162895742787,1169.46374578045,39.8296063990258,2445.14917852009,131.493179801324,434.61252232232,4.76347218337975,16.2027831162595,0.395334121680657,0.459216651169362,3.14849315375075,3.62137000166064,0.0043546615754333,0.0004291994412344,0.0002240434347534,13.3707187233989,45.7431773683688,14.798671249939042
6.21875,30.0108223060778,1.06093025938513,1166.97722395102,44.7878506007492,2438.56544060717,131.117384985498,433.912601246353,2.70139465077181,13.8674657703442,1.59378055853185,0.474250268830906,3.43570989293583,3.93320228766283,0.0206583171034114,0.00188688634682,0.0010746845830266,13.6367272941587,45.6129819245251,15.0,3195.73011248649,56715.0,240,30.0127709479957,0.915960884231506,1168.78696280851,39.2458697901665,2442.75143787332,131.459475862236,434.856018272653,4.87755437564108,16.0345009446149,0.363732751991991,0.455360112448064,3.11397623709673,3.64953018419588,0.0040032376536683,0.0004034268574536,0.0002111710972924,13.3691255842593,45.7318492838778,15.143677753668168
6.229166666,30.0094618261447,1.04824781154006,1165.61703932595,44.1489836998548,2434.69192148608,131.016803726419,433.901453477928,2.77993448739521,13.8090571921758,1.50514870610714,0.470830598462417,3.39737783089509,3.94907681298854,0.0193742416003446,0.0018329962602106,0.0010525365719304,13.6210119286099,45.5784078537851,15.0,3191.21595717751,58120.0,240,30.0118054920373,0.90598346939926,1167.87081707993,38.750361659393,2439.78422868177,131.396413407001,435.008848105944,4.95418564168028,15.8594905415716,0.345155734162065,0.452099917623673,3.08413267580068,3.67953450833091,0.0037961485081578,0.0003902300515279,0.0002049243571571,13.3674707104596,45.7103246091965,13.899275295158503
6.239583333,30.0081721107116,1.03696540640364,1164.14831728937,43.584509897772,2430.55610856924,130.902867828289,433.844594510261,2.8451917907259,13.7663779218271,1.43932538341437,0.468019241494503,3.36288664305568,3.96339612323197,0.0183911959553083,0.0017862417030196,0.0010308491915042,13.6010395291154,45.539185586142,15.0,3186.4316877608,57610.0,240,30.0106877582982,0.897332509946518,1166.76682190373,38.3086023773226,2436.3754204633,131.312287391942,435.089808041274,5.01327749307457,15.7024345985903,0.330799108205833,0.449287194773583,3.05701540751011,3.70794468171707,0.003636297955715,0.0003791291974427,0.000199363786527,13.3645643313341,45.6814741975954,15.330422650408849
6.25,30.0072878155245,1.02826573984637,1162.62886485702,43.1112931100195,2426.27327110861,130.78024580884,433.763785323211,2.88847864542219,13.7195996825359,1.40171940983138,0.465365001964879,3.33351688511194,3.97841299575617,0.0178739459614272,0.0017751265034881,0.0010292015442397,13.5871071313804,45.4969269185204,15.0,3181.54079034467,59220.0,240,30.0095871927617,0.890121985920755,1165.50618225813,37.9244424404132,2432.60090879303,131.210794188046,435.109012034185,5.05454213368832,15.5635570310037,0.323240409576466,0.446814891977199,3.03296753830328,3.7345068479342,0.0035509566167322,0.0003756674753207,0.000198006290743,13.362499882452,45.6465785324298,17.408718325940782
6.260416666,30.0063272870249,1.0225353035295,1161.18090700577,42.7633010615183,2422.10125771802,130.662006055896,433.702937784695,2.90151041465669,13.6600489737454,1.39208805785897,0.463457065466189,3.31110720465912,3.99532801883249,0.0177630683077216,0.0017862713917201,0.0010386493217958,13.5735828159665,45.4561912538819,15.0,3176.89995065984,60525.0,240,30.0085387356319,0.885102252053576,1164.13527285841,37.632342877004,2428.56540387036,131.097417582288,435.081208868512,5.06281718464761,15.4350303270095,0.323988840414869,0.444928889557766,3.01407849682186,3.75998159410378,0.0035568164034415,0.0003806143184637,0.0002011248600393,13.3611437101967,45.6075340617381,15.759156357685637
6.270833333,30.0057130174863,1.01499711829728,1159.85680629002,42.3994449090346,2418.17948950259,130.561690205055,433.686720584342,2.94861347516972,13.6486950265274,1.3501087043246,0.461921299204689,3.28793851370538,4.00550208774313,0.0170742209086709,0.0017347935313271,0.0010087746610155,13.553144030185,45.4216837982644,15.0,3172.57937646698,57145.0,240,30.0075671883076,0.879606419707388,1162.78136164563,37.3274315410587,2424.54832548745,130.987768707183,435.05879093176,5.10039491962115,15.3477083488762,0.313343686726387,0.443188406232886,2.99434136730375,3.78019108874575,0.00343938338258,0.0003687951674232,0.0001943594422908,13.3570906067199,45.5697767734991,16.664674816197305
6.28125,30.006209608849,1.00761136723587,1158.70117262853,42.0284685353629,2414.58289232468,130.479476472018,433.736498721405,3.00785383479603,13.6373303974195,1.30450209763415,0.459753419967985,3.26512420655526,4.01472881709731,0.0164104513506557,0.0017001596581582,0.0009910439153871,13.5453826250599,45.3934408738027,15.0,3168.69146216685,57285.0,240,30.0069772435158,0.873448370973616,1161.49680761789,36.9970639082787,2420.65525921849,130.885390945715,435.062980383067,5.16244034978886,15.2858836369158,0.299824704740424,0.441206487158114,2.97324193176694,3.7970428184551,0.0032902465720234,0.0003557190856156,0.0001872770752258,13.3544785999092,45.5345516844979,16.054916395944378
6.291666666,30.0066558290816,1.00351629444871,1157.77918391674,41.7751006549728,2411.43381500928,130.417294202678,433.873881881364,3.02130764968657,13.5734966206685,1.29769649088891,0.458036188349564,3.24935065551163,4.0303246030597,0.016343598823354,0.0017133937002031,0.0010013321936109,13.5448231137193,45.3721535914862,15.0,3165.48857194239,59130.0,240,30.0068055861429,0.8692670963049,1160.28662135203,36.7514639580618,2416.89102695132,130.789771420189,435.091529534944,5.18104951188362,15.2107737576541,0.29886199190755,0.439606203694935,2.9573080395683,3.8152504150443,0.003277659401293,0.000358451192859,0.0001891503414576,13.3547152559393,45.5016621007714,15.587256046176478
6.302083333,30.0062836451609,1.00149354888241,1156.96703838762,41.6146155355387,2408.4912516429,130.36499639103,434.050077366013,3.01209180145641,13.4929670507249,1.30520718870254,0.45716793945868,3.23865128235375,4.04809262974829,0.0164728444847678,0.001732885959584,0.0010138860026128,13.5399749021438,45.3543165638805,15.0,3162.63172191524,60105.0,240,30.0066975778891,0.867065882120487,1159.1900640525,36.5953325498635,2413.34644865393,130.706652938877,435.159415818862,5.16951471249764,15.1250262911677,0.303510144074502,0.438640929083872,2.94673074894201,3.8343386364474,0.003326901064831,0.0003663136394233,0.0001936713593432,13.3548458961314,45.4730995952872,13.769896853913261
6.3125,30.0057607518623,0.997516822030252,1156.04697174125,41.4127059723117,2405.32623357159,130.304563994668,434.185350203026,3.04102227404341,13.4564301844084,1.27920915475723,0.456553038465362,3.22541990288974,4.05993652490615,0.0160493829936603,0.0016966870066846,0.0009921524635579,13.5282202186061,45.333659431752,15.0,3159.45711368595,57440.0,240,30.0064218690114,0.864315194739022,1158.19489093263,36.4247044641449,2410.00665758167,130.635705826965,435.266663774579,5.18870523893581,15.0583675945992,0.297401389745555,0.437799340203035,2.93532216776341,3.85065099165475,0.0032599902160647,0.0003586647183813,0.0001891755815644,13.3525338695357,45.4487673566868,16.280539831334085
6.322916666,30.0059268474383,0.99374868599078,1155.03125141153,41.1951633654378,2401.94958908685,130.232572352743,434.285672467495,3.07773266964728,13.4209972192104,1.25357186409714,0.455410763882153,3.21161181452614,4.0711891642723,0.0156921731733835,0.0016811734757378,0.0009847311171507,13.5254801882209,45.3089693766573,15.0,3156.00241354554,58065.0,240,30.0062057151294,0.861074239821135,1157.2163710117,36.2335762707565,2406.6919189866,130.565635830678,435.381302975774,5.22603505181366,15.0012431784598,0.289755598927198,0.436764428773628,2.92276865305645,3.86557772348608,0.0031758401413627,0.0003514889574332,0.0001853394106269,13.3512999260313,45.4247512315903,13.956930349640766
6.333333333,30.0060434137496,0.991250974568314,1154.09628074086,41.0287553184975,2398.72976664077,130.167473366646,434.415805032682,3.09003594845863,13.3675502183917,1.24831384926853,0.454622601901726,3.20085379379188,4.0844351676943,0.015608409851386,0.0016804980250286,0.0009848788045125,13.5245416283414,45.2866651357668,15.0,3152.79355967642,58160.0,240,30.0061332296948,0.85871304909272,1156.23142137134,36.0789728154707,2403.35296203677,130.49386990376,435.492002013099,5.24082333496755,14.938088505782,0.287981179255743,0.435916886731532,2.91243631437279,3.88096397242562,0.0031553273286651,0.0003510109639717,0.0001851493850126,13.3512160389753,45.4001401610723,14.895130832118324
6.34375,30.0060430113598,0.988558173299521,1153.26093092394,40.8659692686838,2395.71861665016,130.115096455084,434.583987216871,3.10215182894394,13.3255103721942,1.24409684844289,0.45401029797381,3.19041016704343,4.09575595191657,0.0155180795036332,0.0016721633183986,0.0009792367581396,13.5221025507916,45.268760386207,15.0,3149.86002067571,57410.0,240,30.0060990398989,0.856463338641918,1155.2907841887,35.9314215120713,2400.1014303733,130.427433851799,435.6196213144,5.25455857199847,14.8809969840072,0.285758063497573,0.435182543143787,2.90260097655913,3.89517355758102,0.0031301553508563,0.0003485203375336,0.0001835976105259,13.3506625461874,45.377369564385,13.859869789928846
6.354166666,30.0057486073313,0.989465891901925,1152.41899032281,40.8025224054482,2392.67711608168,130.057850812153,434.745875429186,3.06546946411968,13.2503894766962,1.28319922923979,0.453594799723167,3.18554968424138,4.11135560105246,0.016125194452396,0.0017314314293553,0.0010146583945769,13.5261899326232,45.249137342988,15.0,3146.9636192957,61350.0,240,30.0060510978679,0.856122746618386,1154.36993604814,35.8618313302275,2396.88722814802,130.363204348058,435.750948792608,5.22922039089687,14.8114215982849,0.296059008481473,0.434824950479079,2.89738654203234,3.91054802380934,0.0032404312514635,0.0003633350905454,0.0001920231012109,13.3521223382629,45.3553432649042,14.479370685920257
6.364583333,30.0046169191669,0.990401182512213,1151.43284628963,40.7755556505707,2389.35039500626,129.987067816998,434.846919568758,3.02627996380416,13.2038413341141,1.32028865232212,0.454194359598161,3.18213835970854,4.12340294355443,0.0166034444437196,0.0017520857201016,0.0010232328873053,13.5187655992919,45.2247905603939,15.0,3143.71318116946,59890.0,240,30.0057048936631,0.8568794485192,1153.44043657975,35.8419217303006,2393.66247451279,130.300299677966,435.875420747329,5.18806073904268,14.7508216029366,0.306440385871613,0.434980052224308,2.89496591332166,3.92433543855106,0.0033525254097066,0.000373645361747,0.0001972231458741,13.3517449168806,45.3337409949723,17.242186461612462
6.375,30.00407657494,0.990280005366328,1150.16699404716,40.6943645540345,2385.46652851912,129.888935118433,434.839147560374,3.01703788782428,13.1992361562819,1.33932580647772,0.454572333170136,3.17555016189884,4.12968319823447,0.016831484078431,0.0017584779321234,0.00102395403387,13.5137362974129,45.1908905038947,15.0,3139.68514522726,59445.0,240,30.0051679703596,0.856640819355445,1152.44760792103,35.7799550065862,2390.31948689748,130.232445471741,435.975477810867,5.18143139401589,14.7215124985323,0.308882696580589,0.434987092880946,2.88993172495413,3.93395167791755,0.0033784159394808,0.0003742809496768,0.0001970422508091,13.3503273396087,45.3103975750424,14.25412341888906
6.385416666,30.0031393697853,0.999325167502867,1148.62226170265,40.8363830754307,2381.02013569674,129.748803681134,434.712109794391,2.89723430117898,13.1077588503988,1.4764518630868,0.456659312650454,3.1811666546699,4.14742017712876,0.0189516801403296,0.001923485809073,0.0011178490791948,13.5244707817191,45.1423288147019,15.0,3135.06151707379,68460.0,240,30.0046136374288,0.860685654454344,1151.22327672877,35.8801267244575,2386.51292922195,130.138290179477,435.975457359704,5.08160105903803,14.6654906224289,0.344793794116726,0.435887276608889,2.89415892798924,3.94664781023465,0.0037664438939877,0.0004185080347114,0.0002216637920635,13.3540333702675,45.2778621872479,14.087602518276306
6.395833333,29.9963654339717,1.03370685985289,1146.27670427254,41.6407438054831,2375.01809214369,129.493628847207,434.224104034906,2.53594296466219,12.8473796809952,1.93733155328599,0.468213719626374,3.22104521523484,4.18929570090355,0.026764083157826,0.0024459065035282,0.0014034064318739,13.5323463447113,45.0536296177051,15.0,3128.78017704115,90250.0,240,30.0025311744474,0.879490717423494,1149.46959238274,36.5479039004829,2381.68415264916,129.984709795119,435.733685533858,4.68072665984636,14.5156328646579,0.494483334213395,0.441155330875068,2.93034827520963,3.97069973656061,0.0054031830688329,0.0005868389445266,0.0003143855864048,13.3643461917487,45.2245269857872,13.892251279026556
6.40625,29.9846545835925,1.07477883642547,1140.82515140374,42.7701814418299,2362.80416274511,128.884175087713,432.440249085209,2.20853236423782,12.7095483158414,2.59807301789967,0.490403211937339,3.275303244048,4.21748440535694,0.0387708036513191,0.0031052584644933,0.0017265986282318,13.4967941725543,44.8414033562898,15.0,3114.42399233992,92530.0,240,29.9958100965039,0.907779518713438,1146.4420494952,37.5714764266971,2374.41440584643,129.697917309077,434.946446705958,4.13635826691218,14.4433417693302,0.740064719581182,0.451878369450556,2.98447582729543,3.98480761718508,0.0081497195136538,0.0008123261227629,0.0004320795549872,13.3625299430147,45.1246452107786,14.14417851606497
6.416666666,29.9808352233504,1.11882719479896,1132.73344814528,43.9849945469738,2345.28696881156,127.975519491105,429.548610611319,1.99714104256171,12.6703360647273,3.34655145855287,0.511549275452926,3.33487597639627,4.23123861244294,0.0542496512864291,0.0039590353099086,0.002147799292523,13.4898056844545,44.5245977241988,15.0,3093.04060449782,95590.0,240,29.9885489105094,0.937341758336174,1141.16947076435,38.5749101718907,2362.70386743247,129.166222605294,433.22816063597,3.66990677458275,14.5560693500809,1.04757041285375,0.463412260575519,3.03558521677877,3.97552611764102,0.0117132245894462,0.0010853126211472,0.000573549652384,13.3597638003596,44.9393448237613,15.084018033005133
6.427083333,29.9814221275863,1.17541025044944,1126.6808286762,45.6558020830558,2332.24706298349,127.284348102238,427.348135553935,1.81423341634913,12.5165137487799,4.29517916759101,0.538111406153319,3.42333163503465,4.25436497378417,0.0773550023539064,0.0052253123380012,0.0027904673005446,13.5274307717193,44.2827528290791,15.0,3077.624197671,102800.0,240,29.9845492429228,0.973793793062835,1134.55558003332,39.7945095085099,2348.4426951294,128.47693048579,430.904210875095,3.19833858555107,14.7064476806969,1.51512003739963,0.47739852635725,3.09885642504338,3.9601038004835,0.0174799850553786,0.0015188487627403,0.0008019977062384,13.3685417585964,44.6989255877375,14.840241642211263
6.4375,29.9810907731307,1.24170853888065,1125.33202299407,47.924804245028,2329.1635996833,127.111332422422,426.84227469125,1.65860836050786,12.2320531038897,5.41165725177772,0.570052318380302,3.5509920695855,4.28792994139232,0.10927055068946,0.0069443060152502,0.0036923098073611,13.5927551069073,44.2203419432979,15.0,3075.44578198453,109310.0,240,29.9827439714247,1.01944732334306,1129.52301927401,41.4526388893833,2337.73183392545,127.949913551533,429.080289011443,2.73677606778572,14.7661741562346,2.21495676465045,0.495373732794721,3.18939964428229,3.95289005762669,0.0271817929188691,0.00220842481729,0.0011683988739928,13.3876229390898,44.5145585786514,16.794317789570176
6.447916666,29.9796985199288,1.3176780736634,1124.94679842893,50.6486855561115,2328.11137959357,127.034117716447,426.581996906182,1.53808437123418,11.8890585372878,6.56245814206041,0.605406164107134,3.70802356739105,4.32404124673986,0.146341877114594,0.0088874648801593,0.0047509368887678,13.6734006370367,44.1905910149053,15.0,3076.13517691211,116135.0,240,29.9813409017905,1.07301591019749,1126.99372670901,43.5795858147878,2332.41895304027,127.68106532011,428.09832502315,2.35986136275036,14.6793158566185,3.12973514704281,0.516827824614648,3.31028773627016,3.96029666957516,0.0424993690220078,0.0032230453525165,0.0017078145502768,13.4143589645739,44.4194526000642,15.05167589752713
6.458333333,29.9794363860255,1.38778214013434,1123.58171425778,53.5792731828671,2324.91809018872,126.840626895028,425.824385608843,1.46365740186715,11.6008015707089,7.55238784875851,0.636058663463393,3.87930600428965,4.35044813644101,0.180244198389298,0.0106235520202124,0.0057326376223771,13.7487251656958,44.1201704202014,15.0,3074.14819541507,116895.0,240,29.9800862001996,1.12848888127497,1125.31639962397,45.9649531040237,2328.94074180737,127.487051195351,427.327027990829,2.10723911681041,14.5085197630323,4.10137406327181,0.53879431632308,3.44894850528196,3.97458416113831,0.0629040867862165,0.0044831891347562,0.002377138029262,13.4411778661817,44.3497015215675,13.994232682231129
6.46875,29.9823283099965,1.44706997528116,1122.59602428706,56.5236937384769,2322.41590525684,126.697123784997,425.145509366282,1.4185352450884,11.410508081077,8.24921662065607,0.654131342049325,4.05244295703187,4.36338976705746,0.205325229615078,0.0118778332543998,0.0064657734203892,13.8106209888515,44.0673086009824,15.0,3073.08417377598,116290.0,240,29.9805900261466,1.18103518090628,1123.88850168742,48.370438689635,2325.94008473649,127.312643592291,426.561812385917,1.95753799724995,14.351741400708,4.9325502626229,0.556901879007869,3.59078595884219,3.98422693499309,0.0846308350772842,0.0057522173463673,0.0030561755255951,13.4638291471198,44.2862176621719,15.548420830462586
6.479166666,29.9857299335958,1.50030142599262,1123.02925878013,59.4505781518945,2322.77858687222,126.722726232691,424.983366991982,1.38510467731629,11.3024495595977,8.59827494738973,0.662888106548769,4.22419030632261,4.36618052014711,0.221452334577424,0.0126866137991905,0.0069602663768405,13.8484061332742,44.0735521305484,15.0,3075.7785518696,116360.0,240,29.9828421978688,1.23140539498899,1123.19152766442,50.7746608691029,2324.38864332683,127.218151155215,426.017616661488,1.86421237763837,14.2259150134722,5.53374584509552,0.571218780993744,3.73317692564335,3.98846168558921,0.104097341868357,0.006844358383844,0.0036518037540791,13.4804950857953,44.2503017572928,14.537952610861803
6.489583333,29.9880778307548,1.54934618940583,1124.44534038432,62.2651836498657,2325.06783790319,126.863349171786,425.179225049391,1.36037842213397,11.2755887018757,8.59250405506043,0.667139216349635,4.38916551626936,4.36027891102987,0.228774159828102,0.0130759280799729,0.0072220681266453,13.8570468253268,44.1201382349246,15.0,3080.9558057951,115775.0,240,29.985406322036,1.27974134051551,1123.56128040851,53.1440309590497,2324.9572774873,127.243835428885,425.846542143865,1.8042824073849,14.1460569641106,5.84106747778326,0.582969657706393,3.87358551110662,3.98709224903406,0.117460852529851,0.0075779595605537,0.0040661620012525,13.4883033925969,44.2563593907617,16.330049578802786
6.5,29.9902401989881,1.59195228128735,1125.85462718377,64.7950944675784,2327.33300156027,127.006052589764,425.368355163206,1.34554264631618,11.3152573183936,8.38085855380988,0.669572647722887,4.53729067604406,4.34751709362354,0.228860746776088,0.0131069107973368,0.0072721706245665,13.8485717659352,44.1677358641284,15.0,3085.89365012154,113505.0,240,29.9876919744909,1.32403185503591,1124.57386761719,55.3318386058628,2326.78153019414,127.344549219705,425.907231903955,1.76969934297672,14.1390369233643,5.85947472989141,0.592755726280423,4.00340430217315,3.9779262022248,0.122082604354696,0.0078298118584395,0.0042233660526756,13.4878403576984,44.2889959162102,16.342436097647195
6.510416666,29.9946032687669,1.61020086633041,1127.12459480516,66.5990272086561,2329.60599515744,127.154912722363,425.569330980193,1.35581800174204,11.4436214989398,8.02505637456941,0.665357725081272,4.64294961854238,4.32349027401256,0.222512180888891,0.0128034045795383,0.0071128716758019,13.829299363154,44.2176782346792,15.0,3090.20365433136,102305.0,240,29.9903210889053,1.35526699455243,1125.70342569223,56.9073240919268,2328.93892055605,127.479233584098,426.054820542866,1.7665634722229,14.2856272683622,5.60733223645592,0.598039618691779,4.0977850847106,3.95030455895078,0.116016068154889,0.007502469407413,0.0040591444498798,13.4764840220428,44.3340798004879,17.937995310795458
6.520833333,30.0008878056472,1.62267713736967,1128.87442768694,67.7390233332534,2333.3608394581,127.389873423567,426.08122136728,1.36477722730257,11.5829744447751,7.58107487945855,0.656484606896378,4.70716460751861,4.29713795061858,0.210582934844656,0.0122233211760242,0.006785344781294,13.8315577190864,44.2980587597494,15.0,3095.80758302167,98870.0,240,29.9946749913934,1.3752439255107,1126.98067549355,57.8640999445178,2331.63766176038,127.654883947168,426.337242283619,1.78493830776374,14.5237618595608,5.18797497564906,0.599021032322732,4.15522716453466,3.91127235052712,0.103047128371205,0.0067792106632682,0.0036716823798358,13.4688775633979,44.3940133416928,14.610637112955638
6.53125,30.0038251508776,1.63294151045704,1131.05143035316,68.5406843250902,2338.31474719172,127.692660060843,426.842845074585,1.37137532658941,11.6992100709531,7.09657326283531,0.650304945083225,4.74959290246167,4.27345423277016,0.196932094394283,0.0115646363383415,0.0064150144907232,13.8342301328254,44.4025180597297,15.0,3102.63366379885,96950.0,240,29.9990385339893,1.39022104565269,1128.64558706414,58.5727069809497,2335.38531525116,127.886432559639,426.836917354358,1.81284505421349,14.7224322691212,4.72807601261313,0.599419197182999,4.19603939406262,3.87727330588328,0.089282824331179,0.005991449978449,0.0032476399270233,13.4654223849212,44.473843305467,15.145451018431773
6.541666666,30.0040673105518,1.63974920439814,1132.90992542807,69.0146578814493,2342.70047452287,127.967866510237,427.52222002045,1.38141085296695,11.8278180905194,6.58980170138177,0.645894486185719,4.77342986983306,4.24949693481542,0.181647266360266,0.0108143551628196,0.0059920489592832,13.828280463947,44.497900979021,15.0,3108.45978400658,95830.0,240,30.0017199879839,1.40061515255991,1130.49727475725,59.0733851815521,2339.69832108036,128.147899642465,427.464790887853,1.85275012391718,14.8811819082479,4.25286886778126,0.599552406454665,4.2236143679069,3.84886186115589,0.0758603935990151,0.0052010851603574,0.0028214629596888,13.4608929888336,44.5644935225609,16.216675936206613
6.552083333,30.0033603771159,1.6435361980144,1134.0811707982,69.2090358456473,2345.67475486374,128.165630373813,427.952683165755,1.3966582835908,11.9704435642574,6.09357911687623,0.64326018259513,4.78210452858284,4.225616329503,0.165279604899391,0.0099902076242537,0.0055262340715454,13.8177606718804,44.5668489722038,15.0,3112.23759301452,94865.0,240,30.0027549101009,1.40658092745472,1132.14010017348,59.3661388042136,2343.65842506962,128.389437957121,428.048916864773,1.90794802353174,15.0162117241011,3.7810613333082,0.599499965633687,4.2389922480689,3.82466226176431,0.0634344627323506,0.0044450961130651,0.0024127466410352,13.4550739246252,44.6485773358475,13.500504562561092
6.5625,30.0034661376127,1.63829587316143,1134.67941276103,69.029128670314,2347.5439801037,128.301532852374,428.187622489969,1.42599288013065,12.1417569047927,5.60961513887145,0.640105963166889,4.77057525315528,4.19931908007029,0.147278012968165,0.0090603739735823,0.0049998979480136,13.8019286623599,44.6147330115754,15.0,3114.26730741672,90015.0,240,30.0030046378565,1.40504967805588,1133.32525979423,59.3169359335689,2346.73188687185,128.584970486104,428.492468981136,1.98970915465305,15.1763384894854,3.30104379974956,0.598396006331084,4.23523189224402,3.79846125298183,0.0516781550903831,0.0037024738269563,0.0020089003783056,13.4455484671064,44.7169704977948,14.430277087952291
6.572916666,30.0036172061489,1.64162002720966,1135.09690558296,68.8835377304096,2349.09059623845,128.408669992127,428.369217742901,1.43862759583183,12.2279953585813,5.22406032875477,0.637978197284793,4.76010005533661,4.1849682598951,0.133001438233472,0.008293818884836,0.0045662027069432,13.8097246934156,44.6528735757155,15.0,3115.87635064693,96320.0,240,30.0034511373005,1.40342794515146,1134.15293354826,59.2542339590451,2349.07350164736,128.730485997167,428.809016480927,2.07614494581692,15.2554653184556,2.90637107506776,0.597297802077442,4.23037556585113,3.78405760199365,0.0432328701523525,0.0031601712722788,0.001715706182085,13.4458206273867,44.7681317197753,15.930528584814253
6.583333333,30.0012033062339,1.64118690062286,1135.04459368458,68.765115722828,2349.64945629193,128.451050722237,428.354584233656,1.45954792670672,12.2922291878778,4.89938035234185,0.638995990135571,4.75142892663948,4.17530663690388,0.121681064738724,0.0076925220013008,0.0042328400493437,13.7934214225877,44.6685641492416,15.0,3116.20002360336,93945.0,240,30.0027829010417,1.40260142618881,1134.67045530642,59.2579838857916,2350.7880615659,128.82956382528,429.006642011973,2.15708156704746,15.255154688048,2.60364840323663,0.597457228714054,4.22883930008244,3.78142415621242,0.0372238431279753,0.0027661203603495,0.001503289803544,13.4424697104715,44.8032868256917,18.423820909249734
6.59375,30.0010013423888,1.6348169801396,1134.22097108919,68.3903345290784,2348.64102234241,128.401778864696,428.052951982148,1.49080818896412,12.3753004212084,4.60197851310405,0.637793964481077,4.72938126173512,4.16434336472492,0.109728214490756,0.007033920495765,0.0038641892490202,13.7794795742619,44.6525759936787,15.0,3114.2697261009,91660.0,240,30.0018126404406,1.39633153061508,1134.63930460746,59.0051689778645,2351.40291289604,128.866216682013,429.009144142025,2.25936513359678,15.286875427565,2.3142356986325,0.596509048940595,4.21336997205975,3.77591300541237,0.0317858602632593,0.0023978257189319,0.001302473471281,13.4351485286561,44.8168306320485,12.883025177895131
6.604166666,30.0023962347911,1.62329020485671,1133.85587894962,67.863947151668,2348.69102004554,128.405041905147,427.958021848223,1.52601686129216,12.4375159572061,4.34193304003524,0.634467550707699,4.69906554038818,4.15578506982421,0.0989498360833985,0.006428577974713,0.0035258774460428,13.7736656978551,44.6549288774034,15.0,3113.5716290832,88565.0,240,30.0017519689358,1.38545892395418,1134.28370814103,58.5425274005316,2351.38639844316,128.864799564792,428.90722397008,2.3784619464636,15.3289426570267,2.051245458281,0.594182907354219,4.18633549330582,3.76978722649194,0.0271669519584459,0.0020793386203675,0.0011282317175712,13.4293602244753,44.8171874342369,15.396779472019114
6.614583333,30.0039866299088,1.60925559836095,1134.35743943905,67.2651019222555,2350.63088556865,128.508496317093,428.23415908227,1.55721382726276,12.4612129907171,4.12413895895774,0.629320360368432,4.66467587489972,4.15165045238811,0.090292229673344,0.0059341288190661,0.003250568017727,13.7751727388662,44.692103730319,15.0,3115.26613954473,87500.0,240,30.0025455253083,1.37203204129805,1134.18380949905,57.9814839742622,2351.95094736128,128.890546680246,428.928444670061,2.50139379422993,15.3461612537215,1.83182930528011,0.590763786401514,4.1538209605597,3.76706186758895,0.0235719352679374,0.001831042570268,0.0009928473601713,13.4265941315474,44.8270112519258,15.09335245478631
6.625,30.0043931474344,1.59495379791606,1135.17052521733,66.6634177524668,2353.20244148832,128.645443365909,428.656807652967,1.58326775866762,12.454055093869,3.94115317857989,0.623426417230472,4.62980616935632,4.15194880529874,0.0837292709037007,0.0055603896444255,0.0030450169748772,13.7726966130858,44.7408743940241,15.0,3117.80963240326,87475.0,240,30.0034292883624,1.35876550307769,1134.49418601191,57.4433308343455,2353.38896736641,128.959258758857,429.12946849511,2.60939402978864,15.3134737137993,1.66814613468707,0.586914032677985,4.1224704165958,3.77096813384416,0.0210327116570396,0.0016566207997957,0.0008983975910297,13.4252895526324,44.8517859362353,15.58703163705616
6.635416666,30.0039903328774,1.57852807817461,1135.77490705559,65.9845071972108,2355.24869235107,128.757099877444,429.016781952718,1.61437406235465,12.4628086099288,3.76362243681187,0.617323512042053,4.59065946143341,4.15141851039603,0.0774437327378225,0.0052024760974042,0.0028496661865672,13.7577762896647,44.7808762578687,15.0,3119.67214851892,85670.0,240,30.0037893254653,1.34470328942269,1135.0054791875,56.8761382840244,2355.22455763823,129.049912840944,429.431032723756,2.71212201204182,15.2663134323582,1.52935205217933,0.582728478520988,4.08946344073776,3.77722610465851,0.0189552284938862,0.0015102774440898,0.0008186988743917,13.421067609413,44.8842085913135,15.178517238786164
6.645833333,30.0036136022202,1.56357845388165,1136.04887488177,65.2823659066037,2356.50304028203,128.827354885361,429.261834099917,1.64169560211138,12.4713837571688,3.6181203305326,0.61170431759924,4.55009686302782,4.1518922710568,0.0724697509131947,0.0049128686000347,0.0026912135001539,13.7447790111752,44.8064523693061,15.0,3120.54744181874,86365.0,240,30.0038066116436,1.33063471653235,1135.46894717227,56.2951363920128,2356.8905538111,129.132530599547,429.731196979274,2.80958146249527,15.2107340285463,1.4162937919245,0.578469762944428,4.05565741136791,3.78541073516907,0.0173206015856419,0.0013963164164375,0.0007568347906275,13.4173520924148,44.9138536341895,14.715675048797985
6.65625,30.0030268211612,1.54743078989446,1136.03480123192,64.555594630834,2357.09767879403,128.862817227948,429.404795013058,1.66970744336062,12.4888730249969,3.50992452485964,0.607151032842645,4.50812711419153,4.15175362370109,0.068506005620477,0.0046814448299317,0.0025644260687815,13.7274990240335,44.8198674307645,15.0,3120.58166574642,84490.0,240,30.003530226163,1.31646315549305,1135.75799096566,55.6965294866879,2358.1185990628,129.193877057375,429.978050289151,2.8967076736188,15.160794413043,1.32670966256564,0.574434550288433,4.02078825855149,3.79360993480299,0.016045557444001,0.0013049078497685,0.0007067245255534,13.4125244173664,44.936101235415,13.969254737049166
6.666666666,30.0031312341764,1.53046771739113,1135.857292511,63.7744479182698,2357.34388437847,128.880590984604,429.500069717339,1.69548739556739,12.5106446727878,3.43429313425845,0.602616606127689,4.46332315986335,4.1507821681813,0.0655115468344879,0.0045023710831136,0.0024650386742323,13.716754852109,44.8270355043281,15.0,3120.13749076051,83460.0,240,30.0032981322974,1.3012105833136,1135.84570230773,55.0329823477165,2358.8756793671,129.2336574875,430.163265548298,2.98067356943684,15.1331976296065,1.25288152403221,0.570225560414259,3.98232274649489,3.79927605237536,0.0150099213210572,0.0012308097711187,0.0006658489051272,13.4082424646373,44.950815646255,13.228871142960173
6.677083333,30.003457487211,1.51335950359241,1135.70785474298,62.9845142279689,2357.66758093364,128.90277193432,429.623357393696,1.71748903552282,12.5209284670923,3.38349241895729,0.598385322551651,4.41809093291712,4.15070859225033,0.0633666313381298,0.0043749223704571,0.0023941161024787,13.7115791412847,44.8356396877778,15.0,3119.79128919029,82225.0,240,30.0033007439355,1.28577583001597,1135.80901747833,54.3473749931386,2359.34376814619,129.260940601027,430.315354857374,3.05128256960119,15.1157005318888,1.19898303733446,0.565958631851359,3.94263535256663,3.80356506476924,0.01425725462442,0.001177284623588,0.0006361740974459,13.4055533365938,44.9611277537407,15.294969401098026
6.6875,30.0039485951294,1.49495685990236,1135.63433599832,62.1510601555665,2358.1899400618,128.937092419576,429.796574076409,1.74089845882934,12.5279834254216,3.33879941917677,0.594382246944679,4.37065642781826,4.15028918415608,0.0613277631608066,0.0042529414617221,0.0023258703320911,13.7102380428785,44.8484119617553,15.0,3119.66806100507,80185.0,240,30.0034889963222,1.269475233527,1135.7394018569,53.6186399773398,2359.74177986013,129.28821989986,430.473281661837,3.11874818772471,15.1119389886983,1.15082239897267,0.561557282191171,3.90060851466947,3.80565531322944,0.0135903994070768,0.0011285509350253,0.0006088227828933,13.4033359371069,44.9713791444551,12.133507228352666
6.697916666,30.0046129282358,1.47569458418519,1135.63949631317,61.2903220594843,2358.91973806324,128.98386197052,430.02218355958,1.76107981377459,12.5220517746161,3.31453943290606,0.590129542511666,4.32188567158944,4.15064119783667,0.0598830558541016,0.0041640495438966,0.0022748763072089,13.7159627143025,44.8654305767626,15.0,3119.79077440707,79030.0,240,30.0038758690243,1.25256554231994,1135.68932061538,52.8612971284685,2360.19285584738,129.321388205538,430.658158402131,3.18245480379255,15.1118264173784,1.11126122740297,0.556976420570399,3.85708285144021,3.80667019810249,0.0130443323015696,0.0010894350655024,0.0005867271432821,13.402724071634,44.9836185861928,15.900083030972935
6.708333333,30.0050459589919,1.45575048168628,1135.68515822056,60.427566255562,2359.73243221566,129.038292899097,430.282825229898,1.77778162851295,12.5088573970832,3.30568740283318,0.584889766364114,4.2730668358477,4.15147090008965,0.0589658922864012,0.0041095623214915,0.0022430583865084,13.7212708789024,44.8850198017132,15.0,3120.03847096686,77825.0,240,30.004332165373,1.23575760171501,1135.67787149626,52.1079416442022,2360.73447085878,129.362596601088,430.876222669086,3.23309515432868,15.1084068648845,1.0847514670944,0.55216486571054,3.81385176140462,3.80744392047089,0.0126719702804548,0.0010635352955784,0.0005718953370603,13.402814676123,44.9985851283343,18.150645750573844
6.71875,30.0052046722149,1.43594613201681,1135.6977498004,59.5754704789578,2360.40287143927,129.091006556018,430.546292164286,1.79396413663522,12.5009745196074,3.28732607969254,0.578779588295413,4.22484046926022,4.15184507766946,0.058021133314585,0.0040578297237021,0.0022141756296011,13.7224619784519,44.9039611801519,15.0,3120.16301371431,77280.0,240,30.0047097287751,1.21943557481845,1135.68696284778,51.3747170883421,2361.30194766555,129.4094533202,431.118753182568,3.27438272529913,15.1033169909066,1.06496704074367,0.547159871136322,3.77179410298727,3.80799046394019,0.012392196809101,0.0010450645201436,0.0005612959779826,13.4026312854724,45.015451389995,16.162672166591797
6.729166666,30.0050088220117,1.41741439242645,1135.60815945845,58.7548662498938,2360.72389590196,129.132481940637,430.780686448059,1.81330189412044,12.5077567944964,3.24054642374836,0.572384785376951,4.17822770018409,4.15125671454847,0.0565580075392015,0.003979310769468,0.0021726232302528,13.7160859422237,44.9190041014941,15.0,3119.93932057537,77010.0,240,30.0048973935584,1.20406939270965,1135.67456609263,50.6821196773855,2361.76476143423,129.455450767246,431.366069341973,3.31318752455101,15.0961363076951,1.0439404368777,0.542174911789864,3.73199295743399,3.80884292083228,0.0121043826712103,0.0010259375605696,0.0005505528742974,13.4014479609402,45.0319796827857,15.798342064031988
6.739583333,30.004180162616,1.40374196090876,1135.34167795896,58.0644482571283,2360.51539597003,129.148988516292,430.9465820954,1.82533441610985,12.5046488913132,3.19617457971299,0.567528802583615,4.13840052598377,4.15332411236833,0.0555484790132012,0.0039295003365626,0.0021480550686908,13.7086071783099,44.9253698662609,15.0,3119.20684699805,79575.0,240,30.0047846414693,1.19170261960065,1135.58584824464,50.1130382380879,2361.96530690857,129.489816836889,431.588071052464,3.33733371576063,15.0660444816773,1.03456812429709,0.537930207707737,3.69895464400769,3.81328269823075,0.0119716051707696,0.0010210380357468,0.0005481540385307,13.4012502712766,45.04445956123,16.04866831518941
6.75,30.0008938717178,1.40449944637829,1134.59896626281,57.8038466527677,2359.10846600227,129.09201312677,430.894739235124,1.79704948809101,12.4259705973934,3.24904105277371,0.566775806884726,4.12111930785507,4.16780702276057,0.0580395718324214,0.0040934940414066,0.0022412745809883,13.7018245247406,44.9060857532008,15.0,3117.30308777471,89415.0,240,30.003769939569,1.189158601769,1135.2996417787,49.9428133411003,2361.61113294817,129.489116644925,431.712115076411,3.27484609994323,14.9494129869118,1.09696914237092,0.536123217104623,3.68772764940553,3.8302844746843,0.0127569883814535,0.0010936528143233,0.0005895981411379,13.405975358669,45.0447678768445,14.53867160725072
6.760416666,29.9961481755211,1.40456352137852,1132.63897739593,57.6787061190528,2355.01426802928,128.888923323053,430.319653610223,1.78717624285109,12.4247307947753,3.30133448892328,0.569856547963084,4.11125558149356,4.17480032388448,0.0595472713451549,0.0041961429503825,0.0022988092352464,13.6610515442485,44.8360445457628,15.0,3112.03242976748,86850.0,240,30.0008785708358,1.19048475297758,1134.46697073722,49.9365833470365,2360.00177036316,129.422611137419,431.600092895038,3.19530076861258,14.8618582248715,1.15823240899528,0.536548150468397,3.68525270656477,3.84524967327736,0.0135327191589931,0.0011502181111645,0.0006203431020075,13.4002320328356,45.0222140756118,15.73001961289325
6.770833333,29.9953068489975,1.40659272421734,1129.63740228443,57.5490527764094,2348.71094504732,128.566431839625,429.316146343678,1.78413169822512,12.4686988800331,3.35015256751525,0.571874658333767,4.10171011878378,4.17563459099522,0.0607236562287383,0.0042620278684525,0.0023324493626917,13.6397229737913,44.7244383664462,15.0,3103.87831249343,88675.0,240,29.9981997917543,1.1907149967265,1132.7454788773,49.8542117745178,2356.45633483046,129.254415030661,431.123348353543,3.16623241308261,14.8569136412419,1.18972249629879,0.536954758644211,3.67860664020364,3.85092526723602,0.0139308713632255,0.0011797064582971,0.0006358197658402,13.3941584770302,44.9642989846563,15.125038208989452
6.78125,29.9962343683451,1.40627397011442,1127.34407873052,57.4852592215975,2343.96163937939,128.32820279503,428.577781977576,1.78502733354321,12.5128711801378,3.41364147636064,0.573629156202308,4.0965579644283,4.17450256491832,0.0617859236620429,0.0043188147581649,0.0023594640112303,13.6289004913215,44.642060573415,15.0,3097.75426700815,85605.0,240,29.9969403790458,1.19051635087435,1130.50970337869,49.7452826070194,2351.81700176573,129.027872198977,430.430685329528,3.14969766181287,14.8992769227474,1.21268952188701,0.537393950635278,3.67057876528757,3.85052316211868,0.0142064786639879,0.0011963313484112,0.0006435898646079,13.3901402567069,44.8860497451689,15.032329484972324
6.791666666,29.9989439063893,1.40029053189963,1126.95838910524,57.3327673677576,2343.29980685918,128.320760962406,428.59711882752,1.7930610603937,12.576271083526,3.4572638572796,0.571790689104382,4.08814450815347,4.16816769462972,0.0619848729317598,0.0043191924903878,0.0023543053137416,13.6294572383712,44.6398722348547,15.0,3096.86153651771,81775.0,240,29.9972667172897,1.18643080855704,1128.82076804655,49.5026338628987,2348.36612533415,128.871671787202,429.954171646232,3.168991776364,14.9970308649529,1.20504430214477,0.536438647892919,3.65579654454432,3.8416386321882,0.0140821908909668,0.0011821099452876,0.0006340981497619,13.3872040509841,44.8321876890996,11.963204863193564
6.802083333,30.0026364623091,1.38594335752429,1127.78336100515,56.9223971252186,2345.28281110779,128.470497365286,429.133118346875,1.81920463935029,12.6779984593015,3.42958211745457,0.567142125069358,4.06634686450076,4.15410246597928,0.0600413172114267,0.0041960360014758,0.0022830554947768,13.6344830898571,44.692333430573,15.0,3099.21338878567,74810.0,240,29.9989133715526,1.17610050944972,1128.14525729865,49.0401864891774,2347.09779832828,128.843844573771,429.897062465668,3.23726497285332,15.1489144179458,1.14967464190932,0.533556668705565,3.62956420539074,3.8238181954491,0.0133474758546511,0.0011206980316682,0.000598792644682,13.3840248398721,44.8228857484384,15.733236543773307
6.8125,30.0060372670897,1.37564238015137,1129.12881040417,56.4784605514626,2348.40692977258,128.684357635451,429.914822872721,1.83041633981237,12.7140396231273,3.38391911910595,0.562213529985211,4.04243275653379,4.14676359542225,0.0587575421052716,0.004116800076931,0.0022393953633437,13.6595625846552,44.767048269363,15.0,3103.03532212931,77385.0,240,30.0015249133959,1.16504332476375,1128.30519075026,48.5639527055505,2347.60504718255,128.914397690748,430.187695931355,3.30677249038826,15.2624072317578,1.10400930642078,0.529967175548171,3.60296494176916,3.80940119727691,0.0127589299885949,0.0010815278701916,0.0005775772691793,13.3872656915772,44.847746708316,13.888429815749788
6.822916666,30.0044915190132,1.38156675194388,1130.33087140184,56.5001890300385,2351.20333821401,128.86163120254,430.633169890857,1.78666838652224,12.5744498024677,3.47940050409292,0.563585330109545,4.04234868739704,4.16318421319565,0.062550005293673,0.0043488871045683,0.0023677304824968,13.6900014638918,44.82889377693,15.0,3106.76857013717,88115.0,240,30.0035511248927,1.16542860189821,1129.05131094668,48.572011598081,2349.33517330485,129.039222074333,430.696887038817,3.242377015466,15.1998831287833,1.1748267769095,0.529262539109813,3.60313725862505,3.81684582705159,0.0136599143787105,0.0011649447975354,0.0006251982217922,13.3996109941634,44.8914671165218,15.0
6.833333333,29.9977060963282,1.39331670837285,1129.73957875542,56.8084036084573,2350.13208341253,128.816216613008,430.594195809727,1.73738265996846,12.4381867269383,3.6427341195149,0.570353292798895,4.05686342116964,4.1829447075106,0.0682716632205879,0.004700116614715,0.0025610588182637,13.680692322311,44.8132421879382,15.0,3105.67779029031,92055.0,240,30.0021371119714,1.17502899843258,1129.64327875892,48.9699562743004,2350.75921730889,129.138898705908,431.12423475798,3.0878319600877,15.0488293100539,1.31476904086712,0.532047110170936,3.62440870883649,3.83602956335846,0.015489868648928,0.0013080854631031,0.0007047631254243,13.4051954127873,44.9264402007994,15.0
6.84375,29.9932892876196,1.4039283932827,1126.69526244326,57.0764763270824,2343.77511208387,128.483218215588,429.538677492262,1.71620762366237,12.4164270250624,3.76617188193192,0.576819960901724,4.06963829506845,4.1905440707649,0.0720990798695901,0.0049280562942169,0.0026847352602151,13.6570060599434,44.6976323888939,15.0,3097.69978421322,91780.0,240,29.9983894947999,1.18462252246639,1128.89003019902,49.3323033561414,2349.34019730261,129.084052115457,431.00143108507,2.97596021641886,14.9706860699249,1.42308222616689,0.535485219879781,3.64340172337951,3.84754436381473,0.0169437718772134,0.0014115348762083,0.0007607834027819,13.4014062186129,44.9076801142823,15.0
6.854166666,29.9922975742277,1.42295416626758,1123.28488390158,57.5550315540249,2336.58864283979,128.098336643098,428.288644159511,1.68327276856103,12.3828772502684,3.94793224237969,0.584505445508017,4.09466283937523,4.19938253583727,0.0778450032157371,0.0052465350076566,0.0028539048130736,13.6537488319075,44.5638471117486,15.0,3088.78453965731,96975.0,240,29.9954100267378,1.19708950814001,1126.69729340506,49.75314811981,2344.83684395424,128.85538708695,430.272584101268,2.87659286237001,14.9261647708153,1.54673674564799,0.539682546256793,3.66555657522634,3.8563662526493,0.0186533836316916,0.0015380870790275,0.0008296881905307,13.4017132270743,44.8284546957297,15.0
6.864583333,29.9935049153117,1.42702225924607,1121.7401834365,57.9403929550938,2333.41802038981,127.939051158128,427.746847135756,1.68100431795123,12.4183202452882,4.09621975928079,0.589604883773135,4.11704438472515,4.19675550697671,0.0808847797691368,0.0054174313217744,0.0029422738554534,13.6467483273324,44.5085008681396,15.0,3084.96974695757,86760.0,240,29.9939035585136,1.20484776740942,1124.41859134593,50.012421896454,2340.17005308881,128.62336271317,429.488130653091,2.81955171322118,14.9838551359413,1.61975631034487,0.54310669127321,3.67943471585848,3.85147825428548,0.019626816704155,0.0015929357969941,0.0008565356550733,13.3971071286591,44.7479899574232,15.0
6.875,29.999381185739,1.41953318295152,1122.04088680841,57.8974951059021,2334.37116037174,128.020558583914,427.987820215301,1.69706329179104,12.5100640636394,4.14244116942615,0.586073233520803,4.11701846907656,4.1825523370695,0.0801467916938946,0.0053566559111028,0.0029011409956819,13.6656331268228,44.5369337014795,15.0,3086.14114109006,80300.0,240,29.9951766760743,1.2012624793164,1123.1529003679,49.8337380257219,2337.7276108904,128.527605796126,429.12406663178,2.85409852003755,15.1706180499122,1.58366094562498,0.542254213251684,3.67014630860756,3.82768284839176,0.0190722230888136,0.0015404194483119,0.000824630075741,13.3943312853203,44.7148211214367,15.0
6.885416666,30.0039884782685,1.42197203243463,1123.57833851211,57.9713170464361,2338.11210530981,128.248915307895,428.76168525167,1.6741051971278,12.4664766601861,4.27449224512398,0.584092316685893,4.1220685091208,4.1825155093703,0.0837565416182,0.0055410769719262,0.0029949348575283,13.7132772415598,44.6161858974361,15.0,3090.96641049402,85760.0,240,29.9986278245178,1.19963988569809,1122.99989100435,49.7527283813667,2337.71259134218,128.559632130743,429.206265075242,2.85295365415884,15.2747097458819,1.60855737118784,0.541110550530537,3.66646816181417,3.8123390067299,0.0194144195977005,0.0015724384661281,0.0008422198609434,13.4040125303719,44.7259990361495,15.0
6.895833333,30.0001259617924,1.44939441880659,1125.01814717023,58.7338614822934,2341.64531708888,128.439749045887,429.460472075879,1.59085289135218,12.212606415588,4.64171579952828,0.59334045605135,4.16297976740951,4.21019333562035,0.0978023321521547,0.0063230256095773,0.0034210233915029,13.7599335504408,44.6818579066007,15.0,3095.98455357732,101520.0,240,30.0007583900541,1.21538844449989,1123.79103044225,50.4086907266708,2339.76888403695,128.679861029941,429.625748789502,2.6846388321716,15.1193426950678,1.86985810594148,0.545149988369841,3.70322641577208,3.82888017163322,0.0232786210976852,0.0018710089664676,0.0010083529337453,13.426100843258,44.7677162442923,15.0
6.90625,29.9925342224715,1.46320513974348,1123.6177725995,59.4496233066797,2339.01691340824,128.293591304423,428.960349441872,1.55899003803769,12.1103034077383,4.92898506725597,0.60522690201866,4.20278911875302,4.22221907682894,0.108976102868047,0.0069759204161992,0.0037870337906231,13.7375883839879,44.6302743951638,15.0,3092.97639334191,94630.0,240,29.9977805835738,1.23350225477581,1124.1803889588,51.209137791686,2341.0430099778,128.754733931412,429.861966483513,2.50848545999096,14.9744597445637,2.14999228729688,0.551915870517983,3.74801426431867,3.84404989514003,0.0276519894185872,0.0021694857797966,0.0011706424753045,13.4267413635446,44.7935230368905,15.0
6.916666666,29.9933026933869,1.47190343048222,1120.38858043909,59.8302083526124,2332.47606124047,127.944433636318,427.727809857215,1.55607650765017,12.1364178518398,5.04787300997432,0.607956628844003,4.22489052144407,4.21868881934979,0.112649581460456,0.0071735609774693,0.0038948863169981,13.7344602938556,44.5084348861032,15.0,3084.65664630885,93700.0,240,29.9950579903817,1.24339036283699,1122.93589529581,51.6005639737253,2338.84105398929,128.651124709712,429.446490290532,2.44047526264104,14.9994424358191,2.28134608605263,0.555205593674019,3.77071084793335,3.83849164097715,0.0297891654344072,0.0023055000979413,0.0012421014343054,13.4226210256183,44.7572031626024,15.0
6.927083333,29.9957645936828,1.48461745811778,1118.99031008902,60.3700024724374,2329.82069356939,127.808612502739,427.205112286177,1.54507657199337,12.1261445416978,5.14300947181683,0.610117709980461,4.25560864410084,4.21837479705991,0.116115980842176,0.0073549000351541,0.0039945440045346,13.7468053967733,44.4608786258055,15.0,3081.49170715917,94985.0,240,29.9949111486754,1.2538162733023,1121.07940333564,51.9874000852326,2335.31194090303,128.471684218008,428.767000929577,2.39565097705597,15.0300378460507,2.38167166177862,0.557933307683306,3.79295245725899,3.83274203935637,0.0314956871735223,0.0024178930072222,0.0013022556526831,13.4255893954957,44.6945247631536,15.0
6.9375,29.998194347622,1.4834510649562,1119.621956455,60.7074669077217,2331.52761060718,127.924579087267,427.497912599077,1.55454318475541,12.1810508551881,5.14148231792627,0.608868057765346,4.27637234569973,4.20796347380365,0.11555615160855,0.0073349392090145,0.0039855856863482,13.7443010724016,44.501028759259,15.0,3083.83541581163,86795.0,240,29.9959204904377,1.25846349904737,1120.14598698718,52.1925288331455,2333.757096159,128.408995854846,428.45634274723,2.38921469021993,15.124953272452,2.38660226126213,0.55903300634848,3.80540602664527,3.81783708803802,0.0315136382045678,0.0024072176184915,0.0012945243744935,13.4220477578098,44.6725152378814,15.0
6.947916666,29.9991860798357,1.50609855950623,1120.95122276108,61.3920869073115,2334.67847365426,128.111631844995,428.064219903999,1.51460501264143,12.1009963554772,5.23818667054023,0.61046747426851,4.31507095554068,4.21434278555601,0.120636071395557,0.0075857023533507,0.0041233236620017,13.7805384939253,44.5657547516078,15.0,3088.32254236744,102720.0,240,29.9978224853307,1.27046009313738,1120.26462968292,52.7106262691032,2334.39864021496,128.454972933858,428.536804840102,2.34924873962929,15.0934225706958,2.47582687085178,0.561227711403798,3.83540805799128,3.81889865026919,0.0333055404462094,0.0025421140862834,0.0013709032118013,13.4352405955351,44.6882896653172,15.0
6.958333333,29.9939330706181,1.52342202338641,1121.03969073775,62.2804850961551,2335.02735951699,128.141064939471,428.075434789115,1.49418065856277,12.0583453449767,5.33256515932107,0.618740995850193,4.36553450034912,4.21829621679069,0.127181288576173,0.0079688093143532,0.0043479970073599,13.7576803649253,44.5754758091914,15.0,3089.3546331665,98980.0,240,29.9968130925331,1.2890053692502,1120.78653917377,53.5783783974944,2335.85104958732,128.535289067418,428.739031018598,2.27028768171431,14.9750116686126,2.63457004109122,0.566978189899152,3.88476309129408,3.83158391164702,0.0363544982774907,0.0027482781699724,0.0014857678155829,13.4370805156941,44.7160077903576,15.0
6.96875,29.9940370486964,1.53215406750698,1118.84887337249,62.771999526624,2330.50721895554,127.911666223604,427.183641140028,1.50076726742271,12.1405420207555,5.28985847037337,0.620348547955863,4.3946081044518,4.20788525330785,0.126267316859664,0.0079241978227887,0.0043268238333945,13.7365386945621,44.4955162361995,15.0,3083.78918659087,96325.0,240,29.9950931690815,1.30012012834137,1120.30359045365,54.0859998020238,2335.13400447174,128.509687327354,428.544163235556,2.25128382990556,15.0038134438715,2.65604433095554,0.570305425237389,3.91469651055734,3.82618390555189,0.0368177966179306,0.0027704817881032,0.0014973485818984,13.4292309625742,44.706924307763,15.0
6.979166666,29.9968297442081,1.53877044193124,1117.78025932902,63.1722244289889,2328.40753230689,127.817660276482,426.74586585201,1.51162370311775,12.2292256628013,5.16890822006538,0.618896332959934,4.41810509753355,4.19611442510103,0.122242075368696,0.0077074400255047,0.0042085999164481,13.7287415115792,44.4629352971086,15.0,3081.28985811788,94310.0,240,29.9953308897879,1.30739719731789,1119.12057215469,54.3865292807497,2332.90494163552,128.405564644968,428.073822133943,2.26696047082846,15.0931816046558,2.59237858561515,0.571805699029051,3.93280580351761,3.81360563253516,0.0356728291980404,0.002686926497434,0.0014515248916132,13.4246103687718,44.6706336722757,15.0
6.989583333,29.9994588059266,1.54207172936786,1118.6419247414,63.4851474680986,2330.47157142406,127.955244334312,427.091155672575,1.52428632505138,12.311049341901,4.98328124713473,0.616581024220011,4.43676846376644,4.18422061723414,0.116095889561309,0.0073787496406272,0.0040298457225474,13.725839751358,44.5111547665169,15.0,3084.11714880522,92045.0,240,29.9968933283792,1.31146724516832,1118.62419014431,54.5763666148402,2332.13701257243,128.383495876529,427.882519340098,2.30556675950758,15.1948815860781,2.46574372171385,0.572296732914007,3.94451703118992,3.79932433266484,0.033431148037324,0.0025312616085858,0.0013672119463713,13.4214689054773,44.6630405338201,15.0
7.0,29.9979241123978,1.56912643472897,1120.04335302264,64.3722968575934,2333.53692686286,128.132567910213,427.611068297098,1.49304040322265,12.2486669932241,4.89840243089804,0.619702561629738,4.48573646299418,4.19174457035609,0.116486436698758,0.0073899260656403,0.0040410202983629,13.7397194511792,44.5731173539963,15.0,3088.7019977283,107385.0,240,29.9982601992674,1.32659201633847,1119.08443994677,55.261491613311,2333.31865695267,128.448622120219,428.031931160093,2.29694314707205,15.1160223001424,2.44664025175284,0.575380566515088,3.98332019674823,3.80909097472111,0.0334765848516373,0.0025509072929154,0.0013835828581967,13.4315608873529,44.685902153943,15.0
7.010416666,29.9908070615699,1.60783236957038,1119.71898786424,66.0808344149652,2332.35754998419,128.059953466424,427.273281725551,1.47190088703576,12.2231676557538,4.83238108119772,0.630964880410947,4.5814374175347,4.19808896139685,0.118402450114826,0.0075141962298022,0.0041245627869883,13.700976248449,44.5480922767306,15.0,3088.52902479908,107370.0,240,29.9955893599347,1.35431138122174,1119.67182837763,56.556041086304,2334.55531426362,128.49911564266,428.14695691265,2.24897946754331,14.9472604292662,2.49118742638841,0.583133973823928,4.0559647843816,3.8321959434134,0.0346614505821438,0.0026344075870074,0.0014342353330647,13.429323505798,44.7038211427716,15.0
7.020833333,29.9913386282092,1.63137433171129,1117.12634991276,67.3363213443285,2326.3210798699,127.718301850948,426.001992998517,1.49097118662047,12.3326123460006,4.67364786302064,0.637530504070821,4.65411633951307,4.1877100510707,0.112631774803731,0.0071980985802094,0.0039533929236235,13.6672808164151,44.4298908583113,15.0,3081.70045262608,98100.0,240,29.9926659878947,1.37607205520344,1118.90381764459,57.5666408495334,2332.76116728164,128.388717539484,427.677518113663,2.26706173334088,14.9702934298427,2.38787933859801,0.589865665964491,4.11416049644613,3.83152919133958,0.0328449635325139,0.0024924975208477,0.001355645159263,13.4152699588675,44.6659362911247,15.0
7.03125,29.9971820397747,1.64527159190455,1116.47471780384,68.0450370799867,2324.853487141,127.626218425515,425.585306390684,1.50532630502731,12.4033977749643,4.54286844273558,0.638512773501473,4.69528702986584,4.17910185005389,0.106484226349028,0.0068344393353634,0.0037469728240346,13.675926126239,44.3986413042839,15.0,3080.23755610898,96670.0,240,29.9937281191544,1.38919459055241,1117.62397343144,58.1491952514285,2329.95576624098,128.222619649984,427.013310872172,2.32651167041255,15.0739685281246,2.22530403468312,0.593696972419054,4.14869047908145,3.81992790443263,0.0300157972872841,0.0022882266293071,0.0012428491516851,13.4112136335096,44.6087782305927,15.0
7.041666666,30.0006807227556,1.65147923939646,1118.16864138399,68.4857167688409,2328.75389705322,127.826418101255,426.17247843973,1.50757132031489,12.4014516293081,4.49193003264594,0.6388764721871,4.72050847784488,4.17693080815724,0.103971701126235,0.0066831425830113,0.0036609218708742,13.6936864112615,44.4688884879672,15.0,3085.40703017625,94890.0,240,29.9967082815338,1.39753155410418,1117.46336333149,58.5650783845501,2329.72256482563,128.192000586466,426.822744998607,2.37263539602196,15.1292973754681,2.11270316233579,0.596135833759954,4.17321374179783,3.81299111364891,0.0281406387185195,0.0021563405012298,0.0011711816852444,13.4133877019524,44.5987658551116,15.0
7.052083333,30.0022459806648,1.64797787438905,1120.25133485882,68.5336094088522,2333.76884828008,128.088182050132,426.976269018114,1.51050498245494,12.39244165788,4.49186417162724,0.638427963341611,4.72400138316027,4.17411630183968,0.102798403571065,0.006610127909796,0.0036176817786504,13.7106738932849,44.5604124933693,15.0,3091.63399208203,91605.0,240,29.9992453178395,1.39853402430376,1118.44236726768,58.7017315331135,2332.15859857297,128.309654733482,427.138439403263,2.40936389607434,15.1700618704108,2.03313379889904,0.59682947435517,4.18190043974988,3.80604668167887,0.0268129942967648,0.0020617052793016,0.0011193194493687,13.4150469371287,44.6402756530614,15.0
7.0625,30.0034582068453,1.63890278765122,1121.84920852092,68.268508226258,2337.9702503834,128.304167935421,427.63720284072,1.51153648651246,12.3791781012748,4.55635229689254,0.636874373975137,4.709792987038,4.17066217236485,0.103298355471295,0.0066259778639211,0.0036210727890996,13.7328310370068,44.6358353408495,15.0,3096.49887993567,89275.0,240,30.0011214714193,1.39294072738448,1119.83251887082,58.5474671768086,2335.68035632389,128.490920931828,427.672107210133,2.43779576158492,15.214749345642,1.98663941022416,0.595712825641253,4.17424828976845,3.79704729128218,0.0260133922924929,0.0020048776015282,0.001087646226753,13.4175119878074,44.7037988616951,15.0
7.072916666,30.004489225094,1.62667175297749,1122.96647732629,67.8973722226144,2341.29250795652,128.469401022745,428.135661143356,1.51020206914099,12.3615274434581,4.68982573150554,0.634636216445206,4.68872235855045,4.16642582004482,0.105849981099922,0.0067564474904581,0.0036869255634316,13.757133456393,44.6933560724957,15.0,3100.09108180801,86185.0,240,30.0025597211573,1.38320096267524,1121.15655778872,58.1939875180505,2339.22274262756,128.677298776368,428.223932607928,2.45186835753691,15.2696921863419,1.97989123530688,0.593317627664677,4.15503372384401,3.78531290624511,0.0258283311273098,0.001990923055017,0.0010788818937099,13.4204518331236,44.768938827213,15.0
7.083333333,30.0058342658017,1.60799956722123,1123.77311853682,67.2973951254964,2344.06968416116,128.608649288882,428.549624133324,1.51359173611987,12.3628098926307,4.81625209914843,0.629478444411255,4.65482739515543,4.15870576814349,0.10830988714725,0.0068903893554334,0.0037561021923978,13.77736904831,44.7416840012172,15.0,3102.78011643518,82265.0,240,30.0038265163334,1.36955857880041,1122.25194013945,57.6490382078253,2342.40473146272,128.850107618762,428.725414094775,2.46182166800143,15.3562672894015,1.98523899073019,0.589419050974722,4.12468861953202,3.76810074389208,0.0258115186199386,0.0019886014074634,0.0010761218446547,13.4220333219317,44.8291831085459,15.0
7.09375,30.0069839365245,1.58873981311452,1124.44288072857,66.5246786199208,2346.57298121683,128.74040559175,428.953677490778,1.5141548677092,12.3557402528691,4.90841022073699,0.622274284607475,4.61128274032574,4.15217819513712,0.110429234295452,0.0070085258009357,0.0038179060649555,13.7977089734122,44.7873758475721,15.0,3105.01649962157,82740.0,240,30.0051400362657,1.35476174410424,1123.15533706828,57.0255438764458,2345.23857880582,129.007900704781,429.183362757715,2.46376601516368,15.4339771694409,2.0077389077691,0.584498910550297,4.08967255152555,3.75115628718437,0.0260953066956166,0.0020122529700562,0.0010884041023001,13.4255760256009,44.8840547538308,15.0
7.104166666,30.0067492605954,1.56690661491369,1124.90978391678,65.6351160501769,2348.57240199361,128.855646819515,429.309176961088,1.52042807969796,12.3678616028816,4.94342544328935,0.615245835921786,4.56118821250743,4.14462435033419,0.111201892626513,0.0070641353680457,0.0038480960140228,13.800707727898,44.8273956628235,15.0,3106.58214105299,81475.0,240,30.0059799573919,1.33959745969404,1123.89894493063,56.3723325986503,2347.7326799253,129.152260360971,429.607379468038,2.46040553891579,15.4923596397879,2.03224226658428,0.579437552136679,4.05275830686808,3.73665371973974,0.0264066440660697,0.0020365661852692,0.0011010012162408,13.4268630553748,44.9341808419756,15.0
7.114583333,30.0072493371106,1.53465517951518,1125.10791761229,64.3512492788576,2349.93463707189,128.958601249378,429.601364252771,1.55551772547907,12.5022694379516,4.81397510082718,0.60599055140192,4.49019769913363,4.12258644054392,0.105397038582781,0.0067642506977739,0.0036820833847094,13.7790101326609,44.8634770453638,15.0,3107.11293488291,73715.0,240,30.0063564545095,1.31684825057802,1124.4126123814,55.3799077375451,2349.71615514868,129.286425940056,429.989221159985,2.51229467232825,15.6395785309906,1.94628359874158,0.572819429340315,3.99710541148145,3.71124449417041,0.0248961481022157,0.0019260480505607,0.0010384156684184,13.4181303027075,44.9808012912665,15.0
7.125,30.0100389313872,1.49574061055638,1125.3839453076,62.6827650788473,2351.43264178172,129.090662247981,429.983667918035,1.60950105845224,12.7201608320056,4.55335795379936,0.594118693686283,4.39880485265578,4.08928963289976,0.0941969903350033,0.0061407871199445,0.0033338343864235,13.7659103276242,44.9100479791302,15.0,3107.61279773498,68065.0,240,30.0073273654758,1.28486967064064,1124.76206305418,53.9797355899529,2351.29274627502,129.417523158759,430.362071332562,2.65021632227011,15.8841707178943,1.73588177901405,0.564025269937546,3.91897556142594,3.67387709553821,0.0215700514810326,0.0016883889592638,0.0009065794770841,13.4078774071375,45.0264388389625,15.0
7.135416666,30.0132850182067,1.45493214916342,1125.98523062914,60.8541580220447,2353.54281046965,129.271952414362,430.549402858085,1.67254547875357,12.9469797188368,4.23336483987976,0.580932274410765,4.2987358845983,4.05405999579878,0.0821143782048829,0.005452351836632,0.002952679698113,13.7595831402246,44.9738813076196,15.0,3108.88307677567,64035.0,240,30.0091378277895,1.2484238777015,1125.13215962373,52.3960252424227,2352.81339199783,129.555770546664,430.789857960535,2.84830881061302,16.1346346312386,1.48587429507893,0.553964662819192,3.8305472191709,3.63624176936681,0.0179177630069605,0.0014290661651784,0.0007643265336856,13.4008238511261,45.0746358479909,15.0
7.145833333,30.0157860427777,1.41287830913147,1126.83299286412,58.9539078415979,2356.06718708611,129.487568460465,431.258031838621,1.74670039520197,13.1626609591186,3.86984515203628,0.568891963380133,4.19476673599131,4.02003760742444,0.0701884092678497,0.0047617185730192,0.002575213275448,13.7547859283968,45.0497078275786,15.0,3110.73704693887,60865.0,240,30.0112889708499,1.21031641838349,1125.63238665767,50.7552326319257,2354.48502391886,129.707469685696,431.310382003578,3.09050253596309,16.3420658553721,1.23974044294536,0.543613624761013,3.73875313536406,3.60471587431892,0.0145658189949163,0.0011892543749555,0.0006336403646451,13.3954871675573,45.1275815572125,15.0
7.15625,30.0173684995994,1.3690230339873,1127.7284225859,57.0016179177051,2358.56161867797,129.710796998009,432.022216369702,1.83986109806014,13.3700428955188,3.466078649243,0.556974531021443,4.08799914045736,3.98758168351575,0.0585631395696034,0.0040767250485994,0.0022051690645271,13.7464221961277,45.1281938543287,15.0,3112.61464980271,57665.0,240,30.0132928985693,1.17151355454957,1126.2560788156,49.096835118971,2356.28253909286,129.868666232958,431.917353171959,3.372501339924,16.4920894351925,1.01096829198974,0.53315145558056,3.64581289565555,3.58140635248916,0.0116297322492422,0.0009746901277224,0.0005170353782362,13.3903422419343,45.1839061012951,15.0
7.166666666,30.0178140639186,1.33080936236938,1128.53593601251,55.2280020697342,2360.65891804545,129.911365725843,432.772714253593,1.92768083688526,13.4817803757316,3.10657567107029,0.545436767636431,3.99072275121723,3.96924013824539,0.0499227631232537,0.0035668941883721,0.0019353549220216,13.7532323687549,45.1987040738458,15.0,3114.22923013573,60990.0,240,30.0149578124811,1.13693738324305,1126.96998986675,47.6168515223723,2358.10431591755,130.027271556696,432.582995440533,3.63213748795652,16.518546381083,0.851326677740377,0.523229641583102,3.56273254011413,3.57521017679741,0.0096630822177917,0.0008342611161832,0.0004416683553055,13.3910698879717,45.2394087687647,15.0
7.177083333,30.0164863155728,1.2928813937412,1128.99458172792,53.554901759431,2361.83924625335,130.063566018888,433.397939996617,2.03561354700449,13.5732177386352,2.75759588033864,0.535919562432017,3.89794560751775,3.95641484944208,0.042051641153797,0.0031041000747482,0.0016933736944176,13.7329517880895,45.2523654601474,15.0,3114.82695091226,58200.0,240,30.0157752087562,1.10588408941162,1127.66024395988,46.2849892077785,2359.71458422566,130.174834222101,433.259517032921,3.85991165822766,16.4662311809652,0.724322670835523,0.514298984176677,3.48769345054936,3.58056249910417,0.0081454654187856,0.0007191771560703,0.0003796483803661,13.3883476557523,45.2911372907146,15.0
7.1875,30.0150138917684,1.25738224617067,1128.88864227193,51.9490441831127,2361.6425970258,130.141520864846,433.809475263538,2.15789899046523,13.6517151723367,2.43031034985951,0.526511036211839,3.80822550252898,3.94788612005137,0.0355015475586248,0.0027208885244884,0.001496350200885,13.7165319579605,45.2801371288965,15.0,3113.7835625536,59890.0,240,30.0157540435549,1.076703218947,1128.15039722937,45.0249169995148,2360.74465796395,130.291733313607,433.875442557509,4.09419129413338,16.3711525336801,0.616279110476998,0.505820156485757,3.41630246755241,3.59341295755597,0.0068838121385542,0.0006239556971253,0.0003287954953276,13.3851066600106,45.3322669984298,15.0
7.197916666,30.0124166412648,1.23174098544692,1128.20671906613,50.6850027358502,2360.01014287766,130.130025157351,433.987331834828,2.24187967822692,13.6146285133706,2.21758538756304,0.518470727581546,3.73604066782179,3.95822369423741,0.0318980772677837,0.0025409011320785,0.001413826351038,13.7080921102445,45.2767411283559,15.0,3111.22197210013,66360.0,240,30.0149808945393,1.05502633195266,1128.31107213875,44.0618842322216,2360.9042484386,130.358301793673,434.36305988244,4.22847239503133,16.175124386632,0.568087239529224,0.498751606498239,3.36118832837681,3.62148946979153,0.0063236936496386,0.0005893717342018,0.0003117881384974,13.3876077157809,45.3559358161217,15.0
7.208333333,30.0089191380455,1.20547139950347,1126.91181628319,49.5039355300449,2356.97024574965,130.043772266749,433.914348136721,2.35404293645491,13.6319204991595,2.00209044125979,0.512956212223504,3.66703039605191,3.96470904424643,0.0279148902801603,0.0023126052649856,0.0012983563509882,13.661407995868,45.2474127673112,15.0,3106.94364805025,62260.0,240,30.0131729746584,1.03566746264719,1128.01542683076,43.1920746935935,2359.96716792261,130.368986061385,434.675308895216,4.35464026465744,15.9879904787869,0.513140061103161,0.492913160248027,3.31054052184041,3.65084285076603,0.0056972943799647,0.0005400498752215,0.0002857248276007,13.3811296032841,45.3601954157757,15.0
7.21875,30.007033899966,1.18445981665963,1124.96629844803,48.4486178780333,2352.44543201904,129.873227675648,433.578568780549,2.45359666684893,13.6366240526334,1.84177526971372,0.507165122612312,3.60463224240112,3.97437513593341,0.0253414226154132,0.0021903430206763,0.0012438604804144,13.6361650774073,45.1887292530091,15.0,3100.87565554073,67265.0,240,30.011064632032,1.01809085699483,1127.17354165637,42.377916747787,2357.76100674095,130.310871433344,434.772918989073,4.49031489153057,15.8142610554943,0.469464888872391,0.487459397244822,3.26233643652182,3.6810367969443,0.0052009427765981,0.0005066385299551,0.0002690211983236,13.376564536434,45.3405769374952,15.0
7.229166666,30.0048263173673,1.1699234504197,1122.80873108728,47.6725715787918,2347.3781658669,129.666740498381,433.142689679896,2.50493341126593,13.595875420939,1.76801388948599,0.503284998339172,3.55704423423379,3.99152994168548,0.0241853726272196,0.0021483518145869,0.0012290386652564,13.6065934582199,45.1175398846935,15.0,3094.33982894696,69075.0,240,30.0089069291083,1.00575750650722,1125.77052640134,41.7652023318186,2354.26732800907,130.182511825269,434.63932411406,4.54524579069068,15.6278722168462,0.455541352245102,0.483274693582909,3.22489043021712,3.71485457434198,0.0050395378893983,0.0005006661410373,0.000266940555457,13.3735442262426,45.2965379557759,15.0
7.239583333,30.0030905439665,1.15733903692293,1120.73620737424,47.0225228067554,2342.43546881769,129.468698480748,432.72678393983,2.55270630158183,13.5811994379488,1.70965272442266,0.500313413322971,3.51654478317418,4.00558272026956,0.0232112615693391,0.0021046666734968,0.0012094729578396,13.5731917989156,45.0492822633657,15.0,3088.07922276197,69015.0,240,30.0067726495726,0.995365054041185,1124.06536666951,41.2310037426375,2350.07262592891,130.019110097969,434.378945232751,4.59244379131026,15.4825837257483,0.442354292606394,0.479888583691802,3.19147422035814,3.74458462242339,0.0048881872635295,0.0004918294364373,0.0002625914575295,13.3677661663986,45.2403073720758,15.0
7.25,30.003201531674,1.14037188057424,1118.85251312581,46.2969057902727,2337.87800693583,129.299773061265,432.388268266561,2.65159672617885,13.6345714513027,1.60359545518378,0.496927218477943,3.4727505720319,4.00916726109794,0.0212557055098543,0.0019697535522958,0.0011336955567008,13.5419587464543,44.9911184272033,15.0,3082.27993920521,62570.0,240,30.0052218369828,0.982491355062558,1122.30404706365,40.6042922301042,2345.7238420529,129.85202138125,434.098355240623,4.70465379792535,15.4152143315407,0.404983205944171,0.476218440388653,3.15282315067204,3.76448287609853,0.0044696924103556,0.000452484039275,0.0002404598731779,13.359450549162,45.1827816120118,15.0
7.260416666,30.0054145334283,1.12424214850974,1117.75277068599,45.5791542555917,2334.92669854916,129.220638261988,432.369684879947,2.7501776604194,13.6583556601498,1.50942859171358,0.492303050374758,3.43105255326848,4.01429451447865,0.0197374428411174,0.0018846627914643,0.0010898191446398,13.5365513094191,44.9640961766975,15.0,3078.60978210703,62710.0,240,30.004883885187,0.968439665170498,1120.70797553137,39.9315841863204,2341.67692438322,129.702877143835,433.887039554353,4.84088241438284,15.3748088838001,0.369607975879357,0.471951976538878,3.11202583247192,3.78050927703814,0.0040741428911344,0.0004195371134539,0.0002226171741499,13.3558229081986,45.1314853655292,15.0
7.270833333,30.0074701349951,1.1081629248273,1117.50989869105,44.9170531545067,2333.74034934422,129.239786036084,432.700867862466,2.83444764864917,13.6454821442382,1.43397627525761,0.48820903136772,3.39346143697041,4.02239620343937,0.0184687210804917,0.0018007523530508,0.0010432339965581,13.534121194034,44.9712054812892,15.0,3077.30937042721,59325.0,240,30.0055102065102,0.95505132249297,1119.51598865803,39.3010994519211,2338.42977837878,129.59971618676,433.83909249921,4.94819566435105,15.3298343338448,0.342880512815467,0.467807123311713,3.07426221020267,3.79611633291472,0.0037758415589008,0.000393078864755,0.0002079655908692,13.3541615109659,45.0961421883314,15.0
7.28125,30.0090925155261,1.09422437444014,1117.75393777114,44.3142954972908,2333.52272193033,129.312556021894,433.236843972523,2.89281599036875,13.588959585238,1.38827068015811,0.483948251532558,3.35991616099402,4.03501419065929,0.0177852064542912,0.0017727285594232,0.0010305879213517,13.5403180569556,44.9969148033018,15.0,3077.35295249736,60590.0,240,30.0066048435121,0.942831951750594,1118.80605504947,38.7328292003572,2336.14788263646,129.551989899327,433.98734553386,5.02833360617262,15.268521020693,0.327020834890364,0.463854350376023,3.04068285348797,3.8126492983405,0.0035977282096445,0.0003801739114846,0.0002011412450985,13.3544910115563,45.0800376194941,15.0
7.291666666,30.0094901509081,1.0816498670147,1118.08557608902,43.7794518253863,2333.4350833941,129.393960595944,433.816081526581,2.92828678401165,13.5133627341062,1.36091314783425,0.480458287795218,3.33012249072638,4.04985983908333,0.017337458891572,0.0017495816659505,0.0010183996803764,13.541108934499,45.025613761885,15.0,3077.65182539469,59530.0,240,30.0076454948702,0.932472019116847,1118.48205784918,38.256324369877,2334.63093906021,129.54978075885,434.293388047444,5.07126645400652,15.1889856249416,0.318995612104092,0.46044338717654,3.01280191948989,3.83040950633944,0.0035064914994758,0.0003740073834471,0.0001977471490776,13.3548229350983,45.0797148334723,15.0
7.302083333,30.0092127742199,1.07048025622762,1118.18923234772,43.2781394924597,2332.81175834137,129.447860232744,434.311645348267,2.95619197252045,13.4374282821637,1.34125540856944,0.477178521908774,3.30197779447118,4.06496710299609,0.0170501240843389,0.0017441733740859,0.0010172378215528,13.5411805187728,45.0447415206124,15.0,3077.31253296238,60295.0,240,30.0082995321664,0.923266852052797,1118.36485828186,37.83555562739,2333.50617573717,129.572603920003,434.687844576644,5.10351575396534,15.1026521024273,0.313878282691247,0.457398555286682,2.98833134120279,3.84829653601971,0.003447637968261,0.0003715028845031,0.0001964914864546,13.3549097083995,45.0880652383868,15.0
7.3125,30.0081851535217,1.06247225406376,1117.92812588769,42.873050969675,2331.36135611934,129.455556436711,434.662890047329,2.95489650740841,13.3471567236863,1.34669158686302,0.474580416337516,3.27865245883215,4.08271807097691,0.0171592855198765,0.0017699459860247,0.001034219466264,13.5398024164445,45.0478127792599,15.0,3075.99659418,62230.0,240,30.0084622537536,0.916416923102848,1118.2569120772,37.5129506989492,2332.3577166872,129.596787098681,435.088472822767,5.10301289420265,15.0022985586841,0.317515111636097,0.454967378809084,2.96949699006818,3.86761102473276,0.0034845801717491,0.0003795602080298,0.0002012121210247,13.355583797194,45.0968644080794,15.0
7.322916666,30.0063061957023,1.0580845256277,1117.19013893267,42.5857161380593,2328.85997807707,129.404197150663,434.818770770053,2.92564198904502,13.2541034454831,1.37574372466126,0.472963273261742,3.26101480328322,4.10204345881878,0.0176383339259476,0.0018210106631988,0.0010653049404139,13.5333655124481,45.0303707657667,15.0,3073.41687887571,64910.0,240,30.0079795678077,0.912408254833021,1117.98935028133,37.3039399393352,2330.83806819249,129.602738733831,435.424554588773,5.06840649793794,14.8927190032469,0.329654672446164,0.453356543980619,2.95693833051311,3.88811034024547,0.0036148429327889,0.0003970442282209,0.0002111555174744,13.3560205767757,45.0993085066206,15.0
7.333333333,30.004170265597,1.05452102296662,1115.8492499564,42.3435886554801,2325.07127608314,129.283749573187,434.727062316302,2.90677516625436,13.2019352675771,1.39642436908471,0.472172593263534,3.24496989893679,4.11705582563627,0.0179317515451972,0.00184421699144,0.0010779434431496,13.5181138589773,44.988916625677,15.0,3069.19788240764,64780.0,240,30.0068350139073,0.909685842322508,1117.4019677654,37.143161224711,2328.6248685996,129.572641265626,435.631972099853,5.03664537131965,14.8014435984749,0.338757070360667,0.452330585755184,2.94665187302828,3.90663887961893,0.0037128414581556,0.000408078711671,0.0002170923648636,13.3542193352694,45.0892138328078,15.0
7.34375,30.0030798281978,1.05026151570597,1114.07736809978,42.0825145477248,2320.37153055684,129.116256116264,434.459100478491,2.91610232638607,13.1963846674628,1.39681429443174,0.471289024410301,3.22760537726257,4.12606192510047,0.0178888400462388,0.0018392616341982,0.0010736943163886,13.5037741731677,44.9310750407638,15.0,3063.7783836299,63725.0,240,30.00550595877,0.906421745646336,1116.41858883664,36.9519376757982,2325.56730094775,129.497403845782,435.681566783906,5.03952639684265,14.7475747533568,0.338540456607557,0.451303734106867,2.93412320419784,3.92088531010778,0.0037091778873668,0.0004073553426885,0.0002163252759913,13.3512428650516,45.0634266965412,15.0
7.354166666,30.0026544878575,1.05059542393853,1112.24922488573,41.9469372336068,2315.52959344134,128.937287394427,434.159806482599,2.88438647663727,13.1591680196864,1.43863975169535,0.47069668291129,3.21730803993024,4.13907593619257,0.018580939054763,0.0019043668753568,0.0011121965398408,13.4991980562164,44.8692027444402,15.0,3058.2690391366,67985.0,240,30.0044554013879,0.905266547313727,1115.06982913251,36.831990796573,2321.72797260482,129.378431145829,435.578792773881,5.01226722997609,14.6969938665016,0.351266190421435,0.450624896332237,2.92537618364117,3.93503434784633,0.0038459761617138,0.0004249687546211,0.0002262907778579,13.3509386399995,45.0224229087434,15.0
7.364583333,30.0012051929561,1.05550010071632,1110.62308444626,41.9970885388196,2311.09982153438,128.777777398681,433.92313586958,2.80981412026471,13.1024915286926,1.51965121309485,0.471835375566164,3.21703788786948,4.15489442641955,0.0198590293811299,0.0019956161508714,0.001162784246156,13.4887246310992,44.8140857028736,15.0,3053.42624511794,70855.0,240,30.0034020194581,0.907863088522793,1113.51018666103,36.8596588649944,2317.44260874521,129.23484549442,435.378729082636,4.92635594978349,14.6416355757272,0.379638557815159,0.45102889330287,2.92481148750746,3.94979976340876,0.0041546308490063,0.0004575901432074,0.0002442055047062,13.3507623167417,44.9728284563252,15.0
7.375,29.9968333264395,1.07792546508296,1108.523294181,42.5057812283593,2305.62729884131,128.543614628109,433.455058684777,2.60899994152133,12.9448764096674,1.74044858980465,0.476808935564892,3.24085979277499,4.18594336979288,0.0239198553584722,0.0023059474422055,0.0013418383178367,13.4750434342273,44.732999966445,15.0,3047.5410356475,88185.0,240,30.0014911398292,0.920695622833681,1111.67074609526,37.2782295667842,2312.57149434854,129.054586982703,435.033654853169,4.68681798894129,14.5313282264673,0.467870023584353,0.453954808298982,2.94600876342196,3.97203818894637,0.0051244659068812,0.0005634257092198,0.0003041700237173,13.3531576769011,44.9104581012417,15.0
7.385416666,29.9890761650325,1.10480606408836,1104.69162220903,43.2333223435159,2296.55089058262,128.103344352817,432.226996361229,2.43080305787965,12.8765034997977,2.00196529641593,0.48907443587679,3.27509431526504,4.20765646636602,0.0284281024668926,0.0025542258213182,0.0014657446925778,13.4286192247005,44.5802283790511,15.0,3037.0398031712,88175.0,240,29.9968606532042,0.940236031080815,1109.12008161131,37.958959910117,2306.24810457618,128.791903793843,434.361092085734,4.3896978209167,14.4573019751454,0.577908339882792,0.460362871283861,2.9808528880986,3.99050774984817,0.0063503725935011,0.0006660271021907,0.0003588005959597,13.3463596656439,44.8193883248954,15.0
7.395833333,29.9823431550924,1.16164283011377,1098.2250411726,44.4978482871773,2282.00196145484,127.328451702147,429.840966246056,2.1599433261461,12.7315710804,2.53839925836647,0.511468871731071,3.33843186925505,4.23981874022265,0.0398212082145483,0.0032318097984896,0.0018196360593808,13.4014554548751,44.3106870622033,15.0,3019.65371694377,112305.0,240,29.9908118055192,0.972319510352434,1104.80606532394,39.0288153544914,2296.28184500445,128.313036465773,432.905671720885,3.97181567539696,14.392353302435,0.807152173870894,0.471427207997314,3.03634430569254,4.00957703809569,0.0089638416678298,0.0008985086436922,0.0004855662094806,13.3423196329122,44.6530851467732,15.0
7.40625,29.96931651977,1.2583777380706,1090.09524732764,46.8899931661945,2263.75654234243,126.294947070044,426.516008895619,1.84003228529081,12.4748160913763,3.5179553518799,0.557742960457854,3.46925178721939,4.28536020317826,0.0647881699908894,0.0046080185201404,0.0025198599265889,13.3650610513625,43.9503589523739,15.0,2998.12732331573,131380.0,240,29.980924458314,1.03037470164973,1097.7969696122,40.9725538805512,2280.70271490946,127.489665789522,430.195859504769,3.29990867561212,14.2892269125821,1.33553135696307,0.494928253187401,3.1406413811523,4.03453601735639,0.0154020866962647,0.0014140184980077,0.0007636841581323,13.3359446974453,44.3667109059678,15.0
7.416666666,29.9660998323989,1.35239871183252,1083.7329154962,49.9001771133009,2248.68488336336,125.416739385075,423.57878751877,1.66216396229643,12.2792593615143,4.59684400534642,0.606426481016211,3.6488355328167,4.31865624260449,0.0958909960050735,0.0062799193317884,0.0033861538336303,13.3751304597032,43.6432694021094,15.0,2981.21757920911,127990.0,240,29.9712740061791,1.09727125655784,1090.39828034174,43.3413634255051,2264.10274183641,126.581679876949,427.079267169051,2.75666137654565,14.2897598819813,2.04466815336673,0.524573844695238,3.27571641484618,4.04434372191474,0.0251784991464444,0.0021023328506936,0.0011305573359264,13.3351684106258,44.0504754365632,15.0
7.427083333,29.9721678135192,1.4695277399975,1080.78460326576,53.5420925352212,2240.85441671825,124.915989737701,421.844000167316,1.51743240492081,11.9578172847315,5.79809493978334,0.656337630151027,3.86854257823429,4.35908662164904,0.134256605124011,0.0082481735929246,0.0044427324647993,13.4645611969563,43.4666793416138,15.0,2974.05583632439,138900.0,240,29.9705466817909,1.17334609368906,1084.69363646925,46.1426806958172,2250.86380306177,125.823413142918,424.405261925874,2.36674383853706,14.2387162088432,2.94054563309291,0.556524029025405,3.44257041703828,4.05638490340213,0.040278070615097,0.0030995824602369,0.0016617232827188,13.3599915495428,43.7857379811093,15.0
7.4375,29.971495567219,1.60952822653039,1081.99439097053,58.0919544422484,2241.53446108782,124.854158552269,421.509595864569,1.38647881111662,11.505055840176,7.13471821178355,0.71653445408065,4.14861113697752,4.40793514371646,0.179204796009769,0.0105305245322853,0.0057357199304832,13.5813277085323,43.4420049910995,15.0,2978.5699244314,147755.0,240,29.9715935906554,1.2650482313124,1082.44628979143,49.8243510865642,2244.78675673289,125.407610445558,422.860750634675,2.04787677497094,13.9511778242496,4.13627060174466,0.596506659694711,3.66588999142644,4.09144723106694,0.0668524942456791,0.0047174865290657,0.0025258531024166,13.4022855576353,43.6391160607759,15.0
7.447916666,29.9685505090106,1.77642072807878,1082.26738383799,63.3219893719004,2239.52618142627,124.60586953313,420.449456341797,1.27527742281207,11.0118420156458,8.48404719236411,0.783646271671587,4.47946177053191,4.45863317080076,0.221326781059202,0.012675868801951,0.0070226100357686,13.7040847161848,43.3521338778253,15.0,2980.14226079168,159305.0,240,29.9703631479088,1.36997521016896,1082.41933423694,54.3235284964762,2242.9740834507,125.17458141663,421.888013776924,1.81641486844848,13.4663344384697,5.52756175059243,0.643710266644886,3.94561651505734,4.14453265100439,0.1084302152793,0.0070312475867763,0.0037766036296196,13.4550781830758,43.5545319121333,15.0
7.458333333,29.9690139562143,1.92503889631849,1079.89387648313,68.8203616960728,2231.10935748974,123.966357433903,417.993772841739,1.20671186213834,10.5527959050189,9.67733485255466,0.842031319366877,4.83705532479045,4.50575462707184,0.253251539466291,0.0143253348478513,0.0080623500393763,13.8033341773316,43.1259850952292,15.0,2973.68228327987,160855.0,240,29.9687538870709,1.47639361854998,1081.38196929643,59.2130286705189,2238.3565279604,124.742695841232,420.176552634707,1.67209089124568,12.926258302677,6.89120314871573,0.691587303526046,4.25828578834144,4.2005951018354,0.157807442571313,0.0095604206130063,0.0051815483400115,13.5031154691798,43.3993444626012,15.0
7.46875,29.9745503608984,2.04314772620488,1077.38129893709,74.3593707639408,2222.11542660732,123.273098864035,415.336020789345,1.16637552208348,10.1350536942778,10.5845081363675,0.876711462715541,5.19574259946344,4.5497438805041,0.273278615723167,0.0153618737448532,0.0087394103741781,13.873487517173,42.8808456577019,15.0,2966.50954621457,160900.0,240,29.9712742767763,1.57737807627378,1079.15402320046,64.0816123268078,2230.71481712765,124.117232506712,417.76243017042,1.58738903702679,12.4353950773334,8.02003380906329,0.729856849228909,4.57427336236042,4.25010872789926,0.201481511402396,0.0116315022083853,0.0063688874150407,13.539592348042,43.1761446247858,15.0
7.479166666,29.9794806214744,2.13457205728112,1077.00379530189,79.8765797416876,2217.47810448212,122.812585600775,413.461935737325,1.14002942879883,9.77825157102723,11.0820755329895,0.891991148094585,5.54826144175393,4.58796466195802,0.284428401327359,0.0159611668235292,0.0091493508451777,13.903276331502,42.7160355455431,15.0,2965.01177730701,159345.0,240,29.975790540988,1.67292698164098,1077.58325638599,68.9105437106148,2224.20239708039,123.538805241374,415.49223635393,1.53116930135941,12.0033864272966,8.81088015970711,0.75791132941581,4.88598752512624,4.29347187922502,0.233890471224915,0.0130826125971584,0.0072316694605823,13.5602926352104,42.9690267499155,15.0
7.489583333,29.9884655122654,2.15630907740874,1078.70510987294,84.4461005948682,2217.81555528841,122.640135720246,412.553414164925,1.15113045525948,9.56732749603106,11.0998336950066,0.881850412545432,5.83488039619791,4.60825132662552,0.28933494142462,0.0161215269124319,0.0092621273651055,13.9004334654956,42.6506171685634,15.0,2969.10819960747,140235.0,240,29.9813603973741,1.74085583221003,1077.77105482638,72.8721201142835,2221.66961859367,123.197792528812,413.997567575221,1.50771870371072,11.7817727124745,9.06911215582833,0.769730821197759,5.14112274142174,4.31143167423993,0.249971248646165,0.0137581348022485,0.007646013772105,13.5555911319832,42.8444357643232,15.0
7.5,29.999292594743,2.17934748067613,1082.36833366914,88.0564398528234,2223.94823720212,122.804599774234,412.801834597924,1.15304949320677,9.40330332452356,10.9203001151668,0.861329882947846,6.03998529423419,4.61968619182023,0.288676952912816,0.0160538028392621,0.0092268414842052,13.9238160460654,42.7022718591536,15.0,2979.51128771655,133475.0,240,29.9906342492069,1.79106170822084,1079.67069837264,75.8286361449855,2223.70163574626,123.131383229832,413.426922227839,1.49339192476703,11.7106047767061,8.9481270213499,0.77033475208523,5.32308638182639,4.31006234263431,0.25188921174129,0.0138222665824109,0.0077036463612947,13.5552334979339,42.8156466972768,15.0
7.510416666,30.0010110184513,2.2153228052173,1087.79441995239,91.2566554925334,2234.57444139419,123.222671294321,413.912006847391,1.136987774221,9.24356603689384,10.6665524915748,0.849803556020353,6.21231404857328,4.62822541631051,0.286116360958773,0.0160138496836416,0.0092289052833917,13.944949653211,42.8421646037923,15.0,2995.20176968846,133450.0,240,29.997357270718,1.83889871473228,1083.42050444594,78.611067718234,2230.48766294449,123.326590359539,413.768153813892,1.47098117616923,11.5990323960333,8.72962076560826,0.772124201216569,5.48173110611349,4.31235589724885,0.249307316019032,0.0137212154854542,0.0076731241380214,13.5627903228705,42.8780456614223,15.0
7.520833333,29.9996156011513,2.23267261476403,1093.21298323448,93.6617525173948,2245.26885799054,123.652254555596,415.04711995998,1.13052600967286,9.16578487630369,10.2826568669157,0.841122474393913,6.34383521627914,4.62717428861356,0.282593535541958,0.0159011618758487,0.0091827222731782,13.9389152415878,42.9861217848349,15.0,3010.37181753212,127860.0,240,29.9990095956737,1.87558631042296,1088.27619004705,80.952805107339,2240.0672529172,123.680810718721,414.650446587393,1.4527650713005,11.5109244365673,8.41127575795106,0.773956855779967,5.61206054330584,4.31122572432846,0.243973530532144,0.0135084289165475,0.0075743537160056,13.5612883247506,42.995907386743,15.0
7.53125,30.0000761479535,2.247325882629,1097.78841046814,95.396987811126,2254.4118459549,124.000860132511,415.91652387623,1.12456236779378,9.12640781339434,9.82362439500802,0.832517857918831,6.43705642787963,4.62277997214079,0.276440580869156,0.0156487878860122,0.0090412766983033,13.9352965601992,43.1023805129161,15.0,3022.96275656686,127480.0,240,29.9996238798438,1.9025252535796,1093.10694851548,82.7029611971695,2249.80519362772,124.051215374548,415.58884619631,1.44081357964495,11.4727796168464,7.99559067742692,0.774172874374976,5.70898114321119,4.30511511884127,0.234188256085234,0.0130963468237336,0.0073532117517743,13.5588801298855,43.1198772687696,15.0
7.541666666,30.0029267154223,2.22966965838823,1101.72021016837,96.1132620116887,2262.7562161919,124.315796930767,416.67170490222,1.14358192821546,9.17190252855664,9.29184751708436,0.820900231853469,6.47123632021487,4.6070949777343,0.268953499133711,0.015222266469833,0.0087764055603997,13.9146888370702,43.2072770246419,15.0,3033.58835042218,112005.0,240,30.0004715969136,1.90998524217027,1097.32928727428,83.4439562267261,2258.68895378051,124.392445683982,416.416708829551,1.44741445469124,11.5654993899344,7.45145747310649,0.770901974223217,5.74756897971163,4.28317664750188,0.218133116232465,0.0123747853115069,0.0069380409345026,13.5430037808367,43.2344052376566,15.0
7.552083333,30.0030873531088,2.26310273832357,1106.0199223352,97.1766881051551,2272.21099976034,124.686101623009,417.65865750671,1.11640533573126,9.08243531484285,8.88869819620857,0.814619163268363,6.51809236963461,4.6093046375095,0.259016232345716,0.0148565559992868,0.0085627227789719,13.9536019794195,43.332532023911,15.0,3045.81367601574,132775.0,240,30.0030837843291,1.92847676791535,1101.55477612029,84.4103869156187,2267.71213482317,124.732106185226,417.286142601763,1.44029400488766,11.5329138631518,7.00088378095379,0.768498706273572,5.79587533678309,4.27873709408517,0.201758432770415,0.0116354947976122,0.0065195532345441,13.5571967314757,43.3492313640794,15.0
7.5625,29.9930108495483,2.28596743970515,1109.55980769758,98.4639375470096,2279.30755568357,124.914143417082,418.136247395291,1.10644227108088,9.04433708984271,8.53532102108959,0.822516057268329,6.59174538925233,4.60849508555134,0.253528209476586,0.0146587063825349,0.0084635439109977,13.9176290558039,43.4084630419427,15.0,3055.34261608686,129525.0,240,29.9988202902426,1.95428306338348,1105.87913419192,85.962144626429,2276.7665113012,125.054291527536,418.124913420343,1.42818391889502,11.3706138762846,6.68577994658103,0.77337053886345,5.87912956666119,4.29243473004554,0.192393875232063,0.0112084644502984,0.0062849427005509,13.555625267969,43.4582239534744,15.0
7.572916666,29.9946159495203,2.28275057279315,1110.59015365195,98.8747785456601,2281.16757242354,124.851457320386,417.638539341796,1.12038122922819,9.07741640028125,8.16657979566813,0.823029328127702,6.62048625948837,4.60027584533318,0.246286671596432,0.0142358591406093,0.0081978834252607,13.8954075470747,43.3837136229854,15.0,3057.37966117974,121550.0,240,29.9952558748498,1.96270135415181,1108.62322310291,86.5414581954719,2282.45745547994,125.202475503966,418.340878376105,1.43708137444051,11.389279381731,6.29402346455628,0.775462637629676,5.91443440222154,4.28519160580361,0.178750229370974,0.010549556219297,0.0059049380338183,13.5398110170767,43.5072398699922,15.0
7.583333333,30.0003307557224,2.27536300551891,1111.7675445924,98.8973915896161,2284.16332509587,124.850458195206,417.38371932227,1.13405440085442,9.05807863609104,7.83383995764043,0.818013103634493,6.61750051357546,4.5964653296794,0.237331039788385,0.0137322176212942,0.0078785960418481,13.9081710947911,43.381057278713,15.0,3060.33262205556,117020.0,240,29.9969326264354,1.96207871363619,1110.15491749184,86.4622713317372,2285.91118801238,125.233187934164,418.165180161391,1.45692465483692,11.4720530884974,5.88262519952815,0.773561809424722,5.91060584834644,4.27025907045599,0.161542599151318,0.0096914092458964,0.0054061177325495,13.5326378272326,43.5161630698958,15.0
7.59375,30.0055763576499,2.24056698388074,1114.40467695971,98.1623372445446,2291.11802563189,125.078854054784,417.908537194168,1.16203962861234,9.06099490875017,7.48629356211784,0.807885492084828,6.56657907199357,4.58617296783413,0.227269988644017,0.0131569942128613,0.0075159148547294,13.919515474388,43.4585837247005,15.0,3067.59826110735,102800.0,240,30.0004580576367,1.94613939150029,1111.87401042378,85.6285711832867,2290.45007629591,125.33717393927,418.238281483163,1.49098584961413,11.6239726948072,5.42856240966451,0.767442490432021,5.85923295853984,4.24454186362325,0.14131385058303,0.0086561464470762,0.0048069269162486,13.5207854644245,43.5512774413285,15.0
7.604166666,30.0121516269005,2.19062077447931,1118.24366285354,96.4945915144438,2301.41485914715,125.512269929114,419.136404862369,1.19253339504817,9.09131431420856,7.10022651793168,0.790429373940005,6.45937987183566,4.56896657844256,0.213817788476628,0.0124316957063384,0.0070622870799719,13.9473665935359,43.6080488803719,15.0,3078.30737789024,93660.0,240,30.0052138364213,1.91355810087261,1114.32163965658,83.9042645262464,2297.23683669515,125.587774449765,418.803350079616,1.54112809969032,11.8658841719221,4.90776258923934,0.755694005546131,5.75402994735082,4.20477915021271,0.11760914713654,0.0074025938207259,0.0040888472581616,13.5091859226678,43.6381417990312,15.0
7.614583333,30.0075047202668,2.20820421744895,1123.81769373871,96.1351064951947,2315.16144104213,126.127107237266,421.035443443183,1.1501940275121,8.86438228315387,6.96922052013804,0.781390993413334,6.42165624215151,4.58676324220899,0.20776077576782,0.0122326185001989,0.0069472927808834,14.0407319875362,43.821501174383,15.0,3094.57371984815,126600.0,240,30.0089926600967,1.90743626181743,1118.41846397516,83.5836030521544,2307.44133737064,125.998967114602,420.010129961381,1.54444996231437,11.7001333707226,4.70869579622381,0.747375969526596,5.72422715467962,4.2160358448044,0.109505382454584,0.0069590310552341,0.0038391553344916,13.548352192028,43.780799065347,15.0
7.625,29.9919075700704,2.19093059223718,1126.26846223271,95.7390658181285,2321.19925228669,126.322770116697,421.452779917878,1.15565420779891,8.86938440726699,6.77702482759211,0.785803584783704,6.39818540786356,4.58357132314089,0.207492917816511,0.0122557655307435,0.0069790157431845,13.9605369967005,43.8889887780348,15.0,3101.1534893626,115230.0,240,30.001599314794,1.90573928204176,1122.97567560289,83.9148813277276,2318.33524415546,126.438550080047,421.323331365807,1.53403159578113,11.4298674563295,4.64790052225689,0.746919806023351,5.73452737609887,4.24301301018858,0.109472687300588,0.006979897602127,0.0038595097518672,13.5422195893225,43.9331460675918,15.0
7.635416666,29.9955074580322,2.15515429437576,1123.20263706015,94.1988268367274,2315.58809902013,125.895998313273,419.786150746879,1.1942107719319,9.04422085031145,6.46054746576007,0.776921298548329,6.31160012519373,4.56220231853812,0.196693327795254,0.0116184694136773,0.0065801739419417,13.9031901480976,43.7406944609411,15.0,3091.80930482858,106785.0,240,29.9966228655454,1.88358399478724,1123.92208599996,82.7997884090524,2321.45918691749,126.487069345862,421.253171810263,1.57251469017456,11.5343627952538,4.35485508939871,0.741209070419958,5.67013278618483,4.22702239377128,0.0975533150573354,0.0063226918892401,0.0034885788528039,13.5111969341791,43.9502820189592,15.0
7.645833333,30.0009886964753,2.14141604242973,1122.44314340478,93.1486244498332,2315.14882470085,125.751249604334,419.118598794163,1.20671767434921,9.09148063361292,6.2434382654454,0.767058784898934,6.24475177656545,4.55529512194988,0.186575464612856,0.0110676504548888,0.0062391939653595,13.9015102415587,43.6908889976504,15.0,3089.47599746371,112435.0,240,29.9981648659828,1.86525386429898,1123.0562234743,81.6366577984911,2320.64970665844,126.324761051591,420.500576642976,1.61559889799158,11.6433496941642,4.08355432713566,0.734030180762109,5.6008443500552,4.21258976876197,0.0863501548847777,0.0056789857552769,0.0031243610001713,13.504077011244,43.8945360910189,15.0
7.65625,30.0039721228588,2.0906060705269,1124.91732077676,91.6024928618838,2321.90874729865,126.014874031443,419.804225824292,1.25068633954926,9.22024109281692,5.96746471772868,0.75671046317812,6.15232346339947,4.53452832806886,0.175205481581663,0.0104519018816924,0.0058696592848827,13.8629021638393,43.7829468195162,15.0,3096.02295570941,91105.0,240,30.0002551946823,1.83387031986657,1123.3879293953,80.0395474940476,2322.66628772443,126.333937644777,420.317879055868,1.67999101448008,11.8479657318676,3.74514304439961,0.725626693272032,5.50551042535059,4.18438120908262,0.0732677049015518,0.0049128993284438,0.0026945211668385,13.4803235148525,43.8986877825553,15.0
7.666666666,30.0119417737234,2.0361227807711,1128.63464407754,89.2684495571339,2331.8326284566,126.472953646234,421.164883701199,1.28795760065719,9.35899371402946,5.65263297340445,0.738416624690556,6.01443393699371,4.50845672201817,0.158629640443467,0.0095665832456599,0.0053380343730624,13.8804010704617,43.9430582011505,15.0,3105.98746322989,87210.0,240,30.0043988315476,1.78601575447664,1125.13978084797,77.6492023041238,2328.06144985874,126.554488642707,420.83589003922,1.77856747976134,12.1807038582528,3.30046836905454,0.711971839840148,5.36557982573513,4.13694252263065,0.058374999502605,0.0040067597797831,0.0021882712242271,13.4650388661386,43.9765209577977,15.0
7.677083333,30.0138337251239,2.0030572989062,1133.20687862931,87.4264803327831,2343.68963781595,127.03776915373,422.941860606425,1.28998730041044,9.32164518277143,5.49287319716785,0.724137634038898,5.90002531301255,4.50377175643601,0.150472963645269,0.0091405829353212,0.0050842854235324,13.9302718709086,44.1403551193605,15.0,3118.83223624317,96230.0,240,30.0092641466601,1.7471422187314,1128.2510096507,75.8528974112828,2336.34574731325,126.927271960708,421.934590950549,1.84809007670032,12.2900710542801,3.03333323075471,0.69906585355491,5.25716930614617,4.11632483570291,0.0509079338295118,0.0035511330679421,0.0019379631286446,13.4764052727493,44.1070590973633,15.0
7.6875,30.0080386211853,1.96780164681086,1136.17020691131,85.6542518244577,2352.05373424854,127.415519542864,424.091896399662,1.29775972103385,9.30455381546651,5.3890908556371,0.717204350822495,5.79033030889135,4.49974029353398,0.147134494976996,0.0089828590506667,0.0049948797915908,13.9268504803976,44.2724930131277,15.0,3127.24357645498,95985.0,240,30.0100158604814,1.71550276478698,1131.88690780808,74.5199944351793,2345.77962955984,127.359699579457,423.276719489212,1.88339326248744,12.2452690485002,2.91057118573833,0.689443733729092,5.17373794535444,4.11522675947679,0.0476869510677744,0.0033602590308463,0.0018353307530024,13.4811224951775,44.2581971519901,15.0
7.697916666,30.0034875498883,1.93336068420049,1135.91598195262,83.6949548625985,2353.43131243882,127.416679874464,423.977840321294,1.31236776333996,9.35541365291161,5.30831562386035,0.711128956505603,5.67232454958812,4.49113392671642,0.143164742729591,0.0087720916619146,0.0048696079100011,13.9124417955488,44.2738308381776,15.0,3126.53295021598,98185.0,240,30.0075084393628,1.68386280925423,1134.20033029068,73.1075050745111,2352.41976355086,127.646783113896,424.134610045326,1.91668269482806,12.2180012652008,2.82368085215374,0.680873869322884,5.08662892090525,4.11375996364019,0.0453266527247189,0.0032189536169588,0.001758440072541,13.4785636295438,44.3587746674018,15.0
7.708333333,30.001727221395,1.89531071261829,1134.67168617068,81.7785042364423,2352.50861043197,127.29724082085,423.46162361976,1.33748266496844,9.44788372829519,5.22838205994224,0.703649229889537,5.5584648333814,4.47937272422363,0.13853105386137,0.0085215367033994,0.0047209893828002,13.8858229583307,44.2332728108787,15.0,3122.96320356793,95070.0,240,30.0046764672458,1.65104569882721,1134.72266071169,71.5526979071267,2355.18717523681,127.731090262518,424.308204372381,1.95768344342626,12.2507027754058,2.74068911604005,0.672292845866714,4.99247685944268,4.10696417977093,0.042930572875605,0.003069456147366,0.001675291427007,13.4704449518861,44.3888615866159,15.0
7.71875,30.0032192831029,1.85592369600801,1134.16786320486,79.9272407694908,2353.01402268995,127.266384673413,423.251366611395,1.36674713980878,9.56069998082688,5.10186068634225,0.692735686289581,5.4494364693125,4.46511925895695,0.131711161047324,0.0081519392698842,0.0045043329584943,13.8643608318742,44.2236069828949,15.0,3121.38786369901,92400.0,240,30.0034961959137,1.61591020636112,1134.50938662515,69.8547596001246,2356.28640912793,127.736125027083,424.211415741421,2.01711474932445,12.3572420182627,2.61759044229183,0.662577345225416,4.89129527774414,4.09204482811349,0.0397119759421252,0.0028638040667912,0.0015607680421599,13.4606313601369,44.3914041243978,15.0
7.729166666,30.0052898849939,1.81947113928729,1134.5723723896,78.2023310229103,2355.3346025694,127.346843450124,423.432226058716,1.39482446427389,9.66673972452228,4.93247735783059,0.680548322902081,5.34743481362047,4.4514892835429,0.123863995891864,0.0077291051784629,0.0042604330021965,13.8468947507744,44.2527479618169,15.0,3122.35584258943,91040.0,240,30.0039742190294,1.5814750170646,1134.41890031956,68.2058536213752,2357.5158037503,127.757526451387,424.181902127191,2.08712522944118,12.4786739001661,2.47005238812032,0.652344841704795,4.79329626278382,4.07577660000192,0.0362577789754026,0.0026419507502202,0.0014381800331692,13.4530848414736,44.3996538331515,15.0
7.739583333,30.0058784866217,1.78906149758992,1135.38434729091,76.6526085983956,2358.40237212754,127.477028910286,423.800383678043,1.416021965948,9.74912956924644,4.76462456776799,0.670381236120196,5.25498661663865,4.44134780736983,0.116857061329257,0.0073502573758383,0.0040441284910687,13.8330024393975,44.2992371862272,15.009342506786671,3124.51198334355,92735.0,240,30.004919411639,1.55097681383007,1134.72901459373,66.7698566754874,2359.45192054162,127.822727683112,424.325386019289,2.15443097849618,12.5605922167045,2.33381921929742,0.642978787244412,4.70732532868848,4.06513517431748,0.0333478876219693,0.0024566428303487,0.0013368799511612,13.4490931447929,44.4231599512367,15.0
7.75,30.0045846861489,1.7619331068442,1135.90660784887,75.2490532569288,2360.72691778029,127.5728074896,424.062984272878,1.43584108580237,9.83094468378044,4.62127691494852,0.66286902934591,5.17087770636963,4.43250888215103,0.111113668938991,0.0070407193164876,0.0038692026177216,13.8115067114296,44.3337489206569,15.018685013573341,3125.88908967692,93330.0,240,30.0050771269466,1.52447253852968,1135.24441045774,65.5433721380426,2361.69655152061,127.909037519317,424.562220075328,2.21345180391887,12.6052353188774,2.22175229767764,0.635058929178755,4.63322662165268,4.06013832948727,0.0310739311799129,0.0023113224740177,0.0012577127838054,13.4445597011636,44.4540467539705,15.0
7.760416666,30.0032353576667,1.73708974307682,1135.7601164936,73.9327015427668,2361.53307194703,127.58961769299,424.064536931565,1.45582409384826,9.92381877074855,4.51589030947177,0.657266012059117,5.09214889483131,4.42313632678942,0.106351432155566,0.0067787759103558,0.0037203356351071,13.7898896138133,44.3407466736511,15.028027520360013,3125.4155934612,93350.0,240,30.0044041118635,1.50003623250692,1135.57075412395,64.4103296739079,2363.44045020413,127.973724412631,424.736511515314,2.27017781354566,12.6510111044868,2.12499057440152,0.628208716589557,4.56470511766015,4.05593560279304,0.0291684876616805,0.0021876122914707,0.0011899044320596,13.4387452366944,44.4774360247776,15.0
7.770833333,30.0025967187002,1.71466063224113,1135.30655371652,72.7364650231245,2361.62840246863,127.568421966449,423.944292700303,1.47247624340921,10.0081986893712,4.46569633889985,0.652760049318577,5.02063696306693,4.41486477685639,0.103310893775728,0.0066073281169535,0.0036211713142462,13.7752031586708,44.3343789385632,15.037370027146684,3124.13888611019,93270.0,240,30.0035847574599,1.47747943917126,1135.53701482434,63.3501309470963,2364.34335769507,127.996977182146,424.776255910573,2.32020127620906,12.7049478416199,2.05456295561539,0.622120842949579,4.50064080283503,4.05131394048651,0.0277859853968579,0.0020978419173055,0.0011403521790903,13.4340602183517,44.486383343344,15.0
7.78125,29.9975111803976,1.72798665604776,1134.66515570205,72.5127997516988,2361.00734483189,127.487192773488,423.668907128982,1.42393232748401,9.90704060583846,4.66428756036147,0.655530009041531,5.00269825816277,4.43231097704919,0.112331600796972,0.0070915450488069,0.0038880605919406,13.7874045189475,44.3065601824887,15.046712533933356,3122.73597027795,115685.0,240,30.001978268277,1.47607868215075,1135.23653998628,63.17718321702,2364.44588927557,127.956839630838,424.646348843025,2.26054207974686,12.5556790470107,2.21433013044848,0.620372753747307,4.48615625029551,4.07467991162089,0.030786072400917,0.0023271535368251,0.0012703189658122,13.4493606375778,44.4731180198925,15.0
7.791666666,29.9879756462382,1.73646623300566,1131.6789015904,72.7173781589874,2354.79947586032,127.095960379957,422.313466173595,1.40148899453445,9.89647868736138,4.92045599187697,0.665993455673097,5.01445599296349,4.44246486420447,0.123789829311049,0.0077417590431319,0.0042600996515224,13.7248409620829,44.1706266725582,15.056055040720025,3114.58185662686,112545.0,240,29.9955862443671,1.48645682632882,1134.0785761105,63.5719080863557,2362.44858232578,127.792760727498,424.083728354097,2.14648043629948,12.3843069255851,2.49183644172623,0.624429517232549,4.50530311953137,4.10322515268536,0.0361226743615942,0.0026867786979703,0.0014681239224382,13.4429484427726,44.4165964612499,15.0
7.802083333,29.9896819781107,1.74094512922644,1126.00083283786,72.7363428540838,2342.68874063002,126.393616673856,419.88558026872,1.40740742186177,9.98327774917145,5.05236922865528,0.669824492780875,5.01750262108696,4.44022968962679,0.128068960108116,0.0079653530105684,0.0043839778100745,13.6884568830505,43.9268056987469,15.065397547506697,3098.72393922246,110155.0,240,29.9913680914,1.49097073966836,1130.80267364658,63.614706017026,2355.72567078542,127.38532587687,422.647130792555,2.10151541187598,12.4165945217645,2.6507841111359,0.626994453767514,4.50786161862589,4.10674478706004,0.0391724949429075,0.0028800216485658,0.0015708405451525,13.4295618188365,44.2753889291507,15.0
7.8125,29.9937220925985,1.75574238272183,1123.53527192331,73.1711609335537,2337.40638434668,126.058780945637,418.685963373173,1.40413660624209,10.0041973345496,5.08550771828503,0.67324320820364,5.0428195997404,4.44349016739804,0.129934667959405,0.0080588590122513,0.0044370217127989,13.6862980898665,43.8109237974729,15.074740054293368,3092.00136398987,112445.0,240,29.9918647726052,1.49875105994854,1126.93553008878,63.7603906123116,2347.59625559035,126.900843617004,420.941037943295,2.07875069315332,12.471047529319,2.74894901867952,0.629438712266293,4.51635500791832,4.10707711478021,0.0411621653613252,0.0030078773129112,0.0016395152152931,13.4275783142423,44.1074008442573,
7.822916666,29.998488361005,1.74076575709847,1125.34684507565,73.2445286702697,2341.50990184488,126.241988743858,419.179846322824,1.43699567642532,10.0982617229455,4.97254704286868,0.672638592543267,5.05011463587977,4.43281658860491,0.123903615533017,0.0077449538925987,0.0042618602208265,13.6873936628781,43.8754041044025,15.084082561080038,3097.04888607141,94380.0,240,29.9940237578616,1.49457268661487,1125.48761474783,63.5587339925893,2344.75279511538,126.715177380686,420.19925174244,2.11387949563569,12.6367594229065,2.65727978646512,0.629649603891039,4.50610803451202,4.08987107555294,0.0388409527005223,0.002838422754361,0.0015424832229157,13.4195310434168,44.0434769070669,15.0
7.833333333,30.005004162434,1.74071759371343,1129.05896586605,73.2697167869945,2350.03037845416,126.665440529092,420.507106459228,1.43051935191698,10.0864275724238,4.91551376811558,0.666651977196272,5.05105961789799,4.43144456924662,0.120201857325428,0.0075190101500351,0.0041275068005129,13.7415915800574,44.0233694822971,15.09342506786671,3107.66623318337,103370.0,240,29.998812225778,1.48776532027379,1126.4859558988,63.2931871311738,2347.2724465813,126.820822180689,420.441019193796,2.1585126692778,12.7660400367332,2.53712329361306,0.626752441846729,4.49216545749927,4.07411156858654,0.0364750848071671,0.0026835539047945,0.0014574635720768,13.4289476010097,44.0808341670244,15.0
7.84375,29.9983789067556,1.7749659727123,1132.65489278811,74.2723649469555,2358.10699798995,127.042109001243,421.713071652479,1.37090841969796,9.89212073164325,5.09246706720212,0.675428348604367,5.10452276417791,4.45407843834207,0.130496066100449,0.0080817642688147,0.0044504554360673,13.7759024248086,44.1544197860406,15.102767574653381,3118.45789212358,120725.0,240,30.0008947806559,1.50518762595024,1129.34330950968,64.1960714320525,2353.6728315252,127.102931915825,421.339927401406,2.08782946410051,12.5630945717805,2.69449985087916,0.630251165494882,4.54216246263849,4.1000023454162,0.0402829157975863,0.0029534936479566,0.0016116101921196,13.4525805713735,44.1793784776913,
7.854166666,29.9899953103828,1.79037311644007,1131.41644215101,75.0406408633404,2355.45231542578,126.832907332408,420.906651169619,1.35751280316332,9.86196426751612,5.27792077863776,0.690050627906346,5.15228700794537,4.45982116629625,0.1392823696136,0.0085726236697444,0.0047379510996858,13.7458613106593,44.0816347056097,15.112110081440052,3115.29794373583,112590.0,240,29.9957761520469,1.52359438286894,1131.15214371102,65.1956511889061,2357.77195080219,127.255714978095,421.778058345849,2.01096418545413,12.3976638880955,2.88964882345993,0.638019692333245,4.59964442392607,4.12160737121557,0.0447805448528112,0.0032411693677393,0.0017704531711122,13.4494866776811,44.2328464230299,15.0
7.864583333,29.992935517665,1.80559794799071,1128.30613392328,75.5711826288302,2348.88545107754,126.407740080786,419.369740806115,1.35026959806736,9.85568755263421,5.48185972291173,0.696912127347357,5.18640911311955,4.46208443768537,0.144867610077919,0.0088447736408465,0.0048874008179103,13.7569922749774,43.9338434645928,15.121452588226722,3106.85556898586,114015.0,240,29.9932298285017,1.53494252031416,1130.19015080907,65.7008101474315,2355.90970528297,127.092244033084,421.115029312221,1.97534501423185,12.3873670952702,3.02854443248344,0.643040838484412,4.63166865731235,4.12407037633604,0.047929818822431,0.0034321456950344,0.0018723054696632,13.4489589580897,44.1762342566584,15.0
7.875,29.9966009869376,1.81343189215804,1127.81639525843,76.2055809582845,2348.1235298045,126.292059810751,418.861694398559,1.34518527469614,9.81159982833378,5.68902588740027,0.70093427021562,5.22482669642314,4.46581944683808,0.15109576638595,0.0091639772413951,0.0050684559834559,13.7765226814445,43.8934293442775,15.130795095013394,3105.8945171811,108900.0,240,29.9942146793366,1.54407229159868,1128.79187303053,66.1112398670305,2353.18552684009,126.879809638673,420.272520700974,1.9452793321629,12.4044021384827,3.17122616141196,0.646647493619631,4.65770479050503,4.12178936100717,0.0511329368129072,0.003624892589669,0.0019750768344046,13.4523625534064,44.1024320418736,15.0
7.885416666,30.0025535097521,1.79519496672186,1129.49083311319,76.219423039032,2352.43722986988,126.464673622076,419.295873057501,1.36358052209144,9.83497639104076,5.77318240042137,0.696039348212445,5.22749554502151,4.45702268594662,0.151533802831586,0.0091818804267972,0.0050756390666347,13.7967440543015,43.9532591437078,15.140137601800065,3110.89596888404,95335.0,240,29.9971667329765,1.53854014856423,1128.70111394942,65.9357609377978,2353.55540242826,126.850781051128,420.008095438105,1.95389107753296,12.5482002774485,3.17492125732551,0.645246194798474,4.65014014132239,4.10011821612755,0.0506715477746402,0.0035824166898754,0.0019474162006155,13.4487489429167,44.0923616593582,15.0
7.895833333,30.0007476923321,1.84995623503035,1132.63350896637,77.3892834912191,2359.84334287093,126.779491914326,420.272420785732,1.28575202158599,9.55606169628184,6.12942195998902,0.703488037375418,5.2900479907159,4.48557590193288,0.164546963691732,0.0098633415594877,0.0054678725005395,13.8896725903108,44.0622407526582,15.149480108586735,3120.73521658592,131055.0,240,30.001119838016,1.55838052532201,1130.22237086137,66.8468832418411,2357.32037941748,126.971085462801,420.313526052677,1.87841073189111,12.3524365540971,3.46777451346998,0.648498077051863,4.70163091227471,4.12027180697139,0.0589604495156148,0.0041050096660091,0.0022366463584873,13.4887966826063,44.133735737138,15.0
7.90625,29.9867853255679,1.87699085148018,1132.24187590821,78.8211987111799,2358.84073611153,126.627317301227,419.617725969657,1.26041724719446,9.42009091888198,6.45721050509668,0.727002464043081,5.38031427568197,4.50083700351067,0.181983447044374,0.010824347343634,0.0060520630137621,13.8503800046714,44.0082667044051,15.158822615373406,3120.11784052966,120480.0,240,29.99478026113,1.58871593702725,1131.99249069146,68.5385439478957,2361.40248974329,127.082927586637,420.593543381351,1.7719461061996,12.0186997156206,3.92175953228445,0.661700268071903,4.79963470450112,4.15847671865537,0.0728890943952804,0.0049522413752773,0.0027075592122212,13.4947646805824,44.1717378291311,15.0
7.916666666,29.9914809224368,1.88456588466258,1127.0872804101,79.4090896947175,2347.75589096341,125.941696893634,417.154823744534,1.2732000385261,9.43636490787045,6.57585537040011,0.730963140945369,5.42256429081338,4.49897227225187,0.185473681948268,0.0109673164276606,0.0061319873110101,13.8412778997027,43.7693512739409,15.168165122160078,3105.83859973525,115355.0,240,29.9911349122859,1.60136573723338,1130.35067460164,69.1920528204308,2358.07671858059,126.817800602838,419.535905490828,1.74672581887338,11.9941130271016,4.10021852182777,0.667588626770803,4.84412722338916,4.15931071104371,0.0782512018136233,0.0052602537420051,0.0028753285908241,13.4851909790149,44.0788056694603,15.0
7.927083333,29.9984455138842,1.89175687722265,1125.28376746981,80.0698425402388,2344.26687313325,125.667717065251,416.071551279967,1.2794605500527,9.40625275794765,6.65009697867365,0.729048096598481,5.46172382985404,4.49963965871278,0.186204202628242,0.0109769418134426,0.0061326450542481,13.8590175424608,43.6736625043128,15.177507628946747,3101.27506049462,111940.0,240,29.9938105877128,1.61046371366871,1127.58874533096,69.549512673031,2352.46710524569,126.434375154601,418.070018790034,1.74439540270954,12.0343471944426,4.16868319737957,0.669669948432298,4.8690616145684,4.15175008163382,0.0798922614304065,0.0053439902167219,0.0029179605336616,13.4855612393661,43.9449094133892,15.0
7.9375,30.0059591174046,1.85137018470243,1127.1873245629,79.7247200025003,2349.32813865189,125.881049177947,416.581443072072,1.32438907094888,9.51387251186778,6.5217888005488,0.715445890904954,5.44288501043932,4.47797064294983,0.180002257303566,0.0106400612482686,0.0059298470974534,13.8500161915341,43.747323652683,15.186850135733419,3106.83749934,87415.0,240,29.9982410315015,1.59734145985567,1126.79982464641,68.9852255609495,2351.54928488708,126.33396212375,417.504757208535,1.78572127287956,12.2789389424186,3.98785875061988,0.66463005718995,4.83918629863653,4.11503326580434,0.0730154030289103,0.0049305720704405,0.0026854903374205,13.467733850857,43.9097716560221,
7.947916666,30.0072409427319,1.89669582060353,1131.69276220408,80.5199783368098,2359.94363475084,126.379102953085,418.12874475339,1.25700951643421,9.29108670739955,6.65504609460156,0.710853650245554,5.48110680690378,4.49756792756459,0.182529822528297,0.010794496820319,0.0060192229455535,13.9605813086853,43.9202514582875,15.19619264252009,3120.43835584237,129070.0,240,30.0046565684604,1.6079844883984,1128.42649128342,69.4482635197657,2355.76470866883,126.4833791745,417.856517461624,1.76330785404359,12.1804322275608,4.0556139426496,0.662324686677152,4.86404204056811,4.12050755070779,0.0759746691419917,0.0050993497026635,0.0027791746644741,13.5088422931426,43.9611583367848,15.0
7.958333333,29.9909736288014,1.91027785304097,1134.40253818188,81.7026319797598,2365.75309247894,126.612059841696,418.716151213887,1.23991077179648,9.22942832319156,6.77133960912562,0.726995272243116,5.55363026984156,4.50278600360671,0.194053670352383,0.0114570219865576,0.006437879526862,13.8947729961298,44.0002332695338,15.205535149306762,3128.39003022427,116240.0,240,29.9994971731758,1.63145266369847,1131.77827527783,70.9582424010189,2363.41483434889,126.792454024943,418.769552971326,1.69874407824565,11.8679867725039,4.32842146416017,0.671150952877272,4.94889024719158,4.15430905345991,0.086659526295254,0.0057387839354117,0.0031421539160046,13.511507251699,44.0676673944896,15.0
7.96875,29.9921702475619,1.92271366223665,1130.60392333994,82.1287380239737,2357.48189069607,126.09296872579,416.789167885972,1.24261730608165,9.30964189914312,6.74438938726633,0.729287232826816,5.58477038314307,4.49488989696941,0.194274943807759,0.0114477437276956,0.0064310795330933,13.8638497791839,43.8192703158968,15.214877656093432,3117.68696924073,120490.0,240,29.9945246682604,1.64306542149341,1132.16783978092,71.6128414159964,2364.45742749698,126.767351841289,418.502628515294,1.68270726759715,11.8357805333372,4.39142049159728,0.675315456228235,4.99128550098039,4.15645528785778,0.0895793349753303,0.0059075420725393,0.0032380464495697,13.4993706890678,44.0581931901067,15.0
7.979166666,29.9958067991956,1.92478688681752,1128.22589196113,82.6097493857265,2352.39284512488,125.742597326666,415.4308325089,1.2592719755309,9.38201827320427,6.63223167025353,0.728539130175153,5.61556325235288,4.48694898915684,0.191376622329053,0.0112738041371499,0.0063271044813139,13.8351755729332,43.6971413755793,15.224220162880103,3111.07429326216,112010.0,240,29.9941415475604,1.65141278666577,1130.23065739855,71.9685492817623,2360.44462726042,126.47444557182,417.332425156267,1.69002964061536,11.896816476083,4.3467449915328,0.677631358987382,5.01560891950169,4.14890542520539,0.0880963543173108,0.0058199529853008,0.0031892836492549,13.4874729071487,43.955927690016,15.0
7.989583333,30.0031313953127,1.90505514356571,1129.2586475729,82.4803515664771,2355.12047281975,125.826201493015,415.515731208303,1.29009097492707,9.49694449367758,6.37162639840687,0.718994690127592,5.60936466727775,4.46987919086069,0.181662778204897,0.0107557094917717,0.0060178023698696,13.8257722730311,43.7261547625064,15.233562669666775,3113.94566956721,99810.0,240,29.9972619280039,1.64512129650963,1129.30491810774,71.6150532516419,2358.87617792939,126.332187734776,416.640167810977,1.73113176073697,12.1122862853701,4.09531401871389,0.67460509370246,4.99822849920818,4.12037573568067,0.0790040350937158,0.005287152005954,0.0028916122539271,13.4719145346198,43.9065334827651,15.0
8.0,30.0107357013797,1.87587196734919,1132.36064448132,81.7164906033066,2362.90220896979,126.197345333982,416.573853638671,1.32118515195335,9.61501296785221,6.03381969110127,0.704672340955331,5.56289180209577,4.44840481927523,0.167450715727837,0.0100178506711181,0.0055815046247995,13.839522922605,43.8555228924613,15.242905176453444,3122.70454943964,91815.0,240,30.002679557155,1.62605545423023,1130.11757282438,70.6715860103262,2361.42082385727,126.428642150264,416.74338547678,1.79814977115223,12.3995366435113,3.70874638194597,0.667146745546751,4.944853516806,4.08002036961076,0.0663940340157511,0.0045298039936497,0.0024704265533326,13.4618469774441,43.9405188963463,15.0
8.010416666,30.014288416745,1.85201162472682,1136.87213660441,80.814360406098,2373.95637234664,126.754462909044,418.279810356173,1.33564999106029,9.67665482676491,5.72933792508213,0.691036098352624,5.50600410703655,4.43249075175009,0.154816127397262,0.0093655142939056,0.0052003775357439,13.867071548194,44.0498348928413,15.252247683240116,3135.54523313641,93090.0,240,30.0081223362591,1.60448571116808,1132.52361895904,69.6982568081704,2367.6166833444,126.725222396174,417.550693237925,1.86812909747384,12.6029140322405,3.3428084834527,0.658572514072417,4.88713765449069,4.0483047288737,0.0561619284313788,0.003902826472245,0.0021250934545895,13.4624917324968,44.044223927677,15.0
8.020833333,30.0119920295124,1.83153007165072,1141.91467115211,79.9809083815476,2386.05335351458,127.373704936125,420.205832880113,1.34077809195585,9.71813427975745,5.49360278449775,0.682075065681933,5.45350801925995,4.42068560252377,0.1465332218864,0.0089458173209388,0.0049602811681582,13.8768308116055,44.2657984572658,15.261590190026787,3149.84570199131,95230.0,240,30.0108484568788,1.58606960792364,1136.27962906395,68.9959610289263,2376.76618339492,127.17803294319,418.922670515177,1.92189793681506,12.6714518095395,3.07717680365951,0.651408423463489,4.84343304707474,4.03330275924446,0.0496527711910451,0.0035030390170727,0.001908161363772,13.4658634229206,44.2022813655487,15.0
8.03125,30.0025569383734,1.84379199807752,1145.49414682906,79.8954036674149,2394.50908363288,127.7853495955,421.470131978718,1.30197038313879,9.66082294155271,5.47886747705741,0.682258131845366,5.44364369271627,4.42713943501621,0.148941288977639,0.0090927384298193,0.0050484262336157,13.8883535719513,44.4093892696021,15.270932696813459,3160.17262872988,117165.0,240,30.0089836390438,1.58656004038312,1140.78804494639,69.2196980127371,2387.26944673206,127.683700787193,420.532467751374,1.90594573308519,12.4840606953026,3.06818297261884,0.648951881371897,4.85169827891567,4.05350618482641,0.0503197431675619,0.0035659547236493,0.001949689569561,13.4848783358201,44.3785564965493,15.0
8.041666666,29.9917547750364,1.84304968841669,1143.85883224517,79.7660760819987,2391.20737333659,127.558473828338,420.574945656232,1.30295786616811,9.75782542126636,5.50603376175328,0.691049488296572,5.43825774643385,4.42060836046462,0.152917307372533,0.0093269940869541,0.0051928901321072,13.8111862880947,44.3307439705769,15.280275203600128,3155.47233383918,110055.0,240,30.0008069866691,1.59115344555294,1143.30449850642,69.6165603232837,2393.19610973461,127.940705601454,421.300281396648,1.87196198174095,12.3364051430756,3.14799321622121,0.65165833090391,4.87228525987153,4.07330705347918,0.0526980379469428,0.0037227321393021,0.0020393297691241,13.4727834261772,44.4683332641061,15.0
8.052083333,29.9926067085199,1.85463059406175,1138.24647885873,79.5876338176241,2379.35165706472,126.861837541056,418.138233626901,1.30180520850719,9.83937469354885,5.61152557431783,0.696854484686079,5.42984180211722,4.41699719711615,0.155006024814816,0.0094070975392143,0.0052309372824908,13.7847153765035,44.0889147425049,15.2896177103868,3139.70606673865,116550.0,240,29.99568829361,1.59375088837806,1141.76569539322,69.6277867114525,2390.21135308247,127.723700802989,420.462477225565,1.86197158976985,12.3436618390942,3.21300507007334,0.653994409031068,4.8738456329006,4.07695739282056,0.0543405147102028,0.0038225074719275,0.0020928307656984,13.4633569545839,44.3932563731497,15.0
8.0625,29.9933411381158,1.86874628659321,1134.9541397008,79.9356519232872,2372.43258738129,126.413851022544,416.533504554389,1.2939699250541,9.8245963850309,5.86425438490175,0.705764439642719,5.45192453046869,4.42286304881888,0.162277907070212,0.0097682197712255,0.0054351338636652,13.7750555035565,43.9331138727865,15.298960217173471,3130.65213634132,115790.0,240,29.9940451163153,1.60183751735286,1138.32939548989,69.8346682079945,2383.04650257713,127.271217022372,418.843612326085,1.83768005781404,12.3332151811901,3.37911115068677,0.658391230537228,4.88636152472359,4.08353817476894,0.058466238402382,0.0040711364600377,0.00222686403933,13.4614233700057,44.236091994651,15.0
8.072916666,30.0015654281989,1.80820355661911,1135.16085322061,78.7957750363194,2373.72708917214,126.436299968057,416.425792634738,1.36603990421968,10.0418891023087,5.8551621381453,0.69706965404106,5.39316287243567,4.39168762725473,0.156816330446156,0.0094656127978828,0.0052522281631879,13.7494620811105,43.9407477399441,15.308302723960141,3130.86491832885,75610.0,240,29.9952940382393,1.57538595714805,1136.5012630618,68.5903626075453,2379.8322284968,127.070305725677,417.971422127381,1.8987578067136,12.6878084838214,3.22990156970437,0.653964108581143,4.81876029078849,4.03821752268815,0.0528015038489492,0.0036951319606898,0.0020106271319517,13.433750695566,44.1665413405822,15.0
8.083333333,30.0172530812123,1.75717590580655,1137.66338191693,76.6434755481144,2380.73527336778,126.795992230395,417.475115338891,1.40705671642934,10.2397383927203,5.69272880373985,0.67285820474785,5.272074380831,4.35502311837629,0.142183726676991,0.0086572802187544,0.0047657758989887,13.8152676417047,44.0661711960094,15.317645230746813,3137.53455719859,76595.0,240,30.0020920777202,1.52676249995279,1136.41855227157,66.2119532011986,2380.82465828849,127.131630793233,417.945445660312,2.02971177748794,13.2341418067409,2.8483306808447,0.639445395818455,4.68598671558819,3.96267504903144,0.0429843712332695,0.003060072464054,0.0016557214628855,13.4267113476549,44.1881602008295,15.0
8.09375,30.024424364081,1.71739713202305,1142.78488666834,74.9912756153703,2393.55773197531,127.470058493032,419.639722223847,1.41607110680486,10.2197999195285,5.64643595224204,0.655912094438884,5.17396601402584,4.34250611183705,0.137689788586276,0.0084201173954247,0.0046229226378592,13.8820119832378,44.3006329615228,15.326987737533484,3152.05823095307,76710.0,240,30.0110928104077,1.48660343903419,1138.17314537049,64.3823026854055,2385.83501126624,127.400580683931,418.689273321524,2.11766240360595,13.5195039034759,2.64000997935696,0.626342836764559,4.580991914113,3.9170194653585,0.0382984076549813,0.0027650436030573,0.0014942422704499,13.4390732186083,44.2817175747381,15.0
8.104166666,30.0238467998291,1.67138461885548,1148.41288002412,73.1857963614714,2407.43067326434,128.219430615405,422.057992590769,1.43103386179302,10.2445786549429,5.54637717105483,0.641712790474466,5.06802912112815,4.32566750624298,0.133443356851607,0.0082173404579581,0.0045070998152824,13.9011010448988,44.5612377658091,15.336330244320155,3167.90100796644,73755.0,240,30.0170352719301,1.44809424505533,1141.62250785387,62.7468902010544,2394.60090254633,127.877440514191,420.165484482211,2.18597887874165,13.6859701939764,2.48538312860838,0.614387400564655,4.48549356626143,3.88424962019464,0.035052071949137,0.0025619783247663,0.0013841240919788,13.4423903625132,44.4474719682793,15.0
8.114583333,30.0213030039034,1.62272207083646,1152.51120698632,71.0660533332152,2417.81483155969,128.803698132693,423.927411203645,1.45748488307944,10.3723350600537,5.35065616575735,0.627247179641316,4.94612069580494,4.29917704541875,0.125673722286353,0.0078213308512109,0.0042820452796239,13.8965264741035,44.7646947073651,15.345672751106825,3179.1659219422,71435.0,240,30.0193949022084,1.40739192232428,1145.59606263464,61.033376528582,2404.49264204904,128.430000044321,421.911993715149,2.26743572735032,13.8480600625439,2.30537194770391,0.602128002121331,4.38580921873363,3.85205089447963,0.0315455544224305,0.0023373958950661,0.0012620619336379,13.438574789729,44.6395474949413,15.0
8.125,30.0199527985894,1.56531096220896,1154.75723477999,68.5112113162247,2424.05047296624,129.190112949647,425.129275191511,1.51384881100338,10.6454900983815,5.01988004015991,0.612615568866478,4.80119908450536,4.25645879488169,0.111888908623268,0.0070907499426319,0.0038697006546465,13.8611708052356,44.8997443381157,15.355015257893497,3184.9035386563,62390.0,240,30.019780130497,1.35970923861452,1148.95329287561,58.9732982409436,2412.975801888,128.929813506457,423.487174769727,2.40791608463376,14.1096201435808,2.02282008308092,0.588910045351275,4.26714992438316,3.80846977586056,0.0264799478253431,0.0019941606251951,0.0010734371810718,13.4241722693673,44.8133904134741,15.0
8.135416666,30.0208051807775,1.51234746742052,1155.93045073461,65.8723979540755,2427.73629974448,129.456271071215,425.960146531345,1.57326190684372,10.9381129452875,4.64494495677391,0.596117584705891,4.65235447700079,4.2123598450648,0.0965309986829829,0.0062298833580677,0.0033833768930534,13.852718686478,44.9932827661456,15.364357764680168,3187.4616366014,62385.0,240,30.0200095686946,1.3089716976929,1151.4577648068,56.7483084710995,2419.44679805203,129.335588623592,424.782422125476,2.61317617908735,14.3989429835622,1.70653372376161,0.574717677005795,4.13948404730881,3.76312053559651,0.0213957757746821,0.001649630507198,0.0008854186846007,13.4153180494809,44.9545996206108,15.0
8.145833333,30.0215629675209,1.45854977101793,1156.58451222894,63.2774397323191,2430.10329366585,129.663703787275,426.625471084698,1.65010499256999,11.2306569117702,4.2343648056037,0.582073959859664,4.50581105815861,4.16917221234294,0.0816751726169802,0.0053923510766723,0.0029195379823631,13.8290970143411,45.0664869574531,15.373700271466838,3188.4906805924,56735.0,240,30.0204480227934,1.25899228748578,1153.26399093588,54.5471620795033,2424.19833226517,129.656022868747,425.844871520713,2.85794316535327,14.6524338403523,1.40760316849911,0.560990874425082,4.01307961687156,3.72412323479939,0.0170043837417976,0.0013424936274366,0.0007176917355811,13.4065705282273,45.0662070796147,15.0
8.15625,30.0226349961569,1.40547715591598,1156.95992820752,60.6878685099998,2431.67336993952,129.839867106128,427.217422522845,1.74345264279016,11.5239024020782,3.78048800642168,0.567714979051081,4.3601229878226,4.12657660713284,0.0671448269701422,0.0045420041929949,0.0024524357056187,13.8134837289236,45.1288579236164,15.38304277825351,3188.63048565722,55185.0,240,30.0210481512956,1.20911246451424,1154.51626062567,52.3445008556078,2427.54977918157,129.905742103188,426.729615880558,3.16448089987042,14.868723858222,1.12540725340165,0.547394407477525,3.88646700300237,3.69169783773779,0.0131897628561186,0.0010717782863979,0.0005703092490046,13.3987225545415,45.1533055933275,15.0
8.166666666,30.0233833691689,1.35337511967764,1157.20012537044,58.2033083136522,2432.73158976466,129.995590257315,427.783702049309,1.85702651177086,11.7846876587249,3.31955684255175,0.554126576934109,4.22046614723379,4.08926182237906,0.0544277954151283,0.0037857934370862,0.0020430996137873,13.7950076941956,45.1840380965862,15.39238528504018,3188.32376538897,52365.0,240,30.0217380029471,1.16182475658895,1155.40151117304,50.2490606261658,2429.89161671918,130.100961902758,427.500552666081,3.49689857993427,15.0062456103768,0.891705376605064,0.534263303397514,3.76584251012891,3.67122166989514,0.0102247960736882,0.0008553162070418,0.0004526190967512,13.3924822861202,45.2215333481279,15.0
8.177083333,30.0239196520231,1.30180937352722,1157.34660681705,55.794957586695,2433.36974410336,130.135440009123,428.337015023492,1.99899613391525,12.0257819590858,2.85779454228481,0.54123300170223,4.08523963352755,4.05558641047352,0.0434055676502575,0.0031168694181652,0.0016847139162214,13.7746952226092,45.2335550043809,15.40172779182685,3187.66298890807,50000.0,240,30.0223782876218,1.11659242163414,1156.02217956688,48.2360141528716,2431.45005351689,130.254093122079,428.195754624102,3.85291981182906,15.079006682725,0.698078035102622,0.521562399166569,3.64980358882671,3.6608844173053,0.0078838768957805,0.0006788673401252,0.0003568167536565,13.3860131375466,45.2752041284021,15.0
8.1875,30.0236671074195,1.26004447612678,1157.39375575867,53.770936734059,2433.50762243398,130.239712144798,428.862561607217,2.11518689771116,12.0994219373476,2.53399438503576,0.528735963944777,3.97127694114014,4.04605293522105,0.0369914507465834,0.0027422737096182,0.00149157755803,13.7882400769918,45.27046557689,15.411070298613522,3186.78379069171,56290.0,240,30.0229135890741,1.07947919195763,1156.48576441617,46.561701040678,2432.43082225301,130.372143826751,428.841655082704,4.11424646798838,15.0082894040744,0.597778019715527,0.510144401907084,3.55316578555147,3.67061376198731,0.006695856119869,0.0005939015192249,0.0003114179907534,13.3894790542191,45.3167198647703,15.0
8.197916666,30.0216416138682,1.21923426713277,1157.12749096373,51.9184976755174,2432.80071022852,130.299977365645,429.275339637018,2.24733155311714,12.1594297339716,2.24475562957046,0.519002694971349,3.86536662946373,4.04160175810624,0.0313993647424027,0.0024146498996106,0.0013224585206035,13.7551081029294,45.2920023031737,15.420412805400193,3185.0355136302,52180.0,240,30.0228102404069,1.04751845265312,1156.76338912793,45.1091777605828,2432.81495331395,130.46326800851,429.429132813283,4.30800339645198,14.8843057794103,0.520739935660132,0.500338036265659,3.46898583729346,3.68860370828027,0.0058041353464479,0.0005243995222972,0.0002740261621367,13.3864375745516,45.3488642307398,15.0
8.208333333,30.0198878577701,1.18202164460136,1156.30995405906,50.1675198169018,2430.74925133868,130.29039375454,429.484693157616,2.39247450029521,12.2205544384803,1.98607691260912,0.509251698407363,3.76440742030944,4.03938434820685,0.0269368046313369,0.0021637130529992,0.001197081285653,13.7339698031874,45.2891737392379,15.429755312186865,3181.71823939953,54880.0,240,30.0220897690593,1.01768892218436,1156.7557324542,43.7445829600071,2432.42358157916,130.517189278239,429.921635574862,4.51435021188092,14.7517305184336,0.453495599228424,0.491151606849154,3.38933809955585,3.7097126926695,0.0050357698315555,0.0004659723466077,0.0002430488823141,13.3824463796661,45.3680856705489,15.0
8.21875,30.0177694278208,1.15082842705636,1154.95962977995,48.6726124369467,2427.40017142362,130.206680867098,429.490015594778,2.50595275499991,12.2220115672854,1.82043076277217,0.500882709129723,3.67682190472171,4.04757056194865,0.024225843876102,0.0020253618038974,0.0011314777740124,13.7132753733768,45.2605287265144,15.439097818973535,3176.99222912168,56250.0,240,30.0209235085319,0.992957329249104,1156.3530178566,42.5899286163127,2431.02834430189,130.520751267478,430.268777717541,4.64928280975277,14.5827866900971,0.416445522667847,0.483133300751253,3.32128386798117,3.73740855847146,0.0046124416715351,0.0004365600223898,0.0002278969953212,13.3810856524023,45.3697802862226,15.0
8.229166666,30.01535708478,1.12507836068927,1153.35659259314,47.4023630503127,2423.386205766,130.086201719551,429.392532224385,2.58637339018423,12.2048972989134,1.72206607480134,0.493649007235453,3.60107031222383,4.06035069985937,0.0227033654536893,0.0019641824482709,0.001106688347587,13.6895487250613,45.2190830121691,15.448440325760206,3171.63223377417,58700.0,240,30.0193194254755,0.97247844879932,1155.54181138402,41.6098564500277,2428.6327962995,130.475648454939,430.462621866216,4.73371266419028,14.408155861627,0.397644545089733,0.476272431023985,3.26271640449632,3.76764896109651,0.0043954348658117,0.0004249918721505,0.0002223789562257,13.379282234109,45.3545301415787,15.0
8.239583333,30.013061260454,1.10185637138519,1151.54654634081,46.2778187578675,2418.8453069454,129.941230005873,429.209198095561,2.65971611329217,12.2194330710414,1.64291593872333,0.487633741551118,3.53292298114824,4.07024374338451,0.0214180306765644,0.001904014141127,0.0010784404470024,13.6551167334641,45.1691240365152,15.457782832546878,3165.74191813652,57810.0,240,30.0173952590706,0.954486658629302,1154.3924507826,40.7350212197161,2425.41945886117,130.392842064114,430.528311987041,4.80282511576186,14.2657199653277,0.380992994896498,0.470300345429176,3.20961662625089,3.79532234690893,0.0042047952883807,0.0004129981698699,0.0002161750897087,13.3744964311742,45.3261497947563,15.0
8.25,30.0114900038462,1.08349882044931,1149.63213596065,45.3336357463657,2413.98689254363,129.779969801147,428.978779767699,2.70892172370295,12.2268733749602,1.59934036979014,0.481996421808091,3.47495619066845,4.08162213539091,0.020790276495921,0.0018950798034224,0.001079550894309,13.6316283201761,45.1134837288175,15.467125339333547,3159.61867316123,60620.0,240,30.0154681302667,0.939219068776773,1152.95386244257,39.9727529694166,2421.50813642326,130.277188749477,430.481204742437,4.85360269099904,14.1501316747055,0.373293106933705,0.465002031022893,3.16259359579978,3.82083416017249,0.0041135296354592,0.0004114223549073,0.0002158358233562,13.371136545206,45.2863392481184,15.0
8.260416666,30.0097782348761,1.07058657919037,1147.84071830447,44.6265298078656,2409.29972003774,129.62671072673,428.783370714139,2.71795390968824,12.2097259300607,1.59822715410546,0.477763078171382,3.43027041822605,4.09689997984723,0.0208194431214958,0.0019243170922866,0.0011001601147469,13.608264837962,45.0606279180925,15.476467846120219,3153.92825813178,62890.0,240,30.0135979663661,0.92805020679845,1151.30374563877,39.3849187163183,2417.07512221386,130.137616215807,430.345805220447,4.85402585458765,14.0453474579872,0.379520178810512,0.460805425664481,3.1254086025742,3.84589593591228,0.0041766880224179,0.0004238478925668,0.0002230374620541,13.3690009477775,45.2381929289911,15.0
8.270833333,30.008738796255,1.05476037724974,1146.27987816097,43.9126479031382,2405.06901884866,129.507648699209,428.672200792647,2.78468996053904,12.2743340455604,1.53312129417022,0.474365085406831,3.38550785012931,4.10060140552635,0.019661685725289,0.0018410763757582,0.0010520786178756,13.5716911510571,45.0196570926998,15.48581035290689,3148.84578862299,56995.0,240,30.0118962529992,0.916193889472804,1149.68984013492,38.784823977172,2412.67483630994,130.004986569473,430.222898309819,4.91088772307218,14.0062450549929,0.361571221924851,0.456980447903115,3.08732542878268,3.86275626038347,0.0039763736592737,0.0004046412154738,0.0002119731671624,13.361541543541,45.1924549195341,15.0
8.28125,30.0096608881815,1.03976641330536,1145.01647023605,43.2104050248684,2401.40374255241,129.422215878872,428.678711239885,2.87363563321826,12.3383251169876,1.45478680252215,0.46995953208919,3.34280018276291,4.10254873710244,0.0184704916887052,0.0017764299984059,0.0010188221459844,13.5583424983442,44.9903104750224,15.495152859693562,3144.54139155533,57240.0,240,30.0109076368074,0.903436351697059,1148.20686611158,38.1543319332532,2408.50173748149,129.885947087208,430.151003989327,5.0163278885626,14.0029049642513,0.336424316566714,0.452824497716185,3.04769139958069,3.8749207026984,0.003696897601975,0.000380965526646,0.0001991252361233,13.3568478541399,45.1514545972666,15.0
8.291666666,30.0104838422418,1.03082533635248,1144.16094735497,42.7281113847643,2398.51344602473,129.372411335434,428.839427402525,2.89172992581777,12.3075438013093,1.44618407723268,0.466385211343173,3.31335830350216,4.11618399605309,0.0183964609440131,0.0017985019713524,0.0010356253035139,13.5581821669681,44.9733134897753,15.504495366480231,3141.44074274415,60450.0,240,30.0106498805147,0.894460676757595,1146.84811879247,37.6867981178936,2404.52815526972,129.777798848689,430.120662731353,5.04721111585881,13.9686708432747,0.335273077878654,0.449401891454148,3.01802845859591,3.89070993420936,0.003679950686172,0.0003856683437579,0.0002022164558357,13.3574180456816,45.1142167458739,15.0
8.302083333,30.0098294729523,1.02558026549,1143.50412888359,42.4134650912082,2395.99361199657,129.34119922406,429.071957200313,2.87277612287427,12.24492598664,1.46560643000675,0.464360766214214,3.29318869947768,4.13412248320578,0.0187226426025372,0.0018373100654655,0.00105966135228,13.5502219489073,44.962789781202,15.513837873266903,3138.9653641327,62145.0,240,30.0104936809656,0.889183735113027,1145.69109858011,37.3863999689658,2400.9356352059,129.692075032375,430.161549304165,5.0234627180105,13.910868194027,0.345478129989663,0.447164291705393,2.99845356202524,3.90891489385173,0.0037886646048304,0.0004008602696916,0.0002107716807602,13.3577837739059,45.0847352096179,15.0
8.3125,30.0089266094638,1.01703637566012,1142.63946289934,42.034058165129,2393.03379537368,129.294357018773,429.226723915451,2.9149583954913,12.2588053678574,1.42423021252446,0.462825449833441,3.26899495308412,4.1417254371413,0.0180108819824108,0.0017789424980343,0.0010248240786251,13.5301454550336,44.9468456390172,15.523180380053574,3135.88143225854,57500.0,240,30.0100277456818,0.88308227201207,1144.71115901103,37.0680063406322,2397.69736600978,129.628356627616,430.272304627154,5.05301358839065,13.8836672957247,0.334946996766177,0.445223097609539,2.97785621253171,3.92261572285747,0.0036726422511788,0.0003882257786418,0.0002033488593952,13.3537387468089,45.0628938261466,15.0
8.322916666,30.0092536970498,1.00914833310061,1141.6061801672,41.638287321863,2389.68670535331,129.227749319726,429.320803242621,2.97114135092291,12.2744804555582,1.3792003974036,0.460374686971869,3.24442107372281,4.14831065142887,0.0173683228706485,0.0017495208555211,0.0010107086032979,13.5256877720105,44.9240033318831,15.532522886840244,3132.30279655246,58585.0,240,30.009675717431,0.876279354106654,1143.75273899878,36.7211339042867,2394.4805764888,129.565762099549,430.394131153318,5.11655730798543,13.8697348747123,0.320716873718667,0.442987074643802,2.95567797189996,3.9343323365715,0.0035154508500737,0.0003751615734122,0.0001963781121151,13.3516282025982,45.0414592141581,15.0
8.333333333,30.009483970522,1.00357348766992,1140.71880129066,41.3373598277371,2386.61298800207,129.173569434868,429.469875484768,2.99131591859451,12.2549418567899,1.36741854449847,0.458578137644234,3.22554817660868,4.15903699899846,0.0171872664086128,0.0017464880974208,0.0010102346079397,13.5241401294943,44.9054635624948,15.541865393626916,3129.16354320194,58755.0,240,30.0095778611347,0.87115273565422,1142.78083802599,36.4441795318078,2391.20679622691,129.50003690802,430.509353285354,5.14220179498732,13.8414748078722,0.317093191359526,0.441114711656611,2.93777617068954,3.94748452518951,0.0034737556111553,0.0003738577293776,0.0001958083645533,13.3515048331538,45.018926373947,15.0
8.34375,30.0094993029137,0.997715482059005,1140.00081631657,41.0477681238927,2383.88465329108,129.140649865836,429.684648668664,3.01532543792824,12.2501465291937,1.35258608618162,0.457134854780712,3.20751908189904,4.16722698658221,0.0169290274985363,0.0017279604519434,0.0009990190183045,13.5198067094436,44.8942849980393,15.551207900413587,3126.48961594806,57445.0,240,30.0095441321444,0.866328558846226,1141.88479922249,36.1848182971925,2388.07430924319,129.443304807119,430.654574094722,5.1683603425774,13.8189545979604,0.311751101200036,0.439488155602894,2.92106224380517,3.95932324395795,0.0034139487649507,0.0003684755802347,0.0001926548298779,13.3505354251038,44.9995008187744,15.0
8.354166666,30.0089717650176,0.998114147258245,1139.26842310902,40.9291182259621,2381.08483166169,129.097918825358,429.888674815482,2.96334135794211,12.1807189642087,1.41036315723458,0.455991247477038,3.1991897840497,4.18408888775161,0.017881357869644,0.0018238557964333,0.0010570350171539,13.5261119514775,44.8796743078133,15.560550407200259,3123.861480709,64295.0,240,30.0094783658916,0.864881111445737,1141.02432846528,36.0629893575937,2384.99780099865,129.389835965243,430.807990300605,5.12888581239893,13.7680174479871,0.329089969991822,0.438520578710144,2.91257892413906,3.97434739776272,0.0036000790503223,0.0003933737408194,0.0002068695240411,13.3529822404789,44.9811806325299,15.0
8.364583333,30.0069387342808,0.998357396924171,1138.2700038306,40.8697464477958,2377.74113374735,129.028677772827,429.982103771258,2.91241351646566,12.1539245589822,1.46116672282279,0.456647178755953,3.19312448400611,4.1959645292969,0.0185541011189745,0.0018555534551858,0.0010709849568486,13.5123099835606,44.8558564574126,15.569892913986928,3120.56064152044,61750.0,240,30.0088474591612,0.865335280546048,1140.14552684914,36.027281658785,2381.88448879854,129.337397932842,430.949458296272,5.06365277621504,13.7257232327492,0.346053491388552,0.438471090893264,2.90896660876123,3.98779243078568,0.0037840635706308,0.0004104752421766,0.0002156325183378,13.3521117153729,44.9631745458648,15.0
8.375,29.9676157803061,1.02667975435798,1135.74444591905,41.483322334878,2371.12655414594,128.747229845329,429.456330172868,2.57172728610734,11.8529760721935,1.81411504520215,0.45932236449317,3.22181555789571,4.24894401586794,0.0253518283290593,0.0024305692757231,0.0014126185057824,13.5128114129598,44.7583210675657,15.5792354207736,3113.48715261422,100925.0,240,30.002598437777,0.882861774271461,1138.69186543438,36.6452417439183,2377.5627850782,129.212366889401,430.83266718391,4.67957317957676,13.5280915776325,0.492984766559457,0.441637913352929,2.94269808065389,4.02217040151608,0.0053964900591363,0.0005997921621652,0.0003242679539266,13.3636691031096,44.919910412087,15.0
8.385416666,29.4742697205419,1.06244765409535,1125.37916364915,41.7716413944005,2348.35779121044,127.583118269274,425.951511932399,2.17784689752976,11.5999569302347,2.1837413556413,0.469355721257176,3.21844682752286,4.31450985144978,0.0354588649156353,0.0031914148352606,0.0018550658252842,13.3170582342762,44.3544613337546,15.588577927560271,3085.04826584206,140100.0,240,29.8359245458551,0.923706828787418,1133.7844342726,38.0447890283474,2366.13600853768,128.689056321404,429.346105552813,3.89852701889402,13.1562506283418,0.819933530200283,0.451522318258011,3.01562783448637,4.08721860047575,0.0091543035902698,0.0009848067903216,0.0005470973865119,13.3387524167128,44.7384038053604,15.0
8.395833333,28.4588262468884,1.11435870540282,1096.53997860163,41.07776996215,2287.1541593248,124.357581204778,415.363657096525,2.00064548610156,11.6784421240121,2.35340883751647,0.499518845387735,3.14632368701146,4.35522819635584,0.0433226094608267,0.003770210601307,0.0021934778898051,12.9880577651057,43.2348471442449,15.59792043434694,3005.7959950006,179275.0,240,29.1330243766301,0.961147606088588,1115.94945815143,38.6810638521211,2327.93344592136,126.707504026584,422.935215401198,3.35525571908074,12.9206554864947,1.13000878432236,0.466968576733955,3.03055427623336,4.15671786202223,0.0130339966450532,0.0013592543533769,0.0007687057347726,13.2305057716324,44.0509379297803,15.0
8.40625,27.6834485338292,1.22658890992608,1070.74399076571,42.4557988763321,2231.88492642096,121.406885644362,405.513770464005,1.77386573703309,11.6323846390389,2.94973027054995,0.56222446906163,3.20625830141989,4.40638791589828,0.0642754825587345,0.0048982337045043,0.0027715008019008,12.7621878839666,42.2099555544484,15.607262941133612,2935.66149579436,218450.0,240,28.1950786238142,1.01816848480696,1086.41298125597,39.5095494792907,2265.17686234411,123.36589884144,411.840014407531,2.91753495973513,12.80345864205,1.62471276293915,0.501730453423594,3.05184035089769,4.22393668657848,0.0198693859028472,0.0019414553405158,0.0010943546813075,13.1115539270695,42.8912155565527,15.0
8.416666666,26.9323191278262,1.33544477432808,1056.25728629674,44.6465299853409,2200.38823128547,119.737030584291,399.85476183179,1.63904258124248,11.4927482644627,3.51275190060839,0.61007465775188,3.32428793987864,4.46385013484881,0.0859740978580673,0.006022381480926,0.0033488784744108,12.6883803543292,41.6298148920425,15.616605447920284,2896.88524115675,223745.0,240,27.378682991259,1.0894883078192,1065.8433262693,41.3359536995725,2221.08498403893,121.015756324763,403.904408452271,2.58421341535239,12.7139289040585,2.20486171147913,0.538465326749854,3.1434040995293,4.28166995333364,0.0290881394431787,0.0026108382797894,0.0014584703196897,13.0564199026388,42.0755781352076,15.0
8.427083333,26.295384833278,1.48242472701436,1043.24676533168,47.5036556213965,2172.06331339605,118.20039013457,394.594146008016,1.51644107744935,11.2318024251598,4.26726800742318,0.670445946934207,3.48480136932425,4.52678656717229,0.11447459375895,0.0073986783702434,0.0040608147617155,12.7220068090172,41.095572011173,15.625947954706955,2862.52788187716,236245.0,240,26.6507987780682,1.1722081948602,1050.55510274759,43.6389412664201,2188.20477205029,119.247950519619,397.860517290689,2.34810717313187,12.5490161034448,2.84538200627663,0.579030353750752,3.26884956122748,4.34051671763273,0.0415908575103365,0.0034384976224538,0.0019010652855197,13.0573248260112,41.4619897332066,15.0
8.4375,25.8279813784213,1.66673899486468,1034.52248119023,51.4568479196384,2152.1175456804,117.065378316529,390.614812230138,1.39121623171796,10.8628770525653,5.22400411586892,0.742931261813818,3.72220830933677,4.59423137199364,0.150147546697886,0.0091156143385649,0.004992411959343,12.7937096448764,40.7001907686708,15.635290461493625,2839.8579420792,247520.0,240,26.0811378321038,1.27757514589993,1039.31269187048,46.903396524152,2163.51962938165,117.870797635523,393.072654243651,2.11645985701608,12.2427654345819,3.72312758927505,0.630920604057161,3.45975305123415,4.40692040872751,0.0634305767169095,0.0047524079956173,0.0026008902109613,13.0819568324049,40.983367778883,15.0
8.447916666,25.4666840403253,1.88085336335245,1028.00986412329,56.3501927675128,2135.98580651702,116.083586728133,387.105017079291,1.27941561971727,10.4030579436013,6.26017176867116,0.819237338085638,4.02810209205372,4.66839781697311,0.184585162493806,0.0107830246471128,0.0059464416764389,12.8773180660172,40.3576868624959,15.644632968280296,2822.91911555831,259340.0,240,25.652191293917,1.40397531243572,1031.36000206535,51.1288887756807,2145.06107216793,116.771958260094,389.175097526296,1.92096124286241,11.8054724082219,4.75698786518307,0.690198131895231,3.71933302328021,4.48192917452065,0.0962772114951107,0.0065339067814245,0.0035518217630149,13.1182272016199,40.6003228672751,15.0
8.458333333,25.1722191361808,2.06332507882224,1023.53092297642,61.9323067450331,2123.25647507949,115.239479244221,384.026668502035,1.20630181008054,9.91106315107032,7.20807562785061,0.879539314042727,4.3856229122448,4.74531004148702,0.210337394486728,0.0120642284464829,0.0067146158747152,12.9638241966184,40.0627411432884,15.653975475066968,2811.03644526786,260630.0,240,25.3204774769251,1.53342233007912,1025.73018645563,56.0681203770942,2130.60776731533,115.837701632508,385.797410319769,1.78625501631318,11.3023360192783,5.77448507908907,0.745642601012376,4.033335102359,4.56029728836996,0.133058036131068,0.0083646178643811,0.004546362762487,13.1622562874888,40.2734305395178,15.0
8.46875,24.880460984839,2.191473573684,1022.03236229262,67.7504760403765,2116.56545920921,114.699626661807,381.95222054733,1.16390162333686,9.45540634136168,7.87151832589305,0.909125164647158,4.75480400713156,4.81780516571007,0.225456738986313,0.0128393383597777,0.0071966453528565,13.0262143559971,39.8731072471443,15.663317981853638,2807.15493899886,259545.0,240,25.0254575609112,1.65294609689619,1022.71472250673,61.3128499765285,2121.19082236198,115.145462804977,383.212731676556,1.70031723093566,10.8143886053892,6.57422922886177,0.783954360235376,4.36789674731228,4.63514201158657,0.163123345229725,0.0097596183113274,0.0053247768971676,13.1999027774368,40.0300443428639,15.0
8.479166666,24.5788768076639,2.29004747847275,1023.37418767519,73.6299605880872,2115.55645834906,114.454226832814,380.854268853122,1.13414929560093,9.06900406298519,8.15307886600906,0.91879472096114,5.12557114527073,4.882141272706,0.232322809742198,0.0132283470714123,0.0074540388859121,13.0515904470293,39.7852783129472,15.67266048864031,2810.74078545842,259635.0,240,24.7273927938616,1.76460846487525,1022.78031992961,66.7001183176946,2117.96026363544,114.771051003966,381.685065742755,1.63770818459078,10.3786728954644,7.03058963886656,0.80808923682628,4.70923808826274,4.70344571132616,0.182430416743896,0.0106154137537753,0.0058238097034549,13.2200110210838,39.8968082754632,15.0
8.489583333,24.2747923282195,2.37800686481345,1025.6108199738,79.3832977424173,2116.12870802733,114.280112562097,379.995424643998,1.11230768168533,8.74625857018812,8.16377049384176,0.921522138793267,5.48806168046476,4.93915097804515,0.233765672473463,0.0133488429786468,0.0075497052719555,13.0551230911933,39.7217991185189,15.68200299542698,2816.34012155112,258595.0,240,24.4250822499171,1.8704792702078,1024.54684503751,72.0633891283235,2117.96162808085,114.557567147542,380.69629531489,1.59001260989597,10.0103259709176,7.15591841932817,0.825235801865206,5.04848517993642,4.76424386058443,0.191328390491562,0.0109923014929974,0.0060625459890558,13.2269661209932,39.8193759436897,15.0
8.5,23.9657949830871,2.45147018392949,1028.25975412923,84.7686538044153,2117.73171152128,114.147844332093,379.283514740108,1.09730317633505,8.4617412565908,8.12737660956585,0.922056378705299,5.82402022887268,4.99075088733018,0.233432561667431,0.0133662181494516,0.0075777916706851,13.0607707659027,39.6725875063954,15.69134550221365,2822.89804952514,254630.0,240,24.1202926590964,1.96642793682234,1026.93831306152,77.1476508835639,2119.23317571472,114.400269659962,379.899991041598,1.55361068374665,9.70148039213306,7.14233777883356,0.839116452978038,5.36851742796563,4.81773798946886,0.194345024371915,0.0111008168942205,0.0061454271912076,13.2328083888078,39.7613681696037,15.0
8.510416666,23.6423771215052,2.45666843334854,1031.63558322495,89.0540627589325,2122.10047549388,114.168743919679,379.090772467554,1.1122623369353,8.2411119928133,7.94434096024438,0.907716525363214,6.07966064673909,5.03308438426281,0.230737750492875,0.0131787512328744,0.0074682884317217,13.0904184736762,39.6766596507027,15.700688009000322,2831.79472313677,235195.0,240,23.8138307153767,2.0295002934228,1029.84484651575,81.2836609549602,2122.34627428988,114.34599146095,379.445564619983,1.5435734855583,9.49624739797735,6.98841528471134,0.843075184471781,5.62356267338498,4.85698855977174,0.191641895341626,0.0109448830588896,0.0060642735883935,13.2494976672938,39.7393002231312,15.0
8.520833333,23.2664105609287,2.45522245669609,1036.52126070142,91.9699224687018,2131.62467709147,114.490900287887,379.912412676752,1.12105373310618,8.07818985969505,7.57951219869942,0.882941005204657,6.23098463750821,5.0651928238581,0.224359581808382,0.0128415079766644,0.0072669744964047,13.1084460817227,39.7859406284199,15.710030515786993,2845.72883539098,229220.0,240,23.4698808054173,2.07150108749199,1033.8632746555,84.2205357889362,2129.46226123674,114.526511340107,379.784949961112,1.53963678633898,9.35631592558949,6.65999765012331,0.83545789110656,5.78789856905714,4.88644193772132,0.1827521966548,0.0105246165170601,0.0058318092806142,13.2628332372283,39.7994335975356,15.0
8.53125,22.9039846347312,2.46047028576334,1041.76082744236,94.0739175896182,2142.29609983682,114.880024408129,380.957829708397,1.12251801455771,7.95438600115541,7.18745867676016,0.866780052056306,6.33725890657457,5.09045177123746,0.217164198049745,0.0124998643966634,0.0070698330033304,13.108911997097,39.9189752880078,15.719373022573665,2860.415755705,225870.0,240,23.1059071544227,2.10267808541643,1038.92346350503,86.4090767797494,2139.66111873925,114.882601200319,380.720319936624,1.53424188455013,9.2355231216855,6.2613583444282,0.828810223054599,5.90167646104736,4.91155874857729,0.171523267889424,0.0100068992729616,0.0055477061383551,13.2651372098647,39.9211855506327,15.0
8.541666666,22.571056151369,2.46752730698247,1045.68322879692,95.5126993791278,2150.47363568607,115.136296135322,381.57037751811,1.12423454806937,7.84762604319864,6.8329808091754,0.85588856997057,6.40721968455035,5.11344575600355,0.209971650522151,0.0121516439499996,0.0068673273654591,13.1024757752172,40.0063954194301,15.728715529360334,2871.28697470124,223915.0,240,22.7611740076499,2.12504152128297,1043.43460082062,87.9762481272908,2149.01390569186,115.196467345634,381.524257492689,1.53323206109458,9.13102524275868,5.87990073289765,0.823956438747809,5.98077142409085,4.93435813974371,0.159820260980557,0.0094563992117509,0.0052429538611982,13.2625869793205,40.028838820151,15.0
8.552083333,22.2621087195794,2.47403265034325,1048.48653466842,96.4366710176922,2156.64396744514,115.283167362634,381.830957446781,1.12708077665148,7.73713802664744,6.52473048229438,0.849977913822044,6.44858794753238,5.13643388589718,0.203092090637742,0.0118110570689085,0.0066680779269452,13.099389705451,40.05636472654,15.738058036147006,2879.05324700041,222220.0,240,22.4402990375545,2.14058744506776,1046.82029829232,89.0255639578674,2156.30473905453,115.400085172979,381.972940899625,1.5370955943232,9.02836922579357,5.54270036702871,0.821166955064896,6.03083409856856,4.95682035623166,0.148675270552921,0.0089188537871826,0.0049434644722041,13.2601506502492,40.0987327224636,15.0
8.5625,21.9705489411282,2.46013069858007,1050.74643395427,96.7227689072106,2162.15462729518,115.398009399964,381.995501533307,1.14220191601184,7.63808998263748,6.23606408635998,0.842574521871968,6.45312106578151,5.15756933248107,0.195685010820244,0.011417372489265,0.0064339526380554,13.1095214603034,40.0957469018338,15.747400542933677,2885.33481599382,213810.0,240,22.1437129708968,2.14315726530321,1049.3603976158,89.4549164631931,2162.21437871088,115.533616996317,382.1949339709,1.55292463228856,8.95050070393884,5.22796083070565,0.817533707894855,6.04580551879196,4.97568931265378,0.136925519934442,0.008335535423779,0.0046150114355072,13.2629674271649,40.144835441031,15.0
8.572916666,21.6732576177319,2.47146006078672,1053.0323474757,96.7706077560896,2168.05735664701,115.536632442119,382.252551509177,1.13492088893739,7.51639634971298,5.97305113745824,0.838182154234947,6.44266915478588,5.18069427501388,0.189204754381072,0.0111126118159686,0.0062563812446964,13.0984060055134,40.1439485841807,15.756743049720347,2891.84508331071,224700.0,240,21.8434088665311,2.14767511089306,1051.71437630526,89.6412311438936,2168.12201704824,115.668480415949,382.442616875084,1.55832879716355,8.82494995304987,4.96107570835111,0.813230216931244,6.04461191018512,5.00050045466684,0.127583718301394,0.0078687345672953,0.0043558069565445,13.2584946188263,40.1918636165435,15.0
8.583333333,21.4484468828533,2.47903246622484,1053.94481400332,97.0051842819752,2170.45062352447,115.474010289868,381.841796828838,1.13876898357235,7.40304498949477,5.78903955522808,0.842639741136499,6.45431812069738,5.2036631469625,0.18437826750582,0.0108678266795431,0.0061149712796662,13.0909056915265,40.1224860827098,15.766085556507019,2894.12918625838,220565.0,240,21.5821497220956,2.15186374857521,1053.4187272031,89.8904736319705,2172.40095769109,115.708759703292,382.379904007824,1.56677415330289,8.69430489461337,4.75443092075927,0.81456996633333,6.05351168609315,5.02575231761031,0.120329476828639,0.0074995049939742,0.0041513604625753,13.2519113538881,40.2063291119295,15.0
8.59375,21.2198490387025,2.46896237450457,1054.18036710219,96.8183284956349,2171.97408891073,115.36868251222,381.306163688188,1.15168712699878,7.28547681966801,5.61561904641592,0.839764325120839,6.43691457977894,5.22732377458103,0.178656477912201,0.0105564391622347,0.0059292611444848,13.1001158056861,40.0865299287597,15.77542806329369,2894.80062047829,216600.0,240,21.355652025986,2.14881371402426,1053.898115382,89.7968452304946,2174.22429593884,115.617985438692,381.886788381892,1.58537090663655,8.59245212636304,4.5697434193303,0.813430970324724,6.0440754864731,5.04787115016295,0.112590781001023,0.0070912518558818,0.0039212520009699,13.2545377704156,40.1755611119912,15.0
8.604166666,20.9755962517424,2.44387250348995,1055.73413391163,96.2556347036978,2176.72672454675,115.444693566304,381.378529235598,1.1693498472714,7.18821932748007,5.39616296689049,0.831840237285068,6.39590143868381,5.24742949052075,0.171479067341767,0.0101753403443447,0.0057044857032708,13.1105671603397,40.1139792491614,15.784770570080362,2899.24027140986,211235.0,240,21.1206921427916,2.13656631804209,1054.85841162337,89.3292609211635,2177.51598682067,115.613488417881,381.68827263995,1.61077974691518,8.50853381791406,4.35812885670241,0.808408293202777,6.01046439800633,5.06695421290996,0.103759102405913,0.0066221210917197,0.0036583705312606,13.2583517177873,40.1751429503027,15.0
8.614583333,20.725018656987,2.41120259064901,1057.81360125664,95.3428151956904,2182.85215686181,115.604642447558,381.735426779522,1.1867343021248,7.11826769448736,5.15143533052883,0.819875848697037,6.33413292926056,5.26384364758515,0.163363878396948,0.0097541296595468,0.0054582136860122,13.1104283737807,40.17098584287,15.794113076867031,2905.13972128807,209375.0,240,20.876055742329,2.11744123579438,1056.61760723801,88.5554114997137,2182.80694165283,115.725344401571,381.88425162496,1.63978064936053,8.44112352396121,4.1209277622896,0.800098137181439,5.95809959958651,5.08347458791029,0.0942586318307333,0.0061108717229572,0.0033739228343335,13.2583417452063,40.2155436623866,15.0
8.625,20.4858830244421,2.37836026827447,1059.64923863671,94.2691667711342,2188.42475795233,115.744935254523,382.033511357842,1.20444386587349,7.08120953252023,4.88105876833269,0.806833967752775,6.26462941454624,5.27684344404496,0.154606851485616,0.0093042967903844,0.0051983116855498,13.0924888483988,40.2215692632077,15.803455583653703,2910.25738442681,209315.0,240,20.6318148066816,2.09548271307217,1058.54847906505,87.619617701869,2188.54045011446,115.870038632039,382.199159614985,1.67218599554536,8.38827659085601,3.8674113673645,0.790296235287315,5.89668986585504,5.09845209448503,0.0847851084415453,0.0055941687910843,0.0030889759126393,13.2504605265907,40.2677254044309,15.0
8.635416666,20.2638893054593,2.34246738493706,1060.9157978873,93.041481024933,2192.75158333937,115.827545827061,382.14900217353,1.22833600951254,7.07342378287108,4.62091898580978,0.794196737239788,6.18766968548653,5.28708483570913,0.145202069341712,0.0088152889420983,0.0049169131525358,13.0716890207491,40.2524854976581,15.812798090440374,2913.70342181239,206180.0,240,20.4021955643425,2.07062086347001,1060.09943344303,86.5255904911611,2193.43001014803,115.979173920378,382.404153026118,1.71386174354081,8.36731535995821,3.60603742231315,0.780403528619597,5.82751059863135,5.11014283149583,0.0751218869765978,0.0050519515198248,0.0027901006027461,13.2399405462588,40.3079146814525,15.0
8.645833333,20.0426541457346,2.31171884151518,1061.96624956524,91.6909300265497,2196.71357320639,115.898401091003,382.238448608517,1.24768473956503,7.06796310286422,4.39394765869865,0.78309662755593,6.10320116064082,5.29707854282829,0.136624252381181,0.0083686197985167,0.0046612210010716,13.0496914533428,40.2796009839087,15.822140597227044,2916.5904026112,207365.0,240,20.1792726935158,2.04505070429554,1061.2892716451,85.3149331838471,2197.58778295285,116.057462330634,382.519928795758,1.75704911540976,8.35315315236326,3.36930979723958,0.770767667087021,5.75165239617651,5.12144817940056,0.0668637992965399,0.0045774319256284,0.0025291640954863,13.2290125667364,40.3376207548746,15.0
8.65625,19.8383379326724,2.27899434983057,1062.7891655911,90.3059733288273,2200.14561137831,115.945169022893,382.256718262808,1.2706306451835,7.06973886022051,4.21176851222942,0.77480564913372,6.01843632560305,5.30617719233457,0.129002158445798,0.0079693268683653,0.0044341254383339,13.0344014437118,40.2985314368779,15.831483104013715,2918.80587676561,204110.0,240,19.9668470604264,2.01749205772839,1062.2630053866,84.0376230466736,2201.28634413271,116.117488820785,382.584233466905,1.80274985554332,8.34777487388471,3.16944083121269,0.762559642714606,5.67279333014222,5.13154714383553,0.0600448557512894,0.0041764187073659,0.0023086373187132,13.2203075693458,40.3611336868837,15.0
8.666666666,19.6323070280843,2.24391899745457,1063.56705967166,88.7672019124274,2203.63411719835,116.001807324959,382.320451909396,1.29416406833238,7.06844658256528,4.0444376071426,0.766066455848755,5.92419571729705,5.3154506526685,0.121739550498467,0.0075880655383896,0.0042184357654809,13.0265438776911,40.3210481494431,15.840825610800387,2920.95876462468,202315.0,240,19.7622217698159,1.98728062676091,1063.05380476176,82.6341674699771,2204.66360267067,116.167284252904,382.624193903873,1.85051546524031,8.34927293888741,2.99478249475579,0.754166916620915,5.58696857850046,5.14064765514498,0.0543285301951183,0.0038337088363145,0.0021200180626978,13.2157348506624,40.3811807234948,15.0
8.677083333,19.4276513258241,2.20846619923193,1064.54276484909,87.141744851091,2207.61956021167,116.090951085158,382.50178855299,1.31917061593212,7.0676971844464,3.87176435363211,0.758204108877742,5.82531232083986,5.32433742537768,0.114326391075176,0.0071998855586365,0.0040011018991952,13.0209721522315,40.355032206031,15.850168117587057,2923.68888131702,200170.0,240,19.5575670706884,1.95494697226643,1063.93923119109,81.1388999878578,2208.33471606139,116.239418427558,382.749358794188,1.90127884635039,8.34836957475183,2.82627442810051,0.745711254325609,5.49576828988184,5.14972844769474,0.0491733093517615,0.0035204303589233,0.0019480955361926,13.2123380226579,40.409097031884,15.0
8.6875,19.2259013781175,2.17015781905029,1065.54970706638,85.3934610204254,2211.77904652696,116.195043573732,382.742484525989,1.34757727031535,7.06685402894765,3.71463992516585,0.751036155280424,5.71978692987429,5.33291166216109,0.106896782689535,0.0068067282622588,0.00378151459241,13.0220180553187,40.3943271344211,15.859510624373728,2926.54055238593,196640.0,240,19.3563184307745,1.91971802408096,1064.90560756076,79.5322994051531,2212.26252497924,116.331650666931,382.950722193059,1.95848506898689,8.35079843725047,2.66162512597516,0.737348120094106,5.39856949374884,5.15803481385543,0.0443716800210947,0.0032212983042777,0.0017832790934842,13.2116713699369,40.4440888382867,15.0
8.697916666,19.0200983507502,2.1265066225888,1066.66083708167,83.5158122210097,2216.28987251844,116.325089022491,383.080077072654,1.37529762398896,7.06235910383187,3.58407760010731,0.742435770820779,5.60683426649785,5.34146296049223,0.100428924402677,0.006463737068471,0.0035908098442143,13.0237974376146,40.4426452551284,15.8688531311604,2929.73574987854,194640.0,240,19.1540187710662,1.88148582944289,1065.94415446235,77.8158004197987,2216.45687450638,116.444909756395,383.232388029872,2.01625721077336,8.3491936837173,2.51978099397671,0.728291032852689,5.29514456558031,5.16640980725292,0.0404560948698946,0.0029745266397561,0.0016472085760081,13.2122751951861,40.4863952037447,15.0
8.708333333,18.8180562736942,2.07801651434851,1067.77336966603,81.5759748440428,2220.7652149963,116.464118014806,383.45703686517,1.40676858234909,7.0740637334434,3.43990020687903,0.730659059300315,5.49091729360955,5.34838831593496,0.0938204918790376,0.0061173247396093,0.0034010946587547,13.0162111737708,40.4941359229546,15.878195637947071,2932.89738773198,192550.0,240,18.951430200392,1.84097620663055,1067.04895341611,76.0354369898816,2220.82128500277,116.576419140903,383.584836251903,2.0760991234804,8.35069076314877,2.38643483957607,0.71753931791442,5.18831057728518,5.17430948385287,0.0370057666462807,0.0027559509880674,0.0015271256567567,13.2098831142667,40.5350425657599,15.0
8.71875,18.6217249255474,2.02747946837974,1068.71951426333,79.6099709293246,2224.78709571311,116.591297328482,383.805998442496,1.44310319586891,7.10540066534642,3.26337151225878,0.716528307072088,5.3738929578729,5.35372434160754,0.0863647594704564,0.0057262201427632,0.0031894584625633,12.9980843476063,40.5416226548571,15.88753814473374,2935.5416244987,191595.0,240,18.7527160950618,1.79967723240337,1068.08075336033,74.2295731424824,2224.96391671424,116.706899433222,383.946607148285,2.14444806300603,8.36175995340413,2.23751869418888,0.705477837805558,5.08037237612003,5.18156374305624,0.0335000386861938,0.0025315382421633,0.0014043198308417,13.2033303113335,40.5833832270189,15.0
8.729166666,18.4350768643154,1.98060076534301,1069.41591958414,77.6824321154983,2228.11616121189,116.693509836769,384.084528654101,1.4839357728945,7.15589446038664,3.06566560477594,0.702172021613742,5.25942934160136,5.35763688687804,0.0783888403620582,0.0053032646175435,0.0029625057517237,12.9703953771756,40.5805432712566,15.896880651520412,2937.42982100524,191120.0,240,18.5605874277966,1.75924463609541,1068.92981720293,72.4481059423914,2228.58654914374,116.820535358618,384.268160542955,2.22457776079885,8.38153449969292,2.07036507169844,0.69289532940609,4.97408408950159,5.18864112956476,0.0299174388782885,0.0022984425397783,0.0012770373420924,13.19238328392,40.6259494015078,15.0
8.739583333,18.2633366254267,1.94576021404067,1069.70649343038,75.951275982361,2230.41110389281,116.74541471821,384.211915105136,1.51254059259361,7.19503107785239,2.91030429750229,0.692445889180924,5.15641303175134,5.3632687845856,0.0726766028413135,0.0049980539904325,0.0028001583244976,12.9357811472338,40.6019316920193,15.906223158307084,2938.22110111569,195530.0,240,18.3776945603546,1.72385457967628,1069.48805886441,70.8248329590783,2231.42687981481,116.898852349023,384.491914126036,2.29816493695863,8.38640978741831,1.92703163587325,0.682304909238344,4.87690895754408,5.19854604367307,0.0271323165040747,0.0021210075329382,0.0011816178366423,13.1773385430651,40.6562987590395,15.0
8.75,18.1403972725079,1.94623469842652,1068.72300432523,74.9251150233131,2229.48683000165,116.619437525244,383.765254799629,1.49502230268682,7.18954545414164,2.88216717101652,0.693450162827374,5.09523856512626,5.37469036446911,0.0734096975892081,0.0050438565367686,0.0028274893481869,12.8759653698906,40.5611997015211,15.915565665093755,2935.56063103244,212455.0,240,18.2188373127386,1.70570801589438,1069.3093558172,69.775578975576,2232.36436147438,116.872222083492,384.387729506091,2.3114762330206,8.32968248867342,1.89049449197383,0.677182078978484,4.81278622879104,5.21735694157978,0.0266682052934996,0.0021161807558929,0.0011848551438364,13.1490809761343,40.6501825087662,15.0
8.760416666,18.1043947475032,1.94887475971289,1065.32743418258,74.5712081760406,2222.79183771846,116.176355543783,382.268142677312,1.4901923001267,7.1800749867398,2.97334615259987,0.702306641267053,5.07716831668508,5.38778697635358,0.0761025787169339,0.0051896397642304,0.002903959179702,12.8516641272953,40.4100276444025,15.924908171880425,2926.15875445693,208020.0,240,18.1360848668892,1.69899333555001,1067.22289540739,69.2792794318117,2228.69226572806,116.594581342616,383.441854924251,2.30050706463774,8.29888046180226,1.94398080886363,0.679813579973284,4.78411857717902,5.23315535618763,0.0275446220978184,0.0021793380142202,0.0012194834217982,13.1328989546134,40.5566935378294,15.0
8.770833333,18.0327261474899,1.95347613173498,1062.19054768878,74.3013168598416,2216.85718490813,115.776442671307,380.920424355674,1.48156851641299,7.14005829464792,3.06606060259899,0.705383520948598,5.05989706972938,5.40358612261748,0.0791867778226211,0.0053532392819735,0.0029896762155647,12.8492396652976,40.2736838588542,15.934250678667096,2917.73970025694,211140.0,240,18.0765717311402,1.69746190340705,1063.94533290891,68.9575751089302,2222.38358852912,116.177202622742,382.028437065571,2.28196328709259,8.27964435532564,2.02341782815069,0.681327576659485,4.76502793697162,5.24734246337503,0.0289383531850905,0.0022769146628925,0.0012722597841633,13.1309462293628,40.414404550917,15.0
8.78125,17.9501597735313,1.94753353668133,1061.43548173383,74.2231879988606,2215.91282022885,115.6396445884,380.427603039474,1.48146120582121,7.11170581263367,3.15666123919151,0.706994680392802,5.05539573375971,5.41604998236654,0.0813734422970766,0.0054690279074246,0.0030497608364539,12.8616500312544,40.2287904897926,15.943593185453768,2915.90064605941,205845.0,240,18.0003258282759,1.69487517079475,1062.04824919329,68.7736382028033,2219.03781523569,115.916945407141,381.125226122449,2.26759662847111,8.26613327419693,2.09648768940834,0.682496662820363,4.75373396431765,5.25875803314772,0.0301235467262064,0.0023517201387977,0.0013109780028253,13.1359566936201,40.326643395895,15.0
8.791666666,17.8369408701765,1.92657610668262,1061.8865501952,73.8910653646655,2217.75981216268,115.662072991437,380.451745578598,1.49483460912726,7.11655419919879,3.19855842291349,0.699731673213905,5.0342466575084,5.42348781382649,0.0813783369381171,0.0054691506665332,0.0030477358885315,12.8808884237844,40.2392182076359,15.952935692240438,2917.41784837517,199245.0,240,17.9070116828486,1.685383589631,1061.71633427347,68.4562833319738,2219.11665318907,115.845431134642,380.832476992789,2.27213793014551,8.29173714730134,2.13092627098554,0.679009135460158,4.73472825933116,5.26372799606329,0.0304970877304867,0.002367937136361,0.0013165410749741,13.1468827795424,40.3043866936871,15.0
8.802083333,17.6818235042353,1.88703278321201,1063.47585365877,73.0241110212097,2222.40993788503,115.847709891797,381.011398592602,1.53684796281483,7.16335750139735,3.09971156793015,0.686984469106356,4.98098632138824,5.42472683418291,0.0761471183153206,0.0051950400536029,0.0029009312729722,12.9085367858079,40.3066289403988,15.962278199027109,2922.05672999235,187255.0,240,17.7810162115158,1.66405904997255,1062.53651673532,67.7200276836711,2221.93122767909,115.932475735182,381.058293653819,2.31826598677047,8.36464016890886,2.06704906417323,0.671306544591994,4.69038265937253,5.26127583774939,0.028929660216803,0.0022492048518907,0.001247633651064,13.1619548445842,40.3372393861216,15.0
8.8125,17.4819964903657,1.85921463648028,1066.08282141191,71.8019868145825,2229.4979690534,116.172243177769,382.043402809023,1.56894080092891,7.19894026527904,2.88968294688786,0.675468418749267,4.9064004422422,5.42646899948514,0.0691426862204515,0.0048207847766899,0.0027042969440621,12.9101792093614,40.4226033505621,15.97162070581378,2929.51576996294,191675.0,240,17.608759194759,1.63882143467982,1064.48402570408,66.7006419575939,2227.4070704906,116.168517110678,381.797986973366,2.38636188390016,8.40575910352134,1.91546372521736,0.661436472254695,4.62840053491634,5.26251216426412,0.0261913304120783,0.0020669732251995,0.0011489451109018,13.1655428488344,40.4220715591023,15.0
8.822916666,17.3406406064832,1.8712351669782,1067.58246891291,71.2255352209774,2233.81582613281,116.336358063053,382.551594873739,1.53824683513554,7.17881498805622,2.86809630992573,0.681856826224176,4.87133222646556,5.4341870064469,0.0704060596804388,0.0048884015038167,0.0027424713788053,12.8703687282089,40.4824904838309,15.98096321260045,2933.99570526549,210090.0,240,17.4295733113123,1.62812267039984,1066.70320208979,66.1178778133397,2233.36150346569,116.420564105889,382.616852882902,2.39215938710154,8.3389696195507,1.86462231143198,0.659136900002896,4.59126723191586,5.27752791426737,0.02561120404756,0.0020541675385699,0.001148536476166,13.145857337529,40.5126575990921,15.0
8.833333333,17.3306947788668,1.90381783968658,1064.93702966598,71.579966755002,2228.43111366466,115.968806150008,381.301626260172,1.49288026530987,7.13398145318621,3.03141017107601,0.699555737560753,4.89541066400349,5.44699065093183,0.0774113919427084,0.0052666092286815,0.00294414911831,12.8359696126515,40.3570442320786,15.990305719387122,2926.93169004593,216845.0,240,17.3471237011773,1.63683392603342,1066.3173443279,66.2839555431297,2233.1587888174,116.332355656857,382.297988092629,2.3285608672858,8.25866383062987,1.97969448857946,0.666972765349062,4.60125896210588,5.2949396267313,0.0278767950396885,0.0022250988692372,0.001245920735705,13.1246275374546,40.4847702541158,15.0
8.84375,17.3375067572511,1.93372596559454,1060.46626073293,72.231814188285,2218.97748303499,115.381371202298,379.327201934215,1.4654359336084,7.06526024059053,3.2336851864349,0.713245713373416,4.93662248779106,5.46365047445609,0.0845291029990457,0.0056417264898626,0.0031425101190878,12.8356240061239,40.154931687828,15.999648226173793,2914.90429708541,216350.0,240,17.3393888105171,1.65449097849225,1062.81206766151,66.7961043581562,2225.89065412092,115.864358884097,380.708445625121,2.26286930895332,8.20750351417258,2.15056803255968,0.676549931909817,4.63377816305184,5.3096452895392,0.0310903416021793,0.0024404155689779,0.0013627636510804,13.120968906126,40.3245137021345,15.0
8.854166666,17.320395791312,1.98206310333467,1058.12576284116,73.2798716395343,2214.00954938001,115.021519452183,378.09005139629,1.41588602813049,6.96183881099561,3.50397665261532,0.728769152049388,5.00072778256166,5.48186581227919,0.0949121250390173,0.0061785316782753,0.0034286382707968,12.8401886517537,40.0316658927099,16.008990732960463,2908.91881545142,225250.0,240,17.3279049095163,1.68170664722728,1059.4984708169,67.6443336029382,2218.95148006748,115.40565467235,379.141333579211,2.17721816237533,8.12546764967953,2.37873743765434,0.687002489581862,4.68523988166324,5.32709085081965,0.0359022994182812,0.0027608268992773,0.0015377949108997,13.1208034216292,40.1672423414882,15.0
8.864583333,17.3138037086586,1.98816617208504,1057.13556661195,74.3301488953103,2211.85431802045,114.804378342208,377.293999797264,1.41129269540529,6.89746929344406,3.75750242024313,0.73764231030794,5.06823460867283,5.49449977929495,0.101908490930178,0.0065449921964053,0.0036253310896702,12.8898006867005,39.9579482343995,16.018333239747136,2906.53226992619,207700.0,240,17.3222186107428,1.69870820826702,1057.8194086028,68.5246461015285,2215.39684203638,115.121211370319,378.114529054105,2.12380087086801,8.09936814546561,2.59751060977654,0.696316543450999,4.74207642685317,5.33496262285151,0.0401256997695384,0.0030134032529398,0.0016698978600519,13.1422192232936,40.070331241929,15.0
8.875,17.2059672302551,1.9626244394427,1058.147219187,74.4266100555701,2215.1329409455,114.895393105736,377.508302120839,1.43386359355733,6.8775979985886,3.80813494786368,0.725826322328458,5.06917418990866,5.50039129818729,0.101144959793305,0.0065016256910436,0.0035983944054846,12.9475004405763,39.9916644663437,16.027675746533806,2910.07659741074,196605.0,240,17.2685370994395,1.69663956498452,1057.57162374329,68.7118655017816,2215.54084894504,115.046155874456,377.761634978461,2.12473882223915,8.14078836064003,2.66559127237024,0.692961379912766,4.75388066677849,5.33309521595478,0.0409543468519949,0.0030448092886434,0.0016802848308392,13.1731116604676,40.0461393525027,15.0
8.885416666,17.0510143076922,1.96507128541734,1061.39517437661,74.2938035769314,2223.48313057591,115.259448616367,378.616614164343,1.4168253460147,6.85233085520859,3.83436357044478,0.720898109690147,5.0560781683362,5.50364510581295,0.102539191441724,0.00656998534759,0.0036349065861131,12.9604977691213,40.1202990711524,16.037018253320475,2919.87635278599,205950.0,240,17.1394579002713,1.69407366151709,1059.62366108922,68.674611459581,2221.16074264769,115.265458472585,378.392090106187,2.11027969303107,8.1297675969643,2.69153974794262,0.688067265837187,4.74747142793225,5.33587140677314,0.0417188768608365,0.0030966682292178,0.0017091484585284,13.1818976310034,40.1244000599475,15.0
8.895833333,17.0015057541836,2.04154349377434,1062.38425122579,75.2208116837123,2225.96421926492,115.288768087457,378.607801325876,1.33645956593485,6.76604279231974,4.06499601820583,0.7449119628103,5.11411090342649,5.51308361734168,0.114775081528469,0.0072075813095848,0.0039879467429373,12.9221738098399,40.1318835561434,16.04636076010715,2923.19830135793,232955.0,240,17.0292174405336,1.71898203060294,1061.94355637522,69.4471503032609,2226.95876607583,115.473609907228,378.992989385438,2.01664946931144,7.99458677143473,2.89039723097408,0.697405314374325,4.79081190316166,5.35316911639725,0.0477810969398269,0.0035021316679005,0.0019382091870758,13.1621204682622,40.1986402381343,15.0
8.90625,17.0829598116253,2.08424211806604,1058.34089032849,76.8171425302271,2216.61411335262,114.673237587917,376.458898170311,1.31261051031658,6.67643348524245,4.39634598299661,0.77145632482046,5.22291946286282,5.52672415882942,0.126367500671294,0.0078115781277083,0.0043253172212476,12.9355109943338,39.9187770259997,16.05570326689382,2912.11729424667,221125.0,240,17.0509113517161,1.75018740218919,1060.34725117384,70.8067471581185,2223.32575293875,115.164856372278,377.854522307555,1.94211611808809,7.90154056675927,3.19495330624332,0.717005153979929,4.88075445520275,5.36594101673839,0.0557076886102024,0.0039803563185438,0.0021981959905928,13.1623996207083,40.0926212559385,15.0
8.916666666,17.068196335166,2.10011614954283,1055.45015236788,77.9576424740048,2210.7551721217,114.254362159356,374.964148133804,1.30998547291702,6.58643436508965,4.55070745719557,0.772046087425406,5.28973889295573,5.54077802077414,0.130661575797629,0.0080212535935397,0.0044400558627632,12.9645446975703,39.7742910256822,16.065045773680488,2904.86682621182,219510.0,240,17.0750167305888,1.7737385893118,1056.8818897793,71.8751258534394,2215.95479757267,114.663934918242,376.07443460536,1.91192939026356,7.84594746484149,3.39184501155758,0.72369053012949,4.94892287488069,5.37562577298173,0.0606990751078216,0.0042637742472929,0.0023481441331926,13.1788842708679,39.9195152796191,15.0
8.927083333,17.0285362760788,2.12415882483882,1056.44142215089,79.2219246456833,2213.12615365867,114.26439548202,374.86349024784,1.29361846162793,6.5188998197684,4.6645599200865,0.773800315999639,5.36516516687138,5.54970564444237,0.13451777484877,0.0082162916027044,0.0045498680064955,12.974385690535,39.7790230679466,16.07438828046716,2908.27230693979,221695.0,240,17.0472162258104,1.79705108556613,1056.11439561476,72.9852482762176,2214.65756968183,114.4810853092,375.341516249558,1.88206123037587,7.77439894295732,3.51924982020281,0.727603691441181,5.01486807100968,5.38563456213609,0.0645428598989402,0.0044818759568948,0.0024660494926564,13.1851796852251,39.8571028905775,15.0
8.9375,16.9948959221633,2.11137293446287,1057.75856624394,80.1345983447544,2216.2678432506,114.316771015366,374.890428021616,1.30685537183622,6.49991979243256,4.71734620611649,0.769136682945437,5.42150651653154,5.55330510863353,0.134986097849169,0.0082385723341804,0.0045625409127392,13.0016279886977,39.7984763818048,16.08373078725383,2912.37501244356,207645.0,240,17.0178662319916,1.80681062572435,1057.06219553855,73.8501157711596,2217.01880464621,114.492503848185,375.228693974766,1.87656098157204,7.77013063618418,3.57374114597408,0.728733301932306,5.06893313146593,5.38642455489019,0.0655768524192344,0.0045297401573826,0.002489491217404,13.198279983571,39.8622982737363,15.0
8.947916666,16.9221688102712,2.16345966644164,1059.2751401538,81.1431708561136,2219.96637924377,114.399817958476,375.02787607305,1.26126886428525,6.43837039195213,4.76127485640332,0.770953162410325,5.47901136800806,5.56041741062664,0.13900911807747,0.0084518190974671,0.0046854121932697,12.9711756107603,39.8285250244564,16.0930732940405,2917.23068198225,234890.0,240,16.9554258024511,1.83239119932291,1058.46648300551,74.8631532524092,2220.52077631464,114.55973157564,375.320229448061,1.83402317210919,7.68226163511578,3.64634275877888,0.729680350772869,5.12705233819004,5.39801056420271,0.0694309242663318,0.0047571773844173,0.002617579995171,13.1885239595401,39.8868226490301,15.0
8.958333333,16.9843934686997,2.20817228438175,1058.04216579829,82.9891151517817,2216.17846985322,114.064403201954,373.769285876042,1.24146145815129,6.39140219935066,4.93676825952176,0.79004782621659,5.60425671130159,5.56739254451209,0.145729800035574,0.0088042128584015,0.0048904123421622,12.9562941574957,39.7126062587109,16.102415800827174,2913.567034605,228465.0,240,16.9578549046669,1.86590934603761,1058.76086761992,76.4709626004077,2220.67894860402,114.433722137512,374.762072813189,1.79182346090908,7.59574576161058,3.80091271336127,0.743640359973304,5.23063121494973,5.40882896820769,0.0752224912822554,0.0050876421813857,0.0028015449980382,13.1770649080142,39.8439284134236,15.0
8.96875,16.9971546401414,2.21941412847346,1056.06216207953,84.4045734036894,2211.56908778933,113.692540862591,372.405628159589,1.24639545280578,6.34054284439067,4.9905350799984,0.788960695566504,5.6914922695844,5.5766156299071,0.147065838064488,0.0088609668847743,0.0049218711445512,12.9688190285992,39.5841264075565,16.111758307613844,2908.28858902672,223895.0,240,16.991949173933,1.89119199983167,1056.89749159481,77.8140667322481,2216.14421859158,114.062185086582,373.388453833404,1.78005819042529,7.56299476466014,3.89368424406697,0.749823595844704,5.31819841956247,5.41502931022406,0.0780004345692258,0.0052314982719302,0.0028778215829634,13.1846967911288,39.715474784228,15.0
8.979166666,16.9627067625505,2.22348571213734,1057.32404802377,85.5693408677182,2214.25892388183,113.706250368245,372.305475027547,1.25215153117451,6.31809132540561,4.90958443356051,0.78244581505267,5.75997213193163,5.58095887673155,0.144866328539098,0.0087465526118585,0.0048583921528257,12.9750508697997,39.5900916400942,16.121100814400517,2912.0655973569,220430.0,240,16.9792876943931,1.90959267994401,1056.7411402979,78.8979027577846,2215.72844817258,113.910437222225,372.742261250848,1.78041361374138,7.54419178064288,3.86089447759682,0.750040189982107,5.38399377169524,5.41893156419822,0.0771210493866269,0.0051743594789583,0.0028462610892744,13.1896119592604,39.6637461683724,15.0
8.989583333,16.9166863325378,2.22288761743617,1059.40151256091,86.4015187441624,2218.90126096945,113.823115296849,372.543379380845,1.26042461333881,6.31638376304932,4.76738893050426,0.776357207861036,5.80813899680978,5.58233520175423,0.140706035668417,0.0085341160366693,0.0047398820287226,12.9808170146414,39.6321629044572,16.130443321187187,2918.0272123925,216540.0,240,16.9425511752443,1.92127059551911,1058.29858190585,79.7217354628585,2219.2107468518,113.964241329046,372.772720715125,1.78935637859438,7.5460341726053,3.74066149570279,0.748779771773539,5.43293489226218,5.41971734598987,0.0736102457292414,0.0049695853260773,0.0027347605768666,13.1931217007892,39.6838447174757,15.0
9.0,16.8494164655062,2.19611321367547,1061.5590587418,86.5770294089571,2224.21551375658,113.983015557392,372.927815688899,1.28777560555602,6.34451758022797,4.57337887162869,0.765198895615344,5.81540825313902,5.58020451647449,0.133492711551195,0.0081606942372782,0.0045291596907535,12.9973938013673,39.6895173000558,16.139785827973856,2924.21396284026,205085.0,240,16.8904066729901,1.91883495153977,1060.2566769235,79.9904997555504,2223.91598305722,114.088987081246,373.036404244666,1.8201697714733,7.59202125688749,3.55021068143673,0.744552592646414,5.44805691067821,5.41478685326585,0.0673188581654431,0.0045990310278069,0.0025306813921179,13.2013692536704,39.7289328487529,15.0
9.010416666,16.7377609068775,2.1700487540556,1064.32557599873,86.1113766871082,2231.41043361125,114.254995825272,373.692941009111,1.30722771553612,6.38609102606554,4.34497963812866,0.750001673184774,5.7809699886391,5.57597808689095,0.125412793679034,0.0077436544375503,0.0042947106115161,12.9971759098826,39.7862100656311,15.0,2932.18614989782,205070.0,240,16.8025846373528,1.90763414715241,1062.64995907537,79.7115768380289,2230.05324717151,114.299729701059,373.596870507105,1.85719711053621,7.64299988316104,3.32448329662429,0.735716813274778,5.42749212483619,5.40931738322984,0.0605743381252661,0.0041990788751644,0.0023115513621411,13.2035219891053,39.8042199417064,15.0
9.020833333,16.6346003821897,2.1322565356559,1066.97356570926,85.1360169578322,2238.49405136804,114.528187647147,374.465838591221,1.33875979295341,6.4553530323714,4.13738844826386,0.738631111964435,5.72029154048542,5.5683377826688,0.116927737630009,0.0073041625430663,0.0040492477913787,13.0006496690596,39.8835673397843,15.0,2939.61092070996,195590.0,240,16.7008103772593,1.88613529230882,1065.31866715648,78.9729480906624,2237.05090495894,114.565367993295,374.345092925667,1.90744584444783,7.71647536974097,3.09396790563695,0.727328105435968,5.38024202358813,5.40064049144229,0.0537404881939075,0.0037847684483941,0.002084212358245,13.2044563526797,39.8988587232613,15.0
9.03125,16.5067072130265,2.08620048630439,1069.3225233825,83.3603194634752,2245.43512632227,114.808078895061,375.277317640194,1.36745320700927,6.51912080868156,3.95817393375166,0.725023877919867,5.61342475041762,5.56155045654385,0.109126397230945,0.0068953702398232,0.0038205294052274,13.0026353152291,39.9834018776305,15.0,2946.14007568584,194235.0,240,16.587983800263,1.85295333503624,1067.74832713864,77.5842421920116,2243.86612734115,114.834301146088,375.116696887535,1.96421282755946,7.79509374424252,2.88745523635621,0.716655273833163,5.29642328547707,5.39170823252547,0.0479618975123722,0.0034292831094035,0.0018888192555762,13.2060606005121,39.9947418543863,15.0
9.041666666,16.3856204292136,2.04805896596425,1071.53232383947,81.7150860958583,2252.02760037182,115.073891055613,376.051594877043,1.38989634084513,6.58080289523682,3.83316679240807,0.715837374209043,5.51369067633341,5.55474908836752,0.103524880174156,0.0066013890764917,0.0036571654194571,12.9985167349813,40.0783551255999,15.0,2952.35913852405,192545.0,240,16.4647994083458,1.81694780349098,1070.07883481993,76.0227975018423,2250.61895367302,115.109079513931,375.921425293621,2.01559018347518,7.85767711625927,2.73153414453487,0.70644853561538,5.2020243996978,5.38477572555133,0.0438273114111673,0.0031746344251085,0.0017495509086033,13.2038559679047,40.092697529682,15.0
9.052083333,16.2775579394752,2.00993608860456,1073.0992875415,80.0541704483204,2257.25150915597,115.273004434801,376.616230312117,1.41064476885475,6.63541553158888,3.77841597542457,0.708861502120265,5.41362079795296,5.548927951295,0.0999204362366713,0.0064094369623542,0.0035492228974177,13.001546685631,40.1499897769979,15.0,2956.83314375228,189430.0,240,16.3514510308166,1.78143047634928,1071.99152302376,74.4770228689593,2256.46981919948,115.342676191739,376.597573636954,2.06028750815021,7.92179016587158,2.63104455945462,0.697714201160752,5.10875863988531,5.37766549622552,0.0410916365358887,0.0030032963282319,0.0016548987602531,13.2043784152611,40.17627069336,15.0
9.0625,16.1663552828372,1.97081913406863,1074.35193814427,78.2869045987617,2261.90939350806,115.450800816611,377.119257311442,1.42697552874028,6.68039581880734,3.78737481322959,0.701987145971453,5.30750535085107,5.54398750318017,0.0983558658778174,0.0063245244926436,0.0034992793990949,13.0088587028058,40.2140207810746,15.0,2960.49923637016,187225.0,240,16.2418546207754,1.74505580499787,1073.44762544685,72.8626931067588,2261.4039773637,115.536642862124,377.148975883029,2.09448683195868,7.98442047775511,2.58827902847547,0.689049542631831,5.01173151834874,5.37061864169488,0.039690072710548,0.0029161832804924,0.001605771146703,13.2072409299252,40.2459078801267,15.0
9.072916666,16.0540641363811,1.92704473401931,1075.52083579133,76.4782951132475,2266.42883831744,115.630422081604,377.630648347195,1.44134193426507,6.72570751063434,3.84081169186957,0.694199428614036,5.19954805888276,5.53856994095361,0.098366665731998,0.006327728646717,0.0034979393009825,13.018329884564,40.2784723804124,15.0,2963.97563402342,184290.0,240,16.1311554088243,1.7072691983325,1074.69621651865,71.197421034281,2265.95408047685,115.72038659401,377.667873781472,2.11750238237045,8.04978433518591,2.59685206011356,0.680097975462967,4.91202542406764,5.3627738186297,0.0393727311252497,0.0028991921394107,0.0015946183102363,13.211502707153,40.311798291325,15.0
9.083333333,15.9376264362482,1.87742283520642,1076.66417994026,74.6469072989919,2270.83329889599,115.818609582097,378.170525230038,1.46444601687299,6.79465422229579,3.82259347915864,0.681874173668654,5.09047134632627,5.53076799229674,0.0965068239547355,0.0062423023368641,0.003451210250861,13.0224128850437,40.3459098108304,15.0,2967.35957306866,180580.0,240,16.0188405684482,1.66763095481183,1075.85060029899,69.4807363164516,2270.29605011957,115.906213918132,378.192381558187,2.14445610623158,8.13319163161284,2.59061029281907,0.669213543748241,4.80978221144134,5.35258890157631,0.0387379438394004,0.0028633908547725,0.0015736518680446,13.2147752299159,40.3782921224919,15.0
9.09375,15.8147462109587,1.83625190008471,1077.87195752274,73.0125257102553,2275.20473500066,116.018914088171,378.752454391506,1.48751355608669,6.8842301651339,3.71683635902608,0.668452739772652,4.99156854356282,5.52107660744832,0.0925337236941454,0.0060448597645437,0.0033454872490438,13.0118647909131,40.4177022736065,15.0,2970.9587167402,181030.0,240,15.9000282995407,1.63139468855821,1077.03303535176,67.8924393088032,2274.58289525056,116.10122417023,378.753867783066,2.18147054762735,8.22151230235924,2.52475365175555,0.657337319414067,4.71424620603628,5.34240573519987,0.037088431459273,0.0027650469588658,0.0015201656310422,13.2121418419152,40.4480248811048,15.0
9.104166666,15.7069062519729,1.79375389787491,1078.70617662013,71.3341373880155,2278.63511234632,116.183156092667,379.21561465493,1.51603876243135,6.99445151834593,3.58435009539104,0.656398823578009,4.89180763589811,5.50957487462626,0.0875939474288339,0.0057960494423835,0.0032127704677959,12.993959803027,40.4770116456227,15.0,2973.41340656076,179825.0,240,15.7845981868736,1.59709789263066,1078.0900049297,66.3939949833608,2278.45966200834,116.28538389701,379.286251334961,2.23008502078925,8.31514289413431,2.42019956400266,0.646551716273199,4.62413951427018,5.33225813254123,0.0347748005797093,0.0026216158309215,0.0014424149527174,13.2055442740818,40.5140688695463,15.0
9.114583333,15.6005684388768,1.7420530667489,1079.19824311712,69.4140738802884,2281.26168393324,116.321999087341,379.60054826862,1.56958922373209,7.1386217125049,3.37695263626897,0.64167664205006,4.77988039277823,5.4952888040551,0.0792933297413098,0.0053655383188986,0.0029828960654987,12.9831993789549,40.5276772228066,15.0,2974.74316913206,172470.0,240,15.6795689253868,1.55803338954779,1078.76635578324,64.7031775509227,2281.42037339434,116.437040889167,379.714398468389,2.31202906450097,8.4481573733685,2.25261931911244,0.634785976555193,4.5245538240616,5.31807979183152,0.0312521007837145,0.0023880861263486,0.0013136871647982,13.2020106661738,40.5688574890386,15.0
9.125,15.4567999235893,1.68289310633299,1080.2705611341,67.2619526856476,2285.14675666123,116.540944854951,380.264941332406,1.63791844161759,7.29273985842705,3.11332119676125,0.623732284883648,4.65524556149815,5.48020783883545,0.069239246679639,0.004830613549059,0.0026982368264533,12.9771833401855,40.606396088675,15.0,2977.56866456776,167115.0,240,15.559991468159,1.51343711182354,1079.50563174123,62.7781141903411,2284.47639564489,116.608153092194,380.221962352522,2.43057729118925,8.60000206255635,2.02650817012418,0.6212179561622,4.41242197136343,5.30236182697542,0.0269977773894452,0.0020999208572302,0.0011548880820199,13.2015147122038,40.6304888640675,15.0
9.135416666,15.2866556755314,1.62526903300879,1082.09881768548,65.0109131407516,2290.4935966205,116.850083691006,381.246205328025,1.72171888334684,7.46110381303877,2.77309998201166,0.604587312753221,4.52576587782677,5.46414343188835,0.0580267599422277,0.0042301993217979,0.0023849693837798,12.9596041741723,40.7167020032373,15.0,2982.31223885175,163300.0,240,15.4115438783645,1.46600241929321,1080.8322310507,60.747320197789,2288.69107118818,116.851350548781,380.994280162705,2.58304292678383,8.74178218633033,1.75851708970434,0.606016506379132,4.29468268446652,5.28875849306738,0.0225143685621348,0.0017941773061415,0.000988372786841,13.1971127970827,40.7173207457718,15.0
9.145833333,15.1115128764821,1.56749304682329,1084.07765571259,62.6895038984865,2296.0407353447,117.175422000532,382.311350517662,1.82656293707414,7.61516691596195,2.40112033371692,0.58922318440839,4.39343034289418,5.45076840638936,0.046930495673361,0.0036268080856941,0.0020740990399778,12.9413030950069,40.8328356453291,15.0,2987.34562733947,160295.0,240,15.2463462324044,1.41693591689295,1082.60247586856,58.6704940957511,2293.71026931972,117.142566971983,381.963547829203,2.77971224776755,8.85457622167632,1.46590429780917,0.591963304235196,4.17503758948543,5.28006505116062,0.018094589385682,0.0014889215407867,0.0008235025657214,13.1912778047078,40.8210452447023,15.0
9.15625,14.9375512665481,1.50763433692996,1085.82758382497,60.311709373869,2300.93183810724,117.47188571776,383.322630259675,1.95929702247696,7.74730269969584,2.03028755468741,0.573236266606073,4.25867570581831,5.4417076409996,0.0369969320361187,0.0030851465447768,0.0017991266213934,12.9187892710045,40.9390108521793,15.0,2991.60349360177,157265.0,240,15.0763752975434,1.36641707439997,1084.41246780898,56.5562924285289,2298.66461835168,117.432474189156,382.977340165912,3.02260874148715,8.92330195394469,1.18286297938245,0.577933135631732,4.0539868425197,5.278625391398,0.014161702660158,0.0012153007419131,0.0006770205388227,13.1846171065517,40.9244748634017,15.0
9.166666666,14.7661487743116,1.45347667873244,1087.24935936266,58.0035617469464,2304.90700284471,117.722452527798,384.236437080188,2.09529166162395,7.83454993346784,1.70667110534796,0.558570383699646,4.12769244867971,5.44001760599143,0.0296046633763122,0.0027008774083801,0.001612151277737,12.8806582017798,41.0292934569808,15.0,2994.86108026446,160415.0,240,14.9032680398014,1.31793098664564,1086.05707841406,54.5016882171195,2303.06544110501,117.693439114153,383.955573330352,3.28039952934285,8.92421157748089,0.947181225053601,0.564041134233306,3.93650488199581,5.2879965302712,0.0111089256123393,0.0010119896890968,0.0005717317575911,13.1716435466623,41.0180215893282,15.0
9.177083333,14.6279480705778,1.40194539310573,1087.88970444857,55.8598169172988,2307.00558778931,117.873880058411,384.871044594106,2.24169096327387,7.89484691025252,1.46348168407613,0.546929419320434,4.00528940176109,5.44332101341766,0.0242518608560315,0.0024245529100745,0.0014776544906715,12.845982836978,41.085163317293,15.0,2995.93889784374,157770.0,240,14.7450543076066,1.27211067978296,1087.23183407933,52.5538985173596,2306.25965432256,117.89153757356,384.777218817119,3.53485062134744,8.88686704999795,0.771410931779742,0.551752825478334,3.82469680770795,5.30400260952626,0.0089152468183359,0.0008640858544576,0.0004950928854833,13.158752142548,41.089870483038,15.0
9.1875,14.4968395150274,1.35409887258187,1087.91596927298,53.808145461554,2307.61525840788,117.948380913632,385.302004936527,2.37330367849114,7.91672563830306,1.27956707523408,0.534811785874449,3.8879522974295,5.45273794151153,0.0206147863951203,0.0022587070801528,0.0014020321284572,12.8122491564742,41.1143170906169,15.0,2995.27805706239,159375.0,240,14.6058649269174,1.22965438841697,1087.72507201829,50.7068644355298,2307.81192099297,118.006035572953,385.364997781844,3.75627174665387,8.82893266841181,0.650217046181303,0.539850874238792,3.71834193307353,5.32408581932332,0.0074454519595068,0.000773152295827,0.0004499677558352,13.1469251009389,41.1327469201359,15.0
9.197916666,14.383235317985,1.31690285944578,1087.59117169128,52.0386964125007,2307.25676190426,117.971056644665,385.604264648167,2.46586566610885,7.90119971552697,1.15084594942488,0.525228668948422,3.78542710856057,5.46769899662106,0.018348756560116,0.0021801490035531,0.0013734054039875,12.763893175575,41.1256482043585,15.0,2993.69069962892,165505.0,240,14.4755457017877,1.1933600247441,1087.76271150535,49.0746669253104,2308.19535780523,118.061760429453,385.795313913813,3.91254166100352,8.73810896537831,0.574472173593354,0.529009133250568,3.6235449422757,5.34939833098758,0.0065461453756604,0.000730234155896,0.0004321683387158,13.1276537067996,41.1553887877678,15.0
9.208333333,14.3156388451043,1.28229505816416,1086.31532585058,50.5057337792478,2304.69238559212,117.880592465511,385.551259500126,2.5530183229753,7.89245212514132,1.08294449003223,0.518682290661504,3.69561387235931,5.48220864734897,0.0169292029433106,0.002118047252531,0.001343318151652,12.7372602636029,41.097627717015,15.0,2989.53219367845,161615.0,240,14.3783728139257,1.16140067881488,1087.13361870801,47.6334745957103,2306.98212188484,118.037989811918,385.980015499899,4.040791674179,8.66485626151387,0.527382617527845,0.520536273401229,3.53886265014888,5.37269258082379,0.0059801842143299,0.0006969013103411,0.0004152757923152,13.1159702524232,41.1504956135439,15.0
9.21875,14.2374244354921,1.25324588315857,1084.80293230504,49.1020627819096,2301.50807694245,117.763061700935,385.426910340297,2.59528640728532,7.86900588143688,1.04891069668483,0.511096522921826,3.61316803488974,5.49819503374042,0.0163412436471045,0.0021214156097152,0.0013510088144051,12.7109510719226,41.0600862398344,15.0,2984.74734773284,166355.0,240,14.2995079334085,1.13385327454609,1085.86230174737,46.3383581808488,2304.26472689985,117.94227826587,385.935383652971,4.11655050714336,8.60732616471253,0.506212834179645,0.512380235110829,3.46229749783304,5.39393177370618,0.0057227447486046,0.000695767568144,0.0004173563749938,13.1057612753149,41.1205389070674,15.0
9.229166666,14.1768909546265,1.2312424925579,1083.43281405357,48.0045980919158,2298.46306999038,117.655233725563,385.338707699554,2.61301091006748,7.85103375493889,1.04001895039682,0.506243122511494,3.5474149111318,5.51270682854199,0.0161478799836011,0.0021316422667688,0.0013590124893853,12.6837123868515,41.0259559741195,15.0,2980.44028465132,168070.0,240,14.2255172597506,1.11148519402659,1084.4985823125,45.2650354428238,2301.22124186533,117.835273929653,385.855080056448,4.14745923017803,8.55894628564296,0.501898727015422,0.505760685803606,3.39794275560574,5.41319482945952,0.0056609994799168,0.0007041926921069,0.00042348773856,13.0933301596224,41.0866702368416,15.0
9.239583333,14.1348770276757,1.2119201588957,1081.69579800886,47.0755095126908,2294.51609381323,117.505108145921,385.110047969576,2.63326829504979,7.84521638475245,1.03319542183579,0.501953693463094,3.49120090447203,5.52542404770664,0.0159556998936937,0.0021343089290437,0.0013610072869303,12.6674001355222,40.9770578390643,15.0,2975.15971146701,168020.0,240,14.1712504371362,1.09299442149115,1082.96121263618,44.3712017050453,2297.68813945287,117.707458680601,385.702455489248,4.17277209333954,8.53505976257029,0.500022028359884,0.500427895566607,3.3436498097487,5.42867329746338,0.0056274952564517,0.0007096116847413,0.0004267849235882,13.0860632256877,41.0455294384938,15.0
9.25,14.0797241419686,1.19011990363555,1080.30613365995,46.2010972545713,2291.23684622914,117.395930664532,385.015629356174,2.69417650415208,7.85459634741621,1.00051157835719,0.496282501857599,3.43869228906707,5.53578736631375,0.0152070748788318,0.0020913974892214,0.0013354491559074,12.6708388595886,40.9424261815302,15.0,2970.82354750942,161910.0,240,14.1228924537237,1.0750001460886,1081.38335740559,43.5335167974592,2293.98731147422,117.575730009839,385.53672067311,4.23643904112538,8.53506001630641,0.483530095484701,0.495169749717647,3.29284186256062,5.44054846035335,0.005425621816368,0.0006925019506066,0.0004157823505028,13.0890527966528,41.0029636640918,15.0
9.260416666,13.9816053578638,1.16994844406929,1080.0319830612,45.3605941507901,2290.28928198828,117.411633449294,385.344157592255,2.75867332735056,7.85278256921069,0.946900704825696,0.489452714818945,3.38888124645552,5.54683489734682,0.0142783444401466,0.0020567865029453,0.0013189199725011,12.6692771058993,40.9514256352978,15.0,2969.54180690784,162040.0,240,14.0512716048772,1.05762929252559,1080.42903686154,42.7405628234841,2291.55358673556,117.51266649874,385.608887035679,4.31743762913988,8.52741828752867,0.456737832698053,0.489294277075344,3.24520260289014,5.45303210055524,0.0051147089363823,0.0006763586646044,0.0004076356852449,13.0911277706527,40.9843741117176,15.0
9.270833333,13.8760419506458,1.15053649495299,1080.37782410588,44.606927875841,2290.5921010938,117.493694357977,385.899416511979,2.83160651404408,7.85104756327355,0.89286296129843,0.484005323062265,3.34429611458447,5.5573123504575,0.0133110120650996,0.0020088929203053,0.0012931586048824,12.6677010582377,40.9837021302965,15.0,2969.96524955683,158835.0,240,13.9560465044554,1.04103836191199,1080.28394956524,42.0210433445449,2290.78550834242,117.537331588423,385.983304590036,4.40528248130448,8.50689205437146,0.427513760837929,0.483995354124278,3.20217023091413,5.46655504548992,0.0047784896315039,0.0006540020136598,0.0003954848236601,13.0921174079392,40.9964983321497,15.0
9.28125,13.7662664429635,1.13292958082711,1080.74988456258,43.8677384950033,2290.8839806514,117.577572561286,386.472415872695,2.88849610558854,7.8409987883087,0.84639175381348,0.478544007108818,3.30102795515509,5.56886237819908,0.0125585896297277,0.001983686002577,0.0012813911786278,12.6588431348435,41.0166981131717,15.0,2970.42621769211,160030.0,240,13.8520643305733,1.02562322113294,1080.51630868041,41.3561507793036,2290.75542627341,117.601897665898,386.50034045907,4.48063831764521,8.47756893124434,0.403090079971222,0.478877114162311,3.16271952868294,5.48103578300459,0.0045001417835742,0.0006416954811677,0.0003899271013758,13.0901515212321,41.0226567225331,15.0
9.291666666,13.6671035738056,1.11676154584194,1080.86085819338,43.1885453259126,2290.54851017431,117.630693278504,386.952334111167,2.94009801199436,7.82886985359973,0.809868539238816,0.474337636118826,3.26104950582927,5.58066781227968,0.0119408135445235,0.0019575165330896,0.0012672822514572,12.6492287992329,41.0390543738985,15.0,2970.16499659288,159025.0,240,13.7476986738344,1.01132663703345,1080.75300162743,40.7397455478889,2290.66923104044,117.665928430705,387.02364951191,4.54335082166075,8.44411602416013,0.383997871867305,0.474402538841227,3.12618376248296,5.4958990772398,0.0042819780053278,0.0006305992004292,0.0003843247560006,13.0868434625211,41.0487354204294,15.0
9.302083333,13.573825444599,1.10227559029722,1080.6409635139,42.5443859888568,2289.45008621089,117.646367592171,387.316960169189,2.98047667353556,7.81093400202967,0.781697199916805,0.470383026769434,3.22311786318377,5.5933182012851,0.0114851952268177,0.001944305696984,0.001260603150912,12.6386204957755,41.0483962279763,15.0,2968.98536977724,159755.0,240,13.6501450106357,0.998290538927369,1080.74901849971,40.1642563955427,2290.00930516755,117.702679440977,387.463105366562,4.59456812092222,8.41018673380739,0.369614786866835,0.470294263188073,3.09201677015455,5.51085340071061,0.0041175265923835,0.000625334407772,0.0003821065922114,13.0831860514063,41.0653714932396,15.0
9.3125,13.4897951189404,1.09078286556372,1080.1749584863,41.9845483078613,2287.77153565239,117.633347802618,387.591715484806,2.99983361460916,7.787557822393,0.767844195058997,0.467575232332484,3.18971846641884,5.60646484788493,0.011269297598815,0.0019454921341935,0.0012620618852262,12.6241243192408,41.0477600542616,15.0,2967.15289934118,161585.0,240,13.5584035091508,0.987122070957646,1080.49023504232,39.6521445774918,2288.75293580463,117.710862095818,387.812055366928,4.6235453028243,8.37276043600167,0.362400814030843,0.466813167120857,3.06135662046129,5.52615237995212,0.0040337910858698,0.0006277864497152,0.0003843803792884,13.0769844778549,41.0721091825843,15.0
9.322916666,13.4259162159906,1.08280040936678,1079.24501507778,41.5329797558861,2285.05028414713,117.567690297906,387.69132632274,2.99466311854645,7.76450583019937,0.772395445088289,0.466024553242186,3.16202724911297,5.61933184210148,0.0113430047719972,0.001961574078211,0.001271489722068,12.6076642893408,41.0287214343075,15.0,2964.08701277681,164125.0,240,13.4798593049757,0.978465073225513,1079.89256728653,39.2296243168816,2286.7264694909,117.681468358801,388.034737721789,4.62586325772042,8.33786843766809,0.364113328979537,0.464216182322185,3.03551080442043,5.54086343012126,0.004049522911966,0.0006379913979256,0.0003908573572607,13.0690516560798,41.0657583574382,15.0
9.333333333,13.3819021951456,1.07621915478823,1077.79128204349,41.1649847992806,2281.16994485768,117.444460097137,387.593905882772,2.98510829026513,7.75009021126359,0.788551906209964,0.465072568269059,3.13881399291722,5.6308564158541,0.0115550747827821,0.0019765366211661,0.0012784918440736,12.5991364722314,40.9894814263554,15.0,2959.61554433004,164000.0,240,13.4210913973459,0.971707574342617,1078.81133260046,38.8782050810291,2283.63127621938,117.599600026952,388.075922982729,4.6175816895136,8.31715337558137,0.371161743896653,0.462393329664811,3.01341317073444,5.55338845296303,0.0041231500453622,0.0006471527955438,0.0003955817775444,13.064455485532,41.041021886041,15.0
9.34375,13.3360335522802,1.06991038056633,1076.31882916422,40.8367445460535,2277.22385365501,117.321137930901,387.490881554287,2.98247117389838,7.74174647181317,0.802454387392649,0.463553595144908,3.11805489885578,5.6412499072212,0.0117225841524671,0.0019872121407492,0.001282661927746,12.5986726711199,40.9500989947709,15.0,2955.10615938393,163000.0,240,13.3735246148087,0.965879716939825,1077.41268075935,38.5621204528738,2279.83250687622,117.484511912874,387.999421356787,4.61390739710449,8.31131834590164,0.377632542530651,0.460676418619942,2.99329076131004,5.5636499575882,0.0041899400498488,0.0006532949328438,0.0003980945090949,13.0643707346783,41.0045638978473,15.0
9.354166666,13.2834178317241,1.06772420452112,1075.26648407152,40.6054416603715,2274.14651922263,117.243898922433,387.537927487444,2.95515210292453,7.72730217236557,0.821837560060465,0.462837615071361,3.10283502135399,5.65166589638617,0.0120557661926115,0.0020189202959895,0.0013012280125209,12.5880879029646,40.9267661784973,15.0,2951.79527815717,167040.0,240,13.3226615179147,0.962124163844896,1076.14491658994,38.3224321075495,2276.28935042783,117.38464559099,387.969018344391,4.5903752218958,8.30249159642684,0.387852893577493,0.459277708077599,2.9775939164284,5.57380669650228,0.0043013377989387,0.0006706429131018,0.0004084589191048,13.0593160081415,40.9733728209471,15.0
9.364583333,13.2580867616081,1.06995249854951,1073.9296277953,40.5218317212826,2270.43168689684,117.133344265594,387.462479456379,2.90613880093508,7.71929376117769,0.862082437605539,0.464638929021531,3.09551493550177,5.66056844463738,0.0127046366256424,0.0020610942108365,0.0013246937023311,12.5754897712901,40.8917116344115,15.0,2947.77801132736,169760.0,240,13.2806515068339,0.961338437654383,1074.9529118341,38.2057229059341,2272.88623388832,117.292976839135,387.955379509206,4.5402887349052,8.2960565087083,0.407442801540163,0.459265835036615,2.96870192282957,5.58286619020215,0.0045169958742137,0.000693284960323,0.0004213947251474,13.0515197651628,40.9450032416812,15.0
9.375,13.2745899909452,1.08794713191301,1071.3986912297,40.670006967496,2264.15174532897,116.885982690274,386.917908298875,2.75776547661679,7.69631952985003,0.967679201161338,0.472030048779765,3.10038162671563,5.67023122962242,0.0146648333038028,0.0022013500875937,0.0014069953420813,12.5330830769548,40.8087369823995,15.0,2940.62480362328,186175.0,240,13.266678328715,0.967984814408652,1073.11895783214,38.3075885952494,2268.10106295532,117.129167688637,387.682265360333,4.39319709872759,8.28309710780263,0.46070466992341,0.461815116279686,2.97160150820003,5.59196230954481,0.0051167661142367,0.0007644527970364,0.0004646868060204,13.02670054908,40.8914178323914,15.0
9.385416666,13.3822201521284,1.11402767616364,1066.65224527547,41.10173003209,2253.16709641403,116.389111763413,385.495576128793,2.57792170663207,7.70094706239532,1.2002936944025,0.48860281901672,3.12125071458804,5.67503155653227,0.0186046352809069,0.0024039232814322,0.0015099491498072,12.528027272042,40.6380924265888,15.0,2927.58288903029,186165.0,240,13.320889583168,0.98105380464227,1069.6800049201,38.6259071126688,2259.90948627748,116.788954407495,386.771344980378,4.17783200565727,8.31758266067755,0.569705983526591,0.469870071960578,2.98630278608921,5.59314214949899,0.0063358192055349,0.0008535940725554,0.0005107968999047,13.0147097784745,40.775884854828,15.0
9.395833333,13.5038218178775,1.16949386114335,1060.57801716475,41.8222030753085,2239.5447509305,115.744010558728,383.538446708773,2.27439288660375,7.65972422131802,1.63724251265462,0.515950685827012,3.15884248330207,5.68212064394789,0.0275386370427302,0.0028913427723384,0.0017596333134425,12.5100612707318,40.4147837074212,15.0,2911.23165910911,209020.0,240,13.4262114977985,1.00666114143733,1064.32054416422,39.2216183696377,2247.76238510537,116.241691840348,385.10308752986,3.79334863705516,8.37611350511403,0.80601130361281,0.483700855639156,3.01660207522257,5.58906631464153,0.0090666171258025,0.0010816220677802,0.0006345970441802,12.99468514516,40.5874023486611,15.0
9.40625,13.7430151810018,1.26049923698242,1052.99723767425,43.2420617755716,2222.54980415166,114.897828879193,380.837700989633,1.94222180318135,7.57216166724463,2.38442088262502,0.564570341326425,3.24158637558077,5.69039091912948,0.0456992479982308,0.003806445244843,0.002202973270798,12.5054814648972,40.1201845142047,15.0,2890.98361348839,227090.0,240,13.6072625919032,1.05162223181783,1057.470278756,40.3752482031921,2232.49440078734,115.51788846491,382.756653848457,3.25213108508629,8.42939596455132,1.28718102658417,0.511287000786558,3.08116599569766,5.58082618287416,0.0150044350446889,0.0015299488058739,0.0008702826420228,12.9725532582245,40.3364605194362,15.0
9.416666666,14.0219289358512,1.35057253221748,1043.8393590913,45.0311892128164,2202.108384437,113.861937736505,377.413238121488,1.75069471661638,7.48041940656346,3.24183513259954,0.611447533083782,3.34976838720664,5.6982145895253,0.0691018482947468,0.0049877560251952,0.0027802391647702,12.5711283921942,39.7584783620607,15.0,2866.50944022088,223880.0,240,13.8720595865532,1.10381805929196,1048.80058290655,41.8627262401613,2213.25027528159,114.571719655912,379.578064095045,2.82144800426483,8.50240251656917,1.9444773343042,0.542888868566746,3.16983087622083,5.5679932868639,0.0240109234546118,0.0021570802098903,0.0011954076555382,12.9916643377442,40.0069957780428,15.0
9.427083333,14.220694915553,1.47062469672774,1038.49324720945,47.5065038177863,2189.97037578621,113.241677166597,375.290117429601,1.59743985081791,7.33319569413015,4.14125436834623,0.659722173926932,3.49703251148292,5.70731310711967,0.097186185852533,0.0063810826180898,0.0034896716468845,12.6537781327371,39.5411582103197,15.0,2853.03230971497,234210.0,240,14.1055577370562,1.16859131056626,1041.51022171432,43.8118421321482,2197.08416485227,113.763508441278,376.799996351353,2.50202251527922,8.50057976780273,2.71740683745656,0.575509470427662,3.28590351414189,5.56205858528048,0.0367417110197854,0.0030077696441105,0.0016434663647144,13.0239648508498,39.7250108176426,15.0
9.4375,14.4357146834256,1.62381157939121,1035.20912406789,50.8711763536684,2181.78437329716,112.795189329889,373.665877811459,1.46380595916724,7.1361872602518,5.11601647254798,0.719070176773357,3.70330842167433,5.71786453524231,0.128495235231977,0.0079085622136857,0.0043031568871664,12.7410065496051,39.3839081337653,15.0,2845.28223674537,242595.0,240,14.3189381911799,1.25287522065032,1037.18351252393,46.6094960734017,2187.07652045774,113.237679125639,374.906590530855,2.24052426997709,8.38467747291778,3.62634455554367,0.616968520715729,3.45555923310303,5.56518764714628,0.0556322596492152,0.0041637281445279,0.0022546267839806,13.0581831793773,39.5408737390253,15.0
9.447916666,14.6673951014075,1.80065344780348,1031.33749515294,54.7729989837498,2171.92900911009,112.226396676596,371.584673581733,1.35093410620361,6.8829323559735,6.13167593405909,0.78183318702478,3.94834342286348,5.73415703470524,0.15848849714813,0.0093597970620903,0.0051118075572484,12.8244735447883,39.1835224990811,15.0,2835.77557200314,253535.0,240,14.5480537361423,1.3531812078725,1033.3308611885,50.0537598926205,2177.72115349093,112.703074436184,372.940213041731,2.03688107016081,8.16551716866171,4.63730525287816,0.664479528131891,3.66961783612691,5.57823881609302,0.0820261465479028,0.0056334785578031,0.0030325482716603,13.094700627157,39.3527132912125,15.0
9.458333333,14.9016706392787,1.95080544354625,1027.89840489855,59.2234066551543,2162.34585613063,111.636818675848,369.402371615972,1.27817942832636,6.61557874619528,7.05474479703648,0.831906581501708,4.23303118978908,5.75366085064143,0.18148367842898,0.0104830467400826,0.0057630751988646,12.9031829145619,38.9755711229145,15.0,2827.1118218243,255000.0,240,14.785520577312,1.45537576749564,1029.5944200526,53.9804774593474,2168.06160099007,112.113384672807,370.758472367906,1.89946254321518,7.89590275887843,5.62391594674891,0.709372307960932,3.91959324370078,5.59666076800283,0.111473063400221,0.0071468651516426,0.0038418663818884,13.1338254355793,39.1444017639159,15.0
9.46875,15.0977362644472,2.06068765937287,1026.35403231296,64.0932998496907,2156.40107398834,111.216432049201,367.76662287458,1.23493963738884,6.38569031831924,7.70363612671209,0.856372722889192,4.54080622320198,5.77087575535284,0.195496334048621,0.0111751857483013,0.0061774304054205,12.9559520580283,38.8263610580648,15.0,2823.49336659963,255045.0,240,14.9994379104797,1.5535315645162,1027.06184269897,58.2747772209277,2160.49918958049,111.60678668186,368.835416622328,1.81178337355046,7.64045603675993,6.40498710207099,0.740774565618864,4.19276362014508,5.61471837441903,0.136323495164026,0.0083410913935528,0.0044931912947764,13.1653356365199,38.9645323648069,15.0
9.479166666,15.2639108874354,2.14212439802003,1027.27152684119,69.279904181725,2155.21396394994,111.030089198802,366.898086190637,1.20808531477936,6.22197666547678,7.97654644369521,0.862790203562749,4.8657759278669,5.78179104402787,0.202203009346264,0.0115222052949588,0.0063966139196923,12.9777796043317,38.7584988144292,15.0,2826.33905188254,253565.0,240,15.1799415099868,1.64854381200485,1026.86232086412,62.8977643273379,2157.44007568541,111.317485925704,367.625672249097,1.75072669973443,7.43776954464447,6.84964392994054,0.760655950188592,4.4844120178689,5.62792781941002,0.152562966934644,0.0090863517342906,0.0049154431606829,13.1822465163189,38.8602812865571,15.0
9.489583333,15.3834506992087,2.1602160537153,1029.52392802677,74.1016993558987,2157.19663884929,111.007700315884,366.572376241105,1.21960830718877,6.14843770049646,7.90378556701826,0.848584688732107,5.15886173611101,5.78388738732736,0.202283686670746,0.0115051073472572,0.0063936246150234,13.0047622466348,38.7477290279303,15.0,2832.86255386266,235465.0,240,15.3234126209205,1.72186380169402,1028.34528456555,67.2490406256744,2157.91966573715,111.211483675603,367.013872246047,1.72836793883306,7.36025316690674,6.89184268787856,0.766799110951071,4.75533350894445,5.62784989253731,0.15664881435038,0.0092515894929346,0.005019281584047,13.1998892328467,38.8201650458455,15.0
9.5,15.4122888351574,2.18636653234767,1033.76941033416,78.3520254159263,2164.69615087292,111.280253441958,367.231968416157,1.22174543687077,6.12676044991362,7.66565050096331,0.827111619272679,5.39630468841203,5.77819854481624,0.198794063013764,0.0113298728355758,0.0062981691177158,13.024480332902,38.8401148329622,15.0,2845.62744248556,229060.0,240,15.3924922115688,1.78683449242648,1031.47644824605,71.0913307106932,2162.82531769848,111.342410016279,367.194311987864,1.71171308320601,7.35716114639702,6.68950738861416,0.763665586177139,4.9793826925098,5.61927508902085,0.152876538959913,0.0090490981032603,0.0049201049010269,13.2146949526114,38.8631299726828,15.0
9.510416666,15.4295928513709,2.2339313318744,1038.74016399463,82.2579198712681,2173.8957887682,111.634864113951,368.164252251574,1.20672417145621,6.12396909719499,7.36307372490919,0.817772676390786,5.61348402257913,5.76826317096482,0.195333326218673,0.011193458893829,0.0062343330871198,13.0267851008715,38.9613772876821,15.0,2860.24077471548,229040.0,240,15.4168396241545,1.85236456427989,1036.09974077513,74.7615077768881,2171.41186769631,111.65876116389,368.001319620066,1.683808762951,7.35189511934849,6.40463559960398,0.764893721079184,5.18572239709353,5.60935602082488,0.148161931850434,0.0088174723776297,0.0048102112564415,13.2189423820173,38.9711017299066,15.0
9.520833333,15.4643376106533,2.26610849378548,1042.30231614567,85.4260111442863,2180.25856265904,111.837615680438,368.601775210957,1.20301984500078,6.13662644054663,7.02555671724745,0.811772295322625,5.79130960666683,5.75751557444856,0.190892646940584,0.0109941622244035,0.0061303722305921,13.0279093761768,39.0299980411682,15.0,2870.59220916117,223740.0,240,15.4461125354275,1.90678260873952,1040.27551061651,77.925493071963,2179.16912238506,111.926640789095,368.654045104451,1.66617249488915,7.36321165788147,6.07505016447445,0.768317713114561,5.36463609669637,5.59768402988108,0.141716599201738,0.0085054586873361,0.0046523052488821,13.2209721918938,39.06255533037,15.0
9.53125,15.4859276357252,2.2932516352031,1044.9927559846,87.8779656234411,2185.33203487281,111.972941850792,368.831437526919,1.20008667048779,6.14588185305899,6.67775002929539,0.805057372532796,5.9245368669735,5.74785904844184,0.185221387712498,0.010727952432825,0.005983602719373,13.0246974383578,39.0755937474214,15.0,2878.56204720448,223385.0,240,15.4727708378719,1.95080963606187,1043.38816469089,80.4273497033209,2185.05508932585,112.096434428765,368.996157207663,1.65741896368207,7.37657017420519,5.72532544772938,0.770093120686556,5.50381703628629,5.58708182496438,0.133425783238018,0.0080971649352332,0.0044362637888316,13.2210753346822,39.1203061540182,15.0
9.541666666,15.4987343169199,2.28820393504694,1047.47549042626,89.4666917967451,2190.48775493464,112.114633664689,369.090377484269,1.22068381838367,6.18183650671983,6.32716745562406,0.795590666761092,6.00785576809056,5.73581239416387,0.17791876913421,0.0103533226148616,0.0057687704157471,13.0394130806517,39.1239198322323,15.0,2885.81915110413,208725.0,240,15.4931422057544,1.97483686592116,1045.96351880214,82.081122813793,2190.27511062411,112.236664822861,369.244198435035,1.67054161356086,7.43602634836496,5.35177383449715,0.769254042713168,5.59366291352135,5.57139356777328,0.122346392966534,0.0075383616860409,0.0041308877191208,13.2272800288935,39.1683309624626,15.0
9.552083333,15.475777703956,2.33025109947456,1050.30349183567,90.7985288513922,2196.88533191116,112.319104067222,369.575563187448,1.19650826624742,6.16693762770684,6.02046708352801,0.792362238218216,6.07169736841303,5.72876570962138,0.172397421738958,0.0101108567367731,0.0056356972220307,13.0188497426132,39.1947140167008,15.0,2894.30755040219,228390.0,240,15.4816512563698,2.00510534466668,1048.69956414901,83.502600463923,2196.3414201612,112.417475286307,369.656664658686,1.66133963974257,7.4148501542793,5.03731327637379,0.767865510356455,5.6650551048091,5.56636620445785,0.114345797137806,0.0071303598908097,0.0039123127548439,13.2199237682182,39.2309741337602,15.0
9.5625,15.5658256998155,2.36940375364885,1050.82183788715,92.3217189961062,2197.20196044168,112.185105434181,368.93878175096,1.18760063677649,6.147465140507,5.86648502574236,0.805820627129681,6.16700097712862,5.72373979100635,0.170338496489386,0.010023645537906,0.0055933501678646,13.0025270110759,39.1475334188275,15.0,2895.46270344668,225310.0,240,15.5208701351399,2.03704452882889,1050.56689284231,85.0912150039014,2200.00390816957,112.45665408537,369.604940234982,1.65168426984323,7.36060598611164,4.84451572124212,0.777014421643174,5.75652572531099,5.56498605950117,0.11028013197941,0.006923266810538,0.0038050551870789,13.2083426958353,39.244390882325,15.0
9.572916666,15.6297373980645,2.37256921106669,1049.92468989072,93.0208985183499,2195.36235546355,111.941532331765,367.963806776672,1.20244916801622,6.11262707084626,5.69860385737914,0.806969350573982,6.20760714235222,5.72306943276123,0.165804608653117,0.0097767188720302,0.0054493540207746,13.0179428382387,39.0624986793345,15.0,2892.9568362453,217760.0,240,15.5961120946652,2.05232030348662,1050.17854005711,85.9259146908748,2198.98542319281,112.252504575936,368.751332294833,1.66537923286791,7.34717002767047,4.67293706098226,0.781920108243626,5.80820507835014,5.56103628440136,0.104521021544486,0.0066134658327498,0.0036331222759116,13.2142843768546,39.1731831383529,15.0
9.583333333,15.6349659417117,2.3719787399494,1051.57086489312,93.6112678990448,2199.56903854447,112.010613502194,368.029390460013,1.21404599785847,6.07852003646764,5.48316970421865,0.80297447994225,6.23437201969462,5.7211342440598,0.159743357104999,0.0094624980544025,0.0052679720822864,13.0377888870815,39.0869649518155,15.0,2897.908605188,213465.0,240,15.6283016611877,2.05923282805789,1050.68471156329,86.3815244202,2200.5440674634,112.184632176601,368.359926844114,1.68443958519687,7.33661508089055,4.46173951956956,0.781268040802891,5.8312231248625,5.5568106668634,0.0971989247156169,0.0062175409362388,0.0034137001374738,13.2231686908781,39.1499235993598,15.0
9.59375,15.6113162067374,2.34598822825397,1054.32602913387,93.667871827268,2206.62987318826,112.230679929419,368.595505936903,1.24041065364215,6.07505708741572,5.2366325617865,0.795116886700064,6.22900586499859,5.71509945151862,0.151876068482467,0.0090544852842326,0.0050334324119367,13.0700417737673,39.164462097147,15.0,2905.96081658465,200005.0,240,15.6249694781705,2.05318186588235,1052.74351627349,86.4346559668723,2205.91275561961,112.317504933915,368.631997961382,1.71561405156155,7.36452463319844,4.20376114375882,0.777640509771353,5.82847593721113,5.54693822513714,0.0879169793250177,0.0057082753304636,0.0031317496500481,13.2367047671977,39.1971097214801,15.0
9.604166666,15.525618883855,2.30239994086247,1057.75115108924,92.8194402011404,2215.9950557187,112.585592043233,369.618980034671,1.27345533022557,6.09834870731549,4.90536669923591,0.779163492499377,6.16637523817689,5.70575365727838,0.140821356865942,0.0084883575091441,0.004709871665247,13.1001339815241,39.2895513632207,15.0,2916.04482783766,191345.0,240,15.5761959872916,2.03211635874305,1055.58830887147,85.7539436852165,2213.63950484951,112.584661402808,369.355103672427,1.76181405937743,7.42879016928156,3.87844148033623,0.768090684491875,5.78012562448958,5.53249927516056,0.076618095420703,0.0050749444166978,0.0027821514548038,13.2503228250126,39.2915986084268,15.0
9.614583333,15.4418338119793,2.32405483765767,1061.16481331227,92.3228002746575,2225.02368906359,112.921692429515,370.593209514984,1.24074341522797,6.07295393829678,4.65502616873592,0.775173432681222,6.12700692855786,5.70130560491242,0.136651330971105,0.0082996454727069,0.0046080391168315,13.0530063060644,39.4083203630958,15.0,2926.07589371858,222540.0,240,15.4837273260136,2.02937549907545,1059.21382278296,85.4715156818309,2223.17592426264,112.941023618243,370.414362802004,1.76232910256526,7.34832166475214,3.64543038393435,0.760414794829839,5.75126024079239,5.53626713437556,0.071573310356163,0.0048050042219353,0.0026413958485168,13.2332362540971,39.4174576939166,15.0
9.625,15.5413976727316,2.31741461971367,1059.8061693427,92.0090484552111,2222.45138470007,112.645384552411,369.540162236895,1.25343224955557,6.0962317211021,4.53657284420124,0.784241033766902,6.11955205993578,5.69572429436848,0.133900707230223,0.0081659729443092,0.0045369124597811,13.01473339749,39.3134633079672,15.0,2921.82420944644,211770.0,240,15.4973588029263,2.02633201987981,1060.46800772926,85.4039738610712,2226.70396290149,112.977927445652,370.410057730739,1.77496320182051,7.30293626460522,3.50979965415132,0.764333268430509,5.74888464795622,5.5371038498894,0.0680198889299634,0.0046119762029352,0.0025402802952305,13.2109852278901,39.4320387973106,15.0
9.635416666,15.5675536930715,2.27438637086972,1057.45773773396,90.7796577003833,2218.85379312967,112.337726667851,368.416228408208,1.29399450560397,6.11972306895802,4.35472875645396,0.771314586977603,6.04653249858244,5.6932312731718,0.125744847803434,0.0077299473437968,0.0042868531084833,13.0138832048164,39.208075232117,15.0,2915.28991415414,203775.0,240,15.5535329117,2.00541033196627,1058.49951421474,84.4119928760493,2223.50723155565,112.68454806931,369.318386233622,1.82711715332054,7.34940827672065,3.33708594052393,0.758956903184703,5.69455668807091,5.53055760644411,0.0616495808745111,0.0042327421693455,0.0023288144729674,13.2104695813728,39.3315340985912,15.0
9.645833333,15.530892384746,2.25727722711409,1058.91217493663,90.0444181962461,2223.47883850397,112.454689874708,368.697840152735,1.30638380674174,6.13605809403674,4.15959221748757,0.760622680534052,5.99698968693312,5.68918448805677,0.119108462870485,0.0073837325663242,0.004092300774389,12.9972707740192,39.2510833030304,15.0,2919.62928372549,209120.0,240,15.5453469163205,1.98794528869842,1058.27031867751,83.5099850099353,2224.44038550252,112.611518642626,368.976222992295,1.86792740943323,7.36276260168025,3.15147826356602,0.750317629971531,5.63761013291645,5.52787511472331,0.0562430869308386,0.0039135646040575,0.0021543546934062,13.2035621436605,39.3081241960213,15.0
9.65625,15.5134596707882,2.20967220135583,1060.64403207397,88.9885955905719,2228.60621562522,112.600545787773,369.070309309612,1.35406047101178,6.2045200952819,3.96591448967925,0.751555696075089,5.9342033129879,5.67943980978468,0.109956850109136,0.0069060447409593,0.0038260030413504,13.0128386936301,39.3043873237437,15.0,2924.41056428317,188925.0,240,15.5284644608848,1.96057234988267,1059.65048141033,82.4962467823415,2228.8035591413,112.719266992931,369.222460391086,1.93167793328089,7.44006116580151,2.9383654208177,0.743644498523045,5.57644021465635,5.51613861603277,0.0496072126693037,0.0035017495377169,0.0019263383422592,13.2081198646186,39.3480078165549,15.0
9.666666666,15.4031596243643,2.1543096226136,1063.13290416461,87.0702229173752,2236.26033910976,112.896755111903,369.96295848093,1.40041514783403,6.2681236907,3.69829720639161,0.732916091053539,5.81459125977735,5.67002799922649,0.0985336052222404,0.0063016686094434,0.0034903377903203,13.0335512992958,39.4104550674469,15.0,2931.55022613902,185235.0,240,15.4695237756839,1.92089166343465,1061.47654995027,80.8136799177536,2234.58895192404,112.915494286574,369.77353476062,2.01506412933628,7.54454049760749,2.67737638556457,0.730862436293361,5.47476458617441,5.50140637719617,0.042601857684924,0.0030592079438121,0.0016816607302255,13.2188668067618,39.4188708241241,15.0
9.677083333,15.2836346154687,2.12445773506631,1066.54539924805,85.3612126205915,2245.82100153286,113.292341004218,371.195295820646,1.41598691135625,6.31034570665105,3.46133572221673,0.723159163497331,5.70760722375296,5.66186067097957,0.0910324530728482,0.0059085046126159,0.0032774229693532,13.016008158825,39.5513106095332,15.0,2941.32492062692,193775.0,240,15.3567393609201,1.88578257784444,1064.44613675209,79.2401480116428,2243.07496227729,113.254655315777,370.829092086332,2.0776850713757,7.56690359480977,2.45212201482888,0.718995892860884,5.37582038599693,5.49646298985746,0.0376955154229706,0.0027597850773636,0.0015213756931908,13.2122827786382,39.5397990126141,15.0
9.6875,15.2472241169598,2.09660260258144,1067.77168381642,83.7013533292137,2250.32800193673,113.424810389012,371.567970674146,1.43379622446305,6.35107056445981,3.33610598136399,0.72250953629683,5.60993433398724,5.65559059601549,0.0864247324808494,0.0056662027058043,0.0031465375307753,12.9966608605308,39.6003099790826,15.0,2944.79559759346,193540.0,240,15.2784785602748,1.85405275535926,1066.86450025353,77.8243299495042,2250.17143681245,113.520446165375,371.653107231117,2.12902581338256,7.57113168359909,2.30384880327784,0.712762961005109,5.28928980117375,5.49429551902551,0.0345143126522894,0.0025626123690829,0.0014157026669144,13.2017398667132,39.635237078208,15.0
9.697916666,15.2269594012785,2.06282956603173,1067.10929556091,81.8324952911448,2250.86390598154,113.359469971438,371.309518871481,1.45102204921086,6.3649489692878,3.28162642764726,0.719325108242267,5.50110130698583,5.65418552172863,0.0838445388707352,0.0055307766853884,0.0030726220327103,12.9840915754264,39.5801363605761,15.0,2943.04111652782,195625.0,240,15.2444839731624,1.82108461851187,1067.27858934639,76.2439070279235,2252.88846599427,113.56581296714,371.759308034908,2.17106095611799,7.57542351069031,2.23010764928332,0.706969489318525,5.19613392550977,5.49371444595355,0.0328260703296529,0.0024598779839431,0.0013602299486363,13.1955087692222,39.6536537052913,15.0
9.708333333,15.2061360060351,2.02143919481096,1066.56846634418,80.061635951915,2251.56177389869,113.310091821573,371.11213032763,1.47810945993044,6.38734044009028,3.21778398035308,0.711982842505556,5.39812449027768,5.65262302799209,0.0806172269740049,0.0053655113967678,0.0029839111372655,12.9731605492558,39.5655543316243,15.0,2941.63473950671,192675.0,240,15.2211550026584,1.78608313884043,1066.86079887425,74.5980661459014,2253.79408702803,113.526791484426,371.594652206355,2.21471785087971,7.58812146122,2.17558227435038,0.69946519550932,5.09979476384811,5.49289295544791,0.0314275182978687,0.0023717954650154,0.0013116119636439,13.1908838971999,39.6425408428965,15.0
9.71875,15.1684046923356,1.97436669609008,1066.51619081973,78.2942626025232,2253.25219035078,113.323684667633,371.128903223594,1.5154246793445,6.43055325380244,3.09420104651993,0.699274865620202,5.29458458244933,5.64936291811844,0.0754278943444661,0.0050952395856891,0.0028398094526843,12.9615383937725,39.5730629589571,15.0,2941.56622096742,190145.0,240,15.1926136454678,1.74945778737457,1066.56686475466,72.934128505038,2254.90144382785,113.508619528565,371.505616020578,2.2740623225451,7.62179432734374,2.08407939644303,0.689352146002978,5.00236041823783,5.49018781334398,0.0293908340854473,0.0022389499952612,0.0012382782288667,13.1872717880258,39.6387112049595,15.0
9.729166666,15.1173644759595,1.93121984006549,1067.03611869482,76.6037454780716,2256.04499321095,113.405197516322,371.376336729734,1.55746547247753,6.49598350656995,2.92311141673161,0.685465179528278,5.19476489366701,5.64392621137486,0.0690606484328541,0.0047585364558738,0.0026616836283858,12.9418451803419,39.604399655971,15.0,2943.0530934644,188860.0,240,15.1498286478768,1.71347135171172,1066.75527024752,71.3227420607742,2256.94896798434,113.548750837984,371.62069440641,2.34959889678421,7.66548268759423,1.94990710962278,0.677892287139157,4.90727691396878,5.48692600255108,0.0267723060690024,0.0020664834012333,0.0011440531319089,13.1802857801437,39.655307581581,15.0
9.739583333,15.0686426917227,1.89576100123851,1067.58227624048,75.0192998721474,2258.77528765504,113.488795527734,371.641335348519,1.59226786307467,6.55951499743658,2.77251888865433,0.675551060304885,5.10111972940377,5.63891535372686,0.0638571689253649,0.0044811435334126,0.0025160364723191,12.9177794271727,39.6364662279583,15.0,2944.6075956539,190465.0,240,15.1006107044544,1.68062701676771,1067.2535845757,69.8385621041332,2259.53810393613,113.622631470392,371.862074169022,2.4265055848294,7.70197465249978,1.81557323204334,0.667957676165342,4.81916266215377,5.48519106661161,0.0243756751780482,0.0019105519869297,0.0010599724445596,13.1702882459976,39.6837647932757,15.0
9.75,15.0368540607345,1.86501709141255,1067.61470583407,73.5386759261746,2260.26247263065,113.511714735869,371.718153909941,1.62137766427424,6.61607391425871,2.67257559183329,0.669060196180202,5.01420962603438,5.63522344181177,0.0602898142384149,0.0042914961984481,0.0024169611647893,12.8950328620519,39.6472823543965,15.0,2944.71975404333,191025.0,240,15.0596676642807,1.65075596162216,1067.56372530523,68.4731357360609,2261.59396993779,113.673018216173,372.037535389114,2.49338746441778,7.73195955540656,1.71543979722542,0.660072543369512,4.7382251369232,5.48477955457457,0.0226419267468946,0.0017983812149326,0.0009996864277711,13.1600464244981,39.7040370672431,15.0
9.760416666,15.0121556447989,1.83627442719628,1067.18559716166,72.1088883963644,2260.70676406844,113.484027847124,371.640294137761,1.64373736731807,6.65868484058719,2.62963686593907,0.66456008759022,4.93060546146695,5.63346180589018,0.0583822384481557,0.0041913211709985,0.0023643389009884,12.8804792343053,39.6403086613536,15.0,2943.57441020453,191045.0,240,15.0300815247658,1.62269234228704,1067.40835412905,67.1605345400391,2262.56332222955,113.672043192163,372.05143966291,2.54516215873639,7.76163864344886,1.65834003112509,0.65363321503657,4.66086410011155,5.48477430285302,0.021626562765478,0.0017341489886273,0.0009649511769627,13.153090342716,39.7063244268501,15.0
9.770833333,14.9863081728701,1.81102684151556,1066.75809220526,70.8224207981784,2261.10316696702,113.456216139035,371.569679992776,1.65803090052736,6.68873770210218,2.6272566469225,0.661090547456689,4.85503853319134,5.6330113052875,0.0577563668373613,0.0041618650670164,0.0023487753569924,12.8726559309293,39.6331581943925,15.0,2942.50705072249,190965.0,240,15.0038589131918,1.59684787510371,1067.02269408177,65.9333951873622,2262.98713849156,113.647386050585,371.991577093453,2.57813207135747,7.78975487669688,1.63955003664544,0.647955303436878,4.58850233271485,5.4849015847596,0.0212232009496061,0.0017117650346246,0.0009527104836982,13.1492111847797,39.7002491522064,15.0
9.78125,14.9848376459145,1.82010803878999,1065.84638797157,70.0924983865268,2260.13472853259,113.353668895809,371.259568631558,1.60474491505473,6.66528174593338,2.74286649832308,0.665645568256128,4.81195863889219,5.63802395551914,0.063197869480221,0.0044700583967669,0.0025147972572131,12.8280444488803,39.5995739665718,15.0,2940.21481978847,212185.0,240,14.9832415967271,1.58739042831063,1066.46351056978,65.2259478302815,2262.85483856936,113.590339171163,371.835433194582,2.52588793466675,7.74724193227898,1.72591713629006,0.646006276605694,4.5453316093979,5.49383782984197,0.0227543963270952,0.0018482304064608,0.0010330679105835,13.1278672988344,39.6828129621316,15.0
9.791666666,15.0947908751238,1.82537730983568,1062.19199129478,69.8439055459115,2252.52948256666,112.910132223507,369.802755255607,1.56988563677491,6.6690817800956,2.98543658659848,0.676044950990077,4.80329613735636,5.64100628835352,0.0707474716142735,0.0048836473493401,0.0027317881007235,12.803972124043,39.4466184905003,15.0,2930.04366403273,209210.0,240,15.0381376552536,1.58648736795148,1064.28168463498,64.9626729356705,2258.70501161616,113.32668297927,370.971890715524,2.44345103834635,7.73475747853088,1.91438281590991,0.650617274657542,4.53209741853201,5.49852386575147,0.025798977789081,0.0020634722524747,0.0011504252711069,13.1118436581178,39.5930326716611,15.0
9.802083333,15.1638054923973,1.81968409258148,1058.53178886912,69.5608067153116,2245.09492427726,112.486568270122,368.402244769149,1.56637316149492,6.67912110591737,3.10244270249822,0.675419130929379,4.78854360807084,5.64386319079857,0.0743387753385619,0.0050887489766702,0.0028413972510624,12.8087149323872,39.3006360625921,15.0,2920.03272672267,206950.0,240,15.1231995143952,1.58382323183314,1060.56275584926,64.6442339476471,2251.0933429615,112.896127270527,369.534893631402,2.39962613840052,7.77725088839181,2.06030770863843,0.651406955802254,4.51641476281044,5.49709347281364,0.0281209365757992,0.0022205103530877,0.0012340623563624,13.1141605610973,39.4446938699921,15.0
9.8125,15.1899583786565,1.83138205683445,1057.72660019021,69.762707368566,2243.73167365118,112.369841952397,367.997719511506,1.56398674247164,6.68671898956783,3.07916952176058,0.67713932267708,4.79950159479866,5.64520801083991,0.0742526700831447,0.0050878960941888,0.0028432637713528,12.8113691749266,39.2621154407282,15.0,2918.13799358594,209120.0,240,15.1694162533092,1.58678853458058,1058.409476501,64.610588709961,2246.86721732637,112.637741455026,368.663159961498,2.38727386970197,7.79990306969212,2.0913709228987,0.651671383083875,4.51441535492168,5.49734052440996,0.0286635209283334,0.0022588501740543,0.0012553101125211,13.1150964838516,39.3565836014187,15.0
9.822916666,15.201519232404,1.81578783315694,1057.93629883835,69.8481904351185,2244.69816218162,112.371116701676,367.964565196244,1.5982143906367,6.72337971706942,3.06205638533107,0.676739874074485,4.8042574091594,5.64234272850836,0.0713874029684813,0.0049247824389601,0.0027520357530863,12.8535776058936,39.2648756860872,15.0,2919.06240677932,192015.0,240,15.1956243564495,1.58275849075105,1057.91341875829,64.5767121428307,2246.26353717809,112.562399733473,368.378089957788,2.42309113288584,7.86094214263067,2.05258272982864,0.652507237319256,4.51284782834858,5.49120384687616,0.0276673740321426,0.0021697684067981,0.0012012669912995,13.1340226714857,39.3324664863698,15.0
9.833333333,15.1331307445054,1.81392336944981,1059.55882559423,69.7432808655863,2249.1563500417,112.557111410929,368.552870363992,1.5988444702334,6.73449672900693,2.99663375172231,0.670077645548091,4.79202889061453,5.64123873860552,0.0698721320676159,0.0048411887553699,0.0027084848947594,12.8642060991441,39.3320456105636,15.0,2924.17536291525,200520.0,240,15.1679602124086,1.57897231628668,1058.6421501969,64.4540554204527,2248.59830821593,112.638781719462,368.601664982849,2.44383086356628,7.89209914863793,2.00123397108293,0.648408150631186,4.50278749866998,5.48842467863253,0.0268664677216478,0.0021200533569781,0.0011751079953512,13.1426820268044,39.3612886944714,15.0
9.84375,15.1338032084327,1.85507082085043,1060.47623534374,70.3166731030283,2251.5079487386,112.618700638627,368.728844162085,1.54301649099613,6.70745100328519,3.08035883016628,0.683370577988384,4.82395464497286,5.64315136719371,0.0750095595336134,0.005111212513885,0.0028535900599755,12.8315942289233,39.3555537868776,15.0,2927.25296682972,216950.0,240,15.1315588921001,1.593433873957,1060.06825596352,64.9433376373931,2252.2860205515,112.770633227191,369.022516864216,2.39110520501246,7.83051151204118,2.05149726601709,0.652724525087243,4.52714491916195,5.49612145021668,0.0281678569417515,0.0022296759305934,0.0012410815541881,13.1248399836312,39.4096005287999,15.0
9.854166666,15.2281520375303,1.87513144330463,1057.83555160186,70.818255740773,2245.85430771558,112.263439808923,367.522077976967,1.51625917144795,6.67718697189082,3.32752204422221,0.700222992489965,4.85976054281812,5.6474667972112,0.082371525501229,0.005495193713088,0.003054092724776,12.8417674771973,39.2331250763063,15.0,2920.14506844031,209250.0,240,15.1824525159339,1.60790846606588,1059.18119117652,65.5123493899625,2250.57345130072,112.619520269841,368.485711408396,2.32715775079493,7.80659727770116,2.21936893220418,0.663574123735802,4.56342068723884,5.49911220466879,0.0311380027555912,0.0024226466566149,0.0013444535039755,13.1242719634457,39.358862482779,15.0
9.864583333,15.2598290365126,1.88846309157472,1055.76619887128,71.2012966406248,2241.94461947167,112.000548684146,366.619842239402,1.49432762281274,6.62358756320263,3.54388129908137,0.705156405388933,4.88186760403753,5.6540387999141,0.0890705044006957,0.0058425097329829,0.0032369839338091,12.8662412498603,39.1427703185614,15.0,2915.00645716926,210600.0,240,15.2388289806299,1.61795029646141,1056.860532305,65.8326077863334,2245.96130019634,112.32431443377,367.461980576346,2.27083622676796,7.79803719892096,2.41161979284445,0.668580343922181,4.58435800878538,5.50064182186031,0.0346492486667821,0.0026496620520888,0.0014653360086678,13.1360975635405,39.2574393367294,15.0
9.875,15.2738483694203,1.89971450483897,1056.03318029938,71.8937627967375,2243.00100488174,111.986334469067,366.514579029954,1.48039159499575,6.58936002275244,3.70982094669973,0.70912896923071,4.9217867167882,5.65653451285023,0.093975805747393,0.0060964431854091,0.0033721686707985,12.8943549864833,39.1392850320639,15.0,2916.42610988171,205755.0,240,15.2633649062988,1.62795438962126,1056.03868101825,66.3037768379954,2244.71614321134,112.198664288359,366.984442709533,2.22666949697973,7.79105186836598,2.56837376563052,0.672042753276824,4.61187883633294,5.50025154612831,0.0375805197067399,0.0028319508487014,0.0015618846689418,13.148873938325,39.215127804989,15.0
9.885416666,15.2541990832368,1.88444267524656,1057.17616183497,72.1805996077521,2246.33003779935,112.095591020772,366.800195186796,1.49520297005102,6.59469275273612,3.79504957232127,0.704504458830734,4.93636060195466,5.65393226112175,0.0947006788264745,0.0061320433273629,0.0033883949877838,12.9412504128387,39.178973577286,15.0,2920.3211692702,192910.0,240,15.2661622229066,1.62775533394097,1056.52925802472,66.5426343551772,2246.49487231339,112.231758910574,367.009231386298,2.21974993185715,7.83864267164621,2.64174716344829,0.671303920439124,4.62565159921996,5.49195729144367,0.0385875326935927,0.0028786279208665,0.0015819938263974,13.1713999149353,39.2281875514647,15.0
9.895833333,15.2068255808927,1.94588105099766,1058.86376596386,72.8745151213852,2250.77547190023,112.255591628244,367.257371856387,1.41900182173965,6.52446140010958,3.92070450269716,0.714321994187885,4.97289726547533,5.65738679474847,0.1032218810617,0.006567430402257,0.0036273766456743,12.9137809665986,39.2360444305063,15.0,2925.94707067546,226725.0,240,15.2243573199101,1.64932282889341,1058.00692857993,67.2174276883093,2250.54253281518,112.370529028949,367.403618915845,2.14190639189205,7.7546574956203,2.7809995347501,0.673948445356081,4.66069631263873,5.49949592894125,0.0426620184564228,0.0031629085439854,0.0017437773954336,13.1611351782305,39.2781013680507,15.0
9.90625,15.3419372786009,1.9848371785058,1056.39466490591,74.0541621857589,2245.03366079459,111.874896269084,365.905939361671,1.38717974091213,6.47146993680054,4.2198726596418,0.741713168292008,5.05563381882929,5.66078268902844,0.113780892833926,0.0071184133426569,0.0039311312003793,12.9169371238409,39.1039099474356,15.0,2919.27542509834,216715.0,240,15.2768164717588,1.67610143604297,1057.77104090658,68.3657156533803,2250.13773388844,112.265009149423,366.967384135284,2.06408025341037,7.67394270639297,3.03477210125649,0.691453190753935,4.73382782041352,5.50544785507786,0.0486924819320342,0.0035381472926852,0.0019491248861261,13.1554527478508,39.2425034499565,15.0
9.916666666,15.4042505997775,1.98409956068019,1053.19431970778,74.5796524547536,2238.63423716858,111.475652358157,364.502249406184,1.39313008558141,6.42273283055732,4.36958220943262,0.740644691196863,5.08846108333153,5.66639645362959,0.117321973574676,0.0072939407772848,0.0040248242857941,12.9465404483479,38.9654272424393,15.0,2911.01365375343,211860.0,240,15.3689729010033,1.68787480314594,1054.72900543465,68.9259344580111,2243.80476036213,111.867008521581,365.551004627166,2.03992816337486,7.6623846396842,3.21443651476723,0.696463849449977,4.77309381241276,5.50551646977043,0.0524358163075372,0.0037538218080761,0.0020614011077081,13.1714872046007,39.1044416529423,15.0
9.927083333,15.4041765054524,1.98863575288089,1054.14174204604,75.4700485940319,2241.26925637427,111.533939125242,364.587655628249,1.39309332425168,6.40205886320348,4.42229976410315,0.735988926324722,5.13802839284138,5.66634607563355,0.118391558948388,0.0073438367169602,0.004051438707878,12.9659697474103,38.9869162247366,15.0,2914.49216849443,208625.0,240,15.3985995424459,1.69817840795598,1053.81301940419,69.5116583381354,2242.42239585828,111.723936035937,364.97146015366,2.02925240072676,7.65747786498465,3.28810089535012,0.695986692892582,4.80727614560601,5.50385172700993,0.0539716337659461,0.0038369660952647,0.0021039550312261,13.1823367593197,39.0554980429975,15.0
9.9375,15.3705182082942,1.9467748825617,1056.34744104604,75.7312499952664,2246.96495413887,111.758702934124,365.206855506864,1.43855195331299,6.4589096453993,4.3416965707292,0.720746916307715,5.15070651351058,5.65721357667445,0.112877398733573,0.007065747254871,0.0038969388884518,13.0107305569275,39.0667929416635,15.0,2921.30699742212,185415.0,240,15.392383601158,1.69174488016184,1055.08019267127,69.7217397371165,2245.97364472165,111.84059633293,365.224954550784,2.06248210632479,7.7514392912771,3.21649710956515,0.690387141487847,4.81912365110961,5.48871374651758,0.0511845368327791,0.0036462258791816,0.0019947426251107,13.2038413615927,39.0974335523244,15.0
9.947916666,15.2654170495816,1.99124100017303,1059.50451005615,76.1031966201099,2254.88742075639,112.101458374643,366.233531722156,1.38053582426077,6.44076114952233,4.25383005751801,0.716129235925897,5.16475182800466,5.654678497045,0.114692495609147,0.0071552967938304,0.0039502254744591,12.9652995206329,39.1877864953524,15.0,2931.01342801861,224840.0,240,15.3145894242996,1.7055608957276,1057.74133926421,70.1831565047883,2252.77139796259,112.118585873821,366.047463985973,2.03024306605252,7.7059464691003,3.16968743619006,0.684833998577036,4.83985579043518,5.49144390726472,0.0518321269718765,0.003706660178933,0.0020354212863082,13.1894489882146,39.195815453557,15.0
9.958333333,15.3804105994913,2.01805431206493,1058.19854011979,77.1311450417372,2251.63370397981,111.852661573713,365.289329950203,1.36510519360151,6.4550429778651,4.39806369345909,0.737451030268682,5.23720381057707,5.65028842961455,0.120397176472065,0.0074573986475444,0.0041214780064198,12.9424302652984,39.1017855659147,15.0,2927.40537467337,212700.0,240,15.3275461888925,1.72585158714091,1058.95483316037,71.1894255252619,2255.59204907497,112.179046932801,366.13854297114,1.9926478912094,7.66122631661463,3.25633834330672,0.69728785132138,4.90231985583275,5.49314872850822,0.0545541177046807,0.0038764828745329,0.0021319765114893,13.1716707627096,39.2181984164446,15.0
9.96875,15.4383594501076,2.02087295263046,1054.87322613009,77.3995929011504,2244.91080938225,111.442451273921,363.843139530409,1.3665025460301,6.43948649132807,4.44536659553553,0.734520371866871,5.254374794314,5.65282153254644,0.12190896030231,0.0075298337513035,0.0041600450933602,12.9399808044397,38.9594987712296,15.0,2918.57153849179,216715.0,240,15.4060870124324,1.73664536757569,1056.39268989881,71.6251373950853,2250.25323454599,111.83306531924,364.889531119464,1.98155764499361,7.66425350901585,3.33815522550242,0.700366147215418,4.93301256799269,5.49249958071009,0.0565530458818019,0.0039917922665635,0.002192868306922,13.1728038967264,39.0983313606375,15.0
9.979166666,15.4665332904292,2.01885270939168,1055.06661873687,78.1113958893126,2245.55637043299,111.400996786747,363.596531902082,1.37971620611337,6.45632005776951,4.38179873415862,0.730450745077554,5.29708787184224,5.65032564381355,0.119796794827871,0.007424916121872,0.0041037721143746,12.9422576115832,38.9463603857957,15.0,2919.50870560035,208690.0,240,15.4477686676234,1.74404530792382,1055.13542610411,72.066817306013,2247.89275393421,111.640978123311,364.148426688262,1.9896366220257,7.68096901082601,3.31805954318541,0.700253075516583,4.96033824158255,5.48980316507131,0.055815321188809,0.0039429471352813,0.0021656713729896,13.1739136795914,39.0324260275127,15.0
9.989583333,15.4475987477367,1.99655410529021,1056.51754105023,78.3497232387752,2249.38800963054,111.528323459564,363.904528204529,1.41320626278585,6.50795332510358,4.19986087766786,0.718557903618711,5.30795814798951,5.64378329706268,0.112554233483037,0.0070550894694488,0.0039000357424416,12.9639206750912,38.9925308409933,15.0,2924.01049231848,197145.0,240,15.4577481901607,1.74202147589769,1055.71921542633,72.2547680835146,2249.69088208938,111.664366738008,364.108670403854,2.02789753895105,7.75664772510686,3.16613753434091,0.695802318561691,4.97140782660544,5.47954113320579,0.0515091955395694,0.0036690130162777,0.0020139715654359,13.1852303324762,39.0420753373031,15.0
10.0,15.3649109779377,1.96602472666686,1059.31656323379,78.0616568221133,2256.68552226497,111.841973261968,364.832347064092,1.45211535236546,6.58371040478724,3.92994489171325,0.702495888797007,5.28385370901731,5.6333720146931,0.102303729330862,0.006526729013448,0.0036107639446179,12.9819728470806,39.1041639987197,15.0,2932.38166998423,189575.0,240,15.4129256005532,1.73004480125624,1057.61508980667,71.9954622038948,2254.79872180736,111.864127803292,364.657381142018,2.0883814054437,7.85466603291566,2.91700143908281,0.687278242144039,4.95253147676434,5.46596666284396,0.0453410765612393,0.0032765106509793,0.0017983505407831,13.1957230296437,39.1136193289121,15.0
10.01041666,15.2596825597015,1.94283025452182,1062.66505698125,77.4749563744216,2265.29397378573,112.229078089345,366.012838223996,1.47792602254553,6.66655015495555,3.65944220039298,0.68900029392514,5.24285577322805,5.62161022241925,0.0932205985828414,0.0060536061842714,0.0033549251299071,12.9753468046068,39.2416651646025,15.0,2942.1881764645,190780.0,240,15.3245487196648,1.7149388093794,1060.55725898133,71.5313983689282,2262.42159311232,112.196205414501,365.66131843556,2.15023232246899,7.92917702557209,2.65324210062796,0.677980079707486,4.91980423066689,5.45505020783464,0.0397198903671437,0.0029208709011078,0.0016059230705581,13.1950098764093,39.2316437087014,15.0
10.02083333,15.1880862976187,1.92583958860589,1064.93592451867,76.7425915896475,2271.44577512533,112.49264834595,366.800765129251,1.49465356243461,6.74283252656302,3.47389233727831,0.682882399233632,5.19680541449823,5.61126549773775,0.0871892760406382,0.0057365219516182,0.0031847913386925,12.955247031777,39.3360305196898,15.0,2948.81530142141,192805.0,240,15.2369510831262,1.69959425491762,1063.39847835306,70.987553706518,2269.80383918421,112.517643661543,366.64871386146,2.20312836350059,7.97733575158081,2.44795572810731,0.67157838583626,4.88366164688128,5.44788163188214,0.0356952385313941,0.0026668679252996,0.0014699519023825,13.1861182702332,39.3461123571476,15.0
10.03125,15.1724012921599,1.94101569288716,1065.03839383548,76.2773842450981,2272.56437244818,112.494789295981,366.751201923877,1.46027414242557,6.75378715280307,3.47454034492947,0.687390907333813,5.1692829068013,5.60931820554647,0.0896934847339321,0.0058681573597947,0.003257748245551,12.9022029945114,39.3386960604228,15.0,2949.34862835678,213565.0,240,15.1834030400437,1.69671848847467,1064.86028158804,70.7177484881827,2273.96938187786,112.670450899661,367.106086511446,2.19450635323832,7.94246059340082,2.40859337940644,0.670202667035891,4.86486493748699,5.45243253121825,0.0355332765208276,0.0026817355685967,0.00148490650378,13.1613631571059,39.4016464024312,15.0
10.04166666,15.2638343192074,1.94505119099886,1061.88320367229,76.0363599958769,2266.01934867816,112.101647461466,365.405012798369,1.4525100810228,6.76294320018107,3.63432096251962,0.698962013393699,5.16269112906471,5.60973684330259,0.0944436214608799,0.0061189388462982,0.0033920530897846,12.8833853576784,39.2029697879944,15.0,2940.48640679562,206830.0,240,15.2197860643647,1.69614280799589,1063.57402828866,70.5691513779428,2271.7016476656,112.494909229647,366.475750354353,2.17069734957786,7.93047839164418,2.50788383924159,0.675712340574203,4.85941107683474,5.45482620044305,0.0374480487324135,0.0028077390805424,0.001553560371975,13.1475016786218,39.3422319205661,15.0
10.05208333,15.3102150951946,1.95380180023384,1058.53816169612,75.752223278721,2259.43872002987,111.709349491428,364.072046714039,1.43568947958943,6.72879652583721,3.82460258708067,0.703701414941735,5.14775205787213,5.61505511367421,0.100358366619242,0.0064186128775535,0.003550772471069,12.8834639119243,39.067313625288,15.0,2931.4333611266,212980.0,240,15.2813300248935,1.6965414037621,1060.33915128495,70.3061888078777,2265.21809541026,112.109703499701,365.155581613972,2.13979347848419,7.92289807308928,2.66499013918757,0.678477240842323,4.84710095197901,5.45762164994197,0.040627095762351,0.0030132509522609,0.0016638883948346,13.1468751298407,39.2092268579437,15.0
10.0625,15.3619894391566,1.97034366598226,1057.60453792997,76.0611558132331,2257.77578118911,111.554133815942,363.495638416551,1.4117377035522,6.68740611497295,4.09752782307509,0.713648374104996,5.16946196508895,5.61894856414573,0.108634850680718,0.0068386515227871,0.0037765289344329,12.895205293173,39.0142486965974,15.0,2929.12912189605,212260.0,240,15.3303711085528,1.70226991443544,1058.32854055872,70.3972877124258,2261.34208645579,111.85055503081,364.238223277599,2.09295864369422,7.89665123994705,2.88419593550385,0.683535409451268,4.85459543609,5.46081544403929,0.0452699684746432,0.0033030864132111,0.0018193688927183,13.1499152240374,39.120047367464,15.0
10.07291666,15.3594518386008,1.90674898027579,1057.90464570904,75.5004532236277,2259.41118539232,111.581150770327,363.493641952511,1.4755648193351,6.74165808005677,4.21485969395938,0.702850266989209,5.13956100332574,5.61170560045909,0.106714550992919,0.006743831208976,0.0037185172320295,12.9794282020637,39.0250179880433,15.0,2930.1870712769,174235.0,240,15.3646046553341,1.68077241018524,1057.74887252016,69.8457940157229,2260.83514019149,111.775205115874,363.879015236969,2.12221444606908,8.02663681326113,2.97349166981647,0.680851870657091,4.8269477118649,5.44259800271395,0.0454302900645451,0.0032792966054623,0.0017945501068103,13.1886817729844,39.0949092238865,15.0
10.08333333,15.1648836903195,1.85049434121751,1061.83913280667,73.999086520407,2270.00749860132,112.092648447883,365.095276292511,1.51928237817089,6.82006603853848,3.98849929542851,0.672911952447629,5.04473578289878,5.5996279219936,0.097486788596134,0.0062677840045632,0.0034569588752983,13.0260735791975,39.2055809626862,15.0,2941.67941772361,175165.0,240,15.2795913360925,1.64598062057063,1059.40933784442,68.4900672325359,2265.94575953417,112.007615378274,364.537199196493,2.1836496240545,8.19178309702897,2.83261062254133,0.663842439530281,4.7468817236876,5.41946603769809,0.0417418440961036,0.0030366229863824,0.0016574369099984,13.2168077039382,39.1774032572466,15.0
10.09375,14.9739698751614,1.8132333294563,1067.55904311718,72.7380544021939,2284.23441564827,112.793200235855,367.305903276969,1.54526941315496,6.92999490409689,3.71283060378257,0.657753771388099,4.96555151114269,5.58157781412483,0.0889599319495188,0.0058350257188614,0.0032277172493384,13.0205539547266,39.4524597999444,15.0,2958.06230736031,175275.0,240,15.101974970869,1.61377696088488,1063.89437365147,67.2800519283728,2277.43682336796,112.568246919905,366.300007877556,2.24334499912119,8.28415377322629,2.60496858098642,0.649876433541969,4.67094307202094,5.40392149980316,0.0372136898810969,0.0027549361935821,0.0015069642860415,13.21696967377,39.3750109054472,15.0
10.10416666,14.8488970286992,1.76713258414025,1070.99830253186,71.078716209127,2293.28709209321,113.244578676401,368.703361700317,1.58368372333699,7.06968248734292,3.47914627363138,0.645273447304456,4.86931738295114,5.56248361823922,0.0808927940815614,0.0054190399923561,0.0030066239588476,13.0074438434964,39.6122514187599,15.0,2967.69322697226,172480.0,240,14.9484346722667,1.57879462735013,1068.32918113344,65.9638462317323,2288.65140677935,113.122464285676,368.046142827051,2.31882345454086,8.39221201748539,2.37620663164344,0.638798828001268,4.59221726251282,5.38727130739607,0.0328396437246763,0.0024738276883126,0.00135541020376,13.2124208275264,39.5705366102413,15.0
10.11458333,14.7298485696046,1.71659483628431,1072.69587893822,69.0369789296938,2298.54772622718,113.520585571452,369.550514817597,1.63663942098643,7.21293744816618,3.22061737168669,0.63078766249497,4.7523171815059,5.54544490236893,0.0720030405890069,0.004955859731426,0.0027622528140419,12.9885171634215,39.7108598339045,15.0,2972.29690823853,170280.0,240,14.8221607083499,1.53848390507638,1071.10875444165,64.2942914628866,2296.16821586977,113.504293913819,369.242967746101,2.41590708812391,8.51348732664025,2.14722738302001,0.626676582808534,4.49562709115624,5.37131740855029,0.028671475835816,0.0022010375333015,0.0012077323535033,13.2060018315434,39.7058306262536,15.0
10.125,14.5996766106692,1.6548887234941,1074.08561684965,66.77696208006,2303.12051927508,113.773702108515,370.344574153006,1.7164783357209,7.3657530771618,2.94722506824436,0.614673873853608,4.62369264447846,5.5284919391896,0.0619514924761006,0.0044181394616769,0.0024778436483452,12.9799878559204,39.8016185206231,15.0,2975.9272447402,161725.0,240,14.6996355583551,1.49167121643643,1072.85755064252,62.3196097270921,2301.40771184624,113.785291026702,370.131266765527,2.55157815723823,8.65143674979545,1.89890515043199,0.613724966479775,4.38240338484114,5.35492016631388,0.0243795872352357,0.0019065459182185,0.0010459191520488,13.2036963591242,39.8059235345174,15.0
10.13541666,14.4359958170697,1.59571344513868,1075.92379266757,64.3427327835484,2308.52588822221,114.082612442164,371.35333499212,1.8029115508739,7.51152819548899,2.6139317068052,0.595216664048972,4.48604175713224,5.51378443211868,0.0520069005702375,0.0038888844207684,0.0022051520007138,12.9581782483607,39.9119863823515,15.0,2980.60526061747,161720.0,240,14.5583323424893,1.44218195872479,1074.50419026985,60.1851035471521,2306.31759015179,114.060971707681,371.037329879707,2.71437477003253,8.77032750542798,1.63584699026272,0.598297824161804,4.26068662293339,5.34263203121646,0.0203126616409787,0.0016327036322082,0.0008983259709352,13.1980449370709,39.9042254419948,15.0
10.14583333,14.2802456924473,1.53581201258286,1077.84716831652,61.9353751278195,2313.95419322513,114.397149562202,372.410414118476,1.91753124843939,7.64901489448204,2.26579465624146,0.580638923707385,4.35035519005322,5.50120437914279,0.0421538154619477,0.0033541852998969,0.0019313688339811,12.9385067681972,40.024517772646,15.0,2985.42661359209,156370.0,240,14.404115053609,1.39120332591529,1076.35028907361,58.014387139347,2311.50368063577,114.356667120116,372.050741893991,2.9191798241875,8.8581240139306,1.36249016396358,0.584308726588822,4.13722595283427,5.33578380737292,0.0164005311559123,0.0013616345280073,0.0007523784426558,13.1913785648767,40.0096959927083,15.0
10.15625,14.1222763335221,1.47549214077117,1079.52151892608,59.4910904317401,2318.66070358144,114.680469826861,373.408845505111,2.05347119614083,7.75981608101605,1.92090460774632,0.564311680191109,4.21318342568233,5.49373743647968,0.033643581284068,0.0028983284130896,0.0017029900659813,12.9160911087446,40.1262117960704,15.0,2989.41663005048,154905.0,240,14.2509593583001,1.33981178208843,1078.11664451215,55.8349398203039,2316.34420469966,114.637121920479,373.062483815204,3.16367649126792,8.90744512294794,1.10400083526665,0.570034985116919,4.01372738099826,5.3357290336343,0.0129670195624577,0.0011263573556128,0.0006276769170552,13.1851049683567,40.1099935436177,15.0
10.16666666,13.9658326781556,1.41641772745921,1081.02128265474,57.0726949650317,2322.77515677407,114.93714625915,374.3691474477,2.21328239683445,7.84279433395176,1.6080423942826,0.549203980218727,4.07757226573377,5.49136969240666,0.0266664680078263,0.0025307819874264,0.0015219720528729,12.8891023826251,40.2187379633486,15.0,2992.79562454803,152240.0,240,14.0954559161018,1.28903673069465,1079.73685456889,53.6785080075814,2320.66702370723,114.892716518203,374.048548404301,3.43635220902289,8.90785543562942,0.879586921262491,0.555957920129041,3.8916928361548,5.34386971090951,0.0101444212242479,0.0009337897572584,0.0005269509391118,13.1768511476198,40.2017931172097,15.0
10.17708333,13.811936245618,1.35856360846422,1082.29444484104,54.6904141091862,2326.19889475909,115.160244481433,375.270922589729,2.38436963241645,7.89299040714123,1.35440093066942,0.534911932314597,3.94428451316918,5.49456305261853,0.0215126451080639,0.0022719260296409,0.0013973108655378,12.8637381135289,40.2996605903894,15.0,2995.43593602815,150000.0,240,13.9422179436494,1.23928463189616,1081.16223028665,51.5550254083543,2324.36110722048,115.11786536517,374.988414549627,3.71617370046306,8.87077588196903,0.70374326241354,0.542314062602855,3.77168033811148,5.35854898540002,0.008015506072814,0.0007918128577551,0.0004538654025104,13.1692760134067,40.2831503059654,15.0
10.1875,13.6630551684411,1.30908376482978,1083.29157585711,52.4945554779534,2328.80475338638,115.341317628701,376.086754388032,2.51314871431044,7.89465625684963,1.17620550302022,0.521968545346801,3.82081235227791,5.50509389764593,0.0183803327961816,0.002152101663023,0.0013494315581459,12.8206537680166,40.3660844428384,15.0,2997.28878088576,155950.0,240,13.7874570871483,1.19411250105981,1082.4020877077,49.5847444498737,2327.43586189947,115.313416216971,375.878992888017,3.93543979306421,8.78489947513268,0.591237871364892,0.529157063062835,3.66019125461773,5.3809718254964,0.0066906055955468,0.0007195452028904,0.0004208492622782,13.154158946641,40.3544167338577,15.0
10.19791666,13.5628483956278,1.26380115344323,1083.31693310534,50.5495935001935,2329.08764193045,115.406394908916,376.553589973263,2.64636093426895,7.89465697781393,1.04826205810068,0.511960025700907,3.70992816281251,5.51701782013483,0.0159900034579078,0.002044047513313,0.0012979562595182,12.7880993708036,40.3921596003285,15.0,2996.47973476387,152060.0,240,13.6564509146318,1.15313148425921,1083.09979119908,47.7917801067862,2329.13273390704,115.443540533163,376.583013621277,4.12117636546879,8.70021549659061,0.513926824309256,0.517840357138309,3.55780387295991,5.40406420180736,0.0057844792712632,0.000664149818946,0.0003931806402523,13.1416841497035,40.4030316225763,15.0
10.20833333,13.4638882420086,1.22329231826705,1082.71550712553,48.7157836080982,2327.84987440126,115.399403546309,376.814646988406,2.74468141480032,7.87399636580318,0.966976705125569,0.501780399719981,3.60529555571223,5.53200242318063,0.014600823853746,0.0020088190709716,0.0012864671721985,12.7603078370591,40.3930900231756,15.0,2993.91622926959,154615.0,240,13.550414829153,1.11625957779839,1083.00227205169,46.1342934213235,2328.92883003048,115.483433080482,377.01268613999,4.26788854462621,8.6246764661754,0.464301805920449,0.507178091625763,3.46255029288988,5.42671055478735,0.0052063983177124,0.0006397126464793,0.0003830181997851,13.1319457778118,40.4202341187791,15.0
10.21875,13.3734940514655,1.18879427460588,1082.12218119955,47.1359225805207,2326.46326576644,115.389012918796,377.079162814915,2.80270822519955,7.84969053233992,0.929490697714862,0.493710493398317,3.51424533238201,5.54692348245206,0.0139280925798888,0.0020032031820553,0.001287448939574,12.7319175502508,40.392863868855,15.0,2991.43680686181,155910.0,240,13.4501810912651,1.08397711911314,1082.56044865058,44.6603318354002,2327.82238887456,115.484928734527,377.327647753441,4.35610477103515,8.55400217475,0.441133602446983,0.497763847046374,3.37724487816237,5.44851349889586,0.0049310748297536,0.0006356872301124,0.0003829709712276,13.1205953825967,40.4241039344051,15.0
10.22916666,13.3045228841669,1.16017524534779,1081.13904577644,45.7810048034492,2324.072677688,115.333740673437,377.202051803619,2.83198236748431,7.83285762387678,0.915299345974214,0.486785573997647,3.43528885434963,5.56061834769556,0.0136607704785224,0.0020166129517045,0.0012972380686294,12.7054234005553,40.3769029773274,15.0,2987.9290677917,158230.0,240,13.365536874364,1.0565870733944,1081.86258643021,43.3913224267384,2326.01476849489,115.458491639185,377.551526672573,4.40315628606244,8.50353199816541,0.433522459125389,0.489602403181992,3.30304695131733,5.46721260133876,0.0048331834065824,0.0006440170197942,0.0003890811379567,13.1096640327134,40.4182165881763,15.0
10.23958333,13.2516568130766,1.13455336509014,1079.77451858062,44.6029875655382,2320.72367964097,115.236469777981,377.187871868418,2.86436403469923,7.8280870399633,0.903914045194337,0.480859398079189,3.36594592632211,5.57246646759998,0.0133899705943232,0.0020172483522929,0.0012973851209121,12.6883595351599,40.3462260486393,15.0,2983.40381511162,157390.0,240,13.2995065072374,1.03286241160771,1080.77982876422,42.2831898654732,2323.24721914274,115.390698902729,377.637472194828,4.44174392309973,8.47686594067104,0.428824218908664,0.482651475763329,3.23755838211618,5.48233569751777,0.0047683163223277,0.0006484520685766,0.0003916509833505,13.102596137533,40.3978298014261,15.0
10.25,13.1955880173313,1.11351824171771,1078.40560256254,43.5813747024469,2317.24616292602,115.138347349338,377.1738513849,2.88622927635175,7.8232692977055,0.890741780147076,0.475107403797246,3.30534236890549,5.58390484046977,0.0131675609294663,0.0020280663630456,0.0013047810673481,12.6690651676911,40.3152705010458,15.0,2978.89545706972,160045.0,240,13.241554206949,1.01272404428927,1079.47290061135,41.3220208648254,2319.88155074203,115.298393344887,377.643819593454,4.47166595342254,8.45902190549384,0.424771627879464,0.476323759528414,3.18023127708451,5.49596298922911,0.0047144623292276,0.0006576865045402,0.0003977462258181,13.0949865119941,40.36886951828,15.0
10.26041666,13.1517350984362,1.09749971731501,1077.01156929567,42.7633972191035,2313.60721219016,115.035599165922,377.142558362793,2.89650427685487,7.8221225781283,0.884822630069875,0.471311180227636,3.25572426715477,5.59433555200358,0.0130630085188041,0.0020400515750553,0.001312322263088,12.6477922913165,40.2827386971771,15.0,2974.38230619812,162195.0,240,13.1885036932163,0.996458380537121,1078.12149144832,40.5295152926292,2316.31947974826,115.200327447661,377.630910144329,4.48752166568734,8.44309404264366,0.423942205041512,0.471270275286922,3.13219369773031,5.50881788198552,0.0046983775429821,0.0006685226318198,0.0004046843041158,13.0854085798198,40.3379470656783,15.0
10.27083333,13.1165127099793,1.07999000706792,1075.45790114413,42.0309984328877,2309.54803642925,114.9166517539,377.052569417734,2.94560540478341,7.8375778706925,0.866049861133071,0.467283705221783,3.2111304732912,5.60258435745184,0.0126298849233502,0.0020111966180109,0.0012929392523288,12.6483275524501,40.2444967326771,15.0,2969.43799043294,156615.0,240,13.1483826899942,0.981585328328578,1076.65507132554,39.8267887826725,2312.43362966477,115.089841027859,377.573230461153,4.53416541198432,8.44788121876914,0.414888299168881,0.467019735454125,3.08912913106016,5.51857389981726,0.0045881078256525,0.0006581422518191,0.0003972224201929,13.0862809006041,40.3026318889532,15.0
10.28125,13.0428998945012,1.06360147129321,1074.63186384281,41.3190479287193,2306.99755923828,114.877550280864,377.234723296124,3.00080406368539,7.84116840089346,0.827357150768664,0.461554361002929,3.1686327453063,5.61206522040464,0.0120042540687279,0.0019890347569135,0.0012807295975153,12.6463147383683,40.2342696695813,15.0,2966.47126069228,156850.0,240,13.09680144107,0.967524477578415,1075.39993063736,39.1635252964293,2308.93870346651,115.001885838117,377.596029733892,4.5973623692764,8.45025147045634,0.397289972537591,0.46219605162494,3.04881497145187,5.52858824774417,0.0043879104429822,0.0006490378500608,0.0003922511544264,13.0879202386242,40.2752057329528,15.0
10.29166666,12.9613514131597,1.05209332376908,1074.43494114918,40.754380183353,2305.73137501309,114.902897971982,377.637218398861,3.03106462521939,7.83094257082984,0.796428629142609,0.457923426251548,3.13429670750026,5.62266336877028,0.0115588791256359,0.0019814236553109,0.0012783923792611,12.6293385528198,40.2467763135832,15.0,2965.28069177253,159885.0,240,13.0224537550971,0.955880020565724,1074.77127858697,38.6134030900797,2306.72917473006,114.979327377345,377.844916619448,4.63948667519753,8.42819769123001,0.383113661922446,0.458068966945255,3.01523101245645,5.54135161138823,0.0042294133557266,0.0006487793288476,0.0003936747387118,13.0811764024859,40.2708415092337,15.0
10.30208333,12.9111389673032,1.04384234157443,1073.70810781695,40.3122931971618,2303.26378490924,114.868094630884,377.839975394808,3.04323054684558,7.8224754182464,0.785226608296072,0.456307922264303,3.10636580621549,5.63300564042953,0.0113890215005602,0.0019815482882441,0.0012789198393749,12.611939893554,40.2382405860064,15.0,2962.67287240129,161490.0,240,12.9553171387538,0.947007303169895,1074.26973059258,38.1874142976567,2304.73714029022,114.968257496237,378.132829747693,4.6601878451408,8.40155635009204,0.377164378008165,0.455298917211612,2.98852207230507,5.55433857999714,0.0041613255128689,0.0006519858725793,0.0003963611037629,13.0728876133396,40.2706125107246,15.0
10.3125,12.8733677837249,1.03367494275584,1072.39434614867,39.8820319955979,2299.49957688577,114.770834082469,377.834249277147,3.08099503916991,7.82256200126195,0.772537645061485,0.454210238904772,3.07926383584491,5.64249817624674,0.0111104830072332,0.0019596726547284,0.001263772808452,12.6137968252362,40.2077480352302,15.0,2958.44158981867,157095.0,240,12.9086699042432,0.938655079015921,1073.30937713583,37.7893531419013,2301.72076777515,114.907794207437,378.253472529295,4.69676147013073,8.39208576966573,0.36991551127925,0.453012370238065,2.96327768245414,5.56503082579797,0.004076044216885,0.0006424319902015,0.0003896691060646,13.0740866511772,40.2530192364235,15.0
10.32291666,12.8047504041053,1.02460373266248,1071.59337960606,39.4580633500243,2296.81211254979,114.729673376546,378.022013166814,3.11252216733726,7.80913610757192,0.752678102221869,0.450834432084382,3.05324226568204,5.65344421109257,0.0108065144954871,0.0019524737348357,0.001259551997815,12.611645503118,40.1969329979144,15.0,2955.60913128536,158120.0,240,12.8559918726196,0.930721388467542,1072.27383451362,37.3984312336933,2298.51241631607,114.839480863282,378.352003130912,4.73492406106732,8.37963098565857,0.360415473528978,0.450176961000743,2.93880386660091,5.57615755470548,0.0039687262217845,0.0006392776382422,0.000387991198482,13.0748707158494,40.2326513944915,15.0
10.33333333,12.7335191414718,1.01772410323274,1071.27840783828,39.1301858581539,2295.13426678508,114.73938742652,378.379716795782,3.12921414378781,7.79231127608456,0.744215170492409,0.448917911982847,3.03266837351473,5.6641292607465,0.0106650085616862,0.0019506761907236,0.0012583389381737,12.6055760288847,40.2039713333307,15.0,2954.14945202786,158280.0,240,12.7884786460417,0.924001148867095,1071.65449012313,37.0708677704823,2296.16934089294,114.815504064939,378.601438806306,4.75878965183756,8.35617251859603,0.35481061703104,0.44786697506792,2.91817946298046,5.58821695286696,0.0039046459052861,0.0006391427160124,0.0003881439054206,13.0724054262394,40.2278703038392,15.0
10.34375,12.6727491243527,1.01101249596992,1070.81655087301,38.8292226053534,2293.11436846167,114.733704148011,378.683362863257,3.1421259690919,7.78247545734196,0.744298822167814,0.447223221555171,3.01386297452131,5.67370878325177,0.010627510703722,0.0019500764754847,0.0012566967744765,12.6051599679381,40.205526526404,15.0,2952.28705160828,157045.0,240,12.7235995494439,0.918078602142857,1071.20247365801,36.7877049668272,2294.15996335736,114.809884612504,378.909085717939,4.77632122385867,8.33950556794473,0.352894442648993,0.445991549643138,2.90026447840397,5.59895257442326,0.003880046323771,0.000638521022793,0.0003872717444575,13.0725182470776,40.2294808076314,15.0
10.35416666,12.6151173421316,1.00916837023302,1070.16287313426,38.593329617535,2290.65955156466,114.706703279588,378.916875531259,3.10670541990877,7.76269396695461,0.76132862090518,0.446608472500605,2.99857194042717,5.68402046944868,0.0109413380407621,0.0019876570932458,0.0012798107307726,12.5873592792268,40.1995737070342,15.0,2949.92918012576,163520.0,240,12.6611270414362,0.914360646157802,1070.66736420391,36.5700960924521,2291.94910131267,114.795902522555,379.18532988342,4.75197683368284,8.31841103100031,0.361115206306879,0.444521978837682,2.88618133507249,5.60989175491191,0.0039694873409675,0.0006589127825616,0.0004001844336487,13.0641174282507,40.2281501292145,15.0
10.36458333,12.5959506794101,1.00805292423482,1068.79323998198,38.4596352687194,2286.64970369002,114.602135317953,378.879523345834,3.07795228034997,7.76034000356824,0.795919241069517,0.448066411164136,2.98838529359413,5.69169592205596,0.0114037698895964,0.0020083941799214,0.0012893815284968,12.5840366699244,40.1662946208564,15.0,2945.66289916902,161118.13194656605,240,12.618232385828,0.912184889581325,1069.76085072897,36.4212834779949,2288.92850324594,114.74308861047,379.320817571904,4.71948421919551,8.312588693945,0.375990269054287,0.444412478039217,2.87559638621619,5.61814559541008,0.004128232911158,0.000669900825503,0.0004052788445623,13.060532674877,40.2131120827354,15.0
10.375,12.5696004120095,1.0069253687115,1067.18158595343,38.2996349414627,2282.14553572031,114.475266994271,378.760663543808,3.05697166030646,7.76245791600894,0.829105612584377,0.448490329925465,2.97726250738708,5.69866808937954,0.011873469492346,0.0020395191545371,0.0013056001548889,12.5910607715761,40.1250536155949,15.0,2940.74080557666,160380.0,240,12.5925175551997,0.910380119863318,1068.34595749458,36.2727023246386,2284.82235294698,114.637968559283,379.270822277908,4.69753431760053,8.32751769065974,0.389791873516741,0.444190033308931,2.86502498968056,5.62352943692244,0.0042749602878187,0.0006809654756671,0.0004102692247083,13.0637498271466,40.179556926884,15.0
10.38541666,12.5682261916578,1.01103917789945,1066.56677359261,38.2604694347623,2279.82676451036,114.458257506179,378.989627221641,3.03978039920245,7.77950081044522,0.91995471247913,0.453973589755849,2.97428767380248,5.70202814700646,0.0130897867114095,0.0021077895866366,0.0013408150331255,12.6333582901799,40.1220455026093,15.0,2938.66795332612,150222.5,240,12.5681046892052,0.907803554492142,1067.18468270064,36.1010738074127,2281.295335907,114.56455277353,379.314007936349,4.69737239211544,8.36698785420845,0.408675838368368,0.444916517590496,2.85375493102478,5.62492856147573,0.0044705029873817,0.0006843369277769,0.0004084718740185,13.081328702785,40.1568785740535,15.0
10.39583333,12.8284762726247,1.03888554578167,1067.88328655488,38.9258179511495,2281.64246796484,114.635600730919,379.814947376034,2.84864775210314,7.79850631702801,1.29705701855483,0.47544391359701,3.01559550282673,5.69889230110795,0.0183848699751449,0.0023432932263502,0.0014495047943181,12.7356173489664,40.1858605934606,15.0,2942.31598587847,140065.0,240,12.6492077974264,0.910984450440745,1067.15816214162,36.1725217136862,2280.23717874415,114.617887475485,379.730074660117,4.57950814192603,8.46891019212448,0.507718430427958,0.45076709067144,2.85829973002619,5.61506423839083,0.0055253424199892,0.0007405489140788,0.0004301154571573,13.1189399163828,40.1779157020864,15.0
10.40625,13.5134630885081,1.09107261366475,1071.48001306111,40.6374324899306,2288.22967091458,115.020790325344,381.259596103253,2.42927675863426,7.75998736395189,2.18949684070479,0.510938612202369,3.12501820045242,5.69238986364877,0.0321935832313019,0.0029195878278642,0.0016875342980521,12.883152938996,40.3202806141132,15.0,2952.71083763125,137234.68617748132,240,13.0171239341467,0.930382543483696,1068.93701660235,36.9341229967913,2283.0413869396,114.866451066713,380.672498469573,4.13500273624793,8.67078508107824,0.823958907929769,0.465285726611125,2.90734919405583,5.58409775661674,0.0089619105168345,0.0009483667951223,0.000520757424826,13.1673324922663,40.265786677614,15.0
10.41666666,14.2839462748784,1.15210694980945,1075.93811802906,42.7322756892181,2296.73442144588,115.482991087584,382.919907892899,2.08800397489941,7.65780715618026,3.33092256750538,0.54060225577138,3.2587927393564,5.68806305823196,0.0529519986847743,0.0039191782076734,0.0021423892236195,13.0262561173443,40.4804174172751,15.0,2965.71609867144,134401.66665,240,13.6410610719532,0.963559201285816,1072.30635141931,38.308102773585,2289.29685941694,115.284498928841,382.049890874521,3.53269675209755,8.94511299226609,1.38042380333781,0.481882221583061,2.99631051720378,5.53470507030259,0.0152811932066169,0.0013655598896958,0.0007208616302357,13.2151311490639,40.4114075247177,15.0
10.42708333,14.9718986468355,1.22940761701079,1080.15603350147,45.3193186691267,2304.75878806292,115.903757671928,384.399927356615,1.86899939966361,7.48942323923298,4.59349007505371,0.575135564309242,3.42032877315048,5.68769216128116,0.079016957991482,0.0052343632409138,0.0027848187393085,13.1783853690803,40.6255736008482,15.0,2978.37254914718,131570.0,240,14.3178632063738,1.00517532811695,1076.25852358424,40.0614623259497,2296.90468466252,115.754181310382,383.543137191854,3.02599740869615,9.18876940933398,2.12203612286791,0.500323927980881,3.10848750313202,5.48367659868144,0.0244415295449421,0.0019712454859131,0.0010254959578447,13.2628622037918,40.5743262141534,15.0
10.4375,15.7005635444304,1.34839767221427,1084.20683024568,48.9623802278693,2312.12453310917,116.25311366429,385.583972262135,1.66882772290634,7.1640917120727,6.14281203639702,0.624656274487002,3.64723991913476,5.69957697024922,0.115321395864527,0.007053351312384,0.0037291504384369,13.3450234727296,40.7448444135441,15.0,2990.90675544202,142235.0,240,15.0281911812422,1.06669436543969,1080.4222909746,42.6206744912657,2304.93386715276,116.200412605664,384.945216897112,2.58250242447186,9.23678732845628,3.20671650738082,0.52744674183392,3.26949150613544,5.45198949562759,0.0401400577528861,0.0029771937577212,0.0015451640802917,13.3154105927442,40.7284803490865,15.0
10.44791666,16.4192175870614,1.49273585698617,1086.60857325228,53.3474276451445,2315.4241453735,116.370630273147,385.896410047386,1.50680959347731,6.77248763519471,7.78695746230166,0.684324929993231,3.92389922600005,5.71469787856249,0.157094285531139,0.0091330995361773,0.0048785074052649,13.4929349365991,40.7819936114944,15.0,2998.82188515221,153410.0,240,15.7885755235613,1.15071362791589,1084.16972870538,46.2047009933571,2311.80125214063,116.525488898163,385.928569449366,2.21923063358559,9.01224241673314,4.70284808805175,0.565901268412303,3.49499552442921,5.44846506995232,0.0677490653050588,0.004618179235404,0.0024038535402158,13.3709202056459,40.8392010374316,15.0
10.45833333,17.0359741807439,1.61787194894713,1085.87229684627,57.9276940881902,2311.30235577561,116.112182795147,384.846608997574,1.4154562157569,6.48133330044962,9.13890753040475,0.733912891201797,4.21780952115509,5.7188238221503,0.190453359850142,0.0107658009434179,0.0058261673478296,13.605648443923,40.6871353404837,15.0,2997.56120538246,154630.0,240,16.4945022371825,1.23810493417539,1085.7078338632,50.1768197534362,2313.4388097468,116.554326446133,385.864944606849,2.00067325648065,8.70905086529796,6.21508843752131,0.605156002163794,3.74854612699612,5.45238220397659,0.103272808202305,0.0065599200253349,0.0034336410701346,13.4186636995143,40.844922545687,15.0
10.46875,17.5628886063431,1.72141891088335,1084.36229636663,62.8432590032335,2305.02429519113,115.740244297053,383.366182937194,1.36406441475931,6.27740571054917,10.1037101231888,0.762324054211431,4.52959464322436,5.71557885533601,0.211924443333619,0.0117871842194884,0.0064407617615611,13.6844806151756,40.5524855995798,15.0,2993.91657254612,153600.0,240,17.0981452267399,1.32332381826961,1085.13500212844,54.2433616040142,2310.02357758233,116.318868357305,384.858321366914,1.88067259250128,8.46408859911091,7.43117721551462,0.636232133677606,4.0092515740899,5.45041604539047,0.136818219683904,0.0082550100329498,0.0043519114489327,13.4543229007125,40.7573096147437,15.0
10.47916666,18.0283156297168,1.82049810202669,1084.62535968842,68.3209718901478,2302.03066272565,115.521641480858,382.380991632222,1.32199702029334,6.12943748158814,10.6462551832469,0.777925974652109,4.87068215904939,5.70814751651909,0.225029154398328,0.0124185432747245,0.0068414728525342,13.7240398872234,40.4713775344083,15.0,2995.01325371378,153685.0,240,17.6204389043889,1.41330452706151,1084.58216543077,58.660630021948,2306.16413993985,116.047886413959,383.706136126289,1.79896217435375,8.26501498842054,8.28360445675625,0.661466501853832,4.28855720470318,5.44499271882406,0.163974320069594,0.0095442972383348,0.0050747084842539,13.4766481151367,40.6569634495853,15.0
10.48958333,18.4449049422116,1.91676285743196,1086.52914467024,74.0712075586061,2302.03281631709,115.441595181946,381.850172647376,1.28526725019467,6.04366732775258,10.7851891272727,0.788595682785821,5.22654038645437,5.69580850952778,0.232060744919106,0.0127848211991948,0.0070946878913066,13.7304323444852,40.43850693875,15.0,3000.27258248551,152700.0,240,18.0812377931872,1.5077781165898,1085.34907378122,63.4419023857185,2304.62556782789,115.878700084393,382.884386156288,1.73328972883835,8.11487976718842,8.73396069346204,0.684097466321959,4.58763150907682,5.4362245413644,0.182880766903218,0.0104087192623756,0.0055856786404,13.4859763971762,40.5922135671321,15.0
10.5,18.8179080337031,2.00352260572097,1089.05920899417,79.6637486143496,2303.26862691421,115.409902012335,381.479766633468,1.25711411151016,6.00356015594968,10.7471598097868,0.797036725117085,5.57049524795201,5.67978367888039,0.235413832340492,0.0129778260645895,0.0072423623295918,13.728048678109,40.4222250023998,15.0,3006.9776086282,148950.0,240,18.4887125174027,1.59942883355008,1087.18348109831,68.2270160711144,2305.0636400173,115.797320706499,382.349987617875,1.6804911672533,8.03478437570858,8.86027578062692,0.704604337248328,4.8854632564086,5.42158240272926,0.193523744280894,0.0108825832641457,0.0058875405509984,13.4881582303326,40.5582202940899,15.0
10.51041666,19.1406954695398,2.04166070209698,1092.12233152052,84.3426485603607,2306.47702898378,115.473965782333,381.428355482621,1.26264659104297,6.03580089808841,10.550785579843,0.793419522707597,5.85144458556493,5.65510494159535,0.236398391200526,0.0130062771230267,0.0072747639840857,13.7326490067256,40.4392073040875,15.0,3015.21265322528,130565.0,240,18.8346587043351,1.66777971465289,1089.56173330165,72.133436201361,2307.07270945649,115.800310158439,382.07652642897,1.65436777040463,8.11063162301568,8.71041784452924,0.717184226480662,5.12697753144583,5.38918592472754,0.19573526145947,0.0109728520620646,0.0059647521215152,13.4836618487423,40.553824968014,15.0
10.52083333,19.4208955907559,2.08462133534366,1096.5917909191,88.4251036873437,2314.10670900735,115.762099236737,382.145102976563,1.2562244593737,6.06636209195113,10.2159946952755,0.782710228950034,6.0775767869923,5.6291413567363,0.233525588798931,0.01287861367458,0.0072133002757756,13.7659456390938,40.5350039878027,15.0,3028.17435736117,124915.0,240,19.1317824341364,1.72233974460426,1092.71336370737,75.2444361159284,2311.64915234175,115.937943282197,382.253457011779,1.63509624336406,8.26654592859047,8.37318631600756,0.722459295306266,5.31083796844416,5.34712931878723,0.190922425625831,0.0107521728213981,0.0058620926630698,13.4876609361435,40.5969427744634,15.0
10.53125,19.6759486408669,2.13212282757872,1102.57295565847,92.2345948911502,2325.68743683086,116.245872798623,383.519543442628,1.23774958934473,6.08702751708674,9.7950756415952,0.778435632516513,6.28053759697791,5.6023029286228,0.229846510002492,0.0127568790960119,0.0071643424485804,13.7953655477606,40.6996433871505,15.0,3045.72003525666,121745.0,240,19.4026164075641,1.77522968147243,1097.20364319525,78.2983864412773,2319.84969134522,116.248795533966,383.033001902677,1.61029381339501,8.37182167693206,7.96790584927887,0.728224974440771,5.48108879445501,5.31027110791694,0.184198272929933,0.010453551378099,0.0057171763123266,13.495428885437,40.7011204792549,15.0
10.54166666,19.9161735977892,2.16986401119108,1108.64378075829,95.246477912612,2337.79543017146,116.756706950541,384.980711688136,1.22056062536963,6.13357416426712,9.33620170190521,0.777227206268851,6.44058107380835,5.57247609151888,0.225451523792976,0.0126062824639365,0.0070964982240975,13.8141161224448,40.8741074607729,15.0,3063.22291120636,119895.0,240,19.6547409272962,1.82175596347302,1102.6521656229,81.0877567989774,2330.59771456557,116.681581252481,384.23224416123,1.58661038465278,8.45000053270027,7.51929716384081,0.73423777251992,5.63321323464729,5.27628059938679,0.176063541161257,0.0100928302034025,0.0055354209302997,13.5010242426314,40.848428911177,15.0
10.55208333,20.1475748836737,2.19629568980113,1113.81631620156,97.3644238846356,2348.29996209068,117.185567579245,386.172241854645,1.20897817834594,6.19733425331515,8.88997401809126,0.777916226484328,6.55302643557461,5.54173221853794,0.220249093224764,0.0124035784593001,0.006991907926484,13.8277330530097,41.02027551354,15.0,3077.89409034323,118290.0,240,19.8940868490164,1.85793984582371,1108.13742678419,83.3235793331267,2341.75451646764,117.132813948498,385.500400389641,1.56961446483021,8.52608824584757,7.05902067728096,0.739521430262124,5.75467129961721,5.24329905234189,0.166401455112536,0.0096537506946214,0.0053042973533893,13.5042733908789,41.002687512692,15.0
10.5625,20.367535232171,2.19986122789175,1117.95678191212,98.4738265297425,2357.12156470518,117.52940889405,387.086850553655,1.21461095153984,6.29026618409655,8.45377762812053,0.776627850836014,6.60974682253337,5.50811077388446,0.21387105756588,0.0121053805880475,0.0068209767549248,13.8362400454992,41.1370750276971,15.0,3089.47913071683,110340.0,240,20.118334777453,1.87673467273532,1112.92133133793,84.6073470866464,2351.83741143339,117.535640875032,386.604342932143,1.56879846500082,8.65969449567,6.57322630321963,0.742104495396026,5.82325844426798,5.20430075890857,0.153930570715643,0.009064561502707,0.0049808008944383,13.5012452743506,41.1405618143854,15.0
10.57291666,20.5862104942033,2.22538388109863,1121.82104343669,99.6102881427002,2365.66437110759,117.850505529188,387.95679303538,1.19610489729978,6.29603076489398,8.11553813152051,0.775761656865749,6.66511822905437,5.48623968939722,0.20726883380518,0.011830348889677,0.0066656165911007,13.8711294685127,41.2465967660736,15.0,3100.61219851321,120635.0,240,20.3415587179247,1.89648785908883,1117.24650867866,85.7753714184169,2361.14844724931,117.891387639294,387.581525390647,1.56323566818763,8.71106270448304,6.17801688798808,0.743434872673917,5.88463929497171,5.17677523087726,0.142801998829154,0.0085213973514754,0.0046815254468832,13.5116130115665,41.2624704233322,15.0
10.58333333,20.8051481264779,2.23621884853008,1125.03591824013,100.474529361283,2372.73704549958,118.089209911133,388.546209404057,1.19228944837494,6.32069847499161,7.81202841784383,0.780663149248107,6.71138432188366,5.46336372562001,0.203121796636288,0.0116543132945647,0.0065708467507096,13.8678371024916,41.3275085528252,15.0,3109.65781572676,116725.0,240,20.5656438871662,1.9145263332186,1121.19758020161,86.9531276278036,2369.77533726352,118.201799693375,388.426982625331,1.55838294236247,8.69524776736912,5.86899572084217,0.746998642533874,5.94734675471359,5.15845589881431,0.134978077711878,0.0081362771055068,0.0044717427899898,13.5132196619352,41.3687978191721,15.0
10.59375,21.0184521468901,2.2298200516222,1126.90032742321,100.490672241212,2377.18225265407,118.196586532077,388.707962731447,1.20165984128431,6.37707346847279,7.5281532791873,0.78034577280446,6.7126619837603,5.4382297218397,0.197110197919951,0.0113497623388336,0.0063892232230998,13.8708303315669,41.3628368952224,15.0,3114.63047885793,112975.0,240,20.7800084200712,1.91825982625938,1124.14473131091,87.2882720271617,2376.48047963282,118.420996179175,388.958181041553,1.56903275671236,8.76218424656188,5.54018243539898,0.747911010378441,5.9656645539223,5.13137491656521,0.124935599238748,0.0076255903695605,0.0041868694175,13.5082719035589,41.4436256752498,15.0
10.60416666,21.2229288862908,2.21563644067428,1128.65003100719,100.183994651672,2381.82142865708,118.314532694192,388.924119746225,1.21603739607399,6.42084298499493,7.26531122959405,0.77610700699961,6.69214514160497,5.41461842116262,0.190197640191715,0.0109915228885811,0.006173301064979,13.8818639197856,41.4022590947594,15.0,3119.47227438834,107900.0,240,20.9854286847615,1.91182878450652,1126.28578846177,87.006193926234,2381.75283285513,118.573835777862,389.272875247906,1.59078681571785,8.87137493581148,5.21168938449124,0.745653490132824,5.9487913147309,5.1000065389502,0.113747314769532,0.0070392031243482,0.0038571479896737,13.5038880831317,41.4956546882328,15.0
10.61458333,21.4185471077739,2.20074525346317,1131.12914448816,99.8097787597699,2388.35412717595,118.530011737712,389.480774047104,1.22617001621583,6.44379810015684,7.02097436418551,0.769160197526081,6.66466408864976,5.3932452715153,0.183189261105249,0.0106365853543157,0.0059608727070989,13.899573375422,41.4762091624044,15.0,3126.58503402832,106140.0,240,21.1832631231575,1.90132183511204,1128.38636610715,86.4976627934273,2387.22366567205,118.73971748784,389.645433227063,1.6159043611555,8.97458964361222,4.90287695551092,0.741299251539866,5.91700089624215,5.06952038470817,0.103098393575285,0.0064671693408793,0.0035361686965084,13.5025828018659,41.5525974050158,15.0
10.625,21.6083940739587,2.18559234988142,1134.1618635097,99.3868075261332,2396.15821946164,118.814703735776,390.27672590314,1.23240057087869,6.46641750321406,6.77996428743988,0.761491937619749,6.63388451396168,5.37261937543117,0.176988610244876,0.01033118956596,0.0057811850521092,13.9085249569949,41.5747302554998,15.0,3135.27978779392,106085.0,240,21.3768765594412,1.89089958899949,1130.89233135908,86.047843427736,2393.72590142611,118.957786128667,390.211237705806,1.63818333108557,9.03657426158241,4.63394945114046,0.73630200492018,5.88693949707759,5.04426976980064,0.0943777122426833,0.0059915953475841,0.0032714770135537,13.5025671632802,41.6280578486251,15.0
10.63541666,21.7923534669738,2.16251472331306,1137.08559964463,98.6019186227707,2403.72190231599,119.097462717908,391.067269793809,1.24528826119136,6.53744918595502,6.51809436263354,0.753750948755553,6.58445038976264,5.34757845974903,0.170376900999313,0.0100000287436417,0.0055870351719534,13.8986629777367,41.6728942634663,15.0,3143.43528551893,103115.0,240,21.5645302868352,1.87685204154425,1133.65889365832,85.4465876211567,2400.87931228538,119.214652342904,390.914467313684,1.66450132394165,9.10829810053512,4.36522578517893,0.730846422014415,5.84835958765183,5.01854581055827,0.085990420123736,0.0055284351814606,0.0030152601599825,13.4968508652085,41.7173847904256,15.0
10.64583333,21.9722918234696,2.14087174455584,1139.62573709788,97.5896036583893,2410.45821243755,119.346329406153,391.757121628351,1.2552832379405,6.62177422309836,6.28502581158888,0.746054551970228,6.52268377687238,5.32250927641961,0.163645233690853,0.0096596101383563,0.0053865941208486,13.8921938094747,41.7595294214224,15.0,3150.40240023731,104240.0,240,21.7478154267772,1.8600987929549,1136.37795350033,84.6761635572262,2407.9327741095,119.473764519006,391.635790749763,1.69414676355365,9.19014714129274,4.10948317684225,0.724815253049745,5.80077465416344,4.9928882659978,0.0781653781984661,0.0050871350574858,0.002771497117243,13.4921286720798,41.8077656487495,15.0
10.65625,22.1473977731192,2.11395894152197,1141.77603801352,96.3777897119747,2416.39390542652,119.55996029625,392.336512840208,1.27092800576244,6.72478767038477,6.08969460632891,0.73975795056117,6.45031151818757,5.29610097325091,0.157616289291243,0.0093498527706832,0.0052045501069148,13.8770447313881,41.8339920003602,15.0,3156.20864871662,101160.0,240,21.9264794151715,1.83979638317011,1138.8578984675,83.7285558639331,2414.48011932452,119.714749457928,392.30574051422,1.72806440823606,9.28732785289916,3.87739255584078,0.718792651852266,5.74349102475266,4.96653872572352,0.0711641684521743,0.0046854297653679,0.002549935353756,13.4847562065262,41.8919940569489,15.0
10.66666666,22.3164018574942,2.08459877203427,1143.62932427557,94.9602594408182,2421.80522487449,119.751856931598,392.854916656492,1.28772881995998,6.83052101032897,5.92745402656074,0.732746204366761,6.36656646332259,5.26975847350144,0.151602507105688,0.0090353878172067,0.0050185597581516,13.8702865296889,41.9009896292001,15.0,3161.17692885613,99465.0,240,22.0984941875265,1.81484323944799,1141.01705676619,82.5203136946299,2420.39546491206,119.932569072795,392.903461061521,1.76840939738224,9.41530044139991,3.66003570780843,0.711988365463888,5.67183318652006,4.93717371751174,0.0646760707431973,0.0043053848906099,0.0023399949285357,13.4778292607602,41.9682316899307,15.0
10.67708333,22.479306558689,2.05454796489113,1145.35065428516,93.4778307415164,2427.04917358969,119.938624145774,393.370167095855,1.30486680483633,6.92253163508127,5.78386466087979,0.725818195532806,6.27859540297523,5.24518001879353,0.146079910224724,0.0087464635846609,0.0048484599142011,13.8686910443989,41.9662984252606,15.0,3165.86456121244,97435.0,240,22.2648431523068,1.78751058156386,1142.94797647446,81.1909821695255,2425.88375453918,120.13494145699,393.46020653612,1.81092599044533,9.54535974931339,3.4686986036938,0.704674518627042,5.59316831346352,4.90796577745836,0.0591571656094811,0.0039778352983018,0.0021593713610286,13.4730007482135,42.0391081714803,15.0
10.6875,22.6349049472615,2.0215989374453,1146.73759663287,91.8454603092194,2431.71401613165,120.101047224981,393.816066560402,1.32619113178129,7.01312003261339,5.63950648127473,0.71900163528401,6.18186489699331,5.22070349352404,0.140110559114655,0.0084319491684703,0.0046639154775616,13.8694367910434,42.0232092845521,15.0,3169.67804710775,94095.0,240,22.4239996546729,1.75720966129163,1144.63888197972,79.7101101682777,2430.95700858391,120.323199588075,393.978644693836,1.85963520844879,9.68534008721888,3.28049032244697,0.696912760322719,5.5056532631441,4.87762931896785,0.0539288984564452,0.0036627389576351,0.0019856768998575,13.4679851387278,42.1050948858564,15.0
10.69791666,22.7835346411548,1.98714397633109,1147.82502960569,90.1095478015035,2435.86377814887,120.242505300654,394.206700920843,1.34746119584501,7.08974201171034,5.51903795988067,0.711358397861877,6.07886732164321,5.19782015367042,0.134295846861462,0.0081215303719186,0.0044811919529687,13.8780341019693,42.0728701951735,15.0,3172.74032397955,92205.0,240,22.5762394710133,1.7247982980218,1146.04727885961,78.11794251124,2435.52198679146,120.491974673728,394.444093231649,1.91352790515279,9.82313253160579,3.10220895787583,0.68857050090535,5.41150380535601,4.84754117557527,0.0492000871976153,0.0033734858982962,0.0018261781583867,13.4651123219082,42.1642880884436,15.0
10.70833333,22.9258961048035,1.9505867969682,1148.72448004577,88.3240267051444,2439.64954731548,120.372864862264,394.572977659684,1.36942383632754,7.1620195540063,5.4133324479076,0.702264663243142,5.97284246416247,5.17577766270391,0.12918483173424,0.0078492984826851,0.0043216224376103,13.8833217221515,42.1186675060893,15.0,3175.32192307083,90225.0,240,22.7225923399042,1.69160290952792,1147.21629164194,76.4956774500148,2439.63819909283,120.643750232334,394.867183723268,1.96807258400476,9.94560494789242,2.94744350727933,0.679672671144359,5.31528429517722,4.81936827120319,0.0452758264987309,0.0031316647828972,0.0016930394599016,13.4629541412472,42.2175169537118,15.0
10.71875,23.0629321116514,1.91330590525251,1149.44766168299,86.4972737725965,2442.98985817372,120.491090493307,394.911036865621,1.39197545090833,7.24520875883434,5.29099246872036,0.691989336234595,5.8646001847973,5.15343290988164,0.124043089605205,0.0075777688584729,0.0041641952794453,13.8820999558908,42.1602880813627,15.0,3177.3729068022,89320.0,240,22.8637755080568,1.65842133055892,1148.18745699113,74.876322177329,2443.33363524765,120.781234161572,395.257019853877,2.02293576601122,10.0560591060027,2.80783712229577,0.670355880415027,5.21905459683368,4.7930484809438,0.04192510078917,0.0029248185554592,0.001579575642107,13.4603865675487,42.2657283271271,15.0
10.72916666,23.1958179706655,1.87697501916789,1149.96359723331,84.6573340118196,2445.73057673257,120.590981805256,395.200217726306,1.41627795116415,7.34971946787788,5.13346501144041,0.681423802319045,5.7557713737007,5.13017850858898,0.11832936782951,0.0072782009707508,0.0039930752847744,13.8704898972911,42.1956293503567,15.0,3178.75375264471,88875.0,240,23.0009492604761,1.62612056058584,1148.97343398949,73.2976147785379,2446.55879230704,120.902838560604,395.610133101209,2.07939096832604,10.1564855306903,2.67194369496031,0.660964443208516,5.12507476165937,4.76891244748691,0.0388639309810894,0.0027353580564671,0.0014761301493766,13.4565592100018,42.3084072097069,15.0
10.73958333,23.3278542361368,1.8483718655102,1150.189266303,82.9925211239599,2447.62730498876,120.655497879963,395.390435541515,1.43175530960258,7.44301829824244,4.98935625046041,0.672790327519273,5.65659021114376,5.11056171216455,0.11367178384805,0.0070329813743577,0.0038539321417153,13.8595414270712,42.2187044771351,15.0,3179.30529773575,93040.0,240,23.1378085038912,1.59853506259355,1149.55843743146,71.936708022078,2449.1838877045,120.998431699805,395.902161842655,2.12667543358054,10.2124067069201,2.56796380769879,0.652510990883768,5.04326008261608,4.75200149402814,0.0366659522728899,0.0026024448882571,0.0014044792238497,13.4557768213892,42.3420326683849,15.0
10.75,23.4676879010969,1.84319504116298,1149.52874822547,81.9880788088946,2447.19552219855,120.597855805972,395.203300041665,1.41230237262826,7.45508007630572,4.98311248319076,0.670051069699244,5.59385520684503,5.10504464190005,0.115695377386203,0.0071484924624837,0.0039204822955528,13.8486285013817,42.1989000269774,15.0,3177.53430383065,109040.0,240,23.2851261903606,1.58785352578212,1149.77215488971,71.3593923854237,2450.66945792181,121.02680511302,396.018555279589,2.11466281914567,10.1040622607557,2.62132188025292,0.647601939233884,5.00508535758569,4.75867116181795,0.0378412669148641,0.0026955312913118,0.0014586858057091,13.4657648485192,42.3521385271782,15.0
10.76041666,23.6112840639963,1.82557306891919,1146.42522286837,80.8190644179276,2441.13499199171,120.263008932692,394.064610662362,1.42338122405272,7.57669823729176,4.99196114091176,0.673444448693257,5.52659412270462,5.08961265400618,0.117283939134566,0.0072531176018841,0.0039835749663679,13.778624338754,42.0819735720118,15.0,3168.59165433381,104845.0,240,23.4346267422493,1.57957018534174,1148.76090789434,70.8775802174495,2449.25943634492,120.913605033138,395.654776546554,2.09395274408543,10.0354824044037,2.70289361702755,0.646438393855663,4.97366999520908,4.76366242415849,0.039356741879403,0.0027986099008009,0.0015156973071697,13.4539655538818,42.3127536135563,15.0
10.77083333,23.7567509670656,1.81122350379626,1141.9426584536,79.5775891731732,2431.98960791229,119.778334991449,392.423257616102,1.43697046281787,7.71258052619343,5.02643340972561,0.67332450557235,5.45712481863842,5.07280282617843,0.117007872419779,0.0072269213451138,0.0039632417021519,13.7443240151467,41.9126122088385,15.0,3155.71804526659,107795.0,240,23.581038221417,1.56576436941975,1145.97820177627,69.9983896729037,2443.85864866698,120.613504246638,394.639739672808,2.10317568544016,10.0989032635069,2.73789826085403,0.644250364190024,4.92234119620443,4.75437066786722,0.039777760281117,0.0028267542045166,0.0015293182602043,13.4424187907901,42.2079249126603,15.0
10.78125,23.8987820149295,1.79523428971215,1139.87765620179,78.7927051501653,2428.04360935663,119.549087270238,391.618658545037,1.45310758439256,7.81452045128872,5.09082744864374,0.672780716380057,5.41354561869741,5.05771609397454,0.11724849178946,0.0072333082984023,0.0039622862378761,13.7266562707,41.8324607184133,15.0,3149.78563293171,102790.0,240,23.7248549276662,1.55104971327191,1142.89201991519,69.0946982097382,2437.71278020685,120.281820242669,393.50183157209,2.11905874885,10.2115271740272,2.76615109455915,0.64179946973096,4.87031374565053,4.73891762066349,0.0399201051823089,0.0028333268579151,0.0015301189029973,13.4345824352105,42.09194754437,15.0
10.79166666,24.0320607669015,1.77468553341043,1140.88555571391,78.1637111956991,2430.83636810176,119.660010242583,391.928866175579,1.47119186229308,7.91931661307916,5.12739707220901,0.667243261719587,5.37874150517713,5.03896012995639,0.115930726917736,0.0071548467235203,0.0039128487829911,13.7276991057458,41.8712507981812,15.0,3152.50932167079,96550.0,240,23.8597260194283,1.53247823007504,1141.46456093621,68.1221323639891,2435.19736442421,120.139597287388,392.965862514606,2.15160299037373,10.3929505960821,2.73565059510867,0.637348622289452,4.81496742123714,4.71265193217318,0.0388961234529672,0.0027622764474455,0.0014880416985904,13.4287115806193,42.042168770197,15.0
10.80208333,24.1522686367584,1.74451586812591,1143.44677199252,77.2900750493439,2437.24196510878,119.963732776505,392.870199000728,1.50379632989263,8.06615823618426,5.0552620887333,0.658394718769663,5.32857693507073,5.01148258319208,0.111043891994865,0.0068936168302388,0.0037628441853668,13.7347126676883,41.9775352660562,15.0,3159.59270939545,85215.0,240,23.9815213463131,1.50651069985012,1141.84443654073,66.9036501304877,2436.74254972738,120.213353703708,393.124282341315,2.21361264560555,10.659351943964,2.60279524173383,0.630438550755058,4.74547807698528,4.6727517902587,0.0359948086360933,0.0025677500615222,0.0013788650625585,13.4216570473287,42.0679179832846,15.0
10.8125,24.2649094440704,1.72893379047383,1146.784775255,76.5952943204374,2445.46347842523,120.360729267951,394.154119620897,1.51091776633852,8.13133036831963,4.9457306797652,0.649400876059334,5.28551938482272,4.99211700480528,0.106738028885066,0.006654168360774,0.0036261325589643,13.7746701312061,42.1165493104838,15.0,3169.10620965001,89390.0,240,24.0972316897621,1.48322258124883,1143.54145563575,65.8543075119281,2441.19765243339,120.433783647248,393.789891911257,2.27476468081381,10.8718601530304,2.46281611429742,0.622831952650075,4.68440380339299,4.63755347151438,0.0333891435928138,0.0024026366605525,0.001289163409685,13.4267292114672,42.1449570743989,15.0
10.82291666,24.3807059880031,1.74451066374406,1149.69396299693,76.8413607123232,2452.59850011117,120.684458122327,395.247738897282,1.46450671243535,8.00276761590972,5.01390917196037,0.650960549825191,5.29175972218251,4.99837235597673,0.1118871645945,0.0069351064552555,0.0037865635989372,13.8208618187353,42.2297112052845,15.0,3177.97179903399,106800.0,240,24.222512223302,1.48425436918927,1146.26134248904,66.0022152732592,2447.72796839043,120.730340978228,394.782281552451,2.23881105616151,10.7761548665472,2.54213074073361,0.62064085401642,4.68881036146762,4.64069390921525,0.0351123008640741,0.0025346020125914,0.0013657584291861,13.4500025947403,42.2486135495644,15.0
10.83333333,24.501613534971,1.7582786325644,1148.50238828886,77.0123740865153,2450.47048872843,120.542898701643,394.775472772062,1.43042071056953,7.9435168252128,5.16266121176,0.661739205697301,5.29785993913504,5.00159172684533,0.120676687275948,0.0074315283651264,0.0040741549765315,13.7942315467678,42.179846322228,15.0,3175.1126016748,113175.28854429456,240,24.3535503554182,1.49971521874956,1148.12018907027,66.8282714503148,2452.27517974885,120.909359263909,395.408124183423,2.1432353143928,10.5372158182533,2.76980743804143,0.625029138650134,4.73126116958727,4.66350143392309,0.0398046725258336,0.0028503837346165,0.0015419587076482,13.4585938206816,42.3111394644795,15.0
10.84375,24.6289655997449,1.75897969726245,1143.0239549199,76.5442961403286,2438.72080750811,119.93320922832,392.714589798823,1.43163819670963,8.02449653144562,5.28292672936312,0.6700114202862,5.27444567709282,4.99168232814953,0.125288419590781,0.0076804174768238,0.0042151224999958,13.7482566208692,41.9662517516892,15.0,3159.67733201038,112710.0,240,24.4828477241739,1.50734848396144,1146.5837042085,67.1096254676774,2449.31063198552,120.723870357224,394.784724877991,2.08897054690432,10.4463671163403,2.94984104196041,0.629567385050187,4.74642323338565,4.67129463874557,0.0434509353794562,0.0030831027511081,0.0016685377418419,13.4492199998868,42.2460838133977,15.0
10.85416666,24.7619824393983,1.77750039830243,1138.50965880337,76.6209682052392,2428.81761884645,119.406092061675,390.922356027029,1.41336704658623,8.04224194322583,5.51318950411345,0.679224503866054,5.28320317150785,4.98915791886318,0.132139670483007,0.0080194491478791,0.0044011902332077,13.7378887004921,41.7813996249186,15.0,3147.04357017651,121125.0,240,24.6164252325294,1.51610643917394,1142.7315498161,67.2732128087293,2441.05606071779,120.277052032033,393.275348989671,2.04421180499589,10.4048648215954,3.16310882905249,0.634169395078092,4.75734544237926,4.67554878667713,0.0479127122868968,0.0033635435166396,0.0018198327775217,13.4486503517129,42.0894393377239,15.0
10.86458333,24.8894334234509,1.76900943443679,1137.13779405343,76.8289879668707,2425.77553292812,119.216723126403,390.207443504012,1.43019946121505,8.1015577375782,5.71445123127038,0.684282866563851,5.30223252825923,4.97759917189486,0.136385137153297,0.0082361183523809,0.0045207035174341,13.7262694377633,41.7144979885128,15.0,3143.16073467551,104535.0,240,24.7441392534682,1.51662025728003,1139.68113529129,67.2137261786597,2434.50559241213,119.923343571299,392.02436883103,2.02857996931585,10.4875015950525,3.30831975093312,0.637427575709452,4.75765032359748,4.66276982276688,0.0504373230314638,0.0035086703610543,0.0018941655300015,13.4397541467689,41.9652397104601,15.0
10.875,25.0054672575711,1.75010979657748,1137.84138310497,76.6359376179931,2427.82850726124,119.291820968514,390.358800213469,1.45744046577163,8.1912770474453,5.78034655970329,0.675910300225146,5.29345101328203,4.95716054032102,0.133968063688259,0.0080904055435876,0.0044287791493515,13.7560405079795,41.7402192943699,15.0,3145.27250134542,94045.0,240,24.8579001015184,1.50255087872507,1138.43488063857,66.5163975825768,2432.15721038721,119.798786115281,391.481434136152,2.0616924956298,10.7456350823871,3.26429350885308,0.633612162573422,4.72161114580983,4.62405228034196,0.0486964324248448,0.0033840833771321,0.001819809230482,13.4347954066219,41.9211425020683,15.0
10.88541666,25.1144933334136,1.76246424768142,1140.61145659458,77.1539330462714,2434.67067287012,119.594840138916,391.302871649038,1.43318988679578,8.11533645528255,5.93783829497987,0.672024384734764,5.3170989868766,4.9532508558872,0.137174561337537,0.0082356164375497,0.0045055790482691,13.8264639139141,41.8455035973136,15.0,3153.88445842218,102880.0,240,24.9706390080722,1.49867235614241,1138.87270239755,66.3351292987304,2433.62551399139,119.853261645891,391.561289224799,2.06117383571779,10.8631862564208,3.2996116458939,0.630371731534768,4.7110169402662,4.59977726031007,0.0493921872356876,0.0034254368556184,0.0018407698238098,13.4515801090968,41.9395212979115,15.0
10.89583333,25.224948187888,1.82380307214036,1144.36493723104,79.0416506035245,2443.21991566762,119.952899307435,392.447781639065,1.34442636515221,7.84438361832307,6.35928763948483,0.688620973365288,5.41825742273994,4.9745814486857,0.154485166455659,0.0091449085074417,0.0050348648878978,13.8866432594624,41.9694915986573,15.0,3165.74750703551,128400.0,240,25.0948744181681,1.53062007273231,1141.28890859787,67.9665161928144,2439.26472210269,120.066103415261,392.242713066147,1.94774057052344,10.5606892330909,3.71782621672392,0.637740734097245,4.79975016510268,4.62652770623389,0.0600714722491033,0.0040877838142611,0.0022065326312452,13.4908048066018,42.012911439699,15.0
10.90625,25.3387222427211,1.8351746710589,1143.26489019854,79.8960125298358,2440.53886536021,119.762393862792,391.699010229167,1.33018915452735,7.8152888723119,6.66163904734204,0.707744867087562,5.47760551903022,4.97177661828466,0.16861607659687,0.0098972930771496,0.005483480963987,13.8391534929025,41.9012432813678,15.0,3162.79681159643,117224.61283844426,240,25.2149062668676,1.55830876875127,1143.13846589488,69.5994557181296,2443.47120326549,120.200212903756,392.622423598834,1.8517925473624,10.3093113760585,4.15400016601545,0.650289462687126,4.89442478956101,4.64803672157815,0.0721567340597552,0.0048103340956214,0.0026059163142093,13.4883768674572,42.0584370572317,15.0
10.91666666,25.4580362556027,1.83545296763409,1138.82453906193,79.9280909365761,2430.78077894124,119.235296859462,389.832333054688,1.3412136553873,7.86705548550528,6.8057428484273,0.708998878782693,5.48882777029576,4.96097698910446,0.171648310978902,0.0100248071007278,0.0055514059591089,13.8326369410755,41.7156320707221,15.0,3150.23750319346,115695.0,240,25.3297800030588,1.5653321833145,1141.670417379,69.9557225848094,2440.36061896297,119.997487112905,391.823937253522,1.82841625463811,10.3266965638529,4.35372746077149,0.654427673279842,4.9222851428372,4.63867461484669,0.0773453401038205,0.0051049340027009,0.0027649205491066,13.4807895286345,41.9861129397513,15.0
10.92708333,25.573876747724,1.85501434293821,1136.70891508069,80.7718697873311,2426.18764231421,118.954722414733,388.791276574768,1.33374799470068,7.83403268512366,6.95393445914534,0.711312735791486,5.53874133159887,4.95812802516884,0.175016722194306,0.0101767094419995,0.0056374092240797,13.8475863898241,41.6162997293234,15.0,3144.77304442579,117755.0,240,25.4467462934581,1.5757443992401,1139.07601585748,70.3646637785008,2434.76642596301,119.670995914028,390.620064317459,1.81198810082839,10.3318162857038,4.51931867513714,0.657415710120012,4.95029860395812,4.63143927862101,0.0817543907620068,0.0053489962299959,0.0028963183965881,13.4855573414163,41.8704873287985,15.0
10.9375,25.6807346187869,1.85117699801567,1137.17513284891,81.5241989251521,2427.3581713273,118.963013673415,388.677178935332,1.34878805225265,7.86388296243373,6.99476583669214,0.709473136627624,5.58355050846232,4.9446083275227,0.175956443335462,0.0102146556826311,0.0056594017287786,13.8437367987996,41.6178652720387,15.0,3146.48667073661,104475.0,240,25.5558367781395,1.58085565106487,1137.77295606522,70.6664869692793,2432.13833535576,119.49806943202,389.900304127901,1.81338910036432,10.414910207017,4.5596146021283,0.658715484827488,4.97006431600764,4.61251258432437,0.0824563402888768,0.0053836428372491,0.0029136567071422,13.4789079648885,41.8086867481919,15.0
10.94791666,25.7873826488862,1.90278212874714,1138.95901293068,83.1367293245136,2431.25889917082,119.093848615549,389.000277002779,1.29552675956564,7.73550077543124,7.1559309936636,0.713244358524493,5.67272376364553,4.95074424929561,0.180970754008183,0.0104794780153805,0.0058198284984312,13.8960894138983,41.6623955583205,15.0,3152.333371952,130220.0,240,25.6686915725115,1.60512349696499,1138.01039842799,71.8308924522916,2432.72632090559,119.462918721483,389.672235853836,1.7761111076727,10.3122123145153,4.72661555860421,0.662539766857193,5.03688496925335,4.61609275798054,0.0883489044720911,0.0057063482384922,0.0030923548884545,13.50332890324,41.7949001111502,15.0
10.95833333,25.8918580881157,1.93078425248804,1139.6136784034,84.7818854229939,2431.90382248552,119.058343001262,388.728307129516,1.27604823643592,7.7057094091974,7.29046839186862,0.728575339771635,5.77563216750173,4.94775019233063,0.189995586490534,0.0109626555576502,0.006120438273095,13.8541335811501,41.6482727582371,15.0,3154.3007319007,124150.0,240,25.7812752800778,1.63791570478317,1139.00441359437,73.6943187750287,2434.62647119312,119.472852627529,389.599300739386,1.72418853456569,10.1086321421392,4.98921418161323,0.673776204897038,5.1455385428696,4.63293848614207,0.0985526307851714,0.0062798249012773,0.0034167778668234,13.5046558181948,41.796613152393,15.0
10.96875,26.0003378349305,1.93522731652067,1137.71393828488,85.423337863746,2427.07009992284,118.761592476266,387.587332878775,1.28510710772024,7.77740179340766,7.28606470831542,0.730039648158793,5.82371161041031,4.93472584421781,0.190901234231935,0.0109916491417946,0.0061374810490122,13.8286798258673,41.5429324212407,15.0,3148.57442538581,119830.0,240,25.8875835776419,1.65335867045575,1138.76166987107,74.5768942145472,2433.68596785603,119.360424463542,389.070866548618,1.7122287481518,10.1254642458524,5.05508522934295,0.679422173688263,5.2043347065368,4.6242506787007,0.101399790140753,0.0064349767653142,0.0035048853150308,13.4927417826656,41.7556447129926,15.0
10.97916666,26.1050289776168,1.94414871111815,1136.50038354548,86.2048336565183,2424.07243375513,118.553655057146,386.757173765551,1.29319758471075,7.82148228970647,7.19911519097859,0.727448399867069,5.8711609221562,4.92374131675487,0.188656969765275,0.0108650632143184,0.0060620887469276,13.8238527016571,41.4688741638435,15.0,3145.16801545776,116555.0,240,25.992102557615,1.66341381228499,1137.60992013926,75.0544110823697,2430.84598724526,119.161246804334,388.252137422736,1.71642246363333,10.2084493267333,5.00938903398216,0.681319493463986,5.2378268992186,4.60813197606253,0.100066642114009,0.0063573297158815,0.0034616695024073,13.4870677617772,41.6845592976542,15.0
10.98958333,26.2025996702512,1.95434792439337,1137.29836135884,87.1539139745715,2425.6858769228,118.57064478305,386.671698807712,1.29828452228266,7.85260570972943,7.03264158535518,0.725083959364143,5.92382691066498,4.91221980871349,0.184735460435303,0.0106683597705589,0.005949180645293,13.8273590274482,41.4736661294041,15.0,3147.64062148229,112880.0,240,26.0922803497023,1.67319820772864,1137.13877596634,75.5325589886678,2429.66942940598,119.044460265922,387.711382459235,1.72617712686755,10.3000495205279,4.87646062097374,0.682324482683801,5.26719710280419,4.59007265050457,0.0961419285190502,0.0061385118083789,0.0033412213090629,13.4838943602017,41.6425671293083,15.0
11.0,26.2922617671087,1.94604895452928,1139.34284911893,87.5781952008511,2430.40141986546,118.747367932187,387.104670882167,1.31876870260289,7.93325156820039,6.77225876610645,0.719493103640024,5.94534269385128,4.89253649188023,0.177467832706004,0.0103047047204919,0.0057376039205901,13.8280166375226,41.5345263804661,15.0,3153.53177203505,102057.1019921493,240,26.1839176416355,1.67427288180489,1137.84134430244,75.6361172834065,2431.37505983187,119.077438004671,387.655160095605,1.75225316827064,10.461813826542,4.61593707293769,0.681140226921233,5.27296921274281,4.56156732236717,0.0880396967548618,0.0056864311946661,0.0030917513074137,13.4754546782196,41.653328579728,15.0
11.01041666,26.3761276616623,1.94135225715316,1142.2696316453,87.7186750603197,2437.39885773524,119.043417169005,387.946697017959,1.32723183658842,7.99657995271193,6.50593364141975,0.710885610223463,5.94707354414494,4.87370727690079,0.168761531869471,0.0098712547543035,0.0054846724566588,13.8501247504668,41.6374743769039,15.0,3162.01106475355,102040.0,240,26.2697684420016,1.67062476986754,1139.53377799368,75.4880690384471,2435.51070515661,119.235285062321,388.018765390912,1.78495246212799,10.6321557593591,4.30495330115344,0.677465279457061,5.26236628658392,4.53067646571433,0.0787963533329661,0.0051578516322456,0.0028001534727296,13.4741826021865,41.7080746497267,15.0
11.02083333,26.4525666156239,1.92266908848838,1145.76245777272,87.3487142724977,2445.92989765493,119.424356672498,389.067372316556,1.34759822048018,8.09658625702789,6.22533330253088,0.703828986341933,5.91997802346855,4.84939209933495,0.159909774080595,0.0094330047461332,0.0052319604075421,13.8514265596055,41.7702945266178,15.0,3171.97731991186,93080.0,240,26.3494764137195,1.66062850293015,1142.02326331645,75.0927991716916,2441.64508698065,119.497780872437,388.736839941737,1.82679033287283,10.8072789857104,3.97411087220082,0.673087468828245,5.23604952768746,4.49808731773823,0.0694562496453381,0.004615144751442,0.0025022750933562,13.4679188198102,41.7996811584199,15.0
11.03125,26.5243233518657,1.88995741739329,1149.30354392087,85.9197930742866,2455.01211853926,119.847631661481,390.33979627734,1.36782203547845,8.20750030951286,5.9734783199217,0.69338052265346,5.83620233349145,4.82365766612968,0.150022467123016,0.0089322020130467,0.0049395082269976,13.8658824204164,41.9182180304377,15.0,3181.75582612776,91795.0,240,26.4232751187834,1.63977663609495,1144.96023926268,74.1480103638836,2449.03590128289,119.833648966438,389.704357154697,1.88269768642243,11.0051300483829,3.63402148836516,0.666330800241597,5.17919662271576,4.46203313630912,0.0603377988221897,0.0040719156373038,0.0022039019076577,13.4638121890192,41.9171390979245,15.0
11.04166666,26.5919210299255,1.85003681668857,1152.91345637572,84.0381906385544,2464.44626112333,120.299800858517,391.722225930042,1.3874336494979,8.30641480334115,5.79680756115296,0.682845081820905,5.72776793333141,4.80032256222677,0.142516140325533,0.0085512190587735,0.0047171918269387,13.8741944118785,42.0763437215534,15.0,3191.62220898579,90200.0,240,26.4940368277034,1.61111936285705,1148.19451202478,72.846647083805,2457.26660423884,120.219853413658,390.860032039383,1.93971736985315,11.1585300879883,3.36316846446338,0.657943113572841,5.10296146456673,4.4317479939561,0.0534843393815774,0.0036582926660551,0.0019774655354256,13.4623347248997,42.052251768085,15.0
11.05208333,26.6559848417256,1.80788525304428,1156.36684193588,82.0745573890568,2473.53744250808,120.741905429481,393.078061746035,1.40915267867076,8.42526514357534,5.67522804013533,0.673152680397551,5.61505272886278,4.77534170486676,0.136365778513115,0.0082352715985471,0.0045321699596295,13.8751780484705,42.2309509698672,15.0,3201.0223199838,87260.0,240,26.5608835170256,1.57621210023083,1151.52441362177,71.2574534866763,2465.8135161182,120.634045096567,392.11833735933,1.99974200826452,11.3129178211931,3.14121809174848,0.648437326080224,5.01091070712647,4.40183736994001,0.0480559011723419,0.0033258856552053,0.0017952729101311,13.4582734440772,42.1971341918157,15.0
11.0625,26.7175239094392,1.76788081659689,1159.50996254824,80.192757419814,2481.92169188408,121.151334909769,394.339073623692,1.42778062640062,8.54176788165215,5.62705113541724,0.663930727402463,5.50686977796091,4.75078784289819,0.132052997185194,0.0080077836553645,0.0043963775772382,13.8813074160205,42.374036138461,15.0,3209.61664239305,85170.0,240,26.6242984739545,1.53895995995626,1154.76545185211,69.5582349691565,2474.18383321243,121.049494091225,393.388360553687,2.05871804406581,11.4786079484199,2.96765283275496,0.638358651276783,4.91280112485787,4.37091427383901,0.0439443267463329,0.0030711706368355,0.0016552516945967,13.454973928169,42.3423658033428,15.0
11.07291666,26.7765245700629,1.73042730134174,1162.06299992019,78.4891697611118,2489.0021502267,121.497245774316,395.406226273136,1.44330764119072,8.64449225819135,5.6605078986888,0.655304729622406,5.40774504969202,4.72746077571865,0.130214966445626,0.0079071528405072,0.0043320289018756,13.8901254302054,42.4946869152461,15.0,3216.71435915303,82400.0,240,26.6848218169328,1.50232629770384,1157.75458914156,67.891010965274,2481.98961221821,121.443895987525,394.597034017477,2.10978834777617,11.6495353585645,2.85111732041968,0.628337057053045,4.81625355244178,4.3393324487677,0.0411789468210469,0.002898858377392,0.0015599237294321,13.4526672121161,42.4800836850127,15.0
11.08333333,26.8327479742088,1.69160725029431,1163.71544881771,76.7582440911211,2494.13120306838,121.753419212675,396.19142172564,1.46135689980436,8.75193275357385,5.70796195353169,0.645358574142254,5.30675084517795,4.703115364776,0.129148044017049,0.007850441598345,0.0042930765920733,13.8952536040445,42.5837708920271,15.0,3221.35013085567,78890.0,240,26.7422247536276,1.46633378712637,1160.22660818025,66.2379222275962,2488.66366371155,121.790038725772,395.651731532801,2.1558492890029,11.8395284739919,2.7672525660024,0.618185103778324,4.72010329136374,4.30496324845506,0.0391545295268379,0.0027726573786585,0.0014895609400583,13.4494024880165,42.6007462762786,15.0
11.09375,26.8869035454683,1.65554500076096,1164.64371103225,75.0042562141144,2497.61493290879,121.938402779397,396.764448155406,1.47539634006453,8.84435699493843,5.73836055703622,0.63432709329122,5.20438407930123,4.68134026656217,0.128272912350447,0.0078056542824393,0.0042616686466246,13.903834559679,42.647925679525,15.0,3223.96025757711,79315.0,240,26.7977989335657,1.43285982132995,1162.09396286338,64.6730404340937,2493.98043607713,122.075069903106,396.520344838116,2.19262213593661,12.0116025116164,2.71897626648774,0.608068107985547,4.62866069999897,4.27275240106695,0.0379312231347759,0.0027002491624092,0.001449076886937,13.4492411281933,42.6998712903126,15.0
11.10416666,26.9388587972878,1.61933215864371,1165.00784813721,73.2405896792234,2499.73259947596,122.068832062138,397.170961607281,1.49313791801503,8.94911176095573,5.72475783172115,0.624105892955378,5.10129788812652,4.65975220300364,0.126850258838144,0.0077404449708677,0.0042211789578579,13.8971439772562,42.6930518370116,15.0,3224.93541209912,78180.0,240,26.8519592298028,1.40195846673325,1163.37797004526,63.2075315238796,2497.95025186906,122.300409487326,397.210524576338,2.22181614239304,12.157381120563,2.68917534154793,0.598612126143324,4.54259563425845,4.2443973744151,0.0370938282946255,0.0026525242743736,0.0014221257546473,13.4477451269942,42.778037240402,15.0
11.11458333,26.9878490920647,1.57577129892607,1164.96996455385,71.1925999650562,2500.84827938933,122.171500456504,397.473762530884,1.53322413876934,9.15653182265475,5.56672750406073,0.612946204739234,4.98324784216109,4.62650566967532,0.120435370980244,0.0074175426901676,0.0040370831442835,13.8645242271302,42.7286954835986,15.0,3224.53860178442,71230.0,240,26.9022232231704,1.36683448072271,1164.0967539748,61.5143591663036,2500.61705497327,122.479405886664,397.744549771562,2.28354662812544,12.3826087681827,2.56401190080744,0.588608687603146,4.44380617155939,4.20681604035471,0.0345112881156486,0.0024857508542528,0.0013295454872507,13.4361198404556,42.8400437181482,15.0
11.125,27.0340674215442,1.52848555935885,1164.98048566694,68.8858552901623,2501.95805059308,122.294428220611,397.841142585325,1.58639444310454,9.43365515006919,5.29042837779188,0.599960840689111,4.8521774553588,4.5842875331721,0.109181103588281,0.006820652033653,0.0036984138348484,13.8406183394038,42.7717372022993,15.0,3224.04877466882,66170.0,240,26.9482244000142,1.32567145256608,1164.45291538379,59.5190580676044,2502.38816616343,122.634359154296,398.19801280953,2.40103266746471,12.704598265472,2.31743661454778,0.577241723774304,4.32834636136831,4.15770991127794,0.0300576150153673,0.002191975724083,0.0011680487287774,13.4229450214859,42.8937351066883,15.0
11.13541666,27.0773845242991,1.48144649920601,1165.31563165232,66.5316653784273,2503.62062631595,122.459978981022,398.366294124535,1.64488723432064,9.71656173148096,4.9584284358495,0.586117107611365,4.7193414849402,4.54096519143052,0.0968579540490485,0.0061520544126001,0.0033232366364015,13.8255950028406,42.8298580042009,15.0,3224.34304084234,62559.66649474713,240,26.9914535305413,1.28227490994739,1164.72140256884,57.4352714176217,2503.81270407854,122.784620577884,398.659158689777,2.56198263310579,13.0419389495475,2.02308361519765,0.565147522673904,4.20817441216712,4.10731446822113,0.0252607442004684,0.0018725815399836,0.0009939111108748,13.4135070866036,42.9458644706046,15.0
11.14583333,27.117633582414,1.43483769127672,1165.9220313792,64.1961093611575,2505.70886798951,122.658386853127,399.023419718375,1.71029450879401,9.98945301774237,4.58255624072737,0.573458961618197,4.58811158165856,4.49896162132441,0.0844453693804371,0.0054665134480456,0.0029439351432649,13.8138726964973,42.8995784371875,15.0,3225.30629530391,59730.0,240,27.032383794121,1.23879156800881,1165.06477112276,55.3770940170515,2505.22279304207,122.941386997946,399.18036771536,2.76029210826814,13.3473246047236,1.7223184388768,0.553161144160305,4.08965619678419,4.06171369559219,0.0207870392225626,0.0015713136369758,0.0008307762881391,13.4063263518449,43.000347513925,15.0
11.15625,27.1549427840362,1.38789896834442,1166.61688572667,61.8790330944379,2507.82025847905,122.867782397901,399.741517047309,1.78884250846899,10.2570062452039,4.16316167762946,0.56106881790815,4.45828946059908,4.45827588564963,0.07203568397799,0.0047672714969861,0.0025620399119531,13.799762429466,42.9732159740391,15.0,3226.42401953956,56865.0,240,27.0709496034353,1.19579329004409,1165.51421721337,53.3707996682322,2506.68529274311,123.104661710832,399.76964760983,2.99824982678693,13.603502686898,1.43063513236797,0.541406835273604,3.97422821867746,4.02334547466679,0.0167764946714691,0.0012964272757506,0.0006825711276124,13.3997194682393,43.0571955669722,15.0
11.16666666,27.1909462461101,1.34684327260394,1167.25609015282,59.7845126364594,2509.57067216451,123.060863081079,400.457533460972,1.86169724434028,10.4452596422209,3.7735709415101,0.548904001494639,4.34076537324797,4.42953822475449,0.062167342740574,0.0042020305334941,0.0022579644799164,13.8023090290201,43.0411427559835,15.0,3227.37811068887,59840.0,240,27.1088609191214,1.15741469001717,1166.04901810279,51.5928949725508,2508.12788289536,123.263290473408,400.408231826092,3.23632872986396,13.7394435869247,1.20676991735478,0.530374615139431,3.87189415396073,4.0017693783194,0.0138753081794369,0.0010997702910381,0.0005776727768867,13.3993105874382,43.1125226895832,15.0
11.17708333,27.225234698196,1.30641577442291,1167.59230101592,57.8159472305428,2510.47018753126,123.215193180496,401.077352731147,1.95212414164333,10.6192518199363,3.38662095780057,0.5387992318588,4.2291910185213,4.40535038785517,0.0530430404350124,0.0036809224417579,0.0019821733606951,13.7792548331178,43.0955298951186,15.0,3227.44988368837,57340.0,240,27.1458224879434,1.12294373080163,1166.57225901321,50.0008313329407,2509.35558710753,123.410207534142,401.05968460995,3.46183459223032,13.7888729218559,1.02437093023306,0.520483993293371,3.7800210386904,3.99291784749668,0.0116091699006117,0.000939831924996,0.0004921362986944,13.395855921084,43.163864467078,15.0
11.1875,27.2586635705801,1.2686478378663,1167.42121503945,55.9412543712776,2510.07411628714,123.30813300703,401.525955380847,2.05355034876126,10.7849816502557,3.01409591036676,0.528793645529844,4.12213405805471,4.38471197638405,0.0451260397818274,0.0032216251692165,0.001741491318974,13.7604742558439,43.1284110807704,15.0,3226.04931387489,58855.0,240,27.1813809078314,1.09076034424448,1166.92717257231,48.5111827297093,2510.0431071656,123.53027296288,401.667177469572,3.69955496437889,13.7881054699755,0.867132492689929,0.511158334464027,3.69365200087711,3.99260402895941,0.0097215909286873,0.0008059384481896,0.0004209202864916,13.39205054124,43.2059238351965,15.0
11.19791666,27.2929157143259,1.23966713834286,1166.71829397137,54.4157041347447,2508.29228216934,123.324340144655,401.782130382389,2.12982656931084,10.8472664475502,2.74480776753179,0.519836328089939,4.03324424556726,4.38103221577066,0.0402406281959573,0.0029575501661566,0.0016107704114565,13.7514854409598,43.1344136664618,15.0,3223.25037335173,64645.0,240,27.2181082483888,1.06582428141157,1166.98631261419,47.3335613433339,2509.89274948977,123.604642223366,402.172397271597,3.86188678393716,13.6766011436557,0.782356091515028,0.503163665688533,3.62472252838698,4.00887270537322,0.0087192413893302,0.0007404281241007,0.0003872288973351,13.3942228343287,43.2320965033217,15.0
11.20833333,27.3265706530273,1.21035134464546,1165.4510520901,52.9872764474555,2505.16779605702,123.27625089773,401.832103389747,2.2328161486947,10.9526536105455,2.47938856236163,0.513441502718333,3.94812902983733,4.37480170029086,0.0351351051138852,0.0026670062563258,0.0014623462477503,13.705058510693,43.1179654317766,15.0,3218.87433323537,60975.0,240,27.2541641626153,1.0434508338805,1166.63692878895,46.2655813881359,2508.71301010249,123.631362569284,402.537743828372,4.01185943682684,13.5639799394815,0.698606734911034,0.496402201758849,3.56123682522737,4.02767016921143,0.0077492121333839,0.0006683901893415,0.0003490840540822,13.3878302326286,43.2416606479168,15.0
11.21875,27.3612388650348,1.18622897810567,1163.58100238531,51.7099341499383,2500.60983437668,123.155116201164,401.663990253324,2.32620256292847,11.042170779165,2.26978301099335,0.506724991131297,3.87108686903349,4.37213050381472,0.0315701142058723,0.0024765123909173,0.0013696478874045,13.679687514103,43.0759135899252,15.0,3212.84684321726,65450.0,240,27.2897038499828,1.0230455533242,1165.79468594354,45.2701814795474,2506.34095277896,123.599818254822,402.730169990507,4.16997933200454,13.4579293257632,0.629187528525929,0.490040573449629,3.50113677880275,4.0480942358471,0.0069532869788571,0.0006135791166349,0.0003208257391533,13.3832869382376,43.2309082293185,15.0
11.22916666,27.3969071006672,1.1681618760999,1161.48488071532,50.7252455557723,2495.45018291914,122.997792330957,401.402566032438,2.38665264568955,11.0799713359493,2.15209192680346,0.50176226745803,3.80979235908606,4.3777177992227,0.0296259370939389,0.0023833991494527,0.0013272624741526,13.6508635735469,43.0211832446622,15.0,3206.31138809872,67070.0,240,27.3264624303746,1.00774558283759,1164.43540564092,44.48610979078,2502.73120828113,123.507044188574,402.732357140655,4.25700076786508,13.330457305392,0.59699798843674,0.484874433056171,3.45251319958696,4.07322580615369,0.0065822012285372,0.0005910621800354,0.0003097396535625,13.3804834684925,43.1987587137227,15.0
11.23958333,27.4328636289288,1.15246046659121,1159.44906891821,49.8898877021833,2490.35265465859,122.843817549189,401.150986761204,2.44321848684161,11.1322699900087,2.0599228927403,0.497811226116837,3.75692544125487,4.38179233905278,0.0280504826321324,0.0023036513333735,0.0012890255601783,13.6175354027587,42.9676006309524,15.0,3199.99051216524,67020.0,240,27.3631472532245,0.994634538911754,1162.78161520269,43.7963215601463,2498.40974836155,123.38218918311,402.624397804049,4.33029355858804,13.2362072520184,0.569925219939868,0.480541347787302,3.40883373959277,4.09527231260324,0.0062721693341885,0.0005703873610269,0.0002990813476014,13.3749005915061,43.1553760514878,15.0
11.25,27.4681840532124,1.13380704584599,1157.57367598663,49.0180756659881,2485.57416967252,122.711988742004,400.957360060617,2.53816503749712,11.241798504126,1.92957802001186,0.493888718891898,3.70295738115604,4.3770397285632,0.0256261514650998,0.0021482405929513,0.0012044421575958,13.5838498179322,42.9217243834043,15.0,3194.06774588337,61250.0,240,27.3981094775333,0.979831344291637,1161.05759762308,43.0411623383778,2493.89437953757,123.252229452079,402.492664091134,4.45442654391973,13.2145768662779,0.51935903170086,0.476141927258033,3.36134294798916,4.10824632825859,0.0057040623240191,0.0005227982389223,0.0002729930142177,13.3662811164048,43.1101849901782,15.0
11.26041666,27.5032454504131,1.11666036777974,1156.39199618249,48.1903734757011,2482.23298056659,122.651632610583,401.016415524467,2.63055039067001,11.3216028011812,1.81197248326276,0.489005683896975,3.65337846118613,4.3740560986994,0.0236904440023348,0.0020361020251246,0.0011464726138395,13.5753002265404,42.9007653264797,15.0,3190.03812276473,61375.0,240,27.4319855466325,0.9644784593603,1159.46197087854,42.2664378593671,2489.60274487555,123.134127606347,402.408808591067,4.59998202039867,13.2174283958196,0.471221244974953,0.471367956046463,3.31321335311649,4.11779670877116,0.0051658045333209,0.0004808323710222,0.0002505870578534,13.3620590367203,43.0691314420387,15.0
11.27083333,27.5370441973069,1.10009675197682,1156.00155008544,47.4437071774146,2480.54793123204,122.672708329538,401.363931634859,2.7124210945788,11.3615085825041,1.71650825544403,0.484774257311913,3.60964697796405,4.3746325619533,0.0220811039417339,0.0019344926776768,0.0010916275598952,13.5697765962326,42.908244262081,15.0,3188.20355454103,58345.0,240,27.4654275191661,0.950220476598524,1158.21639680458,41.5544600838038,2486.00696184727,123.051313097424,402.451081011113,4.71857602659522,13.2131307847566,0.434297388505978,0.466863127938393,3.26944007173697,4.12741212602757,0.0047543548219821,0.0004473361721866,0.0002324630515587,13.3598129141857,43.0403860478795,15.0
11.28125,27.569620485338,1.08581055846647,1156.08378556143,46.7753775521714,2479.81754956577,122.740079366083,401.888572597626,2.77218596028734,11.3560115131262,1.65223699909921,0.480445791940241,3.57131350884131,4.38004377878341,0.0211050846760204,0.0018858093804551,0.0010680507282496,13.57337160251,42.9318772903213,15.0,3187.67793145005,59475.0,240,27.4983569959552,0.937432435912798,1157.4068983858,40.9213404812887,2483.29510206882,123.013316876545,402.651726053847,4.81051728145393,13.1905081588051,0.410540684491259,0.462665066307951,3.23099365667184,4.13833915521455,0.0044890205490378,0.0004280337940296,0.0002223294408616,13.3596315579652,43.0272806904702,15.0
11.29166666,27.6008711321779,1.07295944472916,1156.27255897813,46.1847389342067,2479.25637828194,122.816046219247,402.458033180748,2.81327086799645,11.3266662728488,1.60997962725895,0.476886446656171,3.53749193162014,4.38832897016877,0.0204306128936279,0.0018497531636128,0.0010495964173996,13.5722263950085,42.9585159428119,15.0,3187.45970365281,58525.0,240,27.5309289744844,0.926649163578465,1156.95778195459,40.3909255441585,2481.30639103219,123.013353345842,402.983873922946,4.86539510317878,13.1477535218501,0.397052331559991,0.459068542813013,3.19908451123717,4.15082611221705,0.0043374402592348,0.000417308971673,0.0002166048934492,13.3595917337921,43.0274331270557,15.0
11.30208333,27.6311043081861,1.06153543216273,1156.27375849713,45.6355947467672,2478.23060635132,122.870271947453,402.966413663124,2.84639926304891,11.293062982644,1.57757773669703,0.473548053896431,3.50588410832707,4.39736061115655,0.0199549530429635,0.0018317878672753,0.0010419938327119,13.5708255655994,42.9775577287273,15.0,3186.71565220088,59215.0,240,27.5627479863324,0.917152483282772,1156.7140329565,39.9255417619052,2479.71285751671,123.035495637267,403.393969992645,4.90730439701979,13.0964191822314,0.387804775418251,0.455888365741996,3.17127327353245,4.1637048015932,0.0042330244401909,0.0004111125740745,0.0002134324716993,13.3593994133957,43.0352888146756,15.0
11.3125,27.6609407711652,1.05297103705217,1155.94967359028,45.1829494999124,2476.44015439818,122.885659411492,403.359576502234,2.8551028366817,11.2426934196314,1.5712832050699,0.470796399103121,3.4792332421634,4.40927012790509,0.0198981312128284,0.00184524170558,0.001052303586173,13.5687235434447,42.9830428851898,15.0,3185.10079221547,60945.0,240,27.5944191110977,0.909925743276349,1156.49472250214,39.5615956859488,2478.12367105479,123.059908667049,403.814748241819,4.91773825013127,13.0296464703199,0.38862922296026,0.453309313326703,3.14945177586459,4.17817769453111,0.004238579584077,0.0004156604862937,0.0002162132445721,13.3599177531291,43.0439195248246,15.0
11.32291666,27.6907058793389,1.04761625130662,1155.19081186652,44.8437982659146,2473.66172958795,122.850872180926,403.593180823726,2.83994271024257,11.1864020832609,1.58990589060998,0.468877053253344,3.45810922434974,4.4230313473231,0.0202329985097526,0.0018854974681898,0.0010773989803858,13.5624831434131,42.9710171399913,15.0,3182.33355739877,63345.0,240,27.6262294096638,0.905332694810467,1156.14301024671,39.3103928990155,2476.20838311179,123.070069618267,404.187514820165,4.89553633666624,12.9520649745731,0.399158239825397,0.451489295460612,3.13400696419895,4.19397267828142,0.0043502381562296,0.0004300431170354,0.0002243537610392,13.3603671839494,43.0475554720168,15.0
11.33333333,27.7203758170377,1.04307415434071,1153.88049957997,44.5493499393547,2469.67331413233,122.757981884742,403.623644276388,2.83208428857984,11.1657547144393,1.60272590466932,0.467739161520823,3.43851159079225,4.43305221125113,0.0204161646552444,0.0019041617717954,0.0010881493992519,13.5477311683151,42.9386932565628,15.0,3178.06761230201,63225.0,240,27.6576477590104,0.901957250014311,1155.51236144548,39.1082611259692,2473.66774697376,123.051388756334,404.459646372257,4.87348331182188,12.8902367279607,0.407183274276944,0.450215578485696,3.12093924186835,4.20802423074164,0.0044356147812756,0.0004395143037261,0.000229447096306,13.3587003850258,43.0411066848021,15.0
11.34375,27.7501777935445,1.03811290180141,1152.16283235968,44.2425206802115,2464.79980064948,122.624444506393,403.504355257132,2.84636785632876,11.1884630696748,1.59660349582604,0.46660861227444,3.41788603357267,4.43747635825095,0.0202794409362793,0.0018964313919922,0.0010832362822321,13.5333183999606,42.892133270138,15.0,3172.66956504227,62280.0,240,27.688186050463,0.898169899221412,1154.52811791314,38.8808222695682,2470.35252692378,122.995875133152,404.60524992694,4.88138728551125,12.8631204138224,0.405486560973904,0.448970548389008,3.10588191795558,4.21805589923086,0.0044154692122873,0.0004379892390601,0.0002283774301416,13.3557861975968,43.0217890079206,15.0
11.35416666,27.7808029048884,1.03726669902719,1150.36564142176,44.0599716097761,2459.72724971736,122.477746949028,403.348883143093,2.82619293889956,11.181999566964,1.62951717336743,0.465664860812894,3.40435107804661,4.4455549521463,0.020842701717253,0.0019505066378616,0.0011154223304189,13.5290536781709,42.8409418553036,15.0,3167.11532602224,66095.0,240,27.7192077417885,0.896302392839904,1153.20530152279,38.7237192973515,2466.29063740817,122.902937158013,404.62413961431,4.86364053019062,12.8380523118204,0.416712945533692,0.448034573415693,3.09460120187632,4.22807665402535,0.0045349467192929,0.0004527527102049,0.0002366850035143,13.3555618554489,42.9893850513366,15.0
11.36458333,27.8117022492972,1.04044545134855,1148.72954019891,44.0541680897745,2454.98835463558,122.344249822521,403.236295919812,2.76996790420395,11.155197128728,1.70204850774352,0.466202440316576,3.40040478384605,4.456482720739,0.0219926463977694,0.0020341465643487,0.0011618784043742,13.5197934371393,42.7943572279661,15.0,3162.11022442093,68660.0,240,27.751338638838,0.897805673570018,1151.67217162385,38.7073354525798,2461.76785936731,122.787260583049,404.556930419483,4.79291238306197,12.8068288152201,0.444600809260187,0.448054829871942,3.09121324538395,4.23882262564612,0.0048363655507258,0.0004827083673981,0.0002529695391793,13.3556664368724,42.9490019043569,15.0
11.375,27.8440200038377,1.05846936541313,1146.68314370177,44.4767590191347,2449.31864084831,122.149614099977,402.942856080503,2.6046034455007,11.0332624833018,1.90712557863019,0.469616739862099,3.41904333571625,4.48154410778622,0.0257570891275831,0.0023176563236772,0.0013244333608709,13.5113142478466,42.7264068060797,15.0,3156.22306541683,84160.0,240,27.7866557249716,0.908236355675607,1149.87051906936,39.0558420657325,2456.66040329753,122.639076587047,404.366882023512,4.58674083670539,12.7209080338791,0.532593282660308,0.450174672886986,3.10838173120905,4.25678955262185,0.005797740057647,0.0005801918998784,0.0003074460469157,13.3591832691392,42.8972279593601,15.0
11.38541666,27.876399316678,1.08016242074359,1143.12679362516,45.0996628615343,2440.44378281497,121.791345510438,402.0545513934,2.45649548186104,10.99055652197,2.1541343507907,0.47927110051622,3.4465187966297,4.49828586963192,0.0299233079634676,0.0025562181001892,0.001445461992567,13.470254719775,42.6012347749042,15.0,3146.3380282353,84150.0,240,27.822874265269,0.924491747360589,1147.45211016844,39.646516863297,2450.26566868257,122.426246907778,403.921650748122,4.32591368937225,12.6648482334175,0.643302302998427,0.455200002399036,3.1380702130193,4.27153738293476,0.007021742936685,0.0006797639217153,0.0003601161742227,13.3542480943562,42.8228075689113,15.0
11.39583333,27.9135402416964,1.12651248744446,1137.1839688515,46.2240574337678,2426.49692617065,121.156318159123,400.22711345867,2.22226316824334,10.8829059325172,2.65303200924352,0.496717618669517,3.50060686743872,4.52385262029269,0.0400588907733194,0.0031624331416711,0.0017635161659318,13.4503266545138,42.3789705135799,15.0,3130.25051594046,105740.0,240,27.8620508159184,0.951250557447989,1143.51092920446,40.595008681298,2440.65603796726,122.043090244166,402.869445052602,3.96290134555285,12.6146394807542,0.864060985004506,0.463800410928573,3.18646701718243,4.28690944030232,0.0095118291076029,0.0008926749128328,0.0004752301309491,13.3528743659937,42.688787030266,15.0
11.40625,27.9529901915746,1.20580393320997,1129.37733706441,48.3944623438232,2408.42995675653,120.273019057508,397.522069688173,1.93417262435884,10.6798641724834,3.56620928378808,0.533503901640265,3.61490876939116,4.56083397901246,0.0613885509594711,0.0043415566730479,0.0023659856218592,13.421721060658,42.0692047181648,15.0,3109.54953722146,122800.0,240,27.9058655972336,0.999822901326814,1137.08677983725,42.3408861100757,2425.77664197385,121.372759416882,400.791913716373,3.37599105072304,12.5279043816835,1.35906213551102,0.482065830940572,3.2784715566205,4.30765210595638,0.0154012788956747,0.0013504247315601,0.0007199244309922,13.3505894525234,42.4541249010422,15.0
11.41666666,28.0013701482083,1.28531584546299,1122.93240692003,51.1690876214765,2392.89811890435,119.499684533712,395.056416122345,1.7647710816652,10.5433895758764,4.58488987714156,0.573161124668757,3.77398022510038,4.58521241944958,0.0873499224803958,0.005725354175912,0.0030785099288696,13.4272637181505,41.797184296123,15.0,3092.51467379853,119765.0,240,27.9511063524,1.0565381721559,1129.96206817588,44.475471716422,2409.30797095244,120.603393375937,398.274490043044,2.88411525478652,12.5521533101812,2.0169250938555,0.505473056308633,3.39628276130815,4.31243250120828,0.024011190587828,0.0019452721529279,0.0010332514574846,13.3498462344828,42.1844134790314,15.0
11.42708333,28.0580589207269,1.38455290136698,1119.50912913026,54.5613398430093,2383.92167193075,119.03167109405,393.537062162308,1.62160929464531,10.2923241898764,5.72684711970397,0.614214886047104,3.9729990849438,4.61601554236954,0.119567722008371,0.0073625058964934,0.0039470110759448,13.506964584761,41.6311734562255,15.0,3084.14403571245,129520.0,240,28.0030979756339,1.12161813420307,1124.15209771654,47.0211199093398,2395.54887020889,119.939709522457,396.042161561466,2.5150391527925,12.5535003924222,2.84502935304041,0.531086030339619,3.5432351612701,4.31618477498802,0.0366923809919084,0.0027779382218502,0.001473144242505,13.3708750911399,41.9511425186796,15.0
11.4375,28.1120923374032,1.50379645200666,1118.91589912342,58.7996935204199,2380.9385540036,118.832795370282,392.840533308134,1.49135379494288,9.9090052205572,7.00941868976716,0.664452167529777,4.2262860120726,4.65573932132363,0.158294485265219,0.0092893471272506,0.0050171519956698,13.6142927730224,41.5585073369037,15.0,3083.91448699707,137440.0,240,28.0594524149763,1.20126842027792,1120.85978749552,50.3805209447616,2387.17738076173,119.497337193194,394.51600765668,2.2010372763216,12.350289997517,3.9559633161245,0.56356816292905,3.74153464681765,4.33968137823744,0.0579352385653544,0.0040799118062498,0.0021643347686454,13.4080585459184,41.7944636067627,15.0
11.44791666,28.1657775545489,1.64525689113161,1117.54488029321,63.7075144157013,2375.74869552772,118.495495672929,391.599867035575,4.16147819016593,9.48349790611267,8.30915659580016,0.720886920876125,4.52649676301281,4.69703056429018,0.196352095165279,0.0111422142511456,0.0060966864181478,13.7295669740536,41.4370262595239,15.0,3081.40010940349,147765.0,240,28.116314397285,1.2937262963079,1119.12850772011,54.5099548338984,2381.92963203268,119.164032692619,393.313527358444,1.96426669729793,11.9629915772189,5.26484222934762,0.602386426953355,3.99075997060702,4.38016597333999,0.0904004448839432,0.0059113534741466,0.0031444734398182,13.4549072440793,41.6747384618658,15.0
11.45833333,28.2222170243943,1.77462151547561,1114.20788353862,68.9091979468908,2365.62282474818,117.887574200152,389.387273410781,4.0906570808105105,9.09803103925433,9.4558065164678,0.770730053665031,4.85273047453316,4.73316487317208,0.226727350475087,0.0126045449909569,0.0069853609054676,13.8237915722359,41.220741440465,15.0,3072.92662146382,149145.0,240,28.1730222939774,1.38928572619673,1116.74082996612,59.0424112507286,2374.77123217573,118.700462505545,391.619699820758,1.81041182486716,11.5186521931064,6.56310498009137,0.642437742362818,4.27104412353991,4.42375374524456,0.129814702796032,0.0079630502472111,0.0042637548435625,13.4977100391443,41.5082743454679,15.0
11.46875,28.2816230701299,1.88246222221895,1110.90307026932,74.1488740820031,2355.29841168291,117.25424942758,387.060801141528,4.04685911183018,8.76175389156452,10.3232160646961,0.80150707381954,5.18130134407352,4.76462173156345,0.246714232357465,0.0135514829745526,0.0075799940301101,13.8912332768693,40.9954575209544,15.0,3064.24564809322,149185.0,240,28.231231181252,1.48113689123038,1113.57282611247,63.5799416349641,2365.50040003459,118.111982195934,389.460865515504,1.71699800149013,11.1191287544313,7.64669209791063,0.675582752060936,4.55592527301302,4.46059273831978,0.16650887792358,0.0097333371426264,0.0052538120609964,13.5304402542555,41.2974678837222,15.0
11.47916666,28.3389780327108,1.97062471519596,1109.5370809238,79.3536135842494,2349.05808603615,116.816905846424,385.376102323091,4.0168309229985,8.48464548797733,10.8030295412673,0.81664114724604,5.50441346691121,4.7903244062958,0.258431271864469,0.0141155214353253,0.0079498665355401,13.9206799469324,40.8383839984066,15.0,3060.73512953409,147790.0,240,28.2893828454895,1.56878827152965,1111.05329478428,68.0773449102765,2357.40795038223,117.569483232015,387.433266706313,1.65424257066358,10.7739357122945,8.41692809618917,0.701147035384182,4.83773355617936,4.49120595205518,0.195270494505181,0.0110419499739807,0.0060087043954466,13.5493751209903,41.1024943303933,15.0
11.48958333,28.3946503160628,2.00328441211765,1110.250883557,83.6470559154089,2347.81900807313,116.638307729317,384.538784590263,4.023962421053921,8.34391180874004,10.8197333585818,0.810990108115554,5.76770210105143,4.79954268071511,0.263108089974468,0.0142937379752838,0.008071465506097,13.914142520585,40.7712911328084,15.0,3062.74899824845,130695.0,240,28.343580424901,1.63367498640439,1110.2211328708,71.7633158524724,2353.18979997682,117.233476877708,386.061044972779,1.62600862161447,10.621484704854,8.68659753990821,0.714077269662251,5.06884828393563,4.49854141972657,0.209803159912727,0.0116736386763365,0.006385973280213,13.5437337310108,40.9798019396113,15.0
11.5,28.4470944032792,2.03277392197266,1112.89882926646,86.9879401975436,2352.15059429911,116.748704966191,384.675230661546,4.02380988373563,8.24387307197431,10.6336704941789,0.79632378796817,5.95720653203517,4.80141363499686,0.261831067751213,0.0142194794288205,0.0080357007074671,13.931626968643,40.8052182065424,15.0,3070.69988819805,124650.0,240,28.3954362267816,1.68140255158875,1111.09927083144,74.486340582448,2353.43392835669,117.137031334285,385.47587532267,1.61000142888824,10.6102040648285,8.58283563988192,0.717627428690416,5.23437612064773,4.48809590546705,0.211270885046438,0.0117270693111042,0.0064337415758626,13.541145628488,40.9412282788025,15.0
11.51041666,28.4901411176178,2.06933756569314,1117.2815382321,89.9387420539566,2360.96378947859,117.085059539543,385.567131110919,4.007017501883991,8.13790573564356,10.3803237740569,0.788630986837527,6.11650977373013,4.80205862920792,0.259263691078641,0.0141508017556084,0.0080149548103493,13.9501958711305,40.9181878637082,15.0,3083.81583620911,124625.0,240,28.4435673724463,1.72566455891643,1113.74284773673,77.0208242821944,2358.21094457498,117.263630047776,385.655459851478,1.58782489497522,10.5586926035213,8.374567499923,0.721517144917934,5.37899380514386,4.48171363351309,0.208857252671689,0.0116228323000908,0.0063953803803594,13.546852227164,40.9808701060362,15.0
11.52083333,28.5281086840295,2.08891431486372,1121.91625487953,92.1609687619273,2370.44710843042,117.461243739204,386.577841061105,3.9997005623246302,8.10322395550542,10.0079285871353,0.783015564262537,6.23798182265742,4.79443138519272,0.255899362692506,0.0140366792373088,0.0079645566632727,13.9434509581983,41.0451396229573,15.0,3097.20641737136,119620.0,240,28.4856675282413,1.76005752307591,1117.58539977397,79.1569904787291,2366.02319670016,117.544132163683,386.350272114501,1.56998317511755,10.5205578661732,8.07129738348608,0.724968330140106,5.49811563889007,4.4733496561387,0.203978528783811,0.0114180546553633,0.0062981550748997,13.5447846577052,41.0745043425809,15.0
11.53125,28.5655569578951,2.10425208185673,1125.92658659775,93.7406023115937,2378.74862262392,117.782774018567,387.412307325388,3.9932822908673407,8.10614848997444,9.5586304634032,0.777041575830622,6.32372832613124,4.78362357045428,0.250017240331139,0.0138002479919129,0.0078348920098362,13.9389805083154,41.1533931684841,15.0,3108.57321453428,119285.0,240,28.5246120461608,1.78520376531038,1121.64480687472,80.7522962881866,2374.50598051709,117.864051691741,387.176563704815,1.55862485116804,10.5247432716912,7.67411548831744,0.726616696287392,5.58694831216709,4.46089013459099,0.195188678299416,0.0110375019045297,0.006096876016617,13.5418884072987,41.1823453520466,15.0
11.54166666,28.601925890837,2.09200430234689,1129.36460705103,94.3546755457182,2386.27433764669,118.074233794731,388.145658740519,4.01226051304483,8.18969083654212,9.03390969265372,0.768624323455419,6.35462161696378,4.76251020215016,0.242068124131701,0.0134102656696145,0.007601685667766,13.9160166009593,41.2514708360905,15.0,3118.09873771109,105440.0,240,28.560411854666,1.79290632444999,1125.29814052623,81.4097808055136,2382.46361941099,118.173229885465,387.955430221655,1.5665080753497,10.6491551120283,7.15107955104439,0.725090658701104,5.62241368757802,4.43418181272076,0.180481106384148,0.0103718229047196,0.0057247006281002,13.526249008759,41.2870627060982,15.0
11.55208333,28.6365300777071,2.11959607099404,1133.07033977195,95.2725968358523,2394.63874129176,118.401480227231,389.039594285884,3.98637366033412,8.1459233666359,8.62485723776983,0.763614389397815,6.39710677682045,4.75832474002804,0.232758166671165,0.0130404402791649,0.0073890175125803,13.9536211608141,41.3629729646501,15.0,3128.839294033,124010.0,240,28.5975579576851,1.80865960820055,1128.95697189053,82.2517651541688,2390.51222255847,118.478743226531,388.76355193072,1.56209348417055,10.6606125097051,6.70462332126018,0.723744605227404,5.66616913280416,4.42327048097741,0.166193779336596,0.0097057084207098,0.0053545927799372,13.5386598966438,41.3911817393671,15.0
11.5625,28.663699720115,2.13909717831227,1136.22572464733,96.4394066865732,2401.24988973962,118.631646111005,389.588528345862,3.97671878233748,8.14125765986184,8.26577638836891,0.770562567429101,6.46292413499464,4.75232911174136,0.227906461131091,0.012858554756098,0.0072964903115513,13.9224196333032,41.4406706090928,15.0,3137.68189960461,121100.0,240,28.6310042852994,1.83140311031453,1132.71851629659,83.6377876076743,2398.65185318465,118.771984524759,389.560286106001,1.55181125736422,10.5446398006443,6.38200270158719,0.728231852849976,5.7411487027289,4.43013053217105,0.157962956802241,0.0093198486553587,0.0051465540571042,13.5382421941033,41.4912527265875,15.0
11.57291666,28.6974749760905,2.13727546079757,1137.24944898922,96.7924794587224,2403.2710984725,118.632005329658,389.376631793493,3.9906519536745604,8.21183631978617,7.88780550538435,0.771500254990846,6.48776101948549,4.73848021866916,0.220332359805473,0.0124744245286713,0.0070653578996073,13.8988661938903,41.438420601275,15.0,3140.07006348365,113970.0,240,28.6619474687259,1.83916618875858,1135.2479262703,84.1555819668722,2404.14046658186,118.943454833432,389.921615343979,1.56262562749496,10.5923648191943,5.98860980205355,0.73035692392616,5.77248167766479,4.41822037880487,0.145515000009275,0.0087124334344776,0.004806251611825,13.5231552850483,41.5492383616959,15.0
11.58333333,28.7329612000007,2.13139277346079,1138.14593683037,96.7483180754926,2405.67784606443,118.649396438788,389.25290097216,4.00539782400556,8.2359028533543,7.54350683451123,0.767734493157913,6.4834055695754,4.72880166771465,0.210817238138681,0.0119924443141582,0.0067717821096418,13.9076364899391,41.4426861579461,15.0,3142.43781340439,109915.0,240,28.6945481330225,1.83817045989038,1136.66391752728,84.0506053177345,2407.45862100992,119.011916717185,389.943531756657,1.58592476205615,10.7048170134936,5.57416546694355,0.729048945226504,5.76798176395597,4.39870136040765,0.130258868066507,0.007938678312814,0.0043683217051608,13.5153976518053,41.5718199200694,15.0
11.59375,28.7654391658065,2.10262613197942,1140.24820576131,95.9986409076223,2411.46624702188,118.843039398133,389.721622150268,4.03518477867252,8.27417179671308,7.19137063121347,0.759815223344366,6.43550648335166,4.71421812531513,0.199846027956009,0.011430741404624,0.0064303909758847,13.9143338468635,41.5089326435907,15.0,3148.34001591211,97205.0,240,28.7259764750411,1.82341724250834,1138.08023893377,83.2357202812883,2411.33825976448,119.118928468171,390.095406282228,1.62567173168521,10.8805106306502,5.12255482423362,0.724193718207306,5.72010475441638,4.36960446354687,0.112864853935111,0.0070279539714691,0.0038536033474099,13.503414630724,41.6084296830338,15.0
11.60416666,28.7957235427841,2.05998487263257,1143.49446730201,94.3933072295967,2420.43368338632,119.211341513099,390.781598061437,1.286857251788,8.33150470180214,6.81084394864227,0.745557815684768,6.33720503200753,4.69418693959889,0.185804460808971,0.0107245671073046,0.0060036854210032,13.9367143887368,41.6367569419281,15.0,3157.46336582579,89030.0,240,28.7551838255927,1.79324822973876,1140.08100563718,81.6043118257469,2417.08359613241,119.336922270656,390.614828963401,1.68419692000051,11.1328537543558,4.61559394940388,0.71448422850056,5.62376095379447,4.32846901347404,0.0936763743456422,0.0059831514954405,0.0032663078806492,13.4920120625423,41.6843541918777,15.0
11.61458333,28.8193571925715,2.07149493385977,1148.34412810896,94.0044641161486,2432.68302048832,119.734628147735,392.414203900876,1.253584755340976,8.13843246221452,6.67312449287239,0.737045301216446,6.30308056085495,4.70764409936494,0.18083609032364,0.0105219427829391,0.0058865016800774,14.0281800008006,41.8193123713959,15.0,3171.74981785008,118475.0,240,28.7861918389603,1.78596836943472,1143.48954192156,81.2502136246921,2425.80302469475,119.677942695431,391.634033708327,1.69455393622641,11.0099750672406,4.40421501033709,0.70735836140816,5.59623089849193,4.33421281210972,0.0873150105520455,0.0056259986510106,0.0030688722334493,13.5278794457212,41.8031875867315,15.0
11.625,28.8346201729145,2.05487452781252,1151.95415524155,93.7067619092307,2441.3223723131,120.082782956453,393.40426292979,1.263925648058852,8.14535861181701,6.49168272182587,0.740238905599656,6.28572770727783,4.70327779377192,0.180871988970112,0.0105636802427807,0.0059256311252872,13.9596742055242,41.9404458732492,15.0,3181.80808591753,108310.0,240,28.8102027962322,1.78468804527412,1147.73930722295,81.5430303727024,2436.13969415985,120.090122255886,392.904636782843,1.68584813897665,10.7734317518136,4.33281350811512,0.706811573247738,5.60682373579118,4.35656455081425,0.0865742670078955,0.0056037888904348,0.0030639664514472,13.5245076234161,41.94683607244,15.0
11.63541666,28.8621651964296,2.02219955030961,1152.00578699027,92.3989656787555,2442.11782102265,120.056402023071,393.153440427949,1.304608629244558,8.32683871568228,6.1854752906281,0.732325966921489,6.21526661139636,4.68004084512621,0.170664783206369,0.0100320837907513,0.0056085081349498,13.9059450824663,41.9312278950146,15.0,3181.24773302828,100760.0,240,28.8321109870775,1.76405765777458,1150.20525103967,80.6007653416317,2442.47715459895,120.334146789439,393.555300383823,1.72437451543807,10.8717035334234,4.05625056345491,0.701695990698446,5.55397043148802,4.34027688513581,0.0774638302121909,0.0050891966164319,0.0027790522754291,13.4970401090689,42.0321992983293,15.0
11.64583333,28.8914918367938,2.00820214568704,1151.77953094969,91.376476791481,2442.56989893627,120.011118955052,392.893982768778,1.3237999114181642,8.39659638979004,5.96848727460243,0.723790715473835,6.15345400224475,4.66970424666151,0.161533403154744,0.0095566501569978,0.005324317823556,13.9042715514745,41.9157697956565,15.0,3180.4100836477,105805.0,240,28.858238027165,1.7454570686607,1151.07736431302,79.579858919932,2445.2075509556,120.403662111114,393.650709143687,1.76818499562103,10.9832867124171,3.79478362908845,0.695199648096873,5.49553585553505,4.32431082555248,0.0692234539297812,0.0046075951706099,0.0025115690304321,13.491207211432,42.0568333454574,15.0
11.65625,28.9168832548969,1.96521603125212,1152.84606473019,89.8250622731638,2446.22297335859,120.135712059569,393.186455823721,1.3780744467731303,8.53864198602697,5.70494178637093,0.715688381984031,6.06233845459917,4.64744205437774,0.150395134561356,0.0089810844035257,0.0049872652461448,13.8636718102117,41.9596869618474,15.0,3183.13196640532,86740.0,240,28.8830971256277,1.71607340742211,1151.70790423857,78.0809407456482,2447.67080561086,120.473879069598,393.747906423715,1.83813653545501,11.1848962905935,3.47469633687373,0.687943523668876,5.40817872066325,4.29590878673146,0.059339655353892,0.004014434162944,0.002182247437326,13.4694102313513,42.0819495728547,15.0
11.66666666,28.9433655171931,1.91769658856181,1155.04014787676,87.5630202499143,2452.78053169549,120.421225107681,394.030338972181,1.4274677366992463,8.68719908276247,5.41081082407401,0.7005922387229,5.931278169283,4.6206868394609,0.135231847328556,0.0081794833454238,0.0045161214084368,13.8750707220949,42.0601773390649,15.0,3188.92158093082,83255.0,240,28.9066660832687,1.67204590562202,1152.79466277768,75.8268899057294,2451.46119937956,120.631300069417,394.129217948913,1.9469775549594,11.5007020368655,3.06461813660025,0.676257070890578,5.27800669636041,4.2506519377364,0.0482997853042786,0.003330009673024,0.0018027804254279,13.4549432084506,42.1376440525275,15.0
11.67708333,28.9652413166889,1.88684483824369,1158.74261381579,85.8064880026273,2462.67196902965,120.871268579955,395.471396224771,1.4397641223972222,8.66432101884099,5.26696039910301,0.688128004788086,5.82578689012206,4.61460355849342,0.128476189174118,0.0078201284901765,0.0043056442528168,13.9213209037927,42.2180797232857,15.0,3199.33636153205,91320.0,240,28.9312134100163,1.63660690360671,1154.87693238441,74.1130666263444,2457.40363342703,120.889046301912,394.905913654968,2.02527732292785,11.6133485923251,2.81970813822504,0.66510732143973,5.17671280158461,4.22997045946669,0.0426501656498634,0.002983321075757,0.0016139637779276,13.4652975332303,42.2282472765816,15.0
11.6875,28.9809721280143,1.85387288096495,1162.48324290523,84.2052262682927,2472.53039138524,121.322241321865,396.917747996194,1.4532590890197983,8.64755535158739,5.18360898620868,0.681503125055464,5.72994217946432,4.6104834180311,0.126008127582422,0.0077070598083138,0.0042433219878633,13.9209213266244,42.3761254094564,15.0,3209.87623146471,91100.0,240,28.953130794433,1.60822008351401,1157.98567166756,72.8653073620891,2465.57808226409,121.253718815357,396.075224233243,2.06418494348048,11.5802913144154,2.71119766209632,0.656645735326394,5.10106186981646,4.22764774026064,0.0402449151226761,0.0028404872968837,0.0015377706536391,13.4703422974516,42.3561135880331,15.0
11.69791666,28.9970148623426,1.82133273672519,1163.72537421042,82.4489174587807,2476.80487505566,121.501501076567,397.467329072507,1.4717391189891442,8.69098193795269,5.12315531259192,0.67545494093185,5.62684782673258,4.6022602097444,0.123307528691834,0.0075703116794723,0.0041642377368524,13.9101579459703,42.4392647093609,15.0,3213.29044618748,93065.0,240,28.9719719874684,1.57989244344536,1160.76298823946,71.5979646131719,2473.01968043997,121.588204989922,397.148614133606,2.09567993213512,11.5557244992922,2.64009680006002,0.648897992168857,5.02516670452335,4.22569168844818,0.0386279328371233,0.0027444807038712,0.0014860763015311,13.4689472866864,42.4733767347717,15.0
11.70833333,29.014766919562,1.78646421232436,1163.38267973773,80.6861749239802,2477.47324602902,121.50697004874,397.44628341841,1.5014429634415403,8.77743704659643,5.06334252712518,0.668514714542161,5.52400157892833,4.5906366557558,0.119965407164184,0.0073974972469472,0.0040640337724066,13.8866230088831,42.4416905767285,15.0,3212.20278355096,90280.0,240,28.98973339404,1.55048629273361,1162.20010964958,70.2099807985983,2477.47962802243,121.783040909483,397.757818055818,2.1320831149324,11.584106673248,2.57436585588099,0.641090926668966,4.94306390249062,4.21896411525884,0.0370284087446539,0.0026446688564274,0.0014308228772639,13.4623339670486,42.5418150884199,15.0
11.71875,29.0344561320841,1.7510404008058,1163.05161008175,78.9496883131153,2478.04114268066,121.516432754255,397.4458452345,1.5368919796523264,8.88810987101392,4.9595911336104,0.658993230338252,5.42322298365269,4.57618326555925,0.11470177794159,0.0071175908748399,0.0039027478116442,13.86650663957,42.4455928265943,15.0,3211.08773391816,87890.0,240,29.0077301291547,1.5189988242266,1162.68536554075,68.6699310487142,2479.77978718687,121.881390750789,398.044652921485,2.18680936045519,11.6824501047706,2.47335020122088,0.632404748391007,4.85284030999944,4.20457452912525,0.0347697001139528,0.002499765763247,0.0013503352256975,13.4537866885211,42.5765275729287,15.0
11.72916666,29.0541673753662,1.71836516551253,1163.20883318648,77.3210650538759,2479.55828268109,121.582955985566,397.649694758153,1.5720601119728825,8.99399127203177,4.81469220056003,0.648547752304793,5.32830512942205,4.56217742150998,0.108562135125664,0.0067903134138684,0.0037168025495461,13.8501709154098,42.4695197813248,15.0,3211.34276358487,86675.0,240,29.0263934102357,1.48822081184697,1162.88966940052,67.1543180906244,2481.35057948293,121.951437593277,398.248847490258,2.25239398627143,11.7981690161687,2.35031225351641,0.623387625185031,4.76403721701082,4.18860430292525,0.0322576305069602,0.0023382845677685,0.0012613808815622,13.447199692719,42.6013578269363,15.0
11.73958333,29.0724887206621,1.69083850082315,1163.65873643266,75.8590371875604,2481.59373292278,121.682592242526,397.981850204945,1.6006936059178485,9.07706474771233,4.66839517316821,0.639760149783606,5.24233498378741,4.55148429676899,0.103112392056439,0.0064984029501939,0.0035525923147164,13.8378303316861,42.5050651249707,15.0,3212.46076058658,88190.0,240,29.0452825302297,1.46107221509926,1163.16971097393,65.8237311460292,2482.95029966379,122.027041969987,398.494599255638,2.3155179011652,11.880263316402,2.23634300909143,0.615169653536608,4.68546976626347,4.17752266690152,0.0300953691915446,0.0022012067436187,0.0011867505183946,13.4439201549478,42.6281619846784,15.0
11.75,29.0890796481451,1.66624107987323,1163.9086143511,74.5387367136372,2483.07435862059,121.76023770372,398.250540483519,1.6277239656071645,9.15834895220051,4.54203122731053,0.633162042855858,5.16412943750061,4.54209898774484,0.0986184727145468,0.0062592258139317,0.0034194164977845,13.8187347931652,42.5329181490715,15.0,3213.04905451623,88720.0,240,29.0635210593537,1.43761478209166,1163.50176164981,64.6838575067974,2484.54238151301,122.105703082838,398.77089460287,2.37065863588281,11.9285560777683,2.14217645718152,0.608206838595944,4.61749386846773,4.17155526140269,0.0283759291050287,0.0020920394791712,0.0011275255883535,13.4402391206415,42.6560802307011,15.0
11.76041666,29.1052138902017,1.64366495111443,1163.63067914851,73.3028375913268,2483.31641637153,121.780355256952,398.331721952009,1.6547123167545406,9.25062280653042,4.44837782690886,0.628147984102851,5.0908192571029,4.53209435311353,0.0948750021518072,0.0060559469330828,0.0033053885164041,13.7991784136208,42.5406185005279,15.0,3212.17697161563,88735.0,240,29.0807968278571,1.41605819902814,1163.64863737357,63.632103041693,2485.63906428698,122.164776279264,398.991665432305,2.42367354328646,11.9771090880967,2.05960221674977,0.602145533193658,4.55452535370148,4.16638932691178,0.0269013354851645,0.0019969556957381,0.0010756069549322,13.4353083800808,42.6771777340769,15.0
11.77083333,29.1215453343813,1.62330476586693,1163.08367369942,72.1783209509064,2482.91822038151,121.769773919113,398.315068936487,1.6782670624021565,9.33711291845702,4.40506831990513,0.624054034339514,5.02403178815506,4.52286481372866,0.0925185451747656,0.0059247626414984,0.0032302331864739,13.7857535460761,42.5374610955207,15.0,3210.60188923722,88665.0,240,29.0975466021973,1.39616729418236,1163.48767635421,62.6484049729169,2485.99503755038,122.191278598379,399.108412060199,2.47054930124737,12.0334846338686,1.99888844296997,0.596714867928651,4.49551684203423,4.16079337817816,0.0258132048657451,0.0019268616088068,0.0010370202658564,13.431264191876,42.6868667907888,15.0
11.78125,29.135853310007,1.63279781198524,1162.36350084147,71.953301428248,2481.86440096872,121.708426493763,398.172597791009,1.6372468273213125,9.25367788596546,4.59214091813965,0.625508951001744,5.0063081012961,4.53717600883276,0.100344353070281,0.0063444618853304,0.0034603640108293,13.8017284497504,42.5160927375365,15.0,3208.93374019556,108690.0,240,29.115232211071,1.39446636176284,1163.07662796618,62.4708491354745,2485.59974788305,122.164158011483,399.085227894253,2.41475871444027,11.908616678733,2.14348592701162,0.594834154092276,4.48140716867834,4.18003259250725,0.0282587723489582,0.0021145521532648,0.0011428376908823,13.4461489909613,42.6777048567581,15.0
11.79166666,29.1471737250303,1.63985650874603,1159.69488332536,72.1469504402376,2476.0866551532,121.40875103297,397.206787759622,1.6196046358551486,9.25165433595115,4.83834004553069,0.633778325524941,5.01519460471411,4.54501506193386,0.110059701944556,0.0068935068811627,0.0037704214601311,13.7464162401913,42.4111808447447,15.0,3201.7164064171,105880.0,240,29.130240688452,1.40347787776369,1161.96355713757,62.8216860543771,2483.46103664909,122.043364548982,398.737323562282,2.30409782653302,11.7608487038503,2.39715649043532,0.597850181690857,4.4976638763637,4.20419967577224,0.0326142002653636,0.0024084162599976,0.0013035234081905,13.4417824950609,42.6356795087035,15.0
11.80208333,29.1666716815047,1.64406353623828,1154.43862734496,72.1612524868543,2464.5056231261,120.831330573911,395.293261392533,1.6300891903458647,9.34861078894181,4.9701713796551,0.636972794700297,5.01560643960384,4.54029029361565,0.113940325606386,0.0070993223428047,0.0038832632383622,13.7106330560215,42.2093999236007,15.0,3187.07962113597,103745.0,240,29.1456025868164,1.40752007723875,1159.06420133738,62.8633189215165,2477.26546512199,121.734378105462,397.713809448085,2.25655366933292,11.8004377070479,2.54727172849446,0.599788593928925,4.49862566513749,4.20540207650897,0.0351861794878175,0.0025716762229273,0.0013898246254614,13.4294061400785,42.5277955809484,15.0
11.8125,29.1883516787905,1.65720573658851,1151.11376408837,72.5084665736151,2457.13015967374,120.458461402339,394.054021341143,1.6339990104914106,9.38787908639579,5.01083600275187,0.640082938850711,5.03389312495587,4.54039401012082,0.115813941622727,0.0071952186215794,0.0039368892280643,13.7068572788443,42.0792340725927,15.0,3178.00808036385,105790.0,240,29.1643533528749,1.41424324645545,1155.23990016064,62.9753110459193,2468.92590918818,121.319245554488,396.327942660136,2.23117071534391,11.8683291002832,2.64432694855942,0.60175839778873,4.50359508528668,4.20283715477158,0.0369250031039448,0.0026839578382937,0.0014498010825637,13.4271143423569,42.3828094513514,15.0
11.82291666,29.2092481900128,1.64648397212943,1151.40665853739,72.5173719029067,2457.90449807268,120.495275496434,394.129495576808,1.53479403812943,9.49160909540014,4.909481483446,0.640354174300804,5.0356361239978,4.52810784632431,0.110484293201354,0.0069181943977399,0.0037828307679772,13.7028173312585,42.0924755257824,15.0,3178.909331334,89650.0,240,29.183180032885,1.41096043539607,1153.00233670057,62.7467399213299,2464.16723532402,121.090847539103,395.526297267296,2.26434560323449,12.0389118868862,2.56869027089306,0.602117823653919,4.49017888483264,4.18437721426832,0.035216732249192,0.0025557599666026,0.0013759723572648,13.4184705493878,42.3031893152641,15.0
11.83333333,29.2308028195605,1.64683111700533,1153.79021613989,72.4975054839961,2463.53612411965,120.771552484509,395.01938564185,1.53479403812943,9.49406833309225,4.85508931279583,0.635672864898072,5.03404188876219,4.5247012043673,0.107452432747584,0.0067291503499885,0.0036713021394117,13.7520673832819,42.1893328842299,15.0,3185.8530875656,97675.0,240,29.2032973116782,1.40522098367439,1152.80240317453,62.4554053223989,2463.9782927268,121.087445914719,395.474104041446,2.30971952005,12.1763468610718,2.46232060268627,0.59989546306255,4.47368173451811,4.16732882925564,0.0333327216688327,0.002432736953757,0.0013086200810835,13.426170792376,42.3022006331565,15.0
11.84375,29.2432031105949,1.67510749273693,1157.0781201253,73.4330832130105,2470.95876361861,121.116142472415,396.16775052946,1.53479403812943,9.31731829335154,5.02153983729981,0.642615456833171,5.08388969000349,4.54469170792911,0.11632445770269,0.0072047754241907,0.0039406654192947,13.7896150507171,42.3095286726034,15.0,3195.79754147355,113180.0,240,29.2232759346349,1.42053991690697,1154.45590309518,63.2362555648473,2467.75415100762,121.249767434329,396.028285640145,2.24508491938629,12.0083694134762,2.60480812675625,0.602878645425716,4.51636580142451,4.18840168742114,0.0363207679152657,0.0026470903557595,0.0014306075160642,13.4486651773401,42.3590450249187,15.0
11.85416666,29.2533055551622,1.6885426471311,1157.27790031719,74.2285195319427,2471.28618602266,121.108909355937,396.104684354155,1.53479403812943,9.28950607307428,5.19803952214467,0.654552125588815,5.13138901864626,4.54918975789846,0.123884958062623,0.0076250856592279,0.0041830951743857,13.7641337669179,42.3066528370945,15.0,3196.73463931423,105910.0,240,29.2375500429421,1.43726200389668,1156.24202076599,64.1697643803106,2471.77137048734,121.42048399501,396.58453706974,2.16857473663239,11.8623936513772,2.78421191937209,0.60930706140051,4.56927763841774,4.20682201291227,0.0399165728690632,0.0028776895034681,0.001557338141593,13.446966800919,42.4187315689069,15.0
11.86458333,29.2717784808668,1.70199207580286,1154.90250677154,74.7465156476886,2466.06481507932,120.82563356915,395.121073074903,1.53479403812943,9.29666341061345,5.38835950047374,0.660312466257168,5.16324764841467,4.54891263993751,0.128928200152561,0.0078721322866191,0.0043175158410964,13.773695447851,42.2073505748047,15.0,3190.40092103806,107180.0,240,29.2522571848403,1.44755171305443,1156.07782524625,64.6761894955735,2471.49458994437,121.386528123752,396.423864992876,2.12963903868982,11.859484649847,2.91104035243428,0.613438542630725,4.60016187337999,4.20745566816727,0.0424609496928743,0.0030331813846008,0.0016401105784493,13.4461931172191,42.4067673623613,15.0
11.875,29.2908811512591,1.71027255851965,1153.55925336919,75.2935545046636,2463.32084861789,120.659840725036,394.521574688412,1.53479403812943,9.27247368756526,5.58585306261756,0.66418280890191,5.19511116669452,4.54982596756998,0.134311899376636,0.0081444318734181,0.004468663791893,13.790052561922,42.1489304752305,15.0,3187.12800178532,102610.0,240,29.2691925452497,1.45591696128396,1154.91016570651,65.0571252381591,2469.09583266918,121.246735784898,395.898653187694,2.09782380505421,11.8894908312408,3.04121117611877,0.61656001329761,4.6233830147527,4.20291629799269,0.0450114799099778,0.003187030649284,0.0017215512171942,13.4486068705974,42.3576727611708,15.0
11.88541666,29.3105338683085,1.69716402627708,1153.95574035035,75.2622489149449,2464.78845359948,120.712699943277,394.623093206117,1.53479403812943,9.30896939962856,5.67160809520585,0.660938469654046,5.19445589038524,4.53943821329239,0.134420709312351,0.0081450032367993,0.0044647892456833,13.8049720761886,42.1669469021968,15.0,3188.63188718728,90490.0,240,29.2863739409407,1.45169556615431,1154.24283410952,64.8745890433959,2468.06579884451,121.187870344002,395.608530144954,2.10611734278131,12.0377809833583,3.0481768418556,0.615753489879989,4.61446446615791,4.18055005555021,0.044734865737569,0.0031562164785323,0.0017005250637181,13.4440678673579,42.3367894423353,15.0
11.89583333,29.3254087990297,1.74199850870481,1155.88473880042,76.305246930553,2469.56150807992,120.905642545393,395.250109190337,1.53479403812943,9.05833067830261,6.01151235016979,0.666830586005489,5.24992110746698,4.56434417995458,0.146516567261029,0.0087471635934571,0.004803880083805,13.8964823716225,42.2335947978574,15.0,3195.10563025836,122395.0,240,29.305897331614,1.46903665898625,1154.66819176153,65.6613648840768,2469.38897858628,121.214812496654,395.664348969031,2.03360287831156,11.8806813635729,3.31765220805672,0.618580463454648,4.65840123708268,4.19580756324496,0.051195927970502,0.0035707273678626,0.001928818659906,13.4805759340001,42.3455617167432,15.0
11.90625,29.3303308684702,1.76553644281278,1156.29292198718,77.7094249854254,2470.30947301982,120.890950206717,395.128133919841,1.53479403812943,8.92711168744307,6.33409062731056,0.686235246221925,5.33479164775106,4.57834362235933,0.162289679232805,0.0095945022781498,0.0053065584474691,13.8642294365147,42.2272026595589,15.0,3196.9185800839,112950.0,240,29.3186548299911,1.49704791179421,1155.7785329205,67.2030141676111,2472.06450961158,121.286281451421,395.872012761484,1.92440121484518,11.5851886544767,3.74242876461306,0.629557595564235,4.74617794765872,4.22896672007051,0.0619688574100141,0.0042325906398295,0.0022936252083445,13.4875089663545,42.3696051315626,15.0
11.91666666,29.3487428367351,1.77352688221696,1152.64919612823,78.3212852968935,2462.21787216831,120.452405456865,393.575806321174,1.53479403812943,8.95395768283406,6.4494597630386,0.689700526938431,5.37628242916487,4.57416123182526,0.16569712530887,0.0097526635555288,0.0053966961467762,13.8538197479227,42.0731482541284,15.0,3186.96728521921,108365.0,240,29.3311034830841,1.5092846390967,1154.94525714217,67.8607913891145,2470.39293056871,121.1646462469,395.368727603113,1.89222451315055,11.5683580587398,3.91766738039578,0.634599348589381,4.78860531233715,4.2280940795137,0.0663984923493619,0.0044894933303939,0.0024323363614351,13.4781996509311,42.3261979093893,15.0
11.92708333,29.3692394962103,1.78158547822144,1150.30646253051,78.891317124736,2457.36390052013,120.17432470377,392.558563536,1.53479403812943,8.94477398267595,6.51563782854179,0.688802772559978,5.40954435298599,4.57173600832547,0.166366172221949,0.0097679300029776,0.0054019239328306,13.8683265032377,41.9752986210533,15.0,3180.95240027715,105315.0,240,29.3477624864573,1.51763690548904,1152.74839051835,68.2069364229162,2465.80985928342,120.904657670859,394.394521255837,1.88580761494401,11.6201722595546,3.98495822333125,0.636639712301233,4.8117222667192,4.21840736575001,0.0678795222070406,0.0045677236479168,0.0024724569473543,13.4777556718932,42.2345442817092,15.0
11.9375,29.3885353431256,1.75078924048931,1150.89329819054,78.5172387974803,2459.48924621606,120.261558908272,392.714367280916,1.53479403812943,9.06174115436018,6.39406388721039,0.678678012984371,5.38917916286799,4.54904688183232,0.159932860864161,0.0094389288310919,0.0052077610473624,13.8546759285062,42.0051281491577,15.0,3182.91062815682,83415.0,240,29.3643277554047,1.50663546617216,1151.5382072281,67.6696965929292,2463.79111268614,120.796285790974,393.879970522913,1.92753179497329,11.861180355273,3.82078547463306,0.633037990863061,4.78306321795614,4.18198279577516,0.0626174796062533,0.0042427579097566,0.0022902811059566,13.4602671717294,42.1961235149816,15.0
11.94791666,29.4039050277023,1.78757770375608,1153.95834188761,79.1926951863733,2467.01078894895,120.600015958891,393.779225624449,1.53479403812943,8.86574460183543,6.51535316799018,0.674648979555889,5.42222005914586,4.56509886260214,0.162899104894254,0.0095753880880723,0.0052833460068118,13.9621252101612,42.1228629120932,15.0,3192.49794788877,120610.0,240,29.3836527354205,1.51552318219878,1152.0643806795,68.0386345518151,2465.5415857081,120.848978751305,393.970854407137,1.90898782496223,11.7927284239903,3.87919083510951,0.631423236455241,4.80294518704358,4.18366374831534,0.0649052582260978,0.0043793712836879,0.0023660192838578,13.497547969005,42.2137645958994,15.0
11.95833333,29.4049558937477,1.79995647993621,1156.62478970446,80.3250033035903,2472.89120571863,120.853786131501,394.500100625704,1.53479403812943,8.80117022288935,6.63308762446944,0.688134092780053,5.48899258876009,4.56989430985286,0.173505689745076,0.0101616757219134,0.0056430571097666,13.9062573745805,42.2103636547967,15.0,3200.55393685401,109155.0,240,29.3954144293968,1.53748584424221,1154.2888146597,69.3865529600818,2470.82818176555,121.052937825631,394.590487404745,1.84445096458819,11.5143143958549,4.13211328801286,0.638983692306645,4.87790996827189,4.2129736024633,0.0728842842792518,0.0048641409557386,0.0026386849687499,13.5019034453026,42.2840625761006,15.0
11.96875,29.4187591748631,1.81050830351647,1154.63299154715,80.7968798116383,2468.34303146164,120.602117290783,393.538152871705,1.53479403812943,8.8860692195249,6.60600947693947,0.689901707000274,5.521337927282,4.56010392055294,0.174045734828594,0.0101853273757631,0.0056587541326524,13.8777888352402,42.1216896984925,15.0,3195.02614701106,112945.0,240,29.4053003464838,1.54840294557888,1155.13621540983,70.031749504397,2472.87516628229,121.117280764076,394.688080301927,1.82467697027491,11.4850172463537,4.19587919602448,0.64257714486231,4.91809618289706,4.213801795995,0.0752770894228569,0.0050046779445999,0.0027178966190234,13.4910934273849,42.3056726885242,15.0
11.97916666,29.4348546151225,1.81368802702694,1152.2992212805,81.2150282069582,2463.18462942034,120.3182730653,392.477542969845,1.53479403812943,8.97368349531462,6.49378872677375,0.689774760730662,5.54739469538881,4.54938658397977,0.171398593101305,0.0100459652328037,0.0055790279586187,13.8491540077861,42.0219749015984,15.0,3188.6375023834,105370.0,240,29.4181019229929,1.55585050739023,1153.99759442859,70.3854783706863,2470.47514093969,120.967921032453,394.068444123093,1.82849174688601,11.5503667972153,4.15521145778592,0.644670573651443,4.94131703912122,4.20459892473497,0.074218379273019,0.0049418980436664,0.0026839545858014,13.4800937374636,42.2528376745375,15.0
11.98958333,29.4530984456861,1.798978837905,1152.20124573031,81.0262055414835,2463.3886522628,120.308500730357,392.317607828627,1.53479403812943,9.10315681983531,6.23997823880367,0.682662640979008,5.53761763070616,4.53020184266217,0.161931582626665,0.0095625441925415,0.0052968218516268,13.8355050270941,42.0183386443932,15.0,3188.44541305347,94475.0,240,29.4326278374169,1.55013058633199,1152.94743740128,70.0418336416521,2468.50234073622,120.856078332183,393.550115936698,1.87074900045993,11.7642248330336,3.92047342583765,0.642512609665732,4.9239798380485,4.17554922894281,0.0671697965309627,0.0045205895325814,0.0024506147480091,13.4647716205262,42.2134835660376,15.0
12.0,29.4707829887394,1.76877011559634,1154.05341754881,80.0071797649326,2468.4731539179,120.554118512376,393.0089568652,1.53479403812943,9.24996420080678,5.89583122402195,0.670455082307405,5.47941562971358,4.5049780922114,0.147629189448533,0.0088345466231894,0.0048742037870692,13.8400579743247,42.1042966883276,15.0,3193.65084247316,84950.0,240,29.4479264329631,1.53044460555518,1153.01668490736,69.0192775724158,2469.3391654905,120.899336012506,393.538021443399,1.94775274759107,12.06901606555,3.53845094379156,0.636129886357138,4.86673052413619,4.13252949685256,0.0567586071009653,0.003884483838956,0.0020991653103653,13.4523188193235,42.2286344003916,15.0
12.01041666,29.4852607020882,1.72427460242802,1157.2949547477,77.913027324176,2477.09193745223,120.99425778722,394.369016929993,1.53479403812943,9.35423080525322,5.57263744798377,0.654711866733849,5.36326461390472,4.48381146042474,0.133904278070656,0.0081284859295219,0.0044662990216596,13.8607526957072,42.2584873461385,15.0,3202.4412611906,84950.0,240,29.4631167797057,1.50122681473334,1154.34389261505,67.5861823315604,2473.21786632561,121.101020388047,394.078627925936,2.04056437301494,12.3232569046469,3.15135319036749,0.627052785055053,4.78582944291632,4.09413441099185,0.04757461494661,0.003314572364854,0.0017866888703603,13.4497858447445,42.2992772461072,15.0
12.02083333,29.4951827208105,1.66449212386439,1161.3039504572,75.14472635953,2487.49004788964,121.547074674762,396.107181926909,1.53479403812943,9.49696163155661,5.26682070644551,0.638822468747466,5.21108704007042,4.45936348468483,0.121218682131088,0.0074776217620536,0.0040952539782817,13.8517957669867,42.4521494202258,15.0,3213.0338480462,79820.0,240,29.4763085133343,1.46069485660275,1156.7767059147,65.6883569272677,2479.71588342434,121.44618795618,395.123289822285,2.14748750494332,12.5231782785962,2.80040073747652,0.615834595231357,4.67952343676544,4.06229245097344,0.0399885363764493,0.0028357276164721,0.0015251161973104,13.4436991669806,42.4201138066007,15.0
12.03125,29.5037579393382,1.60829466068559,1165.3798773742,72.4447326487515,2497.80372724162,122.1103060914,397.891416472611,1.53479403812943,9.67788569392936,4.9937073718039,0.623418047155836,5.06206298685712,4.43185318935921,0.109530633195292,0.0068571477615281,0.0037422367395134,13.8447897109705,42.649514387832,15.0,3223.70968066231,79030.0,240,29.4872650236387,1.41307006699762,1159.91560583073,63.496262634942,2487.75761806285,121.886012539552,396.501357605231,2.27219216610085,12.7187713921035,2.47838271662174,0.60284403011121,4.55697867480078,4.03179960118532,0.0336985539517867,0.0024327389640653,0.0013053728854888,13.4371567999726,42.5740025068938,15.0
12.04166666,29.5111992312121,1.56256585108843,1168.75214664367,70.2385722478292,2506.31202601523,122.585411349694,399.409372779836,1.53479403812943,9.84907573002376,4.79339596400769,0.611204734442161,4.93798041721285,4.40683061992469,0.101182319407647,0.006407245116939,0.0034877818914806,13.8379894238391,42.815976295482,15.0,3232.5851289988,78050.0,240,29.4967374149289,1.36759070464812,1163.31726083471,61.441703720519,2496.21031202271,122.356007839238,398.007273107005,2.39270408327772,12.8804568935612,2.22716004409312,0.590223866374549,4.44142925583371,4.0069305710892,0.0291921942159523,0.0021424105679014,0.0011477335116055,13.433076129772,42.7383710200607,15.0
12.05208333,29.5183072920048,1.52507150774859,1170.76671267895,68.4175901025078,2511.70171416281,122.90374363555,400.432803854556,1.53479403812943,10.0164133033385,4.65786656433701,0.601879069335785,4.83296597688469,4.38284748289495,0.0951063383188762,0.0060733795867356,0.0032985729274022,13.8296143929386,42.9275194586673,15.0,3237.86256291978,76235.0,240,29.5050419293336,1.32705023300448,1166.33053491306,59.6201578344841,2503.64999646949,122.781352707322,399.38782919964,2.50532449087212,13.0338544598784,2.0327653547086,0.57893708039844,4.33759173315466,3.98414451899399,0.025911329647325,0.0019286821424039,0.001031562832198,13.4285267672069,42.8870676124061,15.0
12.0625,29.5256953227231,1.49406712758728,1171.56748235004,66.8716848260645,2514.37059174361,123.084369214843,401.025830227717,1.53479403812943,10.1630800233891,4.60188272272501,0.594282557191327,4.7417332294088,4.36133365733843,0.0914583556496274,0.0058651818491723,0.0031777269213661,13.8271456015647,42.9907504540403,15.0,3239.93303161224,74945.0,240,29.5127551406371,1.29207000519293,1168.54100399328,58.0333566307066,2509.21963942567,123.115979404812,400.488004855323,2.60401488651919,13.1839304378095,1.89376103450814,0.569046441145606,4.24559279393658,3.96233233103707,0.023653620382023,0.0017811860629794,0.0009510789578014,13.4251540734352,43.0039748669979,15.0
12.07291666,29.5332108138005,1.46637812773888,1171.62947131054,65.5129190226822,2515.39883940856,123.182575397627,401.366911289764,1.53479403812943,10.2831552336042,4.6326666884171,0.58765470745702,4.66028608974605,4.34257468784213,0.0903492877105266,0.0057958405413881,0.0031323388409096,13.8288397356003,43.0249247982867,15.0,3240.08673092059,73235.0,240,29.5202431565146,1.26215131931463,1169.90459633603,56.6520471242274,2512.87354549196,123.356635117364,401.29228880536,2.67917340492503,13.330228234584,1.81242075358357,0.56040062356679,4.16414593595057,3.94098398316202,0.022327581084781,0.0016952584017989,0.000903570724289,13.4229917955122,43.0879226609255,15.0
12.08333333,29.5407980103163,1.43717405454572,1171.35445318281,64.1280011281763,2515.66680894774,123.248615124508,401.614657901972,1.53479403812943,10.3955469606062,4.69858973329667,0.579999930012221,4.5782204726992,4.32430261542901,0.0903967775316911,0.005796267877519,0.0031257187626961,13.8291737128236,43.0476424495501,15.0,3239.29513405107,71060.0,240,29.5276086836996,1.235050379609,1170.58973333958,55.3745147815657,2515.01392041122,123.526070150309,401.867673906366,2.73382687233756,13.4865173949209,1.77004300301167,0.5523056428826,4.08820084411808,3.91789554385594,0.0215944728823913,0.001648764812723,0.0008770601141536,13.4206555838645,43.1468313052772,15.0
12.09375,29.5482210797271,1.40824840861443,1170.99121221462,62.7062278402049,2515.63683483138,123.309011520604,401.861688974243,1.53479403812943,10.4915009398118,4.76410152223116,0.571255045965219,4.49523933325231,4.30858780876049,0.0909693975001849,0.0058305886854382,0.0031390024743276,13.8313447977354,43.0682726626548,15.0,3238.17993603279,71330.0,240,29.5349902343479,1.21023526849423,1170.83246511336,54.1795089167575,2516.13969477337,123.650188333078,402.302064042336,2.76709796696318,13.6337271139598,1.76248963704192,0.544445468873989,4.0172035582176,3.89565849102396,0.0213786654495752,0.001639753941109,0.0008710393651224,13.4201521260151,43.1897560613186,15.0
12.10416666,29.5548762446098,1.37906459339416,1170.5874897161,61.2884867680327,2515.35384980551,123.368561162204,402.117671555409,1.53479403812943,10.5926575063163,4.79677001612711,0.56277546751472,4.41302425091041,4.29358237519587,0.0910200560403904,0.0058447958980473,0.0031435707023412,13.8230363670822,43.0886010820193,15.0,3236.85349506696,70630.0,240,29.5421893298642,1.18715664461874,1170.80854826077,53.0534689743087,2516.59822816293,123.748397571119,402.660135774061,2.78543211701136,13.7685397733678,1.77037736246609,0.537015850674378,3.95053696779022,3.87518133768131,0.0213874335828545,0.0016451067636199,0.0008726594867503,13.4187652515106,43.2235239458689,15.0
12.11458333,29.561416054208,1.34645869353014,1170.14198769781,59.7521962193146,2514.80802234967,123.433509869725,402.381392202457,1.53479403812943,10.7690293721347,4.71402080376975,0.553752094591203,4.32487043437084,4.27004659294207,0.0875706621156839,0.0056695222651202,0.0030461673999388,13.7969979736431,43.110965923121,15.0,3235.22105569658,66320.0,240,29.5488867793273,1.16195916621369,1170.6168184648,51.8305626772425,2516.5774726639,123.836717719895,402.984803398943,2.83553945312973,13.9520323700488,1.71922188157571,0.529319263940181,3.87879597114794,3.84898952099252,0.0205763634645448,0.0015886654770216,0.0008403323290898,13.4113961215391,43.2538059666032,15.0
12.125,29.5686588440497,1.31249457684127,1169.80289819894,58.1330523456337,2514.32994127971,123.518286551266,402.705790067505,1.53479403812943,11.0009042876068,4.53067879688903,0.543967473453704,4.23295796309848,4.23938481982885,0.0811632042971993,0.0053165457080096,0.0028512489721777,13.7760151719737,43.1404283779263,15.0,3233.72279761574,63180.0,240,29.5553939696377,1.13378116797752,1170.34950356896,50.4792570738766,2516.24728107571,123.923247325275,403.309343309117,2.94206399975482,14.1883669398504,1.59323811129595,0.521009469777547,3.80014535312297,3.81670046801197,0.0187896771859652,0.0014636956972271,0.0007713337603586,13.403057554316,43.2834900580827,15.0
12.13541666,29.5759632854033,1.28003985457894,1169.68575513438,56.5581173758794,2514.15764050778,123.629337733277,403.128113179722,1.53479403812943,11.2395302417211,4.29375442819225,0.533867907106526,4.14398775720091,4.20768518689612,0.0739535255381883,0.0049124352715897,0.0026307252046315,13.7607079774025,43.17915185368,15.0,3232.75358683854,60945.0,240,29.5620105285495,1.10509541438212,1170.1080191858,49.117884719324,2515.80750374758,124.012020707047,403.663700773232,3.08541089241803,14.4250206674919,1.43705042050455,0.512491046570803,3.72117287410004,3.78506050302609,0.01668656515445,0.0013173742381797,0.0006917267680838,13.3969354295615,43.3140122258463,15.0
12.14583333,29.5827250729777,1.24911656870232,1169.75159659964,55.0556485357558,2514.22529962778,123.759711355476,403.631754242631,1.53479403812943,11.4688663396794,4.01154528173938,0.525049617622578,4.05927386294298,4.17722451679074,0.0663421632551774,0.004481745548967,0.0023990592870316,13.7481656835874,43.224693457472,15.0,3232.23652786406,59180.0,240,29.5686178230509,1.07726213057163,1169.95912282443,47.8098323488347,2515.40076779408,124.10642682289,404.06803774241,3.25402556093825,14.6329221862836,1.27275475713751,0.504326836943424,3.64537479287384,3.75778935145887,0.0145693975733726,0.001169223480467,0.000611866643339,13.3921687160669,43.3465759052494,15.0
12.15625,29.5887932819803,1.21887254928632,1169.88244427539,53.6055232711304,2514.29749742096,123.895592302627,404.173205815588,1.53479403812943,11.6879411490832,3.68472794360858,0.516580106473047,3.97758809351803,4.14851715463471,0.0583491001968922,0.0040240776751987,0.002155813457923,13.7348214103562,43.2722278508204,15.0,3231.84486820238,57405.0,240,29.5749875304893,1.05051182803401,1169.90867090459,46.5652884382658,2515.05336787664,124.20527391757,404.522763673969,3.44741209606155,14.8009922733354,1.10654572990978,0.496560162956458,3.57326977235685,3.73638203773898,0.0125087567786503,0.0010226298922286,0.0005333063528316,13.3878053098789,43.3807832748334,15.0
12.16666666,29.594162355352,1.19254963252691,1169.9623422143,52.3004327240144,2514.09507832985,124.017127283386,404.705969631907,1.53479403812943,11.8490381477101,3.36199436067848,0.50852165262739,3.9038567439028,4.12858969400032,0.0514295651349898,0.0036279448812283,0.0019494024412489,13.7297511007543,43.3147953972432,15.0,3231.29680918552,59255.0,240,29.5811349847882,1.02685587078777,1169.91861361478,45.4670784242034,2514.68530175425,124.299869082443,405.00885630231,3.63717920540412,14.8882104730293,0.969967396196356,0.489429388949484,3.50957673010785,3.72642991229333,0.0108646150797678,0.0009073455213373,0.0004723056739981,13.386673526489,43.4136171449557,15.0
12.17708333,29.598506751294,1.1669477126599,1169.82936218125,51.0747443975432,2513.29842472193,124.109958638476,405.169877001439,1.53479403812943,11.9924126694344,3.03214344701709,0.501814404985247,3.83389692100696,4.11282983705873,0.0446744943608149,0.0032400543580921,0.0017491041853192,13.7100190773695,43.3474031544381,15.0,3230.12232757131,57700.0,240,29.5867840534,1.00567077329117,1169.91745735047,44.4850361424921,2514.15717009913,124.384542311232,405.500045136358,3.82160611636453,14.9144186709417,0.847221632284446,0.483114737137231,3.45242342238941,3.72555340638781,0.0094224279803395,0.0008019961179052,0.0004165935128388,13.383688118876,43.4430982971853,15.0
12.1875,29.6026666509494,1.14281504736596,1169.35961446229,49.9000086783231,2511.64428410202,124.16047632445,405.52014654791,1.53479403812943,12.1207585477442,2.71132722964703,0.495256027567083,3.76636645636386,4.10071413743519,0.038636285429759,0.0028921134321069,0.0015715607645991,13.6924639816104,43.3652545202248,15.0,3227.96233847642,58645.0,240,29.5918901047518,0.9859124385507,1169.80375969777,43.5669802826325,2513.2620139782,124.448931489046,405.96005272798,4.01896710130506,14.8977435428388,0.734680909037154,0.477229110518281,3.39871324374365,3.73172735023342,0.008125708164578,0.0007068921534919,0.0003666807923523,13.3804364005065,43.4656105334803,15.0
12.19791666,29.6064025330636,1.12388020662754,1168.53911166335,48.9232226908157,2509.0857725448,124.159102107782,405.744270882266,1.53479403812943,12.1737881300899,2.45942567628733,0.48945839365335,3.70913546613001,4.1007897944889,0.0343974364641362,0.0026641402881411,0.0014614089763147,13.6796487035959,43.3650069045342,15.0,3224.86236509516,62250.0,240,29.5967383136484,0.970217334731971,1169.4795045642,42.8205625715682,2511.7847397849,124.480106271605,406.347038749254,4.16879479265959,14.8043223070503,0.662357805571206,0.472186441542733,3.35461099139643,3.74954978907716,0.007301454103879,0.0006500756368251,0.0003378401235183,13.3802451864939,43.4766254076424,15.0
12.20833333,29.6096518341285,1.10479745734892,1167.36564994735,47.9995215994427,2505.68752116326,124.115964913144,405.840673177929,1.53479403812943,12.2422904867314,2.22002960514319,0.4852119861802,3.65391954437459,4.10078511875397,0.0302424473791988,0.0024274926433544,0.0013427125105044,13.6470389001395,43.3502240046651,15.0,3220.76966610434,59970.0,240,29.6010543725342,0.95603572941306,1168.89431858604,42.138014041195,2509.64502747964,124.478644947254,406.644538871987,4.31203092507912,14.698262796824,0.592133697907013,0.467885753173425,3.31367663048286,3.77065644285974,0.0065111626278958,0.000590108554328,0.0003066996294138,13.3755397036324,43.4763143714268,15.0
12.21875,29.6136726280931,1.08851425932443,1165.81764151405,47.1532819454897,2501.40668248533,124.025894247348,405.802453089063,1.53479403812943,12.2914526875565,2.03244755761845,0.480822279805727,3.60285079830233,4.10427544435996,0.0272712071327778,0.0022712320833913,0.001268442463606,13.6269850275759,43.3190336228025,15.0,3215.64374017806,62760.0,240,29.6051504945939,0.942989581715144,1168.00273672988,41.4953396690811,2506.76047012021,124.439316914222,406.83491871844,4.45517702901885,14.5866003802207,0.535054446789474,0.463836066605009,3.27458827867315,3.79410625085295,0.0058722469835848,0.000544327420911,0.0002834782398322,13.3719841520702,43.4628459760065,15.0
12.22916666,29.6176713724179,1.07571647414496,1164.11454038122,46.4670943253208,2496.73055469455,123.910911275295,405.702714426907,1.53479403812943,12.3017547050434,1.91889801284575,0.477420075461279,3.56042095934034,4.11379083676129,0.0255058215800734,0.002185622772554,0.001229634168795,13.6057246927487,43.2791368792117,15.0,3210.15371398688,63775.0,240,29.6093219551423,0.93279393647051,1166.78924530326,40.9669710673979,2503.10876900852,124.361558854796,406.907814380745,4.54404068242384,14.458482379436,0.503883993684143,0.460468253597987,3.24173925996536,3.8209048163903,0.0055228979486355,0.0005213351134501,0.000272212643725,13.3695250595642,43.4359816804198,15.0
12.23958333,29.6218815309362,1.06425711003288,1162.43340202425,45.860815588126,2492.06629809542,123.796012851988,405.605248538135,1.53479403812943,12.3191349203348,1.8340650729611,0.474560983354676,3.52247787196607,4.12260576036992,0.0241658279584764,0.0021185822937452,0.0011980165299128,13.5824026929134,43.2392508311937,15.0,3204.75077094683,63745.0,240,29.6134768567388,0.923821832274668,1165.38307062189,40.4883202816904,2498.99510114361,124.263042341611,406.910029077954,4.6158364725598,14.3509802303372,0.479711868041385,0.457548228581488,3.21148085025622,3.84572292286355,0.0052525741089191,0.0005025933668998,0.0002627302693916,13.3656773579084,43.401861795226,15.0
12.25,29.6268334137187,1.05117849236665,1160.83038518102,45.2346804588047,2487.55175386262,123.691979986128,405.536152554526,1.53479403812943,12.3738796127681,1.73423403803176,0.471665487758313,3.4838729535997,4.1256983713005,0.0224788515342712,0.0020122433771064,0.0011408186613763,13.5590164122035,43.2031270477402,15.0,3199.53605931813,60150.0,240,29.6176826245477,0.913913799711066,1163.91378187759,39.9717222513845,2494.71597461289,124.159454643555,406.891155466871,4.71309203393904,14.2916473106198,0.445484163907082,0.45455267297123,3.17893287165748,3.86443746403708,0.0048732647280884,0.0004703845320745,0.0002452889526444,13.3601564333849,43.3659525560023,15.0
12.26041666,29.6327726913268,1.03950445930245,1159.63439551861,44.6566271041879,2483.86806100384,123.628385108594,405.614283121503,1.53479403812943,12.4096814697458,1.64947245229774,0.468308909025078,3.44898002338551,4.12992184177372,0.021167920296172,0.0019399461266265,0.0011042131079261,13.5510137698627,43.1810789640219,15.0,3195.43712311557,60230.0,240,29.62230585328,0.903805084498022,1162.49864329349,39.4473835362851,2490.51707916359,124.060814241163,406.89294495009,4.81717541217692,14.2536330347919,0.414924491406967,0.45135115957793,3.14614221313657,3.88015753635894,0.004534924077387,0.0004435869536668,0.0002311095820332,13.3571893043195,43.3317580989622,15.0
12.27083333,29.638607003701,1.02909728050093,1158.95270363547,44.1670574167038,2481.25078144503,123.616189826499,405.877222334811,1.53479403812943,12.4185041496568,1.58250378866955,0.465537150189021,3.41968686933455,4.13649575908931,0.0201012638093661,0.0018744828065462,0.0010692602715933,13.5457939984013,43.1769600758516,15.0,3192.78068605078,58340.0,240,29.6273537605026,0.894613246745396,1161.28710228578,38.9712755293622,2486.71650160823,123.982785588007,406.967570713814,4.89970705817266,14.2170809320587,0.391707935645224,0.448382471153721,3.11649203122441,3.89503849454813,0.0042781121645553,0.0004224673371739,0.0002197528390727,13.3555110867041,43.3047348012845,15.0
12.28125,29.6441527174541,1.02082404767936,1158.60477917233,43.7606238042585,2479.30885019073,123.635459537589,406.261514308707,1.53479403812943,12.3961700082068,1.53720980556621,0.462916724226713,3.39556994581593,4.14624718186408,0.0194413213106565,0.0018435292695433,0.0010546966126842,13.5466705028849,43.1838151914423,15.0,3191.06628165379,59050.0,240,29.6326105952615,0.886689417158376,1160.35302420457,38.5599072562863,2483.47631505403,123.933078375208,407.141561373163,4.96257595089205,14.1730778112269,0.376569557441638,0.445718509272738,3.09096250783632,3.91006183252496,0.0041101476050698,0.0004103022361134,0.0002134302423694,13.3551711498356,43.2875773919262,15.0
12.29166666,29.6489909880224,1.01388360959929,1158.35058880085,43.422252042514,2477.53347851202,123.661861046669,406.680954315913,1.53479403812943,12.3567467510622,1.50588564267484,0.460889416072151,3.37534207433263,4.15786599454978,0.0189661330191976,0.0018187762586008,0.0010422491158872,13.5452013482419,43.1931681967562,15.0,3189.63172718604,58460.0,240,29.637835913817,0.880319565038916,1159.65964108175,38.2264217333098,2480.72260335878,123.90831438658,407.4015172496,5.00093787319787,14.1185766835886,0.367489830933461,0.443534629960173,3.07024823089643,3.92560979093673,0.0040089718947867,0.000403204173879,0.0002096933843603,13.3549964892885,43.2791047348469,15.0
12.30208333,29.6533827922407,1.00816325345694,1157.99706093079,43.1257053406918,2475.51112696063,123.675583201045,407.066168599253,1.53479403812943,12.3127236231239,1.48049627530306,0.459103181750461,3.3573508139914,4.17000941737757,0.0186087013316332,0.0018050033842591,0.0010364424023695,13.5438162409018,43.1981052731,15.0,3187.93031272913,58890.0,240,29.6428207635588,0.875023572484057,1159.11324817442,37.9462771423858,2478.25976490165,123.898654285018,407.714827034768,5.0306988196829,14.0592421799586,0.3608366809968,0.441701896256999,3.05278946934186,3.94114236841883,0.003934766691275,0.0003987160440158,0.0002074411886239,13.3547772926997,43.2758932908227,15.0
12.3125,29.6573551352486,1.00451579512603,1157.44722180118,42.9028817738792,2473.03411388213,123.664924259617,407.379417128398,1.53479403812943,12.2566562606971,1.47112670930254,0.457799436560954,3.34317090146074,4.18397612473625,0.0185023490486129,0.0018100835992653,0.0010414545891282,13.5422295638553,43.1945515438727,15.0,3185.71733279181,59970.0,240,29.6475553886938,0.871331265695762,1158.59522910716,37.7382873159632,2475.83499929632,123.891065348417,408.037407260746,5.0406973287441,13.9900771619437,0.360027743808417,0.440321309981739,3.03954841697133,3.95752118029476,0.0039242768469826,0.0004006663072582,0.0002087793948563,13.3549879357975,43.2733996621891,15.0
12.32291666,29.6609042711443,1.00287590463865,1156.62931525092,42.751257175924,2469.95978053832,123.622819333485,407.592560515966,1.53479403812943,12.1953747527339,1.47795132275752,0.457052875453928,3.33253982117718,4.19911881243466,0.0186411939497989,0.001831603081743,0.001055489165758,13.5384722725628,43.1800428636362,15.0,3182.80183175869,61470.0,240,29.6519958708638,0.86941323140972,1158.00422357994,37.6068658239433,2473.23737234081,123.874892540516,408.331338881658,5.03006714942021,13.9134018386856,0.364940088957022,0.439472779341393,3.03063805555838,3.97465137120509,0.0039762152733122,0.000408490476549,0.0002133184244862,13.3551995029721,43.2679087503011,15.0
12.33333333,29.6642799323324,1.00140773042998,1155.47347406379,42.6113516579049,2466.15679573183,123.545198544481,407.680745429924,1.53479403812943,12.1560793057578,1.48337334462146,0.456709085570118,3.32213607474798,4.21181843303154,0.0187165672234268,0.0018402616501381,0.0010605912021077,13.529794769386,43.153142793196,15.0,3178.96553116585,61400.0,240,29.6560811672053,0.868294483943301,1157.25267500329,37.508181515886,2470.28953132275,123.841637904572,408.565522445403,5.01869957380447,13.8455205202203,0.368686280897391,0.438981589225744,3.02339238129916,3.99063783555446,0.0040159924869054,0.0004133592062187,0.0002159742434043,13.3542405566573,43.2564576541522,15.0
12.34375,29.6680798760614,0.999200312276876,1154.05327315604,42.4403968965437,2461.78956625071,123.441606625643,407.672331163438,1.53479403812943,12.1462514431763,1.48034091524216,0.456256332953784,3.30992348847591,4.22063826006389,0.0186435589314391,0.0018351598473073,0.0010571118474753,13.5211000232885,43.1171525713127,15.0,3174.38574499777,60810.0,240,29.6599526367511,0.86682613191502,1156.29190091697,37.3896810560423,2466.89273999758,123.786468546521,408.723774403977,5.02447980390021,13.7995432856481,0.367460550980292,0.438481623010364,3.01477030662888,4.00390845924567,0.0040018412228393,0.0004120838311086,0.0002151213917548,13.3525382528182,43.2373601557049,15.0
12.35416666,29.6722531375772,0.999059526032231,1152.55792450823,42.323425211738,2457.25104281129,123.327787172117,407.633219098447,1.53479403812943,12.1214983787316,1.50495591292194,0.455839212255076,3.3009133068281,4.23127237852747,0.019035875970714,0.0018720814238147,0.0010787605271882,13.5184919846984,43.0775612380215,15.0,3169.62822002989,63200.0,240,29.663948733776,0.866280448323544,1155.1195547327,37.3022766800845,2463.03908906285,123.708348817665,408.802545256656,5.01220968932724,13.7574546756713,0.374580059764336,0.43811701069932,3.00786861800588,4.01669800797378,0.0040774999574415,0.0004215786030564,0.0002204314463046,13.352407198362,43.2102427617133,15.0
12.36458333,29.6760207245023,1.00116191890844,1151.13987643892,42.3013015805792,2452.87815278107,123.220639286626,407.613911237171,1.53479403812943,12.0872912568398,1.55701359108361,0.456256565556468,3.29706970028068,4.24321863231518,0.0198152353302386,0.0019280458552744,0.0011094521493406,13.5130368206251,43.0402789083299,15.0,3165.14562017452,64810.0,240,29.6680372700282,0.867521644193463,1153.80564110617,37.28743211221,2458.88384694861,123.615811953217,408.824283464891,4.96512187396401,13.7153880074617,0.391903691731884,0.438265708031419,3.0051032211942,4.02932435199128,0.0042639904099347,0.0004406205683886,0.0002307131282046,13.3525201579078,43.1780625836253,15.0
12.375,29.6787750108122,1.01171000546823,1149.50069535067,42.5175113717059,2448.02225892582,123.080306379895,407.497037003674,1.53479403812943,11.9918361696536,1.69727879050581,0.458281004128056,3.30590920000189,4.26418474046039,0.0221826995624665,0.0021118631559815,0.0012150375337949,13.5101074972347,42.9914061737821,15.0,3160.20691140416,74515.0,240,29.672116948945,0.87379442395827,1152.32469406344,37.4767310780744,2454.37825388171,123.504861736544,408.771071408649,4.83020686302526,13.6438580148747,0.443883286573506,0.43961490511613,3.01397299334901,4.0456941080743,0.0048277551005403,0.0005000913454343,0.000263825741621,13.3550327580314,43.139418750364,15.0
12.38541666,29.6798855077633,1.02324052958283,1147.04183446358,42.7946551301981,2441.49627556257,122.854957966088,407.061580908245,1.53479403812943,11.947027353633,1.87377799397322,0.463888036246915,3.31675158090709,4.27972876065652,0.0248825650061594,0.002264430568063,0.0012912230438741,13.4873615370689,42.9128226143285,15.0,3153.12159498376,74515.0,240,29.6752923145615,0.883023625808384,1150.51820657274,37.7877070866313,2449.22128984461,123.362833672935,408.584106720799,4.65482095245247,13.5942295938468,0.50835136380287,0.442525705576177,3.02921080338791,4.05939840292657,0.0055314118099164,0.0005597031089837,0.0002950326818978,13.3530566667832,43.0898685556447,15.0
12.39583333,29.681549127718,1.04676935982501,1143.20998082915,43.2884322179678,2432.17141946616,122.475303161723,406.095701946153,1.53479403812943,11.8637275305974,2.23455460893625,0.473549983651175,3.33867290440062,4.30061730815829,0.0311771630853656,0.0026525523584016,0.0014943715204641,13.4815322742442,42.7801467144396,15.0,3142.5157382517,88040.0,240,29.6779744225123,0.897151487191484,1147.93365545441,38.2613431548449,2442.48650779338,123.139399341461,408.090276279339,4.39795516269471,13.5580780671105,0.635694717867707,0.447151096543441,3.0529456491318,4.07187649001288,0.0069308465636839,0.0006840406059997,0.0003614388841182,13.354111507901,43.0118190500797,15.0
12.40625,29.6807007929341,1.08732639125206,1137.85063485859,44.3290296549298,2419.7860317111,121.915292949583,404.491922609211,1.53479403812943,11.7183903250584,2.90475130638979,0.493354778809765,3.38938489353444,4.32931823245612,0.0439416698010638,0.003374613705608,0.0018576747654863,13.4731149527091,42.584074253363,15.0,3128.21773952759,98740.0,240,29.6796262802668,0.92203926449436,1143.94975698165,39.1224494412562,2432.93255581117,122.768386543037,407.037011697967,3.94550682723697,13.5274340552633,0.913070815559083,0.45629038838908,3.09731649064551,4.08357082640686,0.0100436482181728,0.0009368505708044,0.0004941724351095,13.3563999900455,42.882013266553,15.0
12.41666666,29.6828572122589,1.12795218505118,1132.49438673986,45.6362298894255,2407.55631948577,121.352840344821,402.786307917357,1.53479403812943,11.6406612484534,3.69308484455478,0.515209771365546,3.45724791170448,4.34671781578532,0.0600553703171592,0.0042498405044384,0.0022904097362697,13.4759706505305,42.3866478043058,15.0,3114.15954913615,96850.0,240,29.6804940094184,0.950591896485497,1139.0346886471,40.1250254363825,2421.60750830009,122.305420320889,405.578303531121,3.49956307572131,13.6173521650017,1.28494456916005,0.467744906458439,3.14913235534685,4.07835996185434,0.0143791373911339,0.0012524158689467,0.0006565663129699,13.3568351006985,42.7197580413426,15.0
12.42708333,29.6907681980556,1.17748688060469,1128.86314608764,47.2585442791467,2399.21861173532,120.971033457057,401.631288569351,1.53479403812943,11.4994916993444,4.61185273635465,0.538062567215256,3.54604799176501,4.36692939861759,0.0815658995331545,0.005396732614491,0.0028719631312132,13.5258489772324,42.2516999801855,15.0,3105.14574308153,102980.0,240,29.6841643541622,0.982806894881171,1134.25866419218,41.2786526125157,2410.78081301676,121.855542274128,404.092355213086,3.1071581860739,13.7531152436608,1.77763928302493,0.480099578068945,3.21081594535746,4.06476987017313,0.0205130386967794,0.001689390666558,0.0008838669453406,13.3677661136941,42.561733307351,15.0
12.4375,29.6978027044188,1.23655658990706,1127.94318814884,49.4019306529691,2396.87920060517,120.870526843379,401.370107391157,1.53479403812943,11.239662700064,5.68134601810758,0.565860766851852,3.66714871318195,4.39653189929493,0.110039973290272,0.0068892370112148,0.0036534057975684,13.6000168085088,42.2143079642923,15.0,3104.00944620436,107960.0,240,29.6902022877531,1.02294916461478,1130.8347807596,42.834255595249,2403.08487873827,121.536954146459,403.006173147644,2.7266635415827,13.7931425554253,2.48430993597258,0.495709961010722,3.29731665245432,4.0596952893607,0.0303147275589834,0.0023584665074294,0.0012351302831818,13.3888518108652,42.4491598063087,15.0
12.44791666,29.7034543936741,1.30595428133736,1127.50395115906,51.9839276600864,2395.62204363171,120.811196167292,401.179910329309,1.53479403812943,10.9243296631151,6.78738666119724,0.596966583134535,3.81521122479068,4.42889631769313,0.142508847958956,0.0085388352359193,0.0045467635798994,13.686043470174,42.190738520492,15.0,3104.46882560096,114455.0,240,29.6965722700597,1.07063467747098,1129.05859500966,44.8254237614724,2399.11410385608,121.375320355873,402.417993382028,2.40900075310156,13.6960966715029,3.38599531696732,0.514481264104496,3.41096407428456,4.06802563965927,0.0450900793414208,0.0033096562348546,0.0017359269289465,13.4167296634702,42.3908871196188,15.0
12.45833333,29.7094895090082,1.37167009112449,1126.12158447807,54.7986087019801,2392.24437398248,120.643968028788,400.540125329534,1.53479403812943,10.6534161006124,7.75684892840643,0.624844722928137,3.97840156979461,4.45337178483485,0.172548834494673,0.0100261790921442,0.0053794683689149,13.7623416641832,42.1292429559161,15.0,3102.35842760758,115340.0,240,29.7025605470535,1.12137206612013,1127.68630567677,47.0915127918897,2396.09090924247,121.23899970407,401.875855948144,2.18514570297043,13.5203927005254,4.34575026452861,0.534242874349652,3.54225595892888,4.08283996121247,0.0641963745513538,0.0044647525543062,0.0023453396649577,13.4437076744702,42.3408506572068,15.0
12.46875,29.7181766241288,1.42927045019437,1124.96878713695,57.6585415905543,2389.22120950965,120.504020996827,399.914624714821,1.53479403812943,10.4686840962936,8.45853365368824,0.642178544307099,4.14536014763859,4.46630857977249,0.195316381359341,0.0111231532490918,0.0060124456049696,13.8225303851465,42.0773467080621,15.0,3100.75839799265,115385.0,240,29.7095552081032,1.17086461981766,1126.32291572816,49.4144824748875,2393.04673377137,121.094728904339,401.25351530511,2.04503795892591,13.3565518892554,5.18216657798666,0.551155530043289,3.67836415811615,4.09372792421807,0.0843463204667377,0.0056185509864257,0.0029589533638525,13.4658777715865,42.2875396625086,15.0
12.47916666,29.727572757675,1.47906971291272,1124.93626489292,60.4750722225485,2388.47472775216,120.490626868687,399.663456516092,1.53479403812943,10.3695875225017,8.81668760147631,0.650537477061199,4.30984638668074,4.4689303851704,0.210135050306013,0.0118352283322002,0.0064403847462826,13.8554911698355,42.0698321583596,15.0,3102.08248530808,114525.0,240,29.7178607743945,1.2182725537045,1125.45032294485,51.725195195847,2390.96242240325,121.000052353451,400.751337927857,1.95603494363881,13.2339312002112,5.79071690682429,0.564658708184673,3.81445099050112,4.09829892104029,0.102076132138231,0.0065943521846154,0.0034873832975958,13.4804802986978,42.2513344525126,15.0
12.48958333,29.7382284188567,1.50528591584517,1125.85963523534,62.7864264187391,2389.81786452118,120.601038772005,399.790749922385,1.53479403812943,10.4160718846115,8.75488109742986,0.647582992270747,4.44498819578766,4.4539611211365,0.214493610690634,0.0120567378489718,0.0065875764218645,13.8513941892412,42.1058230658381,15.0,3105.72115345161,103810.0,240,29.7266964760031,1.25514583427788,1125.41713221373,53.6220449345754,2390.63379540225,121.013060407022,400.558123573829,1.91545426910139,13.2702561631612,6.00122299244416,0.572206462265186,3.92705697919945,4.08271893059993,0.110300503142838,0.0070426983899309,0.0037404888223619,13.4777114610301,42.2529912029413,15.0
12.5,29.7503094190571,1.52949413161405,1127.67772695839,64.6325637499584,2393.380960342,120.833235529563,400.328371073889,1.53479403812943,10.5184633629608,8.47163728688204,0.640121281097112,4.54980694491612,4.43145415526603,0.210230823135191,0.0118669913148789,0.0064961606925492,13.8574952122528,42.1847728729683,15.0,3111.77822289507,100025.0,240,29.7368650221636,1.28303983736848,1126.17329482304,55.0326256197239,2392.07180612535,121.132805437305,400.697909250225,1.90383691999044,13.4380533348379,5.87127587607478,0.575248631964607,4.01063535310541,4.05076406838582,0.108427953545023,0.0069406640354774,0.003697359601518,13.4735598698977,42.2924516056064,15.0
12.51041666,29.7586198163299,1.55774293281211,1130.36456241348,66.3819162682404,2399.04008006836,121.169782982631,401.227116015084,1.53479403812943,10.5954049254219,8.13340710411411,0.637275565679215,4.64601663697781,4.41146119637237,0.204234020831085,0.0116040864478343,0.0063658613400752,13.8679361717146,42.3004124726332,15.0,3120.36290266533,100025.0,240,29.7469130906228,1.3100121594055,1127.79467795215,56.385249299333,2395.49440727462,121.350699441663,401.183353319458,1.89704505614754,13.5785557036867,5.6199970632902,0.578875147670183,4.08842599588293,4.02238167362761,0.103155521335229,0.0066511863966893,0.0035531308128102,13.4748843044741,42.3666112598895,15.0
12.52083333,29.763827391021,1.57706077936772,1132.72511770332,67.7256520024913,2404.11987544525,121.48015222586,402.034638619151,1.53479403812943,10.7062948714492,7.71831518771038,0.635685833048166,4.71975150252533,4.38799704981933,0.196382524785403,0.0112571041421107,0.0061858133064052,13.8598451268469,42.4071358110799,15.0,3127.86942885537,96895.0,240,29.7547942263198,1.3333758498598,1129.92435958508,57.5881839212467,2400.14723805005,121.629599554388,401.884471247146,1.89909254192232,13.707350934692,5.28775090622759,0.582604702521941,4.15647453201077,3.99584727203448,0.0955323950593344,0.006232917819349,0.0033387967981418,13.4717530286108,42.4624498016428,15.0
12.53125,29.7688267193044,1.59083034727975,1134.17934976493,68.5848222808841,2407.33552109635,121.69961005752,402.544553689698,1.53479403812943,10.8457353512847,7.24421477457585,0.633415216861333,4.76681827950947,4.36281098107495,0.185369695976355,0.010748123145542,0.0059089118581088,13.8496317637524,42.4825584368501,15.0,3132.61981149467,96695.0,240,29.7611053420534,1.35122926395224,1131.88093258339,58.4923672099755,2404.52062031868,121.896022562986,402.552638950045,1.91467792172105,13.8466683469901,4.88669447933734,0.585240197254279,4.20751650415241,3.96915331857998,0.0857631057398437,0.0056842917355693,0.0030511867320496,13.4671019895874,42.5543284304386,15.0
12.54166666,29.7744644244552,1.58851718974131,1134.96239063011,68.7992044222013,2409.26469027798,121.860445281658,402.859775815969,1.53479403812943,11.0564980519931,6.70289357387172,0.6291657069564,4.77841707998765,4.32985321689641,0.169801986353274,0.0100061265648926,0.0054948191811716,13.8219737669066,42.538013929891,15.0,3135.21339026836,88005.0,240,29.766548324964,1.35816284019897,1133.30155706833,58.8464944313394,2407.8511996943,122.119126149356,403.074414691511,1.95925332309483,14.0628483311647,4.38950310973533,0.585605963742848,4.22770526270227,3.93394939987503,0.0729789973825504,0.0049414242399215,0.0026539569589448,13.4540116754715,42.6315348940186,15.0
12.55208333,29.7799762923513,1.60330056650687,1135.65271835621,69.1252150533496,2411.04052452153,122.00443502699,403.164160184919,1.53479403812943,11.1583711765017,6.25519468188292,0.626986630242839,4.79432328117103,4.31205711724714,0.156349872338401,0.0093327883308522,0.0051187699042383,13.8378558935592,42.588078923022,15.0,3137.68134904952,99695.0,240,29.7725809701395,1.36633609198338,1134.37020594348,59.2007129404509,2410.42895651743,122.295588938459,403.481701466132,2.00480489031323,14.1844006516691,3.9495302168183,0.585932466958518,4.24717569035706,3.91245866754937,0.06295454313845,0.0043407177676108,0.0023331953125739,13.4573251455401,42.6927521225056,15.0
12.5625,29.7803345729397,1.61423552518019,1135.545748408,69.5333928299146,2411.039527959,122.0488243058,403.141658909786,1.53479403812943,11.2442557219505,5.87178596539635,0.631153091456601,4.81534519072031,4.2990230042873,0.146688328197234,0.0088641260262684,0.0048654865413899,13.8119244438683,42.6034815218588,15.0,3137.93447545077,97880.0,240,29.7766336424397,1.37827086786392,1135.10449858011,59.7769435234595,2412.27566888056,122.419945931621,403.755939970629,2.0419411181396,14.1804130688359,3.61607121090566,0.589076211213376,4.27817630469446,3.90916602677627,0.0559247375038272,0.0039161530394822,0.0021096195699531,13.4552346058153,42.7360434427293,15.0
12.57291666,29.7841116872165,1.61155525791684,1133.84566307207,69.3470577970739,2407.69350413686,121.922030533896,402.550995741918,1.53479403812943,11.4039802579051,5.47290060106135,0.631401525556416,4.80541672088861,4.27861417032436,0.132981656157467,0.0081653059987073,0.0044761907350086,13.7821603458309,42.5595283718788,15.0,3133.43908474028,93405.0,240,29.7794926845646,1.38043138991281,1134.86676573617,59.8574171384627,2412.10057305441,122.446713934586,403.696937275283,2.11061188194685,14.2707659104687,3.24333390087911,0.590359785619361,4.28235430825175,3.89556635431257,0.0479010680056329,0.003408759468893,0.0018359618857817,13.4428594566844,42.7454990357344,15.0
12.58333333,29.7907645666615,1.60491147085127,1133.00186703927,68.9620264287003,2406.34366670442,121.890207711086,402.304981772586,1.53479403812943,11.5371481597915,5.10696596872798,0.628750667648304,4.78427384432529,4.26125232402633,0.118989259144226,0.007425690872723,0.0040621682160404,13.774098792456,42.5490282086796,15.0,3131.28883339856,90865.0,240,29.7837331671727,1.37491053427764,1134.01848269885,59.5521148968942,2410.6802299759,122.410747702677,403.440189127358,2.20636525164026,14.403838668245,2.86600751633572,0.589298488577427,4.26526625662323,3.87754674480033,0.0403145911441173,0.0029155252925886,0.0015681110384908,13.4346516915871,42.7332130153266,15.0
12.59375,29.7978283462296,1.58817601809609,1133.82567688928,68.3591888328201,2408.79380821557,122.048942225326,402.715217131983,1.53479403812943,11.6643595880796,4.75508222424476,0.623940577767938,4.75098332451418,4.2428378805013,0.104849173990557,0.006666348885304,0.0036394735480072,13.7690917921552,42.6052214209424,15.0,3133.76104103694,82870.0,240,29.7890672613271,1.36114252357061,1133.69192493004,58.9198415172467,2410.50108399334,122.438817329844,403.413723233073,2.33304154999079,14.5686192109288,2.4835741835117,0.586130282440606,4.2298294795724,3.85515164554051,0.0332284897447202,0.002441065974104,0.0013094331667749,13.4259642192347,42.7433942408374,15.0
12.60416666,29.8054206532711,1.5653408088991,1135.45032413113,67.4597146203836,2413.1784156519,122.306970724526,403.486849090981,1.53479403812943,11.7805754395652,4.40964404981874,0.615993943298376,4.70078811828134,4.22350168401457,0.0912033765622378,0.0059074847137261,0.0032173925038369,13.7780547179196,42.6961742443834,15.0,3138.43383634748,77725.0,240,29.79510495534,1.33928820923076,1134.14944757555,57.9680369870112,2412.14446281215,122.561187292561,403.727498721257,2.49874794758099,14.7533217353191,2.10033821672195,0.580521444397548,4.17637839173922,3.82909930634791,0.0268362241429302,0.0020061972015395,0.0010727327939478,13.4195342136453,42.7865417043266,15.0
12.61458333,29.8088008162733,1.57091396666041,1137.39470030923,67.3149361899216,2418.16622927308,122.573308800528,404.375727998523,1.53479403812943,11.6424114979483,4.29092242052555,0.612568836090608,4.68933091401097,4.23717248996288,0.0895978237747779,0.0058024407996383,0.0031598803308365,13.8337798992368,42.7896629129799,15.0,3144.46092411319,96295.0,240,29.8016077887637,1.33235212301091,1135.34777306935,57.705687304317,2415.3482358029,122.73504181809,404.301079645108,2.58020227896018,14.6542389416123,1.94888172121909,0.577328991934486,4.16028240854075,3.83965896814855,0.0246610169596485,0.0018840291336425,0.0010124463817059,13.4385229375444,42.8476952022994,15.0
12.625,29.8050777086207,1.5663187414217,1137.56455168217,67.2149986506259,2419.12274645079,122.631117444223,404.566884059921,1.53479403812943,11.5771897017674,4.19289949881099,0.614739446944595,4.68080515445844,4.24701621433441,0.0879420824238414,0.005745213174068,0.0031384153382819,13.793128104511,42.8103582888762,15.0,3145.43299243245,89900.0,240,29.8040992698858,1.33360284987319,1136.59334125482,57.8547509285179,2418.64551660368,122.900826533,404.879231387916,2.58614938019777,14.4426892741977,1.91167859646766,0.577789054077172,4.16631736762155,3.86579375693938,0.0241270333894976,0.001850791888533,0.0009969134262731,13.4376826051085,42.9060857487768,15.0
12.63541666,29.8077910635193,1.54859976385759,1135.06963553371,66.3857838916652,2414.2292320723,122.406485318899,403.803764623573,1.53479403812943,11.6863713466544,3.98429347300463,0.609763733707077,4.63382079845507,4.23732672721213,0.0800460615856865,0.0053037056090712,0.0028962083503618,13.7497190845251,42.7328046634807,15.0,3138.47077957772,85150.0,240,29.8050779377699,1.32275337966508,1136.4386060813,57.3833309017923,2418.90753767445,122.928031313037,404.973486905593,2.67110650811074,14.4253150479763,1.76326976070146,0.575247019435817,4.13869425951294,3.86900399036256,0.0218615861552441,0.0016853249389987,0.0009053387499432,13.4219344935448,42.9161280249951,15.0
12.64583333,29.8132671251441,1.53690877678767,1133.42761514066,65.6574833215775,2411.09715545494,122.269903049438,403.368096940672,1.53479403812943,11.7379721932811,3.83325596942009,0.604234128934919,4.59196371868447,4.23472466512755,0.0750008754989049,0.0050099171994423,0.0027341924546754,13.7394282390124,42.6859466042649,15.0,3133.87965038366,88345.0,240,29.8079703694167,1.31073582836243,1135.22060947147,56.7869301529371,2416.75767929123,122.833334966355,404.685235309274,2.76703079832201,14.4227297855568,1.63370202398155,0.571634070716534,4.10401037248299,3.87226991083086,0.0199731316091819,0.0015571869729157,0.0008360882104266,13.4173606705406,42.8836561158457,15.0
12.65625,29.818292461654,1.51163710143233,1133.71134490622,64.7352371319151,2412.18588488414,122.355730628117,403.665022005762,1.53479403812943,11.8461036308966,3.65323742825611,0.598687385903449,4.54069012731012,4.22317215115569,0.0678213524948773,0.004598804994969,0.0025085794347973,13.7094734333394,42.7167811695679,15.0,3134.52750054429,76320.0,240,29.81166630997,1.29234005477026,1134.39332444858,55.9427266195257,2415.42053223791,122.788371680125,404.567387446246,2.89395349728096,14.4869393228129,1.47276117342334,0.567141912681017,4.05569092212393,3.86697945240619,0.017658322321657,0.0013837726713976,0.0007397254907718,13.4057924148725,42.8685517122047,15.0
12.66666666,29.8255776219141,1.48357705204035,1134.88576913256,63.5475775327478,2415.31150057175,122.552782154352,404.347835008831,1.53479403812943,11.959015509995,3.45975589041662,0.589738599031874,4.47545695518211,4.20765392389854,0.0610422771991876,0.0041876253595093,0.0022801954213977,13.7138084308075,42.7863423440132,15.0,3137.57385505819,74128.79385608652,240,29.8163827423836,1.26603641914951,1134.34920820346,54.7682926979577,2415.78738657176,122.838946650926,404.781074174141,3.0811024100473,14.6113621828667,1.28068744901754,0.560246634192692,3.98951773502902,3.85290864318415,0.0150596803548069,0.0011973926153982,0.0006376253219804,13.3990141864453,42.8867553302601,15.0
12.67708333,29.8305561306426,1.46763454600553,1136.57410229391,62.748009314596,2419.54392462617,122.795625098364,405.242896301048,1.53479403812943,11.9191425651946,3.39923159538142,0.583501081949685,4.43002275747858,4.21040578070551,0.0594799135428539,0.0040940205814003,0.0022290822497774,13.7418714929627,42.8716217185483,15.0,3142.33213451448,79230.0,240,29.8219475635892,1.24661428251404,1135.00675330876,53.9109932502098,2417.61149128136,122.956282438836,405.263123712335,3.19052221749468,14.6085683515344,1.19956882386576,0.554256793315792,3.94080364389815,3.85430549457222,0.0139896847609334,0.0011314302737593,0.0006032178838954,13.4052660866666,42.9282194189055,15.0
12.6875,29.8314451285534,1.45472127733743,1137.79529498615,62.1434124840996,2422.7610694297,122.980664943979,405.967284357116,1.53479403812943,11.844799866273,3.40605226879996,0.581142268930457,4.39425712395415,4.21873575511987,0.0595933936516381,0.0041076823009844,0.0022371565742781,13.7457722756193,42.9366261974736,15.0,3145.93826429889,79095.0,240,29.8262211687856,1.23389074957111,1136.08304364717,53.3653998836848,2420.33322846693,123.11641963232,405.907474835928,3.21357263958741,14.5260790916779,1.19092364950746,0.550315070403184,3.90899671658178,3.86496715067663,0.0138556113038491,0.0011270634917737,0.000601343118915,13.4090609440901,42.9845621684144,15.0
12.69791666,29.8317839003506,1.44186635342384,1137.65704518413,61.4812886199263,2423.02031308652,123.014813104246,406.191763268,1.53479403812943,11.7982670262602,3.43684157585745,0.579121339473872,4.35530281745891,4.22509116735267,0.0601691898771874,0.0041443263657657,0.0022560257941275,13.7440650727282,42.9489100587075,15.0,3145.73559999115,80345.0,240,29.8287208228437,1.22295082171215,1136.89442040468,52.8842349166319,2422.50325103897,123.250592809006,406.465450526816,3.21554765104308,14.4489065410501,1.2003105321384,0.547132966758475,3.88059237406292,3.87481182966495,0.0139540162755086,0.0011377097316165,0.0006070182890232,13.4096236359722,43.031785032002,15.0
12.70833333,29.832954314617,1.42612837158207,1136.67172852385,60.7356644360807,2421.39935473948,122.957067697786,406.104960074435,1.53479403812943,11.7904155689746,3.46568023845686,0.575989207776803,4.31212618892423,4.22761772773525,0.0603577790132678,0.0041595504168966,0.0022626144622137,13.7342032661227,42.9290906935712,15.0,3143.0983996239,78595.0,240,29.8303714510434,1.21163908114263,1137.00550665554,52.3584908865569,2423.16382861998,123.311920881496,406.774448667227,3.21651346417468,14.4079406999916,1.20946989932733,0.54388925970915,3.84966285831313,3.88044513268047,0.0140414290483444,0.001144133154358,0.0006096920024183,13.4074865616868,43.0535235480258,15.0
12.71875,29.8357607996751,1.40785042083156,1135.79044132712,59.9077984205629,2419.91569069284,122.915033559567,406.064679901438,1.53479403812943,11.8199711652964,3.45377820468532,0.570740468597968,4.26524628938357,4.22556847027867,0.0594665143404727,0.0041114052777545,0.0022351847743605,13.7242766438519,42.91475876547,15.0,3140.63130200024,77090.0,240,29.8322013547909,1.19814530974872,1136.61975522438,51.7161126791076,2422.71947161783,123.323339342073,406.911123332375,3.24195157651731,14.4169263960756,1.19713527065506,0.539850837138558,3.81243831979061,3.88015411267396,0.0138549062318643,0.0011302733600122,0.000601207299791,13.4039917823767,43.0577915801489,15.0
12.72916666,29.8392919433187,1.39009897692516,1135.31322341749,59.0932935517262,2419.18723494644,122.920017416912,406.185733903693,1.53479403812943,11.8606000618456,3.4013046796267,0.564576301890957,4.21944346999485,4.22212115444287,0.0577964238905467,0.0040200086477491,0.0021860347951876,13.7148568043062,42.9168590326253,15.0,3139.21227170166,76330.0,240,29.834675883938,1.18390435296064,1136.11290659726,51.0360858243053,2421.93846121973,123.322962282783,407.012129221674,3.28366015762484,14.4454405340353,1.16973911445583,0.535326646150715,3.77333254005755,3.87775805675331,0.0134844809209549,0.0011043309258648,0.0005865718991129,13.4011046233378,43.0579168973552,15.0
12.73958333,29.842444194776,1.37545357528835,1135.117055206,58.3798039341322,2418.94995581875,122.955112652133,406.419265228238,1.53479403812943,11.889617565507,3.33724219709308,0.559554070321353,4.17904011615811,4.22042752021957,0.0561654897904367,0.0039320976527538,0.002140201626975,13.7069559928964,42.9294862230658,15.0,3138.56300929674,77295.0,240,29.8375778202407,1.17105747803276,1135.69805508298,50.4217694226472,2421.25560409545,123.330809715287,407.152973452585,3.32524258604588,14.4605683247395,1.14253642512979,0.531144699121876,3.73796241164586,3.87750380233503,0.0131265356425221,0.0010813442082625,0.0005741032985612,13.3996059774142,43.0609176334854,15.0
12.75,29.8446847889172,1.36353795480449,1134.90806869165,57.7854358005715,2418.59852047025,122.987202705514,406.649108307457,1.53479403812943,11.9160280328045,3.27977248864438,0.556096836164942,4.14475984677375,4.2195998956929,0.0547353463592041,0.0038554002203897,0.0021005697053702,13.6952536104722,42.9410707270487,15.0,3137.90205502687,77640.0,240,29.8403720927723,1.16024367293918,1135.38804816396,49.905263428814,2420.70493967167,123.347981464047,407.336426109963,3.35950393051776,14.4591845456721,1.11974005483783,0.527711632500249,3.70795747027449,3.87982632829875,0.0128291649258263,0.0010621552983785,0.0005637669118855,13.3978099185889,43.0671911153184,15.0
12.76041666,29.8466279105745,1.35473882994729,1134.46189650981,57.3248062207522,2417.68288849982,122.99132025826,406.784654666904,1.53479403812943,11.9501104608133,3.24076760884445,0.554094558106115,4.11729898354907,4.21795805498674,0.0536565272175672,0.0037944062830494,0.002068099331871,13.6841679270541,42.9428625200328,15.0,3136.64132150668,77655.0,240,29.842819251277,1.15102451334907,1135.06819768345,49.4633297309058,2420.06167946013,123.363101201365,407.518363696043,3.3926184790723,14.4588739009274,1.09829523651666,0.524945378495807,3.68188807015649,3.88240688975384,0.0125518033035362,0.0010434603711067,0.000553540511603,13.3954355919648,43.0727587638176,15.0
12.77083333,29.8487224382255,1.34921844320313,1133.83078419562,57.0077562730846,2416.3576850619,122.97249167764,406.841705270368,1.53479403812943,11.9812628544204,3.23729298218569,0.553216560968417,4.09739935430729,4.21627704062974,0.053351120362153,0.003774722566116,0.0020563738451673,13.6784186699095,42.9365686789377,15.0,3134.96024336816,77620.0,240,29.8450674326465,1.14376673351313,1134.63716783638,49.1070976946407,2419.13573895438,123.365149453403,407.656710931813,3.41754738108376,14.4654699474429,1.08592062021249,0.522832619360332,3.66030625935963,3.88421378809105,0.0123869407364656,0.0010327522488327,0.0005474954433257,13.3937950980617,43.0737500729514,15.0
12.78125,29.8491674825842,1.36192453536193,1133.04707858555,57.2485127743892,2414.62652129865,122.915014924323,406.803371281634,1.53479403812943,11.8805762580921,3.40536966384958,0.556023291026222,4.10722253072277,4.23226221839933,0.0585396779268697,0.0040825813717025,0.002223061515286,13.6936291172345,42.9165449518579,15.0,3133.16778286231,90310.0,240,29.8471520079741,1.1480135000149,1134.05156868377,49.2287143389779,2417.8225190911,123.337149933325,407.705542164449,3.32936811076137,14.3746879110421,1.18305746674567,0.523255277708676,3.66492057352316,3.89883170298329,0.0135899386159994,0.001137137455739,0.0006058083064858,13.4024626751912,43.0642275268117,15.0
12.79166666,29.8467890151802,1.37282699582931,1131.30788343338,57.6450361718631,2410.74615971708,122.74430506605,406.359231852907,1.53479403812943,11.8251425895337,3.62707618491857,0.562100889464214,4.12604475787415,4.24461207598355,0.0644617240036805,0.0044341107631564,0.002411279198565,13.6657390068935,42.8569004395914,15.0,3128.74463751065,88540.0,240,29.8473854056128,1.15930059687426,1133.12420901359,49.6637476072394,2415.75983217758,123.267669527503,407.590263998511,3.17176948702535,14.2813886930838,1.33281892822975,0.52646565350096,3.68672685612482,3.91406148445589,0.0154792696083599,0.0012754680356914,0.0006805527157912,13.4016837435255,43.0401479561494,15.0
12.80208333,29.8487170096928,1.37581786061048,1128.26871104961,57.6847170761219,2404.03645825715,122.441389903764,405.432174030393,1.53479403812943,11.8754562703455,3.7625279903455,0.5641524711201,4.12691504708622,4.24368942328645,0.0677277616012506,0.0046228450090397,0.0025101204733958,13.6420264116434,42.7511075893749,15.0,3120.46091842981,87200.0,240,29.847449468033,1.16566552478581,1131.40153322162,49.8588601249093,2411.97982485533,123.119153782018,407.168939694154,3.08580731668076,14.3115547050876,1.42641504791184,0.528511152851391,3.69585735194399,3.91389400413908,0.016678362859708,0.0013571040839857,0.0007231952114701,13.3949516159477,42.9883910051352,15.0
12.8125,29.8529702469021,1.37825502631747,1126.12798845682,57.6367866418075,2399.28481542997,122.242574027514,404.844562298448,1.53479403812943,11.9125061195852,3.82661944914939,0.565132107266831,4.12419555566767,4.24364326484676,0.0696321610141186,0.0047375382165263,0.0025721539086598,13.6355232541183,42.6817151772861,15.0,3114.61383152389,88505.0,240,29.8492491380719,1.16977306981875,1129.17402756805,49.9267062288745,2407.08693633927,122.916774671154,406.552696094351,3.03223163337157,14.3773481057119,1.49370385132997,0.529692680835754,3.69854302964647,3.90952439417414,0.0175528771466189,0.001419419387371,0.000756275205964,13.3927984407184,42.9177902441956,15.0
12.82291666,29.8580767128597,1.36611961877576,1125.73456839884,57.2790326278531,2398.45405205757,122.255392637655,404.930215471828,1.53479403812943,12.0140026556254,3.76633997365733,0.564297983396824,4.10608354834746,4.23307853937558,0.0666280388334872,0.0045661016047608,0.0024774869462484,13.627073029611,42.6864195005875,15.0,3113.50476052075,78280.0,240,29.8522420324247,1.16513897141769,1127.55839960877,49.6608423354349,2403.55969987573,122.793858099592,406.18222897915,3.05898329721944,14.5168955607091,1.45689665835742,0.529209302360152,3.68355838980705,3.89482072786182,0.0170286028552638,0.0013679041656551,0.0007256785946083,13.3868750055923,42.8749333241222,15.0
12.83333333,29.8644826859661,1.36143662731349,1126.4322508356,57.0149313830549,2400.06328369844,122.391739134223,405.444787645276,1.53479403812943,12.0455293935281,3.73074059691087,0.561010136755547,4.09279853052109,4.22875742304272,0.0655253042453033,0.0044881021685444,0.0024323663207816,13.654882325669,42.7341546660616,15.0,3115.56086052199,83380.0,240,29.8567527321404,1.15787249063651,1126.85352536338,49.3027806259901,2402.03434749185,122.773360436518,406.165158642527,3.11681669495044,14.6311062600169,1.40586332990735,0.527127986143402,3.66402073767067,3.88231850096682,0.0163611875944981,0.0013239128223258,0.0007018037158072,13.3902612312693,42.8678496369731,15.0
12.84375,29.8654693389418,1.37741269878049,1127.37782735242,57.4731875747825,2402.15771837868,122.531964111241,406.013440957208,1.53479403812943,11.9109582786844,3.87148276469447,0.565314112245765,4.11689730881406,4.2458458103322,0.0707541559929104,0.0047890015779525,0.0025965707200988,13.6820003213619,42.7830006235372,15.0,3118.7528542484,93230.0,240,29.861184524533,1.16377513508739,1126.9376191032,49.5338757088613,2402.20438368228,122.822061027767,406.413291342445,3.04613809661639,14.5552370920653,1.50085935609329,0.528299549968628,3.67685880021301,3.89358050537992,0.017626151427339,0.0014306506948749,0.0007620555404245,13.4026746511232,42.8849402810466,15.0
12.85416666,29.8635176920914,1.38865713822192,1126.66654860959,57.9781027972288,2400.64196017893,122.485272800522,405.9193645064,1.53479403812943,11.8617968725242,4.02707568214396,0.573113890960708,4.14345915491645,4.25346347264092,0.0750583427684551,0.0050385357663365,0.0027310033795581,13.6704335958698,42.7665546178045,15.0,3117.34335263286,88630.0,240,29.8626508572939,1.17352672571137,1127.05357929001,49.9646444718287,2402.48962497778,122.874293187209,406.652382997705,2.94878495339421,14.4813079432154,1.61276594695195,0.531898281125828,3.70031471463177,3.90393597170496,0.0191186783463331,0.0015328632072189,0.0008169024226463,13.4028321940954,42.9032204099578,15.0
12.86458333,29.8658626481829,1.39869546647009,1124.63829988226,58.3301322110107,2396.31659854791,122.296064835782,405.322547668595,1.53479403812943,11.8663456803534,4.18682477449124,0.577465085984922,4.16201406411286,4.25371684642853,0.0789758652400781,0.0052437757346021,0.0028363741369417,13.6775705373765,42.700257139047,15.0,3112.20292521346,89445.0,240,29.8636374159137,1.18070643393081,1126.29469244842,50.2486964664378,2400.92645369388,122.835547998752,406.554801767383,2.89307677988996,14.4952933612079,1.6934411825098,0.534559661874619,3.71562685151956,3.90279153215527,0.0202138156413159,0.0016065492310846,0.0008554023270915,13.4025369151454,42.8896557083972,15.0
12.875,29.8696639999509,1.4045650838176,1123.55741289824,58.634480558425,2394.12824076714,122.215541638955,405.0748356745,1.53479403812943,11.8658783768971,4.35803200100991,0.580371147782521,4.17875178324527,4.25296439539563,0.0830711716709616,0.0054652102627542,0.0029515470218386,13.6899323278156,42.6717799755343,15.0,3109.7117186346,86555.0,240,29.8657380324122,1.18677331298905,1125.11090518586,50.4715884386968,2398.49266430659,122.752420110756,406.287400563606,2.84112403462832,14.5455564328632,1.77738627993357,0.536642097552857,3.72759952114801,3.89629563012607,0.0213477662657796,0.0016811816053529,0.0008941480550924,13.4041429749982,42.860491702153,15.0
12.88541666,29.8750282551837,1.39665939005934,1123.73083166409,58.5327256698099,2394.82310450553,122.294189733437,405.333479630068,1.53479403812943,11.9238212460684,4.44812761742392,0.578685193848919,4.1745954980745,4.24234276615196,0.0838561798904061,0.0055029758721798,0.002966218712212,13.7008870008645,42.6988870999322,15.0,3110.55991372715,78865.0,240,29.8689191678262,1.18476321845544,1124.37893095453,50.3673228363275,2397.12841520887,122.734055264173,406.207475507562,2.83801940216703,14.6839988579895,1.78865831010661,0.536310113465757,3.72201028155179,3.87685681268199,0.0214441683805023,0.0016765419028198,0.0008887276488426,13.4020986045741,42.8538279086741,15.0
12.89583333,29.8781945812667,1.41824796807704,1124.61071603934,59.0029825795416,2397.04977052242,122.431696988567,405.849460189913,1.53479403812943,11.7513265485296,4.73917710017939,0.582219676125566,4.2005065365239,4.26023702231228,0.0940634547330426,0.0060394055406148,0.0032529064020202,13.7632522484741,42.746149720911,15.0,3113.76808203051,99150.0,240,29.8733448997908,1.1935919255933,1124.2983432788,50.7059804782004,2397.19869527182,122.771083929849,406.347382315109,2.74395308943731,14.6349897307911,1.9726028598511,0.537942826121376,3.74128537595775,3.88069508879663,0.0241425447144174,0.0018865305287193,0.0010046989007815,13.4222297033345,42.8664027903658,15.0
12.90625,29.8741327124477,1.43368459120031,1124.17310783809,59.7759127476973,2396.32357070095,122.411020494955,405.803523889193,1.53479403812943,11.6203903330309,5.03847058402603,0.593816779964005,4.24284991990917,4.27525756336656,0.105003828784151,0.0066664487540073,0.0036016492440091,13.7513537532566,42.738026385243,15.0,3113.4188715421,93155.0,240,29.8745362308157,1.21045284085327,1124.46121603596,51.4580676123119,2397.84119111447,122.826216727992,406.544952350501,2.58248345344744,14.489056354991,2.25865824599047,0.543940262958597,3.78325483926843,3.89658793730675,0.0284545957514014,0.0021814777267347,0.0011645696895452,13.4279741353232,42.8851887479023,15.0
12.91666666,29.8765296782608,1.43986521546748,1121.24680946733,60.1074171583654,2390.20121222542,122.128045388473,404.827428008851,1.53479403812943,11.6504949511461,5.14906633707148,0.596345330393895,4.26150083165774,4.27067807277139,0.107973820792551,0.0068274746334149,0.003688991867259,13.7439903298697,42.6386339275012,15.0,3105.86215963195,90255.0,240,29.8747806802459,1.21878612400588,1123.52182019295,51.8060116166108,2396.11810382026,122.774672055334,406.333997791479,2.52033075764078,14.5150746151431,2.38618160301617,0.546880876264143,3.80313304015417,3.89075626380486,0.0304240829336275,0.0023033758959568,0.0012277715485828,13.4227376291486,42.8666709123181,15.0
12.92708333,29.8818310784017,1.44498268165111,1119.5918298872,60.4048376401529,2386.87853476542,121.992819357936,404.331058400154,1.53479403812943,11.6855033960665,5.19502200364293,0.595938676879718,4.27820322634623,4.26399698422305,0.10875266585538,0.0068632161886621,0.0037066858337767,13.7528082005473,42.5909558659335,15.0,3101.84252693759,88325.0,240,29.8771154464105,1.22399802272825,1121.80000887769,51.9810076121707,2392.7041907115,122.640334565964,405.829169511393,2.50108323863637,14.5970375128975,2.43424182230803,0.548062704378395,3.81313291551012,3.87786580307968,0.0311509664978998,0.0023445153865391,0.0012480382342041,13.4221446230879,42.8192630879813,15.0
12.9375,29.8881769410149,1.43064832284737,1120.28590467533,60.2648923044658,2388.77902493687,122.143891341811,404.754247395905,1.53479403812943,11.8310912512096,5.08493762968526,0.590053845574406,4.27208650379874,4.24044723004301,0.103056072877961,0.006565334310843,0.0035421531890778,13.744541278485,42.643438320425,15.0,3104.15354923111,74400.0,240,29.8808293631638,1.21808350159784,1120.8742445509,51.7178650284883,2391.06971019765,122.614393301016,405.653928898231,2.55074107613542,14.8130382851514,2.31755482175122,0.546036127679909,3.79897787366832,3.84636576956828,0.0291561052323522,0.0021917603959332,0.0011619746875562,13.4127809274895,42.8097466806032,15.0
12.94791666,29.8929645403181,1.45202479854782,1122.30241100981,60.7732278971607,2393.48185347999,122.421590778506,405.675698962011,1.53479403812943,11.7226897464967,5.16269525789427,0.588439253232302,4.29983018456304,4.24801736633781,0.107343006399678,0.0067549995619451,0.0036423130392595,13.8154121995996,42.7398759601829,15.0,3110.54599356575,98085.0,240,29.8862811515209,1.22346364414319,1121.11928102151,51.9432183444018,2391.93009923823,122.696797351937,405.894769544107,2.54125532755927,14.8186138481325,2.35137591738874,0.545652697420808,3.81192433533605,3.84134586040131,0.0299165375396903,0.0022656924640729,0.0012059109605326,13.4332724311558,42.8380650001295,15.0
12.95833333,29.8881670366876,1.46649595222636,1123.11473529923,61.6317783275603,2395.42050848321,122.55166204555,406.081994510717,1.53479403812943,11.6460289200955,5.26906892701802,0.597303174064467,4.34592600622777,4.25481818917453,0.113999399433133,0.00715422217917,0.0038746574325051,13.7886863318967,42.7845476209311,15.0,3113.6889197154,90805.0,240,29.888259524556,1.2399273196417,1122.12095313362,52.7513139463409,2394.41030879713,122.845667785777,406.38203106413,2.45207669601403,14.6625026671966,2.51635906123005,0.550643661783937,3.85657928489609,3.85718752910239,0.0326987564352378,0.0024562162329897,0.0013119875937484,13.437782017083,42.8896136495548,15.0
12.96875,29.8887125470634,1.47802563713968,1120.54418474713,62.0668650569728,2389.94270701249,122.311234051451,405.217358113069,1.53479403812943,11.7147314684333,5.24363088366191,0.599462284623314,4.36903279933587,4.24590407971659,0.114066746564823,0.0071575041792504,0.0038792223285611,13.7685526901444,42.7001799623626,15.0,3107.08689670761,93230.0,240,29.8882267191991,1.25064580339055,1121.9822275131,53.247186541464,2394.38717885546,122.878527352342,406.443292843497,2.42303697079367,14.6511381638045,2.55900024973712,0.553735447063356,3.88409273474638,3.85576426378744,0.0335199260877042,0.0025075654460024,0.0013401093377348,13.4315417314753,42.9006639568556,15.0
12.97916666,29.89160542109,1.48355537151309,1118.51099113718,62.4022978776292,2385.60082079842,122.13142613817,404.543171150921,1.53479403812943,11.8178050816948,5.13485691076591,0.599800179965214,4.38712664954728,4.23303963997007,0.1109884230555,0.0070030697573635,0.0037982618468701,13.7465504955785,42.6372086376811,15.0,3101.869436805,88415.0,240,29.8891671376594,1.25833451666663,1120.56941229669,53.5599553802,2391.55203129868,122.771242750367,406.021760794215,2.42729547011052,14.7113341228703,2.52474326763184,0.555747017838158,3.90110331029603,3.84659081596685,0.0329581791067101,0.0024627469013385,0.0013156105602574,13.4246291779936,42.8628713960326,15.0
12.98958333,29.8971458464274,1.47773525818439,1118.81332899928,62.3840611642837,2386.41633135454,122.226089480057,404.772579668564,1.53479403812943,11.975953058427,4.89905516260924,0.595655770299726,4.38744830462646,4.21149122070186,0.102476193696772,0.0065487391524815,0.003550516828124,13.7327124279464,42.6703992194086,15.0,3102.9620924146,81485.0,240,29.8917380516345,1.25656919917134,1119.57765146693,53.4699761813412,2389.63368582648,122.722865435641,405.77720469123,2.49195246410619,14.8845596445755,2.34992093486136,0.555015976510923,3.89627453714686,3.82287652230469,0.0300589963006981,0.0022562544756568,0.0012025313890378,13.4151094608273,42.8457709793508,15.0
13.0,29.903588724945,1.46624003738308,1120.40175693433,62.0730882398654,2390.18851375259,122.478499166774,405.543180924034,1.53479403812943,12.1303030521562,4.60262768934157,0.589092867082779,4.3714907357792,4.18799276637904,0.0920182232908325,0.0059710295334958,0.0032341672347456,13.7354691648731,42.7588713006225,15.0,3107.58293273866,76940.0,240,29.8958792291915,1.24700089352813,1119.59609537188,53.0729546124472,2389.94362770932,122.795599808478,405.944171930523,2.60706644781607,15.0986846027999,2.08997509263997,0.552018948047254,3.87473175037285,3.79309493014819,0.0260231603254149,0.0019745432759901,0.0010497337007645,13.4092076371644,42.8710798756571,15.0
13.01041666,29.9083684725057,1.45684151510376,1122.40172796975,61.7242696168018,2394.93943219368,122.780052545725,406.515490200657,1.53479403812943,12.2152920358314,4.34176549195913,0.582910062972599,4.35231398729348,4.17214489979276,0.083972978182515,0.0055160440328146,0.0029866128594532,13.7502031409869,42.8645073311727,15.0,3113.41910989334,77670.0,240,29.9006836256083,1.23637117181911,1120.45910799967,52.6646344855252,2392.11323197181,122.959221711595,406.454688178455,2.73270940692564,15.2378538739434,1.85384220291697,0.548550457385399,3.85231328545949,3.77228900392067,0.0226007560023125,0.0017415796123261,0.0009254616955113,13.4097649223191,42.9282320581514,15.0
13.02083333,29.9099463353454,1.44920828935929,1124.0614994522,61.3942359112321,2398.95655527179,123.040971689962,407.384706158943,1.53479403812943,12.2483782537024,4.15111841494671,0.57915452021236,4.33318418089273,4.16382534181317,0.0787930329802431,0.0052259413789097,0.0028315066427019,13.7562525433515,42.9558904056588,15.0,3118.34539416734,78895.0,240,29.9047076323191,1.22843784613586,1121.79496759958,52.3951025407235,2395.32253081267,123.168182561667,407.161870769821,2.8321188306017,15.2662865491702,1.69128908935405,0.54593091747945,3.83710895663423,3.76558130160167,0.0203489617116808,0.0015907959410621,0.0008462628084672,13.4120313028457,43.0013002366833,15.0
13.03125,29.9076402289527,1.45164272784046,1124.6307496958,61.2010459654379,2400.52056157957,123.165386547392,407.842707737162,1.53479403812943,12.1749463891661,4.13762460481388,0.57899637841634,4.32115023405686,4.17273740651257,0.0803004258837201,0.0053130423250142,0.0028822576401758,13.7655939594664,42.9993739481287,15.0,3120.26986910512,91405.0,240,29.9068708013377,1.2299457779218,1123.11748447765,52.5134550869393,2398.46946414867,123.35946877884,407.858760702933,2.83736905157014,15.1209466258844,1.68516072351141,0.545621442947821,3.8430783801015,3.78239874706532,0.0203427094876896,0.001609716143081,0.0008607583869953,13.4218452257441,43.06824655092,15.0
13.04166666,29.902966330731,1.44505293938916,1123.09989068525,60.8116440537395,2397.42383043053,123.052534555832,407.485970116202,1.53479403812943,12.1991964605494,4.17100509132764,0.581734908921486,4.29884273889477,4.17402595157568,0.0815143377387089,0.0054018893022222,0.0029339463530715,13.7186987945229,42.9599747890132,15.0,3116.12538347293,87360.0,240,29.9057592894576,1.23162800119559,1123.54895458351,52.6022777890987,2399.66697446726,123.453517088086,408.22381206011,2.79760828365237,14.9857014351057,1.73172832560876,0.546723287995103,3.84742659183089,3.8002196302468,0.0209917055943327,0.0016550789065883,0.0008859165126774,13.4162684654287,43.1012157007482,15.0
13.05208333,29.9031671964158,1.44249613960422,1119.5934276324,60.3712765262368,2389.98254772642,122.714752956573,406.370016307526,1.53479403812943,12.2671003497555,4.24351127631412,0.582970308353413,4.27353379614164,4.17104140992636,0.0831398384637891,0.0054831061483642,0.0029737077285622,13.6948997271412,42.8419947188529,15.0,3106.40551190101,91075.0,240,29.9043135005391,1.22932094528089,1122.38808008563,52.4250353966333,2397.3619508899,123.376805215103,407.993543946574,2.78204398977251,14.9597811164474,1.76955145724888,0.546753928054308,3.8370566542333,3.80648184230798,0.0215094637548064,0.0016932027765854,0.0009059141259385,13.409806711402,43.0744895547935,15.0
13.0625,29.9046769897589,1.44412155358028,1116.54903753373,60.228723843025,2383.54148063904,122.418061698866,405.390331537285,1.53479403812943,12.2940318742948,4.41676201243858,0.586492297940517,4.26458143860767,4.17219863811506,0.0873850622012615,0.0057104088825453,0.0030916366274739,13.6825541592572,42.7381635761951,15.0,3098.14934912111,90650.0,240,29.9041017909989,1.22912346934901,1120.01192443956,52.2872942280118,2392.37538443273,123.162064616523,407.289063145207,2.74282395342978,14.9650159596643,1.85746409420255,0.547475752234518,3.828346624614,3.80997511355992,0.0227099928367723,0.0017770496170002,0.0009499485307909,13.4070348243323,42.9994732174762,15.0
13.07291666,29.9100206799349,1.41500988408996,1115.92946678171,59.4725961827368,2382.58105134294,122.423938545076,405.353749533294,1.53479403812943,12.5081255163566,4.41711397629482,0.582174157630651,4.2249691627814,4.14455718014656,0.0829125621955963,0.0054611650493777,0.0029469959543782,13.6585896059965,42.7401086731531,15.0,3096.37568329418,67740.0,240,29.9053837115552,1.21279269834332,1118.17958462039,51.5099935486416,2388.67221542931,123.037471802132,406.823061338425,2.81104900756621,15.2178260079932,1.76522436978976,0.544289775362962,3.78487664741116,3.77920955254296,0.0212144489249763,0.0016444223059506,0.0008713814716221,13.3913849327464,42.9557938776793,15.0
13.08333333,29.9200304615171,1.38590014553793,1117.1048650319,58.2870529088605,2385.68137774307,122.653761313539,406.080695298082,1.53479403812943,12.7081521715021,4.33441701301738,0.569505955013784,4.16299713888903,4.1126768677195,0.0776702413816208,0.0051269238975202,0.0027517238264934,13.696397750902,42.8201657928777,15.0,3099.47093856625,68305.0,240,29.9095531727058,1.18527494502738,1117.46077466521,50.2614945381714,2387.44581306065,123.05476830732,406.823980700634,2.97509788597366,15.5754659975502,1.57389158974927,0.536384661433578,3.71607463137117,3.73203868543257,0.0185401194171949,0.0014545471160813,0.0007663252096638,13.3883305438762,42.96153110602,15.0
13.09375,29.9265561565221,1.36305662331063,1119.48813345107,57.3609129646184,2391.42599820773,123.014818658351,407.311616296379,1.53479403812943,12.7314309297239,4.35261215997015,0.560460209243543,4.11395470843012,4.1010660860598,0.0773138270208942,0.0051037063346799,0.0027344411727066,13.7390472376057,42.9457958456024,15.0,3106.16045656781,68380.0,240,29.915534469212,1.16322398430071,1117.82837641349,49.2872909536402,2388.55840921021,123.184669569523,407.249376131503,3.06332675190193,15.7762041552985,1.50016024191291,0.529355491997446,3.66263702610861,3.70281807009787,0.0175134459058884,0.0013907435678466,0.0007320273241495,13.3961469176283,43.0064887840992,15.0
13.10416666,29.9287908300793,1.33849509630074,1121.88635192971,56.4012184578251,2397.15667015745,123.383692815456,408.587152861427,1.53479403812943,12.7509462711365,4.34646862779175,0.552765982874016,4.06217902689057,4.09059630241886,0.0765924365368341,0.0050724998109868,0.0027159932136651,13.7545138179401,43.0741239532308,15.0,3112.86690763133,66695.0,240,29.9206517624318,1.14314341371869,1119.06015367081,48.4315398864191,2391.55074230805,123.414025806889,408.031868178517,3.11273258743757,15.9004826392278,1.46147969057587,0.523089519037731,3.61566148576266,3.6814978706966,0.0169669263774605,0.0013568217154859,0.0007134015796933,13.3994365643083,43.0860888805761,15.0
13.11458333,29.9291956998342,1.31293906768518,1123.53174954035,55.3311593329942,2401.1111769543,123.673714498619,409.604725654395,1.53479403812943,12.8225762963584,4.27036710145286,0.544763988334177,4.00382082775393,4.0754932151132,0.0741682725336584,0.0049465025281095,0.0026478647106947,13.7544076975446,43.1750066364967,15.0,3117.32064946287,65375.0,240,29.924051319251,1.12279588723164,1120.58785569704,47.5746769163075,2395.14679212574,123.682014339387,408.959040518562,3.16798715211976,16.0074745313491,1.40935985519977,0.516788098502579,3.56843076232719,3.66188866404317,0.0162659912403483,0.0013098728913022,0.0006876947688569,13.3987299828493,43.1791401845021,15.0
13.125,29.9295727039562,1.28281394813704,1124.33619888281,54.0739140625302,2403.09549340663,123.878031077423,410.326964387836,1.53479403812943,12.9872025133504,4.09188562502246,0.536539028483095,3.93488685497087,4.05005374433574,0.0687121869814308,0.0046443749601861,0.002484923310573,13.7370485971267,43.2461211388615,15.0,3119.21754221707,60210.0,240,29.9260909427952,1.09950012964397,1121.9193690849,46.588014278619,2398.22924648139,123.934574584357,409.845211687487,3.27250178987856,16.1529563302431,1.29977142824664,0.510006611886881,3.51364555698131,3.63793025520799,0.0148572912218138,0.0012062967792832,0.0006311068521702,13.392724130357,43.2668220178007,15.0
13.13541666,29.9308634947321,1.25450437976786,1124.62593749475,52.778289718679,2403.77715020849,124.025139777226,410.872656200793,1.53479403812943,13.1712785860944,3.86669696325013,0.527187645569306,3.86380559904097,4.02308251481126,0.0627741646286796,0.0043030205275825,0.0023016737870336,13.7312836880351,43.2973329498552,15.0,3119.53237976235,60210.0,240,29.9276532476489,1.0750063739315,1122.89570622774,45.5374521869479,2400.40886121096,124.14635913762,410.621733588139,3.42124655729737,16.3013261034322,1.16940578917925,0.502719751091254,3.45499838576457,3.61479946472167,0.0132347523141974,0.0010913106512877,0.0005692612049563,13.3889055332478,43.3403228262187,15.0
13.14583333,29.9320624466208,1.22614563751008,1124.64750345996,51.5033388561546,2403.72424070429,124.140872429733,411.331227349359,1.53479403812943,13.3581202245689,3.59995999570817,0.51941978887517,3.79347362150247,3.99668427486369,0.0562437662073418,0.003929914553595,0.0021042963313944,13.7175601704505,43.337665439067,15.0,3119.01363617893,56985.0,240,29.9290642826004,1.05102395943779,1123.54170830846,44.4993425626426,2401.7223977397,124.316589461947,411.291347877067,3.58626589583914,16.4272793857406,1.03673632473942,0.495717381223647,3.39672562837059,3.59578576027989,0.0116254572964573,0.0009739476315847,0.0005063710766666,13.3848424428383,43.3993854710384,15.0
13.15625,29.9334418022326,1.19811047070417,1124.52126785017,50.2263771157043,2403.21803841873,124.238414838738,411.748848956186,1.53479403812943,13.543003548863,3.28716622440685,0.51146974985772,3.72299097138085,3.97125517787942,0.0493508321910361,0.0035287797391345,0.0018939717488841,13.707332205826,43.371709448882,15.0,3117.99349247131,56100.0,240,29.9303996734462,1.0270864650589,1123.91561042452,43.4571276702775,2402.30211199304,124.450502214909,411.875119339496,3.78546749890762,16.5298670436439,0.898854278414239,0.488810127055659,3.3379149325855,3.5810721462756,0.0099968363730586,0.0008543970784896,0.0004427319601996,13.381025320854,43.4458602541263,15.0
13.16666666,29.934650718692,1.17081200264264,1124.31179106887,48.9928240928016,2402.39663163954,124.3215725908,412.147434478343,1.53479403812943,13.7036881963415,2.95213548053665,0.503942056611869,3.65472471231366,3.94996248031654,0.042572606797497,0.0031325382863928,0.0016885656034143,13.6947561162315,43.4007889429444,15.0,3116.67828210998,54490.0,240,29.9316983614909,1.00423657988066,1124.09087407367,42.4571120242424,2402.31201324453,124.553785277358,412.397158576745,3.99855311793632,16.5867253012606,0.770196341655548,0.482161366399223,3.28124144211398,3.57355158297541,0.0085099392689758,0.0007431334251953,0.0003838708921709,13.3776932540893,43.4817449423534,15.0
13.17708333,29.9357453622128,1.14386732255037,1124.04081464848,47.7865462368016,2401.31592086244,124.392522083172,412.53446485667,2.30658917068067,13.8444014491074,2.6070340739061,0.496879972333981,3.58780770950987,3.93223116558756,0.0361388206172766,0.0027525683039942,0.0014930041491637,13.6808995807759,43.4256427894999,15.0,3115.1219336078,53135.0,240,29.9329146059256,0.982108141006418,1124.11872460783,41.4852349525653,2401.87068939817,124.631889444574,412.876398647242,4.23029043556161,16.6010931417994,0.649771660583247,0.475751184921008,3.22592681237905,3.57283567250901,0.0071438504831027,0.0006386377106984,0.0003288648631755,13.3740685006499,43.5089493059388,15.0
13.1875,29.9363998205928,1.1220991777066,1123.68436341685,46.7625649720841,2399.90176009876,124.438224166858,412.894329272065,2.41210245686157,13.8849953901671,2.3357944029795,0.490319608892086,3.53066504106847,3.92918101875892,0.0316973071163145,0.0025086408150154,0.001374340383006,13.6804870945982,43.4417025444474,15.0,3113.34220835331,56735.0,240,29.9340594841908,0.963694265458606,1124.02833624057,40.6639157859393,2401.04203493108,124.684956726781,413.316759759271,4.41667476688171,16.5281893851274,0.571833992325135,0.470061872820429,3.17902704244366,3.58467053458732,0.0062683222601399,0.0005754321438548,0.0002965504517355,13.3747283135781,43.5275161127861,15.0
13.19791666,29.9360574961918,1.10101484622335,1123.12604267159,45.8245710006238,2397.95532432951,124.454564023671,413.180994513987,2.5316188729688,13.909341968794,2.08549876804088,0.485179828026156,3.47730677446574,3.93025185857667,0.0275786145577241,0.00227335934279,0.0012569286749177,13.658204815887,43.4475746950077,15.0,3110.99180342579,54380.0,240,29.9348237392671,0.947643136211903,1123.8099567059,39.9416896344564,2399.82616783012,124.717339572873,413.715113539884,4.57324635185071,16.4130582951506,0.505684045801797,0.465187193586424,3.1374578704294,3.60314676814209,0.0055336865065503,0.0005186139246413,0.0002672394937805,13.3721682579183,43.5389298274657,15.0
13.20833333,29.9359125497379,1.08187959856611,1122.24111095724,44.9354680874673,2395.21684587207,124.427963065103,413.347639659994,2.6594741560691,13.922290760224,1.86329771432501,0.48018802736514,3.42615632738287,3.93421878678058,0.0242021971843772,0.0020915456407936,0.0011697010074372,13.6421150562354,43.438485571672,15.0,3107.70563491016,55930.0,240,29.9352274746378,0.932585477514755,1123.41477229142,39.2566592608955,2398.13373034564,124.724357912516,414.053592372863,4.73658673496167,16.2805824275499,0.44693524297318,0.460615048813128,3.0975937009709,3.6252813754752,0.0048854692043758,0.000469393276893,0.0002422361963319,13.3692446741009,43.5415652129853,15.0
13.21875,29.9356098140247,1.06601572198659,1121.06364241435,44.178880030792,2391.7737526616,124.359224915381,413.40252301143,2.76408087485819,13.8922165173946,1.70926275318726,0.476085414105139,3.38178116743482,3.9451830093277,0.0219352815738135,0.0019776563341403,0.0011171928865372,13.6267526508936,43.4147222917783,15.0,3103.644558994,56715.0,240,29.9354186682847,0.920121484187266,1122.7766543783,38.6732493405342,2395.83284218725,124.698877228416,414.302468025512,4.85595551080102,16.1185974885626,0.408990136430029,0.456678098431241,3.06315949673999,3.65247298358659,0.0044674728225558,0.0004393871498947,0.0002274077561678,13.3675894115315,43.5329079793773,15.0
13.22916666,29.935179047136,1.05318061523344,1119.76437129766,43.5409557025364,2388.01429553916,124.271014137169,413.407096763878,2.84135598190483,13.8441136031845,1.61041076346813,0.472595869091927,3.34358829914437,3.95953055032236,0.0205354691006985,0.0019174970813893,0.001092070124808,13.6108300267707,43.3841744078765,15.0,3099.28643088621,58120.0,240,29.9354077381267,0.909916953896013,1121.90720688881,38.1779949983119,2392.96907273349,124.644948426627,414.464412249089,4.93813927091974,15.9481365132528,0.385978721115741,0.453352005888337,3.03338911314985,3.68176797802575,0.004213639533791,0.0004230957119758,0.0002197020507192,13.3658689939294,43.5143461939028,15.0
13.23958333,29.9348146501764,1.04173164198664,1118.36118394691,42.9775236932542,2383.99700362049,124.169612882445,413.36807094508,2.90652270289395,13.8088358993042,1.53722832261367,0.469729402200389,3.30924070878372,3.97273310601323,0.0194633409109648,0.0018658618442319,0.0010680299620865,13.5908389197151,43.3490196537055,15.0,3094.66681105641,57610.0,240,29.9352406673222,0.901067986564375,1120.85628033776,37.7366347967108,2389.66876873253,124.570715666781,414.557455696184,5.00163630084394,15.7944263420831,0.368440314862266,0.45048272646793,3.00635384964496,3.70964362316371,0.0040203027237311,0.0004097099026217,0.0002130488845578,13.3629403778253,43.4887006872672,15.0
13.25,29.934851952557,1.0328955048885,1116.90795766077,42.5052004978842,2379.83144063642,124.059349716851,413.305575517089,2.9499302792671,13.767618105567,1.49410142849069,0.467029028790113,3.27999667019445,3.98689439985495,0.0188837503132036,0.0018514018684129,0.0010647467882583,13.5767718645633,43.3107596048983,15.0,3089.94021272544,59220.0,240,29.9350879769492,0.893689537751567,1119.65402578165,37.3529527801289,2386.00681539346,124.479752617738,414.591241217683,5.04643440372923,15.6578911635634,0.358729186469066,0.447961542528389,2.98239074025699,3.73581590017678,0.0039121675012522,0.0004047231654013,0.0002109567114995,13.3608388073945,43.4572109251427,15.0
13.26041666,29.9348242042276,1.02704679155546,1115.52367158725,42.1578222922135,2375.77380874774,123.952763218744,413.26196181075,2.96439858454224,13.7117634533927,1.48081159081922,0.465094078795389,3.25768407015109,4.00321787698358,0.0187291139293352,0.0018604316889868,0.0010731781286123,13.5630915414517,43.2737865366101,15.0,3085.45786064498,60525.0,240,29.9349987014491,0.888537601296044,1118.3450991134,37.0611471740056,2382.08620355274,124.377260672709,414.579761924797,5.05778059982977,15.5305596009399,0.358546130379692,0.446036272165306,2.96356654252671,3.7610681659173,0.0039077548223082,0.0004089989581148,0.0002137342906743,13.3594210199844,43.4216806127178,15.0
13.27083333,29.9351141748922,1.01937623114352,1114.25920894338,41.7950963201129,2371.96263266875,123.863187823011,413.261150143856,3.0112650545249,13.7024218713537,1.43671280857998,0.463521092014029,3.23465025769495,4.01303183461486,0.0180089852444799,0.0018071415626852,0.0010424009644545,13.542954400176,43.2427399166811,15.0,3081.28801186184,57145.0,240,29.9349576955562,0.88292079370774,1117.05211522733,36.7570394459739,2378.18196479358,124.278392025952,414.573261395716,5.09619883365365,15.44457021171,0.346661730548031,0.44425795315926,2.94393324989336,3.78102569389174,0.0037776049397999,0.0003962777594064,0.0002065285844508,13.3554306852195,43.3874006974788,15.0
13.28125,29.9364767765078,1.01189626601685,1113.15540494797,41.4252515796005,2368.46762685753,123.790665165202,413.322928841542,3.06823956159471,13.6936067552448,1.3884886854429,0.461297193813102,3.21196412761714,4.02182696198662,0.0173193741527573,0.0017708259716533,0.0010237899747213,13.535292186538,43.2176176504681,15.0,3077.53462128173,57285.0,240,29.9352606970704,0.876645446403281,1115.82533530763,36.4279228202538,2374.39772580778,124.186412968992,414.592010313631,5.1585546474009,15.3844440238819,0.331377149680972,0.442236033483992,2.92297128026399,3.79756489548982,0.0036104576998163,0.0003820025820412,0.0001988860638981,13.3528745156955,43.3555280806548,15.0
13.29166666,29.9377932600422,1.00772047523919,1112.27718588457,41.1722461834409,2365.41380071979,123.736897461648,413.468636532803,3.08190001897455,13.632279949775,1.37928968154023,0.459541869861498,3.19624991110671,4.0370098107779,0.0172274601457049,0.0017828558983753,0.0010334912495881,13.5345231851478,43.1990433555627,15.0,3074.45085760336,59130.0,240,29.9359853371968,0.872367770706765,1114.66990293906,36.1831191817082,2370.73909252441,124.100584500381,414.633826811548,5.17889027134733,15.3102071825633,0.329598120453626,0.440601797993764,2.90713223961244,3.81558581529316,0.0035890897849534,0.0003841883594793,0.000200492710336,13.3530626349045,43.3257917508431,15.0
13.30208333,29.9383029840876,1.00562262208052,1111.5074020656,41.0118514754972,2362.56825927345,123.692511236387,413.652346704021,3.0741628605271,13.5532102833785,1.38547369321369,0.458660058952704,3.18558530095486,4.05451441167874,0.0173402546422176,0.0018017954416429,0.0010458008584142,13.5295225649183,43.1837611570161,15.0,3071.71209893398,60105.0,240,29.9367836255444,0.87009491176117,1113.62448114823,36.0273008666426,2367.2973949426,124.026547186916,414.71334551171,5.16896614162163,15.2246256921044,0.334273146874901,0.439612178769286,2.89660564932112,3.834596742303,0.0036381564709221,0.0003920887543453,0.0002050119413294,13.353132551362,43.3001527888458,15.0
13.3125,29.9386388415953,1.00156353934396,1110.63524253384,40.8107285586883,2359.50676942727,123.640632821847,413.7975525125,3.10274858576709,13.5173768779386,1.35874936686958,0.458024383020807,3.17244498063267,4.06619323404594,0.0169043794225168,0.0017648425724799,0.0010236975075143,13.5180106764663,43.1658676382018,15.0,3068.66759511927,57440.0,240,29.9373904238876,0.867276794748679,1112.67758869297,35.8573207194156,2364.05871526963,123.964283546059,414.830873884205,5.18808021511516,15.1585209756749,0.327698386256833,0.438747782065782,2.88527362840081,3.85077097212531,0.0035666060883945,0.0003841064866464,0.0002003526421875,13.3508702478083,43.2786191494258,15.0
13.32291666,29.9396368244427,0.997745723053005,1109.66974276963,40.5941438508568,2356.23433000641,123.577702908515,413.908974427641,3.13780600966064,13.4834481396888,1.33158672814201,0.456850768309397,3.15873880752649,4.07716859260472,0.0165336608374384,0.0017484044911989,0.0010157846297181,13.5153098520509,43.1441064676576,15.0,3065.34675032304,58065.0,240,29.9380305457169,0.863969591222746,1111.74727932791,35.6671822150136,2360.84550945218,123.902926713906,414.955733882361,5.22530715919863,15.1023387826563,0.31909855473262,0.437689234039661,2.87282334479037,3.86549928559718,0.0034727999936749,0.0003762964124127,0.0001962244221786,13.3496692368936,43.2574146063203,15.0
13.33333333,29.9405801621388,0.995192535050057,1108.78112621497,40.4283645218173,2353.11419627457,123.521061362439,414.048552635734,3.15031860262524,13.4313179000912,1.32506835004707,0.456041574940826,3.14805283295331,4.09017015791004,0.0164344946385673,0.0017469263897239,0.0010155389832652,13.5143242444633,43.1245344931915,15.0,3062.26337662704,58160.0,240,29.9388086878304,0.861550582715395,1110.8108357378,35.5134172148311,2357.6083708837,123.839830250619,415.076821563723,5.24094243315961,15.0397515893665,0.316794213880542,0.436821300482281,2.86257937802348,3.88074431816653,0.0034466805834429,0.0003754426973974,0.0001958520756367,13.3495734752543,43.2356012673986,15.0
13.34375,29.941391887187,0.992434584746706,1107.98881314662,40.2662162562177,2350.20008855682,123.476513857966,414.224664666518,3.16279688802872,13.3900219351645,1.32016309995341,0.455411643302627,3.13768045798649,4.10132905323951,0.0163333076010318,0.0017379459579524,0.0010095572638764,13.5119361903691,43.1091580866212,15.0,3059.44909092807,57410.0,240,29.9396097502187,0.859246120948959,1109.91695886079,35.3667192206444,2354.45688157983,123.78176643586,415.214068801393,5.25524284285966,14.9830971309075,0.314166632261403,0.436068777100754,2.85283198016513,3.89483200991303,0.0034172610652614,0.0003726301360739,0.0001941366798799,13.3490331643374,43.2155323563837,15.0
13.35416666,29.9419221198118,0.993316807314298,1107.19069662805,40.2028798864561,2347.256973458,123.427146853958,414.394851088808,3.12797056790567,13.3154729191479,1.35883781860984,0.455002426804439,3.13284630935097,4.11679620820434,0.0169375129840372,0.001797424245347,0.0010450563559309,13.5156788177469,43.0920811864735,15.0,3056.67347182631,61350.0,240,29.9404093595606,0.85887143927005,1109.04259194168,35.297484272069,2351.34297143808,123.725698155402,415.354915778021,5.23127191864864,14.9132359044167,0.324933492873067,0.435701394755758,2.847662089492,3.91019686289713,0.0035317187986768,0.0003877943116198,0.0002027018896288,13.3504054638247,43.19613899332,15.0
13.36458333,29.9416230779707,0.994202506776139,1106.25452255795,40.1762973393009,2344.0344639426,123.364846503056,414.506998767938,3.09176250875297,13.2677830928446,1.39709691913875,0.455625926689885,3.12948475622245,4.12894653364954,0.0174188314347707,0.0018185535529592,0.0010538686978589,13.5082924195566,43.0704707966657,15.0,3053.55569993063,59890.0,240,29.9409178604437,0.859608813212154,1108.16033064538,35.2777476526139,2348.21948251641,123.670944026563,415.489270588054,5.19087718237112,14.851811331,0.336372600575136,0.435853977741611,2.84526971629272,3.92405445212117,0.0036541919818972,0.0003987809408899,0.0002081814079935,13.3499980519951,43.1771653882555,15.0
13.375,29.9418905389548,0.994058383687209,1105.04911075468,40.0961753577096,2340.26391552424,123.276728088437,414.515134886994,3.08316119050418,13.2618747184213,1.41733459752842,0.456019103168759,3.12300214899065,4.13534489426297,0.017656390623348,0.0018253448818019,0.0010547052790952,13.5033984453514,43.0398012239071,15.0,3049.68064937698,59445.0,240,29.9412117342476,0.859351384167396,1107.21725318137,35.2165026723416,2344.97981737758,123.611687645503,415.600369465436,5.18360422634686,14.8220913985124,0.339295366093526,0.435858531937311,2.8403093080933,3.93367224623366,0.0036849697339754,0.0003996966111429,0.0002081056945403,13.3486202501622,43.1565960559266,15.0
13.38541666,29.9418082493185,1.00320237879211,1103.57306709085,40.2382046579456,2335.93536246204,123.147931960752,414.408058709085,2.96815055326136,13.1692435551119,1.55566577334367,0.458204134217422,3.12863503301105,4.15318607090163,0.0197871106692013,0.0019916594674422,0.0011492099510254,13.5133834525506,42.9948944019715,15.0,3045.22313946198,68460.0,240,29.9415359758962,0.863422723234609,1106.05183331272,35.3164859788478,2341.28525010189,123.527161448309,415.615636596384,5.08625162355628,14.7639995922204,0.377604745541686,0.436780025542896,2.84453273193531,3.9466205849483,0.0040958841637927,0.0004455667863334,0.0002334361689602,13.3521123635301,43.1271646781145,15.0
13.39583333,29.9360892595382,1.03800858423106,1101.33134662526,41.0412022996757,2330.08522460559,122.908864604404,413.956059614866,2.62100922265691,12.9054073168125,2.01991930237067,0.470191040596404,3.1684212607758,4.1954733170097,0.027568539829696,0.0025133973230392,0.0014345043364748,13.5194571874816,42.9113990269957,15.0,3039.17557258259,90250.0,240,29.9405294975779,0.882405681766816,1104.37898808878,35.9809361431394,2336.58981225542,123.385242661688,415.399302368484,4.69700886723271,14.6056589639686,0.536920649310243,0.442182817975606,2.88045412166001,3.97187957400601,0.0058232694574015,0.0006197977026534,0.0003286599223911,13.3616876796293,43.0775752598294,15.0
13.40625,29.9255778040905,1.07959888783046,1096.11328091073,42.1731446966784,2318.14626832449,122.333723328592,412.267070912121,2.30772769480432,12.7587730323212,2.68839955688348,0.493163603364239,3.2229215532639,4.22477380487574,0.0393038405476256,0.0031503494087233,0.0017452500690829,13.4838109253196,42.7102794813583,15.0,3025.30782574047,92530.0,240,29.9350328046097,0.910969586392491,1101.48613650671,37.0015757946877,2329.50472399673,123.116693616599,414.662022568526,4.16991566316178,14.5171136979209,0.799618341407779,0.453221740763655,2.93435025537239,3.98826880296174,0.0087272631331516,0.0008521729762235,0.0004485459744421,13.3594954497717,42.9835496135532,15.0
13.41666666,29.9229519022291,1.12444152734917,1088.35753049952,43.3929021383914,2300.99210414322,121.474458163759,409.517519110411,2.10310548585087,12.710116493458,3.4455368705672,0.515078256649548,3.28293530979681,4.23977563437296,0.0541773687213523,0.0039541869189656,0.0021378466899523,13.4770674209016,42.4094777166336,15.0,3004.60799382895,95590.0,240,29.929006798808,0.940842723868619,1096.43783383006,38.0054567701118,2318.05914451904,122.615807938416,413.034672895987,3.72027480391738,14.6089961728231,1.12792816323326,0.465149998335124,2.98551462815906,3.98185745816841,0.0124726347422338,0.0011303532505226,0.0005904202662961,13.3567003939454,42.8081542702589,15.0
13.42708333,29.9247615595332,1.18246751152302,1082.57049299518,45.0669598603774,2288.24679454332,120.822515388605,407.427387021011,1.92198058812283,12.5506510137566,4.40059397017158,0.542488867749965,3.37167173355942,4.26376696937405,0.0759728101320996,0.0051217710694668,0.0027242419424541,13.5143007298377,42.1804142445227,15.0,2989.73592303976,102800.0,240,29.9262750258704,0.977659877526934,1090.10528743874,39.2263959705021,2304.11384026127,121.964946432883,410.827911513493,3.27102001620031,14.7343080304486,1.62049076551785,0.479612237908601,3.0489121974351,3.96990533336186,0.0184165085582255,0.0015647420354553,0.0008156767680225,13.3652526825593,42.5801002070192,15.0
13.4375,29.9257092976124,1.25087625731587,1081.31071348687,47.3362717810636,2285.28044519294,120.663003105001,406.952319484625,1.76440230878951,12.2646533557925,5.52153562620432,0.575398550874302,3.49934544380075,4.29782738179327,0.10562116246573,0.0066771992529416,0.0035304052847827,13.5788217182444,42.1225229485919,15.0,2987.74895699932,109310.0,240,29.9257897371446,1.02371436443742,1085.29829111993,40.8840923569183,2293.65971783425,121.467662168955,409.096380966895,2.83464485035827,14.7673451737615,2.34781019894174,0.498198983096374,3.13942425497654,3.96645981980375,0.0281611172272914,0.0022419732361367,0.0011701651475552,13.3838859464208,42.4052823033883,15.0
13.44791666,29.9256455605336,1.3295232967264,1080.99872087162,50.060397533451,2284.34035503415,120.596152672948,406.715033044184,1.63950102232968,11.9217263343619,6.67706721212442,0.611751415735872,3.65636978076203,4.33436899634245,0.139949279891874,0.0084217631598187,0.0044674647934583,13.6582700118321,42.0963666069534,15.0,2988.60526932248,116135.0,240,29.9257545422196,1.07785233563507,1082.91023492768,43.0086614999736,2288.5233968672,121.216268646069,408.168588052094,2.4764625376877,14.6582990918506,3.2873171910476,0.520367022233671,3.26010848912241,3.97714551374774,0.043064817033651,0.003212807162256,0.0016800391771029,13.4099110447268,42.31581233189,15.0
13.45833333,29.9267200857199,1.40202693433278,1079.74515345868,52.9917286879918,2281.28353929667,120.41771888056,405.99872795171,1.56141333624038,11.6307539502122,7.67584766869087,0.643247706902452,3.82767681661275,4.36167515243483,0.171436649142311,0.0099770533287339,0.005331992253596,13.7322870333193,42.0310161134822,15.0,2986.85091329183,116895.0,240,29.9258775669525,1.1341795412017,1081.35157664151,45.3914747901296,2285.19863990752,121.036769377339,407.441381486115,2.23279627580452,14.4724214475383,4.2791166176043,0.543026491571353,3.39854277170584,3.99393133823308,0.0623008251406338,0.0043829823159738,0.0022950380501587,13.4358493912829,42.2508479826304,15.0
13.46875,29.9309102316104,1.46293665669531,1078.86585707979,55.9367929578649,2278.91739359229,120.286810967583,405.358665159496,1.5138636430487,11.4332331682232,8.38702943169651,0.66176756240725,4.00081329210819,4.37617637198071,0.194912609322017,0.0111031134161035,0.0059772471553544,13.7927613291326,41.9823525700609,15.0,2986.01090424532,116290.0,240,29.9277217563339,1.18780242394695,1080.03806585209,47.795201179486,2282.3429762748,120.87614331813,406.718641965372,2.08533992851534,14.3049761069767,5.12858520157602,0.561636162031102,3.54020802875793,4.00566411088005,0.0823318317890807,0.0055339022037977,0.0029040462187752,13.4575337681287,42.1919837021967,14.424448356634047
13.47916666,29.935573462394,1.517177033702,1079.44529779936,58.8670204546756,2279.56051046628,120.326480218234,405.246456039946,1.47820740424076,11.3149197751199,8.7539087162543,0.670575750741792,4.17274959667792,4.38093329828395,0.210276398888506,0.0118373354893712,0.0064164858774188,13.8291219338406,41.9934386158482,15.0,2989.07940269576,116360.0,240,29.9312742402508,1.23930152943427,1079.45938506447,50.1992113583561,2280.97015408391,120.794500688293,406.216750710119,1.99107365801873,14.1701677482453,5.74804125483551,0.576235422943114,3.68253317420383,4.01186759967921,0.100125620130009,0.006515117932669,0.003432838124504,13.4732159066017,42.1604725648228,15.0
13.48958333,29.9391502831035,1.56695436215233,1080.93588168999,61.6834307660188,2282.01980605122,120.471199922467,405.462519718725,1.45143766080109,11.2763365073387,8.76715824408799,0.674671562223936,4.33778598667688,4.37713645407699,0.217595268890484,0.0122039572648825,0.0066564156470836,13.836572429723,42.0414673689723,15.0,2994.46072913805,115775.0,240,29.9351024753384,1.28863134884497,1079.95178398762,52.5702174919052,2281.76916789899,120.831647010187,406.086843820162,1.92865936215265,14.0814102035469,6.07367606814964,0.588103200671907,3.82300798177312,4.01242139083902,0.112460897794723,0.007180472899824,0.003804218191179,13.4802154999492,42.1705468613059,15.0
13.5,29.9424966831151,1.61005974359956,1082.3015796116,64.2116010318499,2284.20463280066,120.604513915606,405.627310236748,1.43530512676615,11.3040394332115,8.57429181087548,0.676922056715108,4.4856815166052,4.3664470902845,0.218180002170945,0.0122528142251427,0.0067126728173475,13.8272959209704,42.0857702955593,15.0,2999.27655591901,113505.0,240,29.9386059512369,1.33363921669304,1081.01070523499,54.7584695376472,2283.68863044352,120.934069917573,406.15815696363,1.89123160490715,14.0645924971116,6.11010452993943,0.597928453579059,3.9527890372,4.00515201717019,0.117080644285908,0.0074272809085113,0.0039556532705047,13.4792938076242,42.2037918815746,15.0
13.51041666,29.9479443073404,1.62804546952076,1083.52924798344,66.0150981856238,2286.40112425266,120.744045927678,405.804320684127,1.44640085307715,11.4199228588972,8.23758211542869,0.672398797374382,4.59119866059388,4.34455155283992,0.212437816594086,0.0119953691336583,0.0065807979175105,13.8082193314334,42.1324456877767,15.0,3003.46971204098,102305.0,240,29.9423532223295,1.36505871758851,1082.13158036806,56.3342468829444,2285.83409818106,121.063722166263,406.29491018874,1.88582191783611,14.1986288546,5.87678140315166,0.603141804467568,4.04711181492165,3.97960711280086,0.112149369940258,0.007165297833266,0.0038284218826221,13.4681979453777,42.2470535423052,15.0
13.52083333,29.9552143223972,1.64005681076046,1085.24168095288,67.1564932941653,2290.12462224852,120.969553422172,406.291703148526,1.45563900816291,11.5472836797249,7.8109707432254,0.663095016811726,4.65539833139111,4.32014910809646,0.201546965008896,0.0114899544405828,0.0063016749103981,13.8108237241481,42.2095663529843,15.0,3008.99521456443,98870.0,240,29.9477234550272,1.38484129533487,1083.38490329025,57.2925917168417,2288.50304180414,121.232342818575,406.559685314835,1.90101795583092,14.4229457118396,5.47532752709614,0.603952661046335,4.10458586625563,3.94262725333203,0.101110923411698,0.0065595082301217,0.0035094507015691,13.461227460889,42.3044047624331,15.0
13.53125,29.959095476252,1.64988740971028,1087.38108803783,67.9611596333232,2295.07411095401,121.262599893209,407.026827439976,1.46153942605547,11.6530091563782,7.34027971558554,0.656552773879942,4.69793024246952,4.29802732024711,0.189367674515178,0.0109273844127035,0.0059927110829556,13.8139537171297,42.3106668661257,15.0,3015.76233961835,96950.0,240,29.9530552380349,1.3995629906141,1085.0182840645,58.0040847683222,2292.22858756723,121.455883986895,407.037166383151,1.92418705958062,14.6101329528075,5.02930567381902,0.604179207518539,4.14551957752232,3.9102314880395,0.0892533592070211,0.0058950117153064,0.0031577545201749,13.4584554843195,42.381315839066,15.0
13.54166666,29.9602516602328,1.65619274233207,1089.22203380829,68.4400354556638,2299.48667056066,121.531273473104,407.687926149208,1.4705256384345,11.7723013673821,6.84387209429192,0.651869543372868,4.7220248603157,4.27528534125274,0.175796697736876,0.0102895242830401,0.005641199280865,13.8087895980597,42.4037020815373,15.0,3021.57873114635,95830.0,240,29.956672668654,1.40974097918575,1086.84079197558,58.5092012188141,2296.53769253821,121.70994006479,407.64275576927,1.95778443311004,14.7605718289912,4.56330734266117,0.604165519303731,4.17333175701136,3.88288940302436,0.0774052321829246,0.0052142253372281,0.0027964141849081,13.4546816600235,42.4692541038352,15.0
13.55208333,29.9604320347946,1.65944532751042,1090.4031717669,68.6411607241895,2302.51540252965,121.727269868822,408.112426020109,1.48456519041143,11.9069814479581,6.3544678803486,0.64905364959216,4.73111031248416,4.25226494449221,0.161226485654292,0.0095860219470244,0.0052517192891948,13.799379590239,42.4718112892669,15.0,3025.40343164921,94865.0,240,29.9586170906154,1.41561654865628,1088.46892320136,58.8081438842215,2300.51773546155,121.946762919888,408.210427619841,2.00483695166091,14.8908390515331,4.09577716853788,0.603990796573656,4.18908483803763,3.85918754213723,0.0661044272474034,0.0045444696228698,0.0024394196800479,13.4496602119652,42.5515241801979,15.0
13.5625,29.9613800499389,1.65347760193786,1091.02938369661,68.4694228583235,2304.45326528834,121.864995757174,408.349767881817,1.51332808251291,12.0714301807434,5.87453773157599,0.645755790893551,4.7201126691367,4.22655961775192,0.144959892133675,0.0087787051425259,0.0048024165147281,13.7851587433148,42.5199971497839,15.0,3027.51512447404,90015.0,240,29.9597322808396,1.41411470634089,1089.65823222115,58.7669720003241,2303.63286617472,122.141223315704,408.645755474296,2.07595942589438,15.0494846851422,3.61548774193314,0.602764907869561,4.18585244819636,3.83295930738298,0.0550378401103119,0.0038635390021019,0.0020735342587925,13.4410586540613,42.6193117936968,15.0
13.57291666,29.9623634034815,1.65645232642163,1091.47797966249,68.3328233623498,2306.06731151408,121.975855117262,408.535383969813,1.52375345589789,12.1546394066835,5.48749781400348,0.643539712223493,4.71023046122693,4.21215355823102,0.132134498246814,0.0081139957722843,0.0044327873059172,13.7941139746962,42.5590516348257,15.0,3029.21130394562,96320.0,240,29.9610338449126,1.41281143657443,1090.50358676714,58.7134753476209,2306.02860575836,122.288992665918,408.96019950659,2.14984501770862,15.1326012685689,3.21406696354022,0.601570013030225,4.18161401245463,3.81770634548996,0.04685506450082,0.0033512207012506,0.0017996467152276,13.4419071825887,42.6709896121884,15.0
13.58333333,29.9607858557715,1.65580491779443,1091.47590578598,68.2242410173071,2306.71018775275,122.026078468689,408.533561231569,1.54332449127933,12.2194405091988,5.15671835975973,0.644573181325196,4.70223403050775,4.2018864684217,0.121753596814333,0.0075835563691087,0.0041434106137885,13.7793271132945,42.5770478709874,15.0,3029.66026659547,93945.0,240,29.9612229204186,1.41237877420597,1091.05032071515,58.7269859801064,2307.80701471003,122.39323518334,409.161027904249,2.21980665039739,15.1403199631354,2.89954202007251,0.601692285073669,4.1807412390347,3.81359388719252,0.0408284829494768,0.0029666893945389,0.0015948620546064,13.4390609769659,42.7076460200265,15.0
13.59375,29.961380976975,1.64909144288646,1090.72944089878,67.8592510790979,2305.80943618179,121.989596867993,408.257200204559,1.5739798844543,12.3047205705123,4.85128039187677,0.643376662278699,4.6808795962055,4.19008270157331,0.110493269680736,0.0069841288661163,0.0038120310101728,13.7669420528059,42.565003763916,15.0,3027.90744674711,91660.0,240,29.9610729247257,1.40649766517619,1091.06771041065,58.4843917755655,2308.50329902651,122.43901067158,409.175589945301,2.31010816606223,15.1826107660842,2.59502802041834,0.600709676739697,4.16599183296259,3.80619963853733,0.0352289302617418,0.002596692543818,0.0013951981446958,13.4322951287657,42.7240136254664,15.0
13.60416666,29.9635329980415,1.63718861372657,1090.41784468985,67.3412451741553,2305.9411786601,122.002982257232,408.177016041959,1.60895322753262,12.3707411601421,4.58190860229906,0.640011044782332,4.65115911652662,4.18049868712465,0.100155538414736,0.0064215922314663,0.0035009291754283,13.7624193985807,42.570455451539,15.0,3027.33804170612,88565.0,240,29.9617923613982,1.39597622476966,1090.76932666019,58.0316377504123,2308.57430514529,122.449073199261,409.089858919468,2.41663792534812,15.2377861972567,2.31407383991378,0.598327354226534,4.13967064024802,3.79781405473362,0.0303631720924196,0.0022688166833755,0.0012175412581086,13.426961052173,42.7279896951132,15.0
13.61458333,29.9658489631318,1.62280517165357,1090.93857886514,66.7490365274262,2307.93349925694,122.112021257797,408.452031395406,1.63985488744395,12.3998940535385,4.35365604838235,0.634780656019204,4.61723926347021,4.17515646926302,0.0917349460440691,0.0059546481794901,0.0032434846587299,13.7648318682638,42.6092897923869,15.0,3029.09584282132,87500.0,240,29.9633327188821,1.38281968039555,1090.71368733017,57.4792677562377,2309.21352448068,122.485206951373,409.121434683113,2.5279502373831,15.2700913067971,2.07474832681934,0.594834933468597,4.10778918357281,3.79255367526695,0.0264854270237326,0.0020065769224096,0.0010758963476802,13.4244906701563,42.741102604924,15.0
13.625,29.9669647299335,1.6082099289399,1091.7591586248,66.1523841017467,2310.55044896395,122.253277123397,408.868006674179,1.66558939545265,12.3998179372086,4.15913261860812,0.628775356346087,4.58273358173646,4.17406563110785,0.0852631821665776,0.0055965334285344,0.0030484658051284,13.7629224345652,42.6593420752614,15.0,3031.6819631725,87475.0,240,29.9649448789927,1.36970260082007,1091.05149050263,56.9480168452233,2310.7122101387,122.562190888668,409.325059805159,2.62785775729664,15.2528225401152,1.89106987726598,0.590909756288092,4.07694657220448,3.79389618731873,0.0236667255863218,0.0018168783745774,0.0009741994896665,13.423335752708,42.7684985276711,15.0
13.63541666,29.9672519116599,1.59145611135442,1092.37862689091,65.477146315701,2312.65187337004,122.370553595874,409.224690329602,1.69666237033969,12.4159789900431,3.97031573909807,0.622539963575032,4.54387260454129,4.17214590399894,0.0790178536899501,0.0052504213499134,0.0028612086923747,13.7484274236809,42.7010713667879,15.0,3033.60297140169,85670.0,240,29.9660131598998,1.35567260408838,1091.58180919066,56.3860286169526,2312.60326426537,122.659960164313,409.625278233997,2.72475089505205,15.2202428555499,1.73349338080972,0.586641023945213,4.04433434281863,3.79773697719233,0.0213295934213414,0.001656079272759,0.0008876111741179,13.4192199342547,42.8031781672324,15.0
13.64583333,29.9675483170827,1.57624843360429,1092.67906576693,64.777462368747,2313.97311320975,122.448195168872,409.471685184275,1.72381049738513,12.4319463604623,3.81414910359358,0.616793740109928,4.50352343000042,4.17128034044875,0.0740371976703219,0.004967990807413,0.0027080877072334,13.7355954383499,42.7289602096464,15.0,3034.55886143116,86365.0,240,29.9667218318519,1.34156686582582,1092.0654528538,55.8087346147342,2314.32798932229,122.749857818098,409.924564107148,2.81791090989656,15.1782434556497,1.60311063632412,0.582296971859518,4.01082610743999,3.80367928264735,0.0194635630780203,0.0015287248725523,0.0008192698483096,13.4155379422815,42.8351401598925,15.0
13.65625,29.9676182194774,1.55983117791229,1092.70132161334,64.0521472804559,2314.64454187026,122.492367442652,409.621147361225,1.75221427824415,12.4559266171024,3.69682129150824,0.612140867492957,4.46170834712526,4.16998149587622,0.0700098209314057,0.00473855406407,0.0025833628073986,13.7184201737394,42.7451273842351,15.0,3034.69248971413,84490.0,240,29.967120074438,1.32727799496528,1092.38036519386,55.2125900829904,2315.62159146412,122.819090691333,410.173135283943,2.90287869600699,15.1398867646489,1.49869770922189,0.578183446732627,3.97617591674285,3.80995583644647,0.0179918051102566,0.0014257163150469,0.0007634956428249,13.4107281475532,42.85990135717,15.0
13.66666666,29.9683558509791,1.54258399465898,1092.56443714619,63.2715402483989,2314.97180234509,122.519237379225,409.724950700894,1.77857238930981,12.4827738661571,3.61405290022227,0.607517018883669,4.4170001868766,4.16809587040856,0.0669420456533514,0.004559300975182,0.0024845813347407,13.7076943852997,42.7551757767402,15.0,3034.3553576974,83460.0,240,29.9675392813823,1.31185049897061,1092.50014646928,54.5505624679373,2316.45096664288,122.867412149925,410.362924643295,2.98520581000075,15.1219994872913,1.41242265028568,0.573896434137619,3.93787242785704,3.81400252518542,0.0167938523273702,0.0013417840536899,0.0007177513952954,13.4064578293224,42.8773398084534,15.0
13.67708333,29.9692955258186,1.52518828664195,1092.45295567602,62.4813102732663,2315.37465226941,122.549903360087,409.855561671837,1.80126518400645,12.4970075809382,3.55772124783041,0.603206079258032,4.37180566662761,4.16730471070241,0.064724026153826,0.0044303600082132,0.0024132849939084,13.7024779006108,42.7664657897812,15.0,3034.1106367803,82225.0,240,29.9681728586837,1.29619104665995,1092.49872862785,53.8655994419945,2316.99494842829,122.903362292499,410.521084318456,3.05535444587736,15.1120532434604,1.34873230049209,0.569552277393623,3.89828971255604,3.817014918451,0.0159144883469651,0.0012804475145864,0.0006841615188725,13.4037641655627,42.8904132194477,15.0
13.6875,29.9703773255462,1.50646713988824,1092.41312644432,61.646931507503,2315.97323048019,122.591833381842,410.034115900087,1.82541876831797,12.5068233464706,3.50902600948916,0.599130225896598,4.32436519158723,4.16636199298809,0.0626337083625076,0.0043077952711056,0.00234505076362,13.7011300338164,42.7816407339155,15.0,3034.0806588359,80185.0,240,29.9689686933111,1.27963067761429,1092.46402789779,53.1368631170938,2317.46919827785,122.938978018007,410.684926384301,3.12211098658965,15.1142322997832,1.29280913394529,0.565070057545995,3.85632533798566,3.81808833848523,0.015147776775851,0.0012256209743853,0.0006537614417568,13.401559470752,42.9033163777704,15.0
13.69791666,29.9716107037271,1.48686309443668,1092.44750653626,60.7847395698398,2316.77606598224,122.645363352455,410.262979090055,1.84631716652162,12.502817481729,3.48186407567345,0.594808007676339,4.27554993582224,4.16633025965838,0.061141448129603,0.0042178494673866,0.0022937172400735,13.7068247650214,42.800788985797,15.0,3034.28808263749,79030.0,240,29.9699408638045,1.2624373655027,1092.446636281,52.3790039269854,2317.99519088845,122.979952625216,410.874686377625,3.18492864081068,15.1189947573247,1.24689387804243,0.560405152487157,3.81282699850442,3.81826340686074,0.0145208465665644,0.0011814782978276,0.0006291231959291,13.400957810439,42.9180352849871,15.0
13.70833333,29.9725952161844,1.46653753048696,1092.51965280846,59.9201010078931,2317.66024000705,122.706003130614,410.525583558074,1.86383854448288,12.4909647219698,3.47092035148473,0.589474007106085,4.22665591663247,4.16687728545702,0.060174411796114,0.0041614357143741,0.002260916467283,13.712102132326,42.8223336056514,15.0,3034.6154355883,77825.0,240,29.9709640766819,1.24531956541288,1092.46513072345,51.6246422629029,2318.60999023306,123.028309070377,411.096354744572,3.23546619125419,15.1191577664356,1.21561338117231,0.555503293650466,3.76958761123116,3.81840270172893,0.0140871356347881,0.0011516548085244,0.0006122538626653,13.4010530693756,42.9352671426667,15.0
13.71875,29.9732905464999,1.44633886445099,1092.55898006517,59.065901916765,2318.40308339301,122.764880617668,410.791107966174,1.88057430484093,12.4841476781428,3.45086754958077,0.583232906460565,4.17833975388192,4.16701616259346,0.0592080343909185,0.0041094726415817,0.0022319427541384,13.7132575718662,42.843218229099,15.0,3034.82037914091,77280.0,240,29.9718930682261,1.22867861550672,1092.50230128379,50.8900180477248,2319.249707465,123.081828600342,411.341612132529,3.27679025097605,15.1166319623616,1.19231165976021,0.5503959060921,3.72749241030467,3.81847710513399,0.013762021193681,0.0011303491733284,0.0006001723109527,13.4008684057852,42.9542415200326,15.0
13.72916666,29.9736201142588,1.42743677775012,1092.49921290311,58.2432613115985,2318.79957499126,122.812971733155,411.028981963291,1.89999620600905,12.4920736906796,3.40232370862549,0.576676371623911,4.13164411349388,4.16617962216077,0.0577647005405837,0.0040338320059817,0.0021920791674691,13.7068630632665,42.860351275805,15.0,3034.68326563366,77010.0,240,29.9726204854287,1.21300472941727,1092.51794019848,50.195795404526,2319.7852967092,123.134377580739,411.591622999081,3.315168440603,15.1115808202007,1.16836776673184,0.545297709768629,3.68763625382014,3.81893157124917,0.0134374744282742,0.0011091896501684,0.0005884163602672,13.3996804051594,42.972843481664,15.0
13.73958333,29.9733165220882,1.41351963566235,1092.26910247941,57.5510666837994,2318.67225713492,122.837210476976,411.201405906123,1.91152315055744,12.4909956445754,3.35523249360508,0.571687172976459,4.09175341672462,4.16786720908336,0.0567769427865243,0.0039870334258735,0.0021694099900921,13.6992490072891,42.8691743254182,15.0,3034.05016275499,79575.0,240,29.9730468125646,1.20036858743647,1092.45988535416,49.6248804418259,2320.06137944629,123.175599472631,411.817539054501,3.33964490760926,15.0832661269358,1.15656116229592,0.540949964226981,3.65452349389606,3.82303258842566,0.0132749124791253,0.0011026909473026,0.0005852403017914,13.3994265102877,42.9874975177393,15.0
13.75,29.9705893767707,1.41434612728994,1091.58343571353,57.289117310495,2317.36497695642,122.791438203361,411.165683090431,1.88250974856626,12.4167307682087,3.40292674640815,0.570921973285001,4.07443986655222,4.18163057481922,0.0591742422762209,0.004144416906219,0.0022592076530272,13.6919455377774,42.8534978926141,15.0,3032.28611187514,89415.0,240,29.9726047352685,1.19763244234548,1092.21352545761,49.4521331408802,2319.79155605862,123.182606324511,411.949780737345,3.28408890763227,14.9656105223449,1.21954536012908,0.539104364611692,3.64315682109004,3.84010634457528,0.0140640306771074,0.0011749214847875,0.0006262758725451,13.4039128047859,42.9902523269282,15.0
13.76041666,29.9664173317509,1.41442734404481,1089.73046161906,57.1641424303331,2313.41564330552,122.606589197131,410.629854889255,1.87370383846008,12.4182760829863,3.4514799445401,0.574089740239265,4.06467250226529,4.18812630286205,0.0605254907200763,0.0042363024879139,0.0023106323501197,13.6512775747173,42.7893520260416,15.0,3027.25203260051,86850.0,240,29.9703014247796,1.19880384884829,1091.44331942883,49.4439924549484,2318.28709898266,123.126701115455,411.856434489963,3.21227339251184,14.8745776145855,1.28374970413364,0.539545683167245,3.64058994988519,3.85548445257772,0.0148662325007569,0.0012325855778678,0.0006573015338956,13.3981045593798,42.9710793875514,15.0
13.77083333,29.9661328408553,1.41650306120768,1086.87510861267,57.035643724484,2307.29071799393,122.307693900959,409.683927707263,1.87123407959248,12.4629084838711,3.49861067236151,0.576178958054072,4.05529415637673,4.18875774350011,0.0616103100808205,0.0042958716623088,0.0023407548034093,13.6300725566383,42.6853628880394,15.0,3019.40884112051,88675.0,240,29.9681970699979,1.19894644914364,1089.81890704263,49.3612110586924,2314.87716640999,122.97435535282,411.414426127153,3.18589033769288,14.8671567940088,1.31693821037526,0.539973852613337,3.63397438397491,3.86141439319404,0.0152803944978637,0.0012625693062312,0.0006728402612315,13.3920555999481,42.9182516222358,9.763493005986525
13.78125,29.9676011818039,1.41615616996696,1084.69595532618,56.9726555572896,2302.68224707714,122.088168850795,408.988931257644,1.87330825764897,12.506328650352,3.56200615462181,0.577990321621493,4.05026321066768,4.18764025255426,0.0625649357928091,0.0043449984989871,0.0023633252200019,13.6194677011933,42.6089907330918,15.0,3013.52771160161,85605.0,240,29.9674960142326,1.19867565461557,1087.69853376974,49.252770827241,2310.38683253395,122.7663531501,410.765209421618,3.17141017267866,14.9070236031898,1.34152809222919,0.5404301632876,3.62604339489118,3.86126406526126,0.0155693704389094,0.0012794889641762,0.0006805548112552,13.3881012500949,42.8459571654934,15.0
13.79166666,29.9708189559801,1.40997840698274,1084.35079237787,56.8200147626864,2302.09219552149,122.088242243782,409.017699057965,1.88263208712514,12.5674946930227,3.60726034004905,0.57611505318355,4.04187537641341,4.18154798270705,0.0627041901340533,0.0043410182877498,0.0023555240591477,13.6202858661041,42.6091589617384,15.0,3012.73357719414,81775.0,240,29.9683473472645,1.19450490722842,1086.10103804884,49.0109706717064,2307.05837824814,122.62533689658,410.321372096661,3.18956914061813,15.0031888756146,1.33456086533536,0.53945267652261,3.61137854378226,3.85250206337702,0.015449979991657,0.0012652296195517,0.0006709158676072,13.3852892874377,42.7969511267716,15.0
13.80208333,29.9749777513667,1.39526054761045,1085.17164109957,56.4088677399383,2304.11176570895,122.238475757777,409.542086982424,1.90996152506278,12.6657871201418,3.58259202274768,0.571329652700443,4.02004375996437,4.16790535150442,0.0608074087321031,0.0042213414383585,0.0022859578318343,13.625679743549,42.6616942831913,15.0,3015.10089867889,74810.0,240,29.9704753903937,1.18405016987566,1085.4769113918,48.5494971217412,2305.87514231057,122.607061449817,410.278430102573,3.25250745371561,15.155477135368,1.27788406056402,0.536487918424985,3.58526708236322,3.83452457924807,0.0147010614604442,0.0012033010956587,0.000635428845636,13.3822926282891,42.7906788198555,15.0
13.8125,29.9788244842501,1.38473777940984,1086.49335339953,55.9635461047422,2307.25914538263,122.450138406253,410.302787130016,1.9204798349207,12.7003035711651,3.53806753356657,0.56625187623171,3.99603942501458,4.16071616213519,0.0596272591424538,0.004149813444697,0.0022467280367619,13.6506735458646,42.7356187002946,15.0,3018.9034418426,77385.0,240,29.9735462096654,1.17286552207802,1085.65670942637,48.073650946229,2306.44065613325,122.682749937143,410.56851859544,3.31661742153915,15.2714023683684,1.22904360296387,0.532799210360244,3.55873376031948,3.81967524037668,0.0140797520569058,0.0011624537535533,0.000613505670064,13.3855652941719,42.8171456344976,15.0
13.82291666,29.9777599689958,1.39084886660262,1087.68114059004,55.9836148404702,2310.09161525266,122.62738182258,411.004237018996,1.8755450958864,12.5643267307801,3.62958938434887,0.567659357753822,3.99584194426954,4.17656920464825,0.0632924939833624,0.0043723158253873,0.0023700047305874,13.680424046458,42.7974292863122,15.0,3022.6390641083,88115.0,240,29.9760640882513,1.17315361059624,1086.40374262554,48.0802075971922,2308.21524733019,122.809211367337,411.068245569399,3.25848967156724,15.2081737366826,1.30024593956816,0.532079409492688,3.55880493342614,3.82716104775223,0.0149819923055468,0.0012448707878547,0.0006603337641476,13.3976446933729,42.8613369329712,15.0
13.83333333,29.971493110154,1.40290753907018,1087.14989844637,56.2916960262297,2309.12666676029,122.592996685853,410.982650743329,1.82657750043329,12.4329882725777,3.78747870235969,0.574634331175903,4.01038561008734,4.19557496528748,0.0686718873922447,0.0046979287118188,0.0025487331317176,13.6707578444124,42.7853738732511,15.0,3021.69696190149,92055.0,240,29.9751785677385,1.18267478177361,1087.00724219744,48.4758568326031,2309.697645377,122.911133924677,411.490832362543,3.1170542369862,15.0518312727358,1.44530925431297,0.534953378172005,3.57990794145057,3.8470457813881,0.0168577141287508,0.0013889414091526,0.0007396864986521,13.4029853125334,42.8969785045392,15.0
13.84375,29.9675929906468,1.41377522828831,1084.25838303996,56.5615653189245,2302.95558983919,122.284250575075,409.987903469173,1.80623551305592,12.4136042923261,3.907811511791,0.581299055215689,4.02335670536074,4.20276511635474,0.0722097924043167,0.0049047068516357,0.0026601251817874,13.6471231915753,42.6776379278683,15.0,3014.04399762765,91780.0,240,29.9719616888831,1.1922246202059,1086.31894987778,48.837265296036,2308.38661157212,122.866221139078,411.387975427827,3.01393975529007,14.9677853184723,1.55912167257255,0.538502395414645,3.59885333066681,3.85933201858305,0.0183611096479571,0.0014940192176012,0.0007959703213169,13.3991471448362,42.8813878525162,15.0
13.85416666,29.9671181749148,1.43327160547047,1081.01489206246,57.0423000104218,2295.96238060164,121.925468178147,408.805600544954,1.77333645233087,12.3814815056737,4.0875403161875,0.5891892313796,4.0485938167133,4.21134205266564,0.0776206480011028,0.005198466550733,0.0028151450498167,13.6436905680748,42.5523142075226,15.0,3005.47721670386,96975.0,240,29.9695155896939,1.2047327527309,1084.2470493313,49.258366090474,2304.03987180446,122.65571013377,410.70518151331,2.92195556945932,14.9176270456394,1.68789131151227,0.542822886162053,3.62105896995189,3.8688791540312,0.0201142881100915,0.0016211317121964,0.0008644707914455,13.3993544363457,42.8080018333792,15.0
13.86458333,29.9688168222472,1.4374038368176,1079.56309656169,57.4289864396669,2292.90946579796,121.780816735914,408.29781151716,1.77310959936139,12.414959468467,4.23759993492729,0.594436887902807,4.07110304220288,4.20896897465117,0.0803310701202564,0.0053454027283099,0.0028890672349027,13.6370083270698,42.5016750274833,15.0,3001.86138905991,86760.0,240,29.9685167578218,1.21247582743393,1082.0905684826,49.5188009911654,2299.52557583458,122.441919352439,409.967795875065,2.86973401218413,14.9689588921421,1.76665910869909,0.54633986539972,3.63505770824199,3.86481481993698,0.0211348949681354,0.0016776437996454,0.0008916592194961,13.3948652961969,42.7333869006758,15.0
13.875,29.9751276785679,1.42960052857516,1079.88604401999,57.3862217819695,2293.92059163636,121.865799976622,408.539706367011,1.79102217484093,12.5014345102612,4.28913376849863,0.590830367977035,4.07109173178881,4.19549102651728,0.0795688775033813,0.0052823362511945,0.0028462185438013,13.6562500346934,42.5311587598596,15.0,3003.09714190636,80300.0,240,29.9702406287914,1.20885399179484,1080.90548745504,49.3419165238617,2297.19454936185,122.358617036967,409.63166162667,2.90028892236669,15.1514374521519,1.73421622882574,0.545456541548499,3.62593699641375,3.84154947196327,0.0206272423832055,0.001627995735588,0.0008611757991957,13.3923299119402,42.704184606264,15.0
13.88541666,29.9801602489533,1.43209196375509,1081.39591041688,57.4588439166827,2297.67501246825,122.090715050506,409.291303851003,1.76762828938273,12.4553252114301,4.42400982240562,0.588777080075938,4.07603333491966,4.19581433790828,0.0830410333969106,0.0054555436695538,0.0029335786226723,13.7035621116616,42.6092280685366,15.0,3007.89076032889,85760.0,240,29.9741301108794,1.2072226515425,1080.79056263257,49.26167263567,2297.25220538276,122.397021248308,409.722083462388,2.89753897454344,15.2529104911857,1.76140573545491,0.544265847742389,3.62232880870175,3.82652187910556,0.0209976197257895,0.001660289402468,0.0008785279920586,13.4019685589677,42.7173615754799,15.0
13.89583333,29.9767751509305,1.46042754653377,1082.81707133272,58.2201722135713,2301.23158699722,122.280413649277,409.971832823493,1.68174892668441,12.2057262451861,4.78764948055512,0.598240546091016,4.1168331305024,4.2229492820937,0.0963349395817834,0.0061804304125924,0.0033263487161704,13.7491476547868,42.6745544926836,15.0,3012.89672363172,101520.0,240,29.9767469992364,1.22299246872545,1081.58722412145,49.915747530199,2299.35253135676,122.518155058663,410.134732257981,2.7421116909846,15.0920852888451,2.02844474839409,0.548419044466914,3.65892308992771,3.84382492736903,0.0248856423168289,0.001954666433175,0.00104079446483,13.4235758852537,42.7593029583912,15.0
13.90625,29.9696758581938,1.47485106965425,1081.5143130499,58.9373254382827,2298.73545526059,122.149656956108,409.507296853736,1.6500947606182,12.1062337699135,5.07306688455955,0.610454572586503,4.15677193550253,4.2346707463224,0.10659348921771,0.0067666994641677,0.0036514121943124,13.7266207073832,42.6280465984944,15.0,3010.10407061783,94630.0,240,29.9742720048237,1.24101318646199,1082.00150725621,50.7142366066034,2300.69124506089,122.596012317815,410.372982722952,2.58025506483463,14.938414432052,2.31784097731525,0.555396342227832,3.7035496506835,3.86024543931414,0.0292744531449995,0.0022498995695135,0.0011997843814134,13.4240066980702,42.7860165843041,15.0
13.91666666,29.9709016169387,1.48371051738883,1078.44821031486,59.3202426858786,2292.38220260962,121.824705578031,408.341166826679,1.64771383776125,12.1305617672305,5.19447498678703,0.613286002477483,4.17908057310615,4.23143699902009,0.109946628709403,0.0069419631492767,0.0037453541499321,13.7234874937487,42.5140730326896,15.0,3002.12295078582,93700.0,240,29.9720222468294,1.25085856536266,1080.84438923396,51.1057466604781,2298.61076632091,122.504630911779,409.988547829449,2.51657775403155,14.9556072653694,2.45743232134085,0.55879657143293,3.72626719267194,3.85579336633165,0.0314604662445834,0.0023866766043665,0.0012708488829877,13.4198989752244,42.7536151293774,15.0
13.92708333,29.9738111248915,1.49666412103475,1077.14180000589,59.8614636810494,2289.84450974417,121.7024605138,407.852131939218,1.63624679169041,12.1178240888916,5.29277463683163,0.615463499771448,4.20990827070847,4.23150360043125,0.113245997851281,0.0071100215802801,0.0038365987568669,13.7356221236666,42.4708823463928,15.0,2999.15493617289,94985.0,240,29.9723377301152,1.26133097044423,1079.09813111645,51.4934460981686,2295.22103214291,122.340971151823,409.350953031616,2.47373858827219,14.9801499896496,2.56435671632604,0.561577715248758,3.74858686116439,3.850909648981,0.0332148879119247,0.0025002626641364,0.0013310544488495,13.4227954800868,42.6960079072802,15.0
13.9375,29.9766635110692,1.49532551193974,1077.78727269955,60.1995909313702,2291.59688594953,121.820100908192,408.142383487545,1.64658797749016,12.1680843508703,5.29666696669323,0.614140467787091,4.23070783096582,4.221780384765,0.112678247641863,0.0070887366039227,0.0038260267270161,13.7332989287643,42.5115007472825,15.0,3001.54330104261,86795.0,240,29.9737827919541,1.26597165549207,1078.23805779206,51.6997747297849,2293.76885772713,122.288662192323,409.06522759716,2.46668405682472,15.0693391237808,2.57546714348397,0.562665739896206,3.76113702787715,3.83681695506585,0.0333137990711598,0.002495165774179,0.0013263150359545,13.4193686117442,42.6772946485086,15.0
13.94791666,29.9780882096782,1.51845024961048,1079.10530245729,60.8845790743864,2294.77071268343,122.00566908923,408.694422953966,1.60378109288898,12.0865725443006,5.3951502949752,0.615714855989165,4.26940053267434,4.22835851607692,0.117760435479406,0.0073334773948837,0.0039601566105116,13.7688827819556,42.5756619173607,15.0,3006.02726113175,102720.0,240,29.9761294357997,1.2781359782426,1078.39152558637,52.2183653450945,2294.47614770377,122.33971577197,409.152849807889,2.42669929883517,15.0348380975899,2.66826716773312,0.564879010212268,3.79115953981792,3.83831044295954,0.0351417824416332,0.0026293386496888,0.0014015836177006,13.4323069427395,42.6946464909499,15.0
13.95833333,29.9732905908226,1.536295601328,1079.23986805604,61.7750854360023,2295.20010210732,122.041945667666,408.717677963265,1.58214512638799,12.0437921555596,5.49013836987403,0.624118602283774,4.32000993298863,4.2323567022075,0.123944044533407,0.0076869931379594,0.0041653342912073,13.745838985673,42.5875864068774,15.0,3007.17169922788,98980.0,240,29.9755854147068,1.29679608869679,1078.93746456943,53.0862257184646,2295.98559567729,122.423321213668,409.357171342079,2.35237248190754,14.9133728568621,2.83069352899944,0.570743711514972,3.84049438718157,3.8514444270923,0.0381617681484357,0.0028315046897711,0.0015136740282379,13.4339268469231,42.7233647372828,15.0
13.96875,29.9738228510639,1.54503580704921,1077.17912360271,62.2699221087583,2290.83567319195,121.831201581377,407.87720206848,1.58884041288063,12.122749646593,5.45092931653556,0.625738429643482,4.34934023636118,4.22238873045771,0.123119372968831,0.0076485218170053,0.0041473081107038,13.7248477985994,42.5136305469065,15.0,3001.88006482514,96325.0,240,29.9743070997835,1.30798952891427,1078.51889147355,53.5955023237343,2295.36500817626,122.406710878952,409.182982691845,2.33354923861568,14.9383548712682,2.85636883901715,0.574129763756139,3.87054492846286,3.84658083001397,0.0386765359005978,0.0028570565363673,0.0015271074855282,13.4261422269931,42.7171338066819,15.0
13.97916666,29.9770232226592,1.55151755648221,1076.18952299455,62.6727220755231,2288.8352066921,121.748451933113,407.467686608627,1.59961781963805,12.2072118653786,5.33417684747365,0.624189487104721,4.3730197161689,4.21116146953399,0.119479127240811,0.0074579560246183,0.0040446773688387,13.7171995644717,42.4845815016818,15.0,2999.54862885419,94310.0,240,29.9749657729429,1.31537631073015,1077.42341870015,53.8986632837241,2293.24942557259,122.315188008098,408.744397338682,2.34639909813983,15.0246576037605,2.79595385027204,0.575616351424556,3.88885086059583,3.83441531639557,0.0376310840238176,0.0027817219217182,0.0014862361510853,13.4216375108019,42.6848533684095,15.0
13.98958333,29.9800428723319,1.55458563389039,1077.06048069098,62.9877265596993,2290.93969922155,121.88701134041,407.808394880863,1.61193057815012,12.2847969532377,5.15232702280685,0.621740521492605,4.39180953470374,4.1997710944252,0.113894125034337,0.0071671204557467,0.0038885715926623,13.7145367021052,42.532968700377,15.0,3002.41221104541,92045.0,240,29.9769305831915,1.31957807655754,1076.98656805838,54.0914112145219,2292.56679107049,122.301933371179,408.571963545488,2.3798763270213,15.1247787647203,2.67082292390089,0.57605089069939,3.90077177513255,3.82031666688385,0.0354963206292594,0.0026361377339815,0.0014082328830766,13.4186549281077,42.6800246354739,15.0
14.0,29.9789202667505,1.58208607816673,1078.45869601696,63.8773563994788,2294.03785762887,122.064206764197,408.317573341222,1.57728559801943,12.2225453890717,5.06611655885545,0.624849844445303,4.44092105020435,4.20713308428106,0.11466083599105,0.0071988065225163,0.0039123049733278,13.7280326786672,42.5947596010703,15.0,3007.01283731385,107385.0,240,29.978719389959,1.33500887677852,1077.47501585086,54.7788777118071,2293.80617168267,122.371755931294,408.725587722814,2.36846656164438,15.0477133258002,2.64969695901342,0.579150914201562,3.93971612358535,3.82977724642701,0.0355711549428315,0.0026576935283454,0.0014258462051539,13.4285347141745,42.7043221281547,15.0
