Time [days],S_I,S_S,X_I,X_S,X_BH,X_BA,X_P,S_O,S_NO3,S_NH,S_ND,X_ND,S_ALK,S_NO2,S_NO,S_N2O,S_N2,X_BA2,Temp,TSS_influent,Flow_influent,Kla,S_I_reactor,S_S_reactor,X_I_reactor,X_S_reactor,X_BH_reactor,X_BA_reactor,X_P_reactor,S_O_reactor,S_NO3_reactor,S_NH_reactor,S_ND_reactor,X_ND_reactor,S_ALK_reactor,S_NO2_reactor,S_NO_reactor,S_N2O_reactor,S_N2_reactor,X_BA2_reactor,Temp_reactor
0.0,30.0,1.31417122979895,1147.25732746074,56.5791368208264,2409.7649644496,130.945546306607,423.056401841551,2.46773078529964,14.7368242175021,1.88959859298314,0.576628341249935,4.1195218714717,3.82633629064853,0.0240663064030141,0.0018816525370014,0.001023259401281,13.4244541870652,45.8310598813657,15.0,3160.07582757051,107385.0,240,30.0,1.14831525351022,1147.25732746025,49.3656478276255,2410.72928736222,131.174806021811,423.898349331289,3.97754686642802,16.3191583118559,0.614820499087144,0.536488866389103,3.70576392519588,3.62348580466363,0.0068609219418712,0.0005858797545748,0.0003069986327891,13.343307031514,45.9115359014581,15.0
0.010416666,29.9977972559659,1.33916193052342,1147.1192207386,57.6612749382613,2409.20561214101,130.882523778525,422.897124876911,2.32889113873782,14.4751858702039,2.13303466763595,0.582642048183213,4.17963543593478,3.86207520936222,0.0282749499546365,0.0021961106706347,0.0012017092097893,13.4387981114994,45.8089851902719,15.0,3160.18105624768,107370.0,240,29.9995295900055,1.16796556130078,1147.23270178945,50.2267287714131,2410.55900286846,131.148649134849,423.788188225401,3.74978448953782,16.1607619242764,0.740381525400187,0.54155604412509,3.75494314560276,3.64364178831266,0.0083068128093757,0.0007057199013154,0.0003732577045871,13.3499663531812,45.9023263097921,15.0
0.020833333,29.9937549523043,1.35768625037262,1146.03273118324,58.5026466166491,2406.64500173943,130.726393948454,422.37105774622,2.28860296766037,14.4531791662843,2.17494362275066,0.58762710825363,4.22403861530513,3.86791241001082,0.0290246290577231,0.0022294611642384,0.0012179090191093,13.4223574593709,45.7543823595768,15.0,3157.52416019518,98100.0,240,29.9972139117392,1.18215798500077,1146.89968230689,50.8522531840901,2409.75061060315,131.095724069117,423.577050263538,3.64841122067581,16.1209690041517,0.775243861218491,0.545556726778827,3.78962253873529,3.64924980409308,0.0087350298680171,0.0007314096946253,0.0003864968895106,13.3462683211886,45.8837767821611,15.0
0.03125,29.9937750255726,1.36981039355153,1143.87438829217,58.9980304537691,2401.93623709342,130.458934543993,421.461165035797,2.32032641221833,14.5530115194756,2.09476445064734,0.590282243341412,4.24752673883618,3.85794355960464,0.0276903969008253,0.0021258628180329,0.001159165576552,13.4155537300259,45.6609293692396,15.0,3151.79226359129,96670.0,240,29.9951888665619,1.19031688080056,1145.80641624102,51.2026631607675,2407.35952920611,130.955980318189,423.091778984641,3.68817514421463,16.1729161366515,0.740550943574064,0.54795192364322,3.8073279781248,3.64443839161632,0.0083431029038804,0.0006970085606958,0.0003675516494682,13.3428063880166,45.8349522665139,15.0
0.041666666,29.9963791244552,1.37848451706253,1142.45316226064,59.3698162821001,2398.99495420322,130.283461014513,420.860151304608,2.35205683080217,14.6222214668686,2.02712284736232,0.592107150089926,4.26386876915292,3.85039404703305,0.0265885482819082,0.0020453054859096,0.0011146229841068,13.4165772527908,45.5997332579166,15.0,3148.17095874225,94890.0,240,29.9951746221799,1.1970257812406,1144.29749743963,51.476707009392,2404.16150824749,130.764467503693,422.453253977344,3.75172728731761,16.2259671294177,0.702003205171018,0.549900651315896,3.8197430321082,3.63992793098432,0.0079006893041664,0.0006613501362986,0.0003483738797324,13.3422249244501,45.768112040552,15.0
0.052083333,29.9989826241068,1.38014805706489,1142.71768613519,59.4975991630917,2399.85826150932,130.317458579482,420.941309783022,2.37961316671448,14.680640670686,1.97344898771815,0.592418159004498,4.26795945519545,3.84207993056506,0.0257030678957705,0.0019803938968779,0.0010785350077328,13.4179471637547,45.6118103655194,15.0,3149.20809415172,91605.0,240,29.9965725091775,1.19968898915383,1143.35590090636,51.5893121991577,2402.31407883863,130.643998417292,422.056587531896,3.82194148138051,16.2748636582722,0.664180145673356,0.550721783878716,3.82310496381696,3.63513911013188,0.0074651841627719,0.0006266988822659,0.0003297064424784,13.3419375030339,45.7261810947827,15.0
0.0625,30.0010605796567,1.37511721097397,1144.01015007368,59.3531632362821,2403.08990744643,130.485529358766,421.457060167491,2.40072870978674,14.7425245633981,1.94292952792361,0.59101016108229,4.25816890711162,3.8314347548566,0.025176405723032,0.0019424654242564,0.0010571159337826,13.420457683435,45.6706908084582,15.0,3153.04987581833,89275.0,240,29.9983998474889,1.19724214689355,1143.37317425381,51.503664304305,2402.65381453325,130.645228860073,422.060360590576,3.89013660091766,16.3251455862282,0.632829142376035,0.550026321554669,3.8160677594817,3.62879145833791,0.0071020507216975,0.0005986057378547,0.0003145619629336,13.3418168003557,45.7268116030646,15.0
0.072916666,30.0026807030199,1.36583377824209,1145.5358460377,59.0140385125776,2406.962626717,130.693775176021,422.100520268314,2.40881550934327,14.8138831408548,1.9460031692288,0.588388757381166,4.23790602483214,3.81791154734248,0.0251574754447933,0.0019403051180349,0.0010549247309318,13.4234663447569,45.7434556359158,15.0,3157.53769676064,86185.0,240,30.0001809970334,1.19038865559517,1144.11064415125,51.2377419182905,2404.65117090462,130.74301743963,422.375909163012,3.94390774546657,16.3866525510721,0.612279299701865,0.547940127709336,3.79958391401572,3.61943123598535,0.0068609113108711,0.0005805320761872,0.0003047239879248,13.3418574790862,45.7611301124912,15.0
0.083333333,30.0040714934125,1.3526523882529,1146.87441079571,58.4809269775823,2410.55950070943,130.894153872124,422.71140674219,2.41456035293183,14.9160093720262,1.95690622571877,0.584358977409297,4.20678931941489,3.79889917021388,0.0252371494171722,0.0019448812336405,0.0010560966406992,13.4250106702739,45.8132756217155,15.0,3161.50025603907,82265.0,240,30.0017579310746,1.17932652321926,1145.16451977569,50.7849694568233,2407.42605319442,130.892155699115,422.852770456201,3.99405775883134,16.4776410364415,0.595017988555523,0.544480448126288,3.77289250149624,3.60472959482219,0.0066562160044661,0.0005654119251547,0.0002963463020158,13.3415103980958,45.8132672571786,15.0
0.09375,30.0054659484373,1.33832556740481,1147.95708294806,57.8661513596157,2413.67418361513,131.072830967912,423.257264985601,2.41398871525423,15.0082487008421,1.98219487416069,0.579399778613672,4.17107805407002,3.78024713404084,0.0255664976190469,0.0019717719837382,0.0010703320891936,13.4285478253691,45.8753470139994,15.0,3164.77714566773,82740.0,240,30.003229178485,1.16711770919419,1146.27075745219,50.273374237402,2410.38445375386,131.058645334575,423.378484662652,4.02275111334973,16.5787094436062,0.591160006558894,0.540396490312627,3.74299945374408,3.5872678442374,0.0066027330174869,0.0005635077542694,0.0002952106527701,13.3418337299093,45.8713038564085,15.0
0.104166666,30.0063643016477,1.32366017450409,1148.79789340612,57.2189380260241,2416.27772466853,131.229026440775,423.740326885577,2.40931367147775,15.0799954845787,2.00762515154392,0.574363411671302,4.13349255881033,3.76419571060494,0.0258935039874821,0.0019970596279819,0.0010835772443123,13.4298108567223,45.9294812195008,15.0,3167.39504298489,81475.0,240,30.004552056872,1.15528700547041,1147.29956029161,49.7687122655453,2413.22256408546,131.225726800777,423.89845915385,4.02604725486101,16.6767668630047,0.595361187066421,0.536273034787449,3.71353496025132,3.56900098018092,0.0066427721761507,0.0005683563238876,0.000297634344764,13.3422019804177,45.9293883953747,15.0
0.114583333,30.0067883272681,1.3015413178691,1149.34229569987,56.2282288928733,2418.23266284195,131.367623299787,424.158149366231,2.46128303340974,15.2390247986635,1.92129105826906,0.567869717529174,4.07700994808352,3.73747322261134,0.024399594746834,0.0018873303607013,0.001021257479925,13.4208062809007,45.97749471436,15.0,3168.9798411113,73715.0,240,30.0054793657354,1.13798062816131,1148.12612949392,49.0140510921151,2415.63801337322,131.380717480941,424.389500214964,4.10285073209534,16.8125111348806,0.558659673111933,0.530847669141249,3.66999313953446,3.54590973128938,0.0062222227253159,0.0005337929512499,0.0002784242079568,13.3397716519951,45.9831932120142,15.0
0.125,30.0078014205682,1.27029763912036,1149.68868864638,54.8263692287549,2419.71181659525,131.499244723654,424.554725262394,2.60110466934545,15.4933040017128,1.71026761087774,0.559294280221132,3.99792858113181,3.69910482499824,0.0211011412902495,0.0016512783575473,0.0008899698231318,13.4101996202283,46.023156236922,15.0,3169.72800052001,68065.0,240,30.0062349837116,1.11296747543509,1148.7259252566,47.9142223411109,2417.51755475488,131.515414545234,424.850298648959,4.30005205575766,16.9820266561176,0.47904407731853,0.523468145147268,3.60696444262071,3.51965559619712,0.0053205092525859,0.0004604232206285,0.0002384208503752,13.3361606431437,46.0299630931905,15.0
0.135416666,30.0096512944107,1.23463941499044,1150.04639430174,53.2401528415239,2421.11806638996,131.636643933036,425.000790108411,2.80258136577324,15.7509732752854,1.46035514989806,0.549507246969747,3.90861039857683,3.66082024791001,0.0174866708589717,0.0013942995307735,0.0007486195088051,13.4028738256864,46.0709324982772,15.0,3170.3347350547,64035.0,240,30.0072465314826,1.08402610994444,1149.18838125923,46.6337710967504,2419.00532433372,131.633176678762,425.301943176766,4.55397089191707,17.1380941619523,0.394612031022167,0.51489424543953,3.53363020445673,3.49642705437909,0.0043733960510283,0.0003826562608231,0.000196363056753,13.3335220860304,46.0709044116102,15.0
0.145833333,30.0118393645003,1.19735668550952,1150.53630370751,51.5972385027135,2422.68284708866,131.787304082154,425.5370787228,3.04907571165764,15.9630905684718,1.21548588440516,0.539447665787102,3.81606136426587,3.62899607451915,0.0141830748096834,0.0011575858684564,0.0006192236089025,13.3973405357935,46.1234485949802,15.0,3171.19816552412,60865.0,240,30.008626570399,1.0537639875442,1149.61633285111,45.2878165158059,2420.29570254336,131.743678045056,425.776609362572,4.8163879707046,17.2572291689983,0.321920497399039,0.505767147781066,3.45643436607559,3.47899704349908,0.0035653707828129,0.0003145456553725,0.0001596785449933,13.3316343852855,46.1094054727579,15.0
0.15625,30.0138772039969,1.15941970297462,1151.15501329482,49.9372060146151,2424.38755912076,131.947678512365,426.158763635641,3.33560973211032,16.1156118864658,0.989137793725469,0.529275154511284,3.72248874053592,3.6056905968817,0.011303773055698,0.0009467861612014,0.0005042639193965,13.3920338521637,46.1794730131423,15.0,3172.32427019351,57665.0,240,30.0102304881524,1.02325099704543,1150.07680533033,43.9265857361423,2421.51824959746,131.85442329502,426.297423957121,5.06895959560553,17.3340659143575,0.262522599753911,0.496399083279695,3.37821577002001,3.46788093910031,0.0029099809869309,0.0002571810716978,0.0001288490421316,13.3300461769806,46.1480908584187,15.0
0.166666666,30.0155741436081,1.12567707050099,1151.86857350074,48.4573564132867,2426.1271381726,132.105768169613,426.838796052158,3.59843345726225,16.1432165242439,0.83234963111402,0.519624042525663,3.63899087129336,3.59967568489601,0.009387477986719,0.0008095464200933,0.0004303135565862,13.3927723676369,46.2348171578843,15.0,3173.72433709971,60990.0,240,30.0119397773931,0.996054997932866,1150.61789872779,42.7113643585816,2422.78320723021,131.97091894466,426.868502745023,5.26024590526405,17.3429701770813,0.226901463306827,0.487711199227309,3.30824898959927,3.4658240046322,0.0025165762066839,0.0002221183917496,0.0001100290282429,13.329847116737,46.1888490121805,15.0
0.177083333,30.0164210767715,1.09542256204597,1152.56060470772,47.1264229086167,2427.65944710444,132.253068867425,427.530124842658,3.82808203837409,16.0916676567362,0.707840809714981,0.510946391017197,3.56365940223208,3.60525255544605,0.0079116304216211,0.0006971772756983,0.0003694850263424,13.3900321524596,46.2864801552683,15.0,3175.06211143959,58200.0,240,30.0134943308965,0.971950138902611,1151.22567644992,41.6346582667117,2424.06337175713,132.093193544212,427.484486501362,5.40521402525525,17.293720219888,0.200966299132277,0.479840576885337,3.24616451214993,3.47155333125902,0.0022314462639667,0.0001960532881349,9.60551994166663e-05,13.3295750331904,46.2316783303956,15.0
0.1875,30.0164260915396,1.06699228601157,1153.05050900785,45.8667237645257,2428.60543326626,132.369576475539,428.162201055224,4.06388917156544,15.9969078275233,0.602233828543132,0.502699779747863,3.49198181460143,3.6183865441395,0.0066874720058095,0.0006044323684204,0.0003197336330957,13.3867842947566,46.3274590410468,15.0,3175.78642695783,59890.0,240,30.0145973982542,0.94964726737348,1151.82519759758,40.6390874253678,2425.19526101781,132.211728546755,428.118884194539,5.5381500990282,17.1997255548319,0.179854211613919,0.472497239556557,3.18861490759145,3.48388531423912,0.0019995315849156,0.0001740592219805,8.42894351492549e-05,13.328928280607,46.2732700536579,15.0
0.197916666,30.0156772315148,1.04592778653773,1153.20529390193,44.9052297542671,2428.66353328154,132.435446085035,428.668279406687,4.19813200249479,15.8013901509877,0.555600793594009,0.495823392212347,3.43672498530001,3.64670713267392,0.0061488905998528,0.0005708949768223,0.0003031388734095,13.3894675973534,46.3507849268412,15.0,3175.67142551723,66360.0,240,30.0151808818795,0.932912433167973,1152.34859409743,39.8889002588826,2426.06283341837,132.319332055261,428.729188687791,5.60416614418392,17.0305644628342,0.172727896943669,0.46669093011467,3.14508583105415,3.50640043692499,0.0019189863246686,0.0001675875086043,8.09008080953385e-05,13.3298137462833,46.311061352885,15.0
0.208333333,30.0138899893431,1.02710270309,1152.89574554866,44.0354645134702,2427.60290918379,132.444866673763,429.002003276415,4.32443222882993,15.6148197399303,0.501924907466,0.490147871361805,3.38585275430949,3.67630335663023,0.0055415200735461,0.0005228331926588,0.0002776208592197,13.3829844048129,46.3543931198476,15.0,3174.25153673696,62260.0,240,30.0150232066593,0.918444747653006,1152.63753772879,39.2338302570868,2426.31551400336,132.397477109046,429.262847644181,5.66233774481641,16.8307890509308,0.163654463966757,0.461708163138206,3.10673609891694,3.53433072734368,0.001819172014899,0.0001586958025441,7.62114703372251e-05,13.3292905049361,46.3385902040559,15.0
0.21875,30.0117983438218,1.00997858813806,1152.0295860466,43.2195643997727,2425.24514550348,132.384680089556,429.124526074225,4.4602004455796,15.4415794936852,0.459557590240109,0.484823038119015,3.33731182550898,3.70676179150457,0.0050630041298593,0.0004904841613521,0.0002613775732048,13.3784557474966,46.3337071813325,15.0,3171.25290697123,67265.0,240,30.0141182209437,0.90526389962068,1152.57256166822,38.6261608102824,2425.70291728356,132.430982083421,429.672055898944,5.72701935911456,16.6200834047586,0.155617523522833,0.45717666631994,3.07065790097684,3.56574306891181,0.0017303122810823,0.0001504612991032,7.19098161681525e-05,13.3284217481352,46.350564112931,15.0
0.229166666,30.009653893436,0.99798011485282,1150.59263735941,42.605004605132,2421.57165434918,132.253648031768,429.020059281992,4.51445126814912,15.2561207941563,0.446323770593928,0.480730154208109,3.29955125393813,3.74078565981047,0.0049103308711656,0.0004848137336648,0.0002594018981725,13.3755352598955,46.2882467658053,15.0,3166.74843779496,69075.0,240,30.0126796534744,0.895685651666832,1152.03918858061,38.1632163244067,2424.00848377673,132.407725754033,429.901041500229,5.75303674322045,16.3892382707654,0.153888165530016,0.453700980651085,3.04245485442257,3.60163420003829,0.0017095664135852,0.0001499389811289,7.1732631215267e-05,13.3283052425588,46.3427076575296,15.0
0.239583333,30.0075287611971,0.987856502118651,1148.84859256361,42.0679770790638,2417.1833683253,132.087275076457,428.791159901636,4.56122095898847,15.1120918378855,0.433643076048402,0.477411056661963,3.26576478393874,3.77068724603023,0.0047656479679214,0.0004763208012226,0.0002552094995217,13.3697574964247,46.2304138118487,15.0,3161.40659006844,69015.0,240,30.0109278703325,0.887516544130427,1151.04670613848,37.7491516902521,2421.25634465118,132.329544654791,429.955835109947,5.77616443749072,16.1774078947812,0.151815592268095,0.450743685035611,3.01657310430211,3.63699720168433,0.0016856362948896,0.000148535369131,7.10038480896378e-05,13.3274492230195,46.3156611370971,15.0
0.25,30.0059829511597,0.97527349134719,1147.04690524666,41.4365950220929,2412.6390059758,131.91706590795,428.542034112317,4.67362469139924,15.0460852934094,0.397079576818148,0.47381714255335,3.22661078288521,3.79075391826251,0.0043589772043045,0.0004381284636453,0.0002336573109854,13.3612600895569,46.171223782555,15.0,3155.81462253553,62570.0,240,30.0091958662235,0.877612063957484,1149.77237457382,37.2514355156817,2417.82230479691,132.216988900332,429.910562020514,5.8348464622553,16.0230112135235,0.143546268376627,0.447371534821743,2.98550729559532,3.66655232924289,0.0015955586456244,0.0001387773782183,6.56805404777998e-05,13.3255969393427,46.2766211007285,15.0
0.260416666,30.0056466856228,0.961528929027617,1145.41465007337,40.7589032891794,2408.40850612266,131.765159363783,428.361235144318,4.80990975045701,15.007063253639,0.362683290402122,0.469640701356661,3.18530009510009,3.8069399367268,0.0039766565484925,0.0004063056254684,0.0002163678617201,13.357526726178,46.1184315702724,15.0,3150.62016417269,62710.0,240,30.0078411084818,0.866458678475866,1148.36773305432,36.695024279843,2414.03838799373,132.087314179183,429.820858730816,5.90845139713073,15.9133423698529,0.135125341677785,0.44356381468376,2.95094422484552,3.69126922357984,0.0015033712282525,0.0001284900174321,6.01242723182969e-05,13.3243526425879,46.2316153390406,15.0
0.270833333,30.0062720269294,0.948454349514655,1144.19505576508,40.1245117327115,2405.00119557451,131.659979693501,428.341320921987,4.9168421291679,14.9636067533389,0.33675692354446,0.465594342757209,3.14712519057129,3.82266801283372,0.0036890236447603,0.0003807637675142,0.0002021671001839,13.3557974025605,46.0819509652544,15.0,3146.55301098978,59325.0,240,30.007115856847,0.855560492547391,1146.98354717916,36.1506729805165,2410.23602976319,131.95884950942,429.740506790938,5.96839652837418,15.8262151575484,0.128958145119428,0.439773364198736,2.91721084856417,3.71326252941587,0.0014354348948715,0.000121003194523,5.60473183359094e-05,13.3238005303467,46.1870269289111,15.0
0.28125,30.0073634193857,0.936543470511457,1143.46645061526,39.5537089009663,2402.58408898649,131.610957571372,428.514182676611,4.99639979706511,14.9038849252451,0.321526797544675,0.461740277868446,3.11325873282525,3.83928867164429,0.0035188376631953,0.0003684309780566,0.0001956246700586,13.3561242063541,46.0650799751783,15.0,3143.8458515444,60590.0,240,30.0070125139506,0.845423989225349,1145.77935632038,35.6461662574182,2406.76192140974,131.850858225845,429.73042189113,6.01458974040813,15.7486792730593,0.125153628534168,0.436198907190799,2.88607744034049,3.73364685170774,0.0013928343031389,0.000116448488956,5.35643213918589e-05,13.3236516867915,46.1495783233565,15.0
0.291666666,30.0083987938777,0.926473801054764,1143.1302233491,39.0760878470388,2400.95013249148,131.607963239102,428.841818495376,5.03864266325844,14.8260550390904,0.313898638846091,0.458424587640834,3.08521658577124,3.85709803040347,0.0034325075848567,0.0003625622707733,0.0001923794197521,13.3564709489162,46.0642640005473,15.0,3142.25286706698,59530.0,240,30.0073628514743,0.836780956807168,1144.83539423498,35.2164250827919,2403.79827617063,131.773725346253,429.820295874671,6.0424930087245,15.6684359453018,0.123335639719465,0.433104253815655,2.85965064044491,3.75362228537837,0.0013717715358143,0.0001146159590634,5.25289429246234e-05,13.3237262106175,46.1228856329429,15.0
0.302083333,30.0090457890869,0.917540774747595,1143.00373163786,38.6548833484271,2399.71725473418,131.630211658212,429.255917099747,5.07030736962034,14.7415218224208,0.3090906107275,0.455469187305141,3.06064823178004,3.87500580872561,0.0033773775104255,0.0003602407139585,0.0001912183422007,13.3565771829645,46.0722480139141,15.0,3141.25068486926,60295.0,240,30.0078940892087,0.829223109060403,1144.16924430511,34.8441244241478,2401.38631903136,131.729858464313,430.019438640539,6.06341368865441,15.5855248131837,0.122188682184902,0.430398228841898,2.83689794891776,3.77309490275195,0.0013580959010059,0.0001135924226347,5.19388396533905e-05,13.3237413086947,46.1077921077589,15.0
0.3125,30.0091997301308,0.910919436978467,1142.88578409513,38.3326036992962,2398.45898781259,131.653766541423,429.675657391004,5.06914388785098,14.6431440809415,0.312868080115496,0.453113817345221,3.04178575177071,3.89430347249796,0.0034156166596621,0.0003681529671095,0.000195868357223,13.3573217342488,46.0806653777595,15.0,3140.3155986879,62230.0,240,30.0083819455867,0.823531768089396,1143.70406649492,34.5606589190462,2399.37613454973,131.710957751135,430.296087209898,6.06889906702804,15.4915393126814,0.122944246412188,0.428307338825387,2.81958176103644,3.79315300344945,0.0013649294105259,0.0001153440672872,5.28637374375599e-05,13.3239759339359,46.1013903128045,15.0
0.322916666,30.0087065176825,0.907079576719694,1142.60454089497,38.1244163772392,2396.81938829954,131.658821075239,430.031584157666,5.03384581054841,14.5358061576732,0.324970769504909,0.451557539709703,3.02924663229766,3.91474156064294,0.0035446794432178,0.0003852039391293,0.0002056007918073,13.3578606380982,46.0825947788048,15.0,3138.9910091876,64910.0,240,30.0086202799958,0.820068907308121,1143.33190064571,34.3782895289376,2397.54920057028,131.704921238897,430.607318818591,6.0572540488929,15.3848380073549,0.125662520786405,0.426962999328092,2.80830523040339,3.81413311128398,0.001392970432977,0.0001198927265954,5.53001974108061e-05,13.3243135317504,46.0994476022354,15.0
0.333333333,30.0075500271748,0.904482374769271,1141.99707560598,37.963822408399,2394.46911750686,131.627341140989,430.260694882488,5.00160634926428,14.4471117736771,0.334000521035586,0.450568406966934,3.01893262968142,3.93316637027679,0.0036413365763586,0.0003959557226613,0.0002114102464585,13.3560935785214,46.0717392324159,15.0,3136.79234308285,64780.0,240,30.0084220877049,0.817835356943057,1142.92478234781,34.2497190780992,2395.63334559078,131.69648048326,430.906078540541,6.0438881127821,15.2796596659653,0.127923185028268,0.426089274208547,2.80010753721496,3.83458807772335,0.0014164855453873,0.0001235588695522,5.7224797062151e-05,13.3242350866708,46.0966400170361,15.0
0.34375,30.0062082326963,0.901326247482073,1140.98633263403,37.7712844263855,2391.25527953679,131.55016511838,430.334449160358,5.00432184060859,14.3961307547348,0.333831796905511,0.449571617910688,3.00625722683242,3.94727783748576,0.0036382597557477,0.0003952979594566,0.0002106948743235,13.3530763913056,46.0449033294061,15.0,3133.45681065401,63725.0,240,30.0077867644347,0.815386914551827,1142.35576312427,34.1081476405937,2393.35367974808,131.669779487321,431.146168902702,6.04574148679648,15.1941244710093,0.127930890052278,0.425211615342251,2.79090095714865,3.85266105666659,0.0014160859310518,0.0001237485663177,5.72619526546681e-05,13.323692569811,46.0874454202546,15.0
0.354166666,30.0051439500895,0.900225450045547,1139.60353924922,37.6499082713525,2387.24100649831,131.428784688571,430.258311824797,4.97664713654176,14.34875322816,0.346513175051059,0.448905805062457,2.99735867573406,3.96124805161203,0.0037736686708621,0.0004125438447943,0.0002204906024558,13.3528476922117,46.0025957623369,15.0,3129.13810972094,67985.0,240,30.0069082396726,0.814202858561144,1141.51133697191,34.0133593358941,2390.48766458528,131.611935229533,431.277011965075,6.0363663172073,15.1174068094574,0.130404716419793,0.424693418004366,2.7841590224335,3.86974981016019,0.0014417840339473,0.0001275425724663,5.92905574205029e-05,13.3236545939479,46.0673471678463,15.0
0.364583333,30.0040756192149,0.902800985317335,1138.00627283778,37.6768213810809,2382.76980621135,131.282604648659,430.086649010411,4.89000127804038,14.2970223657044,0.374572179321298,0.44929370590124,2.99670317426868,3.97577143570318,0.0040769785903336,0.0004443774455816,0.0002380345243762,13.3527993172635,45.951574759401,15.0,3124.33029663651,70855.0,240,30.0059337902807,0.815607231829695,1140.34908025662,34.0212924887023,2386.96337136652,131.519054426884,431.276018237219,5.99838273424118,15.0429283494348,0.136735551769959,0.424985858767457,2.78316065694399,3.88651628533662,0.0015088815447856,0.000136678478714,6.41467913515945e-05,13.3239530272362,46.0349599013173,15.0
0.375,30.0021472968405,0.915403264194776,1136.1223205349,38.0969179221096,2377.69229897545,131.099312604865,429.772059760443,4.64875978158944,14.191053867391,0.4619298186695,0.45211471374668,3.01800424065446,3.99766413726932,0.0050306210922673,0.0005477565819722,0.000296796867668,13.3556532139097,45.8875389664951,15.0,3119.0028365732,88185.0,240,30.0046408600999,0.824039891492159,1138.79021658023,34.3196332462369,2382.65954220155,131.384130561568,431.095254246818,5.87690586715531,14.9424929231261,0.158082812240152,0.427415805415583,2.79876971545432,3.90624301641873,0.0017359915834079,0.0001660428070451,8.00192113861125e-05,13.3253155586607,45.9877879921932,15.0
0.385416666,29.9974974568024,0.934541369192201,1133.51039564488,38.7780493953029,2371.11793676851,130.832363188405,429.134376807107,4.34958778326636,14.1227317680558,0.570569543951396,0.458301026961172,3.05286375176022,4.0156350997854,0.0062329800076399,0.000648203445029,0.0003504630422574,13.3490479047583,45.7941817538787,15.0,3111.87547766857,88175.0,240,30.0022002615445,0.838365649074673,1136.7749739602,34.8584835057774,2377.45096443564,131.200276667335,430.708265784951,5.69738739946916,14.8532878127434,0.187904678817524,0.431991383964927,2.82765526571201,3.92452834116186,0.0020553353746753,0.0002025098295523,9.92686251692167e-05,13.3250884853183,45.9234193045187,15.0
0.395833333,29.9914270272969,0.965865302235379,1129.09665666716,39.8464965374785,2360.7965384453,130.346314087137,427.725062007088,3.92864827466681,14.0651339056334,0.797934344822201,0.468909907566579,3.10822445707751,4.03403371697116,0.0088045496310794,0.0008767204905333,0.0004755541620496,13.3455016519893,45.6241093808242,15.0,3100.07638284374,112305.0,240,29.9978063348812,0.861198307988286,1133.72698048978,35.722851508043,2370.14698829744,130.898673332834,429.868381901116,5.41611879388436,14.7940085030992,0.251582565830639,0.439535409280832,2.87416531315894,3.93967154490201,0.002735660127649,0.0002744956200822,0.0001375151805733,13.3248520264495,45.8177667465859,15.0
0.40625,29.9815145059747,1.02251850200845,1121.930571433,41.787347520123,2344.70367093794,129.511682515827,425.080910541232,3.25099283292139,13.9721636640962,1.32325803802416,0.491443006544191,3.21227377589743,4.05801336924661,0.0151480774678599,0.001385076688709,0.000751069855785,13.3398146871129,45.3317968358103,15.0,3081.25948483795,131380.0,240,29.9905248092126,0.902290606349542,1128.39224022893,37.2664747607616,2358.14428566068,130.331529297645,428.025689707836,4.83853042600281,14.7846740072198,0.424959825496617,0.453961071658111,2.95797526624856,3.94889453469736,0.0045987042287299,0.0004525226338564,0.0002319035192354,13.3246839304841,45.6189369655868,15.0
0.416666666,29.9718391105165,1.08782604255025,1114.35964655452,44.1491412453002,2327.54932023548,128.59154259616,422.037149022725,2.70355135888222,13.9842081931241,2.02912463768073,0.519848222131238,3.34678055888145,4.06670943158807,0.0247840323378243,0.0020655635028842,0.0011155952117574,13.3391601020692,45.0090793975583,15.0,3061.27190928881,127990.0,240,29.9808263039544,0.952636569103806,1121.40663334072,39.1268842887301,2342.6502873253,129.561870561303,425.38127926305,4.18005291603098,14.9540336686759,0.701466754670873,0.472930474471508,3.06124149762943,3.93435697180938,0.007631702521791,0.000703444168466,0.0003642532241739,13.3240610607676,45.3488611194066,15.0
0.427083333,29.9710885502669,1.16202736865831,1108.41714589503,46.9408402328524,2313.63456409159,127.812661248295,419.395869089382,2.31266592975464,13.9431820572242,2.92272812976613,0.550535724316312,3.51289522389993,4.07780786471944,0.0396649395418027,0.0030544974177727,0.0016451530405713,13.3643547640208,44.7351658199915,15.0,3045.70218478285,138900.0,240,29.9743549750692,1.01038575813191,1114.44888691821,41.2708335943357,2327.05102465532,128.761604665819,422.533091377629,3.55639303470632,15.2220541844011,1.12087594000616,0.494477590141945,3.18573294306508,3.90497902098851,0.0124253503614972,0.0010752171050735,0.0005618630090136,13.3303202934699,45.0676890532413,15.0
0.4375,29.9721131138786,1.25161842429266,1105.24888011657,50.5908937772398,2305.49190075982,127.295099817292,417.586853548929,1.9969887569302,13.663240933431,4.11812576997553,0.589242637136937,3.73377825071119,4.11224261774906,0.065809684647647,0.0046610695771208,0.0025078133255018,13.4071938157775,44.5516382162979,15.0,3038.07394967711,147755.0,240,29.9726822466437,1.08388670406663,1108.96024286211,44.1185637347153,2314.42577908512,128.074340430829,419.997047875793,2.91867480252144,15.3671132044484,1.83067301983089,0.522018160888857,3.35581065213523,3.88705749023872,0.0213666561970639,0.001733997557504,0.0009159911052655,13.3447501175792,44.8255686646942,15.0
0.447916666,29.9708614811257,1.35430050755656,1103.48660401171,55.0293748161336,2299.93624414759,126.865069801381,416.020857484321,1.77249312563775,13.1847153899771,5.51089747577465,0.635291854710772,4.00878017366168,4.16494825894313,0.106499018340235,0.0069541991891238,0.0037538831547574,13.4604938464523,44.3971670252692,15.0,3034.3014879648,159305.0,240,29.9718792688797,1.17255457610905,1105.63470911535,47.7606105236805,2306.16717816202,127.557407378893,418.012613259354,2.39280629605534,15.2517477128087,2.88269918864739,0.555983585335794,3.57846617443721,3.89703216247178,0.0376188365219836,0.0028511638099684,0.0015193096739054,13.3659870167234,44.6422645133364,15.0
0.458333333,29.9692328028666,1.45867315329925,1100.79115261717,59.8573318728861,2291.71966552861,126.246662059678,413.769484607724,1.63445968567428,12.6514232779975,6.87596677376911,0.682154866856496,4.31667544654511,4.22062873198474,0.154546996259093,0.0094527924947413,0.0051485462424638,13.508866064953,44.1753471279204,15.0,3027.41973286049,160855.0,240,29.9702816032652,1.26753397247197,1103.01412447107,51.9097802772519,2298.94843601173,127.030483638219,415.997047352309,2.0486459269818,14.9154098695097,4.13476992297972,0.593418185800366,3.83895829648077,3.93056789234224,0.0636854531102974,0.0044831206641635,0.0023986372226869,13.3890624057086,44.4541323721202,15.0
0.46875,29.9717359874512,1.55795343752085,1097.47368213464,64.6822004417805,2281.64766660538,125.501892500406,411.054154544767,1.55350443095549,12.1677581339416,8.00522721838813,0.719738781639878,4.62931244126642,4.26966815163083,0.196926480482162,0.0114975521645357,0.0063258615960628,13.5454720436344,43.9086309063976,15.0,3018.20117035003,160900.0,240,29.9703894686676,1.3588396213624,1099.9799202845,56.1109287648214,2290.30665869504,126.380694576848,413.565781317804,1.85529975686444,14.5045196862316,5.32660637765155,0.628266981730712,4.10926003494683,3.97082060649043,0.0970904059783141,0.0063960983525104,0.0034349377357578,13.4092841888612,44.2214432693482,15.0
0.479166666,29.9762368717098,1.65208004091501,1095.27379248642,69.4841289159655,2273.67302726585,124.8571138075,408.65217622339,1.49928803645204,11.7425193669361,8.79610739816487,0.747480363383343,4.93899556945795,4.31254898696076,0.228370086722738,0.012933004911168,0.0071825634658761,13.5661766861092,43.67660789489,15.0,3011.71263494551,159345.0,240,29.9732577886107,1.44583614738085,1097.13704413302,60.2745470379314,2281.66734119322,125.701661779791,411.033142347015,1.74252748547377,14.0840108941871,6.30295561165135,0.658640039743867,4.37900037379451,4.01145130482204,0.131693268944225,0.0082312073550317,0.0044472059450432,13.4243845473824,43.977327819203,15.0
0.489583333,29.9817934912949,1.7194930309147,1095.08389950756,73.4274080676795,2270.2293214514,124.477321242899,407.094991127312,1.4764316865185,11.5270679443711,9.05395983591364,0.759498796778128,5.19278349581154,4.33003248714435,0.24381349999532,0.0135931091834121,0.0075885804490838,13.5610368095348,43.5372167937377,15.0,3010.38761864294,140235.0,240,29.9773505494808,1.5149516658117,1095.66684081372,63.7011355898429,2275.99962772587,125.196682570906,409.049234273179,1.68621880118393,13.8536587474392,6.79842604430687,0.678720375527132,4.60240981962223,4.02840944057745,0.15398530020797,0.009351187929182,0.0050816087846871,13.4262195633707,43.7938852773644,15.0
0.5,29.9910559631411,1.76946352250171,1096.72275219753,76.3702038280597,2271.62411788406,124.383882735241,406.47554674497,1.46242579611339,11.4612195349982,8.93250948540138,0.760607132866751,5.37377030827957,4.32822976822031,0.245433664362444,0.0136439020354961,0.0076370002287999,13.560234004479,43.4982862097248,15.0,3014.30609219969,133475.0,240,29.9837637187861,1.56465144584604,1095.81149390337,66.170585270013,2274.24242421624,124.929478872102,407.831173067625,1.6618293935724,13.8295136639211,6.834503052218,0.689304391917164,4.76206401469608,4.01995068654977,0.159928280286304,0.0096364597918706,0.0052564518384736,13.4245983702155,43.6940628034032,15.0
0.510416666,29.9977682785087,1.81692669529442,1100.25863564423,79.1418299629496,2277.89839936438,124.555794500567,406.756052603642,1.44073514393581,11.3540935880045,8.71406654853426,0.76282246329586,5.53169525976637,4.33017840640017,0.242819271308724,0.013537814409049,0.0076014142237358,13.5676305303124,43.5523875684911,15.0,3024.1223247332,133450.0,240,29.9913192988456,1.60993868495225,1097.6468043201,68.4760275254989,2276.63540285137,124.884895794798,407.373091199294,1.64156370251345,13.7864678613723,6.70000624481766,0.698127832693888,4.90207195534633,4.01387380815534,0.159049656006932,0.0095835431221338,0.005243355576895,13.4271338365471,43.6724354736967,15.0
0.520833333,29.9994103373453,1.85342169986763,1104.94449631402,81.4743231686821,2287.07489455535,124.890825992073,407.576764620934,1.42316213112001,11.2699892050135,8.39602017090808,0.764987896244851,5.66143793075321,4.32874941177358,0.237561685967277,0.0133219580773109,0.0074985683949209,13.5659719178642,43.6637066057319,15.0,3037.21875844259,127860.0,240,29.9962158080535,1.64871853745092,1101.03646142336,70.5577617074662,2282.90849225421,125.051811801825,407.631041612895,1.62499832839356,13.7288834712861,6.45534503495383,0.705298506037804,5.02251487893818,4.00913253244023,0.153979587046824,0.00932932259495,0.0051168151462631,13.4271959570194,43.7251040996894,15.0
0.53125,30.0000147604975,1.88028762444996,1109.64842402079,83.2167818042883,2296.50145348477,125.246846502965,408.46793090889,1.41172515859551,11.2355670494973,7.98068005206458,0.765484878215729,5.75788338207726,4.32235853285866,0.227978317863429,0.012907985012678,0.0072736875995197,13.5634239602271,43.7828447837346,15.0,3050.14821112908,127480.0,240,29.9984606474589,1.67879254674749,1105.24353639857,72.2290735969594,2291.27502016279,125.338579562985,408.291461063087,1.61654013876141,13.6989022555291,6.10789994316926,0.710106193381946,5.11751159321144,4.00143402402274,0.144350249837996,0.0088458977113202,0.0048591498950543,13.4254448253165,43.820164696414,15.0
0.541666666,30.000853351085,1.88804887024807,1113.77502293324,83.9504592650927,2305.13609574608,125.577426067145,409.263753136658,1.4184004005566,11.3318672636586,7.43666404592105,0.762531819341788,5.79600592171405,4.3001284052066,0.212252553865415,0.0121832989419096,0.0068535241019276,13.5471613345983,43.8937793028617,15.0,3061.1974023383,112005.0,240,29.9996005053057,1.69271408707911,1109.38001485221,73.0201171608399,2299.88765761917,125.660325250027,409.056126731798,1.62848126117887,13.802831780053,5.60873266235198,0.710688440418522,5.16094944409587,3.97773152163892,0.127376214405823,0.0079703848266128,0.0043760157977501,13.4169605143108,43.9283281620431,15.0
0.552083333,30.00345633294,1.90645657882637,1117.91157859788,84.9123474253538,2313.92427203474,125.907085136714,410.102448756823,1.41184672223332,11.3024628538251,6.98656410766733,0.760337399643599,5.84405327112045,4.29543790578286,0.196409459530242,0.0114526608446843,0.0064371900806136,13.5614109858446,44.0052574257843,15.0,3072.57224203297,132775.0,240,30.0014337688295,1.70896730482087,1113.55499822524,73.9123405716619,2308.6395933658,125.979696641455,409.849945408178,1.64158298566353,13.8129853851785,5.15548951951746,0.711519483103567,5.20917890473783,3.96755940978921,0.111934191067508,0.0071367466628246,0.003915345145597,13.4177826608509,44.0361857118762,15.0
0.5625,29.9991829881156,1.93201816801477,1122.14629924602,86.4602197256411,2322.74102071964,126.21921032414,410.911257981204,1.40034358362387,11.1433794539883,6.67227544454264,0.765250459030637,5.92709832427449,4.30891462789037,0.187455025418328,0.0110365188429946,0.0062071228372098,13.5599594168469,44.1108631185284,15.0,3084.44165333638,129525.0,240,30.0014380633173,1.73560845187081,1117.97555783326,75.4363403194666,2317.86066251809,126.299411094809,410.698056611361,1.6397861680398,13.6192746224478,4.85281662930902,0.716349131063771,5.29248983263205,3.9847656775974,0.10310431764377,0.006646162190595,0.0036477186881179,13.4199810041783,44.1444079112575,15.0
0.572916666,29.9956092568194,1.94055761073025,1124.83528523933,87.034765655135,2328.25026987699,126.362299543373,411.129701976444,1.40925409219956,11.1654438179895,6.28094316215039,0.767385935725494,5.96208684637638,4.3014130143209,0.174194497203304,0.0103824733569011,0.0058277459510214,13.543910333415,44.1578607996943,15.0,3091.32763731823,121550.0,240,29.9984564068637,1.74843458837293,1121.64547390855,76.1899494430075,2325.64951548577,126.557399999846,411.318189527015,1.65849252675384,13.5740910471451,4.47831571570243,0.71883753839653,5.33484332727271,3.98440740267902,0.0910924870819669,0.0059669499101718,0.0032723240773787,13.4117441946239,44.2317110840298,15.0
0.583333333,29.9972773219272,1.94016381713092,1126.32586480681,86.9515456399804,2331.54054564625,126.39013474574,410.973970813891,1.4289209154961,11.2514938384806,5.86970612318319,0.765593248956744,5.95797336653775,4.28620458527674,0.157490874141991,0.0095330250626619,0.0053316271631239,13.5364482454559,44.165307790098,15.0,3094.76052708208,117020.0,240,29.9971280308969,1.74888564064379,1124.11557928827,76.2054245813311,2331.01429197301,126.696494063851,411.533634036219,1.70123705545773,13.6559183177073,4.05077296513885,0.718094820874889,5.33667403366783,3.96918404910098,0.0770820768340614,0.0051458010494505,0.0028153993313696,13.4036870512656,44.2780798195189,15.0
0.59375,30.0007948800694,1.92471794945756,1128.00107286463,86.1139838652664,2335.91729179745,126.490531626533,411.058164960681,1.46262036552923,11.4066160860304,5.41555512738536,0.759679884633264,5.90631493019932,4.26019403771793,0.137854523411343,0.0085098087869886,0.0047369071527351,13.524143823308,44.1988409415462,15.0,3098.83491454208,102800.0,240,29.9983021386489,1.73422399242098,1125.90259195376,75.4241615348729,2335.33548663298,126.796417801133,411.614833472157,1.77549595233919,13.8552544348753,3.56043194454958,0.713398074776482,5.29078211896451,3.938541688705,0.0620171844930652,0.0042288071750898,0.0023049039164925,13.3932237622086,44.3114057162914,15.0
0.604166666,30.0055437343006,1.89285085546325,1130.40120253816,84.3864910027447,2342.54793293302,126.736355273034,411.617577222566,1.51235795400333,11.6516822489703,4.89442789874067,0.748242794997009,5.80085164770904,4.22011718559003,0.114865447679214,0.0072750155027316,0.004026928732764,13.5120343269079,44.2839927925223,15.0,3104.98016382154,93660.0,240,30.0010090780925,1.70133819281611,1127.70471842765,73.7918853917539,2340.23081921699,126.950985383064,411.874429594984,1.89738257528908,14.1711254156014,2.9979067810945,0.703888730841375,5.19340138564405,3.89137154907767,0.0471439751590537,0.003288342610933,0.0017833719988947,13.3814295215704,44.3643722242564,15.0
0.614583333,30.0093148977146,1.88689098688811,1134.42778328581,84.0686350834235,2352.56243413117,127.139082026232,412.790379451267,1.51622542575877,11.4890163488113,4.69574882061164,0.740114567013628,5.77124635113522,4.23113950731315,0.107119131560236,0.006847355323564,0.0037857843689683,13.5515146071451,44.4240292353295,15.0,3116.55925740992,126600.0,240,30.0052314316133,1.68815762039698,1130.52600657124,73.3446593607406,2347.23848371108,127.184063507734,412.480134596656,1.97170498396455,14.1117393589858,2.72735867726444,0.698182432661271,5.16125110519408,3.89158295101042,0.0413706994539449,0.0029317415931563,0.0015918562631572,13.3907067014674,44.4445790907426,15.0
0.625,30.0019131708598,1.88530984713375,1139.23445705302,84.421976496284,2363.93338117261,127.606001887265,414.183130494049,1.50565338093239,11.2220478846909,4.63556814188148,0.739681943677816,5.7831140547166,4.25790461558085,0.107117759167117,0.0068700381115144,0.0038071966757767,13.5456594656536,44.5863365305978,15.0,3130.47396272537,115230.0,240,30.0054933664715,1.69158790534182,1134.66142846817,73.822216602076,2357.0743523592,127.550038302349,413.569173225975,1.96916941299098,13.7861169777308,2.67477712662002,0.697194947826567,5.18084910492413,3.92540659899756,0.0404914816838369,0.0028779777229855,0.0015650533739958,13.3954997620334,44.5713829292064,15.0
0.635416666,29.9969292221715,1.86315094888549,1141.72488856877,83.3945212617704,2370.19072317597,127.829882354639,414.70885594287,1.53999548374483,11.3287639077419,4.34171398165006,0.73383794207158,5.72503305579287,4.24164469330685,0.0957049636056629,0.0062342593139586,0.0034478766058177,13.5150298086058,44.6643226820456,15.0,3136.88489548955,106785.0,240,30.0013937756079,1.67426538863408,1138.25446482222,73.2105122340395,2365.88106197959,127.896871382256,414.542460738307,2.03093255734276,13.7435137782232,2.45148847896483,0.692300444790605,5.14260227672208,3.9247498557066,0.0357814351127582,0.0025630893078862,0.0013910216273669,13.3832783835634,44.6919662384175,
0.645833333,29.9984640416586,1.84452096098542,1142.4885215751,82.3120337355336,2372.67442901859,127.85374409337,414.60579167356,1.57836184719677,11.4386930479316,4.06858338525282,0.726557167152566,5.6617742774586,4.22696083420054,0.0850174482028433,0.0056158440695217,0.0030977706984006,13.5084409745084,44.6727931147097,15.0,3138.45548490814,112435.0,240,29.9991751509271,1.65300579561869,1140.53687220933,72.3350467400934,2371.68831212716,128.090706433321,415.015773292586,2.12186463984055,13.7748858801198,2.21372305841909,0.686234411005161,5.09129912745842,3.91766835007323,0.0311172727243311,0.002253311951859,0.0012210585773112,13.3780846763277,44.7592873440552,
0.65625,30.0005478450584,1.81350426972509,1143.20828516689,80.7199011542967,2375.41973618345,127.908583766024,414.6020247539,1.64085340423797,11.6453412375885,3.72828815996119,0.71834759561424,5.56702279027753,4.19843777245444,0.0722093729256,0.0048581549414382,0.0026711065682747,13.4841064658158,44.6924195364232,15.0,3139.91321292074,91105.0,240,29.9994018967065,1.62113137769361,1141.80508624542,70.8961985276904,2375.44146976806,128.192325742405,415.190400781137,2.26430428724599,13.928636322388,1.90693308769048,0.678149804525976,5.00653724275857,3.89580550466144,0.0255028283715459,0.0018633177577777,0.0010046894170857,13.3682233133432,44.7947265733998,15.0
0.666666666,30.0046859042643,1.76647789152557,1144.53213429673,78.2931562435237,2379.86568239163,128.081871907803,414.978900106438,1.739989340093,11.9816635161627,3.28221279363874,0.705089055246456,5.4245239335621,4.1506168328511,0.0574987081891988,0.0039556105542086,0.0021650760140569,13.467964264804,44.753690446157,15.0,3142.87907654421,87210.0,240,30.0010205519844,1.57166181273972,1142.84299000214,68.6583137082833,2378.97226625949,128.304904453866,415.415272495498,2.5173700388493,14.217823735067,1.51601357328742,0.665969591566072,4.87498646448053,3.85610703840479,0.0191839734101074,0.0014273280594918,0.0007655995334619,13.3579215903065,44.8342071845432,15.0
0.677083333,30.0095455989811,1.72834469536695,1147.01621684636,76.4607976401315,2386.79821288023,128.383904648198,415.845308014983,1.81147224800573,12.094696568076,3.01496108595475,0.692555018272724,5.31345132527644,4.12971125117003,0.0500912630459249,0.003500517219235,0.0019142398781747,13.4790712439116,44.8598032466865,15.0,3149.52318245744,96230.0,240,30.0043816096855,1.53053110911348,1144.36404390741,66.8724894926271,2383.48845132392,128.46130169408,415.844208373796,2.74243490666749,14.3322181472939,1.27707456048552,0.654717556071761,4.76803637093988,3.8386428945728,0.0156614009541889,0.0011908884850809,0.0006384489868937,13.3584254922421,44.8889644801738,15.0
0.6875,30.01029150444,1.69726011439298,1150.71785839479,75.1344951311272,2396.32711500115,128.8229712989,417.199952876261,1.84701386821922,12.0530609264656,2.89256147816741,0.683114316984709,5.2304345916739,4.12839517874063,0.0469214113793319,0.0033115769958272,0.0018124281767992,13.4839384028615,45.0136927294476,15.0,3159.91206407376,95985.0,240,30.0075484132078,1.50062451849792,1146.8358893913,65.6372744122315,2390.04199440468,128.724359392284,416.657334478025,2.8672302954528,14.2811782539318,1.17083856712971,0.645592342879265,4.69159569308082,3.84119211836339,0.0141524407619143,0.0010899746302903,0.0005844537745437,13.360725056256,44.9810202189223,15.0
0.697916666,30.0077783146371,1.66588881949214,1154.19435004077,73.7802747521462,2405.3347123643,129.240822449213,418.485810735275,1.87730112713391,12.0280837663227,2.80524216374969,0.674505258627017,5.14763100859301,4.12671409008508,0.0446442713893047,0.003175404409062,0.0017386389302016,13.4818341768457,45.1601059449705,15.0,3169.64705721501,98185.0,240,30.0083195592118,1.4735016510694,1149.99174249408,64.5480500806419,2398.11695944857,129.078354107175,417.771914262787,2.94890902507413,14.193802880246,1.10888858186555,0.637183712980138,4.62392040194418,3.8478626365824,0.013286614098547,0.0010324475915025,0.0005536120958298,13.3605562065095,45.1049065893183,15.0
0.708333333,30.0049407235228,1.63322484545946,1156.2259583712,72.2917376496817,2411.17284301012,129.495995969245,419.235731959952,1.91406328498774,12.062517909408,2.7207876554963,0.665848413637413,5.05851882850937,4.11967103193614,0.0423210921661172,0.0030303718326516,0.0016582617248248,13.474026858435,45.2496391687749,15.0,3175.25392959673,95070.0,240,30.0071495683375,1.445709429084,1152.88664751715,63.3981819420164,2405.64122652434,129.414533470167,418.821590392667,3.02222564591525,14.1399243338806,1.05365976102575,0.628712650914289,4.55380722342565,3.85100991086647,0.0125263564719734,0.0009786195186437,0.0005239795078493,13.3585581590941,45.2225870689935,15.0
0.71875,30.0037551336835,1.59831852107571,1157.16924842159,70.6365112816036,2414.60103900362,129.632771092745,419.595797910704,1.97029143112098,12.1709931756079,2.59575112916941,0.656170388519922,4.96069007654058,4.10445882078986,0.0391445605137579,0.002826683613601,0.0015448739550065,13.4642101147603,45.2978014212804,15.0,3177.69987684866,92400.0,240,30.0055720558529,1.41446998284016,1154.92365523624,62.0412700712506,2411.29748301769,129.662674151947,419.581728845493,3.12981688335578,14.1562887898459,0.977694516402492,0.619460603198169,4.47263685747247,3.84653829524596,0.0115115819043025,0.0009056188228218,0.0004836899861102,13.3551334452014,45.3095102794484,15.0
0.729166666,30.0042280772156,1.56420380791671,1157.74038708478,69.005430665559,2417.12928174209,129.730185178041,419.840953038425,2.0387646022015,12.2946567712487,2.44653096069026,0.646089729656857,4.86417928177007,4.08789711252179,0.0357088848306534,0.0026049835258104,0.0014222086359925,13.4565305999792,45.3322407415392,15.0,3179.08385883782,91040.0,240,30.004729939669,1.38268019600839,1156.23958236244,60.6243876226096,2415.32538580685,129.831659635389,420.093288692789,3.25929847626773,14.2037925633873,0.895685995603694,0.609957532290894,4.38828311593356,3.83933109313744,0.0104440579825096,0.0008289236338405,0.0004415619269077,13.352355660424,45.368776956859,15.0
0.739583333,30.0051682923594,1.53404802570207,1158.32696507272,67.5707726254718,2419.56479394284,129.827773816761,420.113454380654,2.1058868915568,12.3788039188423,2.30933768262709,0.63691332439858,4.778428632204,4.07701486852731,0.0328083898433198,0.0024193128444628,0.001320483861772,13.4524451962855,45.3667954848427,15.0,3180.57791649247,92735.0,240,30.0047542632279,1.35420199671745,1157.17418106065,59.3437607271992,2418.42204289774,129.955218134063,420.474196957101,3.38020383923739,14.2321251673327,0.828946324797836,0.601183484427243,4.31158899930242,3.83553194998434,0.0095907462289237,0.0007685320891026,0.0004086212654584,13.3510200058956,45.4121968959574,15.0
0.75,30.0053210673058,1.50788811908272,1158.88755019513,66.3366601326176,2421.82791685966,129.920262025989,420.392141727642,2.16537272101618,12.4256131334138,2.19698736362072,0.629162939704702,4.70384093113861,4.07182999158145,0.0305455264267483,0.0022739048340791,0.0012410332110552,13.4478338680294,45.3996291993878,15.0,3182.07312010532,93330.0,240,30.0050583921816,1.33004827162323,1157.93872344672,58.2551392825661,2421.04556411362,130.057652099194,420.803049542964,3.47843495228404,14.2289585054024,0.778829727839435,0.593571041942075,4.24568952751205,3.83653454844352,0.0089591541912555,0.0007235419961929,0.0003840647194258,13.3500900590555,45.4482946965846,15.0
0.760416666,30.0046431935872,1.48378487520277,1159.15555934592,65.1919875341919,2423.37206259158,129.979546826866,420.57246894317,2.2227792991105,12.4736025720711,2.1003051222939,0.622448230407283,4.63449769797235,4.06746176554537,0.0286540293981133,0.0021505406789851,0.0011732216694946,13.4419245283573,45.4208852980903,15.0,3182.76938290486,93350.0,240,30.0050183670634,1.30830792293316,1158.52526216342,57.2713229208161,2423.20123989365,130.140652722838,421.081613945221,3.56957504432358,14.2164312254714,0.734775911335562,0.586770993350507,4.1857695435034,3.83954254739377,0.0084119750545808,0.0006840355773657,0.0003624363486647,13.3486460972408,45.4776720145872,15.0
0.770833333,30.0038190828694,1.46153880678576,1159.04130048113,64.1197374224248,2424.02474782786,129.995091343902,420.614272120424,2.2734222022727,12.5298165433094,2.0300688178554,0.616461583700422,4.56955527762637,4.06267845556783,0.0272835854909686,0.002061239557535,0.0011238208791338,13.4371566933393,45.4268171918186,15.0,3182.41647479067,93270.0,240,30.0045789232208,1.28825932503517,1158.83130718935,56.3522365248033,2424.68162213171,130.193100452616,421.268086668194,3.65248562681539,14.2093634125614,0.699069776418453,0.580552564055507,4.12967106118266,3.84262770450236,0.0079705126408423,0.0006523466090875,0.0003450444785753,13.3472705187294,45.496410335443,15.0
0.78125,30.0022073789272,1.46007433147276,1158.67055069502,63.9391346420085,2423.89121239151,129.94857735252,420.495266371741,2.21379492535249,12.3821817722779,2.19054573023119,0.614647497549861,4.55452921534909,4.08596772638243,0.0302526044670309,0.0022890830462513,0.0012534447415999,13.4529845846913,45.4108998979191,15.0,3181.76673101304,115685.0,240,30.0037811172661,1.28498782284506,1158.84175659247,56.1704321259927,2425.37613950942,130.197080864453,421.287208183549,3.55912165080865,14.0864863308972,0.779997454794629,0.578208538346675,4.11549996834962,3.86133960097985,0.0089112686440396,0.0007343063452196,0.0003908108845042,13.3530927149749,45.4981554417568,15.0
0.791666666,29.9958097531378,1.47026585126475,1157.44934463067,64.326664034782,2421.66175646532,129.77964807424,419.959002554083,2.09895614794206,12.2129556464074,2.46843352300864,0.618478755049625,4.57315896905796,4.11437644834121,0.0355428661558786,0.0026466165241478,0.0014506111108831,13.4468303853482,45.3520125437112,15.0,3178.89632122711,112545.0,240,30.0008210484677,1.29515416370643,1158.40871777689,56.5663150809728,2424.98632274905,130.142400572468,421.076625026917,3.32800678950964,13.9379956002452,0.931604466469166,0.579983304368456,4.13457401960271,3.88395510604268,0.0107492720219164,0.0008738148802082,0.0004667849522956,13.355438392233,45.4792855673581,15.0
0.802083333,29.9915863009129,1.47465016765987,1154.06977859354,64.3577995715093,2414.60367924292,129.364285426514,418.55989431983,2.05369679984114,12.2483811190332,2.62691798896797,0.62088576550991,4.57482362628869,4.11762834103438,0.038557374800587,0.0028385287645562,0.0015529705502109,13.4333284080414,45.2068702231642,15.0,3169.62173053311,110155.0,240,29.9962493251297,1.30027647281072,1156.83590533098,56.6903012590239,2422.03284204968,129.959276538477,420.412569503174,3.19979194533688,13.9443276338993,1.02625449126534,0.581287958323937,4.14004376176775,3.88793940419901,0.0119250476918256,0.0009575738892879,0.0005112510272334,13.3514687124469,45.4154321754245,15.0
0.8125,29.9920778533431,1.48225413926097,1149.85662500247,64.4815229367117,2405.62606956051,128.845082536057,416.810759660987,2.03161265700614,12.3060408992205,2.72445026815513,0.623262698687287,4.58164645205462,4.1176768362997,0.0405050568663256,0.0029642598357124,0.0016206656782142,13.4312819169441,45.0254347328727,15.0,3157.9841208222,112445.0,240,29.9935593565027,1.3056284897911,1153.78904055308,56.7649900984151,2415.74683049022,129.596847188665,419.147992251757,3.1203267914602,14.0195213866024,1.09839437778123,0.582784828797467,4.1436213496824,3.88429365193341,0.0128289834059371,0.0010227332712454,0.0005459626879822,13.3503562811252,45.2888331650901,15.0
0.822916666,29.9942321868187,1.47831060370279,1147.59123144349,64.2373000667386,2400.97210490704,128.570281319542,415.825193263466,2.06884074673993,12.4754233029182,2.63205102064482,0.623598095911357,4.56814994254829,4.10014528276318,0.0381815019540808,0.0027934243476954,0.0015222370972049,13.4226219608034,44.9296020642222,15.0,3151.59428479838,94380.0,240,29.9933187071493,1.30156171376114,1150.79779502746,56.4381647072246,2409.58269156794,129.247547502561,417.922582841407,3.16306987516262,14.196873460047,1.0505158226767,0.582357939753221,4.1244866425545,3.86670617512002,0.0122208993189416,0.0009676485168762,0.0005137758239827,13.3466112810868,45.1668577847194,15.0
0.833333333,29.9990163170652,1.47183218191133,1147.4917657144,63.9211646804652,2401.11817972306,128.553661667342,415.691367333624,2.11712110309249,12.6079605109312,2.51205806450813,0.620935376115374,4.55029050044821,4.084154683506,0.035809982075324,0.0026376167425394,0.0014362716777468,13.431687718114,44.9240329228817,15.0,3151.27512903133,103370.0,240,29.995202216598,1.29299310118232,1148.95507808485,55.9850452309501,2405.91339984659,129.027510586003,417.141266910136,3.27857625997234,14.3584651285749,0.973074886926546,0.58039816098986,4.09825591589782,3.84994242537547,0.0112431580240019,0.0008990054358983,0.0004767409797587,13.3467943157003,45.0901222142824,15.0
0.84375,30.0010940464953,1.48925084766889,1149.29260037154,64.7829332177447,2405.24517670082,128.716938213796,416.209699368564,2.04974706707477,12.4071011676556,2.67115133825542,0.624491604947165,4.59705167237143,4.11001262950208,0.0395437821782573,0.0029037159920175,0.0015884272369956,13.455597785165,44.981218413562,15.0,3156.92142471452,120725.0,240,29.9985029066541,1.30543712062451,1148.63848097236,56.5409467761364,2405.42743264517,128.951855065197,416.847206039858,3.18769729740053,14.2745532285275,1.06447060371124,0.583161142481045,4.12897322758796,3.86325921528963,0.0123810630088223,0.0009939311258325,0.0005305271315772,13.355692015211,45.063844045268,15.0
0.854166666,29.9959704732945,1.50744179267647,1151.24983545541,65.7944483698259,2409.58420504289,128.887051467097,416.718990161562,1.97242424471377,12.2438362930147,2.86738473320625,0.631998083661035,4.65528503735606,4.13153143417338,0.0439990398146986,0.0031902196458183,0.0017470228915982,13.452803937867,45.0406483639571,15.0,3162.95638414556,112590.0,240,29.9984258259586,1.32416201034005,1149.76978550315,57.4463637150037,2408.08756824985,129.040356267245,417.067505704359,3.02767429328412,14.1448103743254,1.1875760652416,0.588390562276426,4.18017593939602,3.88044249309132,0.0139829582888389,0.0011077567268134,0.0005925846378005,13.3577899037013,45.0949137395707,15.0
0.864583333,29.9934194780187,1.51840997631882,1151.26257991786,66.3413634744802,2409.66709898314,128.835633759367,416.46079557732,1.93376678740092,12.2356909231525,3.00562839937563,0.63667786429638,4.69042238048484,4.13378285646358,0.0471485859192464,0.0033835906766086,0.0018510494032648,13.452622201214,45.0224731341658,15.0,3163.19245863475,114015.0,240,29.995881811716,1.33556484466089,1150.73846171051,58.017965921806,2410.38829657132,129.115441875055,417.215562257061,2.94194715457579,14.1265550923164,1.26299794940117,0.592100373379253,4.21478556281427,3.88307419604064,0.0149941250585828,0.0011790242792303,0.0006311271516941,13.3568198480533,45.1212027172414,15.0
0.875,29.9943998599587,1.52734425883877,1150.12531170615,66.7581377373615,2407.38889677672,128.655461046974,415.769397685225,1.90252786525578,12.254868074257,3.14707609110823,0.640164608132042,4.71699081128664,4.13125278031051,0.0503110547623976,0.0035754228046069,0.0019538557371231,13.4559887381771,44.959120405865,15.0,3160.24224401872,108900.0,240,29.9946668643909,1.34380472949431,1150.67760817685,58.3919904207542,2410.46263121758,129.071831845992,416.956668148621,2.87498462170959,14.1741237693369,1.33039555462775,0.594854469875879,4.2388551897173,3.87707162393224,0.0159000655431913,0.0012411501849063,0.0006642991247167,13.357277235082,45.1058517427555,15.0
0.885416666,29.9973479191392,1.52216582372505,1149.39147751745,66.5503983879137,2406.3264437828,128.556289574876,415.309943393374,1.91256072645512,12.4015450193981,3.14967676276108,0.638955467144444,4.70697389360615,4.10929088710294,0.0498119326956939,0.0035297931573823,0.0019240988567489,13.4517891627923,44.9240434838042,15.0,3158.29394710516,95335.0,240,29.9953275701097,1.3394030030337,1150.11056601901,58.1679754996024,2409.63274170821,128.992159101899,416.564849467659,2.89815151898439,14.3490393942751,1.29972229857805,0.594092995944568,4.22809627486762,3.85321119941344,0.0154802934772604,0.0012033960633113,0.0006419327725858,13.3542208129056,45.0777758337063,15.0
0.895833333,30.001296720922,1.54196671081816,1149.77911529883,67.4156406716175,2407.64362337586,128.550257215732,415.224649619394,1.8407180987167,12.2076134890768,3.44346644692868,0.642310920249476,4.75492336791786,4.12938395773821,0.0579063962062644,0.0040448711980248,0.0022100742994743,13.4921263040559,44.9210972221102,15.0,3160.15078755266,131055.0,240,29.9981071055863,1.35294216900695,1149.75237741488,58.7705186263553,2409.22265084686,128.907250802946,416.17484707722,2.78751388899332,14.3025120078002,1.47154880738755,0.597124916956345,4.26327974481765,3.85648887714254,0.0178238051131965,0.0013931703314775,0.0007489427155638,13.3661667655997,45.0476095489677,15.0
0.90625,29.9949524228397,1.57210435344264,1150.87505572444,69.0857693078417,2410.24099726795,128.58729026613,415.280804948478,1.73664929113699,11.8754379031207,3.89919936218791,0.655288674023614,4.85115429209241,4.16761203418314,0.0715372458551917,0.0048805055926472,0.0026757489409845,13.4983657784783,44.9327763232234,15.0,3164.25202037855,120480.0,240,29.9981709674924,1.38533986836964,1150.20314973613,60.2672758501822,2410.55353095232,128.892863197535,416.006570469373,2.5262849923123,14.0686539318416,1.81313184364652,0.60610489369436,4.34897026283138,3.88178383913723,0.0228623867565158,0.0017459008249857,0.0009422182521421,13.3749761183091,45.0418564985071,15.0
0.916666666,29.9913027406134,1.58443639479909,1150.15035848965,69.7850390998917,2408.7375439159,128.428148518696,414.615589426853,1.70894910998851,11.8526087931604,4.0771918438849,0.660799566384432,4.89894626812999,4.16827835745935,0.07687663614648,0.0051907269194489,0.0028457886592568,13.4891336795107,44.8759346439112,15.0,3162.44446057118,115355.0,240,29.9945707208578,1.40176988489278,1150.47030612794,61.0420763089426,2411.48734260764,128.873857887854,415.780901205906,2.41284337630583,14.0392985953201,1.98110211960565,0.611341182148734,4.39723128002458,3.88102562097076,0.0255392328267092,0.001920823718598,0.0010358709628425,13.3713851673926,45.0343782211751,15.0
0.927083333,29.9939743770717,1.59319897961961,1148.20253487783,70.1756131885116,2404.72454445526,128.139984320078,413.517709594251,1.70398222271262,11.8942972650372,4.14370415084652,0.662737365221809,4.92642101526362,4.1604605185987,0.07857576661019,0.0052800254526505,0.0028922783428286,13.4896700976078,44.7741416210236,15.0,3157.15089604272,111940.0,240,29.9933688128117,1.41025455697315,1149.62566103103,61.4002754499839,2409.95737547981,128.727542054862,415.125971285369,2.37394350283791,14.1104202215064,2.04634129856546,0.614014260274062,4.4228081549212,3.86839622745321,0.0266005964570922,0.0019860683514897,0.0010697883196383,13.3701790069444,44.982317726938,
0.9375,29.9984013844212,1.58050855719722,1147.20813726718,69.5950207078387,2403.28734339481,128.019250171735,412.924900917462,1.74511425189874,12.1415115685011,3.96049135749643,0.65800234973925,4.89538255553775,4.1233729749582,0.0717617490029573,0.0048650771498614,0.0026577201244151,13.47107020066,44.7312333121672,15.0,3154.3244143284,87415.0,240,29.9949417632524,1.39909716756402,1148.49423593559,60.8306328070857,2408.06522331931,128.587036184328,414.472651281598,2.44945201987729,14.3813760428975,1.88939147261462,0.611246526509749,4.39331360226222,3.82920507848637,0.0240288938862127,0.0017910604385878,0.0009592644592543,13.3618879063627,44.9324176816189,15.0
0.947916666,30.0048132724846,1.59117872140672,1147.95568490702,70.0188706219995,2405.58952689862,128.071193710059,412.977996397919,1.72571412698028,12.0448319186026,4.02804756232359,0.655970305768033,4.91730108676388,4.1287036198568,0.0745825204475755,0.0050286738248759,0.0027488590782381,13.5123700694757,44.7484164745249,15.0,3157.0212667576,129070.0,240,29.9992215118405,1.40241324835147,1147.90489208331,60.9939896324899,2407.31662416978,128.47836369256,413.974708160291,2.46253092855057,14.4035105218466,1.91554383435758,0.611274967601048,4.40339323678653,3.82151675737589,0.0245002927201613,0.0018489903409087,0.0009956595505757,13.3721141102729,44.8934591167988,15.0
0.958333333,29.9996498072509,1.61466701434239,1150.36850473059,71.492104209172,2411.21344407207,128.27508801147,413.553883686678,1.66433760000703,11.7338352831356,4.30234920664615,0.664818319082086,4.99931805150029,4.16252129565046,0.0849477307403883,0.0056544153718011,0.0031047830622892,13.5151297381746,44.818355205474,15.0,3164.79103493659,116240.0,240,30.001362350118,1.42853654457717,1148.78949019584,62.2821916832683,2409.71113981873,128.50765614845,413.957422421535,2.31899874806539,14.1348965493873,2.15990062658345,0.617806881951039,4.47581078342789,3.84994522287062,0.0285827967594068,0.0021276819799512,0.001149397692483,13.3811732684497,44.902647649421,15.0
0.96875,29.994673445775,1.626037622103,1151.33603738091,72.1791811853907,2413.38944068409,128.316556566595,413.531667780553,1.64718579551891,11.703173001208,4.36552292304394,0.668758553410358,5.04399520618286,4.16456186297691,0.0878471584126246,0.0058241048169963,0.0032016977082456,13.5033316250629,44.8316527164596,15.0,3167.6884022355,120490.0,240,29.9982984851032,1.44347974283075,1150.19861995169,63.0821816866288,2413.18851894322,128.612644268541,414.149987019254,2.25370468894446,14.0280514001107,2.26857446312809,0.622107623452335,4.52353103710212,3.85866300487692,0.0305919210656393,0.002261049349562,0.0012226606708418,13.3776840140167,44.9383271280371,15.0
0.979166666,29.9942866485895,1.63400300135706,1150.42585882782,72.5795178710035,2411.43268406991,128.142034887427,412.79541842656,1.65146542757451,11.7650709960302,4.31946148933967,0.670889852089164,5.07169583687503,4.15683098489226,0.0865261187134909,0.0057458462991663,0.0031585060930611,13.4917138821172,44.7697414940717,15.0,3165.10894168259,112010.0,240,29.9958248264076,1.45237794624642,1150.61359484915,63.5384201993387,2414.33735490518,128.601517404078,413.946059275189,2.2347055311278,14.0373862882752,2.27926111157041,0.624783790578818,4.5535561029989,3.85497791126245,0.0308268278138867,0.0022670454827169,0.001224557997271,13.3739818332587,44.9334830386573,15.0
0.989583333,29.9974037798677,1.62786547580649,1149.51465032426,72.2177494279152,2409.80674669864,128.004220261281,412.158348021484,1.69194696802048,11.9822543043253,4.06620612008712,0.668046991655395,5.05380103673477,4.12802990856791,0.0775852644328986,0.005215499581665,0.0028608017655568,13.4756039852004,44.7211648662166,15.0,3162.31715969985,99810.0,240,29.9957932010154,1.44565185007456,1150.18555867131,63.2099805620403,2413.76440165212,128.518870738975,413.494816998082,2.3078888018287,14.2333784662099,2.09688210307171,0.623414652137829,4.53793226536252,3.82807965582645,0.0276542610823666,0.0020387687984999,0.0010970644783597,13.3661385157293,44.9038839802932,15.0
1.0,30.0028185498923,1.60933980976634,1149.67827676091,71.2380486503412,2410.9188707396,128.029602279038,412.054046849007,1.76053046414112,12.2720049757527,3.67850035817252,0.660968408120662,4.99772625391622,4.08739722155225,0.0651222651499933,0.0044588347389678,0.0024379924573494,13.4648007324016,44.7300435533882,15.0,3162.48666662421,91815.0,240,29.9981747309508,1.42504927346249,1149.82294435019,62.2543911728793,2413.53861224258,128.469063534863,413.163060343402,2.47139385603,14.5272204465867,1.78504997794891,0.618325472579028,4.48447018468497,3.78818902418468,0.022631200918506,0.0016862571845297,0.0009030719772452,13.3589978253851,44.8860025991709,15.0
1.010416666,30.008258624228,1.58836995480415,1151.26220828405,70.2260553600545,2415.33302986821,128.234550066359,412.570901779241,1.83311262678821,12.4776833623827,3.31262397147536,0.652786898291207,4.93703995060763,4.05550579308847,0.055019898942127,0.0038343524362347,0.0020925966733838,13.4650054663837,44.8018578259769,15.0,3166.82145238792,93090.0,240,30.002190518921,1.40144504701514,1150.14067629863,61.2290166245161,2414.92220562456,128.502088892388,413.147364349466,2.67442712104551,14.7479257889938,1.49177210899565,0.612123318849316,4.42481884433272,3.75715683004392,0.0182988464476664,0.0013865290720799,0.0007405503430167,13.3562684852279,44.8972400386612,15.0
1.020833333,30.0109820330908,1.57051021125158,1154.25867588079,69.4922494769377,2422.84266498915,128.601762708339,413.65888469717,1.88950756685711,12.5479127571006,3.04812473484833,0.645947477134467,4.89085525205111,4.04045030944319,0.0486086802353749,0.0034375252869561,0.0018763823373625,13.4681833034182,44.9304447294729,15.0,3175.33851186139,95230.0,240,30.0063086767891,1.38259957213393,1151.55192710907,60.4889827014747,2418.74763943566,128.655860927125,413.575663952984,2.84842998201853,14.8132083089598,1.29188369300246,0.606692029046367,4.37985201279426,3.74545698438402,0.015525433167537,0.0011954400220717,0.0006380604192314,13.3565522437883,44.9508308275225,15.0
1.03125,30.0091141996214,1.57120375954795,1158.32774344202,69.7028174836428,2432.38160066502,129.057152931184,415.093397357066,1.87529028362596,12.3613515536809,3.04121856803963,0.643624524745091,4.89801013393074,4.06073697665285,0.0492655942152825,0.0035004004790754,0.0019179058131112,13.4875353283924,45.0897168577999,15.0,3187.23932155255,117165.0,240,30.0086420153782,1.38248634389926,1154.38584656158,60.6723677957431,2425.56332626665,128.949158277039,414.497790606038,2.86708151647847,14.6134403921003,1.28779266349951,0.605238182853802,4.38689728652163,3.76769313606868,0.0154820486950464,0.0012078004920924,0.0006483602260804,13.3642341533228,45.0532706934799,15.0
1.041666666,30.0009343635202,1.57570438430681,1161.48588232551,70.1352220988577,2439.59873427492,129.385964641106,416.098871819399,1.83962813120913,12.214343493083,3.12248541918287,0.64617171173553,4.92113565915096,4.08058685697542,0.0516589479464348,0.0036590861598684,0.0020089097101599,13.4758520384474,45.2046735176524,15.0,3196.43201150808,110055.0,240,30.0062658202256,1.3910921254847,1157.88544299037,61.2611628943149,2433.69967317865,129.314904702774,415.639542004118,2.78280399946533,14.3671106991953,1.35620577475083,0.606668333531009,4.4181070331764,3.79707286530287,0.0164519204771986,0.0012756911254113,0.0006861091682781,13.3652162899103,45.181132900132,15.0
1.052083333,29.995812592075,1.57783747579172,1161.61350614117,70.2233500560885,2440.02721702257,129.357733308421,415.913024749461,1.82495581175048,12.2219047889092,3.18732873062825,0.648154331862783,4.92842242116057,4.08419016881161,0.0533820642235066,0.0037661313858438,0.0020673788473118,13.4670685109607,45.194748799929,15.0,3196.74718505824,116550.0,240,30.0011464843317,1.39511702694029,1160.20247397965,61.5711856334698,2439.10702024774,129.54696967664,416.314707559094,2.73717761630332,14.2612892974643,1.40110960208867,0.607778224271751,4.43618905733808,3.81145650058511,0.0171024048920162,0.0013235442676177,0.0007127283734005,13.362423945429,45.2622906126906,
1.0625,29.9941663529362,1.58541394537988,1159.3418241067,70.4772611890655,2435.20567373259,129.039166675822,414.788125397243,1.796961723892,12.2115060817489,3.35239105622117,0.652241219343472,4.94457895083054,4.09068456321418,0.0575213723862641,0.0040186102550149,0.0022046208128457,13.4655210395031,45.0831365814828,15.0,3190.45139076218,115790.0,240,29.9972980465872,1.40211756261311,1160.32042796083,61.8941797150037,2439.57401376318,129.515414523189,416.114449914893,2.66651103766394,14.2154935578768,1.49128294170225,0.610033208005522,4.4560612750598,3.82065434536643,0.018381300080655,0.0014143668642281,0.0007622167113113,13.3624449292243,45.2512182282744,15.0
1.072916666,29.9954128167713,1.55949858704269,1157.37338843368,69.215590612142,2431.60929591562,128.825482190819,413.919491303508,1.85736767869904,12.5684467133787,3.20111720862474,0.64796492807774,4.87575187279261,4.04503882603373,0.0519127578942236,0.0036422973001451,0.001987237259856,13.4367673403872,45.0083072347196,15.0,3184.46366676787,75610.0,240,29.995789659205,1.38032236117306,1159.19616906302,60.8128268903135,2437.67234170026,129.393543181534,415.581392954075,2.78166142148819,14.5146694942963,1.33390645339291,0.605536395986109,4.39593145325669,3.78379511691802,0.0161249721264193,0.0012320575708096,0.0006575680994189,13.350854362207,45.2085663027192,15.0
1.083333333,30.002208961135,1.51170600882514,1156.67276010944,66.8010831282886,2431.23283532444,128.819425126123,413.701186627287,1.99038497808034,13.118101138612,2.81769219182201,0.633892603479659,4.74022825590835,3.96911702186223,0.0421665352435076,0.0030081196800731,0.0016318283539436,13.4288785730176,45.0060421162578,15.0,3181.67499932388,76595.0,240,29.9970928459036,1.33314662974342,1158.16017175195,58.6059010291687,2436.23783273976,129.319208022531,415.225661853035,3.12560473184817,14.9948111558364,1.0305446382942,0.59382632742981,4.27071104257152,3.72185908244202,0.0120741402881561,0.0009444071208429,0.000500687118626,13.3426125694264,45.182463553991,15.0
1.09375,30.0112078230954,1.472338753517,1157.64549468468,64.936268657216,2434.5414047904,129.001324075834,414.171885128127,2.08141652900894,13.4055324076234,2.60922725995734,0.621223470967324,4.63248353979285,3.92329678242716,0.0375087179077397,0.002713078849408,0.001469822345492,13.4409934296389,45.0692602810087,15.0,3184.02422821295,76710.0,240,30.0016733974501,1.2931007966272,1157.65440029818,56.7457687563244,2435.92251782779,129.294581095991,415.085102349615,3.39632160951521,15.3099305904846,0.867500491696691,0.582700100082607,4.1636476935194,3.67965865700676,0.0099904758455527,0.0007993329844665,0.0004224903824847,13.3435357037262,45.1735382148636,15.0
1.104166666,30.017148465236,1.43464151544481,1160.59846135266,63.283815455829,2442.21793793763,129.421846019874,415.45705220733,2.1518771887737,13.5733234077659,2.45533973037926,0.609619127078934,4.53554768909577,3.8904775971501,0.0343059419189184,0.0025114927070443,0.0013601316510814,13.4441882160869,45.2158002380821,15.0,3192.14618490855,73755.0,240,30.007504122064,1.25733228693701,1158.30297854078,55.119819919337,2438.16398012434,129.409605803726,415.429054933155,3.5931500605177,15.5140042228155,0.767599635846275,0.572074827311613,4.06855732483313,3.64894471011332,0.0087505573912657,0.0007115887432987,0.0003749984685749,13.3439501629263,45.2133169747706,15.0
1.114583333,30.0195063537235,1.39467629805467,1164.74879567587,61.5833925727556,2452.44028235875,129.992857327387,417.247291073365,2.23362329890475,13.7361748908498,2.27611537067256,0.597623610604526,4.43671481178916,3.858271387868,0.0308702578392893,0.0022907329323814,0.0012399950654397,13.440407688818,45.4149328213665,15.0,3203.57066387212,71435.0,240,30.0123375118392,1.2222466441006,1160.2529623402,53.5811083473442,2443.26422523556,129.687120346766,416.32271646301,3.77393094535081,15.6614717411319,0.681097791740932,0.561302983011604,3.97811337730271,3.62347743360672,0.0077064324212001,0.0006355171567793,0.0003337216875631,13.3426392337952,45.3098488343111,15.0
1.125,30.0198899915457,1.34769838276686,1168.78085600865,59.5538159177755,2462.29785717288,130.56702904984,419.050787464013,2.37358535223439,13.9980954338254,1.9940017028099,0.58465119743367,4.32029034577597,3.81468530895827,0.0258978654532276,0.0019528964069969,0.0010541139533177,13.4259540484953,45.6152683259777,15.0,3214.39921045435,62390.0,240,30.0153719340768,1.18275292966258,1162.98359035682,51.8778601632078,2450.02457334619,130.067226628488,417.579860886275,4.02038545472705,15.8172757669535,0.564586695669473,0.549380889951317,3.87858724548015,3.59681082711401,0.0063452186824051,0.0005301492284592,0.0002763860925034,13.3387124817302,45.4422985271147,15.0
1.135416666,30.0201179652766,1.29761599973036,1172.11535847239,57.3618360923835,2470.46337094611,131.064800931321,420.638768790606,2.57925969955636,14.2868307193685,1.67855461829369,0.570719664807335,4.1951135641923,3.76942857512268,0.0208957584881441,0.0016134107437463,0.0008686778044614,13.4170738777246,45.7889774334673,15.0,3223.07483449971,62385.0,240,30.0171519907368,1.14091563390703,1165.93450324638,50.0774569941145,2457.14387800174,130.474950138853,418.973559905121,4.32232928404163,15.9551214056479,0.453526942487898,0.536665408476552,3.77384644363677,3.57360519383473,0.0050699932349681,0.000430660425387,0.0002226280569262,13.3355333770341,45.5845062969801,15.0
1.145833333,30.0205550405034,1.24829648791968,1174.69676339058,55.1889370604735,2476.78831821394,131.471284547148,421.981341212186,2.82537619289199,14.538718008705,1.38124620525917,0.55726464753381,4.07087066352904,3.73065307499957,0.0165780698990439,0.0013107462562581,0.000703105420096,13.4082453624613,45.9308788933077,15.0,3229.54314248823,56735.0,240,30.0183391254982,1.09993784561971,1168.77145492269,48.2999049836826,2463.84767439539,130.867943514068,420.364050156658,4.61655298619991,16.0589090501339,0.361863106822831,0.523964279667651,3.67056467755162,3.55604934003173,0.004035074593361,0.0003466014551172,0.0001772409163307,13.3332035684187,45.7216569550118,15.0
1.15625,30.0211538912621,1.1991090991633,1176.55576461497,53.0061348319019,2481.35490799375,131.788258588532,423.090908383883,3.1347117134562,14.7523026315704,1.10192834847532,0.543944579836356,3.94577640954714,3.69861812369909,0.0128372508730428,0.0010446600492032,0.0005579066303364,13.4002831210152,46.0416089461789,15.0,3233.87818751941,55185.0,240,30.0192315165108,1.05947038080484,1171.23911768959,46.522539247768,2469.56253904788,131.215004361201,421.655833261211,4.91383449515208,16.1341417288021,0.286973355858709,0.511267436360259,3.56717331926814,3.5437606009942,0.0031985126832968,0.0002760131504854,0.0001391950921819,13.3309595833138,45.8428783575634,15.0
1.166666666,30.0218425307528,1.1525499512114,1177.87479526553,50.9235361232508,2484.54534259629,132.031415913214,424.027744592586,3.46984413911363,14.8864874629494,0.871944734620463,0.531090455182942,3.82611687608495,3.6786379303184,0.0099426080394333,0.0008326508803085,0.0004422772382977,13.3939427479523,46.1266575693224,15.0,3236.64711904514,52365.0,240,30.0200168841313,1.02144759056067,1173.31734162927,44.8332502387183,2474.24023494243,131.513010940938,422.83203168252,5.17465198629022,16.1695209127664,0.232474892463933,0.499049947376169,3.46866200922463,3.53789362995066,0.0025938905528293,0.0002228233504487,0.0001105509485935,13.3293769946036,45.9470513157752,15.0
1.177083333,30.0224816747711,1.10807846745039,1178.77322808705,48.9173720708045,2486.62269662284,132.215101709201,424.834789392784,3.82798282120158,14.9559293998538,0.682309451735627,0.518661675429627,3.71056066095878,3.66881555047261,0.0076658555722618,0.000660376737367,0.0003483958517339,13.3873655175899,46.1910343900119,15.0,3238.16566670452,50000.0,240,30.0207322254366,0.985460008989844,1174.98624435517,43.2168623526829,2477.83670879819,131.759525419826,423.884444682834,5.40715811706879,16.1726149866792,0.191608678918759,0.487280799793039,3.37409814675844,3.53750575127863,0.0021423589305899,0.0001811354701849,8.81053276831214e-05,13.3278520221277,46.0333236064706,15.0
1.1875,30.0230158035218,1.07167453484353,1179.40651704869,47.2479474911645,2487.89287671925,132.351846639991,425.554924020031,4.08910763021866,14.8826726314252,0.585090529939567,0.507491108757531,3.61424474080986,3.67894044160647,0.0065208395862663,0.0005780860804486,0.0003042340542337,13.3909327350256,46.2390817601843,15.0,3239.01989525948,56290.0,240,30.0214328481291,0.955587204739948,1176.39617948746,41.8676277720714,2480.70352519695,131.973388123481,424.851339296679,5.5539351755965,16.1077330976722,0.173132969046005,0.47710226798226,3.29498981107054,3.54620572043135,0.0019354567926646,0.0001619621837724,7.7717906683339e-05,13.3282645418007,46.1082084672012,15.0
1.197916666,30.0229112734864,1.04037393790584,1179.76244936294,45.7978897504403,2488.37287948294,132.451695071506,426.185190466191,4.28215138266988,14.7571704444257,0.510105213412174,0.4979125557165,3.53018885220503,3.69718051180375,0.0056581996407199,0.0005104603965546,0.0002676951048812,13.3878967936176,46.274237998761,15.0,3239.13325659958,52180.0,240,30.0219844510411,0.930175226930711,1177.51082638822,40.7125061956051,2482.77316223592,132.152204713328,425.722959484702,5.65481003826705,15.995818062162,0.159944967564856,0.468310545421368,3.22710490924277,3.56146797345651,0.001788312581846,0.0001484437516737,7.04135710867844e-05,13.3282749471367,46.1708591906349,15.0
1.208333333,30.0221896506459,1.01115569609409,1179.76689554644,44.4329729498778,2487.93721954158,132.507086932702,426.699068515565,4.48825004084731,14.6234258411302,0.444734156434465,0.488931612438877,3.45043622252491,3.71850218850859,0.0049152657616732,0.0004537047341677,0.0002374742018119,13.3839001780341,46.2938821529134,15.0,3238.22784422931,54880.0,240,30.0221812651689,0.906955063924624,1178.29248468593,39.6493893874202,2483.96959907248,132.290572897503,426.489514377332,5.75476671323745,15.8603651297744,0.148161886756532,0.46027585779773,3.16431601541702,3.58095181549349,0.0016569757939784,0.0001356408694264,6.35196898165417e-05,13.3275493372049,46.2194118639503,15.0
1.21875,30.0210222027782,0.986955349895723,1179.33432472743,43.2770721868338,2486.40693328017,132.50771122922,427.056246666842,4.62228814068066,14.4538106917049,0.408965391157045,0.481092902263759,3.38220465816211,3.74633344516751,0.0045085593439072,0.0004252964143273,0.0002227729853948,13.382605843419,46.2943763896325,15.0,3236.1574983601,56250.0,240,30.0219759598451,0.887713065974842,1178.74315198777,38.7586212321519,2484.32778217121,132.390075291084,427.142533891527,5.81971486550398,15.6870617867254,0.142155108875834,0.453462100943501,3.11138355865132,3.6062788186187,0.0015885807578917,0.0001296167063339,6.02757738445404e-05,13.3275681715074,46.2543800678323,15.0
1.229166666,30.0194168980495,0.966927381333726,1178.47026101441,42.2951008459496,2483.82553539634,132.457367205335,427.255835179919,4.70575085250291,14.2789001303011,0.391005291056538,0.474383042854376,3.32341119534664,3.77665018012063,0.0043020305678087,0.0004142708889326,0.000217499908288,13.3808773472592,46.2770358590074,15.0,3232.93585162572,58700.0,240,30.0213296590345,0.871778088165825,1178.80008006645,38.0077721827643,2483.72871023942,132.444185739672,427.657729087577,5.86138004253264,15.4910834641113,0.139364123531095,0.447723719230824,3.06633479796866,3.63578255606861,0.0015553602085219,0.0001273972829849,5.90742892052776e-05,13.3276053973213,46.2734758427464,15.0
1.239583333,30.0174915040242,0.949323486043692,1177.26091852229,41.4175949182008,2480.40977229413,132.368728049877,427.328042059637,4.77420662513221,14.1365222366701,0.374944541359101,0.468538501074033,3.27002722583699,3.80435811323249,0.0041189936697673,0.0004026963804511,0.0002114936719582,13.376096985245,46.2462893469607,15.0,3228.77350889332,57810.0,240,30.0202567297101,0.857888957639494,1178.45078386624,37.3394547229258,2482.15650997996,132.451799350536,428.030354597692,5.89658261082886,15.2983901229841,0.136712982154613,0.442702860062536,3.02569859927599,3.66641189419604,0.0015242467861832,0.0001252377072101,5.78860410131436e-05,13.3270746970903,46.2763165433183,15.0
1.25,30.0155631413749,0.934378229371118,1175.76407194184,40.6523950203682,2476.2981517312,132.247609524327,427.291007044409,4.82449294968118,14.0212451478893,0.367653151481672,0.463346295337008,3.22270456013432,3.82987354981553,0.004032685042029,0.0004012848377819,0.0002112320325168,13.37277221567,46.2041818162332,15.0,3223.84306280878,60620.0,240,30.0188423406162,0.845948155241455,1177.7180649679,36.7497780102416,2479.67867319967,132.41607560153,428.265170641912,5.92459432358418,15.1189978934769,0.135448182108399,0.438319869076978,2.98925777070625,3.69684900016085,0.0015082007914814,0.0001246618146268,5.75527417070003e-05,13.3265837517241,46.2640048160685,15.0
1.260416666,30.0136917091077,0.923455532017164,1174.0618154215,40.0621559883297,2471.6761454085,132.103418080561,427.170161804444,4.82431687951742,13.9170268806289,0.373990146467688,0.459232612518228,3.18527091246983,3.85489962769754,0.0040967119403757,0.0004134938660962,0.000218332983223,13.3707150517448,46.1539886291777,15.0,3218.42076399939,62890.0,240,30.017197796966,0.836880660990386,1176.61985794233,36.2806434823214,2476.35899214291,132.340384241185,428.36275934908,5.9302618128652,14.9492689523334,0.137121333055198,0.434853249805582,2.959586149104,3.72730572430089,0.0015240342122718,0.0001280007723388,5.93129285786451e-05,13.3265190277564,46.2377021926881,15.0
1.270833333,30.0119887845655,0.911829523508177,1172.40674479603,39.4588430370751,2467.1112020462,131.967363348717,427.065369869871,4.8813584050627,13.878674801169,0.356259381300853,0.455482579647129,3.14687600276459,3.87171875269283,0.0039000127196108,0.0003946241365892,0.0002074430606273,13.3631343718352,46.1066303933823,15.0,3213.08711511846,56995.0,240,30.015533935363,0.827599702751617,1175.32849502272,35.7992848485743,2472.55376571575,132.242539414053,428.392601985553,5.95979703707776,14.8282653644258,0.133758346311809,0.431446055513333,2.92884211762028,3.75272292380726,0.0014865170576411,0.0001244079594007,5.72980756761132e-05,13.3252462429874,46.2036685699669,15.0
1.28125,30.0109990315083,0.899295473125231,1170.89215819989,38.8245908162346,2462.79523852714,131.845861131862,427.013613412074,4.98728547400067,13.8760802414128,0.331563991743671,0.451401798517137,3.10688888108099,3.88385898297595,0.0036269397914449,0.0003714952017226,0.0001948592410956,13.3583394607579,46.06437503579,15.0,3208.07687784224,57240.0,240,30.0140400559395,0.817566164663048,1173.98056952029,35.2848982505983,2468.55682326662,132.136547235781,428.405227714517,6.01275764235685,14.753131545055,0.128249516510241,0.427811861638842,2.89595040137475,3.77313396049684,0.0014258224679963,0.0001175557125365,5.35900862456974e-05,13.3240009110479,46.1668150277068,
1.291666666,30.0107401198486,0.890494420701508,1169.50829679512,38.3546313294705,2458.69247573532,131.735959632472,427.004577531748,5.01791455458179,13.8426182387306,0.330612799414604,0.448043607668218,3.07698993836825,3.89960439625002,0.0036122169610116,0.0003761522260825,0.0001979246887582,13.358978277973,46.0261517073128,15.0,3203.49156954859,60450.0,240,30.0128525113683,0.809867798744025,1172.5601842246,34.8738274762011,2464.36633195417,132.022584789965,428.385347105502,6.03554454655962,14.6833696866706,0.127660217665303,0.424851262999392,2.86924289489802,3.79318477228442,0.0014177730799569,0.0001176279581845,5.36235637843352e-05,13.3240372990728,46.1271613371915,15.0
1.302083333,30.0105827324742,0.885343114541399,1168.3312817312,38.0530803703852,2454.98201431898,131.64899899413,427.066656503528,4.99370049566924,13.7855994072078,0.340764613617505,0.44585291788441,3.05729048401895,3.9177467754418,0.0037197887614783,0.0003910019777878,0.0002063195887801,13.3594317951843,45.9959028334147,15.0,3199.55845106372,62145.0,240,30.0120242607584,0.80484878909915,1171.1490371411,34.5841153737427,2460.16788120513,131.910761497833,428.362073794237,6.03186075786243,14.6110350306852,0.129872132051097,0.422798347904502,2.84993123529609,3.81345905744005,0.0014401536031577,0.0001216068613973,5.5725354807926e-05,13.3243772321589,46.0882212035589,15.0
1.3125,30.0101156504212,0.87936717462325,1167.33358121619,37.7329850215899,2451.63233523517,131.584180105561,427.197485651022,5.02342786755503,13.7591937456435,0.330310356231098,0.44395388599566,3.03652487693629,3.93139340966807,0.0036053256987757,0.0003785610976662,0.0001989990805253,13.3552989468332,45.9733800629821,15.0,3196.09046046938,57500.0,240,30.0113986607014,0.799779823757036,1169.89453387643,34.2993581222373,2456.26048797355,131.815985883509,428.398296703835,6.04738948552549,14.5584554355612,0.128005265415421,0.420886105161652,2.83105060674643,3.83097438400255,0.0014194492963043,0.0001195794899304,5.45659321105614e-05,13.3237362114701,46.0552336878898,15.0
1.322916666,30.0097625241354,0.872687679133541,1166.3563579702,37.3838495449794,2448.30284266369,131.520323600389,427.338628700989,5.08729780096748,13.7460003717563,0.316340460161035,0.441760224353748,3.01413314481978,3.94307290615796,0.0034517700801441,0.0003658170048327,0.0001921829834018,13.3531318062837,45.9512144133662,15.0,3192.63991267021,58585.0,240,30.0108517160504,0.794332271139251,1168.77028898815,34.0031412109445,2452.59299162444,131.734435039147,428.48516463904,6.07878960795655,14.5219793011455,0.124835561916907,0.418884753635924,2.81157076373318,3.84625337560844,0.0013846280229157,0.0001155114207108,5.23802120805926e-05,13.3231121908349,46.0268794238792,15.0
1.333333333,30.0096635742357,0.867663001686392,1165.36446066794,37.1050640699142,2444.91367925325,131.453230063046,427.472819944583,5.11284405034747,13.7184882180157,0.312858723587037,0.439925433328183,2.99605674270777,3.95617903650502,0.0034118334891077,0.0003645656599002,0.0001916373416821,13.3530234040689,45.9279096405525,15.0,3189.17787272946,58755.0,240,30.0104271028183,0.789984205462708,1167.68505227443,33.7572459371111,2448.98972555705,131.65692568367,428.584379465635,6.0955264695032,14.4843130853547,0.123857570776621,0.417214102685713,2.79520392862685,3.86139123607969,0.0013732486891243,0.0001147230171899,5.19520778355222e-05,13.3230589277825,45.9999310019235,15.0
1.34375,30.0096287770471,0.862935303782433,1164.4488983121,36.8439099619149,2441.66749753254,131.395147510337,427.636312672621,5.13898477286351,13.6967261955505,0.307629842782289,0.438332755021735,2.97917341849418,3.96796898384892,0.0033535951835882,0.0003593148194842,0.0001885541370234,13.352029238977,45.9077343868679,15.0,3185.92462528229,57445.0,240,30.0101410950463,0.785954096695141,1166.65604648058,33.5277341404315,2445.4830342427,131.58520496277,428.704955969089,6.11143784971553,14.4519950250974,0.122582458695171,0.415690494016446,2.77992662792604,3.87546943036119,0.0013588780735436,0.0001133042144562,5.11528390866294e-05,13.3228817475747,45.9750010270991,15.0
1.354166666,30.0095619055459,0.861538627504956,1163.56840522282,36.7213262856841,2438.47578628867,131.340294210769,427.807521778899,5.09905949010941,13.6465125377796,0.324868132191841,0.43738367071731,2.97061070232504,3.98293174769836,0.0035375807437228,0.0003837435196068,0.0002025521883513,13.3546094486759,45.8886570983347,15.0,3182.85149316389,64295.0,240,30.0099401353707,0.784165723307406,1165.63881993893,33.3978242714275,2442.00515163109,131.516236926942,428.824123447105,6.10070151052951,14.4059926670817,0.125697209966765,0.414875876573709,2.77074524212841,3.89072814891836,0.0013912491008141,0.0001182617400874,5.38118005062395e-05,13.3233955829148,45.950999616877,15.0
1.364583333,30.0089298714674,0.8620152148488,1162.66827148127,36.6851562944192,2435.24432066898,131.286374406915,427.966534040692,5.03343267059117,13.6050622251167,0.341532747692077,0.437338848384278,2.96694563608993,3.99629269685874,0.0037174413735693,0.000400388884876,0.0002111145894813,13.353777150424,45.8698548448292,15.0,3179.79038380283,61750.0,240,30.0096832862845,0.784060856458234,1164.64625344027,33.3437050082782,2438.58601119739,131.452201898957,428.947996075547,6.07495346737979,14.3564072822049,0.129429727998278,0.414690837075534,2.76617658872979,3.90580664850913,0.0014307726254012,0.0001239833935815,5.67763158500579e-05,13.3236175566114,45.9286806721896,15.0
1.375,30.0079775505998,0.860791334954505,1161.63693295726,36.576486019734,2431.75127595367,131.220369244925,428.07705357639,5.0328111303451,13.6100674916977,0.341854821046694,0.437034010698516,2.95867941733335,4.00359250248369,0.0037203602110209,0.0003986070639042,0.0002095572300664,13.3510678498671,45.8468215267589,15.0,3176.33170445905,60970.0,240,30.0091989771292,0.783086672950173,1163.68865583975,33.2537721106498,2435.23100111858,131.392497705516,429.08714050028,6.07563616289621,14.3302642027993,0.129310129911513,0.414324606096858,2.75938584375655,3.91759343321958,0.0014292852314691,0.000123647689826,5.6505549570232e-05,13.3230736909575,45.907869242258,15.0
1.385416666,30.0069683670893,0.866893881246275,1160.16458704877,36.7466217574998,2427.34078341545,131.1020988781,428.004986533572,4.87476695851224,13.5578648207857,0.403198212297726,0.438148259969793,2.96643291973199,4.01824905552557,0.0043828878202193,0.0004733744554874,0.0002516035183094,13.3568363332808,45.8054878117243,15.0,3171.87342408384,76645.0,240,30.0084758300149,0.786758874981374,1162.5124237105,33.3602382927821,2431.47118718132,131.312810273723,429.128545446297,6.00990468709605,14.2808615001554,0.141786961535613,0.415335051315303,2.76420960929272,3.93171750081589,0.0015615419229596,0.0001412102007248,6.58972312199111e-05,13.3243710676841,45.8800027449611,15.0
1.395833333,30.0020625855983,0.89867588595451,1157.57110679608,37.8874139414142,2420.65462875891,130.849429649818,427.445683429748,4.22128338430809,13.3256009542708,0.690128526420591,0.447175483563188,3.02869593942436,4.05692682912176,0.0075562427151569,0.0007868535965735,0.0004255127165418,13.3694462712192,45.7170569927684,15.0,3165.09398967655,114505.0,240,30.0065555073761,0.807959134443499,1160.5511882196,34.1985173287712,2426.24857253967,131.159178595005,428.819377386129,5.65584863298863,14.1286249614062,0.214507297515394,0.421884435657844,2.81187947249445,3.95741939228967,0.0023350993554418,0.0002346577665401,0.000115792230095,13.3297872306415,45.8260410904196,15.0
1.40625,29.9866784210915,0.947468559115724,1151.50244662159,39.6240919845477,2406.82381571106,130.19644052913,425.448697106947,3.43502054929494,13.20839399214,1.1903210191973,0.467666285801619,3.12081606349695,4.08400825214549,0.0134219865255017,0.0012492684520015,0.0006723501770696,13.3538908549744,45.4885625115621,15.0,3149.31304084863,118450.0,240,29.9988070108786,0.844287150564058,1156.926237507,35.6282072949485,2417.71833991024,130.831330653176,427.810161343258,5.04140305051959,14.0325215257035,0.370576875970922,0.434885274925416,2.89161766019263,3.97576686444845,0.0040089246401068,0.0004004500496795,0.0002027277826394,13.3292800101435,45.7109128185721,15.0
1.416666666,29.9752109722963,1.00130302037,1140.58690328926,41.4229828711599,2382.78552248326,128.970854814795,421.447858528393,2.89108649240561,13.3143107825617,1.81562477771716,0.490403536665838,3.2161539635921,4.08449609022172,0.0215341485183411,0.0018358571136757,0.000983761936347,13.3449212020448,45.0597318165473,15.0,3120.20539035256,123745.0,240,29.9867827816923,0.884813572869502,1149.88520094745,37.1163588679082,2402.08509814481,130.115280139606,425.403153484701,4.44054677640851,14.1946099048499,0.595651016914881,0.450129317681583,2.97214843192952,3.96290249773257,0.0064564142332081,0.0006095728819179,0.0003119550747411,13.3260172427389,45.4599411224569,15.0
1.427083333,29.9728844318279,1.07103792415097,1130.03530903127,43.8713421421708,2359.45498964225,127.736500045648,417.362311269968,2.44516200839851,13.3247549644641,2.71931335400584,0.519567421698836,3.35311786237757,4.09436153894457,0.0354729358546003,0.0027877880896248,0.0014919217832924,13.3614039262703,44.6273209219743,15.0,3092.31582978996,136245.0,240,29.9782284996235,0.936745365485434,1139.75979003512,38.955419026247,2379.98083325979,129.024877607584,421.646263844501,3.7762584518519,14.4900050531132,0.992869469085092,0.469427852786229,3.07303711936061,3.93338654517419,0.0109069226470501,0.0009657918136417,0.0005000470999534,13.3297493684951,45.0778747102344,15.0
1.4375,29.9721686288519,1.15849129993814,1124.8864430903,47.338669826317,2347.32507914659,127.048849921595,415.036190473309,2.08472538928766,13.0873713484931,3.95674898102573,0.55809946631293,3.55814809878181,4.12864932645562,0.0605240753673999,0.004355062570609,0.0023298926675768,13.3975687088277,44.3849152959707,15.0,3079.51511081557,147520.0,240,29.9744418317902,1.0062737384875,1130.90128390265,41.5561049404908,2360.5011179071,128.02577366732,418.11277475276,3.0723927056431,14.6957852555331,1.698237066723,0.495698340280198,3.22253455736328,3.9121242640112,0.0194996488302956,0.0016097086791737,0.0008439806603364,13.3416370624537,44.7272652978107,15.0
1.447916666,29.9699608659033,1.26103406172355,1122.33530915547,51.7159012613993,2340.14521518334,126.573462254173,413.354958352491,1.8335212668289,12.6456793465709,5.40252728352231,0.604998345324538,3.82716500365749,4.18148465506396,0.100398698710084,0.0066267515691279,0.0035557939011791,13.4465737871378,44.2151313082192,15.0,3073.75498313632,159340.0,240,29.9719821642902,1.09277818817064,1125.63799094665,45.0533015005919,2348.32769107966,127.349460989963,415.623346283901,2.4892144261308,14.6453217750849,2.77017205341507,0.529285141361107,3.43286952680758,3.91846540676113,0.0352964310006412,0.0027083600592327,0.0014347477046972,13.3608990942377,44.4887298424601,15.0
1.458333333,29.9685735944967,1.36752337679031,1118.47065747517,56.566326236475,2329.41763950269,125.865580114628,410.836463449461,1.6846263935875,12.1590160293708,6.7978458539669,0.652777146154978,4.13433428546267,4.23529892751452,0.147934784753087,0.0091110798169241,0.0049297658391062,13.4932835047784,43.9627180836203,15.0,3063.83953864653,160630.0,240,29.9697151236337,1.18720996913397,1121.71600604278,49.1267007385881,2338.42245772315,126.726901888929,413.311741530542,2.11678889422937,14.374406802506,4.04284375690248,0.566745625295364,3.68659538741085,3.94809023049515,0.0604219659326389,0.004296029931193,0.0022868953616803,13.3826034794037,44.2677768530147,15.0
1.46875,29.9719062404047,1.47060724208628,1113.9346422468,61.5029452758148,2316.70300124942,125.025670431047,407.830628335522,1.59923241328884,11.7293389816196,7.93083155548446,0.691118943022143,4.45104663642174,4.28058394368047,0.190023079844134,0.0111413297559955,0.0060877460579696,13.529559679954,43.6635215726549,15.0,3051.49530683344,159545.0,240,29.9700938302712,1.27994388118675,1117.41928746246,53.3221947699998,2327.10911813279,125.98228885192,410.587155632726,1.91224629924993,14.0324811033838,5.2371153644277,0.601862283477635,3.95437603606692,3.98338467764883,0.092271078620057,0.0061328800228019,0.0032767901293644,13.4018323254786,44.0027542346125,15.0
1.479166666,29.9771540263855,1.57191853818377,1110.9953404583,66.5559610372086,2307.06782038304,124.332257650714,405.290218312317,1.53860194463732,11.3402987620575,8.73000060483854,0.720701537392466,4.77285274319252,4.3211619264413,0.222009611710556,0.0125977827225891,0.0069520552595848,13.5526075588599,43.4152088058176,15.0,3043.24260498555,159635.0,240,29.9736595626469,1.37124656773347,1113.53590497274,57.6114060021554,2316.22369002778,125.226153181592,407.821504340083,1.79122628734598,13.6623513293282,6.22098784533233,0.633442994173807,4.22924343149279,4.02067761097947,0.125914544019996,0.0079269231412975,0.0042608173738653,13.4172616285115,43.7325496461426,15.0
1.489583333,29.9811453996514,1.6698443617245,1110.43084131103,71.6446117060363,2302.16575597517,123.881105690051,403.54134767701,1.48981160120241,11.0085635261944,9.13346822408608,0.744559451549503,5.09496470821136,4.35613989045074,0.242372656246027,0.0134980134569736,0.0075172124616111,13.5613972104724,43.2513294977278,15.0,3041.18624389277,158595.0,240,29.9779328542931,1.46116506651509,1111.36672079484,61.9870947768704,2308.63468845808,124.623782256847,405.566077022667,1.71062203995086,13.2981539175499,6.89241897706972,0.66184628283088,4.50829829772892,4.05742052925183,0.154810527808613,0.0093741938572652,0.0050781656622412,13.427378701864,43.5154270705271,15.0
1.5,29.9844424623571,1.75904224885795,1111.4598132782,76.4573534578138,2300.50152357812,123.597025085987,402.336734553242,1.45164980429608,10.761707931434,9.22122348532208,0.764115384721019,5.39902815724547,4.3820368689224,0.252218178346703,0.0139236062342929,0.0078085729972693,13.5618106319452,43.1456316849942,15.0,3043.12356122877,154630.0,240,29.9815764732182,1.54551424126758,1111.07514043672,66.205168265806,2304.79737239207,124.212878703969,403.940752882948,1.65459424472375,13.0037161726639,7.20573623227039,0.686653639017285,4.77681527372581,4.0867964002703,0.173406009024631,0.0102620959372015,0.0056004227040415,13.4322643314279,43.3650611711059,15.0
1.510416666,29.9892612105373,1.81902389953185,1113.35386986836,80.0861648312381,2301.33050227916,123.459308538448,401.591844162089,1.4362710630558,10.6915599631433,9.04062873566067,0.773556007642787,5.62725210988987,4.3848510894736,0.253138050436521,0.0139363306063683,0.0078376036871123,13.5521351214652,43.090931365229,15.0,3047.1844657834,135195.0,240,29.9852046086431,1.60849711077198,1112.04380959879,69.420975312428,2303.96610198714,123.981461420158,402.880573642446,1.62615415464981,12.9243967913191,7.14397321672397,0.703100326912862,4.98253785571657,4.08951664011151,0.177497910348897,0.0104446245554752,0.0057253759963096,13.428981660838,43.2777281029381,15.0
1.520833333,29.997674863023,1.85933853981924,1116.19705704506,82.560967386595,2305.42856386103,123.512463235419,401.475183456581,1.42749413351612,10.7165020047273,8.67637612254858,0.773848678428987,5.77383153573089,4.37357755655157,0.246300280763071,0.0136247962323095,0.0076692660928146,13.5525524196735,43.1032695346024,15.0,3054.20812838946,129220.0,240,29.9909195927315,1.65023024909347,1113.88335279713,71.5373734393648,2305.73910262135,123.909982542818,402.331840203053,1.6170965117481,13.0157014215419,6.82452637477945,0.711286318676226,5.11589166861128,4.07018036966714,0.169618618595656,0.0100585068739236,0.0055237554804464,13.4257119897241,43.246844011426,15.0
1.53125,30.0036624875022,1.89221257855559,1120.43580390412,84.6357288909574,2313.5039464947,123.781525083336,402.091387052777,1.41604785822036,10.7037404799475,8.24685926214222,0.773270840079141,5.88513998707441,4.36511451897847,0.236191735807749,0.0131876604601208,0.0074298450320533,13.5572411102236,43.1915321232072,15.0,3065.72994266182,125870.0,240,29.9976101512717,1.68405313867389,1116.82278921318,73.2918537203943,2310.60903120469,124.004011561679,402.35036873699,1.61263308831272,13.0889222031794,6.42239063449935,0.716540628306881,5.21841377146141,4.05224616660932,0.157299362384496,0.009451318121199,0.0051946216350468,13.4252155398684,43.2742844010235,15.0
1.541666666,30.0054590457703,1.9166109221848,1125.64267439213,86.2826204641319,2324.17797192129,124.194707641016,403.191434329293,1.40631917275238,10.6842961276361,7.77603243492966,0.77237419769567,5.96891920688873,4.35697260567402,0.223852156596632,0.0126505173821736,0.0071299386159223,13.5586397051338,43.3306870765956,15.0,3080.11507186834,123915.0,240,30.0021986962142,1.71137729045585,1120.92705216339,74.7852796803807,2318.62067434334,124.266212706944,402.944726344668,1.61194799778596,13.1230680188738,5.97642369148323,0.719910309279638,5.29963429358905,4.03838617710312,0.14281275473119,0.0087241496563122,0.004796363535858,13.4238914701173,43.3610098263328,15.0
1.552083333,30.0050719795727,1.93320133340112,1130.90347550005,87.463903616266,2335.20359901191,124.63115437753,404.373503895633,1.40118088522438,10.6804359228586,7.29682412187813,0.771454870064222,6.02734299325869,4.3477221523798,0.209795135445124,0.0120202275337002,0.0067713296507457,13.5574411803972,43.4785986080007,15.0,3094.54067625705,122220.0,240,30.0041290139573,1.73192528225029,1125.73596252847,75.9690630224409,2328.54460284157,124.633322416929,403.899491552296,1.61731074677239,13.1397657349632,5.50900181235277,0.721785601383926,5.3613417604368,4.02678024747089,0.127066595930101,0.0079110404095895,0.0043480171925699,13.4211916594882,43.4849754528694,15.0
1.5625,30.0046425135391,1.93629704560802,1135.5055062581,87.8713431037857,2345.16373635737,125.020061729574,405.395277619983,1.40829054075538,10.7488445813828,6.79336542186801,0.768789078441674,6.04308592551725,4.33000993047159,0.193021700959068,0.0112340085276805,0.0063143553418489,13.5490891754197,43.6106216351175,15.0,3106.92491002794,113810.0,240,30.0044838686779,1.74032612077468,1130.47133662653,76.4980554071027,2338.67425611578,125.024158574585,404.931304345131,1.63818250467847,13.2214141721965,4.99643136284072,0.72103797332528,5.38569938229369,4.007441959977,0.108983158864179,0.0069429709470445,0.0038102937324628,13.4144509919304,43.6179928087804,15.0
1.572916666,30.0053282437103,1.94295097592446,1139.70092779328,88.2823029280979,2354.42490396908,125.365518872715,406.305093515207,1.40978021914352,10.734967836338,6.3872857533881,0.765946429397835,6.05834166026219,4.3238696696197,0.17774677811855,0.0105041974771229,0.0058933808704915,13.5577181256696,43.7281880170332,15.0,3118.35520132156,124700.0,240,30.004877428348,1.7474496342478,1135.00709100471,76.9731765075669,2348.49989004234,125.393200020596,405.917708268603,1.66236590773671,13.23617167004,4.55495616307496,0.719992649219402,5.40729555049273,3.99758113070788,0.0940450082710452,0.0061088143544174,0.0033475390339621,13.4131816080172,43.7438529275845,15.0
1.583333333,30.0027988933067,1.94962145854126,1143.55909692458,88.8074354145854,2363.02887301261,125.667683224247,407.090629972912,1.41138900166705,10.6576081468169,6.07037537926059,0.765993110462485,6.08125335806725,4.32686928686022,0.166713533623528,0.0099656310416434,0.005584863267084,13.5560018407395,43.8310271937472,15.0,3128.98855930702,120565.0,240,30.0043850886443,1.75636233644423,1139.31062368977,77.5952967158345,2357.92861180678,125.730713811857,406.830442992892,1.68134166048199,13.1485971997322,4.2191064857519,0.720244944749621,5.4372673047771,4.00160138359869,0.0835817666435978,0.0055077574730549,0.0030157650009015,13.4120182459101,43.8590327841712,15.0
1.59375,30.0008533513312,1.94566952551274,1146.42481261041,88.6799582946256,2369.66613799157,125.872748650906,407.545106222634,1.42511444186709,10.6752768168138,5.73006242158242,0.76402280002162,6.07071576068912,4.31901444848641,0.153530532765817,0.0093001868887909,0.0051992196638727,13.5472009884493,43.9005173457472,15.0,3136.56696083692,116600.0,240,30.0026155350533,1.75518725989842,1142.92318112647,77.6592796762512,2366.11069579606,126.012154118909,407.551117414525,1.71631337962614,13.1377215985889,3.86682020329902,0.718701730792592,5.4369795431848,3.99664461238458,0.0726593762381768,0.0048642374071225,0.0026595986899874,13.4056395370431,43.9551718437332,15.0
1.604166666,30.0014823284434,1.93392819141218,1148.51897492902,88.0589698301945,2374.93228345416,126.011710404219,407.787035813282,1.44762735396166,10.7390526629532,5.38871373118557,0.759460201842789,6.0317741893702,4.30553406407163,0.139051682533627,0.0085485824299878,0.0047632154324712,13.5397678411693,43.9475008011744,15.0,3141.94235642403,111235.0,240,30.0016873150998,1.74446450201381,1145.70801718322,77.1907605583214,2372.71718301098,126.220020572653,408.027041993109,1.77037035186598,13.1999576496197,3.50077367197226,0.714907516538988,5.40724428914817,3.98307064240915,0.0617561130308528,0.0042021038926539,0.002292455181817,13.3986732121043,44.0261025978988,15.0
1.614583333,30.0033929593034,1.91768133549594,1150.62157984309,87.1869439106667,2380.52515526131,126.174319647894,408.12068100712,1.47340058527156,10.798757544166,5.06624001931675,0.75278710483428,5.97654696620758,4.29201862602745,0.125041457948727,0.0078049873080711,0.004334602624336,13.5359656587849,44.0032095754616,15.0,3147.47391693416,109375.0,240,30.0021852261978,1.72741207394277,1148.00759205324,76.4086551026558,2378.49236863301,126.390334350613,408.389788609234,1.83956529212576,13.2819431899886,3.14934484101941,0.709430762078387,5.35890748390672,3.96708552581053,0.0521875036405853,0.0036061281884312,0.0019628262508095,13.3930519041581,44.0842712586045,15.0
1.625,30.0046682132107,1.90035624589134,1153.15399438222,86.3159268214568,2387.20104119219,126.399481632166,408.678167738245,1.49757239113873,10.8203539185095,4.78306971116439,0.745284194067718,5.92002423287707,4.28316513338794,0.113273905574287,0.0071699926559103,0.0039721451715775,13.5335276291322,44.0810841589684,15.0,3154.37227194393,109315.0,240,30.003362075671,1.70894181075362,1150.31780800941,75.6069292006031,2384.44751993922,126.571830544085,408.810707798804,1.91197984932031,13.320059696025,2.85027258846036,0.703388221689692,5.30829337722483,3.95658825854665,0.0448498176540595,0.0031409157430116,0.001706846582073,13.3894572685913,44.1465673459594,15.0
1.635416666,30.0046281293745,1.87956260408664,1155.94074425787,85.303995835015,2394.47449202517,126.66712352642,409.381784233794,1.52609920878306,10.8605253415426,4.496760012128,0.737283563022451,5.85583594263762,4.27263521850152,0.101919475874865,0.006547313195521,0.0036195739747025,13.5246114282355,44.1741425368238,15.0,3161.95671181131,106180.0,240,30.004130558016,1.68798098370683,1152.82995926504,74.7228385000695,2390.96359753507,126.789780134137,409.366334709031,1.99108562770872,13.3431064579409,2.57551402923604,0.696731801421714,5.25243996198847,3.94809108857422,0.0386724262158267,0.0027415533643042,0.0014875068820145,13.3847292779119,44.2218471587392,15.0
1.645833333,30.0043554611121,1.85743878399165,1158.66579862957,84.1977223255789,2401.57039235968,126.935302819862,410.097278948845,1.55771490239423,10.9169040043722,4.22236850038922,0.729084499134848,5.78700323155954,4.26132437585554,0.0913235940041985,0.0059524427348376,0.0032842891764308,13.517147631379,44.2677223391554,15.0,3169.30066306702,107365.0,240,30.0043278328777,1.6652139271417,1155.47469978416,73.7804164662438,2397.79140615137,127.031771804781,410.01564196524,2.07914832536204,13.3586499187618,2.32282670969303,0.68972811527012,5.19345885850819,3.94127117505041,0.0334670217924171,0.002400859013454,0.001301005901001,13.380455057501,44.305762582101,15.0
1.65625,30.0038260870974,1.83313761641262,1161.14428968694,82.9984027254304,2408.11315582001,127.182826666969,410.753855033007,1.59321783969509,10.9922375476752,3.97173781664121,0.72131277585719,5.7133634984165,4.24863648733664,0.0819375184072382,0.0054144763780579,0.0029822608471707,13.506984720888,44.3543200480586,15.0,3175.91013748531,104110.0,240,30.0041770319398,1.64079671098205,1158.07337063191,72.7673350026112,2404.50632112911,127.276164374505,410.686274474699,2.17495129037161,13.3784695882899,2.09265009928887,0.682590411115672,5.13077711222875,3.93492170160243,0.0290544623910349,0.0021064151968096,0.0011396464742849,13.3759312693302,44.3907601749412,15.0
1.666666666,30.0037724332984,1.80529098168714,1163.30262939323,81.6066334544809,2414.00968616942,127.405780696258,411.334748258277,1.63479329036058,11.1015915384623,3.7350841723743,0.713085720252433,5.62934775899763,4.23204757021271,0.0733268268872409,0.0049097351043469,0.0026993382127611,13.4976064006469,44.4324854161379,15.0,3181.56897254086,102315.0,240,30.0039316586029,1.61273274074773,1160.4610269657,71.5747188845432,2410.7796647409,127.507836229821,411.324634604195,2.28748429160542,13.4296751322745,1.8731473224058,0.674826653077641,5.05822018739231,3.92542240978385,0.0251288585905915,0.0018418288947236,0.0009947960805037,13.3711235544048,44.4715159713485,15.0
1.677083333,30.0042597109777,1.7754987183704,1165.26467712501,80.1306885180491,2419.54312952977,127.616491930091,411.886356420753,1.67884203193968,11.2133244127119,3.5242165503867,0.704583514962917,5.54056168309988,4.21512100000623,0.0660435330298581,0.0044761030047529,0.0024572051254277,13.4907873254133,44.5064329230456,15.0,3186.71083233504,100170.0,240,30.0039804920362,1.58275280884103,1162.62394853917,70.2826453535199,2416.5808915011,127.722711421454,411.920266290335,2.4082964589813,13.4918063779833,1.6801237896998,0.666622535444633,4.98016547683669,3.9151093949255,0.0218858158056783,0.0016214911419364,0.00087433938269,13.3673679142427,44.5465241671151,15.0
1.6875,30.0049784669931,1.74268980216288,1167.16705778263,78.5221231857098,2425.04161969803,127.833502500562,412.466781344397,1.72938523368811,11.3367171245885,3.31489812324424,0.695673110499755,5.44431164775812,4.19633809495436,0.0592207618685856,0.0040630173050676,0.0022271263605121,13.4839070154871,44.5826384788527,15.0,3191.71029224264,96640.0,240,30.0043359117431,1.55019596214087,1164.61341580728,68.8593131592707,2422.05611860646,127.929261469483,412.500205820651,2.54216890262952,13.5693161109288,1.50040849780639,0.657805799855259,4.89465110185681,3.90299829957097,0.0190348894114097,0.0014252222436053,0.0007669165142387,13.3636868767463,44.6187124690675,15.0
1.697916666,30.0059713915284,1.70751655413184,1169.11129254633,76.8187579906866,2430.71499648712,128.067151734814,413.112702930806,1.78525719433668,11.4589979425092,3.11517581817506,0.686174655228101,5.34279788195952,4.17717803505923,0.0531333403668741,0.0036884677422799,0.0020188907169113,13.4795887534954,44.6646753835198,15.0,3196.86718280495,94640.0,240,30.0049584304246,1.51565912285459,1166.52658399007,67.3408125027899,2427.41804792901,128.137435014121,413.099925314137,2.68935470640968,13.649306952967,1.33601207297029,0.648413295313425,4.80373336329552,3.8905337731665,0.0165625089230942,0.0012542869096105,0.0006735308746164,13.3607358333264,44.6915229756177,15.0
1.708333333,30.0069374533747,1.67125191344534,1171.16824694948,75.0986525849329,2436.677763166,128.322911446621,413.84470350526,1.84185357466102,11.5661085692698,2.93984344960392,0.676072611279078,5.24042944924415,4.15952791463934,0.0481340321415392,0.003378118728357,0.0018469199238138,13.4762101662868,44.7544003830115,15.0,3202.40000852648,92550.0,240,30.0057727236464,1.48074799507593,1168.45831195624,65.8042288655311,2432.85612794854,128.355969723796,413.749312903346,2.83713702401877,13.7148213783618,1.19748502524438,0.638663671963222,4.71182710011421,3.87974045441473,0.0145685313186252,0.0011158446514661,0.0005979937841924,13.3585787660145,44.7679756686249,15.0
1.71875,30.0076409341696,1.63492164501901,1173.33821644963,73.399818026641,2442.86359170327,128.598594749497,414.656279015869,1.89894825330634,11.6617042722491,2.7800826022544,0.665533174120956,5.13950169531599,4.14340491459159,0.0439060664722269,0.0031146953792057,0.0017016722448988,13.4725044563593,44.8510478466862,15.0,3208.2806608437,91595.0,240,30.0065859971449,1.44644924269375,1170.46626486507,64.2957410762488,2438.46771976292,128.590485535132,414.465308056412,2.97813254030596,13.7626023627278,1.08441545875345,0.628741569738624,4.62164857934988,3.87104874561499,0.0129975977259933,0.001006590192258,0.0005384676766417,13.356773119478,44.8500130868652,15.0
1.729166666,30.0079387328263,1.5997646016443,1175.56186986917,71.7713389817627,2449.06593759345,128.883918622099,415.516382152297,1.95792092826526,11.7476525653808,2.62437583872019,0.654997645137959,5.04282499274362,4.12930516477867,0.0400970619010235,0.0028760594204022,0.0015707221901024,13.4675167037882,44.9510763708382,15.0,3214.31289269221,91120.0,240,30.0072284182618,1.41385452332744,1172.56541354947,62.8667821724576,2444.23751483659,128.840690024749,415.246140701513,3.10814582976294,13.7911444169713,0.991534108044678,0.6189785941252,4.53621633535484,3.86494089792345,0.01174522568729,0.0009188271431548,0.0004906395304348,13.3551148086795,44.9375377054955,15.0
1.739583333,30.0076478225166,1.5699608660766,1177.77293934826,70.4023131454795,2455.04979763665,129.161856330868,416.379659866964,2.00713767953717,11.7856602079984,2.50422657844807,0.645664680091222,4.96093193965634,4.12304772431018,0.0373833662920007,0.0027094249888096,0.0014805225278936,13.4660181685316,45.0485692320497,15.0,3220.3613516702,95530.0,240,30.007550871748,1.38646155513521,1174.76473075965,61.6825089480359,2450.11262348959,129.10120403511,416.075424075883,3.20454710880473,13.7735280106302,0.933352307554732,0.610305572805395,4.46496611006647,3.86539347043753,0.0109704067888281,0.0008664462888999,0.0004624057412399,13.3549372524586,45.0286886747295,15.0
1.75,30.0052882502607,1.55846850988721,1179.81892761668,69.8905319935499,2460.31880608272,129.389403656056,417.128492493673,1.99183307089638,11.6457488263137,2.55359776418541,0.640490708302395,4.92714124931151,4.14312663757168,0.0386471828800573,0.002812916053003,0.0015420431001212,13.4763932175267,45.1284601261192,15.0,3226.25596647659,112455.0,240,30.0070237116565,1.37583990377331,1177.12075488152,61.2783753056082,2456.09276431946,129.362396473214,416.917281296928,3.16420981812453,13.6149403065486,0.983275466804973,0.605437419156143,4.43831278527387,3.88530317060178,0.0115819205919945,0.000920705756528,0.000493407583381,13.3602689743271,45.1200999346057,15.0
1.760416666,29.9991278916211,1.55317617012869,1180.33038257393,69.6470169706846,2462.01747067166,129.42820959733,417.250841498681,1.96416935960331,11.5483752458444,2.63189501194324,0.639883662039884,4.90986190615452,4.16166203182209,0.0403281870116242,0.0029271939513341,0.0016060482620072,13.463332582489,45.1425661168027,15.0,3227.86236557182,108020.0,240,30.0040485538722,1.37348190013678,1178.96671333073,61.2257833053019,2460.78585271388,129.560054747189,417.540504819772,3.06778912490164,13.4537867395084,1.05309149259981,0.603538226539134,4.43213497109169,3.90784210703891,0.0124781903615739,0.0009849559257189,0.0005282398599646,13.3600171876981,45.1894590406547,15.0
1.770833333,29.9953610013622,1.54695318685174,1178.25802472889,69.198371992941,2458.02206580717,129.173151866849,416.385687783882,1.96650486987036,11.5843979717823,2.66110118832685,0.639371088398559,4.88292724354906,4.16515538792462,0.0407984423068182,0.0029574310709857,0.0016213082705694,13.4516495431506,45.0541495044778,15.0,3222.06858876315,111140.0,240,29.9997788749354,1.36851727930814,1179.1771539973,60.9814047736039,2461.82516400669,129.572514334032,417.546543305886,3.03715155659162,13.4067190111386,1.08154122623888,0.601938318869414,4.41620388291984,3.91863080850112,0.0128391332573244,0.0010108914186732,0.0005419269520269,13.3564347624892,45.1943031923348,15.0
1.78125,29.9949219164462,1.54127119751018,1175.05151851127,68.7512868828444,2451.56773420386,128.789366988929,415.087152781756,1.739013513817362,11.6626965592825,2.6842135366827,0.639173511303749,4.85614717274613,4.16253302648419,0.0409605035065495,0.0029629116624377,0.0016216926728598,13.4441760970509,44.9207610965806,15.0,3213.12586534893,105845.0,240,29.9969847004629,1.36252657746241,1177.60705751575,60.605832141901,2458.9376282562,129.381331678763,416.87831040191,3.03550626990707,13.4433359521484,1.08958559215972,0.600495347251479,4.39326135235385,3.92031100553712,0.0129240130069413,0.0010145969125869,0.0005429295167698,13.3537808752075,45.1281053723806,15.0
1.791666666,29.9970104544331,1.52938523018236,1172.70800037461,68.0689289736478,2447.08082118322,128.518809433979,414.135938156759,1.2939291663448458,11.8113543056779,2.64576913856938,0.636427783340165,4.81622187212671,4.1479140301232,0.0397044003505809,0.0028734957714719,0.0015689905005073,13.4381504403021,44.8267883695258,15.0,3206.5044648688,99245.0,240,29.9963928815266,1.35028615535513,1175.41115864416,59.9190473833974,2454.72979158987,129.127482406943,415.998805345622,3.09785352025386,13.5721057414627,1.04745399827894,0.597518200087093,4.35260438860428,3.9095652549712,0.0123525630295669,0.0009706573067958,0.000517810905321,13.3505462816596,45.0399968086567,15.0
1.802083333,30.000728068744,1.50635103659691,1171.82618112504,66.9335718725435,2445.9380338703,128.442220563183,413.797686325936,2.0716948144843452,12.0538289991054,2.49949826148241,0.630249238745326,4.75028483175667,4.1176059024776,0.0362251870597194,0.0026360854346691,0.0014347847865663,13.4300675344661,44.8004436744535,15.0,3203.80360307359,87255.0,240,29.9977183502321,1.32796985701594,1173.69966339391,58.7984895322876,2451.6613479862,128.944455430521,415.353176840538,3.24697235218567,13.7862692501647,0.93852413237641,0.59176853898328,4.28699317690418,3.88599387399909,0.0109461883067627,0.0008647907226386,0.0004590110518406,13.3462722976918,44.9765304191049,15.0
1.8125,30.0055255712976,1.48244639394679,1172.30957147418,65.7949757206354,2447.81861965519,128.529948342648,414.018798115648,1.9263683844822876,12.2413299879556,2.3482648603947,0.622606654668315,4.68317706864285,4.09184999194923,0.0331356930591561,0.0024369828375931,0.0013255428565461,13.434828185808,44.8313653092381,15.0,3204.97745896315,91675.0,240,30.0005773689634,1.30389250527416,1172.83661030527,57.6446289111474,2450.4506174937,128.861062297203,415.05414927618,3.41469125153373,13.9712167140861,0.843037193488734,0.584992362071061,4.21898946712817,3.86454049321371,0.0097374146212174,0.0007797608464153,0.0004129951949595,13.3455648064447,44.9477492956857,15.0
1.822916666,30.0079112820722,1.48028051536225,1174.30638824529,65.7401775108936,2452.80304027499,128.755453635656,414.765266697825,2.457063131113107,12.1040066048143,2.43177976608143,0.619955879967025,4.67573255510753,4.1076558527259,0.0350066379300931,0.0025840981024721,0.0014114867442195,13.459049895472,44.9102716621517,15.0,3210.9604485201,110090.0,240,30.0043010870005,1.29926676703663,1173.11149113275,57.4288482717991,2451.59092828805,128.887339013227,415.125443454313,3.3797641085421,13.9378864418149,0.893905888334165,0.58235402314405,4.20381931828293,3.86936661770293,0.0103375497765802,0.0008350800166813,0.0004445575003563,13.3534203662205,44.9571213629219,15.0
1.833333333,30.0022861104583,1.49355357302278,1176.81065139413,66.4807497997307,2458.64584112494,129.006910214618,415.611774605119,2.298823255407059,11.8257688608215,2.66915444219216,0.623948265102194,4.71440357352235,4.14413976773847,0.0402826103323704,0.0029440153244461,0.0016137339352873,13.4673301114265,44.9981857015832,15.0,3218.66558463009,116845.0,240,30.0048585294863,1.31278063590353,1174.71327166553,58.1028258066369,2455.52716934291,129.050710218287,415.631518817202,3.17149241423902,13.7378692440196,1.04938573727593,0.584738459239955,4.23933537234547,3.89422212836115,0.0122901836708848,0.000984724897041,0.0005272674537151,13.3604626885877,45.0142969368589,15.0
1.84375,29.9945532394682,1.50572656430032,1176.87673597219,67.0749990914144,2458.95069868707,128.96904307954,415.466646518234,2.408007953014347,11.7057940731645,2.85192967365521,0.629441363617855,4.74922233698774,4.16429254221892,0.0444949857628958,0.0032153454870295,0.0017631861697091,13.4580285205717,44.9851451803529,15.0,3219.2424513966,116350.0,240,30.000511367095,1.32720135762172,1176.159156833,58.8198430052827,2459.03832137921,129.192637653976,416.041852662411,2.99688415654564,13.5911398555575,1.18482356134468,0.588455667590299,4.27943255527113,3.91369533804679,0.0140683646230729,0.0011117634015561,0.0005963763713006,13.3598715803387,45.0640427182838,15.0
1.854166666,29.9911684067027,1.52520101912452,1173.96074664013,67.8285043138701,2452.56889410293,128.570292921036,414.12877291958,1.7126850498029424,11.6224682554253,3.07053252386287,0.636865244496871,4.79492240012717,4.18187577673791,0.0498518189321556,0.0035540717743836,0.0019488134015433,13.4595485220614,44.8460738551649,15.0,3211.42746356453,125250.0,240,29.9954784949817,1.34478589844476,1175.66812490037,59.5972657456315,2458.15449125201,129.096503633607,415.658067201397,2.846835468857,13.4968181323213,1.33574227779381,0.593630529607191,4.32523135804503,3.92939531907775,0.016113953123334,0.0012607619504459,0.0006779697485829,13.3610075751874,45.0307241686197,15.0
1.864583333,29.9905492951822,1.53625564824442,1170.33013502894,68.2771768206233,2444.71380991065,128.099041058889,412.509553704833,0.9260692152994938,11.6619791910903,3.21760976908216,0.643096359410653,4.82448365333069,4.18146538967054,0.0529477331478678,0.00373249987155,0.0020421842770006,13.4514210553974,44.6815913677875,15.0,3201.4584809188,107700.0,240,29.9925010678963,1.35599062063364,1173.39143339627,59.9996718517921,2453.3695526544,128.799534915836,414.59261622431,2.76460645236251,13.541278210597,1.41871294584844,0.597867850549412,4.35066275141395,3.92783190226454,0.0172561051162784,0.0013307176662843,0.0007136714916996,13.3582193613479,44.9272783600009,15.0
1.875,29.9950795383579,1.52823666679485,1167.82616000648,67.8164739179421,2439.69376596559,127.800853491912,411.404865931628,2.628398865348038,11.8887018897336,3.16490881323258,0.640885791845465,4.80161524985061,4.15231547704084,0.0508014493018395,0.0035787186682011,0.001950740565422,13.4465255677971,44.5774509355101,15.0,3194.33967768679,96605.0,240,29.9925980153746,1.34791704155643,1170.87555810375,59.5072769514743,2448.25501364055,128.503006405192,413.507408814887,2.83302053226936,13.7830940495642,1.34469492780542,0.596608231273072,4.3250873420563,3.89890172055081,0.016207950770815,0.0012480268504121,0.0006662179085458,13.3531547697807,44.8238820295237,15.0
1.885416666,30.0021832081867,1.52540560135766,1166.95501586987,67.6165630044533,2438.46128641301,127.69430178519,410.956976867477,2.27574495519324,11.9668571906084,3.19825201964722,0.638178386137794,4.78926077575147,4.13841730546089,0.0514677883516378,0.0036184270321455,0.001970839265734,13.4645740150776,44.5399533574461,15.0,3192.16807297308,105950.0,240,29.9962092703681,1.34156366691119,1168.8495194185,59.1229630110417,2444.2902656687,128.259522536994,412.608799310503,2.88100686090054,13.9566782272083,1.32366754674796,0.59488100396042,4.30403821633789,3.8766471278125,0.0158892075519194,0.0012324577988073,0.0006583193211703,13.3561970797621,44.7387979538683,15.0
1.895833333,30.0032493855859,1.55418171613181,1168.16090835787,69.0281712965924,2441.61239022056,127.772059280495,411.188438164846,2.1682534683632997,11.6058877831483,3.63620033606801,0.645491579136861,4.86512306022658,4.1793548318734,0.0639568569071987,0.0043993272454063,0.0024052621183235,13.5062250757534,44.5661718151521,15.0,3196.74610435164,132955.0,240,30.0008496725639,1.36497978996885,1168.04100704459,60.1626223433501,2442.93824312335,128.116052857339,412.05755283332,2.68365477200623,13.7795301799516,1.60323698743628,0.600274829860169,4.36189308271674,3.89669401371841,0.0198241670724524,0.0015328873048798,0.0008259408812985,13.3726596911172,44.68828353586,15.0
1.90625,29.9935557352493,1.58118171261274,1169.32833023523,70.6253250729802,2444.27757301052,127.816395328857,411.262129374508,2.126019995871077,11.3161184624601,4.08447460490667,0.658411425057384,4.95903678335339,4.21345879938278,0.0782139194649443,0.0052567041949003,0.002883487231991,13.5028188354064,44.5803147139973,15.0,3200.91755080207,121125.0,240,29.998911637773,1.39751101737009,1168.65181024591,61.7052418976535,2444.67430375595,128.124656521142,411.97551103591,2.43008941771009,13.5268084821811,1.96656990728235,0.60950622855796,4.44966067408803,3.92455451273772,0.025466834856717,0.0019197110626784,0.0010372319146907,13.3778748618532,44.6906000496814,15.0
1.916666666,29.990424647909,1.59508307781239,1167.92857234134,71.3590028027639,2441.13920524063,127.573977974261,410.334081618844,1.3741768452814744,11.3039529525776,4.28136858368572,0.664163877747603,5.0100907502596,4.2147041538412,0.0844806665346275,0.0056140936529679,0.0030800050093659,13.4964837081163,44.494499058107,15.0,3197.12200427697,119510.0,240,29.9940707304567,1.41479991403709,1168.69092855448,62.5243816476067,2445.03101642082,128.075395167227,411.659144013704,2.318765499874,13.4929554096521,2.16085538222304,0.614994266560214,4.50133254590295,3.92566913831063,0.0287477081933843,0.0021349970423628,0.0011531565191341,13.3749240453804,44.6725819401673,15.0
1.927083333,29.9931782501397,1.61361512980358,1165.34342637248,72.2021416865481,2435.50305029221,127.193120586954,408.96276907936,2.0463973635986084,11.2629879272644,4.44693015594963,0.669375656536917,5.06363471648602,4.2193047093411,0.0899836548329425,0.0059197013713082,0.0032482572384914,13.503546682348,44.3604093464293,15.0,3190.17368802299,121695.0,240,29.9927327315515,1.43134771590495,1167.30608246995,63.2483243269494,2442.13591709525,127.848869096772,410.761324559023,2.24686560245055,13.4915315252642,2.31768526266063,0.620030258712625,4.54850661198092,3.92418783276547,0.0315308895295702,0.0023187738849616,0.0012527499138353,13.3771898476484,44.5925736323375,15.0
1.9375,29.9959045118513,1.62186794958754,1163.73562204806,72.6679950015302,2432.27676946223,126.948592124864,408.011629835761,2.4397827625916664,11.3059148699949,4.48331716499653,0.671574217754194,5.09327061742299,4.21088200150444,0.0908833297114637,0.0059642442561513,0.0032714163007925,13.4965773578131,44.2740009208326,15.0,3185.93595704496,107645.0,240,29.9938934065086,1.44004111211696,1165.5343303898,63.5835377767998,2438.54067125113,127.592166213173,409.755678602205,2.22667221271898,13.5762290324276,2.35583714268916,0.622856207767341,4.5715106905918,3.91099446716122,0.0321716921288613,0.0023498914322626,0.0012672177695545,13.3745270178449,44.5020718598065,15.0
1.947916666,29.9990700444072,1.6465140892629,1163.51991524081,73.8309342661593,2431.96534943779,126.838116013207,407.53458070808,2.592379200060964,11.1559028931351,4.65647062062286,0.675693899577687,5.1603992714434,4.22636064539599,0.0976962157577252,0.0063397000631539,0.0034821229034049,13.5230851500663,44.2341106773614,15.0,3185.94225475755,134890.0,240,29.9964648977046,1.45923630042038,1164.28556831553,64.4717558835929,2436.02156880068,127.369150574956,408.887817906731,2.17495043792707,13.5004225511431,2.50310785659131,0.627786442235421,4.62469850557114,3.91801275419101,0.0350989257777628,0.0025569371180431,0.0013834691792244,13.3832627614041,44.423104077748,15.0
1.958333333,29.9939672512174,1.6787943637898,1164.06474218521,75.6884859060691,2432.87582563681,126.77267146836,407.207885875869,1.7911298740635027,10.909726701527,4.9277270137628,0.687359224319476,5.27006657345237,4.25535823195928,0.109775914608405,0.0070193534537886,0.0038713061136408,13.5238567684133,44.2095340606248,15.0,3188.11435884971,128465.0,240,29.996513768866,1.49314507408969,1164.01455447689,66.1449813166492,2435.45406858269,127.223256660172,408.290682338017,2.06196007148632,13.2456633673955,2.7866595766358,0.637426607571126,4.72250269806234,3.94785490521854,0.0410247568347462,0.0029436540595574,0.0015967550819637,13.3901780105319,44.3708578363404,14.66004712700998
1.96875,29.9912334335219,1.69768502556465,1163.46911024871,76.753319615739,2431.04725994431,126.579191734311,406.412091947985,0.98482382591846,10.8977496266368,4.99149490872516,0.693839403605184,5.34112174628426,4.2568215901091,0.113162243532855,0.007201682372012,0.0039760788032299,13.5115689684465,44.1404768189381,15.0,3186.30108773249,123895.0,240,29.9935698832108,1.51471222234907,1163.90749338588,67.224072255255,2435.11405856657,127.10449963758,407.743222027679,2.01259344666642,13.1724635900157,2.90493063895687,0.644264540538774,4.79016325841363,3.95514410456498,0.0437475555608057,0.0031117036413335,0.0016883422508203,13.3863194187433,44.328093979136,15.446698719313032
1.979166666,29.9938427947943,1.71269605536524,1162.13722637199,77.4860451848946,2427.74059077226,126.311568473164,405.373563163613,1.3629875130575948,10.9462627425099,4.94196937023464,0.696879708863237,5.39029083307557,4.2508958024138,0.111688341426621,0.007112726567458,0.0039257059648763,13.506432237379,44.0458522263654,15.0,3182.32113464422,120430.0,240,29.9929059593596,1.52866196851993,1163.15497850383,67.877055889439,2433.25685794129,126.912995277882,406.945218191575,2.0044913967271,13.2102424295429,2.90366446084549,0.648627923972707,4.83454554691208,3.94944920618867,0.0438291435709582,0.0031088833765289,0.001685860930912,13.383527705234,44.2600196821747,15.041774654974176
1.989583333,29.9975391198779,1.72376040118929,1161.65572612187,78.0283031441836,2426.57271207222,126.157979003808,404.711826645799,1.185828014557504,11.0031710249806,4.8041032013859,0.698107796394267,5.4240667952314,4.24266053680011,0.10696795997258,0.0068479421232023,0.0037770297110764,13.502986753486,43.9913276951109,15.0,3180.83840601225,116540.0,240,29.9947715341922,1.53759620932463,1162.30922255904,68.2715677151669,2431.28637182813,126.717918515017,406.140138731008,2.0234374267292,13.2897078157775,2.81316910608994,0.651298279922298,4.86176340369886,3.93849176560438,0.0419550414294521,0.0029808168579451,0.0016149344667853,13.3810486374758,44.1908774931623,14.265304704061323
2.0,30.0007573811502,1.7221354293047,1162.40934016669,77.9758371108672,2428.48221192954,126.178360112364,404.604117998688,1.6882339916304154,11.142277268821,4.53423111441797,0.695989062971999,5.42146319407729,4.22219797925333,0.0970391216921895,0.0062922225265434,0.0034646104895285,13.4927751610708,43.9979333576054,15.0,3182.73585050681,105085.0,240,29.9974178464241,1.53536845591122,1162.12551682913,68.1485625347606,2431.04152710205,126.624632573766,405.664766037543,2.08465694939496,13.4505167175078,2.59274570418858,0.65086976263749,4.85667469591034,3.91603541966668,0.0373873375087467,0.0026728638660772,0.0014445686663969,13.3752140008266,44.1575619948269,16.48641704346287
2.010416666,30.0046587996722,1.71339507823881,1164.14710124369,77.5279220093185,2432.82973221169,126.336088755149,404.950309788218,2.6082071012207817,11.2982012039181,4.21392821721541,0.690670317227741,5.39398095661969,4.19821309459658,0.0855622282687638,0.0056340173591883,0.0030954009125623,13.4898492356821,44.0528330815448,15.0,3187.38299031721,105070.0,240,30.0005193258171,1.52448877679537,1162.79215931867,67.6688355729028,2432.8835127975,126.647305671067,405.579317154551,2.18387517863448,13.6337525141015,2.30799010043636,0.647817631138141,4.82915306132595,3.88973691132859,0.0319679934253085,0.0023105498165768,0.0012460129797949,13.3708323411434,44.164946398561,12.87171153195231
2.020833333,30.0074504729471,1.69642842114163,1166.66224606992,76.7388317433832,2439.13041586119,126.6065137536,405.671541927611,1.1466143409971128,11.4671832230121,3.87383926320331,0.684235163438149,5.3451796960615,4.17140872811997,0.0740915044231734,0.0049634013694646,0.0027215889959159,13.4810968237176,44.1473369641942,15.0,3194.21766473993,95590.0,240,30.0036771240612,1.50672042599395,1164.26637394072,66.9210769353509,2436.69394819544,126.778968024418,405.869025437334,2.31328212379841,13.8102300882921,2.00206408662939,0.64293997411745,4.78447023321853,3.86345394287433,0.0265954718718112,0.001944120592273,0.0010452806584842,13.3658718888594,44.2105969737615,12.700927292221873
2.03125,30.0097971522866,1.66987938158022,1169.63662043958,75.4705854125802,2446.65629182845,126.954916341955,406.653659633236,2.3779833795993324,11.6654566860721,3.52424714950727,0.675608944745732,5.2691321050241,4.14009460038551,0.0631168484905224,0.0043036889125526,0.0023546674108472,13.4750464861776,44.2692483122683,15.0,3202.23099147605,94235.0,240,30.0063439174953,1.48052816129488,1166.3745847901,65.8291256830296,2442.07915627073,127.001573901405,406.477706562686,2.48713065242437,13.9891474857803,1.69036728575746,0.635980802339795,4.71914689523707,3.83630463214015,0.0215844495941815,0.0016018062962563,0.0008589544090085,13.3610367779576,44.2881658328008,14.102665642020508
2.041666666,30.0114637513697,1.63964389098416,1172.97320796348,74.0790600098124,2455.06937153722,127.356646620707,407.832778306458,1.6591285953259118,11.8154108309979,3.24751306832145,0.66638991417208,5.18591791482885,4.11472541267132,0.0551573721407162,0.0038174001246867,0.0020857676590981,13.4728151601378,44.409785897163,15.0,3211.29063775113,92545.0,240,30.0086658165291,1.45200121109254,1169.01792214882,64.6634411972852,2448.71781513366,127.292339341751,407.340548929039,2.66660086073282,14.104118644214,1.4436591762169,0.628186954403742,4.64926800689603,3.81724380585537,0.0178958198992453,0.0013486503989668,0.0007218660806403,13.3586192332424,44.389611024062,12.852796208404676
2.052083333,30.0120300044582,1.60634759667569,1176.46018764016,72.5767656968894,2463.86639521357,127.787209777909,409.117521964449,2.060339572749622,11.9613963273771,3.02137607619724,0.656973385994019,5.09653165045465,4.08984557604401,0.0490397729100142,0.0034378361089919,0.001876253246325,13.4684573725487,44.5603442542509,15.0,3220.77631841042,89430.0,240,30.0102840618426,1.42075311041699,1172.01689987941,63.3780565651238,2456.20468408209,127.635232025126,408.395149734407,2.84586118464428,14.1900447722868,1.24825759286866,0.619534463409331,4.57245870677175,3.80183336374747,0.0151274278555611,0.0011567141200913,0.0006179500372604,13.3560600353671,44.5093086687538,13.950727743884787
2.0625,30.012189557835,1.57149002260172,1179.87028503233,71.0096628448723,2472.51941936048,128.217749701891,410.411501066899,2.237535317520041,12.1140918826595,2.84553916613524,0.64732090751062,5.0038539873613,4.06406730527368,0.0444984790445004,0.0031527751304053,0.0017187891795845,13.4650651083684,44.7107855733752,15.0,3230.05455268488,87225.0,240,30.011202060615,1.38775858978931,1175.18147457583,62.0034547795036,2464.08770356873,128.008213991444,409.562011720048,3.01933417427888,14.2701356001145,1.09664231121438,0.610207568163384,4.49067947165819,3.7871671510337,0.0130633380734551,0.0010131875390549,0.0005402934608489,13.3537519116678,44.6395128462919,12.53445048347635
2.072916666,30.0123608740717,1.53598353044725,1183.09388101644,69.4160882356983,2480.78867625248,128.634916819888,411.670986207789,1.4347895883292208,12.269824537747,2.72863402734411,0.637534166331904,4.91003501879406,4.03758443247888,0.0414890852271662,0.0029630533606781,0.001613559247278,13.4625662598549,44.856384072631,15.0,3238.84569945369,84290.0,240,30.0117264753021,1.35428378542632,1178.3500141674,60.5870499772279,2471.99024190083,128.392075399839,410.772022599635,3.17430046985893,14.356757749273,0.985847370528498,0.600491471266456,4.40674340356315,3.77152169302523,0.0115940813707492,0.0009109137493834,0.0004848742470209,13.3519004884802,44.7734598145841,15.809510121706202
2.083333333,30.0127156634418,1.49904493265589,1186.10417985587,67.7484148796288,2488.6182961654,129.038880364153,412.891691360985,1.9459584171232418,12.4470027903787,2.64343267293201,0.627076107022689,4.81244106500283,4.00780443354439,0.0392700066413734,0.0028236100814411,0.001535852077768,13.4588102841257,44.9971740331904,15.0,3247.04897749442,80580.0,240,30.0121097741457,1.31988433033931,1181.3964991872,59.1029254988257,2479.63602303092,128.774431955181,411.9792675625,3.31479052050523,14.4706709848528,0.900519127253571,0.590270418785528,4.31920526683778,3.75201540385223,0.010483462039453,0.0008333686995616,0.0004426762817482,13.3498473425061,44.9067787800531,15.68732721416396
2.09375,30.0133088961423,1.46459798700009,1189.03410857338,66.1945083278258,2496.21425556726,129.438011457053,414.110816581543,2.2240658124008115,12.6066240471703,2.59247505022271,0.616495715186905,4.72136665145476,3.98002099080969,0.0379244182781625,0.0027439781970212,0.0014918937914608,13.4587011585738,45.1360863054206,15.0,3255.09584010936,81030.0,240,30.0125452277841,1.28737369223892,1184.35719647135,57.6892627094643,2487.06743864628,129.155915485944,413.184100908663,3.42280777762007,14.5899468515026,0.848688959518653,0.580143548111151,4.23590791875857,3.73129540445745,0.0098082181182762,0.0007885845101805,0.0004184029243188,13.3489742728993,45.0396389190681,16.354454928831725
2.104166666,30.0135707300517,1.43441794386345,1191.98277944188,64.8539173243181,2503.73494010925,129.839180792795,415.35399462595,1.8700790426615186,12.7374494996073,2.55800082716011,0.606934934613866,4.64224845460841,3.95622355506292,0.0370047437515552,0.0026915891583364,0.0014632079636614,13.4576742497998,45.2756196369153,15.0,3263.28032394833,79825.0,240,30.0129916249405,1.25873649732898,1187.29816665917,56.4467013484076,2494.39622807893,129.54179472831,414.401257807982,3.49089662971467,14.7035296434829,0.819941684268033,0.570810544739339,4.16247733401584,3.71075572666991,0.0094298779047743,0.000764183955854,0.0004050346372043,13.3486048789705,45.1738842066651,13.55210463846998
2.114583333,30.0134692787819,1.40036764194057,1194.73769560989,63.3172176103002,2510.76234087398,130.231912647509,416.565983119099,2.278878499622077,12.9504161231604,2.42134902540656,0.597025395624905,4.55268096186749,3.92246549865872,0.0340805078169904,0.0025003225548507,0.0013572875004861,13.4456230618032,45.4122965695777,15.0,3270.77058482277,72470.0,240,30.0132233752237,1.22793627641892,1190.08181402703,55.1000376240872,2501.32652014516,129.920045894655,415.601732558177,3.60873838467911,14.8633977694435,0.751485697005936,0.561172852237556,4.08326896340201,3.68448669389171,0.0085889633075494,0.0007008251852574,0.0003700659047869,13.3452881202627,45.3054460931278,16.65128548286061
2.125,30.0139624934143,1.35929972505089,1197.09869461621,61.4263036115457,2516.86369288786,130.596819233586,417.688924866437,2.777320317284138,13.2625997085285,2.15901894872203,0.585702151067621,4.44389440205242,3.8764805620298,0.0290770716381429,0.0021654367174729,0.001172465776229,13.4315235524712,45.5394056001508,15.0,3276.91038061184,67115.0,240,30.013406128083,1.19175912942055,1192.58776314849,53.5028986506617,2507.57106375361,130.273185330901,416.752235496393,3.83210323762357,15.0674618089101,0.636240040216865,0.550381065579756,3.99001386552531,3.65368598997065,0.0072133704628816,0.0005958800091586,0.0003127223893413,13.3406543834471,45.4283298778517,14.867263118496847
2.135416666,30.0152870840965,1.31533324193206,1199.08968810518,59.4022216105181,2522.0450168254,130.926206025957,418.725650805062,2.471188446626746,13.5859723016803,1.85230357118314,0.573627353121383,4.32777897422983,3.82950873120466,0.0238259438493506,0.001809450021183,0.0009769956691173,13.4212843298154,45.6542265903387,15.0,3281.88225747184,63300.0,240,30.0138910120548,1.15336929171866,1194.82704477708,51.7939499499303,2513.11251199021,130.595046291434,417.847407565738,4.11437994114701,15.2610992358425,0.517380663266216,0.538940314392649,3.89049953994359,3.62554649998354,0.0058256331928599,0.0004884882098919,0.000254385953098,13.3371700243385,45.5404040208171,13.905743837670347
2.145833333,30.0169885368721,1.27114152449212,1200.77048283987,57.3799067502708,2526.41170848095,131.219743521485,419.692374832441,2.435013332223484,13.8692390912015,1.54683022739921,0.561708649206362,4.21160986343401,3.78825666451534,0.019100472829678,0.0014842653067041,0.0007991448310892,13.4134781185962,45.7566365181058,15.0,3285.92313970735,60295.0,240,30.0147715572133,1.11517153103997,1196.81390463728,50.0779399517809,2517.95982400362,130.884519822958,418.887389827323,4.4118918269072,15.415834236439,0.415227360459842,0.527386605771359,3.79053139022482,3.6035487190006,0.0046551037832566,0.0003955134740705,0.0002040453777613,13.3346491107551,45.6412909403002,16.290236778643138
2.15625,30.0186069940593,1.22744097580294,1202.17236075412,55.3900126590603,2530.02940505971,131.477081357136,420.596403779664,2.5957724672787434,14.0938356482521,1.25976921189301,0.550052792057782,4.09710854908459,3.75539465061289,0.0150353638284875,0.0011981929996261,0.0006428614989301,13.406306325975,45.8465238280038,15.0,3289.13384057827,57265.0,240,30.0159136071278,1.07809110000549,1198.55506926933,48.3969794547049,2522.12076814302,131.142037738094,419.873003407194,4.70367624135832,15.5246007935959,0.332104794046551,0.515976029668594,3.69242348275146,3.58843712153939,0.0037164617623188,0.0003182342376819,0.0001622774191789,13.33257511217,45.7311479568202,14.391911339505238
2.166666666,30.0199369012064,1.18884199573474,1203.36386201412,53.6317959196673,2533.01087096552,131.696323895903,421.448027802914,2.0464943126813253,14.1865292985607,1.05048782340309,0.539152761567082,3.99564709607796,3.74084427500747,0.0122581511832542,0.0010043686077361,0.0005377904000074,13.4062289609887,45.9232323813247,15.0,3291.80558473459,60415.0,240,30.0171854484467,1.04561427152735,1200.13168903006,46.9171577986114,2525.77528092856,131.376150954566,420.819545764478,4.93354039518997,15.5594586911268,0.280505271093799,0.505573829549713,3.60579955935486,3.58329007138685,0.003136440168589,0.0002695595415366,0.0001360126245699,13.332143201099,45.8129210871555,15.295834999663738
2.177083333,30.0204970739066,1.15437349689052,1204.29638266248,52.0514217294784,2535.26631371785,131.876706582579,422.227286714057,4.054680866658209,14.1895859212045,0.885220304914436,0.529398468184757,3.9041189640277,3.7394206579559,0.0101657164110282,0.0008504542018075,0.0004538309510881,13.4027529462637,45.9865023108314,15.0,3293.77846028795,57770.0,240,30.0183432285722,1.01725882359442,1201.52221470342,45.6187399984818,2528.88884019104,131.586759528765,421.719312588779,5.11145123284337,15.5330809962921,0.243268245738506,0.496277132887725,3.52958428453972,3.58641823379385,0.0027210371436962,0.0002334968420753,0.000116545918532,13.3317192003826,45.8865704056103,13.922716329183064
2.1875,30.0202892660227,1.12181481240749,1204.86364953442,50.5432679265257,2536.57951582909,132.008524286253,422.89489552956,4.357967010907062,14.1429132562449,0.746276039985662,0.520098228311134,3.81650718216187,3.74653221727164,0.0084688208534127,0.0007248704611765,0.0003855728164961,13.3988567928344,46.032936198853,15.0,3294.69209197852,59375.0,240,30.0191117131931,0.991343592524051,1202.66558086017,44.4252663299703,2531.33612047364,131.766788859525,422.552657807728,5.27253412631876,15.4601530956828,0.213823026562747,0.487705227365305,3.45934008743156,3.59644502572102,0.0023934508731935,0.0002041012178783,0.0001006842828386,13.3309332273041,45.9496512857656,15.100154348747525
2.197916666,30.0193796182046,1.09663225062224,1204.99658757341,49.3435357375271,2536.77072249414,132.079264961033,423.410588292517,3.7247851699417533,13.9872489348657,0.677845766029805,0.512058161335932,3.7462006034937,3.7701618989142,0.0076436676563227,0.000669041941708,0.0003561695529924,13.4018083597866,46.0581326191575,15.0,3294.49412375833,65505.0,240,30.0194029329143,0.971520204867915,1203.55794115271,43.5061398534291,2533.13075241503,131.916506465346,423.301960051487,5.36021138586068,15.3108199955355,0.202155613076586,0.480802572427263,3.40495938961209,3.61692870785607,0.0022611036114739,0.0001930663094727,9.47505206843225e-05,13.3318812335,46.0022076764271,14.077563000901266
2.208333333,30.0175158564696,1.07331109404925,1204.61535683832,48.216210797945,2535.71929443004,132.090880281267,423.749382715135,3.485057688690792,13.838894830443,0.606448732047058,0.505112689969291,3.67942772125507,3.79546311759631,0.0068040192865695,0.0006035026934776,0.0003206748778629,13.3948699756739,46.0627349234941,15.0,3292.84039498965,61615.0,240,30.0190250750156,0.954037374492501,1204.05778518624,42.6839086166544,2533.96396458403,132.02100292245,423.924770509364,5.4363291721505,15.1322753554497,0.189182953800201,0.474763809091438,3.35599196573058,3.64272444868151,0.0021168552673466,0.0001802899979239,8.78897038180719e-05,13.331334036969,46.0390509309201,14.501533119568126
2.21875,30.0153734770975,1.05108905729193,1203.6678798963,47.1172796056357,2533.32786775717,132.035581701857,423.889482988151,3.945833294071587,13.7037636678921,0.548790097043928,0.498327040369029,3.61378169523465,3.82183426510094,0.0061309152281397,0.0005557341551544,0.0002954840153949,13.3899041642165,46.0440315689068,15.0,3289.56159263851,66355.0,240,30.0179702635702,0.937654551256423,1204.09393064668,41.8987908786077,2533.68525874846,132.071331326021,424.393940849616,5.51806137867807,14.9439963854478,0.177922174452605,0.469129933227121,3.30883388328685,3.6719511057206,0.0019910102599505,0.0001688533259084,8.17651536739142e-05,13.3303972518114,46.0570660877685,15.994137542890297
2.229166666,30.0131895225461,1.03362257453961,1202.15570079195,46.2113456767653,2529.59921888249,131.913480440596,423.8213719701,3.987031357291751,13.5550923553053,0.525389336300872,0.492587281189167,3.5586866666095,3.85223645023591,0.0058537457096685,0.0005394445053834,0.0002873645985274,13.3868158009749,46.00201253386,15.0,3284.77734772182,68070.0,240,30.0164249242204,0.924643945488264,1203.59737795428,41.2521516659089,2532.16456215924,132.061151139708,424.673332413586,5.55913606740994,14.7375632879403,0.174162289609383,0.464469748301057,3.26936854395203,3.70556760202109,0.0019470128544947,0.0001659404916375,8.02256225546581e-05,13.3302994867656,46.0539972152072,15.67293708362794
2.239583333,30.0110409016635,1.01789944352956,1200.34440556757,45.3805679548673,2525.14246271557,131.759083981979,423.642008659001,4.783908431828897,13.4480212405218,0.504653515468371,0.487560487304062,3.50753865530009,3.87872345141995,0.0056103069743167,0.0005233716807579,0.000278888232459,13.3804558728416,45.9486981371229,15.0,3279.16292026208,68020.0,240,30.0146011220085,0.912783135051527,1202.60288421228,40.6434390918995,2529.47820068782,131.995198819589,424.778127153546,5.59616850839209,14.5520103671737,0.170376510135431,0.460246137256896,3.23169932813299,3.73859012366532,0.0019032995989626,0.0001626874731702,7.84518780970728e-05,13.3293803991258,46.0314849593699,15.000179379115753
2.25,30.0094504903868,0.999955217394224,1198.48151994698,44.4626899373303,2520.51949639322,131.602351401618,423.447915535202,4.617038304356045,13.4199603925768,0.459230383910701,0.482352619144713,3.45140780342935,3.89534895509429,0.0050924227548281,0.0004787676241367,0.0002539696273722,13.3705489179525,45.8945391812258,15.0,3273.30638429668,61910.0,240,30.0128138858191,0.899103792860079,1201.30388725285,39.9430413788389,2526.03878273207,131.894648576109,424.783639501136,5.66848918599184,14.4246506861174,0.159973424526126,0.455588791083545,3.18837626046878,3.76584290529425,0.0017883993390152,0.0001512511382802,7.22066105399868e-05,13.3272733563452,45.9969174911712,14.343676791444933
2.260416666,30.0090095867287,0.981496029208225,1196.78535566923,43.529128214174,2516.17911785858,131.462536799903,423.318007429407,4.788590744151563,13.4185246983731,0.416369518320951,0.476736448249623,3.39478474587417,3.90820438380496,0.0046059628567016,0.0004400399371271,0.0002328916539881,13.3655910686647,45.8462589412246,15.0,3267.84030368439,62040.0,240,30.0113928291353,0.884345870069333,1199.86086980079,39.1896487768227,2522.19637457595,131.776552959804,424.744638143386,5.75562184275881,14.342186942957,0.149562071299606,0.450544343596476,3.14184738869616,3.78835492082018,0.0016730269071709,0.000139386473044,6.5762788887534e-05,13.3257624254315,45.9562354989074,13.891942802491924
2.270833333,30.0095007575073,0.964745737197542,1195.49502061301,42.6902358857308,2512.6208123683,131.365542341819,423.336503323626,4.6235266122423955,13.4108878928809,0.383589222154848,0.471516306742932,3.34412742653377,3.92086858174415,0.0042357606660697,0.0004091686916471,0.0002158650036288,13.3629349242687,45.8128622532487,15.0,3263.4907325893,58835.0,240,30.0105748257225,0.870246813803914,1198.42687330681,38.4681758768324,2518.28622276317,131.658368831264,424.711656650974,5.82777523773187,14.282589386805,0.141804738694981,0.445632111002654,3.09725745687521,3.80820497617521,0.0015865987879369,0.0001305544065586,6.09385652751412e-05,13.3250159967508,45.9155007885109,16.912390661009088
2.28125,30.0104634449917,0.950271953323456,1194.69407038153,41.9710136053726,2510.02913081418,131.32053313822,423.534206776152,4.337892587427126,13.3842133555276,0.363127257842453,0.466796409821489,3.30090068720556,3.93475879646872,0.0040038878603304,0.0003921206710382,0.0002067494755519,13.36269818433,45.7975475779753,15.0,3260.50987672007,60030.0,240,30.0103602751095,0.857490011703882,1197.16327424046,37.8158730490758,2514.66192077696,131.558326143063,424.741710631365,5.88427885991675,14.2325674710233,0.136831719300707,0.441110528652567,3.05691825596673,3.82651312468712,0.0015304225119297,0.000124913778173,5.78475208626866e-05,13.3247396202938,45.8810573580769,16.616350826814227
2.291666666,30.0114028013284,0.93852768658846,1194.28984390535,41.3910103286049,2508.21728838363,131.318555615848,423.877265424038,4.033587917908634,13.3363496338135,0.351724292166786,0.462875949582921,3.26614095281683,3.95017536860747,0.003873892395683,0.0003828580438077,0.0002017089581058,13.3627062320034,45.7971871346512,15.0,3258.6683630941,59025.0,240,30.0105952461699,0.846840695528303,1196.15394183339,37.2706158066123,2511.51826461262,131.486521613177,424.863293261552,5.92031152127209,14.1796642616904,0.13418427863615,0.437263499816023,3.02314087513154,3.84446586839142,0.0014997643054685,0.0001222130766243,5.63351002800954e-05,13.3247447268041,45.8564129337889,16.558291621554382
2.302083333,30.0119976421647,0.928473801264867,1194.10439692881,40.8963998794303,2506.82015172037,131.340631978695,424.303437720463,4.362042715232144,13.2786779197153,0.343999588560526,0.459495430710636,3.23658708717742,3.96599460590557,0.0037853358861487,0.0003777208117318,0.0001990508563579,13.3625794157972,45.8051834748262,15.0,3257.45265127695,59755.0,240,30.0110262854386,0.837832307349673,1195.42125799829,36.8114961651405,2508.91387736752,131.445617959539,425.086367228229,5.94751672873953,14.1231452435241,0.132409781835157,0.433990436250848,2.99471371246775,3.86201814273197,0.0014788517810895,0.0001205116940115,5.53759043623131e-05,13.3247130117906,45.8425007190398,14.434196149373996
2.3125,30.0121388264788,0.920917384024209,1193.93676529299,40.5145036198847,2505.41264968322,131.364311636357,424.737528223608,3.9165176096092518,13.2047536674889,0.345747937145565,0.456782533199094,3.21367912625711,3.98345075306225,0.0038011392621028,0.0003831238833543,0.0002023151172705,13.3632550980604,45.8137159583506,15.0,3256.3346058108,61585.0,240,30.0114384507183,0.831066427975295,1194.89203949694,36.4629733172576,2506.71031111792,131.42817720014,425.382341521747,5.95788382366703,14.054698771846,0.132756184129202,0.431465781728373,2.97305716507582,3.88023931357238,0.0014810442997879,0.000121648608182,5.59639254021534e-05,13.32493811309,45.8367262562018,16.38672918192704
2.322916666,30.0116768998748,0.91604283192081,1193.61372672637,40.2478140352336,2503.63483142342,131.37097940165,425.114536768885,4.041360187747388,13.120271654955,0.356545006452806,0.454847488848354,3.19733836916615,4.00222506571504,0.0039167629226772,0.0003981215485599,0.0002108854148813,13.3638393322703,45.816302590754,15.0,3254.84864320974,64125.0,240,30.0116343568731,0.826714118739338,1194.46095618342,36.2290482892749,2504.69663368981,131.423106683707,425.712012176489,5.9502129713098,13.9727940480343,0.135239003005686,0.429761588330784,2.95833440051775,3.89945143319212,0.0015065240735294,0.0001256343550014,5.80931604713054e-05,13.3252955080621,45.8352248897767,16.45773867371943
2.333333333,30.0105911043001,0.912112228535584,1192.97175126205,40.0171298250607,2501.15569223851,131.343921504627,425.375870380818,4.638554552670194,13.0534437501283,0.364425437592859,0.45340554897744,3.18271608897228,4.01909611109639,0.0040013337732004,0.0004078008155636,0.0002161646995968,13.3619856033883,45.8071302096055,15.0,3252.50362156551,64000.0,240,30.0114353299297,0.823616751894044,1194.00295358901,36.0529564179572,2502.60825122131,131.41637705345,426.032614852493,5.94028498025741,13.8912522052858,0.137289806868746,0.428550742198066,2.94703357010487,3.91824296437195,0.0015277490444742,0.0001289007731228,5.98124716374815e-05,13.3252216350526,45.8331234603699,15.663695751619624
2.34375,30.0093184918628,0.907290588110106,1191.93052400765,39.7378751987472,2497.81407701758,131.274377158333,425.494064780139,5.294497060251655,13.0239608938687,0.362800395045625,0.451873855373962,3.16487036144069,4.03169692569278,0.0039815875581705,0.0004064423782604,0.0002151772460935,13.3586387040325,45.7831542711024,15.0,3249.02555432517,63000.0,240,30.0108323215137,0.820220360020689,1193.39231435918,35.8598870167842,2500.17255096063,131.393244012227,426.301738111824,5.9454064333008,13.8278180265101,0.137010928325239,0.427321047074109,2.93457266239603,3.93479434661598,0.0015240592339848,0.0001288533852437,5.973681263783e-05,13.3246338592509,45.8253058798551,15.85311354614126
2.354166666,30.0082925947219,0.904215483647581,1190.51407731467,39.5198732931117,2493.65221466448,131.162816834507,425.471726416087,5.674085905173168,12.9986242999536,0.374190505449568,0.450574682074296,3.15031969346108,4.04415438513475,0.0041033968351313,0.0004219977762287,0.0002239942616517,13.3582413365863,45.7445218292459,15.0,3244.54892276408,67040.0,240,30.0099976021354,0.817887734888632,1192.51261748512,35.7070514202734,2497.15574537281,131.341381626117,426.471314484986,5.93976520599976,13.7727791661351,0.139260221244827,0.426394096856175,2.92429345883756,3.95042190531443,0.0015472882431789,0.0001322346033754,6.15369188234507e-05,13.3245718085606,45.8074649928289,16.5569214554358
2.364583333,30.0072636776349,0.904590877448315,1188.87168535826,39.4466561065471,2488.99441235587,131.026726909401,425.356967702341,5.379613987698979,12.9697274283449,0.401375584289104,0.450239875788498,3.14387947626515,4.05716611259518,0.0043994529871177,0.000452546615004,0.0002407907950245,13.3581990757286,45.6973012382089,15.0,3239.54531225297,69760.0,240,30.0090669591653,0.817893984335438,1191.31650125238,35.6505330442395,2493.47093370856,131.256730916742,426.518703017186,5.90615943386403,13.7205139000053,0.145453117170328,0.426199868691686,2.91948456050299,3.96571905408877,0.0016130533718596,0.000140835291382,6.61034950511524e-05,13.324888842143,45.7781634296094,14.32190830368766
2.375,30.0054505828976,0.914106210691708,1186.93209674861,39.7474887489014,2483.69540908164,130.85473927605,425.106968990789,4.993298170504364,12.8884262802776,0.488183262008712,0.452037763429037,3.15856310888532,4.0774853804433,0.0053562000993281,0.0005523934068512,0.000297170973751,13.3618493984189,45.6375332175407,15.0,3233.98067704765,86175.0,240,30.0078419153695,0.824370272059481,1189.72022165141,35.8725697261826,2488.98094802865,131.13244774644,426.397945594704,5.7915143604463,13.644625069209,0.16675658899966,0.427967330858546,2.93080138628842,3.98384157285317,0.0018408459153903,0.0001688653208178,8.12121149717616e-05,13.3264351606458,45.7349739986625,13.041850875968809
2.385416666,30.0011368213376,0.928690709017852,1184.27795947152,40.2543123113004,2476.9342739263,130.606752790933,424.564243504813,4.6188489770626,12.8446531519069,0.595975042158921,0.456643225230891,3.18388254154804,4.09403141651269,0.0065615328123689,0.0006535210949642,0.000351341637548,13.3559042630578,45.5512311238517,15.0,3226.64157984654,86165.0,240,30.0055801311826,0.835935630155081,1187.66727090551,36.3095078366067,2483.57439376713,130.962818159178,426.086787977029,5.62125052061045,13.580865988104,0.196333519412271,0.431600441616071,2.95411169560314,4.00054406322957,0.002159284610221,0.0002043205783861,9.99644919575926e-05,13.3264635766268,45.6759072775391,15.236328854524961
2.395833333,29.9954201667306,0.951856137154772,1179.86091595897,41.0185478561297,2466.53877379554,130.1596237259,423.324777170551,4.062965804488595,12.8145306108659,0.817844354954204,0.464411564224736,3.22264655382644,4.11088449922048,0.0090969243145906,0.0008770028309121,0.0004734352309127,13.3531646553492,45.3954507022122,15.0,3214.72356690697,109020.0,240,30.0015155313018,0.85417429444684,1184.60873381549,37.0063232240581,2476.13098765922,130.687020880376,425.368049753895,5.35666413994639,13.547307169393,0.258358004040047,0.437556115131889,2.99156358673051,4.01425663056139,0.0028257531128622,0.0002736484668123,0.0001367960733479,13.3265711461284,45.5797553217895,14.95288885716477
2.40625,29.9861127397315,0.991973990296852,1172.61377556458,42.3376566605152,2450.33126316497,129.387085624793,420.941123563008,3.9168673209890765,12.7598851123851,1.32444931506115,0.481001889599671,3.29214657180804,4.13263270859823,0.0152615307908007,0.0013706346087839,0.0007404721261596,13.3480348677992,45.1259465727784,15.0,3195.55263836298,127090.0,240,29.9947607983188,0.885852280061604,1179.29970449384,38.2015190521963,2464.10352435874,130.17086690717,423.744245783077,4.81684816811045,13.5659564256028,0.423789935487841,0.448626356998344,3.05641942139315,4.02225368397411,0.004614018046731,0.0004434863303949,0.000226799122418,13.3268913487561,45.3995667167307,15.833880994858605
2.416666666,29.976733148189,1.0323179527492,1164.57945368151,43.6900838195174,2432.54221775582,128.519932686252,418.131357772525,3.1500855290649588,12.8272969585273,1.99982055108869,0.500626638682899,3.36778767530872,4.13759050853771,0.0244399878092968,0.0020233295549908,0.0010881347150346,13.3443124544256,44.8229696227833,15.0,3174.21451150381,123880.0,240,29.9856465734682,0.920546825381257,1172.17172198127,39.4431090962538,2448.37512159564,129.461544851421,421.360871065776,4.20495449925957,13.7676481317321,0.683070882996322,0.461981907632414,3.12437194248036,4.00650966075505,0.0074702204662485,0.0006815902189357,0.0003519332843096,13.3257787558105,45.1516675845594,15.610063584011517
2.427083333,29.9754262830057,1.07696749311445,1157.64156117546,45.2603603640283,2417.066682505,127.752983271464,415.582673436753,1.9787499939466668,12.8700445852309,2.85115614298923,0.521162537117369,3.46088744705132,4.14203410205929,0.0382043509338457,0.0029476824463365,0.0015791406768503,13.3633748868852,44.5543132041047,15.0,3155.8939304676,134210.0,240,29.9791506905587,0.956653273215489,1164.68487615165,40.7014048649592,2431.93249603302,128.706313525406,418.723548620313,3.62550094949979,14.0886777254586,1.07152034816164,0.475899856147967,3.19642551838567,3.97387613782923,0.0119021926127679,0.001028943940168,0.0005351612769244,13.3302285121973,44.8873538264729,14.528799375147523
2.4375,29.976218192376,1.1378143712414,1152.2444886545,47.6658322417735,2404.84170479225,127.110737083305,413.412555626131,1.9750479155138156,12.6987145065097,3.99317694357272,0.549647098803712,3.60509426795322,4.16744982318167,0.0617269520194482,0.0044126027984724,0.0023591453541868,13.3993234233934,44.3282015388577,15.0,3142.20263995261,142595.0,240,29.9770827035366,1.00439642996524,1157.83492906766,42.4696713347599,2416.87057291577,127.990987857501,416.149917464893,3.02170471963314,14.3257251044914,1.7263767164923,0.494356613563175,3.30109555408873,3.9484483718551,0.020010186326233,0.0016324162567543,0.000856648720346,13.3419892841613,44.6364409995104,15.0
2.447916666,29.9750604391289,1.21400892953432,1147.45826976235,50.8880125059865,2393.7031777598,126.47666991319,411.226864916433,2.126918802876892,12.3359595572726,5.33228718473327,0.585958611757978,3.80149052123149,4.21055942396621,0.0978547488991968,0.006476484536615,0.0034665638330826,13.4455350739175,44.1036273242299,15.0,3130.39246663649,153535.0,240,29.976129243108,1.06703034130221,1152.05158439191,44.9676151238587,2404.02204307644,127.334604124196,413.752375033381,2.50930198699296,14.3362802873562,2.70336926149378,0.519012407363593,3.45187506301418,3.94706686755806,0.0343580285192408,0.0026324555614653,0.0013920980937844,13.3598315177004,44.4053849116612,15.0
2.458333333,29.9733573805343,1.2940725223056,1142.09164882511,54.5189776569592,2380.89435760826,125.721406397073,408.58005580761,1.2557674303253394,11.9177878840856,6.64943212070481,0.623613589485211,4.02860356638887,4.25649287601755,0.14099169079304,0.0087489505060589,0.0047103329166196,13.48770056826,43.8355751339657,15.0,3116.73151607174,155000.0,240,29.9745283036291,1.13779003581819,1146.61241160591,47.9744548992295,2391.67440488036,126.64542476262,411.246530660055,2.1657649608898,14.1387926289004,3.8788671318531,0.547472493500814,3.63748876766478,3.96776343678249,0.0566514159602693,0.0040581449660567,0.0021539723724248,13.3792080134428,44.1618448460663,15.0
2.46875,29.975371267999,1.37381715751834,1136.77352983541,58.312900057961,2367.68377388201,124.927847506851,405.754868851189,1.8010675425782459,11.548214258674,7.73674231610075,0.654243770216373,4.26934032038088,4.29521573895483,0.180154871486818,0.0106590336693196,0.0057830817513028,13.5195781766633,43.5535581405542,15.0,3102.75485870548,155045.0,240,29.9743435877492,1.20852085898172,1141.15654582509,51.1341710494877,2378.89465959931,125.894662770761,408.527127107457,1.97008265350845,13.8645384122979,5.00735875846987,0.574627329613444,3.83685393732001,3.99533258372507,0.0847435305609854,0.0057098719831354,0.0030385113582343,13.3959513746591,43.8956131011962,15.0
2.479166666,29.9794664483538,1.45536755566376,1133.00734607065,62.3668408032075,2357.31101312805,124.269554504731,403.350361048904,0.9467076257241349,11.2319740281315,8.49571642542097,0.678193203694315,4.52505286689336,4.32767814641471,0.210292820320583,0.0120439884261877,0.0065890342022144,13.5377027235957,43.3184607378942,15.0,3092.71768222008,153565.0,240,29.9767424888431,1.27974564185956,1136.3828633306,54.4438889199485,2367.12978264406,125.170384538126,405.88663071416,1.85447160519768,13.5742718186769,5.93678467721748,0.599383276266819,4.04679624337258,4.02370087959413,0.11409969584166,0.0073133545448148,0.0039090753312645,13.4083469183293,43.6376468650722,15.0
2.489583333,29.9846214526745,1.52086477846548,1131.62311917628,65.9892223545102,2351.91275273856,123.883907561079,401.806312630422,2.187965594086485,11.1106858381707,8.73549746909546,0.69029349033778,4.75237677970259,4.33590024226207,0.225321603716002,0.0126970304110757,0.0069862002628501,13.5330390991873,43.1784534320679,15.0,3088.79532591969,135465.0,240,29.9804369292068,1.34099187087009,1133.42397678982,57.3764286698976,2359.01981852209,124.644314528464,403.868322376162,1.79558078163133,13.454265839936,6.4074548545587,0.617116237266322,4.2332875378513,4.03012913307271,0.133065741771636,0.0082968471783862,0.0044572680518417,13.4095141911447,43.4486180613271,15.0
2.5,29.9932414977233,1.57643704438133,1132.40568735584,69.041121106929,2351.61746526839,123.779124783339,401.173384938573,1.7408554452559777,11.1272197964898,8.59811973029666,0.694477819245165,4.93617243523932,4.32589024710546,0.226681271785991,0.0127379109833374,0.0070354334169621,13.5328427881008,43.1367034997461,15.0,3090.86511521461,129060.0,240,29.9862927404727,1.39002538135495,1132.44416794877,59.7249998980992,2355.25084518595,124.361533982615,402.627644771289,1.7692447723429,13.5209774607394,6.43200281934162,0.628205170662828,4.38073922547587,4.01287467392854,0.137686296666872,0.0085225226338712,0.0045970305362723,13.4079862365837,43.3448071347444,15.0
2.510416666,29.9997983769678,1.63539517499725,1135.31107564485,72.2754940622249,2356.32298926337,123.925285410663,401.387402370833,1.3358681467128424,11.0891100547916,8.36356703520151,0.701363747567254,5.1202470317228,4.32093562643257,0.224262240585269,0.0126302781036651,0.0070073623584656,13.5415016828457,43.1826309069252,15.0,3099.30365824415,129040.0,240,29.9933850901895,1.43986289026463,1133.39077822858,62.1763650800634,2355.82841639642,124.293967681741,402.117008349925,1.74577615673904,13.5580028471819,6.28733755924856,0.639263897922941,4.52697267805231,3.99895537351475,0.136528656806535,0.0084483767630315,0.0045742449525043,13.4106522715549,43.316299074063,15.0
2.520833333,30.0016401202267,1.68791858100782,1139.58704746081,75.3269774732086,2364.24739247178,124.234824042127,402.140834791061,1.9221306084767105,11.0526478613307,8.03552955126746,0.709061792187772,5.29145568358879,4.31466177920928,0.219530506963209,0.012429857487555,0.0069240135632939,13.5429731071332,43.2856582922144,15.0,3111.61705089841,123740.0,240,29.9982374714846,1.48836586049516,1136.11413177759,64.6653819647292,2360.51908571385,124.430833158348,402.296141618705,1.72418854316508,13.5628968675786,6.03566794051366,0.650126659084692,4.67046652717598,3.98810658651133,0.131852998368438,0.0081985475232905,0.0044549794663319,13.411664787757,43.3593348111044,15.0
2.53125,30.0022688500076,1.73082789476282,1144.05284022147,77.8409202250009,2372.79071613296,124.577328588554,403.004630115586,0.8340733420207855,11.0495268501251,7.61520670795316,0.714961803930436,5.4326013099284,4.30494045847435,0.21052191696581,0.0120345941243522,0.0067213579161515,13.543501946107,43.4006300262643,15.0,3124.25029898237,123385.0,240,30.0005835930391,1.53088324495991,1139.87319418244,66.9051798328447,2367.66875681046,124.69215254114,402.892601055946,1.71047004390902,13.5744781235102,5.68706479154672,0.659344406700337,4.79846417730534,3.97631091484071,0.123298802487088,0.0077469612221756,0.0042215808456231,13.4112058195776,43.4461674530422,15.0
2.541666666,30.0030168055939,1.75352738873815,1148.01471128027,79.2913286999142,2380.72543788378,124.900982537894,403.796610802177,2.2671833561804355,11.1661684044348,7.06931062191393,0.716874831928992,5.51289687552616,4.28062134930898,0.194969447741521,0.0113144140839733,0.0063169957721142,13.5305951245505,43.5097325654996,15.0,3135.17910282715,108725.0,240,30.0017606554794,1.55774798853724,1143.73488815938,68.3220136926668,2375.40225801046,124.997821006558,403.625908220526,1.71965628312138,13.7004186240701,5.19303786164969,0.664392723107399,4.87878515660277,3.95048796730447,0.10814589140741,0.0069315531852711,0.0037803045546963,13.4044969490547,43.5492458819232,15.0
2.552083333,30.0054167151246,1.78383651341329,1151.96025701752,80.8823546896451,2388.79248974877,125.218748276002,404.614999621081,1.0171608651426067,11.1561776657609,6.6132598790284,0.718870719761677,5.59850735503748,4.27382278132392,0.179500669255439,0.0105842363207108,0.0059091761387164,13.5457521404843,43.6175751930206,15.0,3146.31481840953,128390.0,240,30.0034605052746,1.58524575243169,1147.6907832986,69.7813934067119,2383.43049483611,125.304413867832,404.399769061776,1.73187091568903,13.7256683513079,4.74374656504889,0.669252656772502,4.96082978619112,3.93875255994926,0.0947718316541001,0.0061798788633197,0.0033715530552751,13.4060882881697,43.6530895011686,15.0
2.5625,30.0016989009824,1.81974404235704,1155.97701771096,82.9622622043662,2396.92052014419,125.517843974033,405.402806325978,1.71674068897998,11.0090251299317,6.29194933940104,0.726884645913339,5.71299298281685,4.28600250598704,0.17088221270463,0.0101736308779143,0.0056870977917562,13.546848230815,43.7191550417557,15.0,3157.87470405096,125310.0,240,30.0036209374539,1.62178857384805,1151.88181448718,71.794398171066,2391.95691152978,125.60884067503,405.219829319019,1.72803047294254,13.5458563090043,4.43980024610228,0.677468316542628,5.07343411813238,3.95446318457766,0.0870388316943281,0.0057327063529309,0.0031315554425336,13.4090643255502,43.7564430460374,15.0
2.572916666,29.9982235686862,1.83471807894108,1158.54246298258,83.8499333827858,2402.09518709899,125.6727798485,405.687849764964,1.0052241365079664,11.0363213896645,5.89734442371526,0.73106279744259,5.76687615562638,4.27812414212273,0.157553937673515,0.0095093750724372,0.0053085635836151,13.5324285923388,43.7710343021427,15.0,3164.71443553497,117760.0,240,30.0009801752595,1.64256962970048,1155.38507678848,72.9543271561828,2399.255554409,125.8623192656,405.852793259642,1.74835733054785,13.5007487479353,4.06872025973218,0.682665245202941,5.14015207772717,3.95427341981358,0.0764506984700774,0.0051110379080048,0.0027914304947612,13.4020039471777,43.8426882010329,15.0
2.583333333,29.99949061695,1.83808574571488,1159.89615039225,83.9444322714014,2405.04844517561,125.717019925966,405.615757701682,1.6255391031081647,11.1332954951161,5.48273103310755,0.730721168660088,5.77470690240959,4.26214873415646,0.140756945765171,0.0086427231337323,0.0048094202590941,13.525005390236,43.785064095949,15.0,3168.00515217215,113465.0,240,29.999597775833,1.6478438770542,1157.74444106491,73.2411562829348,2404.31853390515,126.011241130887,406.132838103081,1.79810210740054,13.5772959121686,3.64804256767722,0.683848411701344,5.1588627080538,3.93997315385153,0.064284260210672,0.0043733071174751,0.0023839095569752,13.3946749249698,43.8930721941065,15.0
2.59375,30.0026749366463,1.82909586729356,1161.37544123143,83.4102701261413,2408.84612044974,125.814480932114,405.720465658826,1.0789068447681598,11.2979949662539,5.0280047327087,0.726866440693247,5.74251208206205,4.23572900160106,0.121484739014532,0.0076188698087075,0.0042219742526711,13.5133071960392,43.8183038042764,15.0,3171.7388116519,100005.0,240,30.000492236474,1.63750158904955,1159.40291667185,72.714151284216,2408.26572884791,126.117322171773,406.270150421817,1.88505400477616,13.7677581286195,3.16989142957116,0.680957446402112,5.12930180676614,3.91096206533668,0.0514429731524789,0.003566617236797,0.0019371644503393,13.3851989638551,43.9290959369262,15.0
2.604166666,30.0071000369964,1.80683461141971,1163.57715130821,82.166149013816,2414.78460955865,126.039457338739,406.241817321033,2.79172135706475,11.5427739547755,4.51262502025167,0.718471455348927,5.6667849928718,4.19635138320115,0.0999442339406971,0.0064327558898787,0.0035472258925577,13.5022790189009,43.8966350131935,15.0,3177.52936466523,91345.0,240,30.0028903959167,1.61071603952018,1161.04707800966,71.423275744687,2412.642769523,126.26364753038,406.543100865972,2.02668579333907,14.0636615077792,2.63043149840277,0.673759253280553,5.05345515136743,3.86705395270846,0.0389907094771369,0.0027589177330496,0.0014913365118988,13.3747714750201,43.9795945556235,15.0
2.614583333,30.0107802739798,1.81236741679897,1167.35996268496,82.4825550154457,2423.97338391245,126.400959081591,407.30594508505,1.575851039046229,11.3826129443804,4.31133905236624,0.713886373896348,5.67464692807431,4.20731636139501,0.0932864529015784,0.0060532747826076,0.0033358089043414,13.5418835521881,44.0224237172482,15.0,3188.65892212256,122540.0,240,30.0067741661362,1.60538988124215,1163.63869187829,71.3731372506562,2418.96111255549,126.47126339129,407.102213522822,2.11325488858089,13.9953493612945,2.37273163934063,0.670727750589575,5.04559086715119,3.86914711802023,0.0341109912638237,0.0024553275734748,0.0013302125760702,13.3840932693434,44.0512842062887,15.0
2.625,30.0042692797186,1.82314559136958,1171.97446077408,83.4588219025249,2434.72349313507,126.829495407227,408.603287690075,1.504635359229249,11.1034968364827,4.25242286452031,0.716473451231372,5.72244153604104,4.23546429029611,0.0934718043270987,0.0060822194903187,0.0033607228607587,13.5393251496087,44.1714252802559,15.0,3202.32073814193,111770.0,240,30.0072986206033,1.61894661402257,1167.50469314731,72.3388543625598,2428.02515831802,126.796467520412,408.089057001208,2.107386688466,13.6671838303964,2.32079265527738,0.672723488042028,5.09403697309033,3.90364945536891,0.0333678433731541,0.0024074394099595,0.0013067421602195,13.3895359578162,44.1641014429423,15.0
2.635416666,29.9993408963163,1.80536145558099,1174.46898861507,82.64538864521,2440.97450971872,127.058975778919,409.186569192497,2.195377431774519,11.1857091733291,3.97404821173545,0.712335520867153,5.6782988339127,4.22217611445073,0.0832514652048174,0.0054999774608612,0.0030342734370689,13.5099976337991,44.2516852909883,15.0,3208.93958793105,103775.0,240,30.0036624185334,1.60973314112732,1170.96612991749,72.1255044011143,2436.44025410518,127.119275186986,409.023527053175,2.17355143612244,13.5960387076088,2.11659864545515,0.670386057619012,5.07969359214809,3.90672024302993,0.0295489261277812,0.0021445989987752,0.0011616921067638,13.3785079020508,44.2765119054985,15.0
2.645833333,30.0003361650361,1.78567423044961,1175.21925519689,81.5204480598648,2443.4597564072,127.100831875611,409.183258138259,1.733304584665095,11.2854635374274,3.71421228163882,0.705582206603984,5.61532933607162,4.20918205083602,0.0737296712417175,0.0049383394604092,0.0027183616289782,13.5029642901369,44.2669132000241,15.0,3210.56284715839,109120.0,240,30.001389398012,1.59190576406424,1173.22526118046,71.4203311298748,2442.1857809873,127.313822933024,409.543717778227,2.27435003886351,13.5962424015587,1.90366750049162,0.665732715642794,5.03987339893567,3.90381166910738,0.0257555770582059,0.0018883327015387,0.0010214261113934,13.373693726072,44.3444151447626,15.0
2.65625,30.0021452472154,1.75617877500764,1175.81067295651,79.9869436252877,2445.87033088818,127.153674520388,409.214977889253,2.160178365997755,11.4831107462771,3.3906742644335,0.698234439407389,5.52627545932942,4.18257470725478,0.062415125519546,0.0042538315479321,0.0023345834095511,13.479287106812,44.2862700269687,15.0,3211.74215242994,88925.0,240,30.0013377214638,1.56200335157764,1174.45822667925,70.0677076156586,2445.83737247188,127.41903621726,409.77902091371,2.43221776656961,13.7175227211979,1.62965435371749,0.658551194455894,4.96210530569479,3.88673342829729,0.0211536469868619,0.0015630717801823,0.0008411220451164,13.3645727429577,44.3814840372418,15.0
2.666666666,30.0059326474332,1.71346816299035,1176.96922558936,77.7760296409072,2449.82996834349,127.307730741146,409.572319476191,2.5101334278473306,11.7998134824014,2.97008718431616,0.686722998807041,5.39797164768469,4.13801096360301,0.0497780796409395,0.0034640116526807,0.0018935601257521,13.4638381044321,44.341062994083,15.0,3214.34725258889,85235.0,240,30.0026701739771,1.51613594333984,1175.4094661576,67.9709068580504,2449.09727846823,127.523068350813,410.031496042639,2.70725919773791,13.9612691786811,1.2873771486433,0.647570401213189,4.84054286076141,3.85389108569319,0.0159706178976953,0.0012016694170135,0.0006433470130664,13.3551691041595,44.4183173582819,15.0
2.677083333,30.0105026285811,1.6824064134192,1179.24343063908,76.293491333247,2456.14403787797,127.573668262193,410.361375375453,2.98381742977621,11.8959707505607,2.72384662330949,0.676439115065299,5.30805130120313,4.11988229005132,0.0435611678232601,0.0030778819407745,0.0016820400775889,13.4754853323319,44.4346446098755,15.0,3220.53798607337,93775.0,240,30.0056734656963,1.48001444603152,1176.78075626459,66.379408443274,2453.1833577287,127.659036036606,410.444849256285,2.93973362629785,14.0413957754025,1.08763907092854,0.637795018925825,4.74621046631401,3.84183430068131,0.0131606195584183,0.0010115891601084,0.0005413459249066,13.3560341484215,44.4662311496123,15.0
2.6875,30.0113949287768,1.6609634278433,1182.74059165524,75.430417652871,2465.05882128185,127.966346222005,411.603457656875,2.7311727002525767,11.8348624430835,2.61883223817596,0.66956255291189,5.25204664399358,4.12130043901324,0.0411102272621247,0.0029302010350126,0.001603194394669,13.4817956665792,44.5722574819445,15.0,3230.52891896309,93540.0,240,30.0086373210102,1.45681027372488,1179.04348894771,65.4246311213118,2459.162839677,127.887558103425,411.188164407558,3.05726614284026,13.9708484545153,1.00444541374449,0.630564460053298,4.68682003863788,3.84760384911899,0.0120252804390288,0.000935098397645,0.0005005669356359,13.358691463106,44.5463963072951,15.0
2.697916666,30.0091631245386,1.63770272292445,1186.42902119749,74.4798211394409,2474.37865417292,128.384224770326,412.929577308496,1.3987717951452758,11.7826082102869,2.55046867556361,0.663132410858944,5.1934898089751,4.12301124268781,0.0394997498890118,0.0028335367532898,0.0015513883357299,13.4811486519476,44.7185821874771,15.0,3240.98991058212,95625.0,240,30.009490821978,1.43723581571674,1182.07686842227,64.6656632127555,2466.85533883794,128.209879222377,412.238702510155,3.12642911444577,13.8651521542332,0.959129930102938,0.624294770415496,4.63892891844671,3.85695825992709,0.0114151540271687,0.0008943696345914,0.0004788826362476,13.3589822518447,44.6592798652787,15.0
2.708333333,30.0064538871727,1.60918223383193,1189.25886474571,73.2150704816586,2481.82367148255,128.714444419338,413.966001134401,2.356814529207352,11.7890633594185,2.48563564295725,0.655721796301047,5.11959429785259,4.11941863652967,0.0378269556659962,0.0027281535246301,0.0014931404280725,13.4743209614661,44.8343265392507,15.0,3248.85928410218,92675.0,240,30.0085014071741,1.41570489575721,1185.21712833199,63.8004592398591,2474.80745629874,128.555487467329,413.357725590719,3.18570850840141,13.7900525795886,0.918963612312473,0.617663879415842,4.58651382955293,3.86286987146796,0.010879397158317,0.0008558632505612,0.0004577301769588,13.3573888260393,44.7802847950116,15.0
2.71875,30.0051795782557,1.57532056750771,1191.02276101683,71.6185573771129,2486.94222505992,128.938009093722,414.652563552961,1.579789901994499,11.8735495525082,2.38186214204126,0.646641810820845,5.02799541669509,4.10737619951405,0.03530546091477,0.0025652184665401,0.0014024459646224,13.4648730254225,44.9129056782895,15.0,3253.56526633413,90145.0,240,30.0070160819228,1.38843351709551,1187.81852120392,62.6238223641078,2481.59724846224,128.853934707302,414.321673279808,3.28008325836098,13.783229218709,0.859930431901745,0.609666150945018,4.51766061191974,3.86137478352443,0.01010716880935,0.0007995814790127,0.0004266533721147,13.3542510546773,44.884850665781,15.0
2.729166666,30.0054690147628,1.54126806588853,1192.19653511656,69.9827616073535,2490.70499667793,129.101707982916,415.157302152684,2.7078351477161076,11.9792955423838,2.25422776093793,0.636941134150551,4.93381493088816,4.09343504201761,0.0324635695673298,0.0023808452316687,0.0013004032670453,13.4574079514983,44.9706455395778,15.0,3256.58546180777,88860.0,240,30.0061267884662,1.35874207755361,1189.77167897245,61.2944642811871,2486.92831588588,129.087279448743,415.082953899642,3.39713247372294,13.8114401795572,0.794710157552544,0.600916582289117,4.44049485167484,3.85674245587226,0.0092688061088342,0.0007387467789288,0.0003931847226986,13.3516548063965,44.9667164284099,15.0
2.739583333,30.0062770866537,1.51173049239322,1193.29628209374,68.5713669753697,2494.17164166248,129.254734687856,415.652488203768,2.4082195260623127,12.0505221696957,2.13659719313972,0.628189569067544,4.85148943766002,4.08458620733338,0.030045275191185,0.0022257086574655,0.0012154565220352,13.4537516435125,45.0247090933513,15.0,3259.47841703742,90465.0,240,30.006029621903,1.33147366613397,1191.2983839753,60.0581150915575,2491.23209646705,129.273891732873,415.707849311029,3.50615620531459,13.8280677575391,0.74178622907978,0.592627400689847,4.36834127082056,3.85463232614577,0.0085965450516476,0.0006908885788615,0.0003670350575469,13.3504720466305,45.0323028465206,15.0
2.75,30.0064273021737,1.48690624685418,1194.52906575594,67.4083049301931,2497.79109252048,129.418351283398,416.203368287723,2.2670486542760564,12.0862080700296,2.04051052127356,0.620934707720071,4.78279722719375,4.08108749117778,0.0281632638589089,0.0021046225339343,0.0011494049587475,13.4498809105003,45.0825196830974,15.0,3262.82452684562,91025.0,240,30.0062382121904,1.30845156506437,1192.65894788327,59.0160427342875,2495.06278561712,129.4407584447,416.283518511409,3.59329260292064,13.8191591739014,0.702117356202475,0.585440789173521,4.30685235897676,3.85656701236112,0.0080984432676928,0.0006552867852537,0.0003475860384643,13.3497447086656,45.091049964801,15.0
2.760416666,30.0058112112711,1.46375496469231,1195.74714636324,66.3302820006648,2501.28488858169,129.580116888595,416.757351571058,0.8305813299085114,12.1226450651729,1.95724793503588,0.614569065205357,4.71924005754056,4.07833287372409,0.0265763899444193,0.0020010824602789,0.0010926105742507,13.4446569271621,45.1397143880673,15.0,3266.12962484499,91045.0,240,30.0061792226865,1.28789104989033,1193.96361662438,58.0903420117616,2498.67966047087,129.60157417753,416.851768142816,3.67383897625642,13.8023796282135,0.666595992252666,0.579054143414058,4.25190252231052,3.86026002470629,0.0076585189132356,0.000623397327097,0.0003301315023016,13.3485264217947,45.1477502696748,15.0
2.770833333,30.0050223900733,1.44131709436448,1196.72474917045,65.273736615012,2504.19860795217,129.716975794605,417.233926385623,1.8309269864322872,12.1690371856016,1.89705459619306,0.608604651718718,4.65734982292001,4.07492957534999,0.0254233005703683,0.0019261790019763,0.0010512542003706,13.4402145530022,45.1881940957868,15.0,3268.75214251023,90965.0,240,30.005763564953,1.26858854909254,1195.16233543707,57.2180626382716,2501.99313853687,129.752091449937,417.393865492652,3.74717284266598,13.7911642351574,0.637509854247359,0.573116832438996,4.20019558859285,3.86396368313999,0.0072992238221397,0.0005975320246365,0.0003159424004552,13.3473014207589,45.2008974273363,15.0
2.78125,30.003511797291,1.43749737706039,1197.4065364026,65.0358605327634,2506.2582975094,129.793515677229,417.552841605305,2.4564438423816886,12.0269458273998,2.05248819788702,0.606117375924918,4.64115965035912,4.09758309067572,0.0282271941573364,0.0021422362165852,0.0011742210359329,13.4564596599504,45.2154778117148,15.0,3270.94689715426,112185.0,240,30.005008737456,1.26440926386967,1196.25326730649,57.0371269483935,2504.92727189388,129.879154322018,417.84832475797,3.6511456371542,13.6762521066532,0.711755426553954,0.570604445572785,4.18791589775951,3.88160181210259,0.0081620644413817,0.0006728403444993,0.0003580106329968,13.3530793453239,45.2458111218871,15.0
2.791666666,29.9976182057897,1.44272343374229,1197.03037967937,65.2271729657848,2505.86011103317,129.737114309269,417.422329123855,3.4715557828368926,11.8697738877802,2.31813421407975,0.608302516138114,4.65019391748223,4.12458340267479,0.0331715116478519,0.0024781250443565,0.0013593854195663,13.4511195778614,45.1962613037794,15.0,3270.35502631143,109210.0,240,30.0023233373487,1.27173637461326,1196.88809539136,57.3588944748017,2506.77621896987,129.952699247794,418.090994903309,3.42289131141839,13.5425005679736,0.847989271627284,0.571594355281829,4.20447466614084,3.90225826688195,0.0098079033879123,0.0007989993023117,0.0004268146904772,13.3556039279873,45.2719654000132,15.0
2.802083333,29.9934397255069,1.43877541349275,1194.20546799032,64.8687388560962,2500.12620704608,129.421513777426,416.393588547916,2.3156643763877485,11.9165299984288,2.47144625553514,0.6084126512195,4.63075899994655,4.12685730642601,0.0359815815512738,0.0026595652032652,0.0014560336060108,13.4367010486969,45.0866198093747,15.0,3262.57660202041,106950.0,240,29.9980611074366,1.27220269477223,1196.17590461925,57.3008803466002,2505.68453522487,129.886056343555,417.84696935472,3.296980652821,13.5579849113099,0.933035446058231,0.571567716101649,4.20079401838857,3.90520562202809,0.0108550253868954,0.0008747252625771,0.0004670582765894,13.3515904276842,45.2491896256278,15.0
2.8125,29.9935914210449,1.43664731896949,1189.77252438917,64.5050283885845,2490.85215561559,128.926744073593,414.771861977836,1.8737632686155736,11.9960472714521,2.56730047768699,0.608213557139411,4.61025180641078,4.12506116827347,0.0377435951415522,0.0027757203666345,0.0015180541654611,13.4328805518926,44.9145317867766,15.0,3250.30713467367,109120.0,240,29.9953362991236,1.27069729412007,1193.62622044179,57.0699317368006,2500.54448288327,129.614582821127,416.922592253967,3.22178863401036,13.6473197124152,0.998268494846155,0.571101554357167,4.18770786631861,3.90019983479523,0.0116576977395355,0.0009336555662089,0.0004983283480065,13.3500460857024,45.1549521037921,15.0
2.822916666,29.9954789529915,1.42709577001573,1186.31723166929,63.9037616911787,2483.76525780755,128.557595278919,413.526536057212,1.9689999887908205,12.1849546926778,2.48145469458191,0.607017869166879,4.57559275158333,4.1062936018917,0.0355683601473412,0.0026151595559967,0.0014248860130816,13.4226658593172,44.7863901240822,15.0,3240.64257947117,,240,29.9948752122772,1.26081377230108,1190.40292097271,56.4409860247813,2493.95845974575,129.277103452271,415.782444843071,3.27075899506467,13.8373475238302,0.954925013238215,0.568942114038336,4.15130483180617,3.88189432155736,0.0111039164460841,0.0008840693765319,0.0004691776079319,13.3459735377324,45.037732493023,15.0
2.833333333,29.9998833789004,1.41880962794531,1184.63457654693,63.4110597108718,2480.5524551039,128.387505720674,412.937032934966,2.6053834822506654,12.3351577476416,2.36821259115431,0.604036769917616,4.54622613373376,4.08935415537884,0.0333256895291378,0.0024677141328549,0.0013431982372739,13.430290041566,44.7276330827638,15.0,3235.98769732508,,240,29.9964421630656,1.24870712474607,1187.66380660164,55.7596016164677,2488.4104744629,128.989200407955,414.826329307138,3.39199169418049,14.0122846596224,0.886378600797913,0.565901870038027,4.11124208110455,3.86459254742439,0.0102372412060956,0.0008230386859896,0.0004359900446752,13.3457797573499,44.9378343695127,15.0
2.84375,30.0020371479258,1.43640605839338,1184.72904518559,64.2205437085033,2481.00822650316,128.372223323672,412.912781088607,1.631546933766828,12.1607732323495,2.52031874667623,0.60756282887851,4.58828665388312,4.11293260339021,0.0366867319771673,0.0027097613737487,0.0014813743898712,13.453766790098,44.722697663777,15.0,3236.97413810499,116950.0,240,29.9994489447389,1.25837270747784,1185.88204076846,56.1272635917846,2484.81512982875,128.777773930058,414.130512337179,3.30681966107885,13.9606979310606,0.970374104659581,0.567870617889391,4.12988648934687,3.87494191855121,0.0112636873312966,0.0009092580617879,0.0004845331587096,13.354149345672,44.8645665869412,15.0
2.854166666,29.997518829833,1.45475910013801,1185.43101100646,65.1821810614065,2482.68865186703,128.415060463411,413.047077299448,2.199244150338169,12.0120639284622,2.70909784977,0.614727274220647,4.64176679115943,4.13329223907254,0.0407664752308257,0.0029732333449272,0.0016267942282333,13.451728800985,44.737895694119,15.0,3239.6264080439,109250.0,240,29.9995926636625,1.276091304862,1185.47363499728,56.9325164082608,2484.19028541964,128.713080655682,413.890155011763,3.15033121657646,13.8598938370136,1.08209366815743,0.572741246182627,4.1737308379342,3.88939049843822,0.0126912588897829,0.0010116534063435,0.000540229941133,13.3563346413071,44.8424190068902,15.0
2.864583333,29.9949338496845,1.46192296791611,1184.85140273598,65.5129290478828,2481.61104219264,128.32631033519,412.707710993614,1.4175427480928189,12.0149346473858,2.84191593901852,0.618250272533076,4.6633986247604,4.13485227862393,0.0436116732220235,0.0031500450329917,0.0017215334117242,13.4506222819329,44.7070716216324,15.0,3238.2873501952,110600.0,240,29.9973381963983,1.28612709048595,1185.33066295363,57.3955624251308,2484.15724651251,128.684025477006,413.738624171878,3.06705797233976,13.8566815700749,1.15095199708383,0.575992654057994,4.20061728761225,3.89086193621368,0.0135911138800935,0.0010756042650326,0.0005746636504573,13.3552476579046,44.8326216532659,15.0
2.875,29.9955999523201,1.46608080797547,1183.29346588154,65.6666157279054,2478.51434197913,128.135669481787,412.021225839773,1.3043094385269707,12.0534316418787,2.97646372214318,0.620318831228157,4.67430020550834,4.1309000996237,0.0464213031768111,0.0033224709070954,0.0018133765594338,13.452684050401,44.6405621653753,15.0,3234.20391080663,105755.0,240,29.996077278518,1.29133378714758,1184.56625230276,57.5955823369117,2482.79181740876,128.589984822916,413.354950440376,3.00344066077599,13.9183593963129,1.21191611608165,0.577821951099869,4.2136843845464,3.88387937183108,0.0143856474210159,0.0011307249704043,0.0006039048574294,13.3553351280743,44.8000285834045,15.0
2.885416666,29.9982326228726,1.45981191018344,1182.07104562766,65.3572549816437,2476.38392435921,128.009756077441,411.512360305139,2.381721921695293,12.2159336928098,2.97838306723578,0.618798860296293,4.65770616108824,4.108059946048,0.0459565932036132,0.0032795268629094,0.0017852007373891,13.4479271383268,44.5965670568181,15.0,3230.94818130594,,240,29.9965173872436,1.28505338022454,1183.47689785732,57.2487346338365,2480.85374073679,128.479624265599,412.903455861033,3.03090552406633,14.101932182036,1.18321602527207,0.576459569812092,4.19508555918569,3.85995910609652,0.013997377882291,0.0010962595439012,0.0005834716563596,13.3522360216271,44.7616270021931,15.0
2.895833333,30.0019761194121,1.47963746691769,1181.84627193319,66.2268972800705,2476.31495843522,127.955016608898,411.30180076019,0.8185607768115994,12.0502199419486,3.2590078339314,0.622130748378066,4.70497321813482,4.1256053228017,0.053285100539186,0.0037523710729614,0.0020475061205373,13.4866211720055,44.5769677083797,15.0,3231.16643454446,126725.0,240,29.9989553912209,1.29663359630244,1182.52880039744,57.7411109545534,2479.16829336007,128.357796690577,412.427801791498,2.92096066998468,14.083989266134,1.34060552618005,0.578930004572347,4.22313511263485,3.86063157421258,0.0160790338249331,0.0012665731591519,0.0006792047496383,13.3632658917716,44.7189776296616,15.0
2.90625,29.9964793484315,1.51081080024188,1182.37617500809,67.9187918688083,2477.69447018673,127.94829295321,411.250017976114,1.9218950623279436,11.7391038235767,3.69925445976512,0.63452239969749,4.80061485951402,4.16179030947681,0.0657663414449968,0.0045232996435544,0.0024756482089383,13.4940284674983,44.5737255013339,15.0,3233.82110512072,116715.0,240,29.9992183218842,1.3278794487061,1182.3179310393,59.1774834173653,2479.06257242755,128.295483321071,412.132376740306,2.6525635549766,13.892033294927,1.65212739214514,0.587407735083081,4.30423488833575,3.88137045848852,0.0205179816830364,0.0015801650785907,0.0008508832032511,13.3718057653468,44.6968515925716,15.0
2.916666666,29.9928438772455,1.52006680206729,1181.5200353567,68.4440038777677,2476.04744876971,127.811095692768,410.69371587115,2.4781656040308784,11.7243449458643,3.8742726378082,0.639057010378602,4.83697351963422,4.1618440900157,0.0707249253897556,0.0048152024513471,0.0026349046883756,13.4844898419736,44.5250674097146,15.0,3231.78102523336,111860.0,240,29.9960308398379,1.3435770199412,1182.15549418851,59.9047946548514,2479.11074386535,128.255026128011,411.869809010127,2.53375698615359,13.8824789307611,1.80620684107631,0.592310980137007,4.34834336883725,3.87859379102942,0.0228734716113957,0.0017351514405382,0.0009337565904952,13.3683476262842,44.6822653811599,15.0
2.927083333,29.99499340138,1.52368416814291,1179.53510717871,68.5684334722245,2472.0729801268,127.563765339834,409.764171815905,1.1182936526479557,11.7834604286698,3.93756249065263,0.639724511808527,4.84879863825972,4.15256403370471,0.072165112587568,0.0048924352118261,0.0026744496714737,13.4837126149058,44.4381613085931,15.0,3226.45696443155,108625.0,240,29.9947243432512,1.34920844995045,1181.14322453297,60.1206588433005,2477.30736141057,128.125778061595,411.304909754042,2.494390476145,13.9680276997817,1.86561423725907,0.59416536526176,4.36482110789187,3.86464440586204,0.0237882342428111,0.001791680467845,0.0009629142635582,13.3668276140019,44.6366560847115,15.0
2.9375,29.9990378301661,1.51133294781424,1178.30740959246,67.961138375509,2470.0850653771,127.446177389924,409.215437512728,1.9545298611657298,12.0426250233526,3.7576005938447,0.635291679618408,4.81584048794814,4.1148293722254,0.0658390656242166,0.0045016387004756,0.0024541166088647,13.4654697937742,44.396815580103,15.0,3223.05903287087,85415.0,240,29.9959738198288,1.33687816676297,1179.8728930053,59.4805471226924,2475.12247579459,128.001271123392,410.740896561253,2.57614149327135,14.2423326555623,1.71773307684144,0.591095340698026,4.33079050095306,3.82583076661676,0.0214815367887375,0.0016151538291221,0.0008629827970837,13.3589316974791,44.5928071863782,15.0
2.947916666,30.0051013480757,1.52487783032419,1178.64364697458,68.5428049033829,2471.36559321193,127.466472433638,409.194914681243,1.1729321109195325,11.9671822933078,3.81740230571222,0.634392281789105,4.84603661528656,4.1181502907747,0.0684020431331279,0.0046534524256621,0.0025390629998053,13.5053063225401,44.4032489669861,15.0,3224.71251087883,124840.0,240,29.9997968930038,1.33996736711641,1179.01102073229,59.6220651155983,2473.74944743366,127.89057372172,410.269453452328,2.59237342975135,14.2826597859301,1.74133411770635,0.591137983685469,4.33909570221673,3.81665518741908,0.0218693612802846,0.0016663814273289,0.0008952608271294,13.3684231050367,44.5536010438886,15.0
2.958333333,30.0008406676575,1.55420030947812,1180.61081914293,70.2776597760191,2475.92176498481,127.625575164531,409.655376619054,1.8457466118499972,11.6675913455218,4.08078011888297,0.64419140555539,4.94137337463542,4.15063514825556,0.0779318956786654,0.0052325217553411,0.002867388258279,13.5103494738733,44.4577523149076,15.0,3231.41171100169,112700.0,240,30.0020217890457,1.36784736830834,1179.45616244113,60.9876342486102,2475.12958256833,127.890537706694,410.182724616056,2.44033724121395,14.0476146217504,1.96426823587676,0.598081932738095,4.41506311334954,3.84127269105376,0.0254240749418399,0.0019110539625633,0.0010302745517943,13.3774039328458,44.5528988740505,15.0
2.96875,29.9960877127896,1.56607515247595,1181.41747536706,70.9804761194241,2477.81118226151,127.669924477139,409.676861947651,1.1491132240315562,11.6325979364748,4.14397804956884,0.648352929906724,4.9858854848056,4.15296969213683,0.0807078041069317,0.005397043637576,0.0029610660852392,13.4992947353033,44.4723955508291,15.0,3234.02123679271,116715.0,240,29.9994618849512,1.38532095296507,1180.52024707951,61.8990700551131,2477.84047382892,127.971839457515,410.328394038688,2.36895972966764,13.9512029629313,2.06407659346352,0.603059622582573,4.46807081194447,3.84868609276276,0.0271829826065131,0.002028390234988,0.0010948138483092,13.3743473937089,44.5806055130233,15.0
2.979166666,29.9954132006177,1.56991624129451,1180.42443256068,71.159871333814,2475.80052536193,127.523890992022,409.066831258746,1.6103482602728383,11.6998891747588,4.0994098941927,0.649592196349193,5.0009049771259,4.14471706740987,0.0793161702346546,0.0053150572038168,0.002915700010696,13.4871554100382,44.4209710507706,15.0,3231.29739191847,108690.0,240,29.9970955333127,1.39352931000093,1180.76316930512,62.3166546116575,2478.6807384368,127.966329820256,410.175154525772,2.34871031444098,13.9632595767221,2.07342532466406,0.605627872595392,4.49531684081303,3.84458440121961,0.0273772813269352,0.0020317586426536,0.0010952594282286,13.3706521536764,44.5781152010067,15.0
2.989583333,29.99811941777,1.56216932013315,1179.34834034689,70.6975110404984,2473.83980416534,127.39962096425,408.5059433246,1.8702783856359042,11.9248765908944,3.85225366659877,0.646603636826979,4.97724877035518,4.11541117633895,0.0709411333043548,0.0048121256753739,0.0026343316607896,13.4708108614671,44.3776104117526,15.0,3228.12662268999,97145.0,240,29.9968583429265,1.38554763054087,1180.21328784525,61.9203136533758,2477.88462958678,127.898042638772,409.805877334145,2.42859949949512,14.1553206662582,1.90246087189013,0.604006634586468,4.47563117678921,3.81846515850231,0.0245602362093514,0.0018265479171144,0.000980687259858,13.3630610556354,44.5539590607862,15.0
3.0,30.003125705796,1.54625869749097,1179.29243320948,69.8365935924288,2474.37013732392,127.416434240039,408.404811687388,2.5776078388860877,12.2174311471172,3.47462573958046,0.640572836934847,4.92791033156122,4.0749173563325,0.0595302296696698,0.0041101082776759,0.0022434492719324,13.4603261859853,44.3837884414082,15.0,3227.77814887099,89575.0,240,29.9988927556096,1.36570737941613,1179.6946794772,60.9860341483433,2477.28407177288,127.852277532985,409.525040202761,2.60397291757907,14.4381679656248,1.61295168678861,0.599199671181801,4.42334257007372,3.78056503212719,0.0201143551964168,0.0015119959378368,0.0008079268334241,13.3563662497411,44.5378648571416,15.0
3.010416666,30.0083129464679,1.53170018737638,1180.6346646143,69.1368537517835,2478.07076467928,127.594046453958,408.863116325388,1.968100521361277,12.4199231394122,3.11935521611286,0.634401646901308,4.88479510686031,4.04373149950382,0.0503705478921324,0.003537349280292,0.0019279878825362,13.4612750379185,44.4461517014574,15.0,3231.55919814462,90780.0,240,30.0025470794011,1.34532208201244,1179.80791038699,60.0908139973819,2478.12190438784,127.87426684567,409.511411932842,2.8169954394303,14.6457652046839,1.34446730268574,0.593922833840158,4.37108980760655,3.75186838947571,0.0162973211146167,0.0012460718672763,0.0006641117131659,13.3540314528197,44.5455374286125,15.0
3.020833333,30.0110841530277,1.52271593337205,1183.3887801784,68.8343557958605,2484.84419250891,127.921081938417,409.850898400819,1.95082354925787,12.4794023929977,2.86416003268642,0.630100131976399,4.86273099663901,4.02997218600593,0.0446049007677887,0.0031764700679786,0.0017323668270535,13.4657253812569,44.5606422227383,15.0,3239.54996328385,92805.0,240,30.0064383281799,1.3319013008685,1180.97111867266,59.5842642218713,2481.26925351878,128.001474476119,409.888975690498,2.99363023672784,14.6996268125867,1.1642671365292,0.590031828176135,4.33932954705366,3.7420932925596,0.0138756381785701,0.001077759019308,0.0005741272987068,13.3546802221997,44.5900248401794,15.0
3.03125,30.0096141932608,1.53150018773311,1187.23690968085,69.4543073221463,2493.74332772117,128.334490472532,411.178977138372,1.93275443055122,12.2807060463975,2.85759325303962,0.63002049104752,4.89273403801402,4.05122206717948,0.0452636788604127,0.003238142286128,0.0017732815836509,13.4863316816824,44.7051084077647,15.0,3250.98984055712,113565.0,240,30.0088202014991,1.33803891012641,1183.51450701134,60.0554998736402,2487.32505648777,128.255131267861,410.712289554252,3.00686552613876,14.4983256366402,1.1627684557358,0.590439373526156,4.36253144740931,3.76445092546791,0.0138730898302526,0.0010908623407103,0.0005845662835657,13.3624197497877,44.6786682799515,15.0
3.041666666,30.0021513273913,1.53938648390146,1190.31953294533,70.0509684830065,2500.76999379904,128.650760421948,412.177043369651,1.89225603482248,12.1160803910454,2.93755248409213,0.633327713817434,4.92519023702116,4.07256257362037,0.0475254383943768,0.0033872873701672,0.0018585263084138,13.4763148221131,44.8156667201466,15.0,3260.08797430435,106830.0,240,30.0069348350061,1.35176155669343,1186.78052576567,60.8900573186124,2494.88087853972,128.58566615013,411.768809221368,2.91511156740893,14.2473209549397,1.22548420975346,0.593406220000993,4.40759126650013,3.79384320078524,0.0147495195330186,0.0011519498409724,0.0006186287723623,13.3638258256779,44.7942070620534,15.0
3.052083333,29.9970780986137,1.53782454119892,1190.79225859276,69.9751359310105,2502.03521821353,128.681372278949,412.217109925956,1.87737890926317,12.1126541105303,3.00103051313043,0.634373891131642,4.92412744814929,4.07725821994771,0.0490952582151083,0.0034867882300045,0.001912771460692,13.467144085476,44.826588183052,15.0,3261.39576234395,112980.0,240,30.0022802115191,1.35716935250362,1189.10768962101,61.2704848961366,2500.32496327093,128.82090977559,412.486782933964,2.86552370951929,14.128511611709,1.26725319879264,0.594981333330765,4.42994323056216,3.80924650214627,0.0153396404527654,0.0011952032651034,0.0006426598206117,13.3611339889592,44.8765605610418,15.0
3.0625,29.9952389475337,1.53839000965644,1189.03272836846,69.9044135652782,2498.43424900146,128.456911222886,411.431518232821,1.85028614491643,12.1094575825872,3.15660657087552,0.636439810834227,4.92315122052989,4.08316829212511,0.0527453410833267,0.0037131108309289,0.0020353745650846,13.464448947252,44.7484154253048,15.0,3256.50617686216,112260.0,240,29.9985183958602,1.36113230852135,1189.57174808757,61.4655099775205,2501.61246564847,128.847966419864,412.509226231621,2.79380016874567,14.0787038737751,1.34868285472396,0.596401086114232,4.44329664260735,3.8186211121655,0.0164572913553668,0.0012752537577559,0.0006861546742838,13.3608425527588,44.8862595983118,15.0
3.072916666,29.9962225636642,1.50995761124846,1187.13207869891,68.4730464381146,2495.01972612491,128.279820422908,410.717996167507,1.91429375492028,12.4653961626021,3.00889376517306,0.631433459052012,4.84530640325166,4.03838499790215,0.0476010079239204,0.0033630129627728,0.0018329426508017,13.4349859967681,44.6868850929754,15.0,3250.73216470899,74235.0,240,29.9968998280674,1.33727696749543,1188.73152543209,60.2758640716113,2500.34482745336,128.779377176167,412.188189136747,2.9151368934695,14.3610383532018,1.20293633163495,0.591264934392619,4.37775979544287,3.78433501879158,0.0144297420466282,0.0011108018839994,0.0005919026137321,13.3494672968127,44.8626099213494,15.0
3.083333333,30.0024199371114,1.46395353463107,1186.2426476097,66.1128207223215,2494.16537602553,128.265999913863,410.511328723847,2.05473463812374,13.0033388307968,2.64331249481067,0.618195111754932,4.71307947905353,3.96482852115272,0.0387885845997093,0.0027857715995502,0.0015100093901731,13.4265695827113,44.6822273152952,15.0,3247.48530023292,75165.0,240,29.9979150158386,1.29108977090316,1187.76909904795,58.071757707314,2499.02027627291,128.727419449589,411.949054441582,3.26518729192111,14.8100761767454,0.930968866363531,0.579728308884849,4.25322213244069,3.7272678979474,0.010868070148219,0.0008562336297006,0.0004531142995456,13.3414924900639,44.8446922200815,15.0
3.09375,30.01084564912,1.4305449966066,1186.88056463061,64.5025723386539,2496.61209209235,128.409521980124,410.89070489989,2.14790902751584,13.2841165290142,2.44768891215295,0.607252422317898,4.61937002281338,3.9205841582059,0.0346370747303459,0.0025216691088229,0.001365486958338,13.4387865851958,44.7321784243275,15.0,3249.02072577447,75275.0,240,30.0020057391216,1.25351108666324,1187.17498352129,56.2819616202301,2498.43662885204,128.703940854023,411.850714218825,3.53060976046763,15.1079026468744,0.788847922433941,0.569191037228026,4.15035353730744,3.68816755398802,0.0090741422451645,0.0007304605475645,0.000385298234092,13.3424583324916,44.8364974274909,15.0
3.104166666,30.0166086173173,1.40279776113346,1189.44593898055,63.2934115729203,2503.2787994742,128.769111609562,412.009892920971,2.21446833529366,13.4372995520272,2.30738374659845,0.598320529491344,4.54671058979577,3.88987028360747,0.0318810086382227,0.0023470506216972,0.0012710260548496,13.4432894621034,44.857351271815,15.0,3256.24087937252,72480.0,240,30.0073958274799,1.22267116733183,1187.59517760293,54.8448004425363,2500.07518988891,128.795161788945,412.150982704409,3.71589459404639,15.3015839764453,0.703116315950315,0.5598812289592,4.06585565361585,3.65949123975605,0.0080204919687976,0.0006553169137693,0.0003446814683345,13.3431389781338,44.8681664081558,15.0
3.114583333,30.0190519846332,1.37339281275998,1193.37753078407,62.0699195172182,2512.87899557587,129.288353196756,413.663824888888,2.28938171731918,13.5722600520066,2.14614787743115,0.589269541406684,4.47445703878345,3.86093061286449,0.028928656780421,0.0021559098572591,0.0011675166016797,13.4410486797248,45.038163856775,15.0,3267.23759086468,70280.0,240,30.0119985916729,1.19444428849346,1189.26655573706,53.5871026518453,2504.45947129441,129.032522899969,412.944878854775,3.88065926263953,15.4364670424911,0.629084772111479,0.551057582195492,3.99116388602969,3.63598572351114,0.0071338513767905,0.0005899846637243,0.000309327424717,13.3422106435395,44.950730373522,15.0
3.125,30.0195633998013,1.33521156414505,1197.6709205962,60.4419926815153,2523.18212545339,129.862888659971,415.500385339886,2.42113389681439,13.7938327651751,1.88937955324083,0.578849759518921,4.38137109763449,3.82193806828745,0.0245184652092811,0.0018543684414425,0.0010019311120638,13.427974157884,45.2383443476566,15.0,3278.92249280896,61725.0,240,30.0149840748575,1.16229119702499,1191.85053468087,52.1877931758192,2510.80661433197,129.379942866699,414.124350001842,4.10485085869291,15.5718760817509,0.527712440439329,0.541297029079144,3.90904653293505,3.61190386302624,0.005953495272612,0.0004974897977117,0.0002590740877709,13.3386883129552,45.0717068618011,15.0
3.135416666,30.0198332654096,1.29178578515622,1201.81860769394,58.5631216140871,2533.00069157999,130.425182269694,417.328019376921,2.61632246226205,14.0385549626335,1.60148895341928,0.566947027789131,4.27542744786292,3.78166528481183,0.020004087687324,0.0015472727570474,0.0008344633969893,13.4199790073476,45.434325590429,15.0,3289.92746109379,61720.0,240,30.0167844677199,1.12709063960444,1194.93655028487,50.6649516469686,2518.14337295775,129.783954403464,415.530459628673,4.37869870925308,15.6868744095789,0.430290106330708,0.530608379129553,3.8207410721389,3.5912696359641,0.0048345550955309,0.0004092103604503,0.0002114089204193,13.3357786532739,45.2124941162426,15.0
3.145833333,30.0202461536258,1.24753500444779,1205.58285515454,56.6341958310238,2541.7854174674,130.941318971986,419.053911585229,2.84831967857743,14.2498192590374,1.32869922984584,0.555073978121958,4.16699002835613,3.74740834859899,0.0160485026699816,0.0012691622639273,0.0006823806285267,13.4117998454925,45.6143066665489,15.0,3299.70900425754,56370.0,240,30.0179905605412,1.09159338205226,1198.23999626704,49.1229952226922,2525.79600950113,130.21032069687,417.049777206293,4.64498290953557,15.7690223596479,0.348722363987677,0.519660710159576,3.73197709783413,3.57590137206538,0.0039111166978968,0.0003335513947875,0.0001705627198073,13.3336212371289,45.3611426292994,15.0
3.15625,30.0207901984768,1.20242300332987,1208.69826418649,54.6430482275301,2548.98491818338,131.380394801817,420.585052530145,3.13993669007559,14.4273100401549,1.07033158221944,0.54305617381843,4.05481096829311,3.71932010081018,0.0125693452026339,0.0010208506737226,0.0005467693461658,13.4042851912557,45.7675370540569,15.0,3307.54441123757,54905.0,240,30.0188831865375,1.05551089233995,1201.43300170193,47.5375932677507,2533.02894999332,130.621442095111,418.566788781471,4.91584366484378,15.8246803227338,0.280885939658055,0.508430192265488,3.6409324505983,3.56541130420047,0.0031500676750071,0.0002689877541942,0.0001357420152659,13.3314920061285,45.5045798758723,15.0
3.166666666,30.0214139882413,1.15934926523183,1211.16279698027,52.7167849472868,2554.58949892813,131.737061815417,421.913130800732,3.45547887746995,14.531928758439,0.855361695090441,0.531358143497805,3.94587270057049,3.70241356906843,0.0098389092152458,0.0008199613177461,0.0004369858606744,13.3982700165623,45.8921566847984,15.0,3313.50857261748,52240.0,240,30.0196491119296,1.02100138711525,1204.38499494635,46.0048913885794,2539.55440920141,131.002112902251,420.026728840777,5.15528085295446,15.8429192645836,0.230636553994883,0.497447638602033,3.55286240388942,3.56096291337737,0.002589698630602,0.0002195800723084,0.0001090975973846,13.329980450304,45.6374859146699,15.0
3.177083333,30.0219938865222,1.11786458814824,1212.98089307712,50.8325318737911,2558.62130590574,132.012309510692,423.038378137912,3.79395379753148,14.5768039966838,0.675905751253898,0.519973854738097,3.83883366646814,3.69499963745725,0.0076611222715409,0.0006544651794777,0.0003465353030381,13.3918979051491,45.988508384165,15.0,3317.60544516706,50000.0,240,30.0203332130799,0.98786453166013,1206.95063937971,44.5140176298815,2545.06005460351,131.336091847647,421.377584420392,5.37108760225795,15.8305074114003,0.192280096038805,0.486730109717079,3.46693949566741,3.56176460825168,0.0021635004442793,0.0001802899273762,8.78963703079063e-05,13.3284969843225,45.7542051324915,15.0
3.1875,30.0224754909608,1.08397094726427,1214.33172831952,49.2637418149935,2561.43378456335,132.22045906721,424.00941653435,4.04279331709319,14.486174482754,0.581906976760536,0.509740750478804,3.74952675822732,3.70651645629966,0.0065424289432941,0.0005730876883683,0.0003026668301412,13.3957058650474,46.0615386824014,15.0,3320.49050173637,55950.0,240,30.0209917570457,0.960340791458342,1209.254246048,43.2719461570316,2549.84088331944,131.638160321635,422.646154380163,5.50852096238268,15.7518310165529,0.174503502687679,0.477454718669545,3.39530150339009,3.57139785265571,0.0019633760756716,0.0001617479510705,7.78387593657775e-05,13.328946115667,45.859830539862,15.0
3.197916666,30.0223605885855,1.05464497798371,1215.17398101765,47.8841370035923,2562.98205194197,132.367726784468,424.813298815854,4.22929742447127,14.3452425636819,0.508618880230136,0.500951065611646,3.67054949030767,3.72589384630485,0.0056904586053287,0.0005057386847742,0.0002661260059593,13.3928612926665,46.1133554266414,15.0,3322.00091324263,52060.0,240,30.0215038463668,0.936862189262947,1211.17300217061,42.2046029800336,2553.64607167322,131.896467479141,423.79252054787,5.60393135645852,15.6266018479015,0.161653428093091,0.469432999249232,3.33362273633357,3.58752471306253,0.0018192713586546,0.0001484273361578,7.06293322025256e-05,13.3289908027556,45.9502243644082,15.0
3.208333333,30.0216674807132,1.02663881913043,1215.45250203531,46.5457565714889,2563.17705153819,132.449162784961,425.431772890443,4.42938955475499,14.1970285705115,0.444700225559534,0.492547693091693,3.59331133257889,3.74828380667571,0.0049562089800356,0.0004491282960017,0.0002357909534285,13.3889464768013,46.1422481330878,15.0,3321.89887046512,54615.0,240,30.0216807187061,0.915130796122231,1212.60370507354,41.2036853703102,2556.26000409992,132.098843780519,424.78436546383,5.69920490165681,15.4780619209358,0.150172250797202,0.462023463265993,3.27544064168071,3.60786397344726,0.0016905493010023,0.0001358916227342,6.38555152988999e-05,13.3282838273599,46.0211637427739,15.0
3.21875,30.0205567571314,1.00286439438303,1215.14373346161,45.3787680459262,2561.96129532736,132.461624578,425.847704747057,4.5621540365285,14.0159148480457,0.409161025956782,0.485050694493458,3.52538413534158,3.77685716500786,0.0045476646691837,0.0004198534368159,0.000220460545567,13.387715818504,46.1470812321744,15.0,3320.2051555441,,240,30.0214787191718,0.896916293060821,1213.56158466446,40.3524614310483,2557.74209914731,132.248137455752,425.617825052888,5.7619395932855,15.2925495695824,0.144217024124519,0.455682521417064,3.2256902221987,3.63394212049804,0.0016223280936616,0.0001297634569137,6.05405357651143e-05,13.3283207817186,46.0736039842638,15.0
3.229166666,30.0190364937999,0.982530913147494,1214.29640945942,44.3517072643173,2559.46173296609,132.413658593966,426.07576816891,4.64714151467829,13.8323236721163,0.390976524022649,0.478444736958955,3.46490110495866,3.80766449295158,0.0043359933259758,0.0004076670559057,0.0002144312286872,13.38601386377,46.1308202828605,15.0,3317.04757255167,58230.0,240,30.0208634093567,0.881517232190878,1213.9806460093,39.6165283369258,2557.96111775695,132.337869024833,426.268533920857,5.8030416401505,15.085561252655,0.141391235301421,0.450250939020792,3.18230365673756,3.66407996412444,0.0015884660214103,0.000127300347005,5.91967472269828e-05,13.3283719259587,46.1052755160524,15.0
3.239583333,30.0172147147182,0.963974174957984,1213.03995883253,43.398460799421,2555.98163705559,132.322408949332,426.16068716295,4.71750474730166,13.6834965222341,0.375085570661175,0.472486783533519,3.40805271563973,3.83574278364289,0.004152253383915,0.0003957604440617,0.0002081679349563,13.3811234109981,46.0994416738733,15.0,3312.75194585527,,240,30.0198484089115,0.867674439509237,1213.86033265595,38.9375230816199,2556.92029981234,132.368542567099,426.736494236155,5.83832981169745,14.8832305024217,0.138792931464255,0.44536948276769,3.14177445286363,3.69525073552289,0.0015575742439462,0.0001250338035123,5.79380273971776e-05,13.3278380370466,46.1163520876005,15.0
3.25,30.0153857222331,0.947529871934346,1211.46924122131,42.5343578314436,2551.73443302103,132.197637862231,426.133048793565,4.77042937858294,13.5649542830849,0.367786600678713,0.466997829582337,3.3559105762765,3.86139623927572,0.0040640366298052,0.000393774887652,0.0002074999859068,13.377635293637,46.0563589191993,15.0,3307.59380823659,60045.0,240,30.018512202435,0.855324995146449,1213.25437344884,38.3145097899528,2554.74700645994,132.346730463928,427.037384859051,5.86715689551355,14.6961313583242,0.137558982238745,0.440968054431517,3.10406536067667,3.72609425624909,0.0015415166084786,0.0001243387437604,5.75247020593855e-05,13.327331005821,46.1091207482126,15.0
3.260416666,30.0136088893339,0.934686990126019,1209.68827453272,41.8312669536976,2546.94941428752,132.050772822564,426.024970852241,4.77541709079993,13.4613591160284,0.373560825130056,0.462433207489271,3.31280415962216,3.88622792964345,0.0041212236837212,0.0004049009461853,0.0002139335791172,13.375450699324,46.0055446402292,15.0,3301.91268306673,62195.0,240,30.0169587142587,0.84543819754728,1212.21316883296,37.7942530379056,2551.5689786407,132.279254811648,427.183262205496,5.87523622912551,14.5213030607262,0.13912422089733,0.437337198373052,3.07203268628748,3.75674739134663,0.0015559863923465,0.0001273127624201,5.90794138840377e-05,13.3272562277584,46.0859446136019,15.0
3.270833333,30.0119864257304,0.921043857651701,1207.9604129179,41.1095049575196,2542.22117103112,131.913076799064,425.936275000438,4.83382896793391,13.4246055689839,0.356768981523092,0.458165017867935,3.26833457088112,3.90292821935521,0.0039321412523855,0.0003874761241321,0.0002038338134445,13.3674617030257,45.9579131308995,15.0,3296.32376537771,56615.0,240,30.0153816289143,0.835088273762499,1210.9285791839,37.2478262413966,2547.78317222499,132.185705860047,427.248231408192,5.90591868450645,14.3970781149582,0.135990057297739,0.433667005267078,3.03805762541123,3.78230477694323,0.0015203741459459,0.0001239961776189,5.7194217508126e-05,13.3259306893879,46.0536796152464,15.0
3.28125,30.0110265263288,0.906600506611019,1206.38265438987,40.3617639273247,2537.75123947897,131.79105824546,425.90327429189,4.93816415154874,13.4252310997023,0.333380081136838,0.453579660709747,3.222420571741,3.91489237715418,0.0036703080481675,0.0003659139349976,0.0001920375318737,13.3621953856112,45.9157529902169,15.0,3291.0793074928,56850.0,240,30.013956951025,0.823897240577706,1209.55895310451,36.6622813456239,2543.73065090263,132.081955135877,427.288348133009,5.95880325392013,14.3206755640372,0.130822706973383,0.429725020704307,3.0014971821579,3.80278114000435,0.0014626657429575,0.0001177020424175,5.37493871829399e-05,13.3246065620141,46.0178724918338,15.0
3.291666666,30.0107537774739,0.89603996153484,1204.94364862172,39.7922412505057,2533.49818277378,131.681405484473,425.914824332275,4.97118655260124,13.3986333316025,0.332395092012538,0.44974146318392,3.18722260038866,3.93008009745085,0.003654255472312,0.0003701610902286,0.0001947852646955,13.3625901059403,45.8778705921505,15.0,3286.28112979118,59885.0,240,30.0128155519529,0.814964625253373,1208.10459982453,36.179731554899,2539.44263427171,131.969673469097,427.294209754183,5.98336760689251,14.2525649474271,0.130270934348373,0.426418491818442,2.97100774321641,3.82265218799458,0.0014546392585781,0.0001177498694727,5.3744599306875e-05,13.3245980533431,45.9790706236177,15.0
3.302083333,30.0105867437428,0.889413260207679,1203.71633262984,39.4106900604224,2529.63789266714,131.594375446951,425.996434525698,4.95171304219007,13.3505584522066,0.341917663358525,0.447126707719474,3.16318085026523,3.94744903968548,0.0037550091687226,0.0003840561792446,0.0002026072218223,13.3629498719773,45.8478269263219,15.0,3282.15266419228,61490.0,240,30.0120099681487,0.808733225034153,1206.65302520652,35.8235173376896,2535.11840901407,131.859079251938,427.295518451995,5.98279351911275,14.1846000727748,0.132351168458632,0.424008358388649,2.94809738490123,3.8425159338619,0.0014754123685709,0.000121396176413,5.56575783379648e-05,13.3249199254497,45.9408192150063,15.0
3.3125,30.010139358158,0.882297171591773,1202.67510039467,39.0252832153307,2526.14995112147,131.529340863568,426.146286907726,4.98236314114746,13.3316116190325,0.331983839573275,0.44488298942217,3.13882862568732,3.96053389073132,0.0036448717868114,0.000372646213875,0.0001958696538953,13.3586203540931,45.8254378928663,15.0,3278.51355029672,57095.0,240,30.0113989798747,0.802663815467484,1205.3543070744,35.4821890263582,2531.06888283349,131.764758182271,427.353198222146,5.99985421904213,14.1373814679471,0.130587849772087,0.421787592319467,2.92609109712057,3.85959048737234,0.0014554457242292,0.0001195357421202,5.45760378896348e-05,13.3242519672253,45.9082280393219,15.0
3.322916666,30.0097972520827,0.874615671990253,1201.66282129488,38.6170713284693,2522.69778349622,131.46622904538,426.309031431921,5.04514482479231,13.3253080717536,0.31868274522048,0.442393695206184,3.11317837770193,3.97172501368874,0.0034970913457908,0.000360736760588,0.0001894679684009,13.3562094050321,45.8037348176483,15.0,3274.91750356089,58120.0,240,30.010866650657,0.796400395099128,1204.18692952142,35.1377347962511,2527.25674019229,131.683479891671,427.460206995152,6.03159210853706,14.1067332471717,0.127578710746729,0.419530039118403,2.90390557156035,3.87442348617584,0.0014219538965749,0.0001157839475724,5.25374894375582e-05,13.3235887716333,45.8801878325458,15.0
3.333333333,30.0096923254242,0.86865962052008,1200.63945245758,38.2853160909174,2519.18784862691,131.400448704577,426.466412727449,5.0716043629529,13.3055073262152,0.315316450562665,0.440281484318231,3.09215001978543,3.98424482679321,0.0034577257146603,0.0003595526298278,0.0001889206720001,13.3559277736247,45.7810889371438,15.0,3271.32042565844,58280.0,240,30.0104510364025,0.791301845200286,1203.06222706114,34.8485123000939,2523.51156864845,131.60659464803,427.580611211903,6.04937603688403,14.07574011574,0.12663213269744,0.417622991878991,2.88508548559047,3.88904223629635,0.001410670213404,0.0001150326550329,5.21143846522035e-05,13.3235052764862,45.8536692285603,15.0
3.34375,30.009649421833,0.863233069552391,1199.69031007041,37.9824676509922,2515.81084466274,131.343119647124,426.651080118612,5.09807109347775,13.2910899498357,0.3103540607216,0.438466188351784,3.07288154572294,3.99550395828695,0.0034016715817314,0.0003547587682934,0.0001860840176244,13.3547872692842,45.7613666112579,15.0,3267.92939157085,57045.0,240,30.0101668873709,0.786641727399978,1201.99592363411,34.5819213512234,2519.86349449449,131.535604728458,427.722408246428,6.06611293147572,14.050331243836,0.125411213788349,0.415895445808717,2.86767643806152,3.90259835165464,0.0013966432843791,0.0001137177759337,5.13609693675705e-05,13.3233024574705,45.8291972375179,15.0
3.354166666,30.0095779928046,0.861148278801428,1198.77367220582,37.8241086519781,2512.47772817595,131.288628160182,426.842210803978,5.06178788622771,13.2495390246772,0.32672971611661,0.437310894441626,3.0622461546993,4.0097568517854,0.0035771411593612,0.00037763726669,0.0001991651329582,13.3573587533219,45.7426006579375,15.0,3264.71171149189,63520.0,240,30.0099640488591,0.784237971369249,1200.94227276154,34.4189354041397,2516.2406607939,131.467365519561,427.863280690469,6.05748615751224,14.0122034462124,0.128341112013757,0.414881224401926,2.85657116530648,3.91723348419154,0.0014270656865353,0.0001182997001244,5.38143218905982e-05,13.3238096568536,45.8056516595644,15.0
3.364583333,30.0089844350973,0.860900733317609,1197.83698517031,37.7526980760945,2509.10057643277,131.23502058017,427.021613991038,5.00058726505573,13.2161967921221,0.34268848071361,0.437034369264811,3.05656127602102,4.02247313136333,0.0037501398829185,0.0003936835803665,0.0002074314112761,13.3565620071034,45.7240956582172,15.0,3261.50324243145,61115.0,240,30.0097129217865,0.78353794287311,1199.91294070771,34.3350587334134,2512.6717608487,131.403837545752,428.008621652758,6.0344154583909,13.9707760412414,0.131871846635614,0.41449908948274,2.8502584206522,3.93166845234722,0.0014645052526019,0.0001236213940216,5.65763314612241e-05,13.3240389622492,45.7837089740377,15.0
3.375,30.0080852613179,0.858908043720926,1196.77456629591,37.6042908072209,2505.47142589088,131.170606895028,427.156795099265,5.00047489990797,13.2274141441992,0.343285007840209,0.436483877867286,3.04606464487075,4.02936782419077,0.0037557104637216,0.0003926312209922,0.0002063003851995,13.3537467100933,45.7018181227081,15.0,3257.90962733326,60380.0,240,30.009253260269,0.78206319830857,1198.91932680286,34.2185472325357,2509.16715861944,131.344674193939,428.168962502985,6.03590460016393,13.9517379179549,0.131794245459857,0.413961248814215,2.84190517928794,3.94294335787847,0.0014633307822324,0.0001234205467527,5.63789984090231e-05,13.3234865955963,45.7632795315244,15.0
3.385416666,30.0071280843836,0.863510207468039,1195.28411879718,37.713673831653,2500.94469862917,131.057708264126,427.122210021832,4.85200347839958,13.1854838698665,0.401635471600113,0.437160775834092,3.05053807668322,4.04310486222935,0.0043891389477036,0.0004631229493639,0.0002458661575519,13.3596056433202,45.6626041724064,15.0,3253.33876028727,75200.0,240,30.0085709596265,0.784866505366041,1197.7141076995,34.2882931352416,2505.26584956828,131.267148330965,428.238534603053,5.97514865869476,13.9109641965078,0.143548917496723,0.414696503527658,2.84466000280767,3.95637702532463,0.0015883740622202,0.0001397293970008,6.51076646116263e-05,13.3247915564002,45.7363868596296,15.0
3.395833333,30.0026617535763,0.890876505389206,1192.70716791248,38.7079492817432,2494.2092907335,130.821163983502,426.637827921233,4.23372830752044,12.9750986657822,0.671757916330757,0.444720597883143,3.10518716635341,4.07936576734527,0.0073912528530018,0.0007579171818491,0.0004092499576727,13.3735806198987,45.5801679401842,15.0,3246.49767582949,111010.0,240,30.0068179534534,0.80359388042913,1195.74999813027,35.0425262756934,2499.94051056982,131.12173301276,427.983290470732,5.64592953296271,13.7734282288358,0.210932838170429,0.420461425561398,2.88785652019343,3.98067884071743,0.0023083955093124,0.000225656346408,0.000111047953146,13.3304048756561,45.6856104292959,15.0
3.40625,29.9885363903487,0.927960084374171,1186.82007186829,39.9972987268945,2480.79116260796,130.229093869166,424.86816461846,3.48240821435852,12.8816517958824,1.13982164272962,0.460941684666334,3.17312859042402,4.10392166848727,0.0128817226380603,0.0011946304791632,0.0006421269245001,13.3594036722276,45.3736735765918,15.0,3231.05959895052,114740.0,240,29.99986762045,0.834137420374333,1192.2172539616,36.2615365662443,2491.52617789823,130.823131521481,427.103642074969,5.07513967027069,13.6902652108111,0.353335889638703,0.431410948123318,2.9563908538707,3.99791861077517,0.0038419437017997,0.0003782917374303,0.0001911492737864,13.3304781659147,45.5811932047662,15.0
3.416666666,29.9773473966841,0.959681958158738,1176.06687148253,40.8856986198738,2457.3635038764,129.107958875703,421.240116491401,2.96071061858461,13.0257406959505,1.72497451680729,0.476336008666828,3.21730890520761,4.10077333800476,0.020368533754577,0.0017443418258176,0.0009322834208897,13.3475394193719,44.9825523815982,15.0,3202.23502629563,119750.0,240,29.9887350089433,0.862796434444724,1185.42059547414,37.2739426852703,2476.44600463944,130.181524453034,424.979357941949,4.51779148574642,13.86259327863,0.556417225810801,0.442555452423515,3.0105770520386,3.98455026247239,0.0060537765566504,0.000570453636589,0.0002911676338509,13.3268541761535,45.3570543933109,15.0
3.427083333,29.9745138806721,1.00031628027811,1164.7807806202,42.1077905780074,2432.92218759207,127.904932158825,417.283485012039,2.53072816944611,13.1116886512552,2.57485841822009,0.49581161102279,3.28330163523386,4.10350749357667,0.0329729196901487,0.0026218600709845,0.0013968924427406,13.358108805711,44.5623778776829,15.0,3172.17116537912,131570.0,240,29.9802820091241,0.894775998204437,1175.27930550695,38.2854472850091,2454.50869869413,129.175343560092,421.535499367737,3.89674299656774,14.194264091268,0.912983360580501,0.455057026344026,3.06419646110309,3.95195501624774,0.0100290973491178,0.0008947836640815,0.0004610690564812,13.32892470038,45.0055479155352,15.0
3.4375,29.9736745939695,1.05832361956811,1157.57738787641,44.2755850851971,2417.05133969482,127.102787337252,414.605728474126,2.17843677552609,12.9740709418985,3.74993080648314,0.524152102310037,3.40968132631107,4.12856307286664,0.0551094152341392,0.004037833146576,0.0021474559569649,13.3873820671771,44.2810129911137,15.0,3153.67038109419,142235.0,240,29.9762150984616,0.938944379743824,1165.34307014158,39.8020608111637,2433.1177599478,128.168093223866,418.001408443658,3.21995125030532,14.484095431443,1.54823954301942,0.47258988103671,3.14953226863909,3.92248169996151,0.0175978162182559,0.0014723501758994,0.0007665637295853,13.3381700629401,44.6531969315553,15.0
3.447916666,29.9716307356188,1.13139158853332,1152.70479499037,47.2975370294238,2405.8559314845,126.497495288883,412.524713164079,1.93118996896677,12.6341739038481,5.1373514310222,0.560558609211494,3.5927819106238,4.17223674524365,0.0900058158510957,0.0060713420301062,0.0032302631976328,13.4290777853076,44.0669743454532,15.0,3141.71058472703,153410.0,240,29.9736918697804,0.998196847636522,1158.01532811681,42.0823049602137,2417.18383771318,127.389816755817,415.192026054264,2.63785635695622,14.5566974420869,2.52704304484966,0.496582885452485,3.28468560292198,3.91621648983674,0.0311849570348897,0.0024377587426382,0.0012808336697675,13.3539450869244,44.3800193575288,15.0
3.458333333,29.9701743869133,1.20886513403466,1147.01111823478,50.7410419005227,2392.47678092288,125.747756317057,409.894711039464,1.78594122959829,12.2456773975128,6.48283058061606,0.597901871068185,3.80724493613952,4.21709814644757,0.132233982286136,0.0083285042047518,0.0044516199790883,13.469281349564,43.8014152662203,15.0,3127.25461776069,154630.0,240,29.9714465093598,1.06556095417787,1151.9778998833,44.8801171249061,2403.71530536156,126.682116025109,412.611860570112,2.25565412137702,14.4194760931249,3.70861303488693,0.524207796403471,3.45629758469404,3.93210785908441,0.052107786177406,0.0037999639910069,0.0020055082743877,13.3718208688191,44.1305302641116,15.0
3.46875,29.9730241534708,1.28737927840925,1140.99821753803,54.4022486055014,2377.92048911661,124.920989293792,406.950574524011,1.70403530406242,11.9142546079085,7.57210511297601,0.627943730844089,4.03769794281411,4.25277024610548,0.170789783075405,0.0102283341087131,0.0055045926870382,13.5005612386883,43.5084261542338,15.0,3111.52570892413,153600.0,240,29.9715222197422,1.13381153974595,1145.94087997966,47.8564209953988,2389.83591897703,125.914581832513,409.822208038083,2.04390488779516,14.2056324375865,4.8301534687183,0.550428447383331,3.64294533547974,3.95438661806713,0.0780858885085622,0.0053537098515691,0.0028324640784032,13.3874563386258,43.8591255761441,15.0
3.479166666,29.9779200636234,1.37200658398285,1136.72351277897,58.4912148424944,2366.53749714538,124.243057341386,404.472400356333,1.64442479558421,11.6198899546065,8.33695744201409,0.652594350031308,4.29272655944436,4.28345935163943,0.201282417972105,0.0116385550882995,0.0063167937833148,13.5207063339712,43.2670513890839,15.0,3100.30105039023,153685.0,240,29.9746238375403,1.20529596364538,1140.55452454606,51.0948044939242,2376.87851191729,125.164851729451,407.084979549223,1.91835625473785,13.9568727059986,5.76001498381382,0.575106339295676,3.846432342338,3.9792714285376,0.105683510739088,0.0068862224197958,0.0036584336411305,13.399904979914,43.5930240893013,15.0
3.489583333,29.9818115336582,1.46179282084927,1135.01990362408,62.9894454102109,2360.04862876089,123.805220602236,402.775007708407,1.59340969899647,11.3699730920629,8.71915467268007,0.674725281316235,4.57133460661978,4.3093848369086,0.221639908588888,0.0125444479543869,0.006871757079557,13.5289025582716,43.1092278355673,15.0,3095.81057545604,152700.0,240,29.9786190659554,1.28190105553796,1137.03819011032,54.6918452487462,2367.38778740927,124.570833538034,404.86209661166,1.83366570613569,13.7004895009411,6.39802523409263,0.599252493117181,4.07107451373405,4.00472011397254,0.130005264437999,0.0081566345397191,0.0043616798064506,13.4081482379671,43.3806578492916,15.0
3.5,29.9850052380869,1.54949623496602,1135.17707331857,67.5296305868435,2357.15224559528,123.543803154662,401.650720282956,1.55095135592629,11.1907793721168,8.78759912336982,0.694693103816136,4.85182303612401,4.32741919948263,0.231940701273518,0.0129872042247863,0.0071716518595215,13.5301028754318,43.0128200186827,15.0,3096.04971971775,148950.0,240,29.9821343037469,1.35951690827545,1135.62743764163,58.4364499789046,2361.93344563552,124.171803938751,403.280258402232,1.7734813159328,13.4940733058099,6.69256764277116,0.62225345383025,4.30429548111217,4.02452869832103,0.146009148425507,0.0089515289550011,0.0048211380194306,13.4122765527962,43.2361368486911,15.0
3.510416666,29.9895156218212,1.61552968701219,1136.44423627108,71.2367329663654,2356.96304861187,123.430486120933,400.990711900322,1.53032427423036,11.177302583715,8.58612204411407,0.706496635242014,5.07947460002085,4.32356498224784,0.232548452121003,0.0129898586417642,0.007204153469254,13.5226881686832,42.9680151740406,15.0,3099.02492328346,130565.0,240,29.9855892538189,1.42275153320932,1135.76494839238,61.5356178359918,2359.81400815036,123.957242948515,402.280508067103,1.7417036709365,13.4821231160249,6.61660960155,0.639175113839369,4.49760967820879,4.01973964003287,0.14877780263518,0.0090739754081201,0.004912212342197,13.4096155403045,43.1562381586321,15.0
3.520833333,29.9974018786826,1.66781630115316,1138.84033282193,74.164579828658,2360.02672282075,123.493262789777,400.910084121939,1.51547966889985,11.2508190979374,8.20360605815464,0.711155373561889,5.25091854979391,4.3065366227698,0.224978290428095,0.0126411013367347,0.0070278454420919,13.5249691417394,42.9849430927676,15.0,3105.31494410687,124915.0,240,29.9908903425,1.47032526735153,1136.99498660303,63.8531169155796,2360.45852000612,123.898632128636,401.779845085101,1.73054201836656,13.6263462617494,6.2850338829176,0.649707374436574,4.63979373775193,3.99438127628415,0.140612142447951,0.0086489047240173,0.0046958775102354,13.4071692794512,43.1312111780444,15.0
3.53125,30.0033353886311,1.71816713309287,1142.75903497746,77.0278456313871,2367.03149379125,123.752631599993,401.500920116904,1.49616806649595,11.2713687607776,7.76117116604945,0.716364590279849,5.40862199612437,4.29385942066377,0.214636291916966,0.0121798755460999,0.006788374434451,13.5323443384543,43.0708134392995,15.0,3116.35705466722,121745.0,240,29.9972442960562,1.51454203042512,1139.45965227333,66.0559117961321,2364.21592266594,123.991928093797,401.803030437765,1.72344376040734,13.7406971588026,5.87380841749177,0.658747586787526,4.7678943449108,3.97157572029056,0.129002418725325,0.0080391934334541,0.004374322614908,13.4075894617893,43.1595360397645,15.0
3.541666666,30.0053801336738,1.76258052807947,1147.76621991934,79.6396310902103,2376.79761535925,124.150427926497,402.560112046666,1.47802790958252,11.2652571187526,7.28186057769416,0.721740722429252,5.54933590384701,4.28345923975439,0.202407900778788,0.0116315725259703,0.0064955114570751,13.5372440640916,43.2054169773761,15.0,3130.5895674895,119895.0,240,30.0018474954586,1.55619375875264,1143.20833321961,68.2130116729479,2371.18217622864,124.240744142991,402.363610666476,1.71944588522815,13.79818753436,5.42393121296065,0.667022650037356,4.8884194223913,3.95461682445111,0.116040617643658,0.0073459843500046,0.0040042733390519,13.407630488602,43.2425015932711,15.0
3.552083333,30.0052065787121,1.79735055353457,1152.91037624721,81.7281547955954,2387.15761556443,124.577672580216,403.724075296685,1.46607759426088,11.2609639905506,6.79575062013696,0.726387924777409,5.6614964186127,4.27334120465607,0.188435995638221,0.0109877794174641,0.0061409310244798,13.5391935558182,43.3508882401756,15.0,3145.08658704324,118290.0,240,30.0039860553486,1.59226041070643,1147.77657981148,70.1471749743924,2380.25801241599,124.592107833399,403.280587556754,1.72240268930867,13.8190305177881,4.95698782664099,0.674081547060383,4.99489717329215,3.94183228926971,0.102352877522584,0.0065948040506798,0.0035988945436179,13.4064245932334,43.3617180684822,15.0
3.5625,30.0048284863547,1.81579216989494,1157.43193279939,82.9063031968066,2396.60632373504,124.963733307713,404.750569692691,1.46905972089115,11.3232264644838,6.28651682253406,0.728272551789791,5.72352789224642,4.2555483968243,0.171383857072752,0.0101697371092047,0.0056769615352665,13.5334227947634,43.4827326705073,15.0,3157.60619655161,110340.0,240,30.0045273006678,1.61498188007771,1152.3666776933,71.401767041939,2389.76585306927,124.972167985313,404.294713262266,1.7446402005473,13.8892225974677,4.44887221870653,0.678086530116169,5.06294125734553,3.92301060168128,0.0868418259826372,0.0057151942747225,0.0031179971755011,13.4012574789605,43.491618741245,15.0
3.572916666,30.0054532879104,1.83492643194877,1161.53204493361,83.9739430907347,2405.37649790428,125.305244411879,405.662617236666,1.46809342064828,11.3023710756009,5.87313948042682,0.729350754942307,5.77870899868347,4.24939387989512,0.156211904893839,0.009419868256205,0.0052521729272397,13.5432643211858,43.5997085050744,15.0,3169.08754206168,120635.0,240,30.0049639766994,1.63413535376709,1156.79571204085,72.5073096656602,2399.10968495996,125.334199743397,405.277931471419,1.77274670714363,13.8858992058714,4.01162037674563,0.681194912690734,5.12285602953252,3.91436568864502,0.0744022465963571,0.0049833593641881,0.0027176508478163,13.4009651450142,43.6156405663657,15.0
3.583333333,30.003236474479,1.8525976096927,1165.27752246331,85.0660186054043,2413.51260006545,125.602153181287,406.448881758721,1.46737684670202,11.2130913440671,5.55059136911386,0.732577651563998,5.83617811863676,4.2529745502704,0.145328759477962,0.0088709313858473,0.0049433963683068,13.5434571756672,43.7015018130474,15.0,3179.70650841542,116725.0,240,30.0046111205939,1.6535169309482,1160.9952410864,73.6730620083813,2408.11038010609,125.664983438591,406.189950234799,1.7953928108975,13.7780847575794,3.67849312731716,0.685000009229724,5.18610335145428,3.91989543423706,0.0656696166674893,0.0044556807604365,0.0024298754388578,13.400729585263,43.729118281716,15.0
3.59375,30.0013721734439,1.85682745155908,1168.06093751021,85.358764090643,2419.83028310583,125.810054705011,406.933438138484,1.48114196638119,11.2155522574004,5.208372875338,0.733063928928345,5.85198954089384,4.24627641235455,0.132229706462684,0.0081898067209199,0.0045550581170148,13.5357902572508,43.7728316443001,15.0,3187.32473189585,112975.0,240,30.0030501986396,1.66093219326655,1164.52513617316,74.2029528283588,2415.95470871819,125.943026275035,406.924804660555,1.83789357734208,13.7392846576371,3.33408234678494,0.686430238241337,5.21464499970486,3.9175101497999,0.0566864532598925,0.0039000316753557,0.0021248883902679,13.3953958950333,43.8247170544422,15.0
3.604166666,30.0018291008003,1.85121979073025,1170.06245987386,85.0540895252486,2424.78322036743,125.95232854668,407.208490356367,1.50590689743598,11.2661587934229,4.86715458192547,0.730498439909628,5.83382057930401,4.23395212451114,0.118089536653584,0.0074322611333403,0.0041219826900574,13.5288041145829,43.8218259721413,15.0,3192.66181098129,107900.0,240,30.0021363492115,1.65654413575405,1167.24509956578,74.1016210674697,2422.30383112156,126.151678948751,407.432140500134,1.90446835698869,13.7690746239256,2.98109731471308,0.685038686074835,5.20825415911419,3.90727483676113,0.047883000615212,0.0033412935846299,0.0018170074672881,13.3893338395173,43.8965615536986,15.0
3.614583333,30.0035577474036,1.84140933703042,1172.03261675685,84.5231451833639,2429.94748149126,126.108415009837,407.54492706433,1.53469181134379,11.3125036817909,4.54743000197875,0.72596371746768,5.8007195431112,4.22172939604425,0.104899341337195,0.0067071170044322,0.0037094831024597,13.5255485609408,43.8760165014674,15.0,3198.02445150534,106140.0,240,30.0025015345169,1.64482010394907,1169.46125440916,73.6366117737685,2427.78836836557,126.319876838199,407.819837748865,1.98994086709721,13.8169015433403,2.64735937030227,0.681688064878745,5.18046980046285,3.89511024813346,0.0402698034520866,0.0028489144587739,0.0015462351868477,13.3845795794684,43.9546114491282,15.0
3.625,30.0047966100516,1.83142504012753,1174.41198112869,84.0462216017633,2436.13041047105,126.31769636007,408.077171928752,1.56127351888536,11.3164457978812,4.270513613636,0.720866814194226,5.76904020262411,4.21463446934513,0.0942530159211109,0.0061110664996412,0.003373469618641,13.5241434866939,43.9489701979327,15.0,3204.69933876619,106085.0,240,30.0035499099097,1.63196683349158,1171.65184307565,73.1529143413693,2433.36562333501,126.491285050608,408.241980976931,2.0785454269939,13.8200528959328,2.36890219774055,0.677789409335603,5.15031639114041,3.88869872454058,0.0345028847879933,0.0024713011477712,0.0013396451084789,13.3818362975236,44.0139733385947,15.0
3.635416666,30.004821570069,1.81798638350563,1177.06193681736,83.4309750031474,2442.96109917902,126.567109087775,408.75118362345,1.59236202955596,11.331982385568,3.99604320508695,0.715267565276601,5.72966087667038,4.20665313203175,0.0842514441907442,0.0055419973641203,0.0030548246835897,13.5165823554719,44.0361747399694,15.0,3212.10635883803,103115.0,240,30.0042914243248,1.61716359228724,1174.02655912341,72.6029648624847,2439.46239833231,126.692157556309,408.778938948468,2.17319581915729,13.8038328045326,2.11957901610155,0.673350782567484,5.11566999650632,3.88487792691367,0.0297225717637983,0.0021524590802411,0.0011652731911822,13.378062904687,44.0838163815464,15.0
3.645833333,30.0045591479947,1.80192514964926,1179.67732847846,82.6645347658589,2449.70734818241,126.819513897171,409.447863039991,1.62743043577506,11.3596447628557,3.73702467919082,0.709188879540909,5.68238686244834,4.19838919570864,0.075201718333,0.0050156729661764,0.0027610541532994,13.5102186647135,44.1246726106716,15.0,3219.33094573093,104240.0,240,30.0045086995029,1.6004572422005,1176.54132691753,71.9811985140874,2445.90490290739,126.914795836173,409.405076377629,2.27627691653308,13.7752764634425,1.89689035572345,0.668479404530728,5.07700793757667,3.88334570167429,0.0257515250530316,0.0018855593994888,0.0010197673301331,13.3746509749909,44.1614445224161,15.0
3.65625,30.0040280473736,1.78251137573246,1182.06255865538,81.7400663016776,2455.96267160509,127.053667017665,410.095883722776,1.6667929816907,11.4049914144564,3.50374987059309,0.703147968733571,5.62659649063429,4.18902678792826,0.0673308816075013,0.00454895932993,0.0025011447091351,13.5010287917534,44.2069866654304,15.0,3225.84137547602,101160.0,240,30.0043746783069,1.58152322572114,1179.02884408265,71.2507066717367,2452.29821544675,127.140869856431,410.05815567376,2.38560381971816,13.7483897723353,1.69929732795491,0.663230398822836,5.03242601648532,3.88265163597115,0.0224239158158781,0.0016577466863193,0.0008952662140291,13.3709151062066,44.2404727840645,15.0
3.666666666,30.0039051880406,1.75858578237968,1184.13517127664,80.5728485846135,2461.60290724213,127.264338433584,410.673964952253,1.71296313822747,11.4839235941937,3.28661223917234,0.696381816036405,5.55753362012275,4.17597681789035,0.0602686094211072,0.0041217686075905,0.0022633044684984,13.4923621626232,44.2812157242591,15.0,3231.39783466011,99465.0,240,30.0041181687937,1.55830511959235,1181.32384026594,70.2998712745439,2458.30538569387,127.355928091295,410.68705816243,2.51121285275838,13.7506078175816,1.51538119016701,0.657093366444511,4.9756128434422,3.87922589947856,0.0194853237578741,0.0014553247680062,0.0007847050598144,13.3668158492585,44.3158254435197,15.0
3.677083333,30.0042946245188,1.73229657963221,1186.00557794931,79.293923256773,2466.87189301034,127.461363547601,411.219785552329,1.76126209536924,11.5659787315761,3.09711457583698,0.689177152411869,5.48204069659476,4.16263126310491,0.0544251265361051,0.003763713725601,0.0020644955888101,13.4861365494958,44.3507042658905,15.0,3236.40243568668,97435.0,240,30.0041070066978,1.53267176842522,1183.40195318692,69.2138423979407,2463.86646930973,127.555125472628,411.277329104757,2.64188943982917,13.765157727404,1.35823616127599,0.650296906587782,4.91120017500214,3.87493065867497,0.0170876220615039,0.0012892392882633,0.0006940621574073,13.36364639794,44.3857391412388,15.0
3.6875,30.0049269521427,1.70305214494747,1187.80783781189,77.8792018929864,2472.08553295068,127.661835829891,411.78683377326,1.81583002394451,11.6588540457889,2.91215970373049,0.68151556942432,5.3987640362426,4.14762085683803,0.0490331092168105,0.0034282276422544,0.0018783803315166,13.4798593012659,44.4214093904181,15.0,3241.23198873684,94095.0,240,30.0043815350499,1.50428551739658,1185.30524051556,67.9778938692519,2469.09906511781,127.745238281247,411.850070234369,2.78218763736731,13.7967836591952,1.21507943027172,0.642760086338598,4.8381787929203,3.86873196323894,0.014994042028325,0.0011423833242743,0.0006137422646043,13.3605114715721,44.4525431160982,15.0
3.697916666,30.0058305393852,1.67160821376932,1189.64612948803,76.3719353614608,2477.4599513114,127.876090133013,412.411564622287,1.87527569728958,11.7494427942514,2.73866716189136,0.673275892310556,5.31020617461073,4.13242744395198,0.0442914757472038,0.003129517317847,0.0017128487277378,13.4761014784288,44.4969007630278,15.0,3246.19692875941,92205.0,240,30.0049160349176,1.47394844438517,1187.12631191467,66.6391465229281,2474.20413046264,127.935286838776,412.43708547487,2.93149205670347,13.8331423807092,1.08697367545924,0.634595757414936,4.75920769821502,3.86195252101886,0.0131910965900951,0.0010156057565806,0.0005444996328769,13.3580381450918,44.5193510820825,15.0
3.708333333,30.0067296543499,1.63931961752208,1191.592701125,74.8502947868284,2483.11564810001,128.109908628006,413.115032634719,1.93398000963938,11.8242299622136,2.58993015754179,0.664475303161353,5.22077477051824,4.11882832232689,0.0404579532100191,0.0028866192194614,0.0015785916935307,13.4733529179506,44.5791512743591,15.0,3251.52205241169,90225.0,240,30.0056448338199,1.44329431900026,1188.95854853416,65.2784279169081,2479.36971610187,128.13390462732,413.066703342234,3.07571295070637,13.8591321635252,0.981629254642839,0.626064445635725,4.67889853264105,3.85630919256007,0.0117532713122967,0.0009141608889569,0.0004891275401453,13.356293918306,44.5891428663045,15.0
3.71875,30.0073968425018,1.60702161123992,1193.65131730078,73.3451041176082,2489.00024782755,128.362057392306,413.893407812649,1.99176581022436,11.8868002445113,2.45734431704021,0.655255494534851,5.13238305573593,4.10679981319402,0.0372517247835948,0.0026834118254317,0.0014667698221451,13.4703722254448,44.6677328508502,15.0,3257.1899004763,89320.0,240,30.0063918386941,1.41324352345256,1190.86084510282,63.9419337570831,2484.6996500822,128.346999420979,413.756173054191,3.20820889107592,13.871990398366,0.897510564610065,0.617363963932125,4.59996887601652,3.85211200153204,0.0106325556661253,0.0008350356312603,0.0004459760423027,13.3548606807613,44.6639591032045,15.0
3.729166666,30.0076900976233,1.57563139562578,1195.76634229314,71.8919720953984,2494.92131636709,128.623578620606,414.71953279734,2.05039654307056,11.9393527609864,2.32958802212504,0.645978758195159,5.0471257019766,4.09676667463902,0.0343626852304711,0.0024996498556844,0.0013660516090614,13.4661963352321,44.7595731392424,15.0,3263.01173648461,88875.0,240,30.006995497757,1.38471945862221,1192.85108547796,62.675897838367,2490.19037021288,128.574992814677,414.505768453183,3.32633494022517,13.8701134792925,0.829415262192893,0.608797680918817,4.52515690853602,3.84980873486183,0.0097440260149953,0.000771841146011,0.0004114864617278,13.3535468422154,44.7439507866947,15.0
3.739583333,30.0074354780001,1.54891831250442,1197.87233775917,70.6636080533056,2500.6500094502,128.878841438872,415.551675220201,2.09778330881093,11.9467151777918,2.23513991346256,0.6377025157836,4.97461615570692,4.09412727113004,0.0323629929884391,0.0023763896001025,0.0012995816212274,13.465426862337,44.8492581876008,15.0,3268.84929758201,93040.0,240,30.0073118464793,1.36090957162621,1194.93880505944,61.6343038928035,2495.79666962073,128.813501964592,415.301446403338,3.40880380891812,13.8290720697805,0.789552858723095,0.601220001057533,4.46325849016364,3.85299116663148,0.0092248396467649,0.0007366298133278,0.0003925039943832,13.3536135381572,44.8276083399067,15.0
3.75,30.0052990686872,1.53890852796442,1199.85134244088,70.2204982710597,2505.77620198826,129.091858493271,416.292753154713,2.07557158891638,11.7879499388447,2.29810895624562,0.63305984385804,4.94604318915497,4.11612425054885,0.0337664561806517,0.0024892144548486,0.0013658551751613,13.476542428428,44.9242101079434,15.0,3274.61764834209,109040.0,240,30.0068656963993,1.35265693700903,1197.18033559255,61.3286085030694,2501.52932204261,129.055152061189,416.111725668782,3.35402338224708,13.6641406724241,0.840956114294312,0.597176787309814,4.44325645528838,3.87308703661424,0.0098445981469107,0.0007905757809444,0.0004230690286081,13.3589497515474,44.9123610200593,15.0
3.760416666,29.9996223017382,1.53191951086461,1200.73903801405,69.9013236369662,2508.33272400007,129.175120993999,416.597540597869,2.0400139168415,11.6753568870576,2.38512547352762,0.631909868475009,4.92616704513167,4.13612058700642,0.035498889833405,0.0026066588995922,0.0014310717943189,13.4644324619939,44.9540585753039,15.0,3277.2748543637,104845.0,240,30.004212471596,1.35091066886979,1199.06172919761,61.3041269492544,2506.32497687638,129.254183106694,416.770390686926,3.24661370660721,13.5003724292283,0.907089999906675,0.595568430128189,4.43979276095814,3.89518249001795,0.0106740419194315,0.0008509376936869,0.0004557962345415,13.3589548557246,44.982364716078,15.0
3.770833333,29.9958982163769,1.51964123032489,1199.67353201803,69.1967886741316,2506.58824774168,129.048130554128,416.184037526403,2.03962497382209,11.7012821778027,2.42206500842637,0.629808146495322,4.88707728274094,4.1407569945286,0.0360842903166809,0.0026461451583069,0.0014514864850258,13.4523501823982,44.9107103276084,15.0,3274.20108513149,107795.0,240,30.0002508673479,1.34399616601192,1199.75649424672,60.9800698871535,2508.45589069452,129.325887607802,417.00163826604,3.20938369116982,13.4457819899829,0.936405531561844,0.593476152908254,4.42081910000025,3.90633008979802,0.0110364826587267,0.0008775330988095,0.0004698691084703,13.3554500786593,45.0081258214635,15.0
3.78125,29.9952556465183,1.50663680219879,1197.22262317308,68.4113594151023,2501.85443224786,128.772774230386,415.270806986998,2.0495461572932,11.7806588698419,2.4490123509911,0.627638295091016,4.84314781114536,4.13829126452075,0.0363029695793216,0.0026569243371741,0.001454790140208,13.4438044964202,44.8156452834853,15.0,3267.26073100269,102790.0,240,29.997486568315,1.33364199882345,1198.96292532043,60.4182715818135,2507.29669590875,129.235973683727,416.694905129601,3.20531857806698,13.4778241537726,0.946274298380451,0.590813805659831,4.38899433895304,3.90835666470864,0.0111420146135853,0.0008835687714731,0.000472211285313,13.3526267501214,44.9776129565942,15.0
3.791666666,29.9970684000147,1.48996418049004,1194.85398496034,67.4739820031143,2497.38546467192,128.521226252195,414.414582197821,2.0847301389334,11.932643438733,2.41588918957782,0.623691767728386,4.78971053579336,4.12381734787897,0.0352316717839811,0.0025798473411955,0.0014089032932189,13.4367443649383,44.7287792027405,15.0,3260.5335144661,96550.0,240,29.9967311554932,1.3171156930993,1197.27332295127,59.5311105392662,2504.22068028683,129.056872796215,416.092212532255,3.26930054686812,13.6019997345766,0.911256008736294,0.586603471691035,4.33824214625275,3.89843628516949,0.0106737607811153,0.0008474936790401,0.0004514380910823,13.3492331335331,44.9159938198798,15.0
3.802083333,30.0005062677965,1.46596406242376,1193.51733469716,66.2504331375291,2495.27439549987,128.406426286024,413.986620342877,2.15809393435026,12.1717381992595,2.28172763909666,0.617371727817681,4.71903468083675,4.09456979456645,0.0322198294418812,0.002370994664991,0.0012904714722389,13.4282533773328,44.6894612456576,15.0,3256.59350340684,85215.0,240,29.9978104321437,1.29264922226805,1195.61740289936,58.2857479317794,2501.2792465329,128.894972056478,415.551578929517,3.42070698307271,13.8059861491508,0.818239970603007,0.580186947359174,4.26624458546252,3.87675166376659,0.0094952964546777,0.0007579853514285,0.0004016188614337,13.3450140581492,44.8602891815715,15.0
3.8125,30.0050274806647,1.44418719981545,1193.45085561497,65.1814822448761,2495.92277400092,128.43562560769,414.052035550599,2.23429501342822,12.3524826763969,2.14562301514733,0.610438328563664,4.65573130511879,4.0701787917247,0.0295833134853254,0.0022001010031314,0.001196804732758,13.4328584080043,44.7001972390838,15.0,3256.3072276936,89390.0,240,30.0003824958458,1.2685510908787,1194.50565257074,57.0946645004421,2499.50877638109,128.794139319757,415.231086594023,3.5858434111965,13.9823371751244,0.73889318561889,0.573339519922299,4.19638150475398,3.85703826417159,0.0085053423520562,0.0006876958005062,0.000363485930731,13.3443309700425,44.8257642248196,15.0
3.822916666,30.0074769016759,1.44604246578543,1194.88015441145,65.302957156073,2499.61442398845,128.593626217373,414.610540979425,2.19793252268134,12.2179874702623,2.23147286008696,0.608829505560294,4.65771570768325,4.08568067154799,0.0313709447485676,0.0023421980451308,0.0012797959744104,13.4572261550989,44.7556845285282,15.0,3260.81804046098,106800.0,240,30.0038628207153,1.26487645124067,1194.31429706115,56.8978076929282,2499.61415563752,128.775865591113,415.18611758591,3.54588777233355,13.9603091745369,0.787542437412301,0.570998808366319,4.18209223742985,3.86075310649811,0.0090719630669262,0.0007397356606842,0.0003929982890624,13.3519102823684,44.8198707923345,15.0
3.833333333,30.0025931207112,1.46220688033006,1196.99240841411,66.1721615062095,2504.5983619469,128.798654163591,415.337806925414,2.08659249854481,11.9406375131724,2.46255137951713,0.613290883836461,4.7030861973879,4.12156978325762,0.0362130537498762,0.002675406793752,0.0014669077979423,13.4667647513302,44.8275091975281,15.0,3267.54517661532,113180.0,240,30.0046502463827,1.280069271435,1195.37057097879,57.6401665691314,2502.35559516764,128.881450817292,415.529684458518,3.33244740044846,13.7810363938899,0.926900811054779,0.57389453610201,4.22099314680314,3.88278997913779,0.0107904153811276,0.000873010274023,0.0004666463122082,13.3589527523945,44.8570686007186,15.0
3.84375,29.995342837245,1.47071394031878,1197.24179774411,66.5923339821599,2505.41540986881,128.796927911425,415.341730409894,2.01622598888078,11.8161084607149,2.64200386396541,0.61760091074439,4.72819893012874,4.14186731977015,0.040076423005116,0.0029269433960961,0.0016050416747797,13.4576586474176,44.8273460074697,15.0,3268.6616594429,112710.0,240,30.0008975865894,1.29447289541686,1196.54207012942,58.3543840697069,2505.31538256522,128.998974797907,415.887946925881,3.15254970792806,13.6442258911881,1.04846891196619,0.577614691990535,4.26061566906126,3.90048682298129,0.0123485400787575,0.000985533301685,0.0005278317376614,13.3585001388286,44.8984738361034,15.0
3.854166666,29.9918291667109,1.480235584346,1194.72320645857,66.8796883630201,2500.10238175127,128.480045805951,414.296896546656,1.95832527038429,11.7428529592694,2.85203285151297,0.622187852724058,4.74795808114182,4.15833710101397,0.0448126483438936,0.0032329786815036,0.0017723308625809,13.4575845385882,44.717343941895,15.0,3261.89967215052,121125.0,240,29.9961780616621,1.30741450570085,1196.20404905931,58.9228915375079,2504.88642925831,128.941367558174,415.655089487252,2.99976677909768,13.5602875946977,1.18397632351737,0.581447794691162,4.29460128324042,3.91441018136075,0.0141240262573024,0.0011164807038238,0.0005993553261565,13.3591932865003,44.8788928218666,15.0
3.864583333,29.9910130177508,1.4822414623959,1191.05894561395,66.8566652717443,2492.38681132016,128.04910186159,412.833703150721,1.9369719315919,11.8004670316627,2.98971723353321,0.625662843706994,4.75045221493204,4.15636441189644,0.0474276388620591,0.0033850950115157,0.0018507230915361,13.4478349164613,44.5675326364596,15.0,3251.81456989097,104535.0,240,29.9931819426467,1.31173269670911,1194.12017011849,59.0028677473495,2500.66617431013,128.699283039302,414.793561662461,2.920164718737,13.6160210710703,1.25593781779643,0.583608327657076,4.3016850078547,3.91151644995333,0.0150728590328387,0.0011752099365152,0.0006290170578339,13.3560111259614,44.7950188938368,15.0
3.875,29.995031618554,1.4699198837331,1188.22823141099,66.1504398457243,2486.75804073969,127.747849568911,411.744366939009,1.97512688953861,12.0406546489238,2.93570683881996,0.622337153480339,4.71306283425233,4.12640028769065,0.0454196767894798,0.0032397448346864,0.0017641332726828,13.4416047777998,44.4628235047712,15.0,3243.81881400682,94045.0,240,29.9930119371806,1.29890094922401,1191.56127483285,58.2718138712971,2495.55104406616,128.429526971794,413.825034400264,2.9981558386278,13.8585850235727,1.18680306101695,0.580888965897008,4.2621931946224,3.88318211945665,0.0141224823261473,0.0011003678945091,0.0005860424877119,13.3508052203668,44.7014093313491,15.0
3.885416666,30.0016654128439,1.46708374982499,1186.93627404509,65.9320551891572,2484.57992136815,127.613611278665,411.230768659525,1.98059343258928,12.1357270446405,2.96457536142805,0.619714156952097,4.69917573351924,4.11117621352091,0.0459617754038262,0.0032742570493008,0.0017817371083031,13.4585064133083,44.4160442903452,15.0,3240.5315061232,102880.0,240,29.9961400158777,1.28977869752309,1189.29523696836,57.7379446580384,2491.1013678881,128.18733809507,412.958393900748,3.05276639562233,14.040319417558,1.16759434379649,0.578306653442868,4.23217816979543,3.86076112964652,0.0138344701520523,0.0010866110882997,0.0005789475462696,13.3534481289406,44.617213131571,15.0
3.895833333,30.0031264881866,1.49906146222575,1187.68609438531,67.4968599333981,2486.64992493959,127.647987186183,411.344838562838,1.86305643953275,11.7987240043557,3.38173644839934,0.6275208554226,4.78279892845742,4.14941768474984,0.0571072902268503,0.0039844921790631,0.002176699102488,13.499602823397,44.4274395148076,15.0,3243.9398583916,128400.0,240,30.0004922861629,1.31176241483584,1188.06181656351,58.7000003991696,2488.82509691409,128.0213430573,412.351829707894,2.84860377563156,13.9023728851671,1.41829826082047,0.583257046162734,4.28494060285466,3.87639674317027,0.0172118959013145,0.0013490753406597,0.000725263962028,13.3688779768109,44.5592523777582,15.0
3.90625,29.9944907952658,1.52727885642976,1188.6139315489,69.1145635462375,2488.87463752199,127.68241182848,411.414023556696,1.76029335098789,11.5137256166235,3.81561820511622,0.639963479365025,4.8760560807603,4.18267909682988,0.0700004428587609,0.0047704818004223,0.0026132097350609,13.4976169357356,44.4384863531034,15.0,3247.60354076655,117220.0,240,29.9991694919299,1.34480085842272,1188.25128963031,60.2549904850403,2489.65326983359,128.001757133463,412.194812058813,2.57829142411921,13.6866643851618,1.74460031772864,0.592424594266673,4.37228576091108,3.89955110185119,0.0220197753904867,0.0016829155957644,0.0009076133114039,13.3740920367454,44.5520779042592,15.0
3.916666666,29.9911361629944,1.53513718031552,1187.19226832444,69.5252657349348,2485.94595425513,127.477717777096,410.633043683899,1.73285227845738,11.505681500506,4.00780885854771,0.644035708757527,4.9074537699429,4.18335830926775,0.0756291871494382,0.0050984446090966,0.002792188315551,13.4900628595458,44.366352358678,15.0,3243.85545160063,,240,29.9948065813911,1.36053502447038,1188.09386916736,60.9877366593134,2489.70315196676,127.956540061107,411.912893278708,2.45819141887238,13.6669459028694,1.92015913046301,0.597365034080043,4.41771788619397,3.89864539123172,0.0247987589033678,0.0018671121966375,0.0010065482068865,13.3709802121936,44.5358592407087,15.0
3.927083333,29.9933497600753,1.54608531519877,1184.51347338593,69.9740604969096,2480.3160541202,127.133187874887,409.398432321209,1.71427878511141,11.4861528429897,4.1644869382912,0.647216500511388,4.93804475675705,4.18575987414518,0.0803483941655489,0.0053670185635452,0.0029385954337104,13.4953014591093,44.2455685922052,15.0,3236.68558259351,117755.0,240,29.9932738934373,1.37196829400039,1186.63277179632,61.457708693046,2486.82959461042,127.760647453859,411.13319083753,2.38328803860506,13.6839402857378,2.06166615780432,0.600902950532063,4.44949398986637,3.89480885253748,0.0271104498766599,0.0020221783617958,0.0010901906135183,13.3725075343807,44.4670415124554,15.0
3.9375,29.9959001629311,1.55210306180526,1182.67660809299,70.2885920459546,2476.65344643206,126.897608015971,408.494922684158,1.71590714742304,11.5489901765605,4.19352364761016,0.648747177500698,4.95841023638571,4.17541369263279,0.080846052312148,0.0053894269202629,0.0029490872742296,13.4882359793439,44.1628553978306,15.0,3231.88052450172,104475.0,240,29.9941313986083,1.37657848626547,1184.73488340054,61.5880907387639,2483.07310827166,127.528123912645,410.22452519647,2.36526044219265,13.7870004737018,2.09129406906473,0.602529188470387,4.46018617179517,3.87964249370804,0.0275577038875092,0.0020417003546191,0.0010983281123227,13.3697703242154,44.3854965094347,15.0
3.947916666,29.9989844649079,1.57638534480162,1182.1798737229,71.4383056743333,2475.7378983336,126.781082780162,408.01660385001,1.68108612767335,11.4198519570168,4.35359560430933,0.652957266214147,5.02396567915744,4.18853240091599,0.0869852373277477,0.0057352641352047,0.0031421807471893,13.5137617024694,44.1213470586849,15.0,3231.20633356476,130220.0,240,29.9964409006066,1.39313175939904,1183.25746211964,62.3369498691863,2480.12570798575,127.314886685486,409.40433435711,2.31260803246786,13.7386519006688,2.22263743053474,0.606729996436664,4.50467466861962,3.88355122077307,0.0299242299598195,0.0022154015604195,0.0011961343811742,13.3777360962419,44.3104954891505,15.0
3.958333333,29.9946172730271,1.60915294644106,1182.4966573451,73.287141700066,2476.2368804267,126.716802391275,407.71405878309,1.62954978566472,11.1855111308778,4.61223840944764,0.664288868475251,5.13140397266129,4.21593821950387,0.0978878194443937,0.0063609308328702,0.0034981344395666,13.5157906306028,44.0976914484074,15.0,3232.91192407098,124150.0,240,29.996728458555,1.42580333592651,1182.70277372348,63.924561347048,2479.01151165752,127.169614108831,408.822149170857,2.18909327349351,13.5175043184009,2.48002105333495,0.615856947756083,4.59651907624116,3.9092004397474,0.034807850089253,0.0025401423433813,0.0013751446276832,13.3843384012816,44.2590287711235,15.0
3.96875,29.9918639371919,1.62525160688409,1181.82022755166,74.1839951686599,2474.45453664867,126.554019173822,407.036958678544,1.61798994524567,11.1790492044614,4.67063589518555,0.66998576533358,5.19093591056433,4.21648696550116,0.1007553007733,0.0065197225540034,0.0035887778106557,13.5035226722564,44.03993826932,15.0,3231.06725661801,119830.0,240,29.9941540387672,1.44638310942135,1182.40927767492,64.9382902762757,2478.39136026848,127.062673745413,408.330097836049,2.13495872170726,13.4589564708455,2.58527947685114,0.622294891837965,4.65892017240065,3.91447459104024,0.036994775287985,0.00267611740139,0.0014488977801601,13.3805978382287,44.2209389808139,15.0
3.979166666,29.9940123672905,1.63604498184131,1180.37207905142,74.6821309635456,2471.09862374714,126.317573359502,406.114917415365,1.62320545463446,11.2420358284435,4.61646888964228,0.672061449650246,5.22563879804016,4.2088341931787,0.0989658248296993,0.0064133171113707,0.0035287750539126,13.4975078504851,43.9568407698097,15.0,3226.90662398008,116555.0,240,29.9933663094287,1.45754043863067,1181.54825404423,65.4502793339568,2476.47387169111,126.897766686217,407.635684398439,2.12868577166439,13.506416159117,2.57885108942395,0.625887932814062,4.69395042377587,3.90744611722646,0.0369312146472491,0.0026639463971062,0.0014411432359278,13.3776009168934,44.1627262041242,15.0
3.989583333,29.9974432454016,1.64653001296223,1179.67313029325,75.1759814425871,2469.51921872328,126.172634712263,405.496694266841,1.63505082904276,11.3146769300253,4.47569598836562,0.67326759081927,5.25595449132265,4.19881604811422,0.0942596405999879,0.0061434192812508,0.0033783002639815,13.493913538413,43.9059120695901,15.0,3224.95767863085,112880.0,240,29.9949154315627,1.46417467485371,1180.55551671335,65.7334107519091,2474.30863339136,126.723515304168,406.915423925885,2.15369865716192,13.5959641586131,2.48840977276495,0.627974278271857,4.71394647217237,3.89531151520105,0.0352182645554403,0.0025441453298967,0.0013748104487521,13.3751043012002,44.1014161120557,15.0
4.0,30.0005504977129,1.64852794677789,1180.20033478052,75.2934767239124,2470.87224904169,126.186044950887,405.384808000974,1.66470182086778,11.4600619782905,4.20761788699417,0.672250913139643,5.26258594436676,4.17760529384275,0.0849838319416778,0.0056099096540413,0.0030806922311416,13.4844559211264,43.9105196213748,15.0,3226.38557483952,102055.0,240,29.9973367823527,1.46249267400427,1180.17041277457,65.6450429378879,2473.6432938501,126.634335710329,406.474354116434,2.22555437181338,13.7581173669883,2.27741662299909,0.627798400202371,4.71033618362172,3.87290682576763,0.0312944506621066,0.0022728719581985,0.0012250049206722,13.3697988452775,44.0700015332088,15.0
4.010416666,30.0042694504299,1.64563782439982,1181.74903141562,75.1545994051629,2474.67204579093,126.329825772929,405.70689088403,1.70341437380966,11.6136825502637,3.89161603637721,0.668807431804447,5.25254607083767,4.15373310257738,0.0746481447717275,0.005000977925565,0.002741645838519,13.4822926268056,43.9608327779039,15.0,3230.67991953493,102040.0,240,30.0002492017878,1.45473899516108,1180.62311637795,65.32879629861,2474.95964854615,126.648441659386,406.38702384138,2.33921738253932,13.93145053877,2.01029631556056,0.625777091977883,4.69192803762623,3.84809294712262,0.0266980918246298,0.0019598637239196,0.0010541350119911,13.3660214271518,44.0747680048887,15.0
4.020833333,30.0070034865717,1.63629368445801,1184.10765353351,74.7652540140693,2480.45504749379,126.58116537937,406.390633801534,1.7528656978651,11.7709766090932,3.5589961571618,0.664631278335623,5.226580100192,4.12807149389741,0.064471485019277,0.0043898737016371,0.0024031122332939,13.4749297569436,44.0488393571837,15.0,3237.26144518459,93080.0,240,30.0032617070623,1.44217238764202,1181.89805369139,64.8425300868788,2478.22465621358,126.762964073983,406.651820819409,2.48415754069529,14.0868827960496,1.72841493557828,0.622489176527786,4.66221952017159,3.82466055352881,0.022180195212114,0.0016461471178377,0.0008829106582457,13.3618476906066,44.1147158186564,15.0
4.03125,30.0092815444002,1.61591565225195,1186.92575715018,73.8267882563546,2487.48874346211,126.907791116473,407.329879633662,1.81902231561505,11.9494807691109,3.22092229873736,0.658087756965089,5.17007860070622,4.09889322170087,0.0548751484876592,0.0037998081349283,0.0020766323151367,13.4697872301928,44.1632175944218,15.0,3244.9816329099,91795.0,240,30.0058447834827,1.42221494280441,1183.82751822624,64.0539149946856,2483.08902106356,126.962844745651,407.222833848203,2.67460813569953,14.2321990597447,1.44816969448478,0.61739897182864,4.61459498234531,3.80193577993448,0.0180024225413705,0.0013564877438064,0.0007258171233086,13.3577573836319,44.1845585755505,15.0
4.041666666,30.0109203805453,1.58760472989047,1190.04392145614,72.5311803107669,2495.34548671068,127.285174772746,408.459678293448,1.88612280230285,12.0806005875033,2.95661437897071,0.649921666534283,5.09411562470977,4.07581259512225,0.0479113522112762,0.0033661610583797,0.0018376845158309,13.4675453463597,44.2952651121767,15.0,3253.47052999196,90200.0,240,30.0081045722164,1.39867422668652,1186.27964979854,63.1149491165255,2489.20503536202,127.227696679074,408.039360271121,2.86618966479209,14.3110631849536,1.2326553834481,0.611163658752479,4.55857007634008,3.7876133898793,0.0149675516832169,0.0011450676939884,0.0006115827564004,13.3557300499631,44.2771087975101,15.0
4.052083333,30.0115256144846,1.5531126080792,1193.26173038971,70.9520882083414,2503.51228907939,127.690671743881,409.694234646622,1.95530091576416,12.2116037894143,2.74429843377414,0.640618961804867,5.00256986312214,4.05317646990249,0.0425884986829248,0.0030302601463033,0.0016525110315304,13.4627504332384,44.4370375062543,15.0,3262.16103868065,87260.0,240,30.0097134211251,1.37011702744738,1189.0555387233,61.9295663651994,2496.12901536761,127.543309926365,409.043205097798,3.05313148119796,14.36347440255,1.06639614576468,0.603408257801054,4.48886997024946,3.77676458747353,0.0127191341359127,0.0009867953262419,0.000525906446958,13.3533805929676,44.3873741110058,15.0
4.0625,30.0117116789431,1.51637345417489,1196.40005691114,69.2682124714646,2511.51895061505,128.097655542393,410.94373890683,2.02194528729318,12.353547533464,2.58239834780412,0.63074819528217,4.9052754557807,4.02946677276942,0.0386963534969666,0.0027826799161571,0.0015157912863876,13.4588642761746,44.5791997565375,15.0,3270.60586065256,85170.0,240,30.0106569848177,1.33810780188103,1191.9743447357,60.5625118326458,2503.40807870139,127.889699139976,410.160365781261,3.23001258163647,14.4161238785735,0.940387156066952,0.594437394812,4.40906242353767,3.76611595187304,0.0110637631572212,0.0008701081429118,0.0004626866896255,13.3511933098465,44.5083352753893,15.0
4.072916666,30.0118815614522,1.48035672027478,1199.38447188182,67.6244996841216,2519.17361447283,128.493144696442,412.165067600392,2.07761406300774,12.5012716507948,2.47796366464946,0.620923922410682,4.81010621779712,4.00487400159574,0.0361923301237994,0.0026233113026565,0.0014273504309643,13.4561678849946,44.7171762809121,15.0,3278.66848096239,82400.0,240,30.0112056038045,1.30511369764555,1194.89789037886,59.1267627115681,2510.69394477523,128.249028334257,411.325498840772,3.38407668514895,14.4824994257943,0.850358871865804,0.584864517930151,4.32540178280653,3.75376326433285,0.0099025590532727,0.0007884021167312,0.0004183064799513,13.3494604064244,44.6337256031991,15.0
4.083333333,30.0122116483298,1.44503391152521,1202.2024023275,66.0134736435773,2526.45156268538,128.876769520757,413.352106791269,2.12522586078225,12.6694283910091,2.40504719216301,0.610929839345212,4.71671832196192,3.97707034572512,0.0344259827048776,0.0025115592674646,0.0013650022008487,13.4527140599826,44.850821424711,15.0,3286.31035229489,78890.0,240,30.0115967821871,1.27189358357136,1197.72431373622,57.6597610906262,2517.74962289705,128.609190748556,412.493961795089,3.51985202677507,14.5806124532846,0.782188802981833,0.574932247514762,4.23989211786205,3.73707552794839,0.0090351958769916,0.000727362162431,0.0003850042985915,13.347621229642,44.7592901026173,15.0
4.09375,30.0127657314146,1.41215698492575,1204.95403715495,64.5131034232165,2533.52656484778,129.255795122575,414.537696082684,2.16023026539197,12.8203273349899,2.36623915121237,0.600936651895302,4.62980388135385,3.95112119589018,0.0334379361603201,0.0024542682640467,0.0013333207180442,13.4526915384001,44.9826732474737,15.0,3293.82740240901,79315.0,240,30.0120190764908,1.24109485657514,1200.48779120685,56.2932970190225,2524.62528136756,128.970127036353,413.663263581458,3.62032421368916,14.6890946071524,0.742781096457305,0.565285489871901,4.16014473210235,3.71850246341236,0.0085296323994841,0.0006939753620799,0.0003668277806958,13.3468824778518,44.8849675095131,15.0
4.104166666,30.013031448315,1.38178953965589,1207.70543365562,63.1341754074508,2540.50127116589,129.636701887067,415.7455547068,2.18438184362453,12.9457314241993,2.34397984253235,0.591549394528713,4.55005355305778,3.92875132637381,0.0328095235712975,0.0024199208598877,0.0013142554823695,13.4514657299434,45.1150749587988,15.0,3301.37865883622,78180.0,240,30.0124495527534,1.21368827226155,1203.23696539325,55.0781437075798,2531.41126838072,129.336215763786,414.84521027902,3.68089899287004,14.7970226709583,0.722733301580871,0.556370975827494,4.08921696298919,3.69940040579455,0.0082660799479561,0.0006774794012487,0.0003576712471219,13.3465422585277,45.0122843527089,15.0
4.114583333,30.0129579282153,1.3471905511628,1210.2803955873,61.5436412492527,2547.00581293101,130.011999956834,416.931512304866,2.2453769517532,13.151265229525,2.22569835378258,0.581611862372099,4.45886521281906,3.89679708095076,0.0304077164154447,0.0022603388664899,0.0012254419879278,13.4397890162268,45.24557838379,15.0,3308.26420530979,71230.0,240,30.0126870680435,1.18383738836768,1205.83986623318,53.7444287310793,2537.81620791187,129.695929443424,416.014261757454,3.79099944281891,14.9495440075567,0.667325880988466,0.547034369030489,4.01174289608652,3.67481698618815,0.0075946723716049,0.0006263590710479,0.0003293709675998,13.3434573363386,45.1373374240878,15.0
4.125,30.0134129613242,1.30645640897386,1212.60127417513,59.6533892681568,2552.84965581924,130.373706470503,418.075198390079,2.37282679390851,13.4506760772565,1.98968253713929,0.570405866715022,4.3512451286318,3.85342954320592,0.0261503502859139,0.0019719627475317,0.0010660882523557,13.4263656642954,45.3714570052607,15.0,3314.19351084628,66170.0,240,30.0128722305399,1.149029330629,1208.20988596939,52.1782361453695,2543.6138508568,130.035325574367,417.148175560278,4.00195353173816,15.1432675337402,0.570788245802889,0.536570398462021,3.92112623646886,3.64613207323917,0.0064552796746591,0.000538265459833,0.0002812041919231,13.3391856990539,45.2553702918347,15.0
4.135416666,30.0146386334215,1.26341122455038,1214.81536915545,57.668073045948,2558.30451113404,130.727501568335,419.221497958682,2.55223699634531,13.7591823475252,1.71287262160534,0.55856131319193,4.23849307533746,3.80944937903297,0.0216291849767742,0.0016627760796115,0.0008963076559011,13.4167169388818,45.4946616454833,15.0,3319.67371088095,62565.0,240,30.0133260852602,1.11237272821021,1210.41739929552,50.5207978823129,2548.9125582163,130.355251903441,418.2619993874,4.26554449067975,15.3289527517994,0.470403713675535,0.525525814273064,3.82533401130226,3.61980694161664,0.0052919488490808,0.0004469929675848,0.00023162303211,13.3359981352804,45.3666977685986,15.0
4.145833333,30.0162306375816,1.22030080891138,1216.96368152881,55.6965345431268,2563.44047718073,131.071641074796,420.381109554145,2.77454938650372,14.0283710217606,1.43781858354716,0.546862782306464,4.12656197587222,3.77116844581603,0.0175247332510914,0.0013781728228991,0.0007406694202351,13.4093645801793,45.6145813642531,15.0,3324.8760189344,59730.0,240,30.0141449265989,1.07602200654906,1212.52854747192,48.869334874243,2553.83264329206,130.660455303008,419.373870557528,4.54029159997316,15.4807487533891,0.383391072906048,0.514410174310296,3.729861117001,3.59896795667985,0.0042990567251896,0.0003670489471411,0.0001883512575485,13.3336974360369,45.4729813898721,15.0
4.15625,30.0177600796997,1.17781027864402,1218.94170754607,53.7617060660387,2568.03740318376,131.39162875726,421.514921606036,3.0390826002819,14.2417403189801,1.1795324482891,0.535410217594275,4.01658672851018,3.74096483849568,0.0139591542975664,0.0011252291746592,0.000602472745336,13.4025631357892,45.7261811463221,15.0,3329.53016122912,56865.0,240,30.0152132770802,1.04076474471306,1214.54501991389,47.2596333455428,2558.37165667514,130.950776548934,420.48300680722,4.80821718789033,15.5915723477464,0.311736491524563,0.503455270850119,3.636696387518,3.58436771359521,0.0034913416006641,0.00029966934123,0.0001519503526205,13.3317925884703,45.5741735437859,15.0
4.166666666,30.0190251818591,1.14008737597975,1220.70905189073,52.0407069730785,2571.9841281757,131.674938507029,422.596874007465,3.29524533244142,14.3329769600034,0.991522945637983,0.524676983575248,3.91860556783393,3.72783516767029,0.0115058812127484,0.0009528470177676,0.0005089952043084,13.4021959292606,45.825102929009,15.0,3333.62310186226,59840.0,240,30.0164091150024,1.00963914027056,1216.51170781467,45.8361710380743,2562.63438486867,131.231112445965,421.593736798898,5.01891717324473,15.6355057719677,0.266850353051295,0.493432553504728,3.55424171761962,3.57887120647759,0.002986756938372,0.0002568244019909,0.0001288309234009,13.3313626528832,45.6719480852935,15.0
4.177083333,30.0195723226405,1.10643287008336,1222.1278468041,50.4925352444554,2575.00378944304,131.910892217672,423.575658128866,3.5290635004675,14.3421461748522,0.841334708140631,0.515065038728779,3.83005345626783,3.72683939855236,0.0096267396628563,0.000813594305564,0.0004330660261245,13.3986780412077,45.9076345417585,15.0,3336.76376728492,57340.0,240,30.017504957479,0.982268496511855,1218.3471629245,44.5811882925245,2566.45829433906,131.494464098143,422.677533861179,5.18301021877565,15.6228749230233,0.233940572738483,0.484436575196561,3.48145270895629,3.58112195247634,0.0026192397095734,0.0002246281964031,0.0001114562944764,13.3309282918914,45.763867207549,15.0
4.1875,30.0193941680677,1.07515985086719,1223.04820486796,49.0362911422755,2576.79286185624,132.084505981042,424.396002930912,3.77200088203772,14.3046543927268,0.713781923062669,0.506022516825342,3.74613056898509,3.73390122377297,0.0080817308658237,0.0006985119585393,0.0003705993369002,13.3947982353104,45.9685541979908,15.0,3338.49481573232,58855.0,240,30.0182419473515,0.957312492995824,1219.92377082015,43.4308452961772,2569.57860285394,131.726310394724,423.691002027967,5.33280787386479,15.5662702305066,0.207467604751661,0.476158916420128,3.41448724901701,3.58997544341069,0.0023243170393237,0.0001979108675506,9.70495283915887e-05,13.3301630704864,45.8448993776806,15.0
4.197916666,30.0185524270525,1.05111452290151,1223.41661468649,47.8840271139272,2577.21758019687,132.185559146611,425.024485249036,3.92762737985193,14.1650104634761,0.650053002722462,0.49830566464272,3.67899783641247,3.75645898525313,0.0073182835032597,0.0006468173597878,0.0003434788163312,13.3971767636872,46.0042718048451,15.0,3338.79940364834,64645.0,240,30.0185336577587,0.938005835334619,1221.21590200464,42.5359121679369,2571.96649955245,131.924814750053,424.610677086128,5.41570668735086,15.4379470642072,0.196746564066164,0.469455597703643,3.36219400513186,3.60874572710483,0.0022024553658901,0.0001877129937787,9.15705893719847e-05,13.3309617189905,45.9143632574489,15.0
4.208333333,30.0168132439692,1.0296292220514,1223.15968037021,46.8360562953458,2576.17385028153,132.215382660904,425.436671179145,4.07213017154525,14.0292010206372,0.58299379235567,0.491804494401596,3.61683726507703,3.78090123509819,0.0065340344308761,0.0005854706888886,0.0003103979982332,13.3906967600411,46.0152264450642,15.0,3337.37765042415,60975.0,240,30.018200757838,0.921249832000629,1222.03590515892,41.746877471653,2573.22251246412,132.069526661052,425.376248463251,5.4881920954231,15.2799841487157,0.18473535296151,0.463657526424,3.31560358172986,3.63282554451759,0.0020686651240753,0.0001758186911591,8.51991515786083e-05,13.3304324490641,45.9651559745688,15.0
4.21875,30.0147935535851,1.01009100218617,1222.26769674924,45.8574096798823,2573.66029577796,132.170733487407,425.62507861418,4.2253501670096,13.901976111429,0.528756404760346,0.485703440630017,3.55777112586328,3.80670237307946,0.0059042195775488,0.0005405415966729,0.0002868415283699,13.3861397517253,46.0002989523766,14.737438127184367,3334.18613494578,65450.0,240,30.0172305589783,0.906064277777039,1222.3058517752,41.0157939746212,2573.19023152725,132.150671912187,425.957548622283,5.56539372616727,15.1097529503416,0.174240067947821,0.458389653983645,3.27176081012463,3.66049656966164,0.0019513467009531,0.0001650606637098,7.94591813736597e-05,13.3295731380662,45.9938848501647,15.0
4.229166666,30.0127228193679,0.99556859633204,1220.7780158315,45.0877592369914,2569.76367229643,132.055892751737,425.5935962817,4.30259718082615,13.7586434822098,0.50616592005441,0.480778225540536,3.5100053249795,3.83653142467242,0.0056391305988237,0.0005247775211613,0.0002790772467368,13.3834332707994,45.9609364545637,14.95962143949961,3329.42990463968,67070.0,240,30.0157921309461,0.894448691229336,1221.97774310561,40.4333716908622,2571.79185765076,132.16428928334,426.326658401143,5.6043637586098,14.9190909868497,0.170562005938277,0.454170566218162,3.23601134211753,3.69264056810151,0.001908544730333,0.0001621611986578,7.79455413417458e-05,13.3294949825772,45.9991356486469,15.0
4.239583333,30.0106780363441,0.983161336723937,1218.97019590268,44.4112387907153,2565.11980911597,131.906178698077,425.442821028503,4.36845601794093,13.6511153986173,0.486194259314177,0.476658992124777,3.46710172897351,3.86290711667187,0.0054069410823411,0.0005091166852815,0.0002709042826115,13.3778252838075,45.9094191117298,14.962574609467906,3323.81974698576,67020.0,240,30.0140807907634,0.88441442442267,1221.09456758581,39.9090168554741,2569.12757899485,132.115626502824,426.500315498224,5.63877784376957,14.7439354983984,0.166889696298145,0.45051235732357,3.20304941821721,3.72461196848623,0.0018664214741586,0.0001589390144504,7.6213846268717e-05,13.3286979107328,45.9827283370234,15.0
4.25,30.0091441375817,0.969046993683583,1217.10589383267,43.668505548167,2560.31457008272,131.752593740519,425.272857151971,4.49038646247099,13.6158143578039,0.443738703933199,0.472468007506775,3.42032655625272,3.88014385409196,0.0049249002778897,0.0004669023103841,0.0002474025066252,13.3689426523058,45.856536958929,14.430607536366658,3317.97821798623,61250.0,240,30.012387664691,0.873179880685077,1219.86125722316,39.3200147808709,2565.63563661239,132.026736898806,426.556178976498,5.70496912647358,14.6199513844859,0.157273564768019,0.446591049943427,3.16585268641819,3.75147117705458,0.0017603891597068,0.0001481950327708,7.03738863183659e-05,13.3268234281153,45.9523413467297,15.0
4.260416666,30.0086786326337,0.954351175103508,1215.39816454785,42.905072124785,2555.78718878946,131.614230362041,425.160969999493,4.63386063180135,13.6049882384706,0.404016576379089,0.467907865786347,3.37284714190912,3.89381890287085,0.0044752997691513,0.0004304707598704,0.0002276359935804,13.3645739555444,45.8089372570115,15.082196935425262,3312.50592231048,61375.0,240,30.011021523107,0.861176627137594,1218.45416210203,38.6909357272633,2561.69922986419,131.916519014988,426.554649298902,5.7842006185726,14.5361522962328,0.147694501473737,0.442391531076061,3.12614915372399,3.77401733793062,0.0016543650075107,0.0001370900291045,6.4368113950881e-05,13.3254786995815,45.9145437226321,15.0
4.270833333,30.0090970783858,0.940696642898621,1214.07396321549,42.2031738273858,2552.01091504648,131.515907843031,425.187886956375,4.74859997026714,13.5886061467071,0.373765004050496,0.463604330907488,3.32966444527011,3.90722397871895,0.0041341793539626,0.000401541529849,0.0002117144514512,13.3622421240786,45.7752274977919,15.271504960446448,3308.07530578992,58345.0,240,30.0102107719649,0.849723785161407,1217.03232066717,38.0877614293775,2557.66511105652,131.803188857661,426.5489314999,5.84938071881619,14.4727881126192,0.140564634189023,0.43831855520749,3.08808919192299,3.79410426011447,0.0015750617509366,0.0001288413208634,5.98826821096406e-05,13.3248189809738,45.8756491680306,15.0
4.28125,30.0099767196294,0.928448108434275,1213.21608267411,41.579064063196,2549.16276524328,131.466976184562,425.384987600235,4.83613728386425,13.5552696423425,0.355017130153792,0.45958904431015,3.29175760601204,3.92165280770881,0.003921818758089,0.000385732064335,0.0002032831305947,13.3620688609856,45.7586595218036,15.395617900296685,3304.92640146539,59475.0,240,30.0099663944904,0.839242484470928,1215.75710134323,37.5355336100478,2553.88293626874,131.70505462073,426.596402734075,5.90023631593343,14.4180877682701,0.136001778697608,0.434544647964037,3.05333616692669,3.8127212785051,0.0015236052599787,0.0001235877315772,5.70186032795297e-05,13.3245757650111,45.8420138752369,15.0
4.291666666,30.0108532130948,0.918136108401211,1212.73928798466,41.056762698637,2547.065133341,131.459472011255,425.721855400595,4.88665830666016,13.5032348087127,0.344668893797309,0.456153465793731,3.26034624809103,3.9373807397169,0.0038037177125367,0.0003772750728791,0.0001986853966786,13.3620614766122,45.7564550664127,15.205442117888227,3302.84922487692,58525.0,240,30.010151774948,0.830339037813962,1214.71421214802,37.065218638131,2550.54549657489,131.632537141199,426.726852010978,5.93250846384373,14.3607786217743,0.133590055013313,0.431295912957674,3.02381004669998,3.83095324167658,0.0014957350402827,0.0001210970256154,5.56324997987205e-05,13.324581711104,45.8172494560894,15.0
4.302083333,30.0114190267928,0.90905896967725,1212.47749440225,40.5987349609373,2545.37355564007,131.475772307735,426.14063412767,4.9252721106128,13.443246785714,0.337698262952772,0.453116319987488,3.23299063987875,3.95336176271567,0.0037235843167584,0.0003726879500475,0.0001963166060953,13.36190490357,45.7624999730586,15.055744328049718,3301.37151855879,59215.0,240,30.0105338868085,0.822613124625621,1213.93051384554,36.6590510737689,2547.71460882153,131.588888352838,426.952074048936,5.95702990680305,14.3006464972905,0.13198545508556,0.428478701490716,2.99844492039334,3.84872702918243,0.0014768119110351,0.0001195461410337,5.47619280723429e-05,13.3245470070321,45.8024889993486,15.0
4.3125,30.0115641995761,0.902187123238602,1212.23930918247,40.2415010476385,2543.68363326187,131.494572539986,426.569855955081,4.93236502787092,13.3687789152148,0.339474635739654,0.45066200608182,3.21159096753794,3.97079511638447,0.0037399531687835,0.0003779494003471,0.0001994845706616,13.3625253926712,45.7693893726242,14.437664421427435,3299.99869601975,60945.0,240,30.0109102894618,0.816703020729121,1213.33972407964,36.3440911721974,2545.26218747188,131.567555579238,427.246550282627,5.96628134365869,14.2298740213457,0.13233041461166,0.426276452508257,2.97877095364385,3.86705422093852,0.0014791409226902,0.0001206358067059,5.53289616885247e-05,13.3247530332384,45.7954508016583,15.0
4.322916666,30.0111453029564,0.897879511194101,1211.8598448767,39.9964682810725,2541.65540332116,131.498131154028,426.947535699796,4.90697479180888,13.2845147068979,0.349601179667119,0.448944039318261,3.19653926713895,3.98943476883362,0.0038486558475186,0.0003921186706128,0.0002075819329099,13.363116080341,45.7709605964363,15.144026148950175,3298.2962579469,63345.0,240,30.0110943589022,0.812880532149069,1212.84425893271,36.1296441104382,2542.99182672835,131.558354827301,427.574160930255,5.95900463371054,14.1468463617099,0.13463296049074,0.424787711853428,2.96522170781062,3.88625690987138,0.0015028238280962,0.0001243604582111,5.73210505908804e-05,13.3250898342273,45.7925944473746,15.0
4.333333333,30.010138148092,0.894747790951945,1211.18606138841,39.7998822739613,2538.98283121506,131.470672681125,427.218343239277,4.88311944490407,13.2163545246944,0.356954057069927,0.447753274880883,3.18381951846456,4.00630147889581,0.0039278775095436,0.0004011425905832,0.0002125052413809,13.3614912010687,45.7617411416503,15.552761894421073,3295.81464895461,63225.0,240,30.0109165986433,0.810232656040648,1212.32949929672,35.9701949935411,2540.66211000567,131.548367996317,427.89557053907,5.94966354407167,14.0643421617635,0.136523393745651,0.423752391380027,2.95489880093227,3.90502861783849,0.0015224276906136,0.0001273901324537,5.89174641281319e-05,13.3250376109359,45.7894427842963,15.0
4.34375,30.0089417744165,0.891192654765958,1210.14123201052,39.5771516974294,2535.51590001894,131.403653774877,427.355448829578,4.89074729125934,13.1825224481345,0.35547104669493,0.446585085954803,3.16904155548159,4.01918702987813,0.0039101086443867,0.0003997124344987,0.0002114980957899,13.3585108650801,45.7387699627456,15.071781410324972,3292.29911722057,62280.0,240,30.0103615585491,0.807470172834527,1211.67953807364,35.8027678648561,2538.02480647691,131.523864823414,428.17132126442,5.95409544244869,13.9988069159577,0.136261780598108,0.422739653674706,2.94387679596776,3.92167597268718,0.0015190040798628,0.0001273198122157,5.88355111228062e-05,13.3245162488187,45.7812424133612,15.0
4.354166666,30.0079622400477,0.889506039126544,1208.74166101338,39.4240797059238,2531.28494453414,131.296898387258,427.359109718969,4.87108952706049,13.151510639266,0.366147700720043,0.445716075138478,3.15799708217572,4.03197230980535,0.0040249722950802,0.0004141444390074,0.0002196967542983,13.3583789637895,45.701970020178,14.982523639566907,3287.85649753489,66095.0,240,30.0095832237598,0.80587074909996,1210.78190492362,35.6817797475583,2534.85823183886,131.47299571087,428.355211741623,5.94823925305068,13.9405135635498,0.138320008920877,0.422062375629823,2.93534968106742,3.93747356477667,0.0015403983374258,0.0001304150280189,6.04902594207796e-05,13.3244986265332,45.7638642513765,15.0
4.364583333,30.0069809481564,0.89111440924569,1207.12188121022,39.4113462813211,2526.5834484505,131.166216279018,427.272462256021,4.79702078902628,13.11597663581,0.391526249984797,0.445775679337368,3.15483220835677,4.04531013481968,0.0043024241596429,0.0004426017262862,0.0002353614279172,13.3586489539016,45.6568162146758,14.851297197971887,3282.90912801882,68660.0,240,30.0087077015813,0.806576418433991,1209.58796515531,35.6579345532631,2531.07590943573,131.391527099814,428.424493244007,5.91616347703097,13.8836375825873,0.143995017354456,0.422111841996298,2.932325793011,3.9530141147666,0.0016009260430808,0.0001383274700434,6.47028846375584e-05,13.3248528228197,45.7358173083772,15.0
4.375,30.0052904812792,0.901469905904365,1205.21815347676,39.763737069757,2521.2799351248,131.001498190106,427.05652113411,4.58241434971376,13.0293547484009,0.47217626235707,0.447870973136933,3.17227349139648,4.06555875188138,0.0051935539845463,0.0005356694682116,0.0002879472576373,13.3627834132298,45.5997930920509,15.062391657529167,3277.43972856569,84160.0,240,30.0075610155518,0.813405500411575,1208.01455031463,35.9020000083009,2526.54295373882,131.272767764069,428.334722413115,5.80876773503055,13.8022158450593,0.163416302260414,0.424028058327019,2.94481983601268,3.97133127828911,0.0018092681857252,0.0001640574165234,7.8593224655198e-05,13.3264279605561,45.6947388957139,15.0
4.385416666,30.0013168720151,0.917539489473679,1202.66499966305,40.3579865368236,2514.65304202138,130.767825921788,426.571813056429,4.31194256978789,12.9760514067417,0.571808083337212,0.452769367188003,3.20221553509229,4.08231389412167,0.0063105359538454,0.0006293519757491,0.0003381743191771,13.3581106124431,45.5187518921688,14.954281485071508,3270.40081431873,84150.0,240,30.0054834176707,0.825332048600847,1206.016462248,36.3663202761793,2521.17073145738,131.112010511433,428.067043011458,5.64943935748284,13.7295011462549,0.190170791415015,0.427770744113944,2.96957473465688,3.98846316712534,0.0020983346676408,0.0001964176282891,9.57416212321788e-05,13.3266793763747,45.6389947119125,15.0
4.395833333,29.9959757204313,0.943899026281144,1198.5141467751,41.3092674332441,2504.73128732689,130.353183290298,425.448860490317,3.93090839210941,12.933369949331,0.776364719835683,0.461084671874566,3.25080876286302,4.09931096918531,0.0086514224743319,0.0008355098657983,0.0004509490796206,13.3574012154947,45.374713094881,15.66282580700799,3259.29859380805,105740.0,240,30.0017549023732,0.844514618681688,1203.1089620535,37.1273213449394,2513.97079785176,130.855526554056,427.427522935964,5.40128043204472,13.6815034684546,0.245779978996392,0.43393753763874,3.01041082810331,4.00295494709774,0.002697946302472,0.0002591141765431,0.0001291158509922,13.3272319827653,45.5498926666021,15.0
4.40625,29.9873013083344,0.991764707729914,1191.75954229198,43.0570945413798,2489.41616857731,129.634762281411,423.24981480014,3.30425661258682,12.8655094773849,1.24255832856858,0.478667252385379,3.34295994067292,4.12056565727376,0.0143170755024061,0.0012895659201863,0.000697227564534,13.3560790138773,45.1247544220121,15.236170469980054,3241.68160268568,122800.0,240,29.9955414101792,0.879123033851681,1198.16995153477,38.5010507191827,2502.63932933825,130.381554841406,425.960019365197,4.89206855255502,13.6776397507677,0.392560742649056,0.4455417109377,3.08472414984825,4.01215061495455,0.0042898614825836,0.0004114360680197,0.0002100490709202,13.3285693515597,45.3849305367682,15.0
4.416666666,29.9783020911676,1.04776898567341,1184.25448594884,45.1919292333435,2472.46377129177,128.810615681494,420.589672637679,2.77499811417761,12.913225988711,1.86686339938567,0.501128789352165,3.46077987920516,4.1253139487761,0.0227995106217499,0.0018929899992783,0.001020967427003,13.3556001741023,44.8376158538231,15.02484578766869,3222.11106798521,119765.0,240,29.987054676758,0.921589540882521,1191.55520328934,40.155270917626,2487.85708522396,129.722774577816,423.76207253449,4.30157581481841,13.8466602481323,0.620541579181366,0.460627165157522,3.17489050795056,3.99840779976095,0.0068094571574063,0.0006232093524994,0.000322033525026,13.3285355894398,45.15538266959,15.0
4.427083333,29.9765461558608,1.11191386744038,1177.75529313125,47.7254130197344,2457.54137651857,128.060135805909,418.106587121088,2.38156399534046,12.9327765452116,2.66471613128483,0.525806976012209,3.6067845467621,4.1295806424524,0.0357600060425214,0.0027638265666145,0.001488015152635,13.3773039634951,44.5755634806707,14.994027118453985,3205.32327680792,129520.0,240,29.9806431550246,0.970569181166865,1184.58245595734,42.0630535264677,2472.28695713928,129.005390050781,421.266959435018,3.7213927783428,14.1352489006841,0.963370722809186,0.477843640757041,3.28253051426484,3.96720441501486,0.0107304878819406,0.0009325143399387,0.0004866942019733,13.3337240505194,44.905123028842,15.0
4.4375,29.9771453333142,1.19031781411869,1172.51820770711,51.027997417427,2445.30140570341,127.397872298906,415.887105793382,2.05655637363252,12.7367914569432,3.75213024384922,0.557452779065963,3.80060029187275,4.15492321155792,0.0584397331308968,0.0041776987964281,0.0022466803895039,13.4157103877777,44.343262916032,15.471078068606099,3192.3568888772,137440.0,240,29.9782710586059,1.03362031664724,1178.09702012598,44.5930139617161,2457.73782860519,128.301490150569,418.742818617583,3.09412546918504,14.3544368145531,1.54948836632618,0.500058741394728,3.42936958858082,3.94077601497027,0.0179818005104362,0.0014754381152662,0.0007786052791845,13.3461378924719,44.6590997901659,15.0
4.447916666,29.9761503233355,1.28091022547918,1167.8003902828,55.06223661656,2433.97891555301,126.732842543684,413.621332190563,1.82401155328101,12.3443543723315,5.04457948003821,0.595606758467591,4.04227830147709,4.19866445146183,0.0942329049456991,0.0062303150369105,0.0033563162469049,13.4644142296728,44.1085946754965,14.946603595528146,3180.97823389658,147765.0,240,29.9772209348649,1.11110033055034,1172.46929467004,47.8310479775855,2444.96345040057,127.630420896065,416.304369354182,2.54218203428162,14.3619564937274,2.44304803735297,0.527802844193952,3.62136180281197,3.93626260874537,0.0310467969140335,0.0023917593314908,0.0012735683590319,13.3645537390405,44.4238124397117,15.0
4.458333333,29.9745025672699,1.3742277303034,1162.67617337271,59.5048078529195,2421.33469562015,125.963077146408,410.94881062568,1.67960655456825,11.8895164358334,6.32694719117432,0.635107841678249,4.31546598422006,4.24588388111521,0.138139358420333,0.0085564235620826,0.0046421091949423,13.5094689506605,43.8361423983494,15.240530740007353,3168.19778026217,149145.0,240,29.975703932176,1.19591497641294,1167.18946921775,51.5545796482838,2432.69422188717,126.924815118131,413.752794063211,2.1608729630819,14.1601937515923,3.5434526915719,0.558862636686819,3.84734994527737,3.95396352057182,0.0519326079212606,0.0037359401760763,0.0019976967188458,13.3847510656214,44.175427117389,15.0
4.46875,29.976155096891,1.46402436569258,1157.63482100348,63.9798182504422,2408.43902343931,125.161406540785,408.115085099326,1.59400099886924,11.481039251053,7.39106768234491,0.667903563424198,4.5954672024212,4.28589685736388,0.178744094414138,0.0105536283446604,0.0057781067360142,13.5442515231047,43.5519182987211,15.13483335102082,3155.16155447405,149185.0,240,29.9753587459176,1.27861420905329,1161.98019316369,55.3688061775401,2420.20299692322,126.165613515364,411.016977743822,1.93981084155328,13.8680062411133,4.62149179906861,0.588567192893945,4.08423487139135,3.98019599211738,0.079245077824935,0.0053553575479979,0.0028718767901437,13.4026890981815,43.9070834081083,15.0
4.479166666,29.9799297787868,1.5500019419015,1153.9150372717,68.4364195576999,2398.11119458081,124.480700189566,405.652992917868,1.53693528134137,11.1286420574319,8.14047433162557,0.693337266170856,4.87414046870504,4.31939262298638,0.210115373067626,0.0120117125536192,0.0066359297196965,13.5647665889906,43.3095729801999,15.156787518792957,3145.42943812338,147790.0,240,29.9774003659195,1.35758307032707,1157.37216057797,59.1690573689207,2408.66791565186,125.427989942444,408.345281619372,1.81026656550489,13.5495156138949,5.52498685309661,0.61531381671513,4.32252473354045,4.00844767617794,0.108733655029635,0.00698351765138,0.0037627413654581,13.4165337930111,43.6451593050829,15.0
4.489583333,29.9847695175127,1.61413852978718,1152.31890460255,72.0965907798118,2392.4871083987,124.058172070803,404.005910347833,1.51139691661539,10.9728745358383,8.38742618560065,0.706399880393447,5.10328076619942,4.32892335310262,0.225880864775006,0.0127071256931375,0.0070595548108689,13.5595193378147,43.1571610030961,15.19732362194858,3141.09288540209,130695.0,240,29.9807794270702,1.4209283660418,1154.35062664752,62.3063665081497,2400.51307666393,124.873239884145,406.248495150968,1.74611230569818,13.3940220092219,5.99664292896926,0.634207299582447,4.52092745248125,4.01602467068528,0.128356037016188,0.0080143605866766,0.0043401217076063,13.4182304820814,43.4466614903972,15.0
4.5,29.9928288466949,1.66159505653655,1152.68018693921,74.8004513993467,2391.74446627869,123.906505541035,403.239259622967,1.49746647934188,10.9612305913458,8.26078283549713,0.710265073721798,5.26736748792238,4.32013563212757,0.227200958638244,0.0127516531033184,0.0071044291562786,13.5568742911804,43.0993991319317,15.777893801478802,3142.10270168489,124650.0,240,29.986166304693,1.46668683031904,1153.10219341749,64.5621070525921,2396.45550340949,124.549731833279,404.892741094677,1.72104784059468,13.4252399005399,6.0376064574218,0.645313064532242,4.66340437726135,4.00054683330933,0.133380460169846,0.0082679021542242,0.0044930670557012,13.4160921159751,43.3290634171211,15.0
4.510416666,29.9992674045129,1.70566205700209,1154.92206558018,77.3153454932782,2395.68208598912,123.994339040643,403.283990771355,1.47845059129886,10.9079567020889,8.03353602471077,0.714431421897294,5.41057945948943,4.31570441586151,0.223646523804701,0.0125951257462356,0.0070362648531958,13.5627342258354,43.1252593044864,14.476477596305806,3148.74231463429,124625.0,240,29.9928535061517,1.50795809880848,1153.55724740482,66.6375591236671,2396.42534560026,124.429095930326,404.227481031834,1.70418486425065,13.4377191012844,5.90839367984009,0.654617894291302,4.78843903731638,3.98772823110849,0.131843319616854,0.0081788739544583,0.0044562136173263,13.4176918328977,43.2823949953494,15.0
4.520833333,30.0013645855983,1.74014559203264,1158.45267541515,79.4336696111722,2402.77879330132,124.248535150296,403.879638700862,1.46361704690073,10.867679880193,7.71383718587855,0.718080956141877,5.52844687552263,4.309408678306,0.217157549950137,0.0123125295702926,0.0068921810299743,13.5605125725596,43.2092420839092,14.92679263904083,3159.00191569704,119620.0,240,29.9976955273234,1.54345223815705,1155.610907386,68.4998907874819,2400.25983038741,124.50618258088,404.23160837871,1.69310451233538,13.4302247558774,5.66992448875754,0.662230320741495,4.89612986513107,3.97729898787003,0.126122574947113,0.0078761124492535,0.0042999404240601,13.4171057891087,43.3048902992738,15.0
4.53125,30.0021022381019,1.76564828260327,1162.27660128166,81.0146963822384,2410.68950789555,124.550929032037,404.634669222154,1.45511978028411,10.8705339156353,7.30203136683823,0.719902054326092,5.61628230952926,4.29898812187465,0.206292080421423,0.0118264698572341,0.0066252030060859,13.5572232643501,43.3105136772504,15.249699974995721,3169.85768811817,119285.0,240,30.0002006994583,1.57118622133731,1158.67374177213,69.9978532801905,2406.55246467528,124.713892735173,404.674236856628,1.69174539659654,13.4396418260106,5.3340690472002,0.667567825556714,4.98143941778865,3.96534012631135,0.116366214542133,0.0073578977229816,0.0040220317158083,13.4147522394426,43.3733213318381,15.0
4.541666666,30.002833520133,1.77423201887557,1165.75089227315,81.6621980280256,2418.19850668328,124.848205307508,405.361645731955,1.46486862140229,10.9967844086147,6.76414206763238,0.718548173765385,5.65103531362583,4.27387947130877,0.188993571994344,0.0110167533035383,0.0061608441632431,13.540404870111,43.4107670792074,15.066518439107352,3179.42416132735,105440.0,240,30.0014864480682,1.58433869923581,1161.94903510386,70.7030043829166,2413.61622234939,124.979748476278,405.299421784301,1.71369786001991,13.567515316593,4.85427542795131,0.66904432282658,5.02090263157763,3.93934146503444,0.100428922760464,0.0064888209347614,0.0035451855122134,13.4061545697382,43.4628182920575,15.0
4.552083333,30.0050883831092,1.79068330241772,1169.24898322457,82.4924630461905,2425.83568423073,125.143208867545,406.124503431821,1.46404522085657,11.0082162955137,6.30788436692108,0.717392380612142,5.69398525014128,4.26506684637616,0.171860219453459,0.010196057320219,0.005694171301958,13.552365765165,43.5110590362493,15.465840900653735,3189.26692637782,124010.0,240,30.0031315149699,1.59858561101166,1165.38481005677,71.4833944992601,2421.05913457248,125.255459242101,405.992672519388,1.73979604238974,13.6055431865129,4.41302959605254,0.67050463983892,5.06404161903069,3.92634491330225,0.0866018425584254,0.0057013081492224,0.0031128286823369,13.4059803203119,43.5561914184688,15.0
4.5625,30.0019455545523,1.81387963818908,1172.84964724688,83.8661634204143,2433.56650806578,125.425291100782,406.875760934065,1.45726834838027,10.8887553701768,5.98070153247929,0.721941824400383,5.76812543178458,4.27471775534243,0.161562299818521,0.0096946804001365,0.0054148251086062,13.5515058854418,43.6071520698548,15.248978195429379,3199.64289212833,121100.0,240,30.0034852159858,1.62191334901457,1169.07809506346,72.8194791884757,2429.00332034508,125.53389727217,406.746395065807,1.74975369517997,13.4517681040301,4.10742500518973,0.675182203418842,5.13785837608229,3.93942662143957,0.0782176909161044,0.0052099805237965,0.002845644692627,13.4076341428783,43.6508059325974,15.0
4.572916666,29.9986639596987,1.82248532501431,1175.25930942102,84.3792211399175,2438.78499494234,125.587366289256,407.202191176749,1.47045206672744,10.9363984046764,5.58112723894193,0.724096767159589,5.79909351233968,4.26506521244184,0.147026891329133,0.0089600677838059,0.004995101391119,13.5351748299697,43.6620639404616,14.93233274921303,3206.15636018231,113970.0,240,30.001235489505,1.63297298472229,1172.24636344211,73.4821342845852,2435.98539095011,125.776339136489,407.363910107629,1.78339248563283,13.4251082879603,3.73688272955063,0.677687051494521,5.17531193387462,3.93766051489006,0.0676294251718797,0.0045758426036798,0.0024972799882125,13.3996510192635,43.733564211327,15.0
4.583333333,29.9996211256685,1.82248892882441,1176.57465102984,84.2713793996053,2441.91638948121,125.646042504688,407.192949911551,1.49631101599281,11.0505828640795,5.16042710625102,0.722882462906258,5.79434910165164,4.2474822207132,0.129610225148599,0.0080478519741154,0.0044713842733806,13.5260298401449,43.6817074359837,14.883875479374135,3209.46233982216,109915.0,240,29.9998916376436,1.63230405874839,1174.46270482653,73.4829500019494,2441.04480821025,125.93023829598,407.681344893248,1.84685361674897,13.5118273043264,3.31904693918088,0.677314919042455,5.17654213147289,3.92270002419553,0.0561310705465803,0.0038643490357113,0.0021043267872207,13.3917270831041,43.7860752761556,15.0
4.59375,30.0025197150567,1.80890128654574,1177.8947889763,83.451874824825,2445.60424056838,125.744009029885,407.316298019879,1.53921549716605,11.2295110377249,4.70255779380025,0.718168934639303,5.74610288762262,4.21997827885674,0.110113010876457,0.0069937699285373,0.0038690610481007,13.5122858698278,43.7156628816524,15.037101150983162,3212.79515572569,97205.0,240,30.000583832387,1.61741795054381,1176.02351216503,72.7495704270149,2445.00911002061,126.041477900481,407.858555065474,1.95133365545988,13.7034265043835,2.84942005771796,0.673484216351062,5.13468901664579,3.89419362353744,0.0444047152370005,0.0031129682309897,0.0016886414682634,13.3819375244437,43.824276837007,15.0
4.604166666,30.0066618509341,1.77990762677948,1179.80595876621,81.8134361573034,2451.12786254799,125.955154483702,407.812585425388,1.60328088534289,11.4857930506545,4.19008112880839,0.708677561031288,5.64920984997733,4.18016503959418,0.0890448385704758,0.0058096666256906,0.0031980021339825,13.4989361552929,43.7895894128612,14.351145230617407,3217.72844009509,89030.0,240,30.0027266471596,1.58579862655358,1177.50557183419,71.2376634778577,2449.21505803131,126.182517452287,408.142384956346,2.11863202814617,13.9891933074613,2.32956875870394,0.665465096448081,5.04649004750177,3.85249069071805,0.0333001510582388,0.0023807266995546,0.0012849941134124,13.3713961605979,43.87324765186,15.0
4.614583333,30.0102765129789,1.77268340547107,1183.10178215493,81.4421327030118,2459.52102794599,126.288521911252,408.804880055614,1.61955978951816,11.3578533300865,3.98186074957131,0.701782070187385,5.62049522118611,4.1885744441093,0.0820932635761621,0.0054080941749608,0.0029743016282944,13.5348113762803,43.905854888702,14.8354217835977,3227.29814974462,118475.0,240,30.0063189177118,1.57221732252985,1179.76736271047,70.7698082580473,2455.02885532692,126.372778088316,408.671087618016,2.23018325013429,13.9305307080558,2.08025481090695,0.66076024074454,5.01575008003864,3.85466766506345,0.0287932641869067,0.0020981065953356,0.0011350613257536,13.3795480544785,43.9391820378703,15.0
4.625,30.0046676213225,1.771472046409,1187.22971154014,81.7183182536765,2469.48105498428,126.692963452157,410.047481129114,1.61249873452957,11.1135725397602,3.91725975753807,0.701258791420881,5.62992255470864,4.21417914676366,0.0811748772402259,0.005372397830065,0.0029610310628128,13.5311556231828,44.0467378751007,14.503446167763721,3239.41220042585,108310.0,240,30.0071084382046,1.57446128203877,1183.14437258791,71.1342489606646,2463.25735096738,126.670337492791,409.590946001442,2.24088706168587,13.6335650602238,2.02340936785881,0.660065977127038,5.03128235977762,3.88687363575262,0.0278670513888097,0.0020371581923507,0.0011035234298027,13.3841384550982,44.0425845209002,15.0
4.635416666,29.9999057980364,1.75131678359992,1189.65206266208,80.7744733631401,2475.67834317807,126.933561980315,410.691816357078,1.65522366054612,11.2079445796093,3.64543697322333,0.696197548943592,5.57684787721448,4.2005200615403,0.0716602516359967,0.0048154948560586,0.0026502142175444,13.5024232727506,44.1311605748425,14.975070481709412,3245.89606358664,100760.0,240,30.0039764595973,1.55841089724637,1186.2814393216,70.5624011905631,2471.10690105583,126.978704164806,410.507842740742,2.32677564049453,13.5723563718771,1.8308477374271,0.6558901085447,4.99641128193184,3.89027487113208,0.0245262952741393,0.0018034582850834,0.0009744434827047,13.373582828182,44.1501356512717,15.0
4.645833333,30.0004528195461,1.73286309191909,1190.51605254841,79.7556580929963,2478.41259837661,126.999341199115,410.788402904192,1.70470466861589,11.3136725731267,3.39096161292861,0.689849668005082,5.51845734057326,4.18738401868308,0.0632679023795056,0.004309474993212,0.0023676456820775,13.495875145944,44.1550202900245,15.561537630426116,3247.97030505851,105805.0,240,30.0017469480428,1.53862342653389,1188.45973616707,69.7620909117623,2476.7383755395,127.17992608434,411.080312825385,2.44542573693235,13.5716200724496,1.63493360854452,0.650609864725991,4.95013082668187,3.8887213568545,0.021313356151043,0.0015840787559678,0.0008547379405555,13.3691726747397,44.2205860792867,15.0
4.65625,30.002012956913,1.70368211510985,1191.09917280263,78.2567182962603,2480.79802252257,127.061111638183,410.873186015066,1.7820112929834,11.509391870523,3.07814196827288,0.682746460212094,5.43098525653481,4.16165463767426,0.0533724071809054,0.0036953089334081,0.0020245688196579,13.4729596774629,44.1777316942512,14.598363881912288,3249.19945722672,86740.0,240,30.001489290089,1.50928172961006,1189.70701306339,68.4438279140439,2480.42269436287,127.295726131197,411.383436669643,2.62228297829409,13.6770779153083,1.38755580690188,0.643476195124982,4.87358408469425,3.87471043882835,0.0174842838563381,0.001309328398963,0.0007027414786779,13.3608432665491,44.2615739892199,15.0
4.666666666,30.0054776175031,1.65955762419533,1192.11571071201,76.0004681772109,2484.42881513365,127.208302435286,411.236598199685,1.90589342981817,11.8165758065823,2.67811194115461,0.671302378306936,5.30051567892729,4.1192109242372,0.0425416241208681,0.0030047298230781,0.0016401822078327,13.457447595877,44.230246749176,14.582456212292422,3251.41510605526,83255.0,240,30.0025779507839,1.46478729332216,1190.62767811323,66.4043313429889,2483.58096037558,127.400284446654,411.677776764437,2.9207798405186,13.8864424268721,1.08839670469241,0.632719923633239,4.75509504045382,3.84746648454189,0.0132253460722344,0.0010087610383384,0.0005385695931411,13.3521821327118,44.2987937892092,15.0
4.677083333,30.0097787686822,1.62385332152696,1194.10201525568,74.2786427909849,2490.11148156967,127.45414191151,411.989862679855,1.99659389111235,11.9148687834064,2.44885784039658,0.660396683364171,5.19854881519546,4.10215502265363,0.0372139239327627,0.002670964538755,0.0014580767968439,13.4675556890614,44.316855386393,15.094192101261326,3256.68974969557,91320.0,240,30.0052597517641,1.42833654351274,1191.8648011273,64.7631747544118,2487.34999179382,127.528202226368,412.101460035493,3.16335499494479,13.9460485224117,0.921911666072413,0.622782335239984,4.6583551432942,3.83933531592654,0.0109816365237658,0.0008553219712931,0.0004562340131728,13.3529512831285,44.3440832210074,15.0
4.6875,30.0108217057219,1.59546891437237,1197.1967169595,73.0264469772611,2498.14857867115,127.817442538011,413.167448205523,2.03899430195892,11.8670465890764,2.35686850991659,0.652051980176224,5.12249568688763,4.10359526467619,0.0351376582551698,0.0025454009196379,0.0013909518701314,13.4724624319458,44.4441721846451,14.782564634186022,3265.35060415206,91100.0,240,30.0080384471454,1.40203425069433,1193.85562027779,63.6121549079936,2492.71621331287,127.738217205818,412.815469084053,3.28274007625914,13.8770350041963,0.856576970688557,0.614738825046485,4.58885025361616,3.84637366761519,0.0101139105627963,0.0007964918202336,0.0004247369292606,13.3552470510492,44.4178931187275,15.0
4.697916666,30.008895230297,1.56719561018569,1200.54709563901,71.7875470062806,2506.6882194762,128.212409823854,414.451682756886,2.0695955035929,11.8285274282853,2.30156129663601,0.644284008327351,5.04860230055513,4.10528336595793,0.033861821370282,0.0024693478494733,0.001350102050424,13.4710872464724,44.5824163848416,14.714654469841127,3274.7020283153,93065.0,240,30.0089814691328,1.37841869326146,1196.54512116663,62.607223402692,2499.61471884103,128.036405173479,413.817101483321,3.35291036087239,13.7832422689943,0.822982378372329,0.607333139076709,4.52798168772473,3.85582343630687,0.0096667006571652,0.0007669384584395,0.0004088716949074,13.3553415946918,44.5223635067824,15.0
4.708333333,30.0063611122554,1.53784161058281,1203.2140314977,70.4611539583812,2513.6720288926,128.535187930453,415.4959132324,2.10204620639354,11.8439347467847,2.24962925326982,0.636385150244874,4.97102005706969,4.1019525798498,0.0326029047297668,0.0023894518695931,0.0013057966648056,13.4646381639101,44.6955020314453,15.454197214256688,3282.05536315724,90280.0,240,30.0081940656112,1.35434523108044,1199.39368800016,61.5765135546266,2506.84508452327,128.363038210981,414.904093569277,3.41174791304901,13.7213716246488,0.792911555879109,0.59984891428958,4.46654172302884,3.86160576172343,0.009271768295889,0.0007388075960332,0.0003933238090318,13.3538514073384,44.6367065037878,15.0
4.71875,30.0050490647299,1.50638557687169,1204.94738171053,68.9817908500921,2518.57175537358,128.761537087128,416.222263473993,2.15528454063444,11.9296520448989,2.16097582286878,0.627676166939348,4.88533188360487,4.09076154974208,0.0306477290327987,0.0022613124892485,0.0012344164598531,13.4561469744007,44.7750310084991,14.438681158306549,3286.69481962787,87890.0,240,30.0068404209495,1.32725823703873,1201.82530451474,60.378546792603,2513.13655437438,128.652857789765,415.869922359093,3.50268634168904,13.7219445174012,0.74611783630344,0.591654385287059,4.3962647729312,3.86049247786104,0.0086754746416772,0.0006952079282688,0.0003692275927548,13.3510825400875,44.7382271844329,15.0
4.729166666,30.0051935248079,1.47564264960531,1206.12053158264,67.5118835714777,2522.168351005,128.929134142664,416.769056777551,2.22245906857977,12.0325007203782,2.05007670474841,0.618722458762324,4.79998368017428,4.07793568689171,0.0283965293611635,0.0021133737974739,0.0011525792660213,13.4495390510002,44.8341298664198,14.525261220257267,3289.74981520932,86675.0,240,30.005949824311,1.29962734090992,1203.70377433204,59.1279596770955,2518.1553509256,128.885343564878,416.657157739616,3.61286491872547,13.7536437677291,0.693777342938994,0.583241999553889,4.32316830237099,3.85645504060442,0.0080199967677238,0.0006472659622011,0.0003428659914362,13.348838345796,44.8197871456507,15.0
4.739583333,30.0058937552634,1.4485272822146,1207.17952850639,66.2170110018233,2525.39234409793,129.082084730414,417.292211798974,2.28802033499024,12.1013249518895,1.94857570019165,0.610591248980929,4.7241352797013,4.07002798852303,0.026466956729916,0.001988596176862,0.0010843208232183,13.4462895716606,44.8881607981754,14.669708516207779,3292.53850570028,88190.0,240,30.0057711413661,1.27483066508397,1205.19030001549,57.9946899732771,2522.22250940108,129.073869891878,417.314776985149,3.71312097380833,13.7743090825354,0.651779098760957,0.575485203377409,4.25660431332659,3.85462519258728,0.0074983302619481,0.0006098317361718,0.000322417957117,13.3478424656774,44.8860548449461,15.0
4.75,30.0060581044017,1.42510856052055,1208.32467120466,65.1133417157788,2528.67653927162,129.241946614149,417.85830101869,2.34413675956081,12.136786945302,1.86643028819486,0.603679237117419,4.65893233464749,4.06716402680515,0.0249613156203004,0.0018910127832765,0.0010310772888544,13.4426940486993,44.9446370783403,14.46976009226812,3295.61957767743,88720.0,240,30.0059127930226,1.25378348841397,1206.49861695869,57.0326264479213,2525.79841518228,129.241592340183,417.917855724342,3.79189792781061,13.7715156748219,0.620649470226577,0.568759882513771,4.19962317697781,3.8564204014019,0.0071145292238379,0.0005822212415231,0.0003073266182544,13.3472151965635,44.9451120823474,15.0
4.760416666,30.0055238095675,1.40355961953562,1209.45358256678,64.1037600085735,2531.82484359449,129.400107700214,418.427527892744,2.39707538620093,12.1733366838981,1.79489145423113,0.597623195846882,4.59922286256927,4.06495373291467,0.0236817046009276,0.0018068902650203,0.0009849011049901,13.4378771701174,45.0005436169428,15.36677348341229,3298.65777403481,88735.0,240,30.005855613581,1.23485263817359,1207.73156586977,56.1700533718017,2529.11946071206,129.401498388122,418.506992133146,3.86496083172385,13.7612187630545,0.59243515144794,0.562745064594564,4.14829790123326,3.85984312718879,0.0067705462156339,0.0005571052932412,0.0002935689193982,13.3461294245352,45.0014942676419,15.0
4.770833333,30.0047981793426,1.38365793752362,1210.37830017978,63.1647034291066,2534.46045899404,129.536446531529,418.928567075669,2.44238033019181,12.2190253303922,1.74356192901812,0.592167784688194,4.5437121906344,4.06207854188371,0.0227610372878002,0.0017468511941013,0.0009517547619293,13.4339617833384,45.0488290204078,14.673042189347019,3301.1379789229,88665.0,240,30.0054853038649,1.21738044789155,1208.86135197736,55.3723952178382,2532.13786888868,129.551232772362,419.070054611201,3.93125884542111,13.7556205486323,0.569243896563116,0.557225201660872,4.10077917625414,3.8633051054345,0.0064881537887715,0.0005366660017037,0.0002823530699681,13.345066256556,45.0543638926318,15.0
4.78125,30.0034136292205,1.38186779311492,1211.04544438173,63.0307017243813,2536.34366919798,129.618356650595,419.286633608248,2.3719809681486,12.0874700150857,1.89260123661972,0.590145579655996,4.53309594166836,4.08352438792064,0.0252895779751897,0.0019456119243733,0.001064923072828,13.4495566678068,45.0780322240161,15.097344509267794,3303.30212834021,108690.0,240,30.0048002772706,1.21422614028,1209.89957342982,55.2374179832633,2534.82878982971,129.681214771373,419.554433284992,3.83344508679154,13.657239889438,0.636091942848239,0.555045433903746,4.09100425562786,3.87907817767018,0.0072553361370699,0.0006043313982358,0.0003200061349721,13.3503928190508,45.1003084330437,15.0
4.791666666,29.9980387604089,1.39093821156172,1210.88544710473,63.4215579103027,2536.25949900033,129.592702968904,419.274190193322,2.23904820301714,11.9402448963329,2.14302580847635,0.592857639491023,4.55257417393879,4.10893183690775,0.0297042002500328,0.0022486947766767,0.001232091624407,13.4456775083558,45.0696737983999,14.893410305861067,3303.377303232,105880.0,240,30.0024029964655,1.22262943587691,1210.56284939702,55.6217658943791,2536.6191888365,129.767108893787,419.856208686607,3.60682981911522,13.5424795016642,0.755869480563799,0.556354251794837,4.11082369047317,3.89725202592305,0.0086787304589244,0.0007153325349375,0.0003805225829805,13.3529270934656,45.130818624485,15.0
4.802083333,29.9939702444879,1.39490345413894,1208.98779081005,63.5067333279941,2532.30355223722,129.380804396255,418.597537364739,2.17932222852064,11.9821853644705,2.2877584308896,0.594512545901446,4.55698813790758,4.11102328849137,0.0323169328873826,0.0024183330967321,0.0013230139722675,13.4335292481146,44.9964461400776,14.903419539418783,3298.32964820725,103745.0,240,29.9984821963184,1.22685224027848,1210.23257482251,55.7747354837122,2536.20307075525,129.748248362882,419.786592500876,3.47709665075498,13.562030151004,0.829830506701649,0.557240023615982,4.11845410929442,3.89929087907294,0.0095768641894302,0.0007813058634784,0.0004157524792507,13.3495656702439,45.1248334962815,15.0
4.8125,29.9938405726774,1.4014305678947,1205.61055057416,63.6368310022395,2525.08550495848,129.001542711043,417.363321474154,2.1479122006861,12.0518523426515,2.37944788077423,0.596332835881414,4.56352927601446,4.10935230312242,0.0340485236431098,0.0025326154754322,0.0013848335807181,13.4314107117008,44.8649947718005,14.985946768260368,3289.1720591189,105790.0,240,29.9957862941381,1.23121508457859,1208.49788018615,55.8802875171332,2532.6520034931,129.569008408616,419.178067548094,3.39333603518761,13.6474158932855,0.886533903746988,0.5582956040663,4.1238345869629,3.89399265765784,0.0102707997714516,0.0008328158190129,0.0004433806285887,13.3485222302202,45.0630058561401,15.0
4.822916666,29.9954865626542,1.39827124048015,1202.54655414971,63.3702847838268,2518.70858798901,128.675904301886,416.275876380361,2.18566952819067,12.2244117671225,2.29966009986043,0.596800589044723,4.54736486511559,4.09173879346034,0.0322427235548408,0.0023937574163736,0.0013041438479631,13.4220429953313,44.7523614588977,15.377626641921557,3280.74717679777,89650.0,240,29.9951549774799,1.2274865879868,1206.00149805485,55.5901903862466,2527.4865539225,129.311479142641,418.315501225951,3.43388919436986,13.8219917531483,0.847244762962363,0.557800513267326,4.10637900957757,3.87684419255755,0.009791831844064,0.0007889146218681,0.0004178944689944,13.3449092292312,44.973978866018,15.0
4.833333333,29.9995353040578,1.39267915387922,1200.69039036473,63.0075413661379,2515.07272498735,128.489847297004,415.655088152885,2.24336369344613,12.3603766010895,2.1942963526448,0.594865442362889,4.525440581968,4.07606795731588,0.0302718974936162,0.0022631611945348,0.0012319605886526,13.4291625643963,44.6883069873091,15.256980244367842,3275.70292436657,97675.0,240,29.9964430325399,1.22004819901942,1203.60936347479,55.150062564848,2522.5940655773,129.06224642247,417.504598940058,3.54773580103453,13.9791539087934,0.787897637365453,0.556113708126368,4.08002349167335,3.8611370103861,0.0090604923783334,0.0007361611964294,0.0003892863460273,13.3447301540805,44.8878911788947,15.0
4.84375,30.0017537733993,1.40825819718744,1200.24522095087,63.7022059624475,2514.40175155055,128.425325629615,415.491001633337,2.17915658228345,12.1898879289146,2.33982500751581,0.598029581087389,4.56148595169221,4.09885736162424,0.0332639651194156,0.0024823255448788,0.0013569726766981,13.45170469057,44.6664109351475,14.721079292294789,3275.19893749647,113180.0,240,29.9991748461834,1.23084379976193,1201.75966241566,55.5778411715811,2518.83471832571,128.849806082347,416.820864232599,3.45859354680759,13.9300758025532,0.863958480665982,0.55856197140395,4.10229067448939,3.87046760398416,0.0099758312503558,0.0008132271015869,0.0004325523616621,13.3525837773725,44.8145749508263,15.0
4.854166666,29.9978461020404,1.42541698949532,1200.47493384395,64.5768273862493,2515.10878973515,128.427907142404,415.516683023465,2.09762793810969,12.0446343272217,2.51963805206189,0.60443204986227,4.60974077198703,4.11860281060154,0.0369172376094218,0.002719888059191,0.0014876781218741,13.4499339601211,44.6677588080175,15.0972491261104,3276.57967495443,105910.0,240,29.9995229921257,1.24743050607896,1200.9797487739,56.3211928074421,2517.4351174212,128.754634583711,416.498664698231,3.30207245987171,13.8375440298718,0.963020035835824,0.563141171618469,4.14272069333869,3.88340816200385,0.0112149428397353,0.0009030868849761,0.0004813475995014,13.3546648585299,44.7820275547944,15.0
4.864583333,29.9953046158546,1.43592945960851,1199.79022108632,65.0706714017093,2513.78038857192,128.333293028153,415.179116372215,2.05515800855373,12.0433737756392,2.64490148707525,0.608462831475541,4.63948440619403,4.12028500811076,0.0395195600016271,0.0028832711979655,0.001575449967497,13.449282302444,44.6351570901248,15.286013874085612,3275.09163566284,107180.0,240,29.9975827615433,1.25795030597201,1200.53131695133,56.8009233789625,2516.75591323302,128.700828617922,416.287243861492,3.21816765512924,13.8342963384052,1.02360113883417,0.56642772267842,4.1700621859026,3.88453221727727,0.0119891523947637,0.0009588339308453,0.0005114058480751,13.3536923971123,44.7638164620755,15.0
4.875,29.9957104848716,1.44449743994106,1198.27289437868,65.4453863048449,2510.73190195103,128.149660551965,414.533494307715,2.0195382157073,12.0757750917608,2.77143208249895,0.611550450003067,4.66211405633192,4.11653956586181,0.0421223330930286,0.0030441464526456,0.0016614331966064,13.4517952946186,44.5714283558367,15.00457608194328,3271.27857438755,102610.0,240,29.9963371392658,1.26562009585533,1199.65068873512,57.1229230652913,2515.13060271325,128.59957980008,415.900360312886,3.15160298935466,13.8912138518552,1.07681739372828,0.568879750053354,4.18937848456301,3.87770530867655,0.0126717527676951,0.0010066999989264,0.0005369351514169,13.3538953347333,44.7289805353907,15.0
4.885416666,29.9980500817765,1.44067409083891,1197.00198494939,65.2459234340439,2508.49155883452,128.021470132557,414.036492653697,2.0287034494158,12.2280439480168,2.77304551655972,0.610872996453857,4.65175878690725,4.09461473256066,0.0417811262208139,0.0030086753543128,0.0016377562652876,13.4469547400496,44.526940241491,14.995825384763188,3267.99327768427,90490.0,240,29.9966042414869,1.26219168714858,1198.51862402214,56.9138397625758,2513.08774619209,128.486835182416,415.463340068698,3.17724116299169,14.0602303207361,1.05032470741058,0.568366720283111,4.17833897297499,3.85530520649884,0.0123301253049171,0.0009759259567011,0.000518849317217,13.3509595648108,44.6900432258021,15.0
4.895833333,30.00158589541,1.4580940520657,1196.55154485872,66.0042262534214,2507.9934119033,127.95144538552,413.793261247161,1.95414399879621,12.0706752106424,3.04093079429797,0.613799304008319,4.69339334771663,4.11095775902286,0.0483625919025899,0.0034420277536455,0.0018783250688595,13.483958045676,44.5022881688636,15.085542127952616,3267.59713336274,122395.0,240,29.9987341380044,1.27423308504335,1197.46244861701,57.4311080107599,2511.19821335605,128.359972491796,414.987188693591,3.06287536877459,14.046973436728,1.19292785458115,0.571086611040679,4.20785891567553,3.85495556068841,0.0141634823111469,0.0011273243431649,0.0006038248686131,13.3612340431641,44.6459537683284,15.0
4.90625,29.9969064850902,1.48632687628221,1196.81014833088,67.5209455585636,2508.88044553653,127.929695722257,413.710877918036,1.83746911451354,11.7745819518437,3.46402453239499,0.624650646878624,4.77909745443034,4.14530317464358,0.0595925752361928,0.0041435590378717,0.0022665863197656,13.4914542340927,44.4940910247618,15.0,3269.50965306827,112950.0,240,29.9991692642719,1.30300498218066,1197.01305305853,58.7465564194439,2510.64784267056,128.285114235578,414.661302224101,2.78617340162002,13.8810629940262,1.47223741797566,0.578804512019201,4.28228343946544,3.87200545212088,0.0180011694270138,0.0014013652793172,0.0007536810946767,13.3692829788295,44.6197307941116,15.0
4.916666666,29.9933713719055,1.4987111839416,1196.0119508127,68.1967031397728,2507.36789755668,127.806686334264,413.218770783138,1.8018755791872,11.7598735075633,3.63390639393705,0.629535291387994,4.82263067342609,4.14506739617148,0.0642617012213752,0.0044208317823885,0.0024176251374991,13.4825603772334,44.450718094132,15.0,3267.78954504051,108365.0,240,29.9964069533987,1.31831317824642,1196.70790329815,59.4525914320502,2510.43712556597,128.240763767717,414.401168820099,2.66150331058695,13.8828107882031,1.60987281229833,0.583431114245988,4.32468196482343,3.86754179853048,0.0200213861458371,0.0015357417261167,0.0008255693630486,13.3660069726507,44.6040597353419,15.0
4.927083333,29.9950610851446,1.50709722923592,1194.19334863679,68.5725279890251,2503.72127721924,127.580061519602,412.371255540348,1.79341944505607,11.8144624009413,3.69380574858259,0.631522000307322,4.84785481320309,4.13576515907045,0.065772701095463,0.0045034400072688,0.0024608569875207,13.4824666499006,44.3714174908798,15.0,3263.10741629691,105315.0,240,29.9950658507715,1.32641385992722,1195.74219023806,59.7970749160576,2508.74579369626,128.123677849439,413.89154036671,2.61717896414569,13.9696348098056,1.66201924774074,0.585907686160053,4.34770945715636,3.85302556765648,0.0208079010630646,0.0015847784005509,0.0008510938222599,13.3646963473677,44.5630235453876,15.0
4.9375,29.998732889867,1.49656708893655,1192.9352981382,68.0415798987397,2501.68855905128,127.462519195071,411.839898082314,1.83702600739797,12.0620923669448,3.51912392373658,0.628105872435214,4.81958114715734,4.09910918954695,0.06003777156261,0.0041424570061067,0.0022576001103132,13.4644019269479,44.3304069811131,15.0,3259.72369601004,83415.0,240,29.9960388833585,1.31690144401447,1194.52776307604,59.2989975154291,2506.68328851164,128.007232645416,413.374382370376,2.70154059213773,14.227470709401,1.52492242224055,0.583793516327063,4.32164433540258,3.8160450711349,0.0187861632719362,0.0014275993413483,0.0007623025768621,13.3572299284876,44.5223168928961,15.0
4.947916666,30.0044432238631,1.50539802943597,1192.98485842863,68.3942100505487,2502.45368779073,127.462650265016,411.770324492728,1.82239796423763,11.9940010546957,3.5734860521919,0.626709627949484,4.83818789987316,4.1014963694006,0.0622034700147742,0.0042769354139966,0.0023331085692502,13.5020140088461,44.330065764173,15.0,3260.54684759387,120610.0,240,29.9994345036266,1.31985901543753,1193.5896076501,59.4330025508012,2505.19706829338,127.894419759356,412.913032427181,2.71944159984107,14.26568752033,1.54809973272842,0.58405474607704,4.32992141552237,3.80689095984786,0.0191305280855936,0.0014740439996072,0.000791459023155,13.3659922598422,44.4827129784559,15.0
4.958333333,30.0010361047097,1.52741260925176,1194.51217562087,69.7162118939129,2506.22854174924,127.593118453368,412.157196740844,1.75634761095118,11.7130601173826,3.82587697498269,0.634272168513441,4.91112649125944,4.13205430585031,0.0704911795375532,0.0047883422447887,0.0026214530250665,13.5067364925646,44.3748215613429,15.0,3265.93654951468,109155.0,240,30.0017077921095,1.34308928566314,1193.72557812398,60.5572370092228,2506.01997356369,127.876038041994,412.777446765695,2.56277632747749,14.0560125625559,1.7494659244475,0.589814841809166,4.39299471964201,3.82816566657472,0.0221673568777115,0.0016848312871558,0.0009073411830574,13.3743269768109,44.4758855249225,15.0
4.96875,29.9965846366209,1.53841999379402,1195.22787346586,70.3654357054854,2508.01538454566,127.641924123212,412.212908223934,1.73656602987787,11.6837156543432,3.8871388008239,0.637807741951045,4.95144758210106,4.1337691251981,0.0729356399901613,0.0049350758266449,0.002704538549031,13.4960759726947,44.3912943447414,15.0,3268.39111530667,112945.0,240,29.9996454095911,1.35691568727173,1194.50357849908,61.2756099141235,2508.21928891745,127.94237806268,412.890563582801,2.49120671791176,13.9746486153451,1.83874289107163,0.59369261042112,4.43496038002444,3.83373669495814,0.0236314751602125,0.0017838030068897,0.0009615779267597,13.3713154795821,44.4986059092569,15.0
4.979166666,29.9956868689809,1.54592564103962,1194.38870210605,70.7417878754288,2506.3484544131,127.519498154871,411.694760581027,1.73995155564676,11.7497429185696,3.84269671225486,0.639858122994393,4.97627072291636,4.12527644943626,0.071739308507891,0.0048622377354538,0.00266473474501,13.485160123617,44.3484481080684,15.0,3266.28123842891,105370.0,240,29.9974452078512,1.36521789242033,1194.69260044721,61.6998225038839,2509.005027719,127.94321918427,412.774649313894,2.47020374136348,13.9919918942172,1.84476858555435,0.59615697920631,4.46173499826203,3.828817556751,0.0237672204673101,0.0017842018012476,0.0009606508819203,13.3679682721871,44.4986036851251,15.0
4.989583333,29.998008263942,1.54051852246483,1193.36123601225,70.404521846168,2504.51514807768,127.405720579196,411.183353622246,1.78524252009001,11.9667608705167,3.60239391157875,0.637827897440338,4.95936651385241,4.09654972060646,0.064145981666869,0.0043978000065022,0.0024057442470227,13.4692397113519,44.3090598685321,15.0,3263.38428000455,94475.0,240,29.9970570267972,1.35926850348581,1194.1960841424,61.4134089454868,2508.35319119147,127.886782155709,412.463868299653,2.5553080992759,14.1722083870121,1.68574262244229,0.595142583150743,4.44772911987391,3.80400778769798,0.0213099930431051,0.0016025116423756,0.0008594357404956,13.3608745887042,44.4788773297656,15.0
5.0,30.002613903426,1.52122140668835,1193.15957449937,69.3723582657145,2504.81428148873,127.417987456409,411.080918177868,1.7684715208696242,12.2748442526078,3.21613252720843,0.631715498955627,4.9013325066093,4.05383208933617,0.0531026358191559,0.0037069201655168,0.002021500386097,13.4558053769276,44.3138939230951,15.0,3262.61926035839,84950.0,240,29.998751981947,1.33907311311012,1193.67521003192,60.467014852488,2507.79277806491,127.846997301536,412.225619792963,2.75443881378476,14.4497107564501,1.40618198388237,0.590499590363119,4.39486045024313,3.76670691063135,0.0172269711451594,0.0013092091989914,0.0006983524812004,13.3536790088089,44.4651535591122,15.0
5.010416666,30.0078806796069,1.49219535556742,1194.09428093669,67.9218948704431,2507.834316373,127.577598210499,411.493789119019,2.5643266690559106,12.5279848833899,2.83039511525288,0.622962935664784,4.81904272777713,4.01637363396117,0.043594071440208,0.0031027090521036,0.0016881375748431,13.4524689082589,44.3701233130063,15.0,3264.96900211699,84950.0,240,30.0020563637038,1.31272199194474,1193.62817190407,59.2735643531416,2508.37145414265,127.863433401396,412.221314922628,3.01660854276047,14.6735026837486,1.13696503491188,0.584032098401844,4.32669250664143,3.73618378934123,0.0135540174787582,0.0010494179090102,0.0005576089373415,13.3501416364604,44.4711285453817,15.0
5.020833333,30.0115933684873,1.45180802062779,1196.12738983842,66.005308926596,2513.39808731914,127.881432603995,412.412558832707,1.8687515036501772,12.7218640056736,2.48695697634013,0.612065173060905,4.71120835609898,3.98620533568724,0.0359982855527297,0.0026112306066159,0.0014179020354351,13.4457026510232,44.4765654021668,15.0,3270.22600719227,79820.0,240,30.0058759129108,1.2815661996085,1194.34267830181,57.8777309301397,2510.70741766574,127.970309115733,412.564759738535,3.29342333356783,14.8049316927101,0.919429671289889,0.576001502253968,4.24670295616686,3.71733765847638,0.0107422959782594,0.0008467607285958,0.000447891547038,13.3474214627637,44.5086833313041,15.0
5.03125,30.0135379148298,1.40429112618215,1198.92879074458,63.7974540851881,2520.59609039157,128.287023297397,413.689134820662,2.079879616299609,12.9063821393577,2.17859057955093,0.599379255575648,4.58731618024609,3.95813474888639,0.0299021163471682,0.0022119045305807,0.0011988685959071,13.4386370297345,44.6183611654818,15.0,3277.43764087866,79030.0,240,30.0090666651131,1.24466601850535,1195.85677563394,56.2264376146003,2514.82104386813,128.177705934463,413.280006438645,3.58163905807296,14.8768584364209,0.747546539284232,0.566030001824691,4.15234610541991,3.70641538399411,0.0086067412602174,0.000691673294331,0.0003641038710694,13.3445782863116,44.5812897775519,15.0
5.041666666,30.0142247681132,1.35894951758709,1202.19503475163,61.7370889601992,2528.6143853893,128.743973679592,415.164549624301,2.9075881679811144,13.0531870404255,1.94555902330451,0.587003953959868,4.47114513650313,3.93625985735551,0.0256928353306187,0.0019352720812056,0.0010477699593353,13.434268719931,44.7779314258044,15.0,3285.92472287312,78050.0,240,30.0113337547502,1.20717056575257,1198.07849924629,54.552866392877,2520.39303222058,128.472024188056,414.308934450204,3.83139470046265,14.8964234401203,0.630451862904714,0.555293034162636,4.05676199091008,3.70279970142552,0.007189072034977,0.0005877514646843,0.0003079825548679,13.3429207222273,44.6841530817212,15.0
5.052083333,30.0140258877548,1.31856223520292,1205.58459612633,59.9327514458831,2536.71037444641,129.209772657035,416.690742008486,2.129355287039264,13.190251067204,1.77079023559668,0.575863723788727,4.3684469345768,3.91665143875008,0.0227341487233113,0.0017392801433461,0.0009406614620116,13.4296635387294,44.9404818971722,15.0,3294.80153893598,76235.0,240,30.0126151633434,1.17119113676898,1200.78462535852,52.9540126886317,2526.88079411218,128.82717778148,415.552944036528,4.04158533870428,14.9042422550516,0.547941931856154,0.544555714135511,3.96512213767836,3.70129221243256,0.0062077131571994,0.0005148721461173,0.0002685490843931,13.3413672629596,44.8081666672984,15.0
5.0625,30.0135350221027,1.28371000842456,1208.84856656089,58.3907736409539,2544.39306516751,129.655815656634,418.169239227511,2.2532260088936216,13.3244750757563,1.65002396238127,0.566025851001885,4.27977620026227,3.8978630654718,0.0207711842290565,0.0016097956207622,0.0008697795053631,13.426451277503,45.0960422838061,15.0,3303.41512690298,74945.0,240,30.0131261797781,1.13832801369183,1203.73011646173,51.501832020548,2533.74473905749,129.21305330741,416.905533000938,4.21304447518601,14.9214995148863,0.490773883342088,0.534394441244176,3.88138947185656,3.69899783518673,0.0055344658626399,0.0004646800466337,0.0002413413174191,13.340083512036,44.94282488344,15.0
5.072916666,30.0131086399788,1.25388918373969,1211.87276234003,57.0763709920993,2551.47011976457,130.071833926359,419.560802852506,2.944017881078312,13.4573885159739,1.58298851267641,0.557362392206141,4.20348109317814,3.87906410219205,0.0196795790572336,0.0015395240907434,0.0008310011102831,13.4245810723249,45.2410103902966,15.0,3311.4696751994,73235.0,240,30.0131979131985,1.10927152958205,1206.71548715847,50.2235665157644,2540.57841482267,129.606390379004,418.283583630102,4.34217058508577,14.9592100339911,0.454069979076655,0.525107699282234,3.80718781504923,3.69411411164466,0.0051029816098168,0.0004327972989954,0.0002239725629179,13.3391666637994,45.080001129812,15.0
5.083333333,30.0128884402575,1.22686562415537,1214.61535734908,55.8777344150738,2557.89265311383,130.458707546695,420.860641097495,2.2321232971350975,13.6036018805309,1.55003038932292,0.549220414084014,4.13374854689696,3.85792029412919,0.0191117165342593,0.0015049125748685,0.0008114719285779,13.4225665404722,45.3756698285898,15.0,3318.81057251307,71060.0,240,30.013098763707,1.08325606386195,1209.59197899176,49.0793347131833,2547.09628635916,129.991811572123,419.632118760189,4.43883014140225,15.0289094513016,0.430173123934707,0.516569236625538,3.74041463517009,3.6847675383493,0.0048211137117194,0.0004123711995024,0.0002127368241464,13.3382657592576,45.2143150080341,15.0
5.09375,30.0129004310974,1.2021231416882,1217.04440561178,54.7628068826134,2563.58462385303,130.814090071035,422.064691783927,2.2536772729706263,13.7437471372535,1.54747730427884,0.541322730732916,4.06917456977536,3.83708552897811,0.0189983393707915,0.0015041446379448,0.0008106654445065,13.4224011367594,45.499209119641,15.0,3325.32737049152,71330.0,240,30.013006880279,1.06042529162418,1212.31432991714,48.0746770135989,2553.22467419541,130.365344508394,420.933039255112,4.49782698544132,15.1219254758535,0.420397184366654,0.508822325751534,3.68169729687591,3.67174358598712,0.0047001824435298,0.0004052337066087,0.0002086763241043,13.3379119669225,45.3443531780902,15.0
5.104166666,30.0128610823893,1.17915838642418,1218.99978018195,53.7060137955265,2568.17919821745,131.121561972902,423.121423137264,3.601673579063414,13.8740202099284,1.5569581250008,0.533890080347124,4.00816118461249,3.81758061151601,0.0190616143763392,0.001514037537985,0.0008154407284636,13.4212675384462,45.6059664092813,15.0,3330.55045778578,70630.0,240,30.0129596555954,1.04039212868914,1214.80282444699,47.189670371651,2558.80080025617,130.719614656999,422.160535807738,4.52551006080172,15.2313753636987,0.418680193925843,0.501871454785131,3.63005734765282,3.65589468092991,0.0046718755467437,0.0004053901036884,0.0002085092015468,13.3377092861062,45.4675417985624,15.0
5.114583333,30.0126755014653,1.15412277099861,1220.28264802358,52.5311753994823,2571.23483712668,131.364783975148,423.970147421792,3.6422757462509328,14.0528328647982,1.50763319234118,0.526265552460355,3.94042279219994,3.79236256978586,0.0182915221143814,0.0014589217371761,0.0007839167531839,13.4138809554284,45.6903482214211,15.0,3333.80545512608,66320.0,240,30.0128765324934,1.01975715407973,1216.85310705522,46.2625265389698,2563.36788649587,131.03211063573,423.256285852621,4.58693219989607,15.3718962370085,0.400886362480299,0.494931564357597,3.57605162369503,3.63605557592508,0.0044669181176922,0.0003894140612102,0.0001995748359752,13.3360399541467,45.5761156876597,15.0
5.125,30.012768777812,1.12611247072513,1220.94788426927,51.2064006330099,2572.84039771169,131.547249061939,424.6308315625,3.02380282101851,14.2807104585423,1.3879937709684,0.518106313607251,3.86404942353647,3.76160212871229,0.0165806350324315,0.0013358485819071,0.0007153525090313,13.405360566584,45.7536331941295,15.0,3335.1947973244,63180.0,240,30.0128010424905,0.997107554426236,1218.37373546708,45.2268493233224,2566.69635711253,131.288980809079,424.193484676061,4.71225516342642,15.5348499194901,0.364298728453243,0.48756044382349,3.51566544373438,3.61409891259512,0.0040542488487232,0.0003551459604132,0.0001808501069129,13.3336914614393,45.6653337238362,15.0
5.135416666,30.0133259368633,1.09762281525637,1221.22502820799,49.8561311991615,2573.46189270204,131.686752659192,425.177813692,3.017056464655511,14.5044788845527,1.2433870933267,0.509780546526604,3.78609542697278,3.73215078562206,0.0146091431913814,0.0011945092507383,0.0006374714603239,13.3990530134476,45.8020314704615,15.0,3335.40723744813,60945.0,240,30.0128908773716,0.973971963328517,1219.42887077965,44.1539110600576,2568.9019095752,131.493725953575,424.989614715418,4.86684558059382,15.6930480867928,0.323838382760405,0.480051487645299,3.45293120974113,3.59367875187183,0.0036008298705162,0.0003168107004436,0.0001600589242795,13.3318917437128,45.7364422296865,15.0
5.145833333,30.0141480684014,1.07003025191368,1221.3147637181,48.5495385723461,2573.52109982871,131.801321930803,425.677787112687,2.7985854381519255,14.695989446483,1.09489640266236,0.501814136414359,3.71051177472225,3.70759661830735,0.0126707732545772,0.001054213573376,0.0005606600358962,13.3941333806406,45.8418293177271,15.0,3335.02975536027,59180.0,240,30.0132153148406,0.951446401670409,1220.12324320362,43.0973268880301,2570.19698544183,131.656092015869,425.677897474626,5.02710424027403,15.8306669247086,0.286001921077413,0.472699935946039,3.39093228312802,3.57676033786185,0.0031791463917698,0.0002803530288706,0.0001403737946712,13.3305507937592,45.7928479612058,15.0
5.15625,30.0149729925261,1.04356626425501,1221.3326049888,47.3011034520493,2573.27478637684,131.901728284754,426.169228287916,3.859564396656588,14.8452249298696,0.947523887602132,0.494233341096179,3.63816055319867,3.68927720538745,0.0108210932352163,0.0009175069260889,0.0004861037676936,13.389638497269,45.876788660136,15.0,3334.39218003787,57405.0,240,30.0137211649472,0.929926335272022,1220.56391092596,42.079802443507,2570.80763315646,131.786712401364,426.294158265311,5.18636133598165,15.9398917029882,0.25156045185425,0.465639549110071,3.33100420337099,3.56428607360529,0.0027973615684129,0.0002463421648966,0.0001220759720211,13.329419449435,45.8382664626097,15.0
5.166666666,30.0156374729056,1.02022750262117,1221.31897588217,46.1971375950413,2572.80978314596,131.988068463457,426.660237108681,4.126681185835726,14.9136102729527,0.830040978116811,0.487267745849849,3.57404680507819,3.68242670295655,0.0093887583270569,0.0008128597559633,0.0004296083583946,13.388494403776,45.9069516166206,15.0,3333.66086535895,59255.0,240,30.0143190652376,0.91093607149759,1220.84356818782,41.1754777527632,2570.94673283082,131.895503299968,426.864630498879,5.31821157267833,16.0026148915052,0.227114821760651,0.459272545953518,3.27755277527931,3.55835415287317,0.0025262564473564,0.000221873847957,0.0001089407775685,13.3290522126842,45.8761405324137,15.0
5.177083333,30.0158505828834,0.999373746560922,1221.25108644197,45.2089258117207,2572.09241648533,132.060073528852,427.141285854078,3.2301200880914624,14.922700515794,0.724838737731317,0.481097802202893,3.51641869985205,3.68441637841171,0.0081387832528397,0.0007172502219918,0.0003780506663224,13.385485827849,45.9322236619929,15.0,3332.76450883796,57700.0,240,30.0148613973413,0.894227875853377,1221.00716449576,40.3752415986484,2570.71804945614,131.987288666667,427.404463246453,5.43023694321259,16.0195356256076,0.206490543602163,0.453615166946403,3.23008605689392,3.55892555497175,0.0022987337428204,0.000200872676581,9.77201987434844e-05,13.3286468393309,45.908158550143,15.0
5.1875,30.0156087516691,0.979941761848252,1221.05712910468,44.2848997389373,2570.98272659225,132.110212083571,427.586127393924,3.6456869475432034,14.8896120798131,0.629244365832389,0.475341511035311,3.46223154111949,3.69335763550949,0.0070249540877044,0.0006317973199306,0.0003323276981717,13.3822263011728,45.9499860168204,15.0,3331.47831069764,58645.0,240,30.01518628735,0.879028172999761,1221.06326870841,39.6440861316609,2570.14466873754,132.061877506974,427.917026699318,5.53893145407899,15.9947776756569,0.188100580387885,0.448458215704166,3.18652952539109,3.56577115151848,0.0020962759097627,0.0001815317540027,8.74273888096796e-05,13.3280460994723,45.9342754952866,15.0
5.197916666,30.0149635791774,0.96454985316708,1220.65016290825,43.5338387066252,2569.29346447607,132.127076254671,427.956415508135,4.608432903852954,14.7833214639387,0.570084636958625,0.470405492904809,3.41774956672411,3.71343779801241,0.0063425387531331,0.0005828312788625,0.0003069857407127,13.382155375673,45.9562485251646,15.0,3329.63790478419,62250.0,240,30.015228745421,0.866996239762949,1220.98551930452,39.0570184151398,2569.19386870855,132.117379459431,428.385322875569,5.61051845530805,15.9126497712453,0.178056103178505,0.444241520418977,3.15133120029175,3.58081657352214,0.0019847802691644,0.0001713256691967,8.2053596269015e-05,13.3282409874018,45.953810962087,15.0
5.208333333,30.0137900337187,0.950644141007233,1219.9880725893,42.8472901803509,2566.96444237613,132.111752446103,428.23843927021,4.009885069302132,14.6662557084135,0.511097143480366,0.46619539792841,3.37647631816935,3.73653276444905,0.0056718950349306,0.0005297853057966,0.0002789907427659,13.3774601775948,45.9513683329773,15.0,3327.0760238963,59970.0,240,30.0149019829509,0.856457806341855,1220.73116761129,38.5355782649357,2567.77184453158,132.148859239401,428.797106810902,5.67586502570661,15.7972400083384,0.167591548598939,0.440568911317774,3.1197727549541,3.60135832642845,0.0018697886245696,0.0001604234368728,7.63261891253449e-05,13.3277447745183,45.9650593174517,15.0
5.21875,30.0124424538206,0.937852318919779,1219.02441211529,42.2010982179671,2563.9135629792,132.058698749994,428.414061661346,4.803310280904342,14.5446588035121,0.46413905041841,0.462222676335453,3.33707886722898,3.76181212223405,0.0051402386184889,0.0004904020963061,0.0002587049458765,13.3739436683257,45.9334158973925,15.0,3323.6589372159,62760.0,240,30.0141996715736,0.846849757610232,1220.25987354248,38.0519752134075,2565.80061151041,132.151729645442,429.136961189298,5.74128946415969,15.6609746953042,0.158660181114905,0.437216853774544,3.0901393018929,3.62602047919898,0.0017712991807819,0.0001507969915814,7.12861549360024e-05,13.327099153492,45.9664271635435,15.0
5.229166666,30.0110756619168,0.927879960355252,1217.73990617931,41.6701532285552,2560.11152159011,131.9672833174,428.471501290061,4.639275076146347,14.4096712765362,0.439800292353554,0.458915835528518,3.30399337412914,3.78999583881485,0.0048639491995964,0.0004720527511954,0.0002496381782982,13.3715684772066,45.9021308779887,15.0,3319.39687236257,63775.0,240,30.0132263118181,0.839228032429269,1219.51456508913,37.6522734963344,2563.17965048708,132.121588590876,429.378959388303,5.78062894737185,15.5028471422236,0.154274285201571,0.43446308404002,3.06516771137312,3.6547554936934,0.0017221790766952,0.0001466132708911,6.9135196865632e-05,13.3268868710359,45.9563545631238,15.0
5.239583333,30.0097248460893,0.919105642621869,1216.26490690462,41.1893075103885,2555.86061347239,131.855311654861,428.458371497058,5.600828404685205,14.2970429562464,0.420670331062675,0.456046861817148,3.27352525401399,3.81594568958918,0.0046473744828722,0.0004568302739073,0.0002418503284957,13.3677427688285,45.8636859876434,15.0,3314.61914777022,63745.0,240,30.0120920352837,0.832490333757197,1218.50920219518,37.2862526591898,2559.9449010607,132.061023388882,429.529316004454,5.81333714413935,15.348079632548,0.150623481386957,0.432020491817383,3.04188437990123,3.68420297656739,0.0016812647586721,0.000143029664335,6.72575115357975e-05,13.3263270520872,45.9357288933333,15.0
5.25,30.0086560879842,0.909393812712446,1214.728823619,40.6701678116478,2551.45152622495,131.738426420063,428.424647127286,5.003858108284513,14.2327346175583,0.391500967094052,0.453106804004314,3.24073427084731,3.83576523627826,0.0043209069500446,0.0004281257109219,0.0002260874916053,13.3621198081544,45.8235158556531,15.0,3309.62783029395,60150.0,240,30.0109481872975,0.825097027511983,1217.33169451039,36.8856989419965,2556.28441962655,131.979968534626,429.622433666329,5.86093718235929,15.2229054836611,0.144355561119422,0.429416248315145,3.0163086294723,3.71075454101005,0.0016123391433449,0.0001357671261456,6.33521600188318e-05,13.3252014305673,45.9079988517502,15.0
5.260416666,30.0082287091892,0.899480770695817,1213.25104387306,40.1432664655236,2547.12903970312,131.627138091897,428.413198893603,5.078603134396601,14.1900446888886,0.365761777884824,0.449966479758919,3.20769746794574,3.85253547065833,0.0040327963254329,0.0004046014325332,0.0002134582586504,13.3590922915126,45.7852762119692,15.0,3304.76172242939,60230.0,240,30.0099797243874,0.817290840854483,1216.05271425217,36.4634308169549,2552.35613151962,131.886467154639,429.682215287613,5.91366596465693,15.1251402899305,0.138423124876694,0.42664997661092,2.98932973537806,3.73431440095461,0.0015467959306139,0.0001286484198331,5.95323235068029e-05,13.3243593902272,45.8759494697297,15.0
5.270833333,30.0083723154906,0.890477113502773,1211.98503805243,39.6650400404157,2543.21291338697,131.537949857086,428.478083615026,5.305932628822884,14.1497876817693,0.346295798877717,0.447058680900671,3.177839414198,3.86831072959895,0.0038151531780064,0.0003861302761144,0.0002033707069422,13.3573764860948,45.7546893861603,15.0,3300.47528575357,58340.0,240,30.0093460209095,0.809861497481168,1214.75322231114,36.0582260725883,2548.33957223366,131.790083781117,429.735410873743,5.95681711644939,15.0445974961179,0.133987149162674,0.423974512675476,2.96339009643219,3.75574649309208,0.0014975081967521,0.0001233985984022,5.66949175538017e-05,13.3239152881402,45.8428877249963,15.0
5.28125,30.0088387987525,0.882725769015223,1211.00579913284,39.2521100108762,2539.86422852338,131.478797776725,428.646466120446,5.308859552073473,14.1028632985803,0.333972502323302,0.444451237840665,3.15215034431601,3.8840977936071,0.0036767071984429,0.0003759489986991,0.0001980016667222,13.3570411127086,45.7345173039517,15.0,3296.98643915117,59050.0,240,30.0090741424839,0.803140966956863,1213.53252057516,35.6887145409937,2544.45081391947,131.701967376429,429.817022413608,5.99064158711809,14.9741503004194,0.131064331916256,0.421521831564917,2.93969387338897,3.77560743388821,0.001464588376386,0.0001200052081412,5.48577318955179e-05,13.3237310762001,45.8126805042117,15.0
5.291666666,30.0093293516828,0.876508683111693,1210.27427983908,38.9176589060795,2537.00585678135,131.445988158531,428.904025407439,5.069526297526766,14.0462382026181,0.326720673982069,0.442318108943429,3.13132825340936,3.90027862494337,0.0035948240243125,0.0003701760001172,0.0001949117982239,13.3568822142096,45.7234749046525,15.0,3294.20346299784,58460.0,240,30.0090885570273,0.79753554264008,1212.45099106515,35.3755869381121,2540.82670244488,131.629169624836,429.947797663475,6.01278106557213,14.9059312504927,0.129415206806259,0.419445379472918,2.91952836449366,3.79464002965357,0.0014456416644027,0.0001183210226884,5.39303832898758e-05,13.3237047570658,45.7877719524371,15.0
5.302083333,30.009643087304,0.871347311224837,1209.69315193816,38.6368666383206,2534.43878780233,131.429029266142,429.216581399461,4.91170594117501,13.9851199807869,0.321442936433335,0.440530757230827,3.11378945110359,3.91638305175757,0.0035351097816873,0.0003666533072886,0.000193129131437,13.3566804402598,45.7179275822077,15.0,3291.84925846996,58890.0,240,30.0092457974701,0.792836006257069,1211.5327434196,35.1100026638135,2537.52333604457,131.574253867937,430.137240376643,6.02987588926326,14.8387641071872,0.128235749275423,0.417698281164847,2.90236643875096,3.81290571424341,0.0014319209220074,0.0001171876016179,5.3306595004892e-05,13.3236641735025,45.7690564030463,15.0
5.3125,30.0097031079117,0.867764930577923,1209.1394936158,38.4285912520633,2531.90650368333,131.414231320342,429.538139073466,5.025219430835319,13.9147033167191,0.321342640786237,0.439187687437517,3.10050006543652,3.93324882344979,0.0035323531690509,0.000369089016983,0.0001947097763967,13.356940885725,45.713122220733,15.0,3289.6050608743,59970.0,240,30.0094146190147,0.789395538718999,1210.73912278975,34.9067982899996,2534.46925424609,131.533279968038,430.370178492873,6.03752684747553,14.7666920728149,0.128196212728685,0.416384081420359,2.88905706426368,3.83115159546091,0.001430635705817,0.0001176556406606,5.35563158024829e-05,13.3237616680827,45.755164960899,15.0
5.322916666,30.0094248824174,0.865927532738043,1208.50848158389,38.2971669010459,2529.19547216176,131.390377699749,429.829218949788,5.298306532918219,13.8373627617144,0.326270807002546,0.438365905305005,3.09156645983745,3.95077839140462,0.0035849961431897,0.0003769121690893,0.0001992651682697,13.3572225024673,45.7051651366205,15.0,3287.19441182464,61470.0,240,30.0094784266446,0.787365590348485,1210.0097543177,34.7710057282128,2531.54552002011,131.499820522199,430.623925935173,6.0350195160944,14.687788978858,0.129296792045698,0.415558142202351,2.87983061253404,3.84968142589162,0.0014418067451264,0.0001196992579857,5.46574194045294e-05,13.3239363424732,45.7438666245341,15.0
5.333333333,30.0087942992876,0.864868878569107,1207.70982314382,38.1983183996529,2526.12674276027,131.348436052945,430.057476378684,4.41704572560001,13.7690325866603,0.329858132201147,0.437893331458977,3.08428491208693,3.96713622229197,0.0036234876969285,0.0003816814546574,0.0002018919897517,13.3562890138186,45.6909227347296,15.0,3284.34878960257,61400.0,240,30.0093372056339,0.786184284745681,1209.2794256752,34.6750241280946,2528.61669606722,131.466443942939,430.87587385166,6.03090543113528,14.6092229094627,0.130187446163669,0.415056700901256,2.87294486155736,3.86776632765623,0.0014509701767212,0.0001213224086015,5.55162285212601e-05,13.3239038166493,45.7325884878055,15.0
5.34375,30.0080352713286,0.863453975691548,1206.69378859996,38.0790920145047,2522.60167713551,131.283293788702,430.20621322146,4.570517501493104,13.7224079127343,0.328847214384124,0.437409892503141,3.07558049860673,3.98081248299521,0.0036116351427511,0.0003805745093091,0.0002011323505648,13.354560904523,45.6686198004334,15.0,3280.89951342043,60810.0,240,30.0089745877456,0.785012198224408,1208.48255789225,34.5783869530137,2525.54273239338,131.425457061717,431.103895640941,6.0343388782945,14.541153914222,0.129936280716439,0.414597897498603,2.86591328129175,3.88435785208713,0.0014479345099425,0.0001211701692432,5.54100697078497e-05,13.3236103070248,45.7186682968044,15.0
5.354166666,30.0073961435517,0.862946742840072,1205.45810507588,37.9909455906621,2518.61249093278,131.19405178185,430.27187279094,4.966795005337118,13.6801660248192,0.335700068920966,0.437056154756942,3.06859657207333,3.99393866468671,0.0036851021880097,0.0003898926599135,0.0002063807922687,13.3544790057314,45.6379291085477,15.0,3276.8740464605,63200.0,240,30.0084762767845,0.784498556514172,1207.54445496862,34.5078565232858,2522.17656981942,131.369343180811,431.278043776413,6.03101684605583,14.4782785361171,0.131121256706554,0.414338130241795,2.86033353499163,3.90014814724655,0.0014602221214205,0.0001230440370356,5.64093182308534e-05,13.3235996596596,45.6994858925969,15.0
5.364583333,30.0067651512904,0.864202743938312,1204.07569682697,37.9757180969529,2514.31753499403,131.08977705643,430.278134341497,4.794631301942879,13.6389487001731,0.351664019438727,0.43720438618835,3.06578076224933,4.00675898764623,0.0038585762185754,0.0004080752429162,0.0002163033366938,13.3546778928944,45.6019822766692,15.0,3272.50413269441,64810.0,240,30.0079200471302,0.785252715132972,1206.43034728753,34.489979260686,2518.45450731173,131.295356158838,431.383088827189,6.01178491555842,14.4177674379407,0.134426865025562,0.414489416849753,2.85779865488937,3.91539830448573,0.0014954256178399,0.0001278595487343,5.89598355836245e-05,13.3238066573835,45.6740717644321,15.0
5.375,30.0057790955051,0.870425099829591,1202.51837346173,38.1658751666344,2509.66374325286,130.966340953662,430.205951086462,4.673734923672787,13.5705075937123,0.399701982238029,0.438520860440792,3.0747063592187,4.0230058429349,0.0043844043214745,0.0004649006983553,0.000248244801564,13.3574968548197,45.5593369420356,15.0,3267.80971564754,74515.0,240,30.0072322257483,0.789454164670554,1205.08852340455,34.6216514114316,2514.29533091629,131.19998227253,431.392262712666,5.94906599254146,14.3437557993951,0.145070402337257,0.415720819596212,2.86404049987923,3.93187823806491,0.0016094432588471,0.0001426792106949,6.6922052541814e-05,13.3247367759422,45.6411775238194,15.0
5.385416666,30.003608959123,0.879556631533007,1200.62032402985,38.4777658613138,2504.34283618595,130.809926903855,429.993402866309,4.24930592138101,13.5260469150438,0.458166322491323,0.441356555692793,3.09000489117222,4.03631372376483,0.0050295354201122,0.0005210776561945,0.0002780069990088,13.3556750551731,45.5051789087904,15.0,3262.31207606705,74515.0,240,30.0061081461343,0.796382373933102,1203.50941622611,34.8703189618425,2509.68464652368,131.082961494859,431.301979121141,5.85764451409504,14.2762385955887,0.159065725389304,0.417958747832969,2.87693049911923,3.94716642643757,0.0017602568487411,0.000160735867546,7.64171049610963e-05,13.3250676388303,45.6007073507016,15.0
5.395833333,30.0005520170627,0.893511634640831,1197.91019985464,38.9522657850057,2497.40991434229,130.5675522023,429.459155294796,5.430142493295929,13.4984230847689,0.576204205408594,0.44582705206208,3.11379590488249,4.04795092044023,0.0063409689314119,0.0006406161648818,0.0003425124638091,13.3570839336543,45.4210647125021,15.0,3254.79011414365,88040.0,240,30.0041589837656,0.806931137761652,1201.47958932834,35.2670374533593,2504.20762736742,130.922624032499,431.027333181335,5.71610452459133,14.2253031947806,0.186498734389929,0.421447378352984,2.89802548196047,3.96015343416033,0.0020549104268035,0.0001937006698723,9.37643067202947e-05,13.3257625443661,45.5451121015518,15.0
5.40625,29.995722452041,0.91812371999846,1193.74074567546,39.8147755542386,2487.599149632,130.170005347866,428.33917487421,4.248523059637957,13.485029997114,0.83544169744346,0.454633754951279,3.15826733035772,4.0576108667966,0.00929121312418,0.0008871319405522,0.0004735816952069,13.3598889870308,45.2827771173887,15.0,3243.70997115087,98740.0,240,30.0009642895791,0.824927317336339,1198.46552628062,35.960631694964,2496.82114020807,130.666940158786,430.354720933634,5.4247483104216,14.2085352735225,0.252830536486062,0.42752483281518,2.93552822739484,3.96816057047485,0.0027681830812307,0.0002680114363613,0.0001325680413037,13.3274139932855,45.4561925658318,15.0
5.416666666,29.9899387809818,0.946396688029225,1188.60294422849,40.8172894697962,2475.9894272961,129.675778941754,426.796916582117,3.82741467298167,13.5989277196541,1.18283466248698,0.46563999724104,3.21005977489153,4.04944741358507,0.0134247237368509,0.0011982924848129,0.000636696459145,13.3604238692566,45.1105615498873,15.0,3230.2446885511,96850.0,240,29.9963699703546,0.845838369077322,1194.41048515386,36.745474274366,2487.43426016086,130.312624223751,429.260854117896,5.06878631974286,14.3262634629298,0.348456457002003,0.434899569783896,2.97715240503887,3.95793314468882,0.0038025026280239,0.0003647097027482,0.0001825408233302,13.3279208949803,45.332728759572,15.0
5.427083333,29.9869903106672,0.97830201095828,1183.60161047865,41.9704889520955,2464.87602730165,129.19493175487,425.226181571931,3.1525812378390055,13.7612048857371,1.64825907038793,0.477504490169286,3.27169479378303,4.03251985726861,0.0193871079349379,0.0016363439018521,0.0008687748999751,13.3715610929047,44.9426718889445,15.0,3217.35893396111,102980.0,240,29.9918233678992,0.868915131894046,1189.6917953806,37.5950501074163,2476.85750367115,129.898001710401,427.866426508651,4.67882274744018,14.5877811131842,0.488044435617292,0.442900161266082,3.02222363862013,3.92749289601062,0.0053227844140805,0.0004983917341338,0.000252046647921,13.3301715608604,45.188001908014,15.0
5.4375,29.9862226228385,1.01810443113165,1179.93339758166,43.5256548412567,2456.80442911457,128.845788490364,424.051603318594,2.560092900625122,13.8280794492295,2.32607229417289,0.492522119849275,3.35815879387306,4.02397130054047,0.0292026306143389,0.0023225096499501,0.0012348922873727,13.3931500586815,44.8201583608445,15.0,3208.48577378046,107960.0,240,29.9888229886629,0.89825731239581,1185.00663761299,38.7050169814085,2466.60208623134,129.494418084684,426.401203325895,4.17758815221098,14.9232828689741,0.727437766988814,0.4529046891139,3.08296084108699,3.88430851564935,0.0079749245321926,0.000720119313306,0.0003686019678847,13.335875262953,45.0467353046728,15.0
5.447916666,29.9855901116086,1.06524125739752,1177.93732799869,45.5173685609149,2452.44818708636,128.658500793014,423.387826989446,2.720896662370252,13.7526001443148,3.20207860478018,0.510601095753213,3.47185663365823,4.02940803147841,0.0445300410579204,0.0033274095564553,0.0017709271509477,13.4218586132188,44.7533527301519,15.0,3204.52692311894,114455.0,240,29.9871267182032,0.935077242663309,1181.33972128125,40.1620845394967,2458.75041180321,129.19954843803,425.212804049831,3.6096041422394,15.2475636100168,1.11178818920741,0.465288353026603,3.16520937494599,3.8383457489553,0.0124065682316323,0.0010695779064893,0.0005540849759143,13.3444296849878,44.9428682712119,15.0
5.458333333,29.9845192972248,1.11510263971043,1176.32298785457,47.7828390587393,2448.98765688998,128.494044106381,422.762385702866,2.4799719402777085,13.5910190468426,4.14069518611899,0.529685037168421,3.60311803872276,4.04212763063389,0.0650479961988463,0.0045889887450885,0.0024443057484254,13.4498797182194,44.6937803171123,15.0,3201.78277044724,115340.0,240,29.9858393556896,0.977331735644897,1178.78830555715,41.9008205523314,2453.44814706774,129.011972145187,424.335687155669,3.08678071597971,15.4989534592108,1.63192033819987,0.479230781991642,3.26555972555645,3.79787316802392,0.0188889370279334,0.0015494956249165,0.00081047200348,13.3538199639562,44.875922701358,15.0
5.46875,29.9846147560045,1.16356489310379,1174.20132477018,50.0869808971687,2444.44302819011,128.264977056463,421.869764974383,2.17296992746129,13.4366221690807,4.9581763095259,0.54621335683528,3.73774087286663,4.05136044915574,0.0871711956963648,0.005878522077387,0.0031383250322943,13.4730447905275,44.6111612023184,15.0,3197.60792781796,115385.0,240,29.9850016558683,1.02065144566401,1176.62771622059,43.7338408085718,2449.06003144355,128.845974118518,423.516533266925,2.70254867803772,15.6723033707384,2.20234134397815,0.492915790013886,3.37290547415988,3.76486632309593,0.0268676606333288,0.0021097429945398,0.0011106944539613,13.3621447075154,44.8161178480589,15.0
5.479166666,29.9862309191744,1.2101274747911,1171.79481271816,52.3514839431621,2439.23340642249,128.001642457051,420.81794792973,2.3293954674646855,13.3220832557969,5.54850675105472,0.559697467135912,3.87013569532851,4.0544230500912,0.106678346368008,0.0069705640266186,0.0037365073872507,13.4883798481234,44.516411057589,15.0,3192.53677839614,114525.0,240,29.9852660655063,1.0631093123111,1174.36824806159,45.5706858276109,2444.47178144873,128.647964694713,422.590152434868,2.44817451071817,15.7793152390133,2.73135887745777,0.505715123783611,3.4811959538117,3.73906214249082,0.0353459433533294,0.0026803082828051,0.0014174040642123,13.3686717499434,44.7448689053139,15.0
5.489583333,29.9888774839118,1.24678156624235,1169.85857363512,54.1876980227967,2434.97868558583,127.807655412376,419.943568004271,1.886471942955335,13.3697759550284,5.73930408650164,0.567524602852527,3.9778625560282,4.03704922250926,0.115381276151089,0.0074519788045378,0.0040108815801383,13.4856218129236,44.4461576154624,15.0,3188.41675370689,103810.0,240,29.9866033093715,1.09765346897768,1172.2273955618,47.082130187693,2440.09020149143,128.46105761645,421.690358586904,2.32207258512922,15.9417190567417,3.02183132369744,0.515398239637277,3.57084876462603,3.70587049295614,0.0406043844212577,0.0030131015212455,0.0015966114565671,13.3688263419781,44.6774380874673,15.0
5.5,29.9934157979063,1.2749681646426,1168.87468982511,55.5416731035012,2432.79340306065,127.740002720275,419.462873839542,2.2633878089635777,13.5519999594494,5.58952831444282,0.570950161961249,4.05685492315259,4.00314310691237,0.112430263552512,0.0072881829479668,0.0039327980136499,13.4810327339709,44.4205406441967,15.0,3186.62488739496,100025.0,240,29.98918573118,1.12232649708477,1170.57336041859,48.1629073057249,2436.70628104024,128.334860213084,420.987028665454,2.29479388369325,16.1935384635384,3.02590316418436,0.521736711598857,3.63530247886286,3.66168721330425,0.0409419060708916,0.0030195633466057,0.0016014675379783,13.3662677372481,44.6313393490268,15.0
5.510416666,29.998058973846,1.30234639413716,1169.09480843618,56.8481741193772,2433.25884576986,127.80882293732,419.452288593139,2.3800891948513483,13.7055528609392,5.32202651903251,0.574882856578423,4.13088969185675,3.97318707326366,0.1055401971161,0.0069011485419152,0.0037320307864372,13.4818942679476,44.4429157764259,15.0,3188.17939172423,100025.0,240,29.9929605858939,1.14430254269117,1169.66259688106,49.1533877655387,2434.91158517436,128.284748128045,420.560764747264,2.30805941632374,16.4094613293709,2.89409930082192,0.527501671502056,3.69334288535085,3.62285057988099,0.03888420647908,0.0028714788679278,0.0015244712899495,13.3656548192057,44.6120013106805,15.0
5.520833333,30.0007169655754,1.3261074383858,1170.42250669319,58.0256836813281,2436.17788155135,128.004890026114,419.87479751945,1.2875164176697038,13.8454693184872,4.97694413243893,0.578796725763182,4.19681070396137,3.94544898854647,0.0962469603681092,0.0063778286757664,0.0034563972998469,13.4782405381897,44.5099815285316,15.0,3192.76180574997,96895.0,240,29.9965887665338,1.16380615052026,1169.71973850095,50.0777035618493,2435.22853286499,128.33801126665,420.505910215624,2.34993275149096,16.5785998058216,2.67269579061941,0.532816749574212,3.74647578261512,3.59068443235225,0.035314414266835,0.0026214762762405,0.0013927027589451,13.3641457586195,44.6289857848592,15.0
5.53125,30.0019887903972,1.34424554745579,1172.34131191412,58.9315751756531,2440.41329003123,128.271617315461,420.539382929308,2.407395968788717,13.9937161094861,4.56609843225639,0.581510347794546,4.2478729527873,3.91790427522733,0.0849140634773897,0.0057253928433738,0.0031079452731805,13.4730989537703,44.6020579141595,15.0,3198.82442645995,96695.0,240,29.9991971592912,1.17922859043704,1170.65022171223,50.8635838029625,2437.45779888141,128.486447994364,420.793281618802,2.42487646549047,16.7133977567616,2.3877884935227,0.537160946100316,3.79143080757115,3.56389290698327,0.0308291583189283,0.0023091612698495,0.0012271956141055,13.3617755462983,44.6794375902037,15.0
5.541666666,30.002716078065,1.35140023963669,1174.33439895196,59.3082021750242,2444.89462413697,128.560739965552,421.276425159286,1.5121366866871162,14.2173428738421,4.06123321207004,0.581919486420046,4.26974970528191,3.88207145886436,0.0707218038960731,0.0048800380756591,0.0026500706647347,13.4592680775361,44.7024158018511,15.0,3204.80760464299,88005.0,240,30.0008310448948,1.18569045590197,1172.09144598251,51.272594893598,2440.82376267325,128.69837334031,421.310841178341,2.5589766066799,16.876940830033,2.02051435010541,0.539325090472557,3.81517273896409,3.53472047711816,0.0252479015979458,0.0019117697684621,0.0010137378583617,13.3566010473254,44.7523634226818,15.0
5.552083333,30.0040546798532,1.35934801482368,1176.39604414348,59.6982076721377,2449.51312979407,128.847792924843,422.04990181738,2.377235250150204,14.3406683394619,3.61948816815218,0.582233169977192,4.29201706407641,3.86073762979495,0.0598405487234823,0.0042116309060417,0.0022889726373993,13.462295864487,44.8023384109134,15.0,3210.98056107212,99695.0,240,30.0022129689891,1.19100954043521,1173.85556375085,51.6710566239922,2444.87693888595,128.932747613556,421.952081214448,2.72053088336966,16.932846422684,1.7035623872991,0.541249528991817,3.83837165156551,3.52136897362367,0.0207637703840517,0.0016010418710932,0.000849491707449,13.3558382385053,44.8334087709654,15.0
5.5625,30.0032509000412,1.37073606672216,1178.51804085331,60.3233689740472,2454.23892344427,129.124504972066,422.83179166099,2.0352244355388422,14.3331276974557,3.28990758471796,0.585228254918629,4.32689669240476,3.85836353416689,0.0524366981219628,0.0037510766522158,0.0020431706608656,13.4600756420081,44.8989080645409,15.0,3217.45165347692,97880.0,240,30.003086745728,1.2006673926887,1175.8768120739,52.2837808716611,2449.46448268985,129.177260701814,422.674893827622,2.84847524405328,16.8346371225119,1.48415454140961,0.544519641590817,3.8734352422979,3.52985776729909,0.0178119133271802,0.0013899789330682,0.0007380986890513,13.3563171153675,44.9183149313189,15.0
5.572916666,30.0014972597317,1.37224890275346,1179.9399093996,60.46092615207,2457.54993614436,129.331188182011,423.37610938926,2.033365909160516,14.4182072886142,2.92319485609995,0.586327168083128,4.3356271682048,3.84592650978138,0.0442344319189844,0.0032187090485805,0.0017532986692522,13.4472949248695,44.9713659603308,15.0,3221.72207642073,93405.0,240,30.002616773999,1.2029706719944,1177.73086990198,52.5574326849111,2453.73361731825,129.407784229768,423.368907056917,3.02557652958218,16.7711814276439,1.24816288617844,0.546201476990756,3.88954076940572,3.53573278777595,0.0147278958138848,0.0011630066667687,0.0006164036251341,13.3521839545703,44.998677272597,15.0
5.583333333,30.0013928022072,1.3660071850093,1180.45621545472,60.1969534171541,2459.02517667636,129.440740915779,423.615592151912,2.023607937981824,14.542845233184,2.55546832440899,0.585176062196761,4.32195535463958,3.82951916804494,0.0366326791708492,0.0027122845415565,0.0014759261301596,13.4385817819528,45.0102042050831,15.0,3223.30866211575,90865.0,240,30.0019331414577,1.197821260856,1179.03723986618,52.468288272392,2456.86770347606,129.57821714014,423.890350012447,3.25918865104449,16.7364856426796,1.01879624992391,0.545896167817354,3.88539279542297,3.53990340276417,0.0118301811737768,0.0009490236017046,0.0005015483974238,13.3483249055617,45.0583777169411,15.0
5.59375,30.0027171830224,1.35161019772507,1180.79958742753,59.5754895143258,2460.26787736932,129.537788919207,423.837534611284,2.241873122773536,14.6954746955341,2.18731001812861,0.582061262714104,4.28759885220244,3.80930029381588,0.0296784617848416,0.0022350158059303,0.0012133256997316,13.4291530698749,45.0448009736392,15.0,3224.29730911148,82870.0,240,30.0019791587067,1.18488900851872,1179.82044543233,51.9941853133841,2458.93632300761,129.69195260482,424.260462552813,3.55099070564103,16.7280485922977,0.802652385990097,0.543412449104601,3.85918718708035,3.54210083112435,0.0091926862762779,0.0007503342225965,0.0003945783616691,13.3443462051557,45.0985440417865,15.0
5.604166666,30.0051212894,1.32919634634738,1181.56050674116,58.619434302659,2462.52986901711,129.688811980989,424.270559430324,2.432366346143041,14.8623729728349,1.824904722397,0.576592332928001,4.23402098011538,3.78625841975234,0.0235562040944795,0.0018089129769342,0.000979292412327,13.4220621138042,45.0981991307354,15.0,3226.32553545223,77725.0,240,30.0029008668699,1.16458801087612,1180.44922755725,51.1637193327969,2460.72859213217,129.789413352559,424.625136351038,3.89894305917497,16.729576255548,0.613087787828335,0.53863189020467,3.81230790719977,3.54378471106968,0.0069499930266177,0.0005790355939077,0.0003025511503115,13.3407104746099,45.1331877405891,15.0
5.614583333,30.0077559239358,1.32173398846872,1183.03815674128,58.3543384473268,2466.26927243156,129.88899332539,424.956920124396,1.3443957893316358,14.7422208213924,1.69776742502719,0.573427016375278,4.21791166233808,3.80032629536423,0.0216802422859162,0.001705343269692,0.0009283615408704,13.4412808089184,45.1686682713922,15.0,3230.75726200601,96295.0,240,30.0048059093721,1.15549222350775,1181.38152580848,50.827757531536,2463.16448957907,129.903975339618,425.078950570102,4.0705308716678,16.5575208528112,0.554967130193592,0.535923281731098,3.79287330340049,3.56769535054108,0.0062649472041195,0.0005325642650408,0.0002788351082022,13.344989862391,45.1738552885318,15.0
5.625,30.0061584907417,1.3227772938707,1184.56680159037,58.5033370436594,2470.10660327535,130.082360022717,425.649463182277,3.0198384665337548,14.5168638990166,1.67777935694737,0.573770646688243,4.22413482680504,3.82896329590654,0.0213929330669997,0.0016866480480565,0.0009200545577214,13.4405029701885,45.236795252443,15.0,3235.60902027512,89900.0,240,30.006063588679,1.15608681690257,1182.7174258212,50.9304005170439,2466.50486915186,130.062748593779,425.670564174087,4.07351933911905,16.2979991832981,0.550454695985923,0.535723866767538,3.79770873194683,3.60159909424656,0.0062139691887655,0.0005291885490596,0.00027749250186,13.3475294443342,45.2299106582871,15.0
5.635416666,30.0033572213355,1.31177659639565,1184.5699602663,58.0284272163171,2470.70443447337,130.120807088046,425.809153821323,2.683556854237561,14.4865159805644,1.54574925774753,0.571206483691338,4.1963811593513,3.83453453054675,0.0193598518485196,0.0015332987053872,0.0008340422529792,13.4244496792436,45.2510931447389,15.0,3235.86290700757,85150.0,240,30.0052813467846,1.1487999523199,1183.70782240674,50.6607583949641,2469.15615727772,130.194769830747,426.181055128733,4.17789351595759,16.1384843422991,0.500197984963793,0.533734275357995,3.78156858855895,3.62319567295102,0.0056407938711747,0.0004809301831518,0.000251126858778,13.3431116074404,45.2767091132539,15.0
5.645833333,30.0025841566606,1.29962001269008,1183.3646523347,57.4253370364336,2468.63170911436,130.019286378728,425.530870804958,2.6569199354889204,14.4701461045325,1.43301207270306,0.567642279108336,4.16128391869412,3.84024399550838,0.0176916600672167,0.0014177109872778,0.0007708035329695,13.4198064040429,45.2167480198195,15.0,3232.64145276675,88345.0,240,30.0040469361848,1.13969588480436,1183.81811928575,50.265413435246,2469.89624193229,130.227522311947,426.378751194278,4.29649952025146,16.0075737936366,0.457999986808804,0.53105444530509,3.75833322882519,3.64266919279786,0.0051568784249753,0.000442350695683,0.0002303580204206,13.3411841479261,45.289033051692,15.0
5.65625,30.0028696173229,1.28125447527167,1182.47990323392,56.5724408755049,2467.20402001942,129.960635872827,425.39917375782,3.2353967999047883,14.5214507553679,1.28774055030475,0.563247864388586,4.1123563562109,3.8372330354291,0.0155873846074016,0.0012553298059713,0.0006794903844666,13.4079673928357,45.1973157728353,15.0,3230.11011714925,76320.0,240,30.0033933107272,1.12533847042756,1183.34227512933,49.5979907455968,2469.32574911232,130.197475948313,426.389545679434,4.45484006918178,15.9373330950666,0.400752972244728,0.527062274559031,3.7195572268357,3.65557411485834,0.0045078221286316,0.0003874638192676,0.0002003861210426,13.3379189625456,45.2795391012996,15.0
5.666666666,30.0045301615176,1.25504909235938,1182.4012580164,55.3901700736563,2467.48803358354,130.000966280783,425.610104720651,2.040526581488856,14.6298092023345,1.11420889261805,0.556512439497582,4.04560462027869,3.82584490852961,0.0132180218802571,0.0010816130528196,0.0005832867889388,13.4009543901103,45.2122578141808,15.0,3229.5770928669,74130.0,240,30.0035061776512,1.10378001745107,1182.91196425325,48.5962458982496,2468.78149445104,130.174809656393,426.459822554507,4.68179505875256,15.921377356375,0.335994292507095,0.520984568007283,3.66188597351854,3.66226886001637,0.0037761635663148,0.0003259586208082,0.0001670224631726,13.3346927962511,45.2726283388281,15.0
5.677083333,30.007034650317,1.23582117723907,1183.0652817107,54.5285985366588,2469.28055022507,130.114310351166,426.10649553051,2.4546264601260073,14.6138331020814,1.04809997125589,0.550643045176825,3.99658414542898,3.82946994562479,0.012330337173468,0.0010270101881531,0.0005545099889182,13.4073307980895,45.2525161421649,15.0,3231.26081437221,79230.0,240,30.0046006286444,1.08644485175406,1182.82154331362,47.7883876287592,2468.88083196174,130.187430912029,426.657195971992,4.80887239159732,15.8645525014355,0.311315231966427,0.515570037117845,3.61518591986153,3.67381402118963,0.0034934981621263,0.0003037220614852,0.0001550922984757,13.3355355562246,45.2779522708034,15.0
5.6875,30.0081925258024,1.22335734748878,1184.17519360748,53.9817900949092,2472.00584660441,130.275367666559,426.776399347826,2.783661546669648,14.5250906137107,1.04694213334017,0.54675561974342,3.96470323338182,3.84133782885277,0.0122922598833288,0.0010291899532045,0.0005560936651845,13.4112695588929,45.3092841242641,15.0,3234.39291108409,79095.0,240,30.0060983938394,1.07453677251301,1183.2126446376,47.2413999634548,2469.96625103634,130.256859024208,427.034939650092,4.83926854777032,15.7744326664424,0.309300231163547,0.511538911040701,3.58321573011308,3.68820963490351,0.0034657379778843,0.0003030338867193,0.0001546922150112,13.3369814222927,45.3029439091714,15.0
5.697916666,30.0075968572558,1.21267671968851,1185.00958987022,53.5005514733145,2474.16666325866,130.409446513317,427.355370325846,2.8457430286480094,14.4451603921043,1.05998048219612,0.543600918019585,3.93629404872321,3.85186685714996,0.0124403302319884,0.001043620657842,0.0005638987383835,13.4119141620957,45.3566082980549,15.0,3236.84867230456,80345.0,240,30.0069663521067,1.06496101849971,1183.89679127681,46.8132605257276,2471.67826841287,130.365241246955,427.53459841201,4.84373340014611,15.6838425751571,0.312224628713361,0.508253041417421,3.55793936413386,3.70143717034939,0.0034940741137112,0.0003067085503195,0.000156567647776,13.33738857183,45.3414010796815,15.0
5.708333333,30.0062090401323,1.20163873663253,1185.11057793836,52.9748315116259,2474.7783722208,130.466185619524,427.671249425667,3.6411665555541837,14.4032845654871,1.07075084555625,0.540394555852702,3.90534421614112,3.85790423467132,0.0125538321091232,0.0010521913743558,0.0005678762422729,13.4097841081687,45.3769809307168,15.0,3237.28364823502,78595.0,240,30.0069130544922,1.05594199416831,1184.46486963973,46.4073463814349,2473.15983607795,130.466858354514,428.005800345278,4.84627376782862,15.6138249393507,0.313995417613912,0.505193796061988,3.53390476510891,3.71144469318206,0.003510446045129,0.0003088542209712,0.000157545316573,13.3370444646861,45.3774361987945,15.0
5.71875,30.0051135629462,1.18842477922363,1184.68996153148,52.3321651204895,2474.25417559972,130.469478572187,427.804347890698,3.798177725809653,14.4111982518211,1.06012115330709,0.536432496439443,3.86805615199518,3.85802728787313,0.0123916980787428,0.0010398887176479,0.0005602665182814,13.406237501693,45.3787211896975,15.0,3236.1966374282,77090.0,240,30.0062923192656,1.04553606297771,1184.66547922121,45.9249651198632,2473.85933770121,130.532396869786,428.357363587242,4.87242392407584,15.5795256014426,0.309406525611123,0.501761497622623,3.50554604186607,3.71693987992118,0.0034564348839156,0.0003045986871231,0.0001550379973857,13.3360536752078,45.4008724624487,15.0
5.729166666,30.0047563963075,1.17445616742644,1184.13908515687,51.6517655245058,2473.37851885287,130.459699439728,427.898127924864,3.5978049048103,14.4378647634417,1.03515342261267,0.532017314466981,3.82887187724131,3.85614501450799,0.0120513495003728,0.0010154215874413,0.0005463297850461,13.4033063563854,45.3758882336913,15.0,3234.6773138494,76330.0,240,30.0056466280809,1.03440159168963,1184.53922368108,45.3973270822707,2473.83291478549,130.56406888968,428.599057047008,4.91195285461661,15.5693208614546,0.301821479862074,0.498075769160859,3.47465886512497,3.71963726204422,0.0033692441692716,0.0002975691640925,0.000151078667268,13.3352107723666,45.4124900321014,15.0
5.739583333,30.0048716399865,1.16185770672446,1183.68067251686,51.0372849726723,2472.59712846902,130.458317508971,428.032225924372,2.4778630765264023,14.4505939730725,1.01087533533348,0.52794633489356,3.79343900997742,3.85647568550202,0.0117277600976365,0.0009940560081712,0.0005345737787962,13.4018126967324,45.3759734865462,15.0,3233.38620215883,77295.0,240,30.0052662772421,1.0240899319882,1184.2397561319,44.9012989032569,2473.38245180302,130.57699074591,428.781863601664,4.94726368256597,15.5628277588234,0.295929889691047,0.494602151850313,3.44559075847998,3.72214302518849,0.0033008901955569,0.0002924499266029,0.0001482145328402,13.3348511498519,45.4175575130381,15.0
5.75,30.0049011382876,1.1512678174163,1183.32924470019,50.5207677745698,2471.94727488065,130.466725020394,428.210042072063,3.516849210530584,14.4468461459874,0.990959420370762,0.52460447576374,3.7633847312078,3.85937591950938,0.0114642896754421,0.0009765172679132,0.000524969153228,13.4000304357856,45.3794744999685,15.0,3232.39014671088,77640.0,240,30.0051058265626,1.01525309073299,1183.89572674422,44.472124582498,2472.76857754379,130.584589591691,428.951665701903,4.97351913696483,15.5499455374136,0.291738658372231,0.491604236127114,3.42030230003171,3.72575574944989,0.0032519217040659,0.0002889932641619,0.0001462720336448,13.3346177131494,45.4207589742516,15.0
5.760416666,30.0046212076542,1.14224170596841,1182.96647712034,50.0786695253212,2471.20209366502,130.472936548612,428.385757405622,2.7704127567026973,14.4441913952633,0.972426197499138,0.521908214294163,3.73725390590706,3.86253217036139,0.0112210942145717,0.0009596531797764,0.0005155908730118,13.3976501263697,45.3822189801301,15.0,3231.36611493379,77655.0,240,30.0049525329743,1.00742344729108,1183.55038561546,44.0906514601669,2472.08181792839,130.591424005195,429.125929325086,5.00012700239798,15.5340444332995,0.287108390051883,0.488981442263904,3.39764156174177,3.73013589805376,0.0031985933502756,0.0002849136264187,0.0001439907831199,13.3341633960312,45.4236948974881,15.0
5.770833333,30.004186864914,1.1351452157427,1182.48771779633,49.7220640831992,2470.16963871781,130.465464284559,428.515732251598,3.7758533736955378,14.4489106523317,0.962525299315523,0.519843215106894,3.71559507297725,3.86484709942051,0.011086011282443,0.0009508315005452,0.0005105011235272,13.3960002622185,45.3801893338006,15.0,3230.05560485047,77620.0,240,30.0046948198486,1.00065432523892,1183.16979850188,43.7575767000232,2471.26168542237,130.593720109551,429.290111255391,5.02385517281426,15.5203314591408,0.283571709821553,0.486718248777271,3.37756665794636,3.73456627405514,0.0031574238049442,0.0002818177699561,0.0001422284592487,13.3337520227939,45.4250525847626,15.0
5.78125,30.0034187146271,1.13945584034029,1181.84574414078,49.8445873920325,2468.74154403475,130.427428183152,428.552254045518,3.917169044601827,14.3605794915426,1.05743958149879,0.520229742363184,3.72024828116143,3.87934456544724,0.0122706765284713,0.001055837460335,0.0005696195387639,13.4049888667482,45.3674899944863,15.0,3228.58428584304,90310.0,240,30.0042869224193,1.00185699657625,1182.67553374906,43.7798019797982,2470.1826924018,130.58160447187,429.385496853862,4.94418730414567,15.467385752823,0.312455335693479,0.486585621068492,3.37741370674462,3.74369593028674,0.0034710057162384,0.0003125924876913,0.0001588637411596,13.3362880341868,45.4213586656696,15.0
5.791666666,30.0006608311826,1.15078952362543,1180.8440075327,50.2807941920668,2466.54565214182,130.346270529971,428.416687815915,4.6138720927993955,14.2754305267534,1.19911055644745,0.523324482357065,3.74211963221956,3.89364195922315,0.0140856926911316,0.0011920700834475,0.0006442194449553,13.4043823163848,45.3397161121711,15.0,3226.32984624348,88540.0,240,30.0031527092237,1.00982638172472,1182.00221067083,44.1024316552432,2468.73693453625,130.551303900738,429.385817440245,4.78452752737536,15.4131133051273,0.35784626105602,0.488594222416724,3.39400584724701,3.75244368493508,0.003971375132193,0.0003579882963375,0.0001832342824006,13.3377643191393,45.4112620615237,15.0
5.802083333,29.9978408601307,1.15719849203166,1179.00959365532,50.4753418827169,2462.59211978408,130.180574668781,427.958835386925,2.6883625084610823,14.3131892124821,1.28536137765031,0.525290932458314,3.75116512841072,3.8926269970847,0.0152129740383431,0.0012708573745386,0.0006860603119247,13.3975891244998,45.282473264681,15.0,3221.62420398188,87200.0,240,30.0010766792308,1.01565251133831,1180.95965000773,44.3195277979461,2466.51356106917,130.483375732096,429.242547562612,4.68802439719674,15.4317173316698,0.385190560359726,0.490267179946612,3.40468812734975,3.75217304682453,0.0042753784554868,0.0003835105200777,0.0001966849209121,13.3362249601765,45.388036590496,15.0
5.8125,29.9968199253846,1.16133321066833,1176.64853689232,50.5418850486023,2457.50393278289,129.957611797373,427.296409371998,2.440718225474667,14.3850668525733,1.34681487662704,0.526433643946306,3.75370652885873,3.88761994708356,0.0160274341554721,0.0013302984402361,0.0007180746150964,13.3954302153029,45.2052781830238,15.0,3215.36524055715,88505.0,240,29.9991148493156,1.02018852839614,1179.33446225302,44.4571094858296,2463.04729888551,130.351158043196,428.869277094957,4.62010092606641,15.4992061628248,0.407265468887827,0.491588059468017,3.41112476148715,3.7462032193393,0.0045206351233224,0.0004042924572011,0.0002076842749839,13.335490181871,45.3424139991745,15.0
5.822916666,29.9971910251337,1.15677801824309,1174.93220289801,50.2740632678687,2453.82152390601,129.818399836284,426.893756284868,3.152260705703945,14.5277777439147,1.30734192385168,0.525975457240977,3.73852691856831,3.87269717885397,0.0154697871117373,0.0012755424819687,0.0006855992952013,13.3892538517375,45.1572271112904,15.0,3210.67287997824,78280.0,240,29.9980584600771,1.01842891669527,1177.55951462337,44.30947578523,2459.24412419923,130.20428602411,428.451819182189,4.64580507391919,15.6214412279332,0.392928136442881,0.491356550806472,3.40182982055587,3.73373451485846,0.0043638155659623,0.0003885343547907,0.0001988069466178,13.3335607926886,45.2916949470214,15.0
5.833333333,29.999212819077,1.14954883216163,1174.17037635679,49.9143463504493,2452.19040452384,129.78729892783,426.863405473692,3.284178002077063,14.64073523923,1.25814241708417,0.523959858788755,3.71882761109894,3.86059968030187,0.0148133983159593,0.0012317812567565,0.0006616208108932,13.3925706095721,45.1467935634723,15.0,3208.55446889705,83380.0,240,29.9981254666018,1.01317226271571,1176.09596839207,44.017149003551,2456.08632411695,130.090104320061,428.159054528265,4.71858904093008,15.7383338975393,0.37458708412213,0.489993572274947,3.38477623343958,3.72219450252963,0.0041579027338136,0.0003711034979967,0.0001893455323028,13.3333239040058,45.2523773127927,15.0
5.84375,30.000972948211,1.15544885653763,1174.22920450322,50.1461029479832,2452.28757987706,129.830693185729,427.112034071223,3.160743814437738,14.5663676973056,1.35182939163139,0.525095906307485,3.73171263560018,3.87186001033031,0.0160715796333979,0.0013400579461982,0.0007231987094221,13.4053053220909,45.1622591776846,15.0,3209.07590532217,93230.0,240,29.9992566993313,1.01635708865112,1175.12683777935,44.1141813076175,2453.99430944257,130.026795465941,428.018905351394,4.64395580567181,15.7640338938436,0.407712328689291,0.490721814724637,3.38999249683388,3.721387970442,0.0045206554672987,0.0004054516817059,0.000208049678433,13.3370039600536,45.230715803637,15.0
5.854166666,29.9997277642013,1.16522032158921,1174.31586720174,50.5775262323901,2452.49256895896,129.877865383523,427.350049870184,2.90080530125206,14.4977163505291,1.45866153743071,0.52857872837347,3.75521682663098,3.8816803013874,0.017526306637871,0.0014417550345387,0.0007784663969722,13.4055364550119,45.178996577661,15.0,3209.84465566835,88630.0,240,29.9998770312528,1.0232109920106,1174.72225808786,44.3987303997105,2453.14470927297,130.029077589956,428.078302020007,4.52650253088493,15.7642158369348,0.44507691773818,0.492777641978158,3.40575715364725,3.72253179262251,0.0049377230864137,0.0004407016506948,0.0002269188475399,13.3382429043089,45.2318209704944,15.0
5.864583333,29.9981084520343,1.17238083059073,1173.48781818591,50.8607891535097,2450.80703391059,129.828205737371,427.233954632921,2.84046845675079,14.5167724856143,1.534555844257,0.531143539728023,3.77045204347349,3.88002884231851,0.0185801385708662,0.0015148187443166,0.0008172608436592,13.405215542201,45.1619834967847,15.0,3208.03483883781,89445.0,240,29.9993045877535,1.02831592115288,1174.3262348286,44.6117517100137,2452.35804717814,130.035209644034,428.14099504441,4.46282779999868,15.7982746225789,0.467487226823613,0.494473472465878,3.41742224900935,3.71883263079219,0.0051889428224821,0.0004609410569001,0.0002375808038822,13.3378072689955,45.2342451779604,15.0
5.875,29.9976873225579,1.17844956205207,1172.2170817437,51.082442238142,2448.23427801697,129.731662261992,426.940063063239,2.78395579658897,14.5725970370993,1.61307733647371,0.533157333952164,3.78231158746074,3.87293895193373,0.0196693394672021,0.0015886062097764,0.0008562399751613,13.4068036228935,45.1285612890929,15.0,3205.00056645985,86555.0,240,29.9985429954226,1.03263003100413,1173.5534453027,44.7758829529608,2450.81451664576,130.000888484892,428.053780543784,4.40870648867913,15.8666587374928,0.487889997796299,0.495880699047183,3.42626886636763,3.71032263710241,0.0054176565083947,0.0004792313918183,0.00024717534355,13.3378984450021,45.2225435102073,15.0
5.885416666,29.9985469063962,1.1765147131972,1171.41950944735,50.9765607887923,2446.75376117634,129.703021864317,426.842998313195,2.78141945060009,14.7159968785706,1.6194767778048,0.532839771534647,3.77657727519906,3.85297428855169,0.019713555743245,0.0015811525387066,0.0008496119701162,13.4045727948999,45.1186581793673,15.0,3203.11088232702,78865.0,240,29.9983044703468,1.03125402450149,1172.68276065522,44.6834127130191,2449.09778681226,129.96082873641,427.942964745275,4.42628839387206,15.9974759429019,0.478451559483675,0.495659306201927,3.4207288065951,3.69332988070926,0.0053130442725784,0.0004686236619803,0.0002410563258838,13.3366208969833,45.208788646229,15.0
5.895833333,30.0005245620037,1.18530167115412,1171.29863384139,51.3158788329311,2446.73280618569,129.733615983138,426.976845505726,2.6802453611458,14.6712126771441,1.79863139951234,0.534412044763039,3.79590770683689,3.85635248287473,0.0223860294753041,0.0017948671386873,0.0009690003307195,13.4251468250521,45.1292242707214,15.0,3203.3902534647,99150.0,240,29.9990143356479,1.03724494092052,1171.98636671412,44.9170578296722,2447.81775461577,129.937142815251,427.861420915236,4.31607796575382,16.0601460222497,0.541855743102141,0.497144717456916,3.43391945912388,3.68371792905255,0.0060157156143549,0.000532178079156,0.0002755626899036,13.3413698872598,45.2006040725484,15.0
5.90625,29.9991098938001,1.20225072655493,1171.42606574653,52.0700381726924,2447.28605384396,129.784050424496,427.170586877234,2.50265725482436,14.5337308032708,2.07522633043191,0.5402050896832,3.83805069059164,3.87116017837264,0.0266904155944026,0.0020940831460408,0.0011329104108669,13.431221747295,45.1465610435616,15.0,3204.66251708136,93155.0,240,29.9995678704215,1.05144089632973,1171.68230144177,45.522201049257,2447.46502768148,129.961322990842,427.893472233862,4.06235624795372,16.0734139922778,0.652776993809236,0.501201139487705,3.46825962072737,3.67830107748596,0.0072761664664929,0.0006348529951513,0.0003308896215259,13.3454293404366,45.2088781407972,15.0
5.916666666,29.9969153379641,1.21065018079613,1170.40236117015,52.4177934606852,2445.42186946551,129.720636949547,426.934427677156,2.43566061099765,14.5678296045533,2.19377275128131,0.543034089788496,3.85790077026266,3.86429531407858,0.0286053111432678,0.0022147116973114,0.0011962460687119,13.4259334550436,45.1242598592427,15.0,3202.51601143672,90255.0,240,29.9986325014554,1.05940022837964,1171.3237221218,45.8589067663504,2447.03652787901,129.987782150865,427.921098699019,3.94246525474897,16.1627504988716,0.703565975922289,0.503693614961261,3.48761097156908,3.66289833128975,0.0078670014563984,0.0006781834602033,0.0003536688543286,13.3438092234567,45.2178919710151,15.0
5.927083333,29.9969293938522,1.21585940528421,1168.54492868288,52.5904675984888,2441.79574526704,129.567275007096,426.383076579728,2.4163418736278,14.6560218790855,2.2347486124321,0.544205456735443,3.86770250336869,3.85063192461933,0.0292547305355669,0.0022515744321162,0.0012145062625123,13.4252755134129,45.0706980323597,15.0,3197.96414337569,88325.0,240,29.9976851515224,1.06380136972519,1170.33857365604,46.0217913917533,2445.28831092332,129.943843409298,427.713968441749,3.90042093351132,16.2877904040891,0.720770309585304,0.505043897066224,3.49708850064665,3.6434402390767,0.0080702732711007,0.0006916994772388,0.0003605496044949,13.3429387030811,45.202406108864,15.0
5.9375,29.9985733858739,1.21001584197479,1167.50773571698,52.3235102495357,2439.96161186052,129.526197669946,426.172891956653,2.47246066939445,14.8772559497473,2.11238317886982,0.542300317945541,3.85322977170355,3.81851568742194,0.0271293161548388,0.0020870632861131,0.0011213622564956,13.4155049047963,45.0562734341469,15.0,3195.41116566584,74400.0,240,29.9976909391119,1.05897006284678,1169.18217699654,45.7770478958555,2443.16091521514,129.884627972574,427.472408125927,3.99595104526106,16.4844089082374,0.657583899739345,0.503865015268726,3.48336148703704,3.61534823783166,0.0073500648033917,0.0006296287156416,0.0003264830804262,13.3395047188562,45.1816628603221,15.0
5.947916666,30.0018760458418,1.21520372108788,1167.70928201835,52.5474485255915,2440.71394805498,129.602033717621,426.407136643771,2.46668835917585,14.8828267313223,2.14547000071732,0.541975882961666,3.86607722559011,3.8136059576087,0.0278542537653866,0.0021618057223799,0.0011663396764722,13.4363352003997,45.0824936540511,15.0,3196.54675696078,98085.0,240,29.9990401483017,1.06087095411644,1168.3636178881,45.8437790169664,2441.76201858601,129.849896177657,427.325926362356,4.00814212492836,16.5631818584928,0.675372907720251,0.504133488401679,3.4872051202483,3.60214857719929,0.0075432157564672,0.0006527114437377,0.0003398052324661,13.3435919403514,45.1694386020042,15.0
5.958333333,30.0015321049666,1.23161094617243,1168.72222498012,53.3566459999982,2443.1698928788,129.751968912254,426.909939908085,2.36909700896119,14.7287617606088,2.30756601587606,0.54684896456276,3.91085379157124,3.82926522563011,0.030673582469368,0.0023565985958275,0.0012753755404832,13.4411278158708,45.1344953358392,15.0,3200.28387601132,90805.0,240,30.0006416702389,1.0738958068355,1168.32492155246,46.4239199656512,2442.05894312406,129.897126667622,427.430907678889,3.8444250761548,16.529276976846,0.754620203795934,0.507617950332432,3.51996434949731,3.60183509007008,0.0084652148687864,0.0007252926582155,0.0003794119510772,13.3478496992312,45.1856649646634,15.0
5.96875,29.9992745550399,1.24223155971327,1168.55498906497,53.85193622633,2443.09141761078,129.779682100215,426.968546823663,2.33875327254315,14.719888019127,2.34720990188668,0.549856291720626,3.93833602749207,3.82761719034131,0.0314688266834775,0.0024069449101657,0.0013030926540115,13.4348736689425,45.1440072964178,15.0,3200.54293434178,93230.0,240,30.0004249448018,1.08333944422004,1168.56110624733,46.8676487646331,2442.94003875379,129.979443134531,427.649750908775,3.77487299654411,16.5360710488596,0.783897755458344,0.510404675513277,3.5450826210937,3.59647906808606,0.0088189161499627,0.0007507698084633,0.0003932651844523,13.346368349906,45.2141483335775,15.0
5.979166666,29.9980652842713,1.2498078056942,1167.04157017061,54.1617005830987,2440.10888819022,129.657081638399,426.513806056557,2.34466063209991,14.7819066823296,2.31088786865195,0.551849650290531,3.9551161625055,3.81832973365741,0.0308526935947767,0.0023566634623687,0.0012751061121088,13.427835716519,45.1013324763304,15.0,3196.93828433641,88415.0,240,29.9994365594759,1.09024526371201,1168.14781174007,47.1800761793484,2442.41247013528,129.987262497519,427.622676228721,3.76203683523311,16.577418901885,0.777257623158834,0.512510018991278,3.56266825525341,3.58787641009938,0.0087537699492856,0.0007415256826582,0.000388159783852,13.3445096165769,45.2167749484013,15.0
5.989583333,29.9986690682766,1.24793854356202,1165.94711927842,54.06686709023,2438.01897779392,129.593560807754,426.236716873209,2.41768600688756,14.9555620399218,2.13585447468187,0.551206407770695,3.94990593159039,3.7947224025475,0.0278624197650567,0.0021395777110532,0.0011550316697073,13.4179581446663,45.0793626139299,15.0,3194.2069533431,81485.0,240,29.9988521797633,1.08906710687968,1167.27961248895,47.1241948697158,2440.87285368173,129.944358240808,427.445591706311,3.87291467844536,16.6856267608095,0.701778794257787,0.51252894753396,3.55938270549596,3.57217889198186,0.007884945525098,0.0006693117418968,0.0003489753915116,13.3409911901799,45.2018751027337,15.0
6.0,30.0010139853512,1.23821840988458,1165.92111215321,53.6650672344007,2438.23102112955,129.658487609348,426.395955591394,2.54806374273281,15.1659156362767,1.88031696230243,0.548371276351884,3.92799024015618,3.76566138676321,0.0237876256322062,0.0018495350070806,0.000996114497567,13.4116767481774,45.1022147179058,15.0,3194.23039382686,76940.0,240,29.9993082665702,1.08080185187367,1166.61833833417,46.765657172527,2439.72930519625,129.921169951967,427.370723461429,4.08182103599071,16.8111044111495,0.592247897235098,0.510591340330821,3.53908295261156,3.55544133866168,0.0066290966300068,0.0005683904551778,0.0002947763486969,13.3380777879118,45.1939773186384,15.0
6.010416666,30.0040971197338,1.22740113590974,1166.79346696947,53.2528719905832,2440.37443670632,129.820664716461,426.921385822265,2.69033586444989,15.2959360741196,1.65423882946564,0.545066234953255,3.9052816174736,3.7463503422241,0.020431896270148,0.0016164026274625,0.0008703149072555,13.4120365933266,45.1590014968952,15.0,3196.74137077649,77670.0,240,30.0008507268566,1.07117226218734,1166.49234213301,46.3623481607478,2439.69426012115,129.950076296838,427.509437748521,4.29422066611201,16.879514350067,0.503343596407587,0.508063936296836,3.51624890907134,3.54656142083811,0.0056187562246287,0.0004878384425373,0.0002519416120674,13.3372777262368,45.2043311508055,15.0
6.020833333,30.0064041476135,1.21933803431605,1168.16761226934,52.9806098902457,2443.59416897388,130.03169420491,427.655784523358,2.8007683763943,15.3129557944513,1.50420256790778,0.542559771872163,3.88988613776033,3.74147039993024,0.0183081529369054,0.0014710326871145,0.0007929337335512,13.4142498003298,45.2328546262882,15.0,3200.74704336602,78895.0,240,30.0029746851726,1.06400998785497,1166.96859378719,46.0827048852998,2440.93304136248,130.040676143061,427.880886097249,4.44323027096512,16.8660423689051,0.44944268395983,0.505995093643432,3.50031522185614,3.54797369149779,0.0050108062322713,0.0004391420476373,0.00022625423421,13.3377685108295,45.2362387391333,15.0
6.03125,30.0067249273595,1.22077007213239,1169.5272771225,53.0980430516977,2446.74902514475,130.225200644487,428.379391592082,2.80389266154581,15.1585425266883,1.50823465162144,0.542254555583723,3.89581419937492,3.75979026328518,0.0184192110438493,0.0014980721380527,0.0008115667518026,13.4243353160622,45.300633714019,15.0,3204.95967845215,91405.0,240,30.0048472922476,1.06556436251237,1167.93941806017,46.2018793883227,2443.24293987725,130.181790779637,428.422403910502,4.44625481087644,16.7342774888421,0.456402532293383,0.506074011206338,3.50684000658548,3.56379744626564,0.0050853203689486,0.0004489951873296,0.0002322717635883,13.3410731553458,45.2857561316775,15.0
6.041666666,30.0037046183262,1.22255085690081,1169.95295153637,53.1863030086924,2447.90362712269,130.316209425816,428.75255182882,2.75493806379095,15.0201934724929,1.55912685146577,0.543289696217773,3.90012470731787,3.77827852324615,0.0191399294873638,0.0015484517400554,0.0008394916645527,13.4188358765393,45.3327211002256,15.0,3206.58327301696,87360.0,240,30.0050474360833,1.07028685724247,1168.91717788762,46.4548898785086,2445.5943805581,130.329333828123,428.970538594132,4.37398451135022,16.5768433760692,0.478566422471177,0.507287207557483,3.52096460503396,3.58279315872255,0.0053365468944066,0.0004698635240167,0.0002437040976676,13.3416417888393,45.3374971004621,15.0
6.052083333,30.000388551659,1.22034642265844,1168.7137675339,53.007539990312,2445.47535163244,130.226140201838,428.498643867738,2.73449617927178,14.9929429288958,1.59952886962756,0.543269207990906,3.88960466657984,3.78495567746428,0.0197040156901641,0.0015907093924344,0.0008619545297463,13.4123922104421,45.3017426568339,15.0,3203.4173894123,91075.0,240,30.0033916239722,1.07148967692485,1169.16221236816,46.5172368231381,2446.37658929878,130.402327936268,429.260718830484,4.33700962119536,16.4799454890108,0.493479536973081,0.507724011106515,3.52439142471217,3.59550432684464,0.0055038949274744,0.0004837525141266,0.0002511025654497,13.3400784087021,45.3632864174642,15.0
6.0625,29.9983125160677,1.22026879147158,1166.20758296732,52.8681682786943,2440.31366913646,129.990867893909,427.747420562507,2.68791635214853,14.999559666193,1.68701464589753,0.543926963455894,3.88072112391467,3.78845659083704,0.020929028546075,0.0016782522212254,0.0009085935937228,13.4096918325814,45.2201460185682,15.0,3196.76089114309,90650.0,240,30.0012226265018,1.07253367593741,1168.24222737298,46.5186409866986,2444.6445557101,130.34845825672,429.108917224102,4.27651331298559,16.4383047890032,0.521163254981017,0.508125870363027,3.52406728588772,3.60267975131192,0.0058132570960266,0.0005094954415793,0.0002647266290671,13.3395355369084,45.3448700084052,15.0
6.072916666,29.9980034704709,1.20419031288383,1164.27230447289,52.0880104585107,2436.46479722413,129.849907224113,427.246624218812,2.76018969216157,15.2549277945074,1.59317342281892,0.540809213261502,3.8369644574815,3.75751324409321,0.0194184929459355,0.0015428394412177,0.0008282573589411,13.3935513680012,45.1712527386863,15.0,3191.31967225286,67740.0,240,29.9997042105742,1.06010503185886,1166.7807244365,45.9010285379343,2441.72802703516,130.246158071934,428.800939829564,4.39099527114784,16.5696689843969,0.466903006162488,0.505045229783518,3.48864837560653,3.58844087171419,0.0052040081552158,0.0004544413876063,0.0002340221041212,13.3344548493108,45.3095578932576,15.0
6.083333333,30.000836744531,1.17683131198449,1163.49865111556,50.8361060296757,2435.13853293688,129.856899974587,427.234386575186,2.94268789829028,15.6085234838944,1.40673677907159,0.533126169811763,3.76783090617583,3.71107828801584,0.0167722881695093,0.0013530275024784,0.0007226400975426,13.3901510830884,45.1737169444428,15.0,3188.80372018225,68305.0,240,29.9995288226191,1.03701323466171,1165.53679966029,44.8185312539481,2439.22525362837,130.17080245652,428.619794656764,4.65055695222737,16.781691768842,0.386819083292428,0.498575614349888,3.4270414105736,3.56414491005085,0.0043021658097138,0.000379184539783,0.0001932620374305,13.3311772615618,45.2836144847021,15.0
6.09375,30.0055001959514,1.15503186830361,1163.85530107101,49.8606406253575,2436.19105815665,129.982960656162,427.666370504644,3.03855650298097,15.8038892145697,1.33871628233689,0.526295119647937,3.71424997693034,3.68274283513467,0.0158081040868356,0.0012930666619084,0.0006902406190593,13.3979815932176,45.2174805170989,15.0,3189.5803586482,68380.0,240,30.001111457749,1.01748104141802,1164.73505153675,43.8982313790449,2437.62391589179,130.144008848023,428.603709219029,4.79355074915583,16.9512916232247,0.355926563583342,0.492546051290663,3.37470793948868,3.54406617890721,0.0039505525731337,0.0003514919836539,0.0001782834189193,13.3321059379789,45.2744466456793,15.0
6.104166666,30.009331716411,1.13529109337186,1165.11144823262,49.005359346407,2439.15357625756,130.21415860382,428.4714828542,3.0904093113577,15.9245242244047,1.30373511425542,0.520191166463045,3.66727275747185,3.6620394780271,0.0153067413852113,0.0012618459288603,0.0006730218321105,13.4012809407346,45.2977258377,15.0,3192.94031334923,66695.0,240,30.0038181520658,1.00010342601429,1164.63273001181,43.0948129739563,2437.49237854325,130.201546826418,428.866292896948,4.87300466890466,17.0922242714534,0.340533085644001,0.486985109575269,3.32913063139661,3.52556737717454,0.0037741105590787,0.0003380378132173,0.0001708630859885,13.3327911108953,45.2944838027364,15.0
6.114583333,30.0114872701507,1.11529788529673,1166.67614915407,48.1496471467045,2442.72869604286,130.48590433937,429.427148984694,3.14938631986913,16.0278443671913,1.25527028907278,0.514047683408801,3.62008777284653,3.64304314701966,0.0146471107906996,0.0012166518207853,0.0006480476480192,13.4005447823617,45.3920352593263,15.0,3197.14468569527,65375.0,240,30.0065638203378,0.983421888529488,1165.16621104046,42.3468800477192,2438.69405318833,130.337419901226,429.394053265305,4.94284383058382,17.2118366465816,0.325382019208196,0.481579099128015,3.28679266556394,3.50808550551499,0.0036026013923875,0.0003243384271522,0.0001633291581886,13.3325750746437,45.3416751338058,15.0
6.125,30.0123565838127,1.09235230276095,1168.038543192,47.1636301945295,2445.78288028097,130.740822477231,430.339201206695,3.26276997937086,16.1671761995028,1.15200676082835,0.507442889935836,3.56529548350124,3.62005806471486,0.0133047870254901,0.0011149615620214,0.0005918336219876,13.3943998965431,45.4805106405312,15.0,3200.65919099397,60210.0,240,30.0086812547818,0.965198423553657,1166.04625802664,41.5461657704623,2440.57730763617,130.516668184309,430.086175402131,5.0515051974804,17.3266371431446,0.296739570894136,0.475764413429671,3.24140802258383,3.49067270464055,0.00328557151169,0.0002965548681098,0.0001483292460216,13.3311201155298,45.4039263908299,15.0
6.135416666,30.0128099948859,1.06819027748218,1169.03341742043,46.1131871422912,2447.92200502496,130.952357815411,431.13610986131,3.42340715682145,16.3054330037172,1.03211894199176,0.500344467714442,3.50659107552602,3.59847253434353,0.0117934550563994,0.0010046582330839,0.0005316411254781,13.3904881366552,45.553947080626,15.0,3203.03326825877,60210.0,240,30.0101553929606,0.946161106791678,1167.00576470012,40.713651539736,2442.54340336347,130.704913297664,430.836112681747,5.18598722411123,17.4260151581411,0.266440589575651,0.469654941038532,3.19407563718144,3.47551721381791,0.00295070544924,0.0002666194563102,0.0001322695952828,13.3298569765538,45.4693206416721,15.0
6.145833333,30.0131549030036,1.04455652627571,1169.68637999565,45.0749537699197,2449.18383189567,131.120252887542,431.820918042106,3.5985274438356,16.4195587429705,0.911782893114636,0.493522373650465,3.44823859468346,3.58125435995994,0.0103172472070114,0.0008931591789723,0.0004709652674938,13.3863438768844,45.6122653813424,15.0,3204.37395147917,56985.0,240,30.0112015983487,0.927501768930335,1167.88882638231,39.8941266260865,2444.24089958388,130.882923110654,431.578199427604,5.31704910821538,17.5038789269291,0.238261169853322,0.463602054380767,3.14730464027833,3.46366948371219,0.0026406405449056,0.0002383308043051,0.0001171649228314,13.3288750082977,45.5311746757656,15.0
6.15625,30.0134738575173,1.02097288457988,1170.05796607242,44.032266933395,2449.7029997387,131.250056589992,432.41571521736,3.80781825175377,16.5084086093054,0.788304350787853,0.486783058979477,3.38931813754815,3.56861537457952,0.0088429121364152,0.0007808187298104,0.0004101672356088,13.3824562086282,45.6574171678995,15.0,3204.83731628982,56100.0,240,30.0119592743651,0.908957526475905,1168.6088371369,39.0738249278198,2445.46686204166,131.038860047615,432.278575613518,5.45520194774893,17.5607922342194,0.211403393066237,0.457572489880308,3.10023983758132,3.4554229832681,0.0023459044495658,0.0002104369603071,0.0001023169857793,13.3278635152256,45.5853998936246,15.0
6.166666666,30.013790143788,0.998485875950221,1170.22419157008,43.031668348275,2449.64578155513,131.348141235482,432.945756970979,4.02811731798602,16.5512219599537,0.674416660109838,0.480290709786456,3.33252666955112,3.56321481677025,0.0075134958141776,0.0006772454744959,0.0003544468639563,13.3790776874973,45.691624532621,15.0,3204.66537315943,54490.0,240,30.0125510040627,0.891333706323044,1169.15352751447,38.2878861619845,2446.1967716572,131.170502856727,432.927828682583,5.58441460912286,17.5884330006811,0.188368929291317,0.451774691558396,3.05491555224142,3.45183680638344,0.0020936386514031,0.0001859212059817,8.93176079848328e-05,13.3270906552438,45.6312263971706,15.0
6.177083333,30.0140611136653,0.976724260332831,1170.23825401291,42.059007986986,2449.13270757855,131.420335542078,433.430862489853,4.26466783861857,16.5516684150269,0.568673603169292,0.474026064937689,3.27707870431421,3.56460115293763,0.0063026212330651,0.0005807206869042,0.0003027970518681,13.375410351561,45.7169183580259,15.0,3203.99856447631,53135.0,240,30.013027309744,0.87441667660621,1169.52735919471,37.5275608157911,2446.43777339811,131.277298880865,433.52687678782,5.70957289787899,17.5863942497492,0.167913453016076,0.446171303824771,3.01083092842052,3.45309295527098,0.0018699724064513,0.0001633772247908,7.74049256576177e-05,13.326290033433,45.6684755516153,15.0
6.1875,30.0142517233503,0.958658761349161,1170.12970758875,41.2374420578388,2448.22736439989,131.467344842989,433.875123603759,4.44968533618559,16.4675830976968,0.50244291985321,0.468460220327935,3.23009438827581,3.57813298261906,0.0055511134238958,0.0005242761543181,0.0002734263251883,13.3761519562441,45.7335271486746,15.0,3203.00288223143,56735.0,240,30.0134294408472,0.860177913654952,1169.75858499012,36.8811488562252,2446.27640183231,131.363408832767,434.078082759716,5.79835887756569,17.5340292731465,0.156216174231134,0.441324107976059,2.97320585824525,3.46144672978687,0.0017410859205433,0.0001504247064029,7.05911153439437e-05,13.3263608517037,45.6985702088812,15.0
6.197916666,30.0140610633958,0.942926443475402,1169.88843018495,40.5150796235884,2446.92979018993,131.493376741684,434.275247216192,4.60325244653359,16.3435297396292,0.44555414360497,0.463693084096521,3.188453132887,3.5979720734509,0.0049138164942839,0.0004731024513912,0.0002466493497412,13.3736203793453,45.7428847802892,15.0,3201.63360655248,54380.0,240,30.0136972315753,0.847911590816689,1169.84820471433,36.3182970852365,2445.71596128924,131.429135481504,434.583047073128,5.86735286832605,17.4402856760853,0.146602637077887,0.437118193241786,2.94028068892978,3.47587904737729,0.0016355708498182,0.0001399213608221,6.50993117520601e-05,13.3261947061577,45.7216176219481,15.0
6.208333333,30.0135268897485,0.928162895742787,1169.46374578045,39.8296063990258,2445.14917852009,131.493179801324,434.61252232232,4.76347218337975,16.2027831162595,0.395334121680657,0.459216651169362,3.14849315375075,3.62137000166064,0.0043546615754333,0.0004291994412344,0.0002240434347534,13.3707187233989,45.7431773683688,15.0,3199.71855764369,55930.0,240,30.0137307431465,0.83657527620188,1169.78903072068,35.7931365593114,2444.74080040068,131.472991508764,435.040815651322,5.93666595824448,17.3183275026486,0.13776955030621,0.433239108211048,2.90931222898053,3.49501418425965,0.0015386318251212,0.0001297651408924,5.98101093303333e-05,13.325681250109,45.7371147427074,15.0
6.21875,30.0127709479957,0.915960884231506,1168.78696280851,39.2458697901665,2442.75143787332,131.459475862236,434.856018272653,4.87755437564108,16.0345009446149,0.363732751991991,0.455360112448064,3.11397623709673,3.64953018419588,0.0040032376536683,0.0004034268574536,0.0002111710972924,13.3691255842593,45.7318492838778,15.0,3197.12371041807,56715.0,240,30.0135199045888,0.827128912028177,1169.55122149259,35.3466934565497,2443.31038873517,131.492836079182,435.435131728029,5.98588794533396,17.1631498075605,0.132351978596949,0.429943265774078,2.88270994959901,3.5193475645206,0.0014786412728896,0.000123860112422,5.67708796342918e-05,13.3255225599678,45.7442989918913,15.0
6.229166666,30.0118054920373,0.90598346939926,1167.87081707993,38.750361659393,2439.78422868177,131.396413407001,435.008848105944,4.95418564168028,15.8594905415716,0.345155734162065,0.452099917623673,3.08413267580068,3.67953450833091,0.0037961485081578,0.0003902300515279,0.0002049243571571,13.3674707104596,45.7103246091965,15.0,3193.89074515743,58120.0,240,30.0130669019445,0.819321969617369,1169.10291203154,34.9669632147985,2441.36790938098,131.485964602318,435.752978658261,6.01966026383601,16.9860249502941,0.129194337396543,0.42717536814759,2.85974932152422,3.54745267543138,0.0014431704189013,0.0001207193242344,5.51775243559184e-05,13.325389871762,45.7422226608329,15.0
6.239583333,30.0106877582982,0.897332509946518,1166.76682190373,38.3086023773226,2436.3754204633,131.312287391942,435.089808041274,5.01327749307457,15.7024345985903,0.330799108205833,0.449287194773583,3.05701540751011,3.70794468171707,0.003636297955715,0.0003791291974427,0.000199363786527,13.3645643313341,45.6814741975954,15.0,3190.15081078137,57610.0,240,30.012391896516,0.812558448450272,1168.44382836813,34.6277542321981,2438.92092804436,131.453310461977,435.994097049699,6.04662629502226,16.8046835667851,0.126685701971447,0.424762714926809,2.83887675465798,3.57704571672892,0.0014149346145834,0.0001182384305692,5.38933379359579e-05,13.3250222496942,45.7312040766595,15.0
6.25,30.0095871927617,0.890121985920755,1165.50618225813,37.9244424404132,2432.60090879303,131.210794188046,435.109012034185,5.05454213368832,15.5635570310037,0.323240409576466,0.446814891977199,3.03296753830328,3.7345068479342,0.0035509566167322,0.0003756674753207,0.000198006290743,13.362499882452,45.6465785324298,15.0,3185.99843868467,59220.0,240,30.0115471842103,0.8068114361008,1167.58430476128,34.3281770790412,2436.00520259976,131.397141434159,436.160430898746,6.06694488235707,16.6282659127791,0.125289710299788,0.422675657707931,2.82006581507651,3.60680784844555,0.0013987243246073,0.0001171004958404,5.33160003389389e-05,13.324702002186,45.7120220338973,15.0
6.260416666,30.0085387356319,0.885102252053576,1164.13527285841,37.632342877004,2428.56540387036,131.097417582288,435.081208868512,5.06281718464761,15.4350303270095,0.323988840414869,0.444928889557766,3.01407849682186,3.75998159410378,0.0035568164034415,0.0003806143184637,0.0002011248600393,13.3611437101967,45.6075340617381,15.0,3181.58938508873,60525.0,240,30.0106024757702,0.802598629829593,1166.53281678695,34.0913130123773,2432.65671913586,131.319692629939,436.251769777437,6.0735896853296,16.4571825054039,0.125617443231169,0.421076322356437,2.80473282397604,3.63643691041334,0.0014012019044294,0.000118383145112,5.40175424538751e-05,13.3246045469098,45.685438962089,15.0
6.270833333,30.0075671883076,0.879606419707388,1162.78136164563,37.3274315410587,2424.54832548745,130.987768707183,435.05879093176,5.10039491962115,15.3477083488762,0.313343686726387,0.443188406232886,2.99434136730375,3.78019108874575,0.00343938338258,0.0003687951674232,0.0001943594422908,13.3570906067199,45.5697767734991,15.0,3177.20509131494,57145.0,240,30.0096442825744,0.798233124895507,1165.380179037,33.8459428647413,2429.05785981362,131.230686797462,436.306291634268,6.09144562946211,16.315404374094,0.123650279720989,0.419488109548688,2.78871748794111,3.66283899233457,0.0013793404603525,0.0001161057362804,5.27585915360699e-05,13.3239369358344,45.6548435380479,15.0
6.28125,30.0069772435158,0.873448370973616,1161.49680761789,36.9970639082787,2420.65525921849,130.885390945715,435.062980383067,5.16244034978886,15.2858836369158,0.299824704740424,0.441206487158114,2.97324193176694,3.7970428184551,0.0032902465720234,0.0003557190856156,0.0001872770752258,13.3544785999092,45.5345516844979,15.0,3172.97404031845,57285.0,240,30.0087662972563,0.793368347412283,1164.19277950437,33.5783680162629,2425.34987149493,131.137022860409,436.349369327866,6.12085183003312,16.2036744160177,0.120697909350027,0.417743575000957,2.77129420142542,3.68578426860087,0.0013467682252308,0.0001121962430443,5.06573171157721e-05,13.3232773022236,45.6226388075465,15.0
6.291666666,30.0068055861429,0.8692670963049,1160.28662135203,36.7514639580618,2416.89102695132,130.789771420189,435.091529534944,5.18104951188362,15.2107737576541,0.29886199190755,0.439606203694935,2.9573080395683,3.8152504150443,0.003277659401293,0.000358451192859,0.0001891503414576,13.3547152559393,45.5016621007714,15.0,3168.98405648799,59130.0,240,30.008070191826,0.789714711118989,1162.9656178736,33.3629468295224,2421.54416541951,131.039143077495,436.373426959591,6.1338338191169,16.0986696971467,0.120295475909673,0.416347647466112,2.75696488016246,3.70788991187129,0.0013415343436974,0.0001122100240799,5.06785666552192e-05,13.3232800871787,45.588960032262,15.0
6.302083333,30.0066975778891,0.867065882120487,1159.1900640525,36.5953325498635,2413.34644865393,130.706652938877,435.159415818862,5.16951471249764,15.1250262911677,0.303510144074502,0.438640929083872,2.94673074894201,3.8343386364474,0.003326901064831,0.0003663136394233,0.0001936713593432,13.3548458961314,45.4730995952872,15.0,3165.35326020699,60105.0,240,30.0075816361972,0.787488371145469,1161.74378871397,33.2107184358368,2417.74215377895,130.942527203469,436.394915140082,6.13271782845995,15.9952576187381,0.121312111256218,0.415434896502834,2.74644965474922,3.72956474136151,0.0013517744700962,0.0001143144966532,5.1799856145807e-05,13.3234385847943,45.5557043001207,15.0
6.3125,30.0064218690114,0.864315194739022,1158.19489093263,36.4247044641449,2410.00665758167,130.635705826965,435.266663774579,5.18870523893581,15.0583675945992,0.297401389745555,0.437799340203035,2.93532216776341,3.85065099165475,0.0032599902160647,0.0003586647183813,0.0001891755815644,13.3525338695357,45.4487673566868,15.0,3161.98304245251,57440.0,240,30.0072051010552,0.78515862128068,1160.60513532945,33.0574330403373,2414.09520226238,130.854939028745,436.448394691845,6.14197682130889,15.9066375595257,0.120255343947714,0.414568984933492,2.73594084541732,3.74916018708784,0.0013400187016281,0.0001130829999659,5.109882914848e-05,13.3230861558736,45.5255844259973,15.0
6.322916666,30.0062057151294,0.861074239821135,1157.2163710117,36.2335762707565,2406.6919189866,130.565635830678,435.381302975774,5.22603505181366,15.0012431784598,0.289755598927198,0.436764428773628,2.92276865305645,3.86557772348608,0.0031758401413627,0.0003514889574332,0.0001853394106269,13.3512999260313,45.4247512315903,15.0,3158.63516723032,58065.0,240,30.006872923283,0.782542643069741,1159.53927157707,32.8943224741116,2410.58334399263,130.774680356313,436.530445182315,6.15965925391465,15.8305101694354,0.118544769906312,0.413626795291209,2.72489692284372,3.76702057719203,0.0013211502007177,0.0001107745517439,4.98618942238195e-05,13.3227401995182,45.4980182196711,15.0
6.333333333,30.0061332296948,0.85871304909272,1156.23142137134,36.0789728154707,2403.35296203677,130.49386990376,435.492002013099,5.24082333496755,14.938088505782,0.287981179255743,0.435916886731532,2.91243631437279,3.88096397242562,0.0031553273286651,0.0003510109639717,0.0001851493850126,13.3512160389753,45.4001401610723,15.0,3155.28702622613,58161.41928054358,240,30.0066126307904,0.780491668090213,1158.49740783172,32.756598227807,2407.11597835178,130.696799807274,436.619789635457,6.16927416589382,15.7560702990712,0.118014247837377,0.412852080957873,2.71541178277592,3.78441339910806,0.0013149237498927,0.000110354552688,4.96352610816316e-05,13.3227061696497,45.47127640295,15.0
6.34375,30.0060990398989,0.856463338641918,1155.2907841887,35.9314215120713,2400.1014303733,130.427433851799,435.6196213144,5.25455857199847,14.8809969840072,0.285758063497573,0.435182543143787,2.90260097655913,3.89517355758102,0.0031301553508563,0.0003485203375336,0.0001835976105259,13.3506625461874,45.377369564385,15.0,3152.06104560349,57411.41928054358,240,30.0064313679318,0.778566099528811,1157.48886028657,32.6254887616109,2403.70948963557,130.622315852282,436.721565068605,6.17809279035711,15.6873687035182,0.117398246398655,0.41213941005988,2.70637870300701,3.80079853768764,0.0013078630099372,0.0001096405468908,4.92221777974762e-05,13.3226070939903,45.4457124686804,15.0
6.354166666,30.0060510978679,0.856122746618386,1154.36993604814,35.8618313302275,2396.88722814802,130.363204348058,435.750948792608,5.22922039089687,14.8114215982849,0.296059008481473,0.434824950479079,2.89738654203234,3.91054802380934,0.0032404312514635,0.0003633350905454,0.0001920231012109,13.3521223382629,45.3553432649042,15.0,3148.94136894896,61351.41928054358,240,30.0063017686412,0.77789903305002,1156.4875739672,32.5492906349147,2400.32674002819,130.549468038829,436.822009387153,6.17194435857412,15.6131117175287,0.119158975488204,0.411822784478276,2.70066729607975,3.81743044330158,0.0013262094478156,0.0001125616973681,5.07818176233761e-05,13.322890715588,45.4207003695259,15.0
6.364583333,30.0057048936631,0.8568794485192,1153.44043657975,35.8419217303006,2393.66247451279,130.300299677966,435.875420747329,5.18806073904268,14.7508216029366,0.306440385871613,0.434980052224308,2.89496591332166,3.92433543855106,0.0033525254097066,0.000373645361747,0.0001972231458741,13.3517449168806,45.3337409949723,15.0,3145.84072068233,59891.41928054358,240,30.0061488605526,0.778182864836349,1155.50024099336,32.5151374054778,2396.98305202471,130.479589461417,436.924459714536,6.15729188445123,15.5397655634108,0.121303211785769,0.411857593005113,2.69748637213714,3.8334477042273,0.0013489740580537,0.000115931040787,5.25092145935728e-05,13.3230235905633,45.3966965605598,15.0
6.375,30.0051679703596,0.856640819355445,1152.44760792103,35.7799550065862,2390.31948689748,130.232445471741,435.975477810867,5.18143139401589,14.7215124985323,0.308882696580589,0.434987092880946,2.88993172495413,3.93395167791755,0.0033784159394808,0.0003742809496768,0.0001970422508091,13.3503273396087,45.3103975750424,15.0,3142.54902801206,59446.41928054358,240,30.0058754402753,0.777949899357115,1154.53733422009,32.4599473020972,2393.68853224541,130.413127159502,437.037091175929,6.15615118072625,15.4841781683839,0.121570026967737,0.41177962003003,2.69302650845811,3.84694692975756,0.0013516459448743,0.0001160929389372,5.25136200504861e-05,13.3227426544072,45.3738675458727,15.0
6.385416666,30.0046136374288,0.860685654454344,1151.22327672877,35.8801267244575,2386.51292922195,130.138290179477,435.975457359704,5.08160105903803,14.6654906224289,0.344793794116726,0.435887276608889,2.89415892798924,3.94664781023465,0.0037664438939877,0.0004185080347114,0.0002216637920635,13.3540333702675,45.2778621872479,15.0,3138.7559568012,68461.41928054359,240,30.0054849837323,0.780404576204916,1153.45989165781,32.5170914645342,2390.19799205917,130.336934735772,437.095470317836,6.11894434671611,15.4184818236553,0.128283423761376,0.412512499141473,2.69515817884438,3.86108847385176,0.001423081570421,0.0001259148377534,5.773020852376e-05,13.3235026483213,45.3476093982529,15.0
6.395833333,30.0025311744474,0.879490717423494,1149.46959238274,36.5479039004829,2381.68415264916,129.984709795119,435.733685533858,4.68072665984636,14.5156328646579,0.494483334213395,0.441155330875068,2.93034827520963,3.97069973656061,0.0054031830688329,0.0005868389445266,0.0003143855864048,13.3643461917487,45.2245269857872,15.0,3133.98342843537,90251.41928054359,240,30.004665693928,0.792772436683943,1151.99300455895,32.9864152120742,2386.03635372145,130.226774557572,436.969901412819,5.93558577578012,15.2954039196203,0.161278843470908,0.416404783070439,2.72137067412449,3.88081586015624,0.0017754821677095,0.0001713439494051,8.181895067647e-05,13.3267272677383,45.309395831327,15.0
6.40625,29.9958100965039,0.907779518713438,1146.4420494952,37.5714764266971,2374.41440584643,129.697917309077,434.946446705958,4.13635826691218,14.4433417693302,0.740064719581182,0.451878369450556,2.98447582729543,3.98480761718508,0.0081497195136538,0.0008123261227629,0.0004320795549872,13.3625299430147,45.1246452107786,15.0,3126.14770574561,92531.41928054359,240,30.0018105693537,0.813265545577701,1149.91584739935,33.7827079294602,2380.76914053449,130.061713212221,436.573800651284,5.62157044824068,15.1998057157021,0.222619042257584,0.423503254226405,2.76567234376955,3.89561079495934,0.002433238270882,0.0002433700420366,0.0001189668766331,13.3281896249278,45.2518854806975,15.0
6.416666666,29.9885489105094,0.937341758336174,1141.16947076435,38.5749101718907,2362.70386743247,129.166222605294,433.22816063597,3.66990677458275,14.5560693500809,1.04757041285375,0.463412260575519,3.03558521677877,3.97552611764102,0.0117132245894462,0.0010853126211472,0.000573549652384,13.3597638003596,44.9393448237613,15.0,3112.3364823253,95591.41928054359,240,29.9964522400634,0.835230760344298,1146.65960270635,34.6032408521786,2373.21801191301,129.777186878313,435.68678049657,5.29366478997713,15.2614903364295,0.302985708693118,0.431432832092124,2.80972962335391,3.8900474217367,0.0032978368791857,0.0003263956924422,0.0001613182087204,13.3276382739132,45.1526207940236,15.0
6.427083333,29.9845492429228,0.973793793062835,1134.55558003332,39.7945095085099,2348.4426951294,128.47693048579,430.904210875095,3.19833858555107,14.7064476806969,1.51512003739963,0.47739852635725,3.09885642504338,3.9601038004835,0.0174799850553786,0.0015188487627403,0.0008019977062384,13.3685417585964,44.6989255877375,15.0,3095.1546387149,102801.41928054359,240,29.9908137439701,0.861455455169016,1141.66488711033,35.5394310699321,2362.27685463136,129.30819214113,434.063403793129,4.88222474165257,15.4783282986635,0.438562740283779,0.440717518704106,2.85913571439398,3.86380939965805,0.0047626934538935,0.0004598382116275,0.0002301363713844,13.3294996306477,44.988906116711,15.0
6.4375,29.9827439714247,1.01944732334306,1129.52301927401,41.4526388893833,2337.73183392545,127.949913551533,429.080289011443,2.73677606778572,14.7661741562346,2.21495676465045,0.495373732794721,3.18939964428229,3.95289005762669,0.0271817929188691,0.00220842481729,0.0011683988739928,13.3876229390898,44.5145585786514,15.0,3082.68918992285,109311.41928054359,240,29.9866528032068,0.895070090620418,1135.90205254381,36.7442717515539,2350.01559114538,128.759569791127,432.05028570041,4.34109597157009,15.7937991053899,0.680234648841347,0.452575696633746,2.92391369267333,3.82245709866173,0.0074114537402325,0.0006859936337185,0.0003480573998834,13.3346111904386,44.797118116436,15.0
6.447916666,29.9813409017905,1.07301591019749,1126.99372670901,43.5795858147878,2332.41895304027,127.68106532011,428.09832502315,2.35986136275036,14.6793158566185,3.12973514704281,0.516827824614648,3.31028773627016,3.96029666957516,0.0424993690220078,0.0032230453525165,0.0017078145502768,13.4143589645739,44.4194526000642,15.0,3077.39333138054,116136.41928054359,240,29.9838944883594,0.937000679682638,1131.23032017208,38.315384692504,2340.30059163343,128.330142620532,430.344616793087,3.72534230668468,16.1146006943483,1.07709478424607,0.467232623107845,3.01152825018643,3.77666694587174,0.0119221060995771,0.0010453407908766,0.0005375036720204,13.3426588003768,44.6463975698938,15.0
6.458333333,29.9800862001996,1.12848888127497,1125.31639962397,45.9649531040237,2328.94074180737,127.487051195351,427.327027990829,2.10723911681041,14.5085197630323,4.10137406327181,0.53879431632308,3.44894850528196,3.97458416113831,0.0629040867862165,0.0044831891347562,0.002377138029262,13.4411778661817,44.3497015215675,15.0,3074.53940643234,116896.41928054359,240,29.9818903987818,0.984155800202572,1128.1099927274,40.1617215312999,2334.0004116899,128.058361621321,429.123374325403,3.16927054382358,16.3693243454729,1.61437203173842,0.483387845993057,3.11766489643108,3.73574739220191,0.0184973972904688,0.0015338412927732,0.0007969249769903,13.351621551214,44.5501570205549,15.0
6.46875,29.9805900261466,1.18103518090628,1123.88850168742,48.370438689635,2325.94008473649,127.312643592291,426.561812385917,1.95753799724995,14.351741400708,4.9325502626229,0.556901879007869,3.59078595884219,3.98422693499309,0.0846308350772842,0.0057522173463673,0.0030561755255951,13.4638291471198,44.2862176621719,15.0,3072.26977406544,116291.41928054359,240,29.9808757595825,1.03142036688863,1125.9290880411,42.0794618703169,2329.71460911121,127.869323842765,428.167591893693,2.76998359351475,16.5491309007103,2.19548714495685,0.498713973494924,3.23032313107367,3.70196364904002,0.0264478623716193,0.0020924526158701,0.001094719197727,13.3596160088762,44.4823791219884,15.0
6.479166666,29.9828421978688,1.23140539498899,1123.19152766442,50.7746608691029,2324.38864332683,127.218151155215,426.017616661488,1.86421237763837,14.2259150134722,5.53374584509552,0.571218780993744,3.73317692564335,3.98846168558921,0.104097341868357,0.006844358383844,0.0036518037540791,13.4804950857953,44.2503017572928,15.0,3071.88067607576,116361.41928054359,240,29.9814281322142,1.07753337917234,1124.41995077245,44.0194810440055,2326.81146942863,127.733175447321,427.389479373945,2.50524184918483,16.6541610143478,2.73595112135522,0.512753248879492,3.34568675132342,3.67634877875831,0.034911360945213,0.0026640812172546,0.0014011808265099,13.3663974049276,44.432718741412,15.0
6.489583333,29.985406322036,1.27974134051551,1123.56128040851,53.1440309590497,2324.9572774873,127.243835428885,425.846542143865,1.8042824073849,14.1460569641106,5.84106747778326,0.582969657706393,3.87358551110662,3.98709224903406,0.117460852529851,0.0075779595605537,0.0040661620012525,13.4883033925969,44.2563593907617,15.0,3074.25699436378,115776.41928054359,240,29.9831606733437,1.12194353719109,1123.76755126962,45.9602853512331,2325.63110886091,127.675712465205,426.881423922621,2.33809893597629,16.7048296600897,3.14517316539723,0.525664580652608,3.46166876778239,3.65733157517213,0.042328058739472,0.0031484315329798,0.0016636803242176,13.3709060314862,44.4102945284133,15.0
6.5,29.9876919744909,1.32403185503591,1124.57386761719,55.3318386058628,2326.78153019414,127.344549219705,425.907231903955,1.76969934297672,14.1390369233643,5.85947472989141,0.592755726280423,4.00340430217315,3.9779262022248,0.122082604354696,0.0078298118584395,0.0042233660526756,13.4878403576984,44.2889959162102,15.0,3078.1710100928,113506.41928054359,240,29.9852703371263,1.1626626597977,1123.97261421242,47.7958297756876,2326.14926651342,127.704937180814,426.671006597862,2.24670107532617,16.7507443529747,3.34124137006008,0.537193917788777,3.57173990602622,3.63966201583522,0.0465497779483576,0.0034117411267387,0.0018097739548641,13.3722383758274,44.4181374624266,15.0
6.510416666,29.9903210889053,1.35526699455243,1125.70342569223,56.9073240919268,2328.93892055605,127.479233584098,426.054820542866,1.7665634722229,14.2856272683622,5.60733223645592,0.598039618691779,4.0977850847106,3.95030455895078,0.116016068154889,0.007502469407413,0.0040591444498798,13.4764840220428,44.3340798004879,15.0,3082.06335320074,102306.41928054359,240,29.9874319020503,1.19234583860916,1124.67645358392,49.1597959606395,2327.67383814318,127.800768129779,426.677567940438,2.23207787328774,16.9086079231792,3.25000324621483,0.545226085112533,3.65454984809999,3.60875565834506,0.0452141102780479,0.0033030778472925,0.0017544102136584,13.3682350672706,44.4495154097167,15.0
6.520833333,29.9946749913934,1.3752439255107,1126.98067549355,57.8640999445178,2331.63766176038,127.654883947168,426.337242283619,1.78493830776374,14.5237618595608,5.18797497564906,0.599021032322732,4.15522716453466,3.91127235052712,0.103047128371205,0.0067792106632682,0.0036716823798358,13.4688775633979,44.3940133416928,15.0,3086.1514325782,98871.41928054359,240,29.9902745351955,1.21002547775579,1125.61112506368,49.9947894546694,2329.73666239926,127.936825418043,426.823051564771,2.28352618185354,17.163541396392,2.94872530684976,0.549634554679783,3.70625001687171,3.56632436003943,0.0399363487772459,0.0029371231485742,0.0015594557912327,13.363490967106,44.4952734081195,15.0
6.53125,29.9990385339893,1.39022104565269,1128.64558706414,58.5727069809497,2335.38531525116,127.886432559639,426.836917354358,1.81284505421349,14.7224322691212,4.72807601261313,0.599419197182999,4.19603939406262,3.87727330588328,0.089282824331179,0.005991449978449,0.0032476399270233,13.4654223849212,44.473843305467,15.0,3091.35060188678,96951.41928054359,240,29.9939924498204,1.22207139076592,1126.82727177642,50.6059811520192,2332.49840124389,128.106286019151,427.114872422041,2.37209606299328,17.3851833159926,2.58626499211238,0.552668450927564,3.74360081035477,3.52896650115486,0.0338925585373583,0.0025202013332521,0.0013372670439183,13.3606886876247,44.5529944745119,15.0
6.541666666,30.0017199879839,1.40061515255991,1130.49727475725,59.0733851815521,2339.69832108036,128.147899642465,427.464790887853,1.85275012391718,14.8811819082479,4.25286886778126,0.599552406454665,4.2236143679069,3.84886186115589,0.0758603935990151,0.0052010851603574,0.0028214629596888,13.4608929888336,44.5644935225609,15.0,3097.08462380404,95831.41928054359,240,29.9975414867262,1.22990768604605,1128.34035160281,51.0659268144088,2336.02203409511,128.310147866987,427.565768451243,2.49368527075745,17.5379567580713,2.21304970648395,0.554829807544306,3.77079102214026,3.50120598963851,0.028061850421759,0.0021146879520676,0.001121210543065,13.3581169141851,44.6230367887985,15.0
6.552083333,30.0027549101009,1.40658092745472,1132.14010017348,59.3661388042136,2343.65842506962,128.389437957121,428.048916864773,1.90794802353174,15.0162117241011,3.7810613333082,0.599499965633687,4.2389922480689,3.82466226176431,0.0634344627323506,0.0044450961130651,0.0024127466410352,13.4550739246252,44.6485773358475,15.0,3102.1886971538,94866.41928054359,240,30.0000977701032,1.23389410869125,1129.97355231309,51.383229944655,2339.91069922112,128.527148987118,428.105055565086,2.65003087635129,17.6204753601336,1.85430094209658,0.556232797444153,3.7888905600732,3.48356766919535,0.0228112298056819,0.0017449428375853,0.0009241346733441,13.3553853690377,44.6980057662353,15.0
6.5625,30.0030046378565,1.40504967805588,1133.32525979423,59.3169359335689,2346.73188687185,128.584970486104,428.492468981136,1.98970915465305,15.1763384894854,3.30104379974956,0.598396006331084,4.23523189224402,3.79846125298183,0.0516781550903831,0.0037024738269563,0.0020089003783056,13.4455484671064,44.7169704977948,15.0,3105.87636942351,90016.41928054359,240,30.0015401410171,1.2314895505938,1131.44743907897,51.4293545113866,2343.54605975524,128.728498174979,428.630147789697,2.85975535249259,17.6788523210953,1.50259570318959,0.556243570332677,3.79116406122302,3.47045469614298,0.0179650186138398,0.0013970504568176,0.0007379832563794,13.3514717673489,44.7678764014409,15.0
6.572916666,30.0034511373005,1.40342794515146,1134.15293354826,59.2542339590451,2349.07350164736,128.730485997167,428.809016480927,2.07614494581692,15.2554653184556,2.90637107506776,0.597297802077442,4.23037556585113,3.78405760199365,0.0432328701523525,0.0031601712722788,0.001715706182085,13.4458206273867,44.7681317197753,15.0,3108.5912275144,96321.41928054359,240,30.002435742933,1.22834255104444,1132.67079497506,51.442810893661,2346.68539606012,128.890813082324,429.074051114616,3.08583191390501,17.6420339493641,1.23075568925102,0.556056206198245,3.79126536416666,3.47139246445125,0.0144245225806132,0.0011457428228802,0.0006049532693004,13.3503655445795,44.8244576598435,15.0
6.583333333,30.0027829010417,1.40260142618881,1134.67045530642,59.2579838857916,2350.7880615659,128.82956382528,429.006642011973,2.15708156704746,15.255154688048,2.60364840323663,0.597457228714054,4.22883930008244,3.78142415621242,0.0372238431279753,0.0027661203603495,0.001503289803544,13.4424697104715,44.8032868256917,15.0,3110.51699506579,93946.41928054359,240,30.0028296523827,1.22694506949985,1133.61888266429,51.5112675121554,2349.27103488015,129.011897624278,429.417103362509,3.27983371344217,17.5145736212452,1.04144939690124,0.556336251923132,3.79411902561109,3.48552796060182,0.0120540131490778,0.0009724777166548,0.0005130605728222,13.3497172130845,44.8669527010881,15.0
6.59375,30.0018126404406,1.39633153061508,1134.63930460746,59.0051689778645,2351.40291289604,128.866216682013,429.009144142025,2.25936513359678,15.286875427565,2.3142356986325,0.596509048940595,4.21336997205975,3.77591300541237,0.0317858602632593,0.0023978257189319,0.001302473471281,13.4351485286561,44.8168306320485,15.0,3110.80468345309,91661.41928054359,240,30.0024995954813,1.22140260112035,1134.17747825039,51.3716090929091,2351.07923300709,129.089402752463,429.636586948463,3.49182298283158,17.3946485638451,0.874557189897782,0.555579865011284,3.78517695895995,3.50004208279047,0.0100198511825639,0.000820204186619,0.0004316801535781,13.3471308879489,44.8944908465688,15.0
6.604166666,30.0017519689358,1.38545892395418,1134.28370814103,58.5425274005316,2351.38639844316,128.864799564792,428.90722397008,2.3784619464636,15.3289426570267,2.051245458281,0.594182907354219,4.18633549330582,3.76978722649194,0.0271669519584459,0.0020793386203675,0.0011282317175712,13.4293602244753,44.8171874342369,15.0,3110.10138371537,88566.41928054359,240,30.0020919369101,1.21189857544152,1134.31032742971,51.0273472175962,2352.01852525511,129.117774571363,429.715192491771,3.71744378663605,17.2871636109444,0.732144064398057,0.553606336518226,3.7647269861946,3.51419340743783,0.008321650810018,0.0006911110503614,0.0003625256986477,13.3446922684409,44.9050773822904,15.0
6.614583333,30.0025455253083,1.37203204129805,1134.18380949905,57.9814839742622,2351.95094736128,128.890546680246,428.928444670061,2.50139379422993,15.3461612537215,1.83182930528011,0.590763786401514,4.1538209605597,3.76706186758895,0.0235719352679374,0.001831042570268,0.0009928473601713,13.4265941315474,44.8270112519258,15.0,3110.07168257762,87501.41928054359,240,30.002120250517,1.2001525037291,1134.25197184898,50.5610291740098,2352.57306159731,129.122662008486,429.739939080204,3.93285377556264,17.1757069016584,0.622315931613033,0.550727967033361,3.73736490407739,3.52966105604076,0.0070339448424256,0.0005924234537232,0.0003097349627401,13.3431661531579,44.9075848516979,15.0
6.625,30.0034292883624,1.35876550307769,1134.49418601191,57.4433308343455,2353.38896736641,128.959258758857,429.12946849511,2.60939402978864,15.3134737137993,1.66814613468707,0.586914032677985,4.1224704165958,3.77096813384416,0.0210327116570396,0.0016566207997957,0.0008983975910297,13.4252895526324,44.8517859362353,15.0,3111.20024805215,87476.41928054359,240,30.0025885542968,1.18870589080651,1134.28964607836,50.0957386492178,2353.33947711603,129.13708924892,429.816275934571,4.10519511854894,17.0423565193199,0.548148496942139,0.547564407997127,3.71000651009534,3.5482249276384,0.0061744820827385,0.0005260410524229,0.0002743100026714,13.3425390390098,44.9134597902694,15.0
6.635416666,30.0037893254653,1.34470328942269,1135.0054791875,56.8761382840244,2355.22455763823,129.049912840944,429.431032723756,2.71212201204182,15.2663134323582,1.52935205217933,0.582728478520988,4.08946344073776,3.77722610465851,0.0189552284938862,0.0015102774440898,0.0008186988743917,13.421067609413,44.8842085913135,15.0,3112.85349694933,85671.41928054359,240,30.0031215997949,1.1770134549054,1134.52758961454,49.6163954733687,2354.52612420022,129.175988135323,429.990110806023,4.24860326356507,16.9032412638943,0.491413591593923,0.544104189386187,3.68184219335828,3.56760920964804,0.0055236728414085,0.0004744832442745,0.0002466858977959,13.3414518480846,44.9278726947783,15.0
6.645833333,30.0038066116436,1.33063471653235,1135.46894717227,56.2951363920128,2356.8905538111,129.132530599547,429.731196979274,2.80958146249527,15.2107340285463,1.4162937919245,0.578469762944428,4.05565741136791,3.78541073516907,0.0173206015856419,0.0013963164164375,0.0007568347906275,13.4173520924148,44.9138536341895,15.0,3114.32416394129,86366.41928054359,240,30.0034634581437,1.16538690306122,1134.89277695549,49.1370888587836,2355.95094205663,129.230490250862,430.231320382625,4.37144274758373,16.7618995315866,0.448301799993051,0.540520557348738,3.65369487808833,3.5875499348112,0.0050315822796131,0.0004353739391046,0.0002257563873781,13.3403898685429,44.9477348768694,15.0
6.65625,30.003530226163,1.31646315549305,1135.75799096566,55.6965294866879,2358.1185990628,129.193877057375,429.978050289151,2.8967076736188,15.160794413043,1.32670966256564,0.574434550288433,4.02078825855149,3.79360993480299,0.016045557444001,0.0013049078497685,0.0007067245255534,13.4125244173664,44.936101235415,15.0,3115.26086107282,84491.41928054359,240,30.0035644205414,1.15376220180405,1135.25978792211,48.6507093805335,2357.32774057333,129.28649046478,430.490128510696,4.47533916705531,16.6289156647038,0.414185629238984,0.536913899160067,3.62514000529132,3.60681856972015,0.0046439118941078,0.0004039541376233,0.0002088574383346,13.3391779169626,44.9681285362101,15.0
6.666666666,30.0032981322974,1.3012105833136,1135.84570230773,55.0329823477165,2358.8756793671,129.2336574875,430.163265548298,2.98067356943684,15.1331976296065,1.25288152403221,0.570225560414259,3.98232274649489,3.79927605237536,0.0150099213210572,0.0012308097711187,0.0006658489051272,13.4082424646373,44.950815646255,15.0,3115.57657702845,83461.41928054359,240,30.0034768025847,1.14114707314996,1135.52987435759,48.1104174633477,2358.44277225738,129.333633909062,430.730721379984,4.57413278502869,16.5193394009381,0.385214989809791,0.533041259974567,3.59353119255856,3.62350380901977,0.0043150195878098,0.0003771031172386,0.0001943451406174,13.3378326173896,44.9854360240412,15.0
6.677083333,30.0033007439355,1.28577583001597,1135.80901747833,54.3473749931386,2359.34376814619,129.260940601027,430.315354857374,3.05128256960119,15.1157005318888,1.19898303733446,0.565958631851359,3.94263535256663,3.80356506476924,0.01425725462442,0.001177284623588,0.0006361740974459,13.4055533365938,44.9611277537407,15.0,3115.52818787235,82226.41928054359,240,30.0033840976644,1.12818474110128,1135.67352313797,47.5432637551356,2359.23937209499,129.368969217322,430.938250861751,4.65726347253481,16.4322854650154,0.363608778436709,0.529024345520869,3.56038559368019,3.63747897278774,0.0040691767527875,0.0003571034735588,0.0001834809146363,13.3368878529532,44.9986052157738,15.0
6.6875,30.0034889963222,1.269475233527,1135.7394018569,53.6186399773398,2359.74177986013,129.28821989986,430.473281661837,3.11874818772471,15.1119389886983,1.15082239897267,0.561557282191171,3.90060851466947,3.80565531322944,0.0135903994070768,0.0011285509350253,0.0006088227828933,13.4033359371069,44.9713791444551,15.0,3115.37452680039,80186.41928054359,240,30.0033863618602,1.11444632295521,1135.71917231194,46.9337358064468,2359.79277372289,129.396932309389,431.125961170654,4.73445547587961,16.3706435576461,0.344614621558444,0.52477360316693,3.52483955173518,3.64810109663876,0.0038533176932652,0.0003392899726104,0.0001737285049815,13.3360260347293,45.0091620561431,15.0
6.697916666,30.0038758690243,1.25256554231994,1135.68932061538,52.8612971284685,2360.19285584738,129.321388205538,430.658158402131,3.18245480379255,15.1118264173784,1.11126122740297,0.556976420570399,3.85708285144021,3.80667019810249,0.0130443323015696,0.0010894350655024,0.0005867271432821,13.402724071634,44.9836185861928,15.0,3115.27997908882,79031.41928054359,240,30.0035260143863,1.10014083193089,1135.7143990736,46.2947732585815,2360.21817313113,129.423050581935,431.31221302142,4.80697131660528,16.3272378366589,0.32858399156581,0.520331549465077,3.4876448719283,3.65607423789161,0.0036706837642311,0.0003242756306834,0.000165463559282,13.3354753357723,45.0190233847248,15.0
6.708333333,30.004332165373,1.23575760171501,1135.67787149626,52.1079416442022,2360.73447085878,129.362596601088,430.876222669086,3.23309515432868,15.1084068648845,1.0847514670944,0.55216486571054,3.81385176140462,3.80744392047089,0.0126719702804548,0.0010635352955784,0.0005718953370603,13.402814676123,44.9985851283343,15.0,3115.31826629831,77826.41928054359,240,30.0038021614391,1.08589153047915,1135.69867514591,45.6559925580282,2360.61086173128,129.452101753645,431.510782940559,4.86665653365187,16.2942170758039,0.317058693851213,0.515819890803715,3.45048823961356,3.66218464708736,0.0035382940921257,0.0003136428094619,0.0001595443900847,13.335233280747,45.0298419897792,15.0
6.71875,30.0047097287751,1.21943557481845,1135.68696284778,51.3747170883421,2361.30194766555,129.4094533202,431.118753182568,3.27438272529913,15.1033169909066,1.06496704074367,0.547159871136322,3.77179410298727,3.80799046394019,0.012392196809101,0.0010450645201436,0.0005612959779826,13.4026312854724,45.015451389995,15.0,3115.43046412083,77281.41928054359,240,30.004142501377,1.07206920075455,1135.69141996082,45.0354836570677,2361.01372266271,129.486596043658,431.728224046487,4.91391295749395,16.2681381015822,0.309062299809731,0.511319729210346,3.41439979076305,3.66678645189529,0.0034453713601711,0.0003065154836607,0.0001555193118078,13.3350577153954,45.0424855633218,15.0
6.729166666,30.0048973935584,1.20406939270965,1135.67456609263,50.6821196773855,2361.76476143423,129.455450767246,431.366069341973,3.31318752455101,15.0961363076951,1.0439404368777,0.542174911789864,3.73199295743399,3.80884292083228,0.0121043826712103,0.0010259375605696,0.0005505528742974,13.4014479609402,45.0319796827857,15.0,3115.48121024718,77011.41928054359,240,30.0044548041365,1.05911213719857,1135.68808032663,44.4537000834337,2361.40500283438,129.525383356971,431.960550987488,4.9521539290793,16.2449517421075,0.302755053569432,0.506983642290609,3.38052670400079,3.6705246875092,0.0033718342489456,0.0003010923606117,0.0001524441437005,13.3348127744271,45.0565602736548,15.0
6.739583333,30.0047846414693,1.19170261960065,1135.58584824464,50.1130382380879,2361.96530690857,129.489816836889,431.588071052464,3.33733371576063,15.0660444816773,1.03456812429709,0.537930207707737,3.69895464400769,3.81328269823075,0.0119716051707696,0.0010210380357468,0.0005481540385307,13.4012502712766,45.04445956123,15.0,3115.33990563142,79576.41928054359,240,30.0046455705008,1.04856562479156,1135.66366030536,43.9779001918716,2361.71394014701,129.56359465021,432.190401043863,4.97033165509612,16.2110062091595,0.301966243707715,0.503294493041035,3.35263597995341,3.67539461270322,0.003359436717879,0.0003014036783035,0.0001525259859122,13.3349490711434,45.0703893445065,15.0
6.75,30.003769939569,1.189158601769,1135.2996417787,49.9428133411003,2361.61113294817,129.489116644925,431.712115076411,3.27484609994323,14.9494129869118,1.09696914237092,0.536123217104623,3.68772764940553,3.8302844746843,0.0127569883814535,0.0010936528143233,0.0005895981411379,13.405975358669,45.0447678768445,15.0,3114.82469074961,89416.41928054359,240,30.0045016229716,1.0456400400358,1135.56129386552,43.8316574660845,2361.81681506336,129.591725321613,432.372317046599,4.9039857147489,16.1296877712788,0.326196943690534,0.501713383473212,3.34327502351614,3.68615571874289,0.0036221353109152,0.0003275398153697,0.0001666573126433,13.336937353535,45.0806725922536,15.0
6.760416666,30.0008785708358,1.19048475297758,1134.46697073722,49.9365833470365,2360.00177036316,129.422611137419,431.600092895038,3.19530076861258,14.8618582248715,1.15823240899528,0.536548150468397,3.68525270656477,3.84524967327736,0.0135327191589931,0.0011502181111645,0.0006203431020075,13.4002320328356,45.0222140756118,15.0,3112.83768191662,86851.41928054359,240,30.0033891720136,1.04673521180222,1135.23260273716,43.8555235340106,2361.38148321178,129.593757917701,432.455644341962,4.81342800745055,16.0466044086332,0.350618633377353,0.501629891560587,3.3433140179303,3.69776369562456,0.0038911108876006,0.0003519840042305,0.000179701803065,13.3368911285362,45.0818660380325,15.0
6.770833333,29.9981997917543,1.1907149967265,1132.7454788773,49.8542117745178,2356.45633483046,129.254415030661,431.123348353543,3.16623241308261,14.8569136412419,1.18972249629879,0.536954758644211,3.67860664020364,3.85092526723602,0.0139308713632255,0.0011797064582971,0.0006358197658402,13.3941584770302,44.9642989846563,15.0,3108.29856588835,88676.41928054359,240,30.0013483610409,1.04696485690676,1134.41358464198,43.8283366938822,2359.83880846261,129.538001580311,432.344431885973,4.77417764454153,16.0076110802597,0.362454009466728,0.501614200975548,3.34032246874476,3.70522381394325,0.0040212968570351,0.0003632481415213,0.0001855641176553,13.3353764401519,45.062991618599,15.0
6.78125,29.9969403790458,1.19051635087435,1130.50970337869,49.7452826070194,2351.81700176573,129.027872198977,430.430685329528,3.14969766181287,14.8992769227474,1.21268952188701,0.537393950635278,3.67057876528757,3.85052316211868,0.0142064786639879,0.0011963313484112,0.0006435898646079,13.3901402567069,44.8860497451689,15.0,3102.31244626883,85606.41928054359,240,29.9993866135792,1.04647744557495,1132.9766841395,43.7483460935526,2356.93699297644,129.409186806429,431.982787533652,4.75769492394017,16.0138687710452,0.367942377718865,0.501518675778455,3.33423434058082,3.70806767527771,0.0040811900962799,0.0003679918876996,0.0001878442316102,13.3342076040307,45.0187170238786,15.0
6.791666666,29.9972667172897,1.18643080855704,1128.82076804655,49.5026338628987,2348.36612533415,128.871671787202,429.954171646232,3.168991776364,14.9970308649529,1.20504430214477,0.536438647892919,3.65579654454432,3.8416386321882,0.0140821908909668,0.0011821099452876,0.0006340981497619,13.3872040509841,44.8321876890996,15.0,3097.76066877459,81776.41928054359,240,29.9982368112962,1.04269530322625,1131.3085631741,43.5182719759014,2353.51857876722,129.254207888385,431.5329640861,4.78830549571679,16.0723773350327,0.360003907711175,0.500493962616207,3.31976249893628,3.70460614794933,0.0039921911124581,0.0003594887341972,0.0001829441845537,13.3329282860303,44.9653281626365,15.0
6.802083333,29.9989133715526,1.17610050944972,1128.14525729865,49.0401864891774,2347.09779832828,128.843844573771,429.897062465668,3.23726497285332,15.1489144179458,1.14967464190932,0.533556668705565,3.62956420539074,3.8238181954491,0.0133474758546511,0.0011206980316682,0.000598792644682,13.3840248398721,44.8228857484384,15.0,3095.88527617799,74811.41928054359,240,29.9981605148368,1.03394695551849,1129.96488944605,43.0858739705258,2350.76823796787,129.139269573448,431.225109238465,4.8746450214208,16.1761933094508,0.335391694442541,0.497954132017963,3.29420542675923,3.69499002656079,0.0037194268832383,0.0003348261594065,0.0001694357340895,13.3314367057307,44.925832195941,15.0
6.8125,30.0015249133959,1.16504332476375,1128.30519075026,48.5639527055505,2347.60504718255,128.914397690748,430.187695931355,3.30677249038826,15.2624072317578,1.10400930642078,0.529967175548171,3.60296494176916,3.80940119727691,0.0127589299885949,0.0010815278701916,0.0005775772691793,13.3872656915772,44.847746708316,15.0,3096.31802322658,77386.41928054359,240,29.9991232298237,1.02417160950047,1129.16238745094,42.6267132368404,2349.14911333637,129.087851363646,431.136359175175,4.95652308564808,16.2778941685082,0.317906655016908,0.494894190323997,3.26748691935941,3.6847870935838,0.0035236801038882,0.0003182631479707,0.0001604927642444,13.3314273811329,44.9083835082734,15.0
6.822916666,30.0035511248927,1.16542860189821,1129.05131094668,48.572011598081,2349.33517330485,129.039222074333,430.696887038817,3.242377015466,15.1998831287833,1.1748267769095,0.529262539109813,3.60313725862505,3.81684582705159,0.0136599143787105,0.0011649447975354,0.0006251982217922,13.3996109941634,44.8914671165218,15.0,3098.68955405946,88116.41928054359,240,30.0008945672985,1.02299175141301,1128.93924884135,42.5552670557012,2348.77612620356,129.1029750437,431.248881782491,4.9015213900773,16.3049908510897,0.342231265217047,0.494065535136961,3.26295356244809,3.68236568120144,0.003786366947428,0.0003445920216164,0.0001747169368419,13.3347016575278,44.9139888434181,15.0
6.833333333,30.0021371119714,1.17502899843258,1129.64327875892,48.9699562743004,2350.75921730889,129.138898705908,431.12423475798,3.0878319600877,15.0488293100539,1.31476904086712,0.532047110170936,3.62440870883649,3.83602956335846,0.015489868648928,0.0013080854631031,0.0007047631254243,13.4051954127873,44.9264402007994,15.0,3100.9215195051,92056.41928054359,240,30.0019983944645,1.03025566780478,1129.19859099367,42.8662230669093,2349.48258140394,129.176371946291,431.529076692843,4.7391417268686,16.2638989927982,0.39359342926496,0.495872941808008,3.28009295262019,3.68687993808488,0.0043511292884906,0.0003962649337069,0.0002025187166368,13.3377501589178,44.9397742731114,15.0
6.84375,29.9983894947999,1.18462252246639,1128.89003019902,49.3323033561414,2349.34019730261,129.084052115457,431.00143108507,2.97596021641886,14.9706860699249,1.42308222616689,0.535485219879781,3.64340172337951,3.84754436381473,0.0169437718772134,0.0014115348762083,0.0007607834027819,13.4014062186129,44.9076801142823,15.0,3099.41677062943,91780.0,240,30.0010125469515,1.0386307505324,1129.28156097611,43.2251087022828,2349.86294672074,129.232378674345,431.737332638673,4.60099210823729,16.2284989474459,0.435690934537284,0.498368125122035,3.29981641273151,3.69056400777754,0.0048193963718339,0.0004359183144067,0.0002236513794183,13.3376994716696,44.9594940836076,15.0
6.854166666,29.9954100267378,1.19708950814001,1126.69729340506,49.75314811981,2344.83684395424,128.85538708695,430.272584101268,2.87659286237001,14.9261647708153,1.54673674564799,0.539682546256793,3.66555657522634,3.8563662526493,0.0186533836316916,0.0015380870790275,0.0008296881905307,13.4017132270743,44.8284546957297,15.0,3093.9327835223,96975.0,240,29.9987069040411,1.04868642998659,1128.47403654535,43.6260888817592,2348.37509221223,129.182708919688,431.574941192524,4.4735745461989,16.2105818098845,0.482710534759387,0.50147187933245,3.32171477974164,3.69304811845758,0.0053432678183055,0.0004801342522858,0.0002472799084244,13.3379609394174,44.9424669970905,15.0
6.864583333,29.9939035585136,1.20484776740942,1124.41859134593,50.012421896454,2340.17005308881,128.62336271317,429.488130653091,2.81955171322118,14.9838551359413,1.61975631034487,0.54310669127321,3.67943471585848,3.85147825428548,0.019626816704155,0.0015929357969941,0.0008565356550733,13.3971071286591,44.7479899574232,15.0,3088.09541224115,86760.0,240,29.9965043112028,1.05530718045905,1126.88754577454,43.8542617644246,2345.23182057413,129.043134236758,431.096807569106,4.40464277977448,16.2632541701271,0.503292153109401,0.503844714082039,3.33384040390292,3.68740442028632,0.0055766235803269,0.0004962624325966,0.0002553583310936,13.3366570743644,44.8941608262616,15.0
6.875,29.9951766760743,1.2012624793164,1123.1529003679,49.8337380257219,2337.7276108904,128.527605796126,429.12406663178,2.85409852003755,15.1706180499122,1.58366094562498,0.542254213251684,3.67014630860756,3.82768284839176,0.0190722230888136,0.0015404194483119,0.000824630075741,13.3943312853203,44.7148211214367,15.0,3084.81055712502,80300.0,240,29.9954745383056,1.05239635878699,1125.32691639833,43.6785868540479,2342.13241990121,128.910184480886,430.646406979906,4.46942377831198,16.4076023881241,0.476306557127344,0.503365708228169,3.32361463177193,3.67026137022695,0.0052762547050981,0.0004685645129158,0.000239952376815,13.3345071659518,44.8481510815596,15.0
6.885416666,29.9986278245178,1.19963988569809,1122.99989100435,49.7527283813667,2337.71259134218,128.559632130743,429.206265075242,2.85295365415884,15.2747097458819,1.60855737118784,0.541110550530537,3.66646816181417,3.8123390067299,0.0194144195977005,0.0015724384661281,0.0008422198609434,13.4040125303719,44.7259990361495,15.0,3084.71783022753,85760.0,240,29.9962158160359,1.04986941301427,1124.20498372957,43.5300938788631,2339.98115817314,128.826375318093,430.357049663417,4.4996491497761,16.5377658568369,0.4749060670029,0.50260721128238,3.31526521138772,3.65406190765294,0.0052555618789989,0.0004685008913041,0.0002398673620567,13.3358826304667,44.8191730004857,15.0
6.895833333,30.0007583900541,1.21538844449989,1123.79103044225,50.4086907266708,2339.76888403695,128.679861029941,429.625748789502,2.6846388321716,15.1193426950678,1.86985810594148,0.545149988369841,3.70322641577208,3.82888017163322,0.0232786210976852,0.0018710089664676,0.0010083529337453,13.426100843258,44.7677162442923,15.0,3087.78144845221,101520.0,240,29.9982816374989,1.06085946984919,1123.78941700157,43.9741544567112,2339.4223143288,128.821274550621,430.290732928697,4.30335847412207,16.5528464307627,0.57235556282403,0.505485270135598,3.34050008366564,3.65001224801116,0.0063378747616756,0.0005643468361787,0.0002916940346682,13.3425748035508,44.8174007878051,15.0
6.90625,29.9977805835738,1.23350225477581,1124.1803889588,51.209137791686,2341.0430099778,128.754733931412,429.861966483513,2.50848545999096,14.9744597445637,2.14999228729688,0.551915870517983,3.74801426431867,3.84404989514003,0.0276519894185872,0.0021694857797966,0.0011706424753045,13.4267413635446,44.7935230368905,15.0,3089.88207013507,94630.0,240,29.9988655228523,1.07688080385571,1123.97064889204,44.6553718846906,2340.24960840895,128.893662169881,430.443323142779,4.03727691857287,16.5475399228167,0.690099604932448,0.510276455201175,3.3791804784119,3.64619681298481,0.0076779942741209,0.0006712488752428,0.00034894368847,13.3450648495731,44.8424080915916,15.0
6.916666666,29.9950579903817,1.24339036283699,1122.93589529581,51.6005639737253,2338.84105398929,128.651124709712,429.446490290532,2.44047526264104,14.9994424358191,2.28134608605263,0.555205593674019,3.77071084793335,3.83849164097715,0.0297891654344072,0.0023055000979413,0.0012421014343054,13.4226210256183,44.7572031626024,15.0,3087.17424856626,93700.0,240,29.9973881185444,1.08648664055171,1123.78046178802,45.059409811289,2340.332369925,128.930515904811,430.462572254546,3.9072998487441,16.6226725358144,0.750407391741127,0.513300774731741,3.40257224424559,3.63214477211389,0.0083787440881147,0.0007227913981777,0.0003760292768818,13.3435172394406,44.854998739356,15.0
6.927083333,29.9949111486754,1.2538162733023,1121.07940333564,51.9874000852326,2335.31194090303,128.471684218008,428.767000929577,2.39565097705597,15.0300378460507,2.38167166177862,0.557933307683306,3.79295245725899,3.83274203935637,0.0314956871735223,0.0024178930072222,0.0013022556526831,13.4255893954957,44.6945247631536,15.0,3082.73396567598,94985.0,240,29.9960477197481,1.09531348950961,1122.78015657761,45.403953482489,2338.69885193908,128.869207621191,430.144695139918,3.81640002421509,16.712763102189,0.800065335867638,0.515929899141346,3.42264853680368,3.61692988873557,0.0089584619474617,0.0007664523644476,0.0003992337674409,13.3439955208517,44.8334177606457,15.0
6.9375,29.9959204904377,1.25846349904737,1120.14598698718,52.1925288331455,2333.757096159,128.408995854846,428.45634274723,2.38921469021993,15.124953272452,2.38660226126213,0.55903300634848,3.80540602664527,3.81783708803802,0.0315136382045678,0.0024072176184915,0.0012945243744935,13.4220477578098,44.6725152378814,15.0,3080.72509936446,86795.0,240,29.9957151543995,1.09959949030989,1121.60278828228,45.5543967753523,2336.67565526393,128.787283238287,429.758925028862,3.79815959071887,16.840792233218,0.799956372705014,0.517317035407138,3.43172203607097,3.59730215464498,0.00896529675905,0.0007622859595618,0.000396456379441,13.3428089416256,44.8046918095387,15.0
6.947916666,29.9978224853307,1.27046009313738,1120.26462968292,52.7106262691032,2334.39864021496,128.454972933858,428.536804840102,2.34924873962929,15.0934225706958,2.47582687085178,0.561227711403798,3.83540805799128,3.81889865026919,0.0333055404462094,0.0025421140862834,0.0013709032118013,13.4352405955351,44.6882896653172,15.0,3081.7904727047,102720.0,240,29.9964110497832,1.10865029282415,1120.83654097965,45.9264694472972,2335.51997946514,128.741823696641,429.500845737609,3.73823540244086,16.8894164041133,0.849403845181208,0.519790302690496,3.45339907040878,3.58789699079791,0.009541524450039,0.0008123326598257,0.0004242042200429,13.3460271187751,44.788663523278,15.0
6.958333333,29.9968130925331,1.2890053692502,1120.78653917377,53.5783783974944,2335.85104958732,128.535289067418,428.739031018598,2.27028768171431,14.9750116686126,2.63457004109122,0.566978189899152,3.88476309129408,3.83158391164702,0.0363544982774907,0.0027482781699724,0.0014857678155829,13.4370805156941,44.7160077903576,15.0,3084.15472127622,98980.0,240,29.997024265875,1.12511146308461,1120.70172603689,46.6362723941177,2335.70788634765,128.762246796218,429.451431899213,3.58255327423552,16.8596178348613,0.942538749135419,0.524502539222778,3.49420428961938,3.58800891287146,0.0106554179681962,0.0008964286033641,0.0004699719052251,13.3488000977996,44.7955398373609,15.0
6.96875,29.9950931690815,1.30012012834137,1120.30359045365,54.0859998020238,2335.13400447174,128.509687327354,428.544163235556,2.25128382990556,15.0038134438715,2.65604433095554,0.570305425237389,3.91469651055734,3.82618390555189,0.0368177966179306,0.0027704817881032,0.0014973485818984,13.4292309625742,44.706924307763,15.0,3083.46327719857,96325.0,240,29.9963280422595,1.1359390836555,1120.66175003425,47.1191870046988,2336.07231175012,128.798253486678,429.448341552527,3.52408347724074,16.8933412824657,0.966858414152985,0.527874835153927,3.52256799491985,3.58037641935541,0.0109657676192609,0.0009147315145167,0.0004796143099026,13.3466651469224,44.8078821068289,15.0
6.979166666,29.9953308897879,1.30739719731789,1119.12057215469,54.3865292807497,2332.90494163552,128.405564644968,428.073822133943,2.26696047082846,15.0931816046558,2.59237858561515,0.571805699029051,3.93280580351761,3.81360563253516,0.0356728291980404,0.002686926497434,0.0014515248916132,13.4246103687718,44.6706336722757,15.0,3080.67154764161,94310.0,240,29.9956664765216,1.14247665771651,1120.11937807768,47.4055919319961,2335.32535845553,128.774092232821,429.247659217323,3.53698585823495,16.9663529710215,0.944527891732364,0.529982484714859,3.53991423986671,3.56873839166443,0.0107130184260165,0.000891520207991,0.0004670320246435,13.3448480073743,44.7993534368264,15.0
6.989583333,29.9968933283792,1.31146724516832,1118.62419014431,54.5763666148402,2332.13701257243,128.383495876529,427.882519340098,2.30556675950758,15.1948815860781,2.46574372171385,0.572296732914007,3.94451703118992,3.79932433266484,0.033431148037324,0.0025312616085858,0.0013672119463713,13.4214689054773,44.6630405338201,15.0,3079.69996881153,92045.0,240,29.9959132234411,1.14572562614278,1119.41580728132,47.5503385241298,2334.19903320712,128.727192535683,428.9855314521,3.60151037326634,17.0480352044715,0.888864084428797,0.531168409809696,3.5490450681611,3.55685342036511,0.0100611120345469,0.0008391354069651,0.000438988859604,13.3434803408321,44.7830118494578,15.0
7.0,29.9982601992674,1.32659201633847,1119.08443994677,55.261491613311,2333.31865695267,128.448622120219,428.031931160093,2.29694314707205,15.1160223001424,2.44664025175284,0.575380566515088,3.98332019674823,3.80909097472111,0.0334765848516373,0.0025509072929154,0.0013835828581967,13.4315608873529,44.685902153943,15.0,3081.62328296026,107385.0,240,29.9969660791457,1.15728391468853,1119.09505112098,48.0686627274398,2333.83958817103,128.706047265877,428.829229948834,3.5898024261568,17.0023408943653,0.900629082912259,0.534415830514491,3.57898246504835,3.56203412771374,0.0102095652712016,0.0008559918838393,0.0004497315121133,13.3467403811408,44.7757433609191,15.0
7.010416666,29.9955893599347,1.35431138122174,1119.67182837763,56.556041086304,2334.55531426362,128.49911564266,428.14695691265,2.24897946754331,14.9472604292662,2.49118742638841,0.583133973823928,4.0559647843816,3.8321959434134,0.0346614505821438,0.0026344075870074,0.0014342353330647,13.429323505798,44.7038211427716,15.0,3084.09980806923,107370.0,240,29.9970138472357,1.17917506521589,1119.31605283871,49.0572804020616,2334.56035099456,128.730862027484,428.829788941705,3.48677873612651,16.8534181717772,0.954359005711945,0.540646432631096,3.63521724069979,3.58099501638763,0.0108809555060641,0.000905535655082,0.0004777247634093,13.3487247333094,44.7846040577472,15.0
7.020833333,29.9926659878947,1.37607205520344,1118.90381764459,57.5666408495334,2332.76116728164,128.388717539484,427.677518113663,2.26706173334088,14.9702934298427,2.38787933859801,0.589865665964491,4.11416049644613,3.83152919133958,0.0328449635325139,0.0024924975208477,0.001355645159263,13.4152699588675,44.6659362911247,15.0,3082.47284829003,98100.0,240,29.9951805750035,1.19572084027732,1119.34171644482,49.828961700341,2334.76620144001,128.729437220227,428.740657706487,3.49868029520692,16.8046145607575,0.914602626871034,0.5459880354208,3.67968634415947,3.58808701644984,0.0104362929198207,0.0008624013987537,0.0004541811170893,13.3445505968541,44.7845074778089,15.0
7.03125,29.9937281191544,1.38919459055241,1117.62397343144,58.1491952514285,2329.95576624098,128.222619649984,427.013310872172,2.32651167041255,15.0739685281246,2.22530403468312,0.593696972419054,4.14869047908145,3.81992790443263,0.0300157972872841,0.0022882266293071,0.0012428491516851,13.4112136335096,44.6087782305927,15.0,3079.18023275745,96670.0,240,29.9939975496335,1.20542189307213,1118.70129572011,50.2890932173582,2333.4896071673,128.641820266568,428.377205735071,3.61191761736282,16.8287599474925,0.824695342291069,0.549653240048135,3.70701496557791,3.5869240246096,0.0093805619500319,0.0007781994758665,0.0004089761372248,13.3417313659043,44.7545752003667,15.0
7.041666666,29.9967082815338,1.39753155410418,1117.46336333149,58.5650783845501,2329.72256482563,128.192000586466,426.822744998607,2.37263539602196,15.1292973754681,2.11270316233579,0.596135833759954,4.17321374179783,3.81299111364891,0.0281406387185195,0.0021563405012298,0.0011711816852444,13.4133877019524,44.5987658551116,15.0,3079.02338848639,94890.0,240,29.994724027218,1.21267984002047,1118.02459764196,50.6353001258292,2332.15325439799,128.541604771336,427.989738116364,3.72079296738032,16.8409608447065,0.754069619335475,0.552517904498336,3.72774530173259,3.58743887245522,0.0085540522045187,0.0007140226851754,0.0003749282283443,13.3414737520545,44.7203515057647,15.0
7.052083333,29.9992453178395,1.39853402430376,1118.44236726768,58.7017315331135,2332.15859857297,128.309654733482,427.138439403263,2.40936389607434,15.1700618704108,2.03313379889904,0.59682947435517,4.18190043974988,3.80604668167887,0.0268129942967648,0.0020617052793016,0.0011193194493687,13.4150469371287,44.6402756530614,15.0,3082.04330037268,91605.0,240,29.9965174274011,1.21518282069412,1117.98396993036,50.7884547571328,2332.28882845251,128.520698689624,427.879189418529,3.81688187324289,16.8487111863603,0.698466502847746,0.553906613640444,3.73735451200742,3.58752563311552,0.0079058524437122,0.0006633923479053,0.0003479475069042,13.3412877701369,44.7137351874447,15.0
7.0625,30.0011214714193,1.39294072738448,1119.83251887082,58.5474671768086,2335.68035632389,128.490920931828,427.672107210133,2.43779576158492,15.214749345642,1.98663941022416,0.595712825641253,4.17424828976845,3.79704729128218,0.0260133922924929,0.0020048776015282,0.001087646226753,13.4175119878074,44.7037988616951,15.0,3086.19537703138,89275.0,240,29.9984501000003,1.21228228123169,1118.60396623988,50.719099893631,2333.97893076974,128.588888905327,428.072332304777,3.90053722520203,16.8629028998028,0.656964297805368,0.553554776451851,3.73433938744958,3.58540148957293,0.0074211760235733,0.0006259860603339,0.0003279272007191,13.3411694086603,44.7380637339546,15.0
7.072916666,30.0025597211573,1.38320096267524,1121.15655778872,58.1939875180505,2339.22274262756,128.677298776368,428.223932607928,2.45186835753691,15.2696921863419,1.97989123530688,0.593317627664677,4.15503372384401,3.78531290624511,0.0258283311273098,0.001990923055017,0.0010788818937099,13.4204518331236,44.768938827213,15.0,3090.18259360939,86185.0,240,30.0001843280666,1.20492794176277,1119.58531386383,50.4548438940625,2336.57471355218,128.713558890989,428.45323096398,3.96430159709457,16.8938654538076,0.630569565139374,0.551684451341335,3.72020032956936,3.57964731215421,0.0071100012808986,0.000602443922233,0.0003151889857155,13.3411968003063,44.7819322663134,15.0
7.083333333,30.0038265163334,1.36955857880041,1122.25194013945,57.6490382078253,2342.40473146272,128.850107618762,428.725414094775,2.46182166800143,15.3562672894015,1.98523899073019,0.589419050974722,4.12468861953202,3.76810074389208,0.0258115186199386,0.0019886014074634,0.0010761218446547,13.4220333219317,44.8291831085459,15.0,3093.53281097406,82265.0,240,30.0016661813997,1.19337552173358,1120.64348800276,49.9975333929582,2339.44805226062,128.862507159463,428.910261591236,4.02070963218036,16.9593209557628,0.609980503144156,0.548352565726639,3.69489363248115,3.56800215541485,0.0068648131564006,0.0005841272359401,0.0003050930518154,13.3408638549759,44.8341008153183,15.0
7.09375,30.0051400362657,1.35476174410424,1123.15533706828,57.0255438764458,2345.23857880582,129.007900704781,429.183362757715,2.46376601516368,15.4339771694409,2.0077389077691,0.584498910550297,4.08967255152555,3.75115628718437,0.0260953066956166,0.0020122529700562,0.0010884041023001,13.4255760256009,44.8840547538308,15.0,3096.37108347515,82740.0,240,30.0030421171266,1.18071651189545,1121.6512054052,49.4795503869407,2342.29148048879,129.017016140531,429.378497698877,4.05319462499805,17.0384658203536,0.604496255040624,0.544335647710717,3.66587368428423,3.55319716566305,0.006791778069415,0.0005807140571583,0.0003031147259611,13.3411946485833,44.8880409987534,15.0
7.104166666,30.0059799573919,1.33959745969404,1123.89894493063,56.3723325986503,2347.7326799253,129.152260360971,429.607379468038,2.46040553891579,15.4923596397879,2.03224226658428,0.579437552136679,4.05275830686808,3.73665371973974,0.0264066440660697,0.0020365661852692,0.0011010012162408,13.4268630553748,44.9341808419756,15.0,3098.77333359417,81475.0,240,30.0042833976495,1.16846819367099,1122.56523800215,48.9685802864381,2344.98175990282,129.170155315902,429.834315474946,4.05852809126208,17.1175062773468,0.608197504082539,0.540233682559889,3.6370158873746,3.53723980975591,0.0068258598392992,0.0005851329656261,0.0003052635866112,13.3415662521274,44.941355231532,15.0
7.114583333,30.0063564545095,1.31684825057802,1124.4126123814,55.3799077375451,2349.71615514868,129.286425940056,429.989221159985,2.51229467232825,15.6395785309906,1.94628359874158,0.572819429340315,3.99710541148145,3.71124449417041,0.0248961481022157,0.0019260480505607,0.0010384156684184,13.4181303027075,44.9808012912665,15.0,3100.32384274421,73715.0,240,30.0051460951857,1.15065885033262,1123.3074704898,48.2102972932496,2347.31236255828,129.314735595815,430.271623645158,4.13504014771526,17.2379637389674,0.571023263876372,0.534759396584628,3.59410720685034,3.51594916226885,0.0063963038606358,0.0005498492253436,0.0002856985870673,13.3392062165478,44.9916388151806,15.0
7.125,30.0073273654758,1.28486967064064,1124.76206305418,53.9797355899529,2351.29274627502,129.417523158759,430.362071332562,2.65021632227011,15.8841707178943,1.73588177901405,0.564025269937546,3.91897556142594,3.67387709553821,0.0215700514810326,0.0016883889592638,0.0009065794770841,13.4078774071375,45.0264388389625,15.0,3101.13043368708,68065.0,240,30.005849978853,1.12500971035189,1123.86008906756,47.1101597933693,2349.18342174413,129.443450360674,430.691771149004,4.33014626080816,17.3959884863589,0.490211417541816,0.527258307368028,3.53183755220903,3.49095417582358,0.0054744482972149,0.000474903508938,0.0002449684058071,13.3356986613359,45.0364472329665,15.0
7.135416666,30.0091378277895,1.2484238777015,1125.13215962373,52.3960252424227,2352.81339199783,129.555770546664,430.789857960535,2.84830881061302,16.1346346312386,1.48587429507893,0.553964662819192,3.8305472191709,3.63624176936681,0.0179177630069605,0.0014290661651784,0.0007643265336856,13.4008238511261,45.0746358479909,15.0,3101.82138091438,64035.0,240,30.0068169986074,1.09534621051837,1124.30066853021,45.8311598903747,2350.71453483053,129.558284912987,431.112143214053,4.58196467421951,17.5432824921144,0.404097428440924,0.518518129850837,3.45928562090154,3.46859593798208,0.0045020257617584,0.0003951834680881,0.0002020144985465,13.3331396568956,45.0764962489255,15.0
7.145833333,30.0112889708499,1.21031641838349,1125.63238665767,50.7552326319257,2354.48502391886,129.707469685696,431.310382003578,3.09050253596309,16.3420658553721,1.23974044294536,0.543613624761013,3.73875313536406,3.60471587431892,0.0145658189949163,0.0011892543749555,0.0006336403646451,13.3954871675573,45.1275815572125,15.0,3102.7635573412,60865.0,240,30.0081568943516,1.06431443980648,1124.72066838035,44.4871969712347,2352.07594559038,129.667591287976,431.561745630161,4.84315053870329,17.6554969991317,0.32959506951791,0.509198470638933,3.38281617552391,3.45177388960854,0.0036686857386443,0.0003250832015305,0.0001644140027819,13.3313069830558,45.1146942505642,15.0
7.15625,30.0132928985693,1.17151355454957,1126.2560788156,49.096835118971,2356.28253909286,129.868666232958,431.917353171959,3.372501339924,16.4920894351925,1.01096829198974,0.53315145558056,3.64581289565555,3.58140635248916,0.0116297322492422,0.0009746901277224,0.0005170353782362,13.3903422419343,45.1839061012951,15.0,3103.95403390023,57665.0,240,30.0097240758659,1.03300656906617,1125.17923428786,43.1279541476367,2353.3802801939,129.77796486515,432.061517234727,5.09549715266781,17.7267445156927,0.268435853413398,0.499623861959656,3.30524160426293,3.44108037662925,0.0029898743976149,0.0002658003298301,0.0001326973924769,13.329760867489,45.1533349963359,15.0
7.166666666,30.0149578124811,1.13693738324305,1126.96998986675,47.6168515223723,2358.10431591755,130.027271556696,432.582995440533,3.63213748795652,16.518546381083,0.851326677740377,0.523229641583102,3.56273254011413,3.57521017679741,0.0096630822177917,0.0008342611161832,0.0004416683553055,13.3910698879717,45.2394087687647,15.0,3105.4056248045,60990.0,240,30.0113979987312,1.00506336205175,1125.72000936136,41.9135662563655,2354.72918720785,129.894337938626,432.614000516861,5.28750373549518,17.730741721662,0.231519653182003,0.490733314666082,3.23575065494074,3.43936035106862,0.0025799627069756,0.0002293564225526,0.0001132322219281,13.3295672989231,45.1941044344459,15.0
7.177083333,30.0157752087562,1.10588408941162,1127.66024395988,46.2849892077785,2359.71458422566,130.174834222101,433.259517032921,3.85991165822766,16.4662311809652,0.724322670835523,0.514298984176677,3.48769345054936,3.58056249910417,0.0081454654187856,0.0007191771560703,0.0003796483803661,13.3883476557523,45.2911372907146,15.0,3106.78897945429,58200.0,240,30.0129187815,0.98026586649926,1126.3271757053,40.8366824859923,2356.09168842749,130.016529549005,433.212908492744,5.43340038479791,17.6772844651217,0.204618439943509,0.482664757039716,3.17399805937996,3.44533917659554,0.0022826125982538,0.0002022528162328,9.8776891150751e-05,13.3292952643423,45.2369313459392,15.0
7.1875,30.0157540435549,1.076703218947,1128.15039722937,45.0249169995148,2360.74465796395,130.291733313607,433.875442557509,4.09419129413338,16.3711525336801,0.616279110476998,0.505820156485757,3.41630246755241,3.59341295755597,0.0068838121385542,0.0006239556971253,0.0003287954953276,13.3851066600106,45.3322669984298,15.0,3107.56456129679,59890.0,240,30.0139905504619,0.957312389968211,1126.92593503613,39.8406889907234,2357.30508845803,130.135005419205,433.830845565477,5.56729538927956,17.5797779119949,0.182688167496811,0.475130058260408,3.11671037989715,3.45783010132027,0.0020405087422948,0.0001793459696096,8.65900963640957e-05,13.3286521989717,45.2785184872159,15.0
7.197916666,30.0149808945393,1.05502633195266,1128.31107213875,44.0618842322216,2360.9042484386,130.358301793673,434.36305988244,4.22847239503133,16.175124386632,0.568087239529224,0.498751606498239,3.36118832837681,3.62148946979153,0.0063236936496386,0.0005893717342018,0.0003117881384974,13.3876077157809,45.3559358161217,15.0,3107.51587672636,66360.0,240,30.014543403511,0.940043718088949,1127.45002663453,39.088747166322,2358.2591662087,130.24265286738,434.424404677884,5.63418475500082,17.4075825615978,0.175182454303016,0.469157041331247,3.07328467552475,3.48045211314434,0.0019553669147814,0.0001725354507225,8.30463628553502e-05,13.329498461915,45.316357466438,15.0
7.208333333,30.0131729746584,1.03566746264719,1128.01542683076,43.1920746935935,2359.96716792261,130.368986061385,434.675308895216,4.35464026465744,15.9879904787869,0.513140061103161,0.492913160248027,3.31054052184041,3.65084285076603,0.0056972943799647,0.0005400498752215,0.0002857248276007,13.3811296032841,45.3601954157757,15.0,3106.18436986451,62260.0,240,30.014357918734,0.925108605119647,1127.74335548541,38.4321782176759,2358.60878436783,130.321147624431,434.940029272761,5.69293111053647,17.2053935863311,0.165769546347801,0.46402448369657,3.03502198389341,3.50840676103024,0.0018513072695936,0.0001633127028215,7.8208944549637e-05,13.3289619209501,45.3440910382277,15.0
7.21875,30.011064632032,1.01809085699483,1127.17354165637,42.377916747787,2357.76100674095,130.310871433344,434.772918989073,4.49031489153057,15.8142610554943,0.469464888872391,0.487459397244822,3.26233643652182,3.6810367969443,0.0052009427765981,0.0005066385299551,0.0002690211983236,13.376564536434,45.3405769374952,15.0,3103.30262437877,67265.0,240,30.0134286613592,0.911515749658494,1127.68877093289,37.8240240070945,2358.10954233107,130.355479652324,435.329129598006,5.75819624187218,16.9926947286953,0.15738908478068,0.459363265936033,2.99908303015197,3.53978164825476,0.0017582293697734,0.0001547124675132,7.37432603901591e-05,13.328087089246,45.3565164788923,15.0
7.229166666,30.0089069291083,1.00575750650722,1125.77052640134,41.7652023318186,2354.26732800907,130.182511825269,434.63932411406,4.54524579069068,15.6278722168462,0.455541352245102,0.483274693582909,3.22489043021712,3.71485457434198,0.0050395378893983,0.0005006661410373,0.000266940555457,13.3735442262426,45.2965379557759,15.0,3098.941072978,69075.0,240,30.0119687327586,0.901621971491711,1127.17429414987,37.3608258645449,2356.5526730675,130.333690962288,435.534955125523,5.78470978555083,16.7601104363338,0.155520650578195,0.45578570830943,2.97100864926789,3.57559990882151,0.0017358563345031,0.0001541302145829,7.35411293858728e-05,13.3279400964855,45.3494496698188,15.0
7.239583333,30.0067726495726,0.995365054041185,1124.06536666951,41.2310037426375,2350.07262592891,130.019110097969,434.378945232751,4.59244379131026,15.4825837257483,0.442354292606394,0.479888583691802,3.19147422035814,3.74458462242339,0.0048881872635295,0.0004918294364373,0.0002625914575295,13.3677661663986,45.2403073720758,15.0,3093.75551928289,69015.0,240,30.0101996984225,0.89319395456179,1126.20833723804,36.9475034643344,2353.95949887799,130.257533400047,435.56345618744,5.80814989596704,16.546658161628,0.153338596780061,0.452746381488751,2.94531512906183,3.61086596457435,0.0017106247862081,0.0001526576673119,7.27793486473026e-05,13.3270754517472,45.3234968089406,15.0
7.25,30.0052218369828,0.982491355062558,1122.30404706365,40.6042922301042,2345.7238420529,129.85202138125,434.098355240623,4.70465379792535,15.4152143315407,0.404983205944171,0.476218440388653,3.15282315067204,3.76448287609853,0.0044696924103556,0.000452484039275,0.0002404598731779,13.359450549162,45.1827816120118,15.0,3088.3240046854,62570.0,240,30.0084552565423,0.883024289803057,1124.964928383,36.4524010682572,2350.69551187148,130.147321940851,435.490167106122,5.86711821986617,16.3905581368996,0.144794495808854,0.449294965008044,2.914576258481,3.64032108239679,0.0016170723277134,0.0001425140505619,6.72737918440852e-05,13.3252617975055,45.2857250549443,15.0
7.260416666,30.004883885187,0.968439665170498,1120.70797553137,39.9315841863204,2341.67692438322,129.702877143835,433.887039554353,4.84088241438284,15.3748088838001,0.369607975879357,0.471951976538878,3.11202583247192,3.78050927703814,0.0040741428911344,0.0004195371134539,0.0002226171741499,13.3558229081986,45.1314853655292,15.0,3083.27841462347,62710.0,240,30.0070921173724,0.871597750806487,1123.59304905616,35.8997935626729,2347.08578470223,130.020100672624,435.371720107272,5.94116881646796,16.2789836249975,0.136047653582957,0.445406192207727,2.88042496307199,3.66495791113539,0.0015208870372757,0.0001317533094237,6.14959766617406e-05,13.3240528308287,45.2420531633719,15.0
7.270833333,30.0055102065102,0.95505132249297,1119.51598865803,39.3010994519211,2338.42977837878,129.59971618676,433.83909249921,4.94819566435105,15.3298343338448,0.342880512815467,0.467807123311713,3.07426221020267,3.79611633291472,0.0037758415589008,0.000393078864755,0.0002079655908692,13.3541615109659,45.0961421883314,15.0,3079.33636302227,59325.0,240,30.0063617517375,0.860434883304388,1122.24058333938,35.3593213800538,2343.45459521728,129.893955361338,435.262683583647,6.00159475199666,16.189789178301,0.129623305655395,0.44153399369127,2.84709729802895,3.68689624621471,0.0014498478500572,0.00012390722787,5.724985666185e-05,13.3235201237926,45.1987460140131,15.0
7.28125,30.0066048435121,0.942831951750594,1118.80605504947,38.7328292003572,2336.14788263646,129.551989899327,433.98734553386,5.02833360617262,15.268521020693,0.327020834890364,0.463854350376023,3.04068285348797,3.8126492983405,0.0035977282096445,0.0003801739114846,0.0002011412450985,13.3544910115563,45.0800376194941,15.0,3076.72960495423,60590.0,240,30.0062561102666,0.850045635074306,1121.06430245247,34.858187511442,2340.14112086024,129.787944126426,435.225035694955,6.04820993254645,16.1101059309063,0.125636901324209,0.437878689134647,2.81631704001833,3.70724668317026,0.0014050676344263,0.0001191044989947,5.46487740677865e-05,13.3233789040111,45.1624167377356,15.0
7.291666666,30.0076454948702,0.932472019116847,1118.48205784918,38.256324369877,2334.63093906021,129.54978075885,434.293388047444,5.07126645400652,15.1889856249416,0.318995612104092,0.46044338717654,3.01280191948989,3.83040950633944,0.0035064914994758,0.0003740073834471,0.0001977471490776,13.3548229350983,45.0797148334723,15.0,3075.21915368928,59530.0,240,30.0066066401841,0.841172235266389,1120.14343323157,34.4308572622446,2337.32483514397,129.712395373124,435.289101176935,6.07642592740448,16.0277303379733,0.123717150869721,0.43470674099123,2.79015423763497,3.727201901727,0.0013827884345163,0.0001171627278291,5.35590467590609e-05,13.3234511051245,45.136643343639,15.0
7.302083333,30.0082995321664,0.923266852052797,1118.36485828186,37.83555562739,2333.50617573717,129.572603920003,434.687844576644,5.10351575396534,15.1026521024273,0.313878282691247,0.457398555286682,2.98833134120279,3.84829653601971,0.003447637968261,0.0003715028845031,0.0001964914864546,13.3549097083995,45.0880652383868,15.0,3074.29132753609,60295.0,240,30.0071403342186,0.833400064586731,1119.49555964388,34.0601881826564,2335.04657584107,129.669738842527,435.464491877742,6.09757688195078,15.9427139957925,0.122500194941167,0.431926659354383,2.76759329139246,3.74666639824221,0.0013682724202318,0.0001160725152431,5.29345708871409e-05,13.3234637637559,45.1222710811946,15.0
7.3125,30.0084622537536,0.916416923102848,1118.2569120772,37.5129506989492,2332.3577166872,129.596787098681,435.088472822767,5.10301289420265,15.0022985586841,0.317515111636097,0.454967378809084,2.96949699006818,3.86761102473276,0.0034845801717491,0.0003795602080298,0.0002012121210247,13.355583797194,45.0968644080794,15.0,3073.43227784465,62230.0,240,30.0076327997282,0.827526607111215,1119.04561845762,33.7774115356942,2333.16148945996,129.651822493813,435.719002194993,6.10323081419502,15.8466727185845,0.123245321274698,0.429769775194952,2.75038349032751,3.76672688410455,0.0013750293944735,0.0001178776463142,5.38808729909587e-05,13.3236834140025,45.1164636183261,15.0
7.322916666,30.0079795678077,0.912408254833021,1117.98935028133,37.3039399393352,2330.83806819249,129.602738733831,435.424554588773,5.06840649793794,14.8927190032469,0.329654672446164,0.453356543980619,2.95693833051311,3.88811034024547,0.0036148429327889,0.0003970442282209,0.0002111555174744,13.3560205767757,45.0993085066206,15.0,3072.19347018179,64910.0,240,30.0078778910037,0.823923534565237,1118.68777762709,33.5948445366016,2331.45703359565,129.646712384613,436.009025170529,6.09168116538566,15.73794543841,0.126016697063707,0.428371366605329,2.7391332675267,3.78772167895042,0.0014037768402524,0.0001226032684685,5.63951748830116e-05,13.3239953223616,45.1150732803224,15.0
7.333333333,30.0068350139073,0.909685842322508,1117.4019677654,37.143161224711,2328.6248685996,129.572641265626,435.631972099853,5.03664537131965,14.8014435984749,0.338757070360667,0.452330585755184,2.94665187302828,3.90663887961893,0.0037128414581556,0.000408078711671,0.0002170923648636,13.3542193352694,45.0892138328078,15.0,3070.097868591,64780.0,240,30.007688373391,0.821579751068457,1118.29624728065,33.4659163801826,2329.66667157912,129.639307250413,436.286709050724,6.07833703756148,15.6306514167467,0.128335557567498,0.42745429259075,2.73094344005356,3.8082122374479,0.0014280415698943,0.000126429384024,5.83889628322326e-05,13.3239021729643,45.1128632016401,15.0
7.34375,30.00550595877,0.906421745646336,1116.41858883664,36.9519376757982,2325.56730094775,129.497403845782,435.681566783906,5.03952639684265,14.7475747533568,0.338540456607557,0.451303734106867,2.93412320419784,3.92088531010778,0.0037091778873668,0.0004073553426885,0.0002163252759913,13.3512428650516,45.0634266965412,15.0,3066.88516858982,63725.0,240,30.007063130717,0.819031327796245,1117.74603562693,33.3247368863725,2327.52046356397,129.613894218596,436.505018417754,6.08018502263158,15.5427616534303,0.12834540990058,0.426539590728625,2.72180310730671,3.82635200866991,0.0014276256797734,0.0001266360772815,5.84296097611106e-05,13.3233659631945,45.1043893666525,15.0
7.354166666,30.0044554013879,0.905266547313727,1115.06982913251,36.831990796573,2321.72797260482,129.378431145829,435.578792773881,5.01226722997609,14.6969938665016,0.351266190421435,0.450624896332237,2.92537618364117,3.93503434784633,0.0038459761617138,0.0004249687546211,0.0002262907778579,13.3509386399995,45.0224229087434,15.0,3062.70707952176,67985.0,240,30.0061961763796,0.817783022781894,1116.92579744903,33.2305507164579,2324.8025216055,129.55774004705,436.612481901503,6.07083465772295,15.4634418342174,0.13086403953343,0.425996526640898,2.71514064239275,3.84354304949902,0.0014539749320596,0.0001305540540338,6.05110014737485e-05,13.3233133151296,45.0852181869046,15.0
7.364583333,30.0034020194581,0.907863088522793,1113.51018666103,36.8596588649944,2317.44260874521,129.23484549442,435.378729082636,4.92635594978349,14.6416355757272,0.379638557815159,0.45102889330287,2.92481148750746,3.94979976340876,0.0041546308490063,0.0004575901432074,0.0002442055047062,13.3507623167417,44.9728284563252,15.0,3058.04914297846,70855.0,240,30.0052349710896,0.819180288415167,1115.79383007899,33.2387149142975,2321.44359049039,129.466988731034,436.58603757046,6.03283340293773,15.3861262945362,0.137347778187595,0.42628235919884,2.71418656536849,3.8604499001902,0.0015230498365025,0.0001400315637319,6.55167542844588e-05,13.3235747871891,45.053990891476,15.0
7.375,30.0014911398292,0.920695622833681,1111.67074609526,37.2782295667842,2312.57149434854,129.054586982703,435.033654853169,4.68681798894129,14.5313282264673,0.467870023584353,0.453954808298982,2.94600876342196,3.97203818894637,0.0051244659068812,0.0005634257092198,0.0003041700237173,13.3531576769011,44.9104581012417,15.0,3052.88937746078,88185.0,240,30.0039581568657,0.827744405933927,1114.27353151602,33.5353125689605,2317.32981177511,129.334776489105,436.376981973371,5.91136504062155,15.2825915098952,0.159170332396246,0.428751935672336,2.72966967396658,3.88036974644824,0.0017564754060395,0.0001704125539517,8.18454356430164e-05,13.3248133264785,45.0082899186612,15.0
7.385416666,29.9968606532042,0.940236031080815,1109.12008161131,37.958959910117,2306.24810457618,128.791903793843,434.361092085734,4.3896978209167,14.4573019751454,0.577908339882792,0.460362871283861,2.9808528880986,3.99050774984817,0.0063503725935011,0.0006660271021907,0.0003588005959597,13.3463596656439,44.8193883248954,15.0,3045.97464772656,88175.0,240,30.0015361510701,0.842336593820013,1112.30690197449,34.0717870991964,2312.3393828188,129.154363981929,435.958685879853,5.73174018884373,15.1896681937272,0.189745173759787,0.43342675638465,2.75837147613191,3.89893035879662,0.0020856125936122,0.0002081729365271,0.0001016614786562,13.3244830802547,44.9457692926256,15.0
7.395833333,29.9908118055192,0.972319510352434,1104.80606532394,39.0288153544914,2296.28184500445,128.313036465773,432.905671720885,3.97181567539696,14.392353302435,0.807152173870894,0.471427207997314,3.03634430569254,4.00957703809569,0.0089638416678298,0.0008985086436922,0.0004855662094806,13.3423196329122,44.6530851467732,15.0,3034.49138926223,112305.0,240,29.9971637005223,0.865651869113067,1109.33009770763,34.9340362233496,2305.31526906916,128.857875171266,435.080958417444,5.45074391278772,15.1253783918536,0.254714884089374,0.441187675174693,2.804713228742,3.91450137851855,0.0027837402857931,0.0002822062166396,0.0001407839675452,13.3240768222178,44.8428190377162,15.0
7.40625,29.980924458314,1.03037470164973,1097.7969696122,40.9725538805512,2280.70271490946,127.489665789522,430.195859504769,3.29990867561212,14.2892269125821,1.33553135696307,0.494928253187401,3.1406413811523,4.03453601735639,0.0154020866962647,0.0014140184980077,0.0007636841581323,13.3359446974453,44.3667109059678,15.0,3016.14335595185,131380.0,240,29.989908018038,0.907657065359765,1104.11540366162,36.4757487399619,2293.72711370013,128.299337852952,433.185437481777,4.87541652578682,15.1081506125914,0.431064209543213,0.456105851604066,2.88836428806546,3.92450526745182,0.0046904315425141,0.0004646607024404,0.0002370097474728,13.3235942062007,44.6485144079501,15.0
7.416666666,29.9712740061791,1.09727125655784,1090.39828034174,43.3413634255051,2264.10274183641,126.581679876949,427.079267169051,2.75666137654565,14.2897598819813,2.04466815336673,0.524573844695238,3.27571641484618,4.04434372191474,0.0251784991464444,0.0021023328506936,0.0011305573359264,13.3351684106258,44.0504754365632,15.0,2996.66535606466,127990.0,240,29.9802359281404,0.95917099111225,1097.28511427796,38.3386965121164,2278.7433271917,127.540535274503,430.47499328736,4.22044791121711,15.26641949095,0.712151132911266,0.475809574909696,2.99182902390397,3.91112135178742,0.0077944703337059,0.0007213506827474,0.0003716987606867,13.3228562518146,44.3842278438008,15.0
7.427083333,29.9705466817909,1.17334609368906,1084.69363646925,46.1426806958172,2250.86380306177,125.823413142918,424.405261925874,2.36674383853706,14.2387162088432,2.94054563309291,0.556524029025405,3.44257041703828,4.05638490340213,0.040278070615097,0.0030995824602369,0.0016617232827188,13.3599915495428,43.7857379811093,15.0,2981.78589995755,138900.0,240,29.9737899014641,1.01827584744152,1090.50864970855,40.4886135237729,2263.71143492281,126.753492850685,427.564524833613,3.60122570295424,15.521636298729,1.13720249531673,0.498205956096396,3.11677783857248,3.88311679400301,0.0126911507035591,0.0011006298541758,0.0005722991145697,13.3289888132476,44.1097852791756,15.0
7.4375,29.9715935906554,1.2650482313124,1082.44628979143,49.8243510865642,2244.78675673289,125.407610445558,422.860750634675,2.04787677497094,13.9511778242496,4.13627060174466,0.596506659694711,3.66588999142644,4.09144723106694,0.0668524942456791,0.0047174865290657,0.0025258531024166,13.4022855576353,43.6391160607759,15.0,2976.72365606392,147755.0,240,29.972141853047,1.09335249566596,1085.47960845954,43.3510109999014,2252.22004160303,126.112190084331,425.08675445882,2.96861430261077,15.653721325103,1.85302383555716,0.526740910417421,3.28796736557001,3.86662319157968,0.0217980000197083,0.001770813920438,0.0009310042282213,13.3431508541014,43.8855950187941,15.0
7.447916666,29.9703631479088,1.36997521016896,1082.41933423694,54.3235284964762,2242.9740834507,125.17458141663,421.888013776924,1.81641486844848,13.4663344384697,5.52756175059243,0.643710266644886,3.94561651505734,4.14453265100439,0.1084302152793,0.0070312475867763,0.0037766036296196,13.4550781830758,43.5545319121333,15.0,2977.75055496735,159305.0,240,29.9713624600139,1.183685404538,1083.33660083948,47.0315474751622,2246.57488633825,125.726528168237,423.464112764495,2.44340625274384,15.528024645442,2.90861376327187,0.56173883342243,3.51360508932941,3.87766494053085,0.0383433051379398,0.0029048343374423,0.0015411895015756,13.3640708486177,43.749571917582,15.0
7.458333333,29.9687538870709,1.47639361854998,1081.38196929643,59.2130286705189,2238.3565279604,124.742695841232,420.176552634707,1.67209089124568,12.926258302677,6.89120314871573,0.691587303526046,4.25828578834144,4.2005951018354,0.157807442571313,0.0095604206130063,0.0051815483400115,13.5031154691798,43.3993444626012,15.0,2975.45258914942,160855.0,240,29.9697864665211,1.28026321852907,1082.3364114895,51.2357851379075,2242.87346811461,125.382105255664,421.981990375772,2.09508831779577,15.1846322711776,4.16081105652599,0.600115722437727,3.77839264826661,3.91176966385149,0.0650012120024916,0.0045622623376633,0.0024308692407832,13.3868560685069,43.6265586336659,15.0
7.46875,29.9712742767763,1.57737807627378,1079.15402320046,64.0816123268078,2230.71481712765,124.117232506712,417.76243017042,1.58738903702679,12.4353950773334,8.02003380906329,0.729856849228909,4.57427336236042,4.25010872789926,0.201481511402396,0.0116315022083853,0.0063688874150407,13.539592348042,43.1761446247858,15.0,2969.25469496763,160900.0,240,29.9699134692395,1.37303111910595,1080.7123145276,55.4879808848303,2237.32031387474,124.889670108821,419.987869647705,1.89699396872425,14.7679256462513,5.35146534645627,0.635677931297724,4.05266124828933,3.95237301092208,0.0994069479579529,0.0065109525586046,0.0034819667978368,13.4068849074236,43.4504694649309,15.0
7.479166666,29.975790540988,1.67292698164098,1077.58325638599,68.9105437106148,2224.20239708039,123.538805241374,415.49223635393,1.53116930135941,12.0033864272966,8.81088015970711,0.75791132941581,4.88598752512624,4.29347187922502,0.233890471224915,0.0130826125971584,0.0072316694605823,13.5602926352104,42.9690267499155,15.0,2964.52219914166,159345.0,240,29.9727986793869,1.46139562189078,1078.83517214418,59.6891232462216,2230.84679950929,124.31608293034,417.714856637559,1.78087738454181,14.341670007004,6.32669422075979,0.666519692734072,4.32528326904611,3.99332717326929,0.135222319981378,0.00838377017049,0.0045105620890785,13.4218636624052,43.2449347881727,15.0
7.489583333,29.9813603973741,1.74085583221003,1077.77105482638,72.8721201142835,2221.66961859367,123.197792528812,413.997567575221,1.50771870371072,11.7817727124745,9.06911215582833,0.769730821197759,5.14112274142174,4.31143167423993,0.249971248646165,0.0137581348022485,0.007646013772105,13.5555911319832,42.8444357643232,15.0,2964.26444205202,140235.0,240,29.9769057445951,1.53147401220786,1077.94921625126,63.1413077714783,2226.53244847013,123.873186105448,415.859992453922,1.72274377564096,14.1055771848938,6.82176944864108,0.686706273601872,4.55063025095009,4.01066343362704,0.158455747054629,0.0095334695348001,0.0051595765033938,13.4238212328304,43.0846498958438,15.0
7.5,29.9906342492069,1.79106170822084,1079.67069837264,75.8286361449855,2223.70163574626,123.131383229832,413.426922227839,1.49339192476703,11.7106047767061,8.9481270213499,0.77033475208523,5.32308638182639,4.31006234263431,0.25188921174129,0.0138222665824109,0.0077036463612947,13.5552334979339,42.8156466972768,15.0,2968.93119181413,133475.0,240,29.9833310254022,1.581787242835,1078.46310945847,65.629414914637,2225.65583737173,123.644523848728,414.713009860702,1.69724767261962,14.07612132799,6.85789775927287,0.697136154096091,4.71167374879293,4.00260648754416,0.164823011344901,0.0098362329802109,0.0053450455480772,13.4224256727605,42.9993368870354,15.0
7.510416666,29.997357270718,1.83889871473228,1083.42050444594,78.611067718234,2230.48766294449,123.326590359539,413.768153813892,1.47098117616923,11.5990323960333,8.72962076560826,0.772124201216569,5.48173110611349,4.31235589724885,0.249307316019032,0.0137212154854542,0.0076731241380214,13.5627903228705,42.8780456614223,15.0,2979.36901870764,133450.0,240,29.9908977884608,1.62763189673902,1080.57333153878,67.9493448296696,2228.70915603322,123.628991816531,414.31481175588,1.67595296941234,14.0285421142452,6.72306369815537,0.705804568219756,4.85271741778779,3.9968653687905,0.164007556084036,0.0097885100360039,0.0053367195966247,13.4250727141911,42.9884595173932,15.0
7.520833333,29.9990095956737,1.87558631042296,1088.27619004705,80.952805107339,2240.0672529172,123.680810718721,414.650446587393,1.4527650713005,11.5109244365673,8.41127575795106,0.773956855779967,5.61206054330584,4.31122572432846,0.243973530532144,0.0135084289165475,0.0075743537160056,13.5612883247506,42.995907386743,15.0,2992.96755957334,127860.0,240,29.9958048598338,1.66683808277534,1084.17926197582,70.0429422132536,2235.4983275055,123.819500944191,414.633744828627,1.65846781308261,13.9670423457502,6.47774178866213,0.712844962046765,4.97396872452474,3.99240129780847,0.158785033273585,0.0095325257030803,0.0052114342085908,13.4252300791408,43.0495465659854,15.0
7.53125,29.9996238798438,1.9025252535796,1093.10694851548,82.7029611971695,2249.80519362772,124.051215374548,415.58884619631,1.44081357964495,11.4727796168464,7.99559067742692,0.774172874374976,5.70898114321119,4.30511511884127,0.234188256085234,0.0130963468237336,0.0073532117517743,13.5588801298855,43.1198772687696,15.0,3006.281281635,127480.0,240,29.9980597715308,1.69719565490629,1088.55381099308,71.7241943280067,2244.26693764498,124.12496800395,415.349570647126,1.64922997063378,13.9335589990525,6.12953054464968,0.717530345777315,5.06962041010283,3.98495136594305,0.148811340455987,0.0090417092127577,0.0049522127179653,13.4235848099675,43.1510838547561,15.0
7.541666666,30.0004715969136,1.90998524217027,1097.32928727428,83.4439562267261,2258.68895378051,124.392445683982,416.416708829551,1.44741445469124,11.5654993899344,7.45145747310649,0.770901974223217,5.74756897971163,4.28317664750188,0.218133116232465,0.0123747853115069,0.0069380409345026,13.5430037808367,43.2344052376566,15.0,3017.62931777453,112005.0,240,29.9992089090737,1.71115157178044,1092.81482052185,72.5239851257401,2253.18879459162,124.460645576116,416.156446133556,1.66067191111756,14.0341724520197,5.6298656480185,0.717943670924814,5.11364256539345,3.96151796600045,0.131218835095654,0.008150713825537,0.0044635644330986,13.4153222652944,43.2640107739922,15.0
7.552083333,30.0030837843291,1.92847676791535,1101.55477612029,84.4103869156187,2267.71213482317,124.732106185226,417.286142601763,1.44029400488766,11.5329138631518,7.00088378095379,0.768498706273572,5.79587533678309,4.27873709408517,0.201758432770415,0.0116354947976122,0.0065195532345441,13.5571967314757,43.3492313640794,15.0,3029.28358350761,132775.0,240,30.001051514894,1.72755207500449,1097.09489713373,73.4228802211163,2262.20940582671,124.791809753775,416.985850164688,1.67323710460798,14.0412959922032,5.17588049584092,0.718652236503407,5.16229679943922,3.95157829474214,0.115114988084526,0.0072942598943553,0.0039925734766166,13.4162025872985,43.3758730570412,15.0
7.5625,29.9988202902426,1.95428306338348,1105.87913419192,85.962144626429,2276.7665113012,125.054291527536,418.124913420343,1.42818391889502,11.3706138762846,6.68577994658103,0.77337053886345,5.87912956666119,4.29243473004554,0.192393875232063,0.0112084644502984,0.0062849427005509,13.555625267969,43.4582239534744,15.0,3041.43391426568,129525.0,240,30.0010657220322,1.7544811667689,1101.61658311871,74.9516197349259,2271.69041242318,125.123012781443,417.869686971933,1.67088512518222,13.8446756918966,4.87201125152744,0.723448428671542,5.24586939299929,3.96895870660843,0.105861069541181,0.0067864686073238,0.0037167501059749,13.4183406637694,43.4879527458519,15.0
7.572916666,29.9952558748498,1.96270135415181,1108.62322310291,86.5414581954719,2282.45745547994,125.202475503966,418.340878376105,1.43708137444051,11.389279381731,6.29402346455628,0.775462637629676,5.91443440222154,4.28519160580361,0.178750229370974,0.010549556219297,0.0059049380338183,13.5398110170767,43.5072398699922,15.0,3048.50454789629,121550.0,240,29.9980934824077,1.7673970979147,1105.36524742424,75.7105282205194,2279.69832962199,125.389513659604,418.509492773204,1.68930840015765,13.7963851492441,4.49668004199722,0.725897167164051,5.28856149547702,3.96881573625802,0.0933846158316643,0.0060897169928934,0.0033332760341954,13.4102218822324,43.5782194207615,15.0
7.583333333,29.9969326264354,1.96207871363619,1110.15491749184,86.4622713317372,2285.91118801238,125.233187934164,418.165180161391,1.45692465483692,11.4720530884974,5.88262519952815,0.773561809424722,5.91060584834644,4.27025907045599,0.161542599151318,0.0096914092458964,0.0054061177325495,13.5326378272326,43.5161630698958,15.0,3052.08218100106,117020.0,240,29.9967739363206,1.76782817613116,1107.89093908957,75.7311222015526,2285.24521974615,125.533769958286,418.722572217679,1.73197546853535,13.8749427174339,4.06870440929096,0.725076893584893,5.29075561727171,3.95384907393319,0.0788678941948445,0.0052476856117046,0.0028663059396702,13.4023298626822,43.6266336530161,15.0
7.59375,30.0004580576367,1.94613939150029,1111.87401042378,85.6285711832867,2290.45007629591,125.33717393927,418.238281483163,1.49098584961413,11.6239726948072,5.42856240966451,0.767442490432021,5.85923295853984,4.24454186362325,0.14131385058303,0.0086561464470762,0.0048069269162486,13.5207854644245,43.5512774413285,15.0,3056.30954307505,102800.0,240,29.9979560570578,1.75297440644024,1109.72297171563,74.9547176937298,2289.7301323318,125.637405463184,418.793015857929,1.80626872767361,14.0708182444642,3.57830024795577,0.720231580810568,5.24524166481662,3.92350024316785,0.0633176090170544,0.0043087705268263,0.0023450323877365,13.3920904979873,43.6615786084518,15.0
7.604166666,30.0052138364213,1.91355810087261,1114.32163965658,83.9042645262464,2297.23683669515,125.587774449765,418.803350079616,1.54112809969032,11.8658841719221,4.90776258923934,0.755694005546131,5.75402994735082,4.20477915021271,0.11760914713654,0.0074025938207259,0.0040888472581616,13.5091859226678,43.6381417990312,15.0,3062.61900540479,93660.0,240,30.0006700534907,1.71968346891653,1111.56710765004,73.326990526205,2294.77755762632,125.795634420315,419.046491503834,1.92802923686999,14.3830546109583,3.01594004217214,0.710489860039445,5.14825246164549,3.87664415279355,0.0480483691260369,0.0033484894995263,0.0018135945546557,13.3805483180537,43.7160335389067,15.0
7.614583333,30.0089926600967,1.90743626181743,1118.41846397516,83.5836030521544,2307.44133737064,125.998967114602,420.010129961381,1.54444996231437,11.7001333707226,4.70869579622381,0.747375969526596,5.72422715467962,4.2160358448044,0.109505382454584,0.0069590310552341,0.0038391553344916,13.548352192028,43.780799065347,15.0,3074.42497540446,126600.0,240,30.0049001990926,1.70627129350063,1114.44428515934,72.8801467112386,2301.95922609668,126.034634162694,419.662488404184,2.0018587539955,14.320433344456,2.74484218786755,0.704614289453925,5.11615151016247,3.87707222783398,0.0421525279007929,0.0029854218117137,0.0016188159178797,13.3897680656436,43.798306700504,15.0
7.625,30.001599314794,1.90573928204176,1122.97567560289,83.9148813277276,2318.33524415546,126.438550080047,421.323331365807,1.53403159578113,11.4298674563295,4.64790052225689,0.746919806023351,5.73452737609887,4.24301301018858,0.109472687300588,0.006979897602127,0.0038595097518672,13.5422195893225,43.9331460675918,15.0,3087.69062144964,115230.0,240,30.0051705970159,1.70953313699464,1118.58670681216,73.3513990146623,2311.85665320582,126.401828579709,420.75891409288,1.99923799111609,13.9916898772186,2.69141897705345,0.703530507684293,5.13528847583983,3.91107916501084,0.0412370408314245,0.0029297550691701,0.0015911612914606,13.3944466524595,43.9252571577149,15.0
7.635416666,29.9966228655454,1.88358399478724,1123.92208599996,82.7997884090524,2321.45918691749,126.487069345862,421.253171810263,1.57251469017456,11.5343627952538,4.35485508939871,0.741209070419958,5.67013278618483,4.22702239377128,0.0975533150573354,0.0063226918892401,0.0034885788528039,13.5111969341791,43.9502820189592,15.0,3089.90368837619,106785.0,240,30.001078672876,1.69194070046969,1121.61650786,72.7055310563311,2319.54633238812,126.685073757457,421.520641753537,2.06247493542503,13.9458441814952,2.46809904906846,0.698574787285673,5.09460213390641,3.91067735619379,0.0364017822150204,0.0026071444143792,0.0014129933030946,13.3821950372809,44.02353708295,15.0
7.645833333,29.9981648659828,1.86525386429898,1123.0562234743,81.6366577984911,2320.64970665844,126.324761051591,420.500576642976,1.61559889799158,11.6433496941642,4.08355432713566,0.734030180762109,5.6008443500552,4.21258976876197,0.0863501548847777,0.0056789857552769,0.0031243610001713,13.504077011244,43.8945360910189,15.0,3087.04684628761,112435.0,240,29.9988674466642,1.67062077356774,1122.64977698873,71.7662852133631,2322.83034741299,126.736782043194,421.506866836067,2.15665849006865,13.9744586700776,2.23141371010481,0.692522910399007,5.03859744133501,3.90389343164912,0.031639211208392,0.0022906501755473,0.0012391421981837,13.3768453552272,44.0415664305693,15.0
7.65625,30.0002551946823,1.83387031986657,1123.3879293953,80.0395474940476,2322.66628772443,126.333937644777,420.317879055868,1.67999101448008,11.8479657318676,3.74514304439961,0.725626693272032,5.50551042535059,4.18438120908262,0.0732677049015518,0.0049128993284438,0.0026945211668385,13.4803235148525,43.8986877825553,15.0,3087.48320182274,91105.0,240,29.9991009015469,1.63864676405844,1122.89717686989,70.2861247613859,2324.53963139764,126.721531717578,421.269931229417,2.3010108360952,14.1256296491296,1.926242103599,0.684368212269438,4.95066305778214,3.88235074215075,0.0259535685003604,0.0018961495300123,0.0010204345875492,13.3671344632171,44.0366663381004,15.0
7.666666666,30.0043988315476,1.78601575447664,1125.13978084797,77.6492023041238,2328.06144985874,126.554488642707,420.83589003922,1.77856747976134,12.1807038582528,3.30046836905454,0.711971839840148,5.36557982573513,4.13694252263065,0.058374999502605,0.0040067597797831,0.0021882712242271,13.4650388661386,43.9765209577977,15.0,3091.66299948792,87210.0,240,30.0007253103532,1.58883225695148,1123.57676886025,68.045679912141,2327.39530720846,126.79241195736,421.334360947784,2.55212084133892,14.4125828586367,1.53583469033621,0.671974659316249,4.81881351832477,3.842866237547,0.0195716171869626,0.0014563171086001,0.0007795696747964,13.3571465416718,44.0618943246348,15.0
7.677083333,30.0092641466601,1.7471422187314,1128.2510096507,75.8528974112828,2336.34574731325,126.927271960708,421.934590950549,1.84809007670032,12.2900710542801,3.03333323075471,0.69906585355491,5.25716930614617,4.11632483570291,0.0509079338295118,0.0035511330679421,0.0019379631286446,13.4764052727493,44.1070590973633,15.0,3100.06393228789,96230.0,240,30.0040921594448,1.5472676390588,1125.2219757547,66.276379810604,2332.23235386489,126.962234971064,421.791474905576,2.7737776067107,14.525572492935,1.29577064809632,0.660481060428647,4.71303448344284,3.82543899148544,0.0160024253466211,0.0012171943480554,0.0006512452889429,13.3577645533775,44.1214377952275,15.0
7.6875,30.0100158604814,1.71550276478698,1131.88690780808,74.5199944351793,2345.77962955984,127.359699579457,423.276719489212,1.88339326248744,12.2452690485002,2.91057118573833,0.689443733729092,5.17373794535444,4.11522675947679,0.0476869510677744,0.0033602590308463,0.0018353307530024,13.4811224951775,44.2581971519901,15.0,3110.31086101782,95985.0,240,30.0072649145171,1.51684368955319,1127.92401717456,65.0545485273216,2339.31859389714,127.25137451871,422.685584451946,2.89672725527661,14.4728628329793,1.18807349471399,0.651141576795815,4.63761162784264,3.82801958597714,0.0144610756779543,0.0011142670437727,0.0005963090836847,13.3600513728781,44.2224503492175,15.0
7.697916666,30.0075084393628,1.68386280925423,1134.20033029068,73.1075050745111,2352.41976355086,127.646783113896,424.134610045326,1.91668269482806,12.2180012652008,2.82368085215374,0.680873869322884,5.08662892090525,4.11375996364019,0.0453266527247189,0.0032189536169588,0.001758440072541,13.4785636295438,44.3587746674018,15.0,3116.900825057,98185.0,240,30.0080419677193,1.48921409123436,1130.81092778932,63.9508281722132,2346.88427006376,127.575482921758,423.70315543442,2.97867937202388,14.3834338713897,1.12527419615198,0.642595145530109,4.56890999918995,3.83479185932263,0.0135740620187587,0.0010551567298576,0.0005645814959691,13.3597869339378,44.335663406226,15.0
7.708333333,30.0046764672458,1.65104569882721,1134.72266071169,71.5526979071267,2355.18717523681,127.731090262518,424.308204372381,1.95768344342626,12.2507027754058,2.74068911604005,0.672292845866714,4.99247685944268,4.10696417977093,0.042930572875605,0.003069456147366,0.001675291427007,13.4704449518861,44.3888615866159,15.0,3118.41801755786,95070.0,240,30.0068777472585,1.46103293581472,1132.82086148719,62.7607719922887,2352.62383266197,127.811968068361,424.421405811521,3.05369189783071,14.3274778937896,1.07020123358569,0.634051329537606,4.49578376985534,3.83811337847187,0.012804091187347,0.0010004440200693,0.0005343547274414,13.3577002345143,44.4184490444159,15.0
7.71875,30.0034961959137,1.61591020636112,1134.50938662515,69.8547596001246,2356.28640912793,127.736125027083,424.211415741421,2.01711474932445,12.3572420182627,2.61759044229183,0.662577345225416,4.89129527774414,4.09204482811349,0.0397119759421252,0.0028638040667912,0.0015607680421599,13.4606313601369,44.3914041243978,15.0,3117.74212518458,92400.0,240,30.0053057168172,1.42948869424447,1133.75479284327,61.3604634493613,2356.0508339541,127.93527079064,424.757914878757,3.16244454639694,14.3421103586577,0.994827311833493,0.624727424759867,4.41127030091612,3.83382154875426,0.0117836573400805,0.0009269657263295,0.0004937242150295,13.3542738396041,44.4619106835018,15.0
7.729166666,30.0039742190294,1.5814750170646,1134.41890031956,68.2058536213752,2357.5158037503,127.757526451387,424.181902127191,2.08712522944118,12.4786739001661,2.47005238812032,0.652344841704795,4.79329626278382,4.07577660000192,0.0362577789754026,0.0026419507502202,0.0014381800331692,13.4530848414736,44.3996538331515,15.0,3117.35973007722,91040.0,240,30.0044688459619,1.39742310124771,1134.09942763682,59.9108472777334,2358.13011977538,127.993933015745,424.886798679031,3.2919806678377,14.3882732956591,0.913236215676723,0.615126148768016,4.32432482999203,3.82675330979208,0.010709825536992,0.0008498900471045,0.0004513721552439,13.3515341459579,44.4829071234493,15.0
7.739583333,30.004919411639,1.55097681383007,1134.72901459373,66.7698566754874,2359.45192054162,127.822727683112,424.325386019289,2.15443097849618,12.5605922167045,2.33381921929742,0.642978787244412,4.70732532868848,4.06513517431748,0.0333478876219693,0.0024566428303487,0.0013368799511612,13.4490931447929,44.4231599512367,15.0,3118.14154909836,92735.0,240,30.0044983069124,1.36867784450728,1134.33656759077,58.6108489458105,2359.85105525042,128.03792864725,424.983530251409,3.41231719068906,14.4154887946665,0.846527805026137,0.60623744064026,4.2460382935186,3.82304944836796,0.009848815895938,0.0007891017809028,0.0004182365504485,13.350223448452,44.4988239241541,15.0
7.75,30.0050771269466,1.52447253852968,1135.24441045774,65.5433721380426,2361.69655152061,127.909037519317,424.562220075328,2.21345180391887,12.6052353188774,2.22175229767764,0.635058929178755,4.63322662165268,4.06013832948727,0.0310739311799129,0.0023113224740177,0.0012577127838054,13.4445597011636,44.4540467539705,15.0,3119.55722884875,93330.0,240,30.0048075250113,1.3442531291912,1134.68845993785,57.5144177799448,2361.69262021894,128.092900890585,425.133599554849,3.50984940417651,14.4111567907975,0.796136551754346,0.598509727810863,4.17943987311006,3.8241289127372,0.0092084132555884,0.0007436297544873,0.0003934570097957,13.3493075559552,44.518604342734,15.0
7.760416666,30.0044041118635,1.50003623250692,1135.57075412395,64.4103296739079,2363.44045020413,127.973724412631,424.736511515314,2.27017781354566,12.6510111044868,2.12499057440152,0.628208716589557,4.56470511766015,4.05593560279304,0.0291684876616805,0.0021876122914707,0.0011899044320596,13.4387452366944,44.4774360247776,15.0,3120.45690446603,93350.0,240,30.004772500369,1.32222302491568,1135.08620059439,56.5312752396189,2363.5331990013,128.153659555122,425.316037179365,3.60014682866183,14.3973245960915,0.751534065775513,0.591598224118696,4.11949683627275,3.82720411512816,0.0086503426758901,0.0007034480088276,0.0003715097503191,13.3478852259577,44.5404566440972,15.0
7.770833333,30.0035847574599,1.47747943917126,1135.53701482434,63.3501309470963,2364.34335769507,127.996977182146,424.776255910573,2.32020127620906,12.7049478416199,2.05456295561539,0.622120842949579,4.50064080283503,4.05131394048651,0.0277859853968579,0.0020978419173055,0.0011403521790903,13.4340602183517,44.486383343344,15.0,3120.36758992693,93270.0,240,30.0043379528759,1.30187394561255,1135.3403670723,55.6176544950996,2364.98583260729,128.199185107602,425.45506454026,3.68227872521602,14.3887422959234,0.715175568054103,0.585277551540121,4.06377151639016,3.83036378764983,0.0081978572872519,0.0006710421881228,0.0003537694505237,13.3465316211408,44.557046658329,15.0
7.78125,30.001978268277,1.47607868215075,1135.23653998628,63.17718321702,2364.44588927557,127.956839630838,424.646348843025,2.26054207974686,12.5556790470107,2.21433013044848,0.620372753747307,4.48615625029551,4.07467991162089,0.030786072400917,0.0023271535368251,0.0012703189658122,13.4493606375778,44.4731180198925,15.0,3119.95193922947,115685.0,240,30.0035455101061,1.29852870674604,1135.36688466144,55.4403667724316,2365.80076971998,128.203430684822,425.447168074261,3.59065311394233,14.2633655491322,0.796609314887446,0.58292591027129,4.04989648933125,3.84930271305298,0.0091520417569124,0.0007542235505711,0.0004000736496259,13.3521834108018,44.5592401473669,15.0
7.791666666,29.9955862443671,1.48645682632882,1134.0785761105,63.5719080863557,2362.44858232578,127.792760727498,424.083728354097,2.14648043629948,12.3843069255851,2.49183644172623,0.624429517232549,4.50530311953137,4.10322515268536,0.0361226743615942,0.0026867786979703,0.0014681239224382,13.4429484427726,44.4165964612499,15.0,3117.29411404911,112545.0,240,30.0005911763545,1.30881071655758,1134.97874411866,55.8400397270743,2365.59854195931,128.151658037321,425.213366581806,3.36277808840558,14.1110364815406,0.950088129100019,0.584797587224016,4.0692085201257,3.87233769056386,0.0110260300579415,0.0008964034942718,0.0004772861857972,13.354376950017,44.5418704197135,15.0
7.802083333,29.9913680914,1.49097073966836,1130.80267364658,63.614706017026,2355.72567078542,127.38532587687,422.647130792555,2.10151541187598,12.4165945217645,2.6507841111359,0.626994453767514,4.50786161862589,4.10674478706004,0.0391724949429075,0.0028800216485658,0.0015708405451525,13.4295618188365,44.2753889291507,15.0,3108.3381720357,110155.0,240,29.9960249196299,1.31402594073514,1133.47107828985,55.9710989642901,2362.88406236314,127.973061405152,424.519849130702,3.23578752397013,14.1133712986566,1.04640895694035,0.586196473904329,4.07520045954478,3.87673825267977,0.0122308676149647,0.0009820774576384,0.0005226176885756,13.3504344181817,44.4803402241567,15.0
7.8125,29.9918647726052,1.49875105994854,1126.93553008878,63.7603906123116,2347.59625559035,126.900843617004,420.941037943295,2.07875069315332,12.471047529319,2.74894901867952,0.629438712266293,4.51635500791832,4.10707711478021,0.0411621653613252,0.0030078773129112,0.0016395152152931,13.4275783142423,44.1074008442573,15.0,3097.681094022,112445.0,240,29.9933402604436,1.3195188048991,1130.57367140613,56.0573133379892,2357.02631691015,127.623786553445,423.239252055038,3.15657702928229,14.1847154230437,1.11998558548672,0.587770894419624,4.07965737847549,3.87348136423518,0.0131600564268279,0.0010489608955823,0.0005581442155885,13.3493358411222,44.359410382966,15.0
7.822916666,29.9940237578616,1.49457268661487,1125.48761474783,63.5587339925893,2344.75279511538,126.715177380686,420.19925174244,2.11387949563569,12.6367594229065,2.65727978646512,0.629649603891039,4.50610803451202,4.08987107555294,0.0388409527005223,0.002838422754361,0.0015424832229157,13.4195310434168,44.0434769070669,15.0,3093.5677874145,94380.0,240,29.9931044114747,1.31543743256513,1127.98041373228,55.7537556365723,2351.80549766564,127.315942627078,422.092641802312,3.19695235200005,14.3589004817582,1.07258739547045,0.587319500868691,4.06232182072969,3.85616613607019,0.0125527636008917,0.0009937712182685,0.0005260015557334,13.3457720326884,44.2529147305492,15.0
7.833333333,29.998812225778,1.48776532027379,1126.4859558988,63.2931871311738,2347.2724465813,126.820822180689,420.441019193796,2.1585126692778,12.7660400367332,2.53712329361306,0.626752441846729,4.49216545749927,4.07411156858654,0.0364750848071671,0.0026835539047945,0.0014574635720768,13.4289476010097,44.0808341670244,15.0,3096.29569886459,103370.0,240,29.9949923990582,1.30672182639923,1126.84834887844,55.3352971212842,2349.71934377497,127.173627922941,421.521584790825,3.30834384925706,14.5185789933168,0.994059755227454,0.585259048659593,4.03879952120549,3.83947368905961,0.0115565267763919,0.0009239452199132,0.0004885045999338,13.346090075687,44.2040058106799,15.0
7.84375,30.0008947806559,1.50518762595024,1129.34330950968,64.1960714320525,2353.6728315252,127.102931915825,421.339927401406,2.08782946410051,12.5630945717805,2.69449985087916,0.630251165494882,4.54216246263849,4.1000023454162,0.0402829157975863,0.0029534936479566,0.0016116101921196,13.4525805713735,44.1793784776913,15.0,3104.87583769639,120725.0,240,29.9982980437123,1.31915626761207,1127.5601877473,55.9322067247333,2351.46861201102,127.212201950434,421.57263132521,3.21668672552102,14.4321949073959,1.08484175880802,0.587985941635852,4.07272810209501,3.85293476398422,0.0127020434735758,0.0010198712353181,0.0005429138345928,13.3548877738053,44.2179643140014,15.0
7.854166666,29.9957761520469,1.52359438286894,1131.15214371102,65.1956511889061,2357.77195080219,127.255714978095,421.778058345849,2.01096418545413,12.3976638880955,2.88964882345993,0.638019692333245,4.59964442392607,4.12160737121557,0.0447805448528112,0.0032411693677393,0.0017704531711122,13.4494866776811,44.2328464230299,15.0,3110.53977408681,112590.0,240,29.9982260162872,1.33789241848099,1129.3916800522,56.8608315180339,2355.66637055242,127.378521647924,422.031215641489,3.05764787110842,14.2991483860219,1.20807346506317,0.593273213679817,4.12582908838383,3.87037399162453,0.0143227052997537,0.0011349364299477,0.000605615539403,13.3568925010557,44.2763153580589,15.0
7.864583333,29.9932298285017,1.53494252031416,1130.19015080907,65.7008101474315,2355.90970528297,127.092244033084,421.115029312221,1.97534501423185,12.3873670952702,3.02854443248344,0.643040838484412,4.63166865731235,4.12407037633604,0.047929818822431,0.0034321456950344,0.0018723054696632,13.4489589580897,44.1762342566584,15.0,3108.13813038108,114015.0,240,29.9956868049393,1.34936789599111,1130.19353399633,57.4216502845019,2357.69682184623,127.433368706828,422.090170181844,2.97366826386005,14.277665209324,1.28418849634815,0.597114368082963,4.15972923798195,3.8732962220925,0.0153508457585383,0.0012069281122392,0.0006443424855649,13.3558376446183,44.2958409988938,15.0
7.875,29.9942146793366,1.54407229159868,1128.79187303053,66.1112398670305,2353.18552684009,126.879809638673,420.272520700974,1.9452793321629,12.4044021384827,3.17122616141196,0.646647493619631,4.65770479050503,4.12178936100717,0.0511329368129072,0.003624892589669,0.0019750768344046,13.4523625534064,44.1024320418736,15.0,3104.50755158938,108900.0,240,29.9944764637712,1.35777655526091,1129.68566371332,57.7784501724968,2356.92616893361,127.33713981632,421.624075296874,2.90857556100921,14.3220919649109,1.35309028839258,0.599986333605601,4.18249980696983,3.86763490102318,0.0162817159015259,0.0012705463355999,0.0006781317949264,13.3562776560331,44.2627068422886,15.0
7.885416666,29.9971667329765,1.53854014856423,1128.70111394942,65.9357609377978,2353.55540242826,126.850781051128,420.008095438105,1.95389107753296,12.5482002774485,3.17492125732551,0.645246194798474,4.65014014132239,4.10011821612755,0.0506715477746402,0.0035824166898754,0.0019474162006155,13.4487489429167,44.0923616593582,15.0,3104.35763659805,95335.0,240,29.9951412864288,1.35335002783252,1129.1017764232,57.5587613234488,2356.15073301562,127.253278963397,421.18195968687,2.93078881327376,14.4943071159555,1.32345585999442,0.599190899418709,4.1720670862253,3.8440509568612,0.0158699524120032,0.0012333089187735,0.0006560821627041,13.3534015683728,44.2337591957037,15.0
7.895833333,30.001119838016,1.55838052532201,1130.22237086137,66.8468832418411,2357.32037941748,126.971085462801,420.313526052677,1.87841073189111,12.3524365540971,3.46777451346998,0.648498077051863,4.70163091227471,4.12027180697139,0.0589604495156148,0.0041050096660091,0.0022366463584873,13.4887966826063,44.133735737138,15.0,3109.35598557998,131055.0,240,29.9979252666443,1.36697208228699,1129.30710902239,58.1856170278346,2357.00698430254,127.229696462231,420.959542183933,2.81979943011044,14.4454418815879,1.4958226011026,0.602222534894053,4.20910750625846,3.8475419862208,0.0182550848590704,0.001426476058509,0.0007648234228109,13.3652535862019,44.2254975398939,15.0
7.90625,29.99478026113,1.58871593702725,1131.99249069146,68.5385439478957,2361.40248974329,127.082927586637,420.593543381351,1.7719461061996,12.0186997156206,3.92175953228445,0.661700268071903,4.79963470450112,4.15847671865537,0.0728890943952804,0.0049522413752773,0.0027075592122212,13.4947646805824,44.1717378291311,15.0,3115.33629988482,120480.0,240,29.9979939476828,1.39946778858432,1130.63776821043,59.7137198050108,2360.25924320038,127.312531169054,421.084849016334,2.55981969533463,14.2084333799319,1.83830160728914,0.611306249398486,4.29724173133598,3.87313186501784,0.0233746920391622,0.0017849008862042,0.0009610847590504,13.3739200488409,44.2539982603684,15.0
7.916666666,29.9911349122859,1.60136573723338,1130.35067460164,69.1920528204308,2358.07671858059,126.817800602838,419.535905490828,1.74672581887338,11.9941130271016,4.10021852182777,0.667588626770803,4.84412722338916,4.15931071104371,0.0782512018136233,0.0052602537420051,0.0028753285908241,13.4851909790149,44.0788056694603,15.0,3111.03896832434,115355.0,240,29.9943981348266,1.41589162835613,1131.04823771977,60.488036283398,2361.57509806647,127.307666176619,420.876248737903,2.44734786109223,14.1761071575388,2.00712207896044,0.616673351165073,4.34561103938918,3.87265418421906,0.0260951240662657,0.0019619284542505,0.0010556202137237,13.3702784279114,44.2519229677407,15.0
7.927083333,29.9938105877128,1.61046371366871,1127.58874533096,69.549512673031,2352.46710524569,126.434375154601,418.070018790034,1.74439540270954,12.0343471944426,4.16868319737957,0.669669948432298,4.8690616145684,4.15175008163382,0.0798922614304065,0.0053439902167219,0.0029179605336616,13.4855612393661,43.9449094133892,15.0,3103.54099995578,111940.0,240,29.9932003954085,1.42450543827839,1129.659730659,60.8210829661698,2359.00146079019,127.097271680859,419.968234458455,2.41038221827705,14.24459809387,2.0740708583776,0.619461529368347,4.36934496687206,3.86034307990547,0.0271814164906223,0.0020279587207669,0.0010896082457603,13.3690107632687,44.1783252568,15.0
7.9375,29.9982410315015,1.59734145985567,1126.79982464641,68.9852255609495,2351.54928488708,126.33396212375,417.504757208535,1.78572127287956,12.2789389424186,3.98785875061988,0.66463005718995,4.83918629863653,4.11503326580434,0.0730154030289103,0.0049305720704405,0.0026854903374205,13.467733850857,43.9097716560221,15.0,3101.31211956206,87415.0,240,29.9947769031819,1.41329659157704,1128.20369822368,60.2426604319354,2356.5223703352,126.917390115441,419.143031431946,2.48546893187241,14.5130280811311,1.91897672232154,0.616604802680117,4.33917586223409,3.82147467685102,0.0245930203971322,0.0018318382632789,0.0009786207409049,13.3609643445328,44.1154723085845,15.0
7.947916666,30.0046565684604,1.6079844883984,1128.42649128342,69.4482635197657,2355.76470866883,126.4833791745,417.856517461624,1.76330785404359,12.1804322275608,4.0556139426496,0.662324686677152,4.86404204056811,4.12050755070779,0.0759746691419917,0.0050993497026635,0.0027791746644741,13.5088422931426,43.9611583367848,15.0,3106.4553888337,129070.0,240,29.9990604152371,1.41670535359499,1127.81543709224,60.4183423575111,2356.28280086653,126.828963023841,418.674048703586,2.49696662509206,14.5338696386,1.9456557133742,0.616559787526013,4.35014492129796,3.81392327384982,0.0250943028876904,0.0018921845490962,0.0010162857832161,13.3711458307223,44.0842008622448,15.0
7.958333333,29.9994971731758,1.63145266369847,1131.77827527783,70.9582424010189,2363.41483434889,126.792454024943,418.769552971326,1.69874407824565,11.8679867725039,4.32842146416017,0.671150952877272,4.94889024719158,4.15430905345991,0.086659526295254,0.0057387839354117,0.0031421539160046,13.511507251699,44.0676673944896,15.0,3116.83576981388,116240.0,240,30.0012054162323,1.44292973266189,1129.42181023494,61.7353461419916,2360.26468536497,126.937836254236,418.894840884688,2.35314791202388,14.2637153110492,2.19013541645189,0.623100180689837,4.42472586932165,3.84247543711744,0.0292494404694635,0.0021758947488471,0.0011728240315834,13.3800919992757,44.1214226838294,15.0
7.96875,29.9945246682604,1.64306542149341,1132.16783978092,71.6128414159964,2364.45742749698,126.767351841289,418.502628515294,1.68270726759715,11.8357805333372,4.39142049159728,0.675315456228235,4.99128550098039,4.15645528785778,0.0895793349753303,0.0059075420725393,0.0032380464495697,13.4993706890678,44.0581931901067,15.0,3118.17471168044,120490.0,240,29.9981454916651,1.45785074943613,1131.17861048352,62.5452045646174,2364.54010954746,127.080700269582,419.193234120282,2.28744714085745,14.1551500978061,2.29860547112645,0.627443601506812,4.47329035528685,3.85130873668956,0.031291267723934,0.0023109527938231,0.0012469576088606,13.376560985749,44.1705118597782,15.0
7.979166666,29.9941415475604,1.65141278666577,1130.23065739855,71.9685492817623,2360.44462726042,126.47444557182,417.332425156267,1.69002964061536,11.896816476083,4.3467449915328,0.677631358987382,5.01560891950169,4.14890542520539,0.0880963543173108,0.0058199529853008,0.0031892836492549,13.4874729071487,43.955927690016,15.0,3112.80497426912,112010.0,240,29.9956756159025,1.46685980605965,1131.11926326241,62.9776926618969,2364.77612117838,127.014261120032,418.777325922279,2.27005486337269,14.1627924981215,2.31002044107556,0.630215659457561,4.50158901089737,3.84780610406592,0.0315205722104723,0.0023157917489166,0.0012480058507492,13.3727599847111,44.1469139279176,15.0
7.989583333,29.9972619280039,1.64512129650963,1129.30491810774,71.6150532516419,2358.87617792939,126.332187734776,416.640167810977,1.73113176073697,12.1122862853701,4.09531401871389,0.67460509370246,4.99822849920818,4.12037573568067,0.0790040350937158,0.005287152005954,0.0028916122539271,13.4719145346198,43.9065334827651,15.0,3110.00627873797,99810.0,240,29.9956473474554,1.46020078624123,1130.24620232263,62.6346898434722,2363.35594666329,126.879164336097,418.116799974672,2.34339987095282,14.3571063301359,2.12885860153489,0.628817579416006,4.48483667993937,3.82112573399618,0.0283067414704301,0.002084941654977,0.001119256498181,13.3650844462185,44.0996959059749,15.0
8.0,30.002679557155,1.62605545423023,1130.11757282438,70.6715860103262,2361.42082385727,126.428642150264,416.74338547678,1.79814977115223,12.3995366435113,3.70874638194597,0.667146745546751,4.944853516806,4.08002036961076,0.0663940340157511,0.0045298039936497,0.0024704265533326,13.4618469774441,43.9405188963463,15.0,3111.99189691153,91815.0,240,29.9980318358446,1.43948828679091,1129.91586378386,61.6884495397793,2363.27760898593,126.830963458047,417.75651136461,2.50384252535043,14.6498779582972,1.81707105081926,0.623562329229836,4.43205482709517,3.78132655442514,0.0232185178389602,0.0017286760791568,0.0009236320860328,13.3582110689405,44.0829129086135,15.0
8.010416666,30.0081223362591,1.60448571116808,1132.52361895904,69.6982568081704,2367.6166833444,126.725222396174,417.550693237925,1.86812909747384,12.6029140322405,3.3428084834527,0.658572514072417,4.88713765449069,4.0483047288737,0.0561619284313788,0.003902826472245,0.0021250934545895,13.4624917324968,44.044223927677,15.0,3118.61902400504,93090.0,240,30.0020504121077,1.41563083711954,1130.64753642084,60.6865002548592,2365.6002008113,126.909300960847,417.863724184842,2.7018639830647,14.8707757071292,1.52185543603026,0.617138898245754,4.37420396026,3.75015428678256,0.0188116039569717,0.0014244558354607,0.0007590954595881,13.3556509233728,44.1102593362929,15.0
8.020833333,30.0108484568788,1.58606960792364,1136.27962906395,68.9959610289263,2376.76618339492,127.17803294319,418.922670515177,1.92189793681506,12.6714518095395,3.07717680365951,0.651408423463489,4.84343304707474,4.03330275924446,0.0496527711910451,0.0035030390170727,0.001908161363772,13.4658634229206,44.2022813655487,15.0,3129.25856873378,95230.0,240,30.0061713523459,1.39643424895263,1132.68103198528,59.9741769684363,2370.79171153246,127.13263148157,418.505713700196,2.87145708049038,14.9369307307687,1.31884077304745,0.611485833352448,4.33141634971623,3.73818049794504,0.0159690607282696,0.0012290436569163,0.0006546156913342,13.3560014374452,44.1881350801316,15.0
8.03125,30.0089836390438,1.58656004038312,1140.78804494639,69.2196980127371,2387.26944673206,127.683700787193,420.532467751374,1.90594573308519,12.4840606953026,3.06818297261884,0.648951881371897,4.85169827891567,4.05350618482641,0.0503197431675619,0.0035659547236493,0.001949689569561,13.4848783358201,44.3785564965493,15.0,3142.40393604473,117165.0,240,30.0085077730746,1.39605490641068,1136.19239400607,60.182072681793,2379.08032044552,127.502274308448,419.676711585527,2.88894026510737,14.7373496926818,1.3121440313848,0.609886150856557,4.34041200760761,3.76022662811643,0.0158980185458717,0.0012399994910836,0.0006643453391636,13.3635787267299,44.3169400283759,15.0
8.041666666,30.0008069866691,1.59115344555294,1143.30449850642,69.6165603232837,2393.19610973461,127.940705601454,421.300281396648,1.87196198174095,12.3364051430756,3.14799321622121,0.65165833090391,4.87228525987153,4.07330705347918,0.0526980379469428,0.0037227321393021,0.0020393297691241,13.4727834261772,44.4683332641061,15.0,3149.86986661989,110055.0,240,30.0061348216903,1.40449373444845,1139.92733176202,60.773532415633,2387.759899134,127.89477811507,420.909927590493,2.80630278346603,14.4897804356958,1.37946354348263,0.611287565128765,4.37193427459132,3.78962485249038,0.0168649657796845,0.0013075983625054,0.0007019471951272,13.3644273750585,44.453806059983,15.0
8.052083333,29.99568829361,1.59375088837806,1141.76569539322,69.6277867114525,2390.21135308247,127.723700802989,420.462477225565,1.86197158976985,12.3436618390942,3.21300507007334,0.653994409031068,4.8738456329006,4.07695739282056,0.0543405147102028,0.0038225074719275,0.0020928307656984,13.4633569545839,44.3932563731497,15.0,3145.63820219163,116550.0,240,30.0010186544469,1.40851835140305,1141.57008838154,61.0490599207101,2391.81424133445,128.050667236965,421.325755994641,2.76368672265551,14.3824077733899,1.42437339995218,0.612495058388762,4.38749711727296,3.80412727149139,0.0175173008721506,0.0013550744709939,0.0007281171896078,13.3614651552477,44.5084519764343,15.0
8.0625,29.9940451163153,1.60183751735286,1138.32939548989,69.8346682079945,2383.04650257713,127.271217022372,418.843612326085,1.83768005781404,12.3332151811901,3.37911115068677,0.658391230537228,4.88636152472359,4.08353817476894,0.058466238402382,0.0040711364600377,0.00222686403933,13.4614233700057,44.236091994651,15.0,3136.17111571359,115790.0,240,29.9971733775284,1.41576993125914,1140.49665407124,61.3211378866205,2389.86284605098,127.88340388835,420.648567038228,2.69748369510022,14.3348241549831,1.51609595301061,0.614940708227502,4.40348536619991,3.81356937641788,0.018821038954507,0.0014471546443669,0.0007779259923182,13.3613153375423,44.450669132998,15.0
8.072916666,29.9952940382393,1.57538595714805,1136.5012630618,68.5903626075453,2379.8322284968,127.070305725677,417.971422127381,1.8987578067136,12.6878084838214,3.22990156970437,0.653964108581143,4.81876029078849,4.03821752268815,0.0528015038489492,0.0036951319606898,0.0020106271319517,13.433750695566,44.1665413405822,15.0,3130.59909251985,75610.0,240,29.9956675275275,1.39388447610714,1138.74797474776,60.2218795596417,2386.73479243043,127.689109920187,419.83838064293,2.81230112384888,14.6322865651432,1.35989781812115,0.610420707714561,4.34194069390235,3.77692411763007,0.0165472464784982,0.0012634424158813,0.0006725865698214,13.350056583806,44.3834883718911,15.0
8.083333333,30.0020920777202,1.52676249995279,1136.41855227157,66.2119532011986,2380.82465828849,127.131630793233,417.945445660312,2.02971177748794,13.2341418067409,2.8483306808447,0.639445395818455,4.68598671558819,3.96267504903144,0.0429843712332695,0.003060072464054,0.0016557214628855,13.4267113476549,44.1881602008295,15.0,3129.54030031172,76595.0,240,29.996972685902,1.34625570831496,1137.6632439595,58.0239449015307,2385.27491064303,127.607785778308,419.423841346654,3.14978538418644,15.1128188697387,1.0547061627098,0.598479662380542,4.21741273422789,3.71483866492095,0.0124348010786831,0.0009717638402804,0.0005137962563314,13.342134165741,44.3555022695389,15.0
8.09375,30.0110928104077,1.48660343903419,1138.17314537049,64.3823026854055,2385.83501126624,127.400580683931,418.689273321524,2.11766240360595,13.5195039034759,2.64000997935696,0.626342836764559,4.580991914113,3.9170194653585,0.0382984076549813,0.0027650436030573,0.0014942422704499,13.4390732186083,44.2817175747381,15.0,3134.07152317675,76710.0,240,30.0015551782094,1.30564410514165,1137.46064458774,56.1831065691862,2385.66913458753,127.616148480761,419.361274386299,3.41586788797883,15.4291878789036,0.888762229097962,0.587101669858313,4.11187305468841,3.67235036866264,0.0102979571745936,0.0008233737177429,0.0004340454713364,13.3431447000453,44.3584762741931,15.0
8.104166666,30.0170352719301,1.44809424505533,1141.62250785387,62.7468902010544,2394.60090254633,127.877440514191,420.165484482211,2.18597887874165,13.6859701939764,2.48538312860838,0.614387400564655,4.48549356626143,3.88424962019464,0.035052071949137,0.0025619783247663,0.0013841240919788,13.4423903625132,44.4474719682793,15.0,3143.59552317445,73755.0,240,30.0073877723097,1.26919676535546,1138.57159897408,54.5774543643328,2388.94581365426,127.782680080725,419.856458738279,3.61016472793741,15.6340770657528,0.786175939438234,0.576218210096076,4.01844436357973,3.64139390874869,0.0090157948960391,0.0007328978966341,0.0003852497537612,13.3436004616247,44.4163234632041,15.0
8.114583333,30.0193949022084,1.40739192232428,1145.59606263464,61.033376528582,2404.49264204904,128.430000044321,421.911993715149,2.26743572735032,13.8480600625439,2.30537194770391,0.602128002121331,4.38580921873363,3.85205089447963,0.0315455544224305,0.0023373958950661,0.0012620619336379,13.438574789729,44.6395474949413,15.0,3154.57771685001,71435.0,240,30.0122229415494,1.23337253657473,1140.83155131623,53.0486396344606,2394.75187997832,128.095339287342,420.860946977911,3.78955372184828,15.7820146193819,0.697300393906412,0.565194957775715,3.92891098120295,3.61573043749013,0.0079351377959827,0.0006542870314812,0.0003427096056442,13.3423012912013,44.5249316295874,15.0
8.125,30.019780130497,1.35970923861452,1148.95329287561,58.9732982409436,2412.975801888,128.929813506457,423.487174769727,2.40791608463376,14.1096201435808,2.02282008308092,0.588910045351275,4.26714992438316,3.80846977586056,0.0264799478253431,0.0019941606251951,0.0010734371810718,13.4241722693673,44.8133904134741,15.0,3163.59957877066,62390.0,240,30.015258985673,1.1930987890467,1143.53445635727,51.3411180345448,2401.50319652951,128.473256961068,422.114193396045,4.03481452898308,15.9385480843479,0.578301010907325,0.553019968193384,3.82921375442128,3.58884077097771,0.0065341588444488,0.0005459862788861,0.0002838983666703,13.338399072444,44.6562800586146,15.0
8.135416666,30.0200095686946,1.3089716976929,1151.4577648068,56.7483084710995,2419.44679805203,129.335588623592,424.782422125476,2.61317617908735,14.3989429835622,1.70653372376161,0.574717677005795,4.13948404730881,3.76312053559651,0.0213957757746821,0.001649630507198,0.0008854186846007,13.4153180494809,44.9545996206108,15.0,3170.04411127471,62385.0,240,30.0170405394416,1.15048410016998,1146.16851140549,49.5265685624649,2408.00520538985,128.846567950835,423.400388795579,4.33623107384225,16.0774718423163,0.464695810277493,0.540055188933288,3.72350938268831,3.56538267650368,0.0052206480562975,0.0004437106609739,0.0002287467613274,13.3352398704123,44.7861120032055,15.0
8.145833333,30.0204480227934,1.25899228748578,1153.26399093588,54.5471620795033,2424.19833226517,129.656022868747,425.844871520713,2.85794316535327,14.6524338403523,1.40760316849911,0.560990874425082,4.01307961687156,3.72412323479939,0.0170043837417976,0.0013424936274366,0.0007176917355811,13.4065705282273,45.0662070796147,15.0,3174.43244006222,56735.0,240,30.0182290878705,1.10876225855881,1148.51545002527,47.7302408870949,2413.72990165155,129.185668610023,424.618535692577,4.63092380659932,16.1823412963493,0.370793288144339,0.527112204600342,3.6188610200922,3.54759536170023,0.0041536583081318,0.0003572867338526,0.0001821938506993,13.3329292521761,44.9041204922246,15.0
8.15625,30.0210481512956,1.20911246451424,1154.51626062567,52.3445008556078,2427.54977918157,129.905742103188,426.729615880558,3.16448089987042,14.868723858222,1.12540725340165,0.547394407477525,3.88646700300237,3.69169783773779,0.0131897628561186,0.0010717782863979,0.0005703092490046,13.3987225545415,45.1533055933275,15.0,3177.14940317994,55185.0,240,30.0191227918576,1.06756626982384,1150.44664701425,45.9344958733261,2418.37125791374,129.473464598305,425.717351807731,4.9293876676795,16.2586260643204,0.293806046421059,0.514179688948075,3.51410236428583,3.5350868617089,0.0032887286583701,0.0002845431146398,0.00014309904777,13.3307137261257,45.0043898340128,15.0
8.166666666,30.0217380029471,1.16182475658895,1155.40151117304,50.2490606261658,2429.89161671918,130.100961902758,427.500552666081,3.49689857993427,15.0062456103768,0.891705376605064,0.534263303397514,3.76584251012891,3.67122166989514,0.0102247960736882,0.0008553162070418,0.0004526190967512,13.3924822861202,45.2215333481279,15.0,3178.77392732651,52365.0,240,30.0199094064166,1.02884480846422,1152.01309956853,44.2290698071415,2422.03066069842,129.714760451127,426.705946034297,5.1921361999801,16.2947902797989,0.237533176192166,0.501734786890932,3.41437756401964,3.52904173599956,0.0026611742987569,0.000229536489667,0.0001135783988537,13.3291534010085,45.088564995713,15.0
8.177083333,30.0223782876218,1.11659242163414,1156.02217956688,48.2360141528716,2431.45005351689,130.254093122079,428.195754624102,3.85291981182906,15.079006682725,0.698078035102622,0.521562399166569,3.64980358882671,3.6608844173053,0.0078838768957805,0.0006788673401252,0.0003568167536565,13.3860131375466,45.2752041284021,15.0,3179.57497433342,50000.0,240,30.0206259210874,0.992178892374122,1153.24439447426,42.6000940446227,2424.76754109268,129.912668431698,427.594383102573,5.42695398216383,16.298314091024,0.195171035977191,0.48974379925722,3.31887188733053,3.52852049628267,0.0021909001829482,0.0001862793850897,9.03826138588498e-05,13.3276519150399,45.1577270905891,15.0
8.1875,30.0229135890741,1.07947919195763,1156.48576441617,46.561701040678,2432.43082225301,130.372143826751,428.841655082704,4.11424646798838,15.0082894040744,0.597778019715527,0.510144401907084,3.55316578555147,3.67061376198731,0.006695856119869,0.0005939015192249,0.0003114179907534,13.3894790542191,45.3167198647703,15.0,3180.00660486306,56290.0,240,30.0213277487856,0.961708898822218,1154.27749805424,41.2398328507223,2426.90541098816,130.084520395632,428.417146292706,5.57607352532917,16.233452878355,0.175823862038386,0.479362727694932,3.23893126917875,3.53716042418699,0.0019734168503223,0.0001661979281258,7.95529001971951e-05,13.3280507514109,45.2178426630238,15.0
8.197916666,30.0228102404069,1.04751845265312,1156.76338912793,45.1091777605828,2432.81495331395,130.46326800851,429.429132813283,4.30800339645198,14.8843057794103,0.520739935660132,0.500338036265659,3.46898583729346,3.68860370828027,0.0058041353464479,0.0005243995222972,0.0002740261621367,13.3864375745516,45.3488642307398,15.0,3179.94658894125,52180.0,240,30.0218805676421,0.935761494149992,1155.09828433624,40.075971892921,2428.42282250327,130.230461746777,429.17259134101,5.67870324208102,16.1213843450334,0.162066244666545,0.470382874147568,3.17039182334161,3.55239641201677,0.0018193435884728,0.0001520926589476,7.19650539563231e-05,13.3280516553992,45.2689535968834,15.0
8.208333333,30.0220897690593,1.01768892218436,1156.7557324542,43.7445829600071,2432.42358157916,130.517189278239,429.921635574862,4.51435021188092,14.7517305184336,0.453495599228424,0.491151606849154,3.38933809955585,3.7097126926695,0.0050357698315555,0.0004659723466077,0.0002430488823141,13.3824463796661,45.3680856705489,15.0,3179.04810563776,54880.0,240,30.0220785670107,0.912042411569657,1155.67576848789,39.0071321268953,2429.25704739457,130.345873195851,429.853284946789,5.77998419594991,15.9856479015999,0.149791061877472,0.462172702082013,3.10719328934871,3.57186867197968,0.0016820267109619,0.0001387515320651,6.48172721851105e-05,13.3273288462241,45.3094743581964,15.0
8.21875,30.0209235085319,0.992957329249104,1156.3530178566,42.5899286163127,2431.02834430189,130.520751267478,430.268777717541,4.64928280975277,14.5827866900971,0.416445522667847,0.483133300751253,3.32128386798117,3.73740855847146,0.0046124416715351,0.0004365600223898,0.0002278969953212,13.3810856524023,45.3697802862226,15.0,3177.09795003453,56250.0,240,30.0218744780919,0.892366846715987,1155.9922303885,38.1123804978531,2429.402072146,130.430096794236,430.443285440132,5.84598983224444,15.8120203678059,0.143481615232083,0.455202176182404,3.05398942636936,3.59720043818955,0.0016100117016586,0.0001324260294065,6.14290569060233e-05,13.3273328467896,45.3391441996673,15.0
8.229166666,30.0193194254755,0.97247844879932,1155.54181138402,41.6098564500277,2428.6327962995,130.475648454939,430.462621866216,4.73371266419028,14.408155861627,0.397644545089733,0.476272431023985,3.26271640449632,3.76764896109651,0.0043954348658117,0.0004249918721505,0.0002223789562257,13.379282234109,45.3545301415787,15.0,3174.05794844722,58700.0,240,30.0212294235615,0.876058375277956,1155.97569950781,37.3591372347974,2428.71963017111,130.475551910112,430.914283471486,5.88842356569587,15.6157173661894,0.140511405829969,0.449325911089117,3.00879667641734,3.62671775320444,0.0015746810492391,0.0001300578230119,6.01539443150018e-05,13.3273514497232,45.3553221184954,15.0
8.239583333,30.0173952590706,0.954486658629302,1154.3924507826,40.7350212197161,2425.41945886117,130.392842064114,430.528311987041,4.80282511576186,14.2657199653277,0.380992994896498,0.470300345429176,3.20961662625089,3.79532234690893,0.0042047952883807,0.0004129981698699,0.0002161750897087,13.3744964311742,45.3261497947563,15.0,3170.09567603205,57810.0,240,30.0201577464107,0.861841916658163,1155.60011347208,36.6900238530072,2427.16500026408,130.47961661046,431.256406088274,5.92413220304042,15.4226601979331,0.137725485333149,0.444183935225536,2.96814606929946,3.65736661170269,0.0015419438396677,0.0001277906738498,5.89119156487189e-05,13.3268136653112,45.3571003034428,15.0
8.25,30.0154681302667,0.939219068776773,1152.95386244257,39.9727529694166,2421.50813642326,130.277188749477,430.481204742437,4.85360269099904,14.1501316747055,0.373293106933705,0.465002031022893,3.16259359579978,3.82083416017249,0.0041135296354592,0.0004114223549073,0.0002158358233562,13.371136545206,45.2863392481184,15.0,3165.35961343146,60620.0,240,30.018744618473,0.849620209958871,1154.87260965446,36.1006953363605,2424.77269927802,130.443697015864,431.468747505308,5.95247366209017,15.2428463112695,0.13637408977618,0.439696554968983,2.93178226414164,3.68783077671687,0.0015248813643167,0.0001271641335077,5.85514945999346e-05,13.3263147156821,45.3449680570297,15.0
8.260416666,30.0135979663661,0.92805020679845,1151.30374563877,39.3849187163183,2417.07512221386,130.137616215807,430.345805220447,4.85402585458765,14.0453474579872,0.379520178810512,0.460805425664481,3.1254086025742,3.84589593591228,0.0041766880224179,0.0004238478925668,0.0002230374620541,13.3690009477775,45.2381929289911,15.0,3160.11405070064,62890.0,240,30.0171013753314,0.840330093111971,1153.79899961579,35.6322954046251,2421.58140121062,130.36979497922,431.547416071517,5.95832270465191,15.0726905986204,0.13805599010257,0.436144124690103,2.90221468751192,3.71832174840121,0.0015408530940785,0.0001305998676359,6.03510596898706e-05,13.3262287579003,45.3196096989075,15.0
8.270833333,30.0118962529992,0.916193889472804,1149.68984013492,38.784823977172,2412.67483630994,130.004986569473,430.222898309819,4.91088772307218,14.0062450549929,0.361571221924851,0.456980447903115,3.08732542878268,3.86275626038347,0.0039763736592737,0.0004046412154738,0.0002119731671624,13.361541543541,45.1924549195341,15.0,3154.92738016565,56995.0,240,30.0154387603015,0.83084266142842,1152.53968499642,35.1527446437503,2417.92038377545,130.27450292102,431.559354521046,5.98785750938683,14.9510850548845,0.134619915839924,0.432660279473318,2.87166161654709,3.74377980891057,0.001502374321388,0.000126929257973,5.82979040827575e-05,13.3249742784468,45.2868220418604,15.0
8.28125,30.0109076368074,0.903436351697059,1148.20686611158,38.1543319332532,2408.50173748149,129.885947087208,430.151003989327,5.0163278885626,14.0029049642513,0.336424316566714,0.452824497716185,3.04769139958069,3.8749207026984,0.003696897601975,0.000380965526646,0.0001991252361233,13.3568478541399,45.1514545972666,15.0,3150.03850590009,57240.0,240,30.0139460529084,0.820608083677064,1151.22397716993,34.6410849285,2414.06730883356,130.171074742314,431.553758462637,6.04084640792633,14.875122047357,0.128955947706939,0.428954569995793,2.83903519825757,3.76424196732645,0.0014397273324261,0.0001198511877283,5.448713180947e-05,13.3237570529626,45.251226813292,15.0
8.291666666,30.0106498805147,0.894460676757595,1146.84811879247,37.6867981178936,2404.52815526972,129.777798848689,430.120662731353,5.04721111585881,13.9686708432747,0.335273077878654,0.449401891454148,3.01802845859591,3.89070993420936,0.003679950686172,0.0003856683437579,0.0002022164558357,13.3574180456816,45.1142167458739,15.0,3145.5568128795,60450.0,240,30.012759699461,0.812750129261094,1149.83507641441,34.2323257744953,2410.01976609044,130.05953815477,431.514592152494,6.06374396504236,14.8045032944159,0.128316907526805,0.425933755453109,2.81255327688708,3.78435335625262,0.0014311118796047,0.0001199013273055,5.45085558488375e-05,13.3237835853623,45.2127997403657,15.0
8.302083333,30.0104936809656,0.889183735113027,1145.69109858011,37.3863999689658,2400.9356352059,129.692075032375,430.161549304165,5.0234627180105,13.910868194027,0.345478129989663,0.447164291705393,2.99845356202524,3.90891489385173,0.0037886646048304,0.0004008602696916,0.0002107716807602,13.3577837739059,45.0847352096179,15.0,3141.71361997585,62145.0,240,30.0119326726371,0.807614557481466,1148.45288724573,33.9441652303874,2405.95935874638,129.949843207562,431.471093323024,6.06009550326696,14.7313946048205,0.130572033483492,0.423833224051784,2.79339860847724,3.80468893450449,0.0014540430147395,0.0001240144410872,5.66674008350997e-05,13.3241005333119,45.1749834543308,15.0
8.3125,30.0100277456818,0.88308227201207,1144.71115901103,37.0680063406322,2397.69736600978,129.628356627616,430.272304627154,5.05301358839065,13.8836672957247,0.334946996766177,0.445223097609539,2.97785621253171,3.92261572285747,0.0036726422511788,0.0003882257786418,0.0002033488593952,13.3537387468089,45.0628938261466,15.0,3138.33006483177,57500.0,240,30.0113082509586,0.80243512167484,1147.22283556785,33.6610837980078,2402.17915917085,129.856783310027,431.48711141277,6.07553930892573,14.6780089177377,0.12868024794998,0.421878441548287,2.77468295402101,3.82226293661667,0.00143296453787,0.0001219619049707,5.54946729548919e-05,13.3234717651478,45.1429434941408,15.0
8.322916666,30.009675717431,0.876279354106654,1143.75273899878,36.7211339042867,2394.4805764888,129.565762099549,430.394131153318,5.11655730798543,13.8697348747123,0.320716873718667,0.442987074643802,2.95567797189996,3.9343323365715,0.0035154508500737,0.0003751615734122,0.0001963781121151,13.3516282025982,45.0414592141581,15.0,3134.96685139417,58585.0,240,30.010762435512,0.796878546366021,1146.1201908241,33.3668466859033,2398.63150117157,129.776706766069,431.554167484911,6.10690830658163,14.64065355817,0.125425937122111,0.419837457486969,2.75539172682781,3.83760149626519,0.0013970576890159,0.0001177601079751,5.32488703175467e-05,13.3228651264671,45.1154248378636,15.0
8.333333333,30.0095778611347,0.87115273565422,1142.78083802599,36.4441795318078,2391.20679622691,129.50003690802,430.509353285354,5.14220179498732,13.8414748078722,0.317093191359526,0.441114711656611,2.93777617068954,3.94748452518951,0.0034737556111553,0.0003738577293776,0.0001958083645533,13.3515048331538,45.018926373947,15.0,3131.59509776402,58755.0,240,30.0103389489272,0.792440491863406,1145.05600011374,33.1227114021161,2395.14662467805,129.700621191369,431.633785870933,6.12369144890339,14.6021181442293,0.124407363606603,0.418132539794201,2.73919245222883,3.85280130415026,0.0013851976735057,0.0001169365471522,5.28040101005441e-05,13.3228102511729,45.0892870512294,15.0
8.34375,30.0095441321444,0.866328558846226,1141.88479922249,36.1848182971925,2388.07430924319,129.443304807119,430.654574094722,5.1683603425774,13.8189545979604,0.311751101200036,0.439488155602894,2.92106224380517,3.95932324395795,0.0034139487649507,0.0003684755802347,0.0001926548298779,13.3505354251038,44.9995008187744,15.0,3128.43097986262,57445.0,240,30.0100540419262,0.788327900185138,1144.04741882624,32.894954790701,2391.75640374374,129.630283613901,431.735196857755,6.139620040989,14.5689168085912,0.123095178761579,0.416577719898763,2.72408052160905,3.86694263924157,0.0013703591470657,0.0001154719865528,5.19824321547412e-05,13.3226374002375,45.0651416611978,15.0
8.354166666,30.0094783658916,0.864881111445737,1141.02432846528,36.0629893575937,2384.99780099865,129.389835965243,430.807990300605,5.12888581239893,13.7680174479871,0.329089969991822,0.438520578710144,2.91257892413906,3.97434739776272,0.0036000790503223,0.0003933737408194,0.0002068695240411,13.3529822404789,44.9811806325299,15.0,3125.44809428992,64295.0,240,30.0098542199402,0.786489619414726,1143.05114437213,32.766101246316,2388.39646377895,129.562744615285,431.835447909401,6.1289060586336,14.5221707664413,0.126265705199965,0.415741613432067,2.71500284507645,3.88226116587229,0.0014034836594366,0.0001205686928809,5.47004254256498e-05,13.3231263117095,45.0419406422674,15.0
8.364583333,30.0088474591612,0.865335280546048,1140.14552684914,36.027281658785,2381.88448879854,129.337397932842,430.949458296272,5.06365277621504,13.7257232327492,0.346053491388552,0.438471090893264,2.90896660876123,3.98779243078568,0.0037840635706308,0.0004104752421766,0.0002156325183378,13.3521117153729,44.9631745458648,15.0,3122.48049606108,61750.0,240,30.0095985322739,0.786360423639683,1142.0799587349,32.7125610433543,2385.0962553944,129.500186947202,431.940780459941,6.10307840065279,14.4719603858747,0.130108582487869,0.415543560537198,2.7104954865273,3.89739492156218,0.0014443527955808,0.0001265100485719,5.77582218132745e-05,13.323328829065,45.0204354002067,15.0
8.375,30.002598437777,0.882861774271461,1138.69186543438,36.6452417439183,2377.5627850782,129.212366889401,430.83266718391,4.67957317957676,13.5280915776325,0.492984766559457,0.441637913352929,2.94269808065389,4.02217040151608,0.0053964900591363,0.0005997921621652,0.0003242679539266,13.3636691031096,44.919910412087,15.0,3118.39862755642,100925.0,240,30.0083689782194,0.797934083229274,1140.81867167709,33.1504945123403,2381.30319802507,129.414010583017,431.898198792381,5.91773579401074,14.3338869042722,0.165365917726999,0.418828841512276,2.73516660921686,3.922670440596,0.0018208414497016,0.0001769228485172,8.50058135380981e-05,13.326897821323,44.9905990822179,15.0
8.385416666,29.8359245458551,0.923706828787418,1133.7844342726,38.0447890283474,2366.13600853768,128.689056321404,429.346105552813,3.89852701889402,13.1562506283418,0.819933530200283,0.451522318258011,3.01562783448637,4.08721860047575,0.0091543035902698,0.0009848067903216,0.0005470973865119,13.3387524167128,44.7384038053604,15.0,3105.55409813865,140100.0,240,29.9622495178534,0.833691040317391,1138.0537276385,34.5614193480589,2374.5795896048,129.172543259546,431.208810437221,5.34678336812391,14.0387364427368,0.285097708080663,0.429337270397519,2.81520761395942,3.96877296441235,0.0031096694103602,0.0003316448532169,0.0001696092011653,13.3274955415287,44.9066282935109,15.0
8.395833333,29.1330243766301,0.961147606088588,1115.94945815143,38.6810638521211,2327.93344592136,126.707504026584,422.935215401198,3.35525571908074,12.9206554864947,1.13000878432236,0.466968576733955,3.03055427623336,4.15671786202223,0.0130339966450532,0.0013592543533769,0.0007687057347726,13.2305057716324,44.0509379297803,15.0,3057.19321896185,179275.0,240,29.5931410434721,0.878126757817716,1128.18879074553,36.0721791772171,2353.22123591478,128.132633002013,427.786038402679,4.67017276952814,13.7477541267212,0.467756309698801,0.444046925705635,2.89201806780116,4.02796292992609,0.0051097898380579,0.0005382030523992,0.0002851600317958,13.297697725376,44.5456021837473,15.0
8.40625,28.1950786238142,1.01816848480696,1086.41298125597,39.5095494792907,2265.17686234411,123.36589884144,411.840014407531,2.91753495973513,12.80345864205,1.62471276293915,0.501730453423594,3.05184035089769,4.22393668657848,0.0198693859028472,0.0019414553405158,0.0010943546813075,13.1115539270695,42.8912155565527,15.0,2976.89739141367,218450.0,240,28.7499274779796,0.925204847041089,1103.5136486527,37.1150063606361,2300.94209867422,125.394632467928,418.631068745267,4.04979949426313,13.5969780575504,0.762877502077517,0.465985990043149,2.92920583025042,4.09129515523541,0.00839913018824,0.0008364941806791,0.0004488543335625,13.2445785788698,43.5952898115699,15.0
8.416666666,27.378682991259,1.0894883078192,1065.8433262693,41.3359536995725,2221.08498403893,121.015756324763,403.904408452271,2.58421341535239,12.7139289040585,2.20486171147913,0.538465326749854,3.1434040995293,4.28166995333364,0.0290881394431787,0.0026108382797894,0.0014584703196897,13.0564199026388,42.0755781352076,15.0,2921.44500519004,223745.0,240,27.8596023676824,0.983959595336356,1078.01905417765,38.5585749778407,2246.79004308216,122.528325906174,408.914877589662,3.49988551962051,13.5982234713633,1.18754809354337,0.49378516740133,2.9934927309625,4.1392945053712,0.0133246508783703,0.0012214178560115,0.0006543514531186,13.2107730200981,42.6004313343047,15.0
8.427083333,26.6507987780682,1.1722081948602,1050.55510274759,43.6389412664201,2188.20477205029,119.247950519619,397.860517290689,2.34810717313187,12.5490161034448,2.84538200627663,0.579030353750752,3.26884956122748,4.34051671763273,0.0415908575103365,0.0034384976224538,0.0019010652855197,13.0573248260112,41.4619897332066,15.0,2880.72695520586,236245.0,240,27.0572667171507,1.04904061396273,1059.40344727112,40.4277112108947,2207.08821176904,120.418311695893,401.665438074551,3.10793588983647,13.5841390009459,1.67111978294539,0.523366497986827,3.09067843138323,4.18322885044251,0.0193493534933697,0.0016702757729329,0.0008937630239892,13.2044155245772,41.8682234672267,15.0
8.4375,26.0811378321038,1.27757514589993,1039.31269187048,46.903396524152,2163.51962938165,117.870797635523,393.072654243651,2.11645985701608,12.2427654345819,3.72312758927505,0.630920604057161,3.45975305123415,4.40692040872751,0.0634305767169095,0.0047524079956173,0.0026008902109613,13.0819568324049,40.983367778883,15.0,2851.24690307575,247520.0,240,26.3855105769331,1.13021288162993,1045.38122383995,43.0689488293435,2176.94200130519,118.775823302836,395.943731903741,2.73563087988658,13.4255043547851,2.37436214835435,0.56137082454851,3.24035981544345,4.23682652811697,0.0293034572881498,0.0023904764186638,0.0012815291303591,13.2113716826687,41.2981553946109,15.0
8.447916666,25.652191293917,1.40397531243572,1031.36000206535,51.1288887756807,2145.06107216793,116.771958260094,389.175097526296,1.92096124286241,11.8054724082219,4.75698786518307,0.690198131895231,3.71933302328021,4.48192917452065,0.0962772114951107,0.0065339067814245,0.0035518217630149,13.1182272016199,40.6003228672751,15.0,2830.57300624697,259340.0,240,25.8720497705926,1.23000175257248,1035.47178043103,46.6406369995539,2154.94232997301,117.510723489511,391.455145268368,2.41259900689617,13.1064378765728,3.30316160217652,0.607535860765555,3.45545270374538,4.30228637606426,0.0457749107124158,0.00349605760636,0.0018768573398312,13.2265418303069,40.8584933131481,15.0
8.458333333,25.3204774769251,1.53342233007912,1025.73018645563,56.0681203770942,2130.60776731533,115.837701632508,385.797410319769,1.78625501631318,11.3023360192783,5.77448507908907,0.745642601012376,4.033335102359,4.56029728836996,0.133058036131068,0.0083646178643811,0.004546362762487,13.1622562874888,40.2734305395178,15.0,2815.73596247989,260630.0,240,25.4861576155698,1.34013963083715,1028.52020410534,50.943260833086,2138.38898857447,116.479321388418,387.73107458086,2.18088133942321,12.6729312947081,4.31167506817548,0.655639358517542,3.72561153064881,4.37551925806855,0.0693532499555568,0.0049163424814079,0.002636739203085,13.2486921117136,40.4988935043824,15.0
8.46875,25.0254575609112,1.65294609689619,1022.71472250673,61.3128499765285,2121.19082236198,115.145462804977,383.212731676556,1.70031723093566,10.8143886053892,6.57422922886177,0.783954360235376,4.36789674731228,4.63514201158657,0.163123345229725,0.0097596183113274,0.0053247768971676,13.1999027774368,40.0300443428639,15.0,2807.70497525223,259545.0,240,25.1729925816066,1.45071362777443,1024.15558870962,55.6148408739965,2126.65193375396,115.666253499136,384.728133477647,2.03189778257262,12.2084461738397,5.19230846340859,0.695868840355462,4.02395873918328,4.44857974066436,0.0956687255840007,0.0063481211373121,0.003403381148075,13.2712437539714,40.2139897355694,15.0
8.479166666,24.7273927938616,1.76460846487525,1022.78031992961,66.7001183176946,2117.96026363544,114.771051003966,381.685065742755,1.63770818459078,10.3786728954644,7.03058963886656,0.80808923682628,4.70923808826274,4.70344571132616,0.182430416743896,0.0106154137537753,0.0058238097034549,13.2200110210838,39.8968082754632,15.0,2807.84522017869,259635.0,240,24.87490281654,1.55909626391544,1022.76909686218,60.4924690724893,2120.82392934924,115.147056321106,382.709194487525,1.93040705311777,11.7560633053461,5.79896626050349,0.727045646482095,4.33451379151102,4.51847759536194,0.118370480388017,0.0074936593551196,0.0040288858186284,13.2862816349756,40.0304495317317,15.0
8.489583333,24.4250822499171,1.8704792702078,1024.54684503751,72.0633891283235,2117.96162808085,114.557567147542,380.69629531489,1.59001260989597,10.0103259709176,7.15591841932817,0.825235801865206,5.04848517993642,4.76424386058443,0.191328390491562,0.0109923014929974,0.0060625459890558,13.2269661209932,39.8193759436897,15.0,2812.2338254896,258595.0,240,24.5743815902089,1.66417192159942,1023.72759466055,65.434097151898,2119.57979587436,114.858700037682,381.467690251225,1.85762716464903,11.3514651633653,6.07154768236741,0.752315588158902,4.64827040721584,4.58260317704839,0.132584319686577,0.0081694335591023,0.0044129207564518,13.2938898952025,39.9268710967404,15.0
8.5,24.1202926590964,1.96642793682234,1026.93831306152,77.1476508835639,2119.23317571472,114.400269659962,379.899991041598,1.55361068374665,9.70148039213306,7.14233777883356,0.839116452978038,5.36851742796563,4.81773798946886,0.194345024371915,0.0111008168942205,0.0061454271912076,13.2328083888078,39.7613681696037,15.0,2818.03557639822,254630.0,240,24.272502281209,1.76223605896547,1025.76135806563,70.187418915807,2120.41114387602,114.670268996193,380.566208908587,1.80451315609637,11.0140448209483,6.11721642711504,0.773901209913548,4.94941163096258,4.6388002895036,0.138866030639456,0.0084402459131395,0.0045781496911417,13.2993097569456,39.8580069458508,15.0
8.510416666,23.8138307153767,2.0295002934228,1029.84484651575,81.2836609549602,2122.34627428988,114.34599146095,379.445564619983,1.5435734855583,9.49624739797735,6.98841528471134,0.843075184471781,5.62356267338498,4.85698855977174,0.191641895341626,0.0109448830588896,0.0060642735883935,13.2494976672938,39.7393002231312,15.0,2825.25422854849,235195.0,240,23.9749827397176,1.83884432203494,1028.31529845704,74.1240097762703,2122.77933979463,114.568919213181,379.949636149616,1.77665572894687,10.8045797289742,5.99654154289641,0.787673637138284,5.19676989960054,4.67788023187999,0.137666082591239,0.0083488820663195,0.0045386871150689,13.3087182427584,39.8196039860908,15.0
8.520833333,23.4698808054173,2.07150108749199,1033.8632746555,84.2205357889362,2129.46226123674,114.526511340107,379.784949961112,1.53963678633898,9.35631592558949,6.65999765012331,0.83545789110656,5.78789856905714,4.88644193772132,0.1827521966548,0.0105246165170601,0.0058318092806142,13.2628332372283,39.7994335975356,15.0,2836.24272493494,229220.0,240,23.6587534049899,1.89358763326737,1031.65271135506,77.0271238392669,2127.98589332015,114.635155716094,379.89780994718,1.7648509602289,10.6827867795419,5.71231835280977,0.791559576605938,5.36919373265945,4.70480321298985,0.129747846702772,0.0079360998063822,0.0043197646987589,13.3169301023658,39.8399790770783,15.0
8.53125,23.1059071544227,2.10267808541643,1038.92346350503,86.4090767797494,2139.66111873925,114.882601200319,380.720319936624,1.53424188455013,9.2355231216855,6.2613583444282,0.828810223054599,5.90167646104736,4.91155874857729,0.171523267889424,0.0100068992729616,0.0055477061383551,13.2651372098647,39.9211855506327,15.0,2850.38832428371,225870.0,240,23.3075991850561,1.9337761214001,1036.16857468782,79.259696283697,2136.77600847882,114.904513742214,380.542299544962,1.75921881918417,10.5657759452533,5.33613983161,0.792024454580764,5.49074996411848,4.72974863714568,0.118686670411655,0.0073679022165499,0.0040156832917449,13.3186442361031,39.9315830334075,15.0
8.541666666,22.7611740076499,2.12504152128297,1043.43460082062,87.9762481272908,2149.01390569186,115.196467345634,381.524257492689,1.53323206109458,9.13102524275868,5.87990073289765,0.823956438747809,5.98077142409085,4.93435813974371,0.159820260980557,0.0094563992117509,0.0052429538611982,13.2625869793205,40.028838820151,15.0,2862.88073872368,223915.0,240,22.9569144606676,1.96233715392263,1040.90587563864,80.9236823049806,2146.52948768825,115.231506332433,381.391875329531,1.76180471768078,10.45664421788,4.94639356160606,0.791660851484373,5.57754418191944,4.75309188613173,0.106696962317395,0.0067380661106861,0.0036753407747824,13.3170257522562,40.0438199162275,15.0
8.552083333,22.4402990375545,2.14058744506776,1046.82029829232,89.0255639578674,2156.30473905453,115.400085172979,381.972940899625,1.5370955943232,9.02836922579357,5.54270036702871,0.821166955064896,6.03083409856856,4.95682035623166,0.148675270552921,0.0089188537871826,0.0049434644722041,13.2601506502492,40.0987327224636,15.0,2872.21677007484,222220.0,240,22.6250565898583,1.98197078374402,1044.84157087591,82.086857126949,2154.89551124414,115.486807512741,382.015004826547,1.7725315718145,10.3510290506671,4.58981860316482,0.791317157806738,5.63575966484089,4.77595637246309,0.0954894613234557,0.0061314973046963,0.0033453702381039,13.3145972118071,40.1316709199599,15.0
8.5625,22.1437129708968,2.14315726530321,1049.3603976158,89.4549164631931,2162.21437871088,115.533616996317,382.1949339709,1.55292463228856,8.95050070393884,5.22796083070565,0.817533707894855,6.04580551879196,4.97568931265378,0.136925519934442,0.008335535423779,0.0046150114355072,13.2629674271649,40.144835441031,15.0,2879.17730939859,213810.0,240,22.3191830901355,1.99013774697067,1047.81084864983,82.642143944254,2161.58328924546,115.65770957761,382.362835721073,1.79640753163048,10.2756732001599,4.2546579005504,0.789766469088888,5.65947243302899,4.79453108252884,0.084506417323015,0.0055176364516089,0.0030086904312855,13.313971347173,40.1907154610128,15.0
8.572916666,21.8434088665311,2.14767511089306,1051.71437630526,89.6412311438936,2168.12201704824,115.668480415949,382.442616875084,1.55832879716355,8.82494995304987,4.96107570835111,0.813230216931244,6.04461191018512,5.00050045466684,0.127583718301394,0.0078687345672953,0.0043558069565445,13.2584946188263,40.1918636165435,15.0,2885.83543905374,224700.0,240,22.0184657507277,1.99485095552915,1050.31461121506,82.9667612272541,2167.60818624237,115.793099965814,382.613302352038,1.8177526374089,10.1527181212695,3.97983905155393,0.787180559236141,5.66859180659756,4.81930168526137,0.0762539168996767,0.0050471153001269,0.0027519573012417,13.311257942329,40.2377935885933,15.0
8.583333333,21.5821497220956,2.15186374857521,1053.4187272031,89.8904736319705,2172.40095769109,115.708759703292,382.379904007824,1.56677415330289,8.69430489461337,4.75443092075927,0.81456996633333,6.05351168609315,5.02575231761031,0.120329476828639,0.0074995049939742,0.0041513604625753,13.2519113538881,40.2063291119295,15.0,2890.50386351191,220565.0,240,21.7323225528315,1.99843493119838,1052.46119961408,83.2599060926488,2172.93116044257,115.887668704982,382.740603429743,1.83731999300445,9.99684629573611,3.7633852066554,0.786834633055295,5.67793823626367,4.84799975513715,0.0700000548255075,0.0046844382890146,0.0025547014523489,13.3065985218325,40.2710351451293,15.0
8.59375,21.355652025986,2.14881371402426,1053.898115382,89.7968452304946,2174.22429593884,115.617985438692,381.886788381892,1.58537090663655,8.59245212636304,4.5697434193303,0.813430970324724,6.0440754864731,5.04787115016295,0.112590781001023,0.0070912518558818,0.0039212520009699,13.2545377704156,40.1755611119912,15.0,2891.69969361293,216600.0,240,21.4918618667949,1.99671511239507,1053.51732092335,83.2363580408585,2175.92221381424,115.858333455097,382.453468780424,1.86698885192368,9.88921648449698,3.56499130231619,0.786043844781944,5.67295288549014,4.87062273902211,0.0639743269021399,0.0043224843797599,0.002355039383296,13.3061734978911,40.261506421801,15.0
8.604166666,21.1206921427916,2.13656631804209,1054.85841162337,89.3292609211635,2177.51598682067,115.613488417881,381.68827263995,1.61077974691518,8.50853381791406,4.35812885670241,0.808408293202777,6.01046439800633,5.06695421290996,0.103759102405913,0.0066221210917197,0.0036583705312606,13.2583517177873,40.1751429503027,15.0,2894.38542253,211235.0,240,21.2614253813667,1.98792289523869,1054.25375288936,82.8588536880774,2178.55119095761,115.8153651966,382.12725587504,1.90586299429625,9.80614095225681,3.36016122711549,0.782616246112097,5.64627182106096,4.88971040241635,0.0579216533307447,0.0039527949484575,0.0021508974307128,13.3067534285359,40.2475163431475,15.0
8.614583333,20.876055742329,2.11744123579438,1056.61760723801,88.5554114997137,2182.80694165283,115.725344401571,381.88425162496,1.63978064936053,8.44112352396121,4.1209277622896,0.800098137181439,5.95809959958651,5.08347458791029,0.0942586318307333,0.0061108717229572,0.0033739228343335,13.2583417452063,40.2155436623866,15.0,2899.35382505961,209375.0,240,21.023977658473,1.97236967518119,1055.60451608827,82.2027624523756,2182.80238226783,115.8672075944,382.125686411852,1.95307462178762,9.73366560468284,3.13601887555974,0.776528189609246,5.6021303840884,4.90687195458444,0.0518011824352285,0.0035736747708471,0.0019421935730706,13.3060252291584,40.2667901979648,15.0
8.625,20.6318148066816,2.09548271307217,1058.54847906505,87.619617701869,2188.54045011446,115.870038632039,382.199159614985,1.67218599554536,8.38827659085601,3.8674113673645,0.790296235287315,5.89668986585504,5.09845209448503,0.0847851084415453,0.0055941687910843,0.0030889759126393,13.2504605265907,40.2677254044309,15.0,2904.78410289962,209315.0,240,20.7802727296599,1.95289633819407,1057.41225821375,81.3977007114351,2188.18550712775,115.987406004802,382.364299715114,2.00654148103092,9.65966047833611,2.90504178946858,0.768850527175802,5.54889173127399,4.92422388390378,0.0460399839515395,0.0032123865036536,0.0017443011779189,13.3021029880587,40.3101408052254,15.0
8.635416666,20.4021955643425,2.07062086347001,1060.09943344303,86.5255904911611,2193.43001014803,115.979173920378,382.404153026118,1.71386174354081,8.36731535995821,3.60603742231315,0.780403528619597,5.82751059863135,5.11014283149583,0.0751218869765978,0.0050519515198248,0.0027901006027461,13.2399405462588,40.3079146814525,15.0,2909.05970678263,206180.0,240,20.5442087271584,1.92995813639434,1059.13871444373,80.4325965706257,2193.41563307771,116.108812808986,382.617592946518,2.07310460240426,9.6076955644046,2.6616918502868,0.760567589407429,5.48720261327113,4.93926289180446,0.0403898454204944,0.0028494057182353,0.001545115172968,13.2965484941445,40.3542496620526,15.0
8.645833333,20.1792726935158,2.04505070429554,1061.2892716451,85.3149331838471,2197.58778295285,116.057462330634,382.519928795758,1.75704911540976,8.35315315236326,3.36930979723958,0.770767667087021,5.75165239617651,5.12144817940056,0.0668637992965399,0.0045774319256284,0.0025291640954863,13.2290125667364,40.3376207548746,15.0,2912.33024974729,207365.0,240,20.3179113115389,1.90512792767679,1060.52179725203,79.3571173466633,2197.90920734859,116.199129770725,382.781273742912,2.14768723211773,9.56668048659917,2.43295438629452,0.752182073152182,5.41959988266759,4.95363744028261,0.0355150873721563,0.0025322554807313,0.0013715090045214,13.2908276751862,40.3878228932647,15.0
8.65625,19.9668470604264,2.01749205772839,1062.2630053866,84.0376230466736,2201.28634413271,116.117488820785,382.584233466905,1.80274985554332,8.34777487388471,3.16944083121269,0.762559642714606,5.67279333014222,5.13154714383553,0.0600448557512894,0.0041764187073659,0.0023086373187132,13.2203075693458,40.3611336868837,15.0,2914.98737140542,204110.0,240,20.0993924465902,1.87845730851819,1061.64101140965,78.1953061028235,2201.85823853007,116.267902979564,382.885020069244,2.22596637068127,9.53340859408694,2.23386325617673,0.744227070621784,5.34734313203795,4.96726036496304,0.0315271738926393,0.0022682640625428,0.0012268330979881,13.2858952044576,40.4141098733875,15.0
8.666666666,19.7622217698159,1.98728062676091,1063.05380476176,82.6341674699771,2204.66360267067,116.167284252904,382.624193903873,1.85051546524031,8.34927293888741,2.99478249475579,0.754166916620915,5.58696857850046,5.14064765514498,0.0543285301951183,0.0038337088363145,0.0021200180626978,13.2157348506624,40.3811807234948,15.0,2917.143175337,202315.0,240,19.8920263353369,1.84940128246054,1062.53089454531,76.9157185409207,2205.3463172207,116.319729595602,382.940674910828,2.30744305072639,9.51544441762319,2.06128878947701,0.736154511759317,5.26890965590928,4.97891261263197,0.0282602281875658,0.0020496931853648,0.0011069834443458,13.2830536618497,40.4346284859853,15.0
8.677083333,19.5575670706884,1.95494697226643,1063.93923119109,81.1388999878578,2208.33471606139,116.239418427558,382.749358794188,1.90127884635039,8.34836957475183,2.82627442810051,0.745711254325609,5.49576828988184,5.14972844769474,0.0491733093517615,0.0035204303589233,0.0019480955361926,13.2123380226579,40.409097031884,15.0,2919.60804112048,200170.0,240,19.687619633389,1.81842744229983,1063.37535426395,75.5493442401953,2208.80887107782,116.377324086238,383.026223686805,2.39114978318319,9.49769108560908,1.90649308840587,0.727740079312775,5.18541909346333,4.99037939649584,0.0254839043134747,0.0018623092012962,0.0010043249066873,13.2809932545803,40.457253418836,15.0
8.6875,19.3563184307745,1.91971802408096,1064.90560756076,79.5322994051531,2212.26252497924,116.331650666931,382.950722193059,1.95848506898689,8.35079843725047,2.66162512597516,0.737348120094106,5.39856949374884,5.15803481385543,0.0443716800210947,0.0032212983042777,0.0017832790934842,13.2116713699369,40.4440888382867,15.0,2922.32017023257,196640.0,240,19.4862207089443,1.78484456353038,1064.29117310497,74.0768642073207,2212.49979694299,116.454115458783,383.186054941113,2.48384252457613,9.48361375945056,1.75573245959655,0.719018298561044,5.09605150911904,5.0010929854297,0.0229164889345328,0.0016867908128548,0.0009080021942141,13.2800774597482,40.4866489352358,15.0
8.697916666,19.1540187710662,1.88148582944289,1065.94415446235,77.8158004197987,2216.45687450638,116.444909756395,383.232388029872,2.01625721077336,8.3491936837173,2.51978099397671,0.728291032852689,5.29514456558031,5.16640980725292,0.0404560948698946,0.0029745266397561,0.0016472085760081,13.2122751951861,40.4863952037447,15.0,2925.28539178391,194640.0,240,19.2861729672007,1.74895050442644,1065.27166307944,72.5100611252416,2216.41555694837,116.549588771526,383.419094653017,2.5802269001008,9.46715896752185,1.62110390136929,0.709774436072862,5.00142972687488,5.01180875942057,0.0207262649717185,0.001537302711053,0.0008262042096033,13.2799910190563,40.5225908124338,15.0
8.708333333,18.951430200392,1.84097620663055,1067.04895341611,76.0354369898816,2220.82128500277,116.576419140903,383.584836251903,2.0760991234804,8.35069076314877,2.38643483957607,0.71753931791442,5.18831057728518,5.17430948385287,0.0370057666462807,0.0027559509880674,0.0015271256567567,13.2098831142667,40.5350425657599,15.0,2928.45148002549,192550.0,240,19.0848862623454,1.7115168741157,1066.33096233924,70.8845493300178,2220.56019957714,116.665353269309,383.729864185922,2.67524195911984,9.44738213827295,1.50461622326902,0.699553193280562,4.90353530889676,5.02270344900166,0.0189001149787141,0.0014124152597141,0.0007579678882542,13.2791372905854,40.5655995109175,15.0
8.71875,18.7527160950618,1.79967723240337,1068.08075336033,74.2295731424824,2224.96391671424,116.706899433222,383.946607148285,2.14444806300603,8.36175995340413,2.23751869418888,0.705477837805558,5.08037237612003,5.18156374305624,0.0335000386861938,0.0025315382421633,0.0014043198308417,13.2033303113335,40.5833832270189,15.0,2931.38334976919,191595.0,240,18.885125282066,1.67343471902697,1067.39475725649,69.2345100863612,2224.69124119167,116.789970204445,384.082497879174,2.77692550298158,9.42943491539637,1.38886037495821,0.688503530378245,4.80448967046121,5.03361046626904,0.0171656424527056,0.0012932501662245,0.0006930493914168,13.2767258866516,40.6117181303345,15.0
8.729166666,18.5605874277966,1.75924463609541,1068.92981720293,72.4481059423914,2228.58654914374,116.820535358618,384.268160542955,2.22457776079885,8.38153449969292,2.07036507169844,0.69289532940609,4.97408408950159,5.18864112956476,0.0299174388782885,0.0022984425397783,0.0012770373420924,13.19238328392,40.6259494015078,15.0,2933.75933819411,191120.0,240,18.6894309455971,1.63574177580542,1068.34997005302,67.6018871098747,2228.49700907377,116.906762280333,384.426617087878,2.89262051560312,9.41062045169238,1.26573445139486,0.677085323830045,4.70664550875848,5.0454037827355,0.0154060883943266,0.0011716842802666,0.0006271137061066,13.2724792452788,40.6551900200837,15.0
8.739583333,18.3776945603546,1.72385457967628,1069.48805886441,70.8248329590783,2231.42687981481,116.898852349023,384.491914126036,2.29816493695863,8.38640978741831,1.92703163587325,0.682304909238344,4.87690895754408,5.19854604367307,0.0271323165040747,0.0021210075329382,0.0011816178366423,13.1773385430651,40.6562987590395,15.0,2935.34012765429,195530.0,240,18.4994262971342,1.60137624280816,1069.09758938602,66.1023045029191,2231.71131115327,116.998894066987,384.710147681532,3.00670647892436,9.37313173240717,1.15688142074741,0.666636680997001,4.61644930980478,5.06071728534833,0.0139091582142684,0.0010707009919814,0.0005732238699689,13.2661536024402,40.6901932082951,15.0
8.75,18.2188373127386,1.70570801589438,1069.3093558172,69.775578975576,2232.36436147438,116.872222083492,384.387729506091,2.3114762330206,8.32968248867342,1.89049449197383,0.677182078978484,4.81278622879104,5.21735694157978,0.0266682052934996,0.0021161807558929,0.0011848551438364,13.1490809761343,40.6501825087662,15.0,2935.01957277413,212455.0,240,18.3192789941282,1.57918725787295,1069.40305341851,65.0868232999335,2233.73594932035,117.027774464455,384.800664298785,3.0505047373893,9.27447210872849,1.12443288087028,0.659592143235867,4.55375306626173,5.08517755645117,0.0134646921492578,0.0010512406024981,0.0005653812801151,13.2537110294361,40.7033379755392,15.0
8.760416666,18.1360848668892,1.69899333555001,1067.22289540739,69.2792794318117,2228.69226572806,116.594581342616,383.441854924251,2.30050706463774,8.29888046180226,1.94398080886363,0.679813579973284,4.78411857717902,5.23315535618763,0.0275446220978184,0.0021793380142202,0.0012194834217982,13.1328989546134,40.5566935378294,15.0,2929.34067777897,208020.0,240,18.1910726208932,1.56780203206579,1068.40704504389,64.4968105375054,2232.60107527879,116.888495461876,384.321713136974,3.04211022541777,9.20355895705552,1.14978915129729,0.657880622206084,4.5176210191218,5.10622860037904,0.013762532582715,0.0010754024859174,0.0005785802555447,13.244372990592,40.6580099992116,15.0
8.770833333,18.0765717311402,1.69746190340705,1063.94533290891,68.9575751089302,2222.38358852912,116.177202622742,382.028437065571,2.28196328709259,8.27964435532564,2.02341782815069,0.681327576659485,4.76502793697162,5.24734246337503,0.0289383531850905,0.0022769146628925,0.0012722597841633,13.1309462293628,40.414404550917,15.0,2920.42990558964,211140.0,240,18.1180977705458,1.56304025578707,1065.76575151896,64.1098143763659,2227.68182773662,116.548858792166,383.160907765396,3.01557126540992,9.1893346950123,1.20175828904625,0.657860368899392,4.49484491475741,5.11994628183098,0.0144069759702261,0.0011238239925121,0.0006044315134652,13.2428515807169,40.5428423504939,15.0
8.78125,18.0003258282759,1.69487517079475,1062.04824919329,68.7736382028033,2219.03781523569,115.916945407141,381.125226122449,2.26759662847111,8.26613327419693,2.09648768940834,0.682496662820363,4.75373396431765,5.25875803314772,0.0301235467262064,0.0023517201387977,0.0013109780028253,13.1359566936201,40.326643395895,15.0,2915.42138816795,205845.0,240,18.0466422572171,1.56043546652893,1063.2195428848,63.8446081310782,2222.95411317168,116.220100374102,382.025652321669,2.98621990375072,9.19195118042023,1.25440153184962,0.658082736350326,4.47858801326784,5.13011981930524,0.0150631296904581,0.0011686749829476,0.000627434291035,13.2446260790389,40.4313120313029,15.0
8.791666666,17.9070116828486,1.685383589631,1061.71633427347,68.4562833319738,2219.11665318907,115.845431134642,380.832476992789,2.27213793014551,8.29173714730134,2.13092627098554,0.679009135460158,4.73472825933116,5.26372799606329,0.0304970877304867,0.002367937136361,0.0013165410749741,13.1468827795424,40.3043866936871,15.0,2914.70367421172,199245.0,240,17.9654387384332,1.55373300875012,1062.04586953428,63.5008504376666,2221.19746173037,116.052939304354,381.413418573851,2.98335622005814,9.2327016045368,1.27676734468468,0.656053452416833,4.45830998595446,5.13364595659078,0.015317661680862,0.0011828965075473,0.0006333607425804,13.2500842537981,40.3758257655225,15.0
8.802083333,17.7810162115158,1.66405904997255,1062.53651673532,67.7200276836711,2221.93122767909,115.932475735182,381.058293653819,2.31826598677047,8.36464016890886,2.06704906417323,0.671306544591994,4.69038265937253,5.26127583774939,0.028929660216803,0.0022492048518907,0.001247633651064,13.1619548445842,40.3372393861216,15.0,2917.13683565491,187255.0,240,17.8616743050345,1.53802066992824,1062.11329645216,62.8428964828699,2222.26747610388,116.045613809845,381.326869968215,3.0321404221176,9.31723519419305,1.23536225284537,0.650737396354582,4.41936400671814,5.1300806500886,0.0147298805229661,0.0011345504596934,0.0006049996798478,13.2575504542643,40.3757974592359,15.0
8.8125,17.608759194759,1.63882143467982,1064.48402570408,66.7006419575939,2227.4070704906,116.168517110678,381.797986973366,2.38636188390016,8.40575910352134,1.91546372521736,0.661436472254695,4.62840053491634,5.26251216426412,0.0261913304120783,0.0020669732251995,0.0011489451109018,13.1655428488344,40.4220715591023,15.0,2922.73523534657,191675.0,240,17.7196065467636,1.51683937260255,1063.31031097861,61.9879593408572,2225.94659158621,116.18219251048,381.737892100749,3.12100480547386,9.3696578622731,1.14323879702081,0.643180039936488,4.36784979136007,5.13023185954687,0.0135234453730852,0.0010496229490314,0.0005592914383504,13.2604855150932,40.4258715457471,15.0
8.822916666,17.4295733113123,1.62812267039984,1066.70320208979,66.1178778133397,2233.36150346569,116.420564105889,382.616852882902,2.39215938710154,8.3389696195507,1.86462231143198,0.659136900002896,4.59126723191586,5.27752791426737,0.02561120404756,0.0020541675385699,0.001148536476166,13.145857337529,40.5126575990921,15.0,2929.29949346753,210090.0,240,17.5390469084007,1.50323395632823,1065.41649132793,61.4781349846018,2231.60408444196,116.41712670213,382.507411611806,3.15770731361745,9.28902610298621,1.10162189069295,0.638568490799469,4.33483300424681,5.14781359844578,0.0130032771214842,0.0010243357091705,0.0005488439663931,13.2519481706016,40.5104306721652,15.0
8.833333333,17.3471237011773,1.63683392603342,1066.3173443279,66.2839555431297,2233.1587888174,116.332355656857,382.297988092629,2.3285608672858,8.25866383062987,1.97969448857946,0.666972765349062,4.60125896210588,5.2949396267313,0.0278767950396885,0.0022250988692372,0.001245920735705,13.1246275374546,40.4847702541158,15.0,2928.65640201902,216845.0,240,17.3999136979051,1.50377540297732,1066.51297580925,61.5253753501933,2234.80663235181,116.514019898345,382.809033318327,3.09335280475642,9.174150949273,1.16726463217612,0.640610144379799,4.33580107173669,5.16973919004239,0.013849620985825,0.0010942260162162,0.0005888175340979,13.2404810592336,40.5470570611563,15.0
8.84375,17.3393888105171,1.65449097849225,1062.81206766151,66.7961043581562,2225.89065412092,115.864358884097,380.708445625121,2.26286930895332,8.20750351417258,2.15056803255968,0.676549931909817,4.63377816305184,5.3096452895392,0.0310903416021793,0.0024404155689779,0.0013627636510804,13.120968906126,40.3245137021345,15.0,2919.29710826396,216350.0,240,17.3514743173225,1.51499129506411,1064.63753219041,61.8953375692104,2231.22957290409,116.248377184195,381.879421950758,2.99387021791751,9.12689706824852,1.28663434610187,0.646425120843341,4.35874202359437,5.1834428792088,0.0153986405595101,0.001205914898259,0.0006489791696053,13.2370770642493,40.4573726357227,15.0
8.854166666,17.3279049095163,1.68170664722728,1059.4984708169,67.6443336029382,2218.95148006748,115.40565467235,379.141333579211,2.17721816237533,8.12546764967953,2.37873743765434,0.687002489581862,4.68523988166324,5.32709085081965,0.0359022994182812,0.0027608268992773,0.0015377949108997,13.1208034216292,40.1672423414882,15.0,2910.60638631028,225250.0,240,17.3362294239085,1.53566436252712,1061.28304728758,62.5814080945574,2224.29124690846,115.798123547929,380.322848070846,2.86796407314051,9.08251685272442,1.45577612493822,0.65416257903097,4.40039761106295,5.19659510345581,0.0176825625680063,0.0013724287903893,0.000739626390404,13.2361718703894,40.3032595891893,15.0
8.864583333,17.3222186107428,1.69870820826702,1057.8194086028,68.5246461015285,2215.39684203638,115.121211370319,378.114529054105,2.12380087086801,8.09936814546561,2.59751060977654,0.696316543450999,4.74207642685317,5.33496262285151,0.0401256997695384,0.0030134032529398,0.0016698978600519,13.1422192232936,40.070331241929,15.0,2906.2852263053,207700.0,240,17.3264708160781,1.55368856263998,1058.88672683809,63.2801283334134,2219.33792036683,115.449670862849,379.073300896724,2.76615956329788,9.09148900505966,1.61867706487258,0.661786128309863,4.44489677508198,5.20057537579769,0.0199090088897667,0.0015183364518658,0.0008155545925581,13.2446943011933,40.1842885424546,15.0
8.875,17.2685370994395,1.69663956498452,1057.57162374329,68.7118655017816,2215.54084894504,115.046155874456,377.761634978461,2.12473882223915,8.14078836064003,2.66559127237024,0.692961379912766,4.75388066677849,5.33309521595478,0.0409543468519949,0.0030448092886434,0.0016802848308392,13.1731116604676,40.0461393525027,15.0,2906.00870129665,196605.0,240,17.3020578140545,1.55803391634834,1057.78496565429,63.4720408683384,2217.42746525037,115.269482079233,378.357938333843,2.73893600553974,9.18547411900816,1.68125901362111,0.662453233912023,4.45961275019607,5.1920336725939,0.0207297038961119,0.0015624264290978,0.000835420957689,13.260090681691,40.1235716384915,15.0
8.885416666,17.1394579002713,1.69407366151709,1059.62366108922,68.674611459581,2221.16074264769,115.265458472585,378.392090106187,2.11027969303107,8.1297675969643,2.69153974794262,0.688067265837187,4.74747142793225,5.33587140677314,0.0417188768608365,0.0030966682292178,0.0017091484585284,13.1818976310034,40.1244000599475,15.0,2912.43072287641,205950.0,240,17.213989107217,1.55796427232757,1058.5147795563,63.5197018867071,2219.93064240058,115.323966326982,378.431915782233,2.71901685181468,9.21822101198785,1.71203034232335,0.660002299654946,4.46079502338588,5.19011117742538,0.0211858210789068,0.0015966161491676,0.0008543270812085,13.2656995012087,40.1444791074932,15.0
8.895833333,17.0292174405336,1.71898203060294,1061.94355637522,69.4471503032609,2226.95876607583,115.473609907228,378.992989385438,2.01664946931144,7.99458677143473,2.89039723097408,0.697405314374325,4.79081190316166,5.35316911639725,0.0477810969398269,0.0035021316679005,0.0019382091870758,13.1621204682622,40.1986402381343,15.0,2919.76103421383,232955.0,240,17.0882189466598,1.57248526094116,1060.79633195202,64.2223683636292,2225.78419106166,115.539465119518,379.053775085201,2.60910678192825,9.08943174876883,1.87251378566461,0.663968531937178,4.49839096822622,5.20771725232928,0.0237230597891499,0.001793500422125,0.0009668975501647,13.2569208235797,40.2215004282237,15.0
8.90625,17.0509113517161,1.75018740218919,1060.34725117384,70.8067471581185,2223.32575293875,115.164856372278,377.854522307555,1.94211611808809,7.90154056675927,3.19495330624332,0.717005153979929,4.88075445520275,5.36594101673839,0.0557076886102024,0.0039803563185438,0.0021981959905928,13.1623996207083,40.0926212559385,15.0,2915.69381340486,221125.0,240,17.043770288934,1.59719297064477,1061.19017859117,65.3661127686812,2226.93881182682,115.493307662006,378.779549536676,2.48059016834296,8.98890032177535,2.11790548945116,0.676241676619393,4.56992610730344,5.22103262170901,0.0276255018936597,0.0020592752209929,0.0011115642137021,13.2542773292684,40.2072574320716,15.0
8.916666666,17.0750167305888,1.7737385893118,1056.8818897793,71.8751258534394,2215.95479757267,114.663934918242,376.07443460536,1.91192939026356,7.84594746484149,3.39184501155758,0.72369053012949,4.94892287488069,5.37562577298173,0.0606990751078216,0.0042637742472929,0.0023481441331926,13.1788842708679,39.9195152796191,15.0,2906.52727350647,219510.0,240,17.0670289715829,1.62077373759655,1058.60541324515,66.333986816035,2221.43208986087,115.094688461103,377.317492420103,2.40478602323479,8.97428828476623,2.31230435535445,0.684692030411809,4.63424815137222,5.22468896575626,0.0308098525118323,0.0022647045638091,0.0012205496510408,13.2626389574608,40.0699745995837,15.0
8.927083333,17.0472162258104,1.79705108556613,1056.11439561476,72.9852482762176,2214.65756968183,114.4810853092,375.341516249558,1.88206123037587,7.77439894295732,3.51924982020281,0.727603691441181,5.01486807100968,5.38563456213609,0.0645428598989402,0.0044818759568948,0.0024660494926564,13.1851796852251,39.8571028905775,15.0,2905.07768851661,221695.0,240,17.0601984619282,1.64424769378218,1056.58785094848,67.3221462934981,2217.41398472021,114.770436497879,376.107277632827,2.34881407977855,8.92877277017974,2.45261575176802,0.690374958288586,4.69451553105475,5.23192255224123,0.0333018079369736,0.0024265167805754,0.0013078291625344,13.266654754369,39.9584624158107,15.0
8.9375,17.0178662319916,1.80681062572435,1057.06219553855,73.8501157711596,2217.01880464621,114.492503848185,375.228693974766,1.87656098157204,7.77013063618418,3.57374114597408,0.728733301932306,5.06893313146593,5.38642455489019,0.0655768524192344,0.0045297401573826,0.002489491217404,13.198279983571,39.8622982737363,15.0,2908.13595903946,207645.0,240,17.034928660933,1.65904712517567,1056.6574492546,68.0972226260393,2217.96985164958,114.688497581192,375.683964464022,2.32484408751048,8.93304533034584,2.51005243991077,0.693630427307093,4.74279389508243,5.23151909352117,0.0342842210343631,0.0024791724341694,0.00133407742721,13.2727282767353,39.9312327487742,15.0
8.947916666,16.9554258024511,1.83239119932291,1058.46648300551,74.8631532524092,2220.52077631464,114.55973157564,375.320229448061,1.83402317210919,7.68226163511578,3.64634275877888,0.729680350772869,5.12705233819004,5.39801056420271,0.0694309242663318,0.0047571773844173,0.002617579995171,13.1885239595401,39.8868226490301,15.0,2912.71289718397,234890.0,240,16.9894930923716,1.67973252738086,1057.7110897285,69.0998923699608,2220.65938139458,114.709895805251,375.616800498801,2.27697443399504,8.85946793114617,2.59659998297478,0.696574294599312,4.80219904338366,5.24156300814504,0.0362563910731596,0.002619531234651,0.0014142645191513,13.2705608184551,39.9399201281465,15.0
8.958333333,16.9578549046669,1.86590934603761,1058.76086761992,76.4709626004077,2220.67894860402,114.433722137512,374.762072813189,1.79182346090908,7.59574576161058,3.80091271336127,0.743640359973304,5.23063121494973,5.40882896820769,0.0752224912822554,0.0050876421813857,0.0028015449980382,13.1770649080142,39.8439284134236,15.0,2913.71287664135,228465.0,240,16.9547090653594,1.70861367958149,1058.69849133958,70.5312071824517,2222.81121844043,114.690307935725,375.416466957845,2.21191516355947,8.74081131691722,2.73767687175108,0.706234018103525,4.88987374166385,5.25672746190914,0.0392954004959184,0.002819046672493,0.0015254594213203,13.2639417284228,39.9343248319088,15.0
8.96875,16.991949173933,1.89119199983167,1056.89749159481,77.8140667322481,2216.14421859158,114.062185086582,373.388453833404,1.78005819042529,7.56299476466014,3.89368424406697,0.749823595844704,5.31819841956247,5.41502931022406,0.0780004345692258,0.0052314982719302,0.0028778215829634,13.1846967911288,39.715474784228,15.0,2908.51641796714,223895.0,240,16.9783001913738,1.73474353041462,1057.76190189086,71.768393722625,2220.38642285938,114.42947415952,374.400390386216,2.17799824459682,8.71539447845813,2.8371374259528,0.714498206504931,4.97172867595287,5.26106378408014,0.0413496423820614,0.0029412561777583,0.0015904094854438,13.2677169676652,39.8445519973425,15.0
8.979166666,16.9792876943931,1.90959267994401,1056.7411402979,78.8979027577846,2215.72844817258,113.910437222225,372.742261250848,1.78041361374138,7.54419178064288,3.86089447759682,0.750040189982107,5.38399377169524,5.41893156419822,0.0771210493866269,0.0051743594789583,0.0028462610892744,13.1896119592604,39.6637461683724,15.0,2908.26295190228,220430.0,240,16.9853006591377,1.75618062957165,1056.80288262412,72.7763141771021,2218.1664454862,114.180863097275,373.428982988614,2.16775283036114,8.70728343740207,2.84733648793997,0.718612315388278,5.03547656008631,5.26351272344444,0.041632174182604,0.002949932125005,0.0015939989388157,13.2709986854374,39.7590454576954,15.0
8.989583333,16.9425511752443,1.92127059551911,1058.29858190585,79.7217354628585,2219.2107468518,113.964241329046,372.772720715125,1.78935637859438,7.5460341726053,3.74066149570279,0.748779771773539,5.43293489226218,5.41971734598987,0.0736102457292414,0.0049695853260773,0.0027347605768666,13.1931217007892,39.6838447174757,15.0,2912.73890323661,216540.0,240,16.9622509655944,1.77080835886795,1057.50941381723,73.5634591875806,2219.78276854558,114.134318308716,373.128781784288,2.17820184428158,8.71017088074473,2.76369029422781,0.720359581033172,5.0834709367001,5.26408704965054,0.0400760699238592,0.0028416868736216,0.0015345936727858,13.2729761607519,39.7440785139113,15.0
9.0,16.8904066729901,1.91883495153977,1060.2566769235,79.9904997555504,2223.91598305722,114.088987081246,373.036404244666,1.8201697714733,7.59202125688749,3.55021068143673,0.744552592646414,5.44805691067821,5.41478685326585,0.0673188581654431,0.0045990310278069,0.0025306813921179,13.2013692536704,39.7289328487529,15.0,2918.2631129332,205085.0,240,16.9213625072142,1.77387724164112,1059.12443246057,73.8803928462231,2223.64766939189,114.211299774362,373.237033443812,2.21886503109455,8.75585170458987,2.59548494127275,0.719388335698601,5.10280598334873,5.25883574091547,0.0367846127927421,0.0026166489341005,0.0014103347717264,13.276591866308,39.7723416792618,15.0
9.010416666,16.8025846373528,1.90763414715241,1062.64995907537,79.7115768380289,2230.05324717151,114.299729701059,373.596870507105,1.85719711053621,7.64299988316104,3.32448329662429,0.735716813274778,5.42749212483619,5.40931738322984,0.0605743381252661,0.0041990788751644,0.0023115513621411,13.2035219891053,39.8042199417064,15.0,2925.08670242608,205070.0,240,16.855106120354,1.76718562986805,1061.18959585224,73.7454886283411,2228.85661284299,114.366248332943,373.615472306519,2.27936907858855,8.808097319048,2.38885264579461,0.7148004246187,5.09322092999454,5.25292147095297,0.0329904974353882,0.0023626033579905,0.0012715689679961,13.278189761441,39.827964370955,15.0
9.020833333,16.7008103772593,1.88613529230882,1065.31866715648,78.9729480906624,2237.05090495894,114.565367993295,374.345092925667,1.90744584444783,7.71647536974097,3.09396790563695,0.727328105435968,5.38024202358813,5.40064049144229,0.0537404881939075,0.0037847684483941,0.002084212358245,13.2044563526797,39.8988587232613,15.0,2932.61387988623,195590.0,240,16.763214113171,1.75073916865387,1063.66931084441,73.1861108195956,2235.29715176976,114.595633078921,374.253263916276,2.35919657469947,8.86611362533445,2.16744818521761,0.708488080870369,5.05715532699075,5.24612735125437,0.0290848807014292,0.0020976129440132,0.0011266196220656,13.2781735311039,39.9097342868637,15.0
9.03125,16.587983800263,1.85295333503624,1067.74832713864,77.5842421920116,2243.86612734115,114.834301146088,375.116696887535,1.96421282755946,7.79509374424252,2.88745523635621,0.716655273833163,5.29642328547707,5.39170823252547,0.0479618975123722,0.0034292831094035,0.0018888192555762,13.2060606005121,39.9947418543863,15.0,2939.35832741986,194235.0,240,16.6610631835642,1.72374670301006,1066.14848171351,72.1211308198705,2241.990984799,114.849877794613,374.985447449755,2.45526051755385,8.93514251870565,1.95859179825887,0.70013006596585,4.99236531275672,5.23822894956062,0.0255883758079159,0.0018616561414072,0.0009980883777356,13.2787504151694,40.0002972707772,15.0
9.041666666,16.4647994083458,1.81694780349098,1070.07883481993,76.0227975018423,2250.61895367302,115.109079513931,375.921425293621,2.01559018347518,7.85767711625927,2.73153414453487,0.70644853561538,5.2020243996978,5.38477572555133,0.0438273114111673,0.0031746344251085,0.0017495509086033,13.2038559679047,40.092697529682,15.0,2945.88284124902,192545.0,240,16.5441723094444,1.69076376030531,1068.53580332175,70.7599082453564,2248.69413564109,115.115758125544,375.772079122032,2.54715297483134,8.98198494530606,1.79706224512158,0.690505696950765,4.91009473226216,5.23349147385499,0.0229871609335599,0.0016873977548614,0.0009036704769935,13.277561103655,40.0949905372338,15.0
9.052083333,16.3514510308166,1.78143047634928,1071.99152302376,74.4770228689593,2256.46981919948,115.342676191739,376.597573636954,2.06028750815021,7.92179016587158,2.63104455945462,0.697714201160752,5.10875863988531,5.37766549622552,0.0410916365358887,0.0030032963282319,0.0016548987602531,13.2043784152611,40.17627069336,15.0,2951.29116421069,189430.0,240,16.4276723839136,1.65655878684127,1070.6841348513,69.3265028956535,2254.93939360218,115.36702684107,376.517727727561,2.62996895358212,9.0306566337062,1.67927503807513,0.681105764665846,4.82355100517134,5.22855923018918,0.0211292602909034,0.0015626565236878,0.0008358517579743,13.2772686351084,40.1846125322975,15.0
9.0625,16.2418546207754,1.74505580499787,1073.44762544685,72.8626931067588,2261.4039773637,115.536642862124,377.148975883029,2.09448683195868,7.98442047775511,2.58827902847547,0.689049542631831,5.01173151834874,5.37061864169488,0.039690072710548,0.0029161832804924,0.001605771146703,13.2072409299252,40.2459078801267,15.0,2955.48436690694,187225.0,240,16.3169000408904,1.6221416277232,1072.40319396677,67.8497349772789,2260.29830908743,115.58119579828,377.143536229959,2.69572448255068,9.08721828841478,1.60843889036301,0.671780701502467,4.73466698672891,5.22255900729165,0.0199981453664653,0.0014879531716441,0.0007949926042907,13.2781879986052,40.2612468778789,15.0
9.072916666,16.1311554088243,1.7072691983325,1074.69621651865,71.197421034281,2265.95408047685,115.72038659401,377.667873781472,2.11750238237045,8.04978433518591,2.59685206011356,0.680097975462967,4.91202542406764,5.3627738186297,0.0393727311252497,0.0028991921394107,0.0015946183102363,13.211502707153,40.311798291325,15.0,2959.16083252243,184290.0,240,16.2072650118806,1.58725246693292,1073.79982093729,66.3262921786882,2265.0192100529,115.773116870571,377.693812990011,2.74013442204135,9.15450851974284,1.58166900595233,0.662253300351309,4.6432258122194,5.21481440483136,0.0195051203127363,0.0014572630436488,0.0007776600493853,13.2798589122041,40.3299945800376,15.0
9.083333333,16.0188405684482,1.66763095481183,1075.85060029899,69.4807363164516,2270.29605011957,115.906213918132,378.192381558187,2.14445610623158,8.13319163161284,2.59061029281907,0.669213543748241,4.80978221144134,5.35258890157631,0.0387379438394004,0.0028633908547725,0.0015736518680446,13.2147752299159,40.3782921224919,15.0,2962.57820575037,180580.0,240,16.0973454955104,1.55133781430089,1075.02091100564,64.7469783517035,2269.38864541514,115.959859585995,378.221713639646,2.77663584332867,9.24322646543047,1.56719548179108,0.651841293344391,4.54890921825068,5.20392951498278,0.0191870235007726,0.0014374455251086,0.0007658300564169,13.2816126297966,40.3967789795201,15.0
9.09375,15.9000282995407,1.63139468855821,1077.03303535176,67.8924393088032,2274.58289525056,116.10122417023,378.753867783066,2.18147054762735,8.22151230235924,2.52475365175555,0.657337319414067,4.71424620603628,5.34240573519987,0.037088431459273,0.0027650469588658,0.0015201656310422,13.2121418419152,40.4480248811048,15.0,2966.10861505914,181030.0,240,15.9831319593808,1.51688523504567,1076.19535454399,63.2340207974945,2273.59774168516,116.149770801286,378.764514042747,2.82266561983808,9.33359924476632,1.52930784499468,0.640865186473337,4.45820813198316,5.193092512918,0.018574416754978,0.0013978252071604,0.0007437926720622,13.2812230878696,40.4646137347836,15.0
9.104166666,15.7845981868736,1.59709789263066,1078.0900049297,66.3939949833608,2278.45966200834,116.28538389701,379.286251334961,2.23008502078925,8.31514289413431,2.42019956400266,0.646551716273199,4.62413951427018,5.33225813254123,0.0347748005797093,0.0026216158309215,0.0014424149527174,13.2055442740818,40.5140688695463,15.0,2969.27202451719,179825.0,240,15.8660664834723,1.48499833559723,1077.33893117137,61.849563308825,2277.62492449227,116.338858689818,379.316683325227,2.88700949113617,9.41401314975061,1.46010947308141,0.63061972155334,4.37462964183575,5.18420120130624,0.0175678027042967,0.0013300800033802,0.0007068749786332,13.2788508939959,40.5322225093537,15.0
9.114583333,15.6795689253868,1.55803338954779,1078.76635578324,64.7031775509227,2281.42037339434,116.437040889167,379.714398468389,2.31202906450097,8.4481573733685,2.25261931911244,0.634785976555193,4.5245538240616,5.31807979183152,0.0312521007837145,0.0023880861263486,0.0013136871647982,13.2020106661738,40.5688574890386,15.0,2971.20765268132,172470.0,240,15.7572822238645,1.45047914576118,1078.22488704871,60.3514643943171,2280.99492509799,116.505446634005,379.804658664881,2.99450204243416,9.519515492437,1.3421150659918,0.620101611985831,4.28549420052391,5.17295394836604,0.015938166985807,0.0012148618672907,0.0006437141018651,13.2775836032864,40.5920441590807,15.0
9.125,15.559991468159,1.51343711182354,1079.50563174123,62.7781141903411,2284.47639564489,116.608153092194,380.221962352522,2.43057729118925,8.60000206255635,2.02650817012418,0.6212179561622,4.41242197136343,5.30236182697542,0.0269977773894452,0.0020999208572302,0.0011548880820199,13.2015147122038,40.6304888640675,15.0,2973.16555941394,167115.0,240,15.6488016488758,1.41121898384792,1078.92492825598,58.6440783116037,2283.88361958771,116.658972084381,380.269911156073,3.15927314446855,9.64190569103133,1.17765087634469,0.608422213140851,4.18529550448441,5.16070242005733,0.0137736229078136,0.0010619808236957,0.000560718433805,13.2777725172411,40.6473668637856,15.0
9.135416666,15.4115438783645,1.46600241929321,1080.8322310507,60.747320197789,2288.69107118818,116.851350548781,380.994280162705,2.58304292678383,8.74178218633033,1.75851708970434,0.606016506379132,4.29468268446652,5.28875849306738,0.0225143685621348,0.0017941773061415,0.000988372786841,13.1971127970827,40.7173207457718,15.0,2976.62518042045,163300.0,240,15.5209725826982,1.36897351783061,1079.88905219475,56.8265913981343,2287.24894880402,116.846344213551,380.880680785185,3.36985742650865,9.74098815312174,0.994826650879457,0.595538598002583,4.07916706965933,5.15261463686216,0.0114715502552573,0.0008997091485801,0.0004737112531283,13.2768536585178,40.7145657182811,15.0
9.145833333,15.2463462324044,1.41693591689295,1082.60247586856,58.6704940957511,2293.71026931972,117.142566971983,381.963547829203,2.77971224776755,8.85457622167632,1.46590429780917,0.591963304235196,4.17503758948543,5.28006505116062,0.018094589385682,0.0014889215407867,0.0008235025657214,13.1912778047078,40.8210452447023,15.0,2981.18279949744,160295.0,240,15.3717191708435,1.32510890837729,1081.31666365428,54.9698015950545,2291.46967958439,117.083633978577,381.701429612395,3.6299121778741,9.79557127808292,0.805611961334377,0.582573014096228,3.97121297265414,5.15164019085629,0.0091806959821078,0.0007369444052174,0.0003872806346215,13.2749898782913,40.7993075345479,15.0
9.15625,15.0763752975434,1.36641707439997,1084.41246780898,56.5562924285289,2298.66461835168,117.432474189156,382.977340165912,3.02260874148715,8.92330195394469,1.18286297938245,0.577933135631732,4.0539868425197,5.278625391398,0.014161702660158,0.0012153007419131,0.0006770205388227,13.1846171065517,40.9244748634017,15.0,2985.72575085574,157265.0,240,15.2102791290314,1.28031136489609,1083.00853848065,53.0919672528215,2296.10671078359,117.343795874822,382.651745222884,3.93212174256559,9.79243118527615,0.630856437060122,0.569629924284181,3.86262669020516,5.15976613201025,0.0071279935832269,0.0005891993576842,0.0003094155935751,13.2729733082445,40.8922091951146,15.0
9.166666666,14.9032680398014,1.31793098664564,1086.05707841406,54.5016882171195,2303.06544110501,117.693439114153,383.955573330352,3.28039952934285,8.92421157748089,0.947181225053601,0.564041134233306,3.93650488199581,5.2879965302712,0.0111089256123393,0.0010119896890968,0.0005717317575911,13.1716435466623,41.0180215893282,15.0,2989.71843132752,160415.0,240,15.041025121918,1.23708468768183,1084.72526484597,51.2756091675327,2300.61604681099,117.59722895154,383.636994528166,4.2333952278304,9.71607774134171,0.494148819867206,0.556751344883882,3.75786644228528,5.17931426165584,0.0055565620764643,0.0004767181049988,0.0002512027557774,13.2687056169702,40.9829898307809,15.0
9.177083333,14.7450543076066,1.27211067978296,1087.23183407933,52.5538985173596,2306.25965432256,117.89153757356,384.777218817119,3.53485062134744,8.88686704999795,0.771410931779742,0.551752825478334,3.82469680770795,5.30400260952626,0.0089152468183359,0.0008640858544576,0.0004950928854833,13.158752142548,41.089870483038,15.0,2992.35301034473,157770.0,240,14.8738223361496,1.19600709298633,1086.2146854977,49.5355762825098,2304.44537039152,117.817211743224,384.560498859426,4.5088167402683,9.59400938640007,0.395334440198566,0.544581529826612,3.65741808517537,5.20649204330348,0.0044351635786332,0.000394621416263,0.0002087366358109,13.2639192668059,41.0623327994776,15.0
9.1875,14.6058649269174,1.22965438841697,1087.72507201829,50.7068644355298,2307.81192099297,118.006035572953,385.364997781844,3.75627174665387,8.82893266841181,0.650217046181303,0.539850874238792,3.71834193307353,5.32408581932332,0.0074454519595068,0.000773152295827,0.0004499677558352,13.1469251009389,41.1327469201359,15.0,2993.0607282913,159375.0,240,14.7224382438023,1.1576305575297,1087.18086379531,47.8797599305709,2306.9683400711,117.973527233659,385.308967366958,4.73749854013629,9.46144938898114,0.330105528168796,0.532997781947099,3.56153678440308,5.23638480334487,0.0036990666724865,0.0003418335915727,0.0001818719376274,13.2597647362151,41.1196647390761,15.0
9.197916666,14.4755457017877,1.1933600247441,1087.76271150535,49.0746669253104,2308.19535780523,118.061760429453,385.795313913813,3.91254166100352,8.73810896537831,0.574472173593354,0.529009133250568,3.6235449422757,5.34939833098758,0.0065461453756604,0.000730234155896,0.0004321683387158,13.1276537067996,41.1553887877678,15.0,2992.53389952519,165505.0,240,14.5808706646623,1.12416063861856,1087.61473591918,46.4045272063031,2308.16939272088,118.067025477055,385.874017400551,4.89157752383333,9.31432765883275,0.292990412734254,0.522309808951131,3.47552977482423,5.2691723121053,0.0032802902201351,0.0003159364190669,0.0001697460541114,13.2525261152016,41.155324254671,15.0
9.208333333,14.3783728139257,1.16140067881488,1087.13361870801,47.6334745957103,2306.98212188484,118.037989811918,385.980015499899,4.040791674179,8.66485626151387,0.527382617527845,0.520536273401229,3.53886265014888,5.37269258082379,0.0059801842143299,0.0006969013103411,0.0004152757923152,13.1159702524232,41.1504956135439,15.0,2990.18828708544,161615.0,240,14.4602576470271,1.09436043987833,1087.49729754908,45.0722220857664,2308.02558001849,118.096337213243,386.243854991642,5.01294056200017,9.18469591707714,0.268412523922176,0.513084076615166,3.39712551966714,5.30006832159047,0.0030017499595598,0.000297057986016,0.0001601438917363,13.2473849858897,41.1688021018404,15.0
9.21875,14.2995079334085,1.13385327454609,1085.86230174737,46.3383581808488,2304.26472689985,117.94227826587,385.935383652971,4.11655050714336,8.60732616471253,0.506212834179645,0.512380235110829,3.46229749783304,5.39393177370618,0.0057227447486046,0.000695767568144,0.0004173563749938,13.1057612753149,41.1205389070674,15.0,2986.09769074048,166355.0,240,14.3667863108617,1.06837253327326,1086.69667609029,43.8772988254003,2306.28056617067,118.049078619066,386.366493810752,5.0931376513479,9.08659058350884,0.256749919463117,0.50480404321061,3.32617006796305,5.3269505609759,0.0028660181896912,0.0002920188698671,0.0001582073708021,13.2435448628912,41.1556830333039,15.0
9.229166666,14.2255172597506,1.11148519402659,1084.4985823125,45.2650354428238,2301.22124186533,117.835273929653,385.855080056448,4.14745923017803,8.55894628564296,0.501898727015422,0.505760685803606,3.39794275560574,5.41319482945952,0.0056609994799168,0.0007041926921069,0.00042348773856,13.0933301596224,41.0866702368416,15.0,2981.8214128827,168070.0,240,14.2839087752796,1.04684446058752,1085.48558574976,42.8621970848206,2303.54068497003,117.957659938541,386.340786697465,5.12877423609058,9.00911226316902,0.254626567731786,0.497702571148078,3.26515225640504,5.35066678777531,0.0028361789439414,0.0002953279823743,0.0001605038553213,13.2382341416604,41.1272228497449,15.0
9.239583333,14.1712504371362,1.09299442149115,1082.96121263618,44.3712017050453,2297.68813945287,117.707458680601,385.702455489248,4.17277209333954,8.53505976257029,0.500022028359884,0.500427895566607,3.3436498097487,5.42867329746338,0.0056274952564517,0.0007096116847413,0.0004267849235882,13.0860632256877,41.0455294384938,15.0,2977.10699805183,168020.0,240,14.2162187139918,1.02883295922418,1084.09899772044,42.0010418283655,2300.31778634557,117.846803327296,386.24674307402,5.15519013386223,8.96186146110582,0.254080198508389,0.49182530403734,3.21272609753172,5.36969187783411,0.0028244655421863,0.0002981648467733,0.0001620778061808,13.2349767820894,41.091979937304,15.0
9.25,14.1228924537237,1.0750001460886,1081.38335740559,43.5335167974592,2293.98731147422,117.575730009839,385.53672067311,4.23643904112538,8.53506001630641,0.483530095484701,0.495169749717647,3.29284186256062,5.44054846035335,0.005425621816368,0.0006925019506066,0.0004157823505028,13.0890527966528,41.0029636640918,15.0,2972.26470001824,161910.0,240,14.162985833607,1.01211777017401,1082.56854117245,41.2026251948912,2296.70081573487,117.719532142914,386.099162914894,5.20647540318242,8.94521030844587,0.24704081669663,0.486456998865345,3.16399096313585,5.38413384592152,0.0027428850634366,0.0002913534420647,0.0001577780494224,13.2362836603985,41.0509475260419,15.0
9.260416666,14.0512716048772,1.05762929252559,1080.42903686154,42.7405628234841,2291.55358673556,117.51266649874,385.608887035679,4.31743762913988,8.52741828752867,0.456737832698053,0.489294277075344,3.24520260289014,5.45303210055524,0.0051147089363823,0.0006763586646044,0.0004076356852449,13.0911277706527,40.9843741117176,15.0,2969.12183555005,162040.0,240,14.1052427639517,0.996255757599856,1081.25298807425,40.4536611374847,2293.47039085117,117.614873930777,386.034645589965,5.27413022063803,8.93374752667545,0.235515517528093,0.481071892936996,3.11844462055732,5.39753941772788,0.0026136445278212,0.0002827044421388,0.0001532028059788,13.2380459601574,41.0177876140796,15.0
9.270833333,13.9560465044554,1.04103836191199,1080.28394956524,42.0210433445449,2290.78550834242,117.537331588423,385.983304590036,4.40528248130448,8.50689205437146,0.427513760837929,0.483995354124278,3.20217023091413,5.46655504548992,0.0047784896315039,0.0006540020136598,0.0003954848236601,13.0921174079392,40.9964983321497,15.0,2968.20572682211,158835.0,240,14.0264095845687,0.981289793834375,1080.56673271129,39.7713809245117,2291.5217021514,117.578133767728,386.207260798924,5.34575237837787,8.90875476441086,0.222507089454439,0.475973527355229,3.07714789004877,5.41222862076302,0.0024692064181208,0.0002719061927133,0.0001474617495782,13.2389135824538,41.0083927554819,15.0
9.28125,13.8520643305733,1.02562322113294,1080.51630868041,41.3561507793036,2290.75542627341,117.601897665898,386.50034045907,4.48063831764521,8.47756893124434,0.403090079971222,0.478877114162311,3.16271952868294,5.48103578300459,0.0045001417835742,0.0006416954811677,0.0003899271013758,13.0901515212321,41.0226567225331,15.0,2968.31458543547,160030.0,240,13.9322008858197,0.967391277667213,1080.45520798159,39.1563047027507,2290.73725997847,117.603003768503,386.59484883089,5.41015625315281,8.87235937231689,0.211382474182156,0.471179543139807,3.04013507710589,5.42802436642443,0.0023457125747301,0.0002643013350469,0.0001437689072833,13.2387636182478,41.0206010037632,15.0
9.291666666,13.7476986738344,1.01132663703345,1080.75300162743,40.7397455478889,2290.66923104044,117.665928430705,387.02364951191,4.54335082166075,8.44411602416013,0.383997871867305,0.474402538841227,3.12618376248296,5.4958990772398,0.0042819780053278,0.0006305992004292,0.0003843247560006,13.0868434625211,41.0487354204294,15.0,2968.4252186841,159025.0,240,13.8299688626614,0.954583759438177,1080.60981810311,38.5977177797493,2290.45914272981,117.65630775749,387.084495607633,5.4620623337518,8.8287457576176,0.202807617801956,0.466794838762376,3.00668042911837,5.44451128462914,0.002250245350977,0.000258507568993,0.0001409049154437,13.2376426661882,41.0428477169626,15.0
9.302083333,13.6501450106357,0.998290538927369,1080.74901849971,40.1642563955427,2290.00930516755,117.702679440977,387.463105366562,4.59456812092222,8.41018673380739,0.369614786866835,0.470294263188073,3.09201677015455,5.51085340071061,0.0041175265923835,0.000625334407772,0.0003821065922114,13.0831860514063,41.0653714932396,15.0,2967.86530227269,159755.0,240,13.7293137894816,0.942792991725759,1080.72577071866,38.0808668900159,2290.03936955302,117.704812429964,387.564278855863,5.50534684749432,8.78485373193136,0.196312845298993,0.462782307907065,2.9757397068186,5.46091977189326,0.0021774773763505,0.0002549729491345,0.0001392676280526,13.2364324081625,41.0635125778299,15.0
9.3125,13.5584035091508,0.987122070957646,1080.49023504232,39.6521445774918,2288.75293580463,117.710862095818,387.812055366928,4.6235453028243,8.37276043600167,0.362400814030843,0.466813167120857,3.06135662046129,5.52615237995212,0.0040337910858698,0.0006277864497152,0.0003843803792884,13.0769844778549,41.0721091825843,15.0,2966.61775655233,161585.0,240,13.6326421993258,0.932496612694673,1080.64598278319,37.6196541034132,2289.14963741472,117.731678669596,387.975636035082,5.53243605732938,8.73922429144656,0.192964525477495,0.459244752320882,2.94797021884458,5.47746462592947,0.0021389577930312,0.0002553177230447,0.0001398298185171,13.2339912554459,41.0767202858645,15.0
9.322916666,13.4798593049757,0.978465073225513,1079.89256728653,39.2296243168816,2286.7264694909,117.681468358801,388.034737721789,4.62586325772042,8.33786843766809,0.364113328979537,0.464216182322185,3.03551080442043,5.54086343012126,0.004049522911966,0.0006379913979256,0.0003908573572607,13.0690516560798,41.0657583574382,15.0,2964.47296914925,164125.0,240,13.5439806039079,0.924133667452271,1080.29930498623,37.2306676859162,2287.64644299595,117.72950840291,388.289599394055,5.54052330180544,8.69534673206634,0.193362454261655,0.456372009511743,2.92416906555398,5.49356210823778,0.002141013257422,0.0002596037149795,0.0001424996323962,13.2305520092842,41.0798621603263,15.0
9.333333333,13.4210913973459,0.971707574342617,1078.81133260046,38.8782050810291,2283.63127621938,117.599600026952,388.075922982729,4.6175816895136,8.31715337558137,0.371161743896653,0.462393329664811,3.01341317073444,5.55338845296303,0.0041231500453622,0.0006471527955438,0.0003955817775444,13.064455485532,41.041021886041,15.0,2961.02801909745,164000.0,240,13.4708795608003,0.917435059770093,1079.56182069562,36.9005708822366,2285.27462663315,117.685225911271,388.458210958762,5.5391056263885,8.664044883216,0.195955919796772,0.454151493462555,2.90349153185874,5.50768731933834,0.002166779092872,0.0002641015805663,0.0001448497459475,13.2282516107572,41.0682859943631,15.0
9.34375,13.3735246148087,0.965879716939825,1077.41268075935,38.5621204528738,2279.83250687622,117.484511912874,387.999421356787,4.61390739710449,8.31131834590164,0.377632542530651,0.460676418619942,2.99329076131004,5.5636499575882,0.0041899400498488,0.0006532949328438,0.0003980945090949,13.0643707346783,41.0045638978473,15.0,2956.72185394196,163000.0,240,13.4141565072401,0.91172855518436,1078.41641570064,36.6008424668413,2282.00594338657,117.597450682259,388.475340423503,5.5396142017239,8.65110059471973,0.198436309219283,0.452258577971689,2.88439217044816,5.51908230400349,0.0021914451163132,0.0002671018038821,0.0001461124928203,13.2281089535062,41.0414230351605,15.0
9.354166666,13.3226615179147,0.962124163844896,1076.14491658994,38.3224321075495,2276.28935042783,117.38464559099,387.969018344391,4.5903752218958,8.30249159642684,0.387852893577493,0.459277708077599,2.9775939164284,5.57380669650228,0.0043013377989387,0.0006706429131018,0.0004084589191048,13.0593160081415,40.9733728209471,15.0,2952.81280191124,167040.0,240,13.3625974191165,0.907659919215117,1077.1163346601,36.3633163902864,2278.38689691829,117.494093495696,388.433302224255,5.52724823750566,8.64333168672519,0.202848439998214,0.450728433027839,2.86881309565092,5.52940236796118,0.0022372838104072,0.0002748264382334,0.0001504888904683,13.2261140035446,41.0090593991492,15.0
9.364583333,13.2806515068339,0.961338437654383,1074.9529118341,38.2057229059341,2272.88623388832,117.292976839135,387.955379509206,4.5402887349052,8.2960565087083,0.407442801540163,0.459265835036615,2.96870192282957,5.58286619020215,0.0045169958742137,0.000693284960323,0.0004213947251474,13.0515197651628,40.9450032416812,15.0,2949.17867116378,169760.0,240,13.3133576116951,0.905893013138757,1075.88877504179,36.224749815645,2274.90784829584,117.399795007405,388.411318602308,5.49460045450338,8.63644589306424,0.21109358578108,0.450046368524971,2.85882970815889,5.53893226198532,0.0023246742592533,0.000286060551695,0.0001567266435715,13.2222515413371,40.979833253662,15.0
9.375,13.266678328715,0.967984814408652,1073.11895783214,38.3075885952494,2268.10106295532,117.129167688637,387.682265360333,4.39319709872759,8.28309710780263,0.46070466992341,0.461815116279686,2.97160150820003,5.59196230954481,0.0051167661142367,0.0007644527970364,0.0004646868060204,13.02670054908,40.8914178323914,15.0,2943.92284519805,186175.0,240,13.279836655649,0.909316111673133,1074.40187213235,36.2828452194132,2270.87092872325,117.277983985853,388.275289254746,5.39397002696865,8.62762974049485,0.234145663801037,0.451050968525824,2.85969973927099,5.5478635664179,0.0025719426200799,0.0003188221196342,0.0001758545854342,13.2106919486912,40.9410279319038,15.0
9.385416666,13.320889583168,0.98105380464227,1069.6800049201,38.6259071126688,2259.90948627748,116.788954407495,386.771344980378,4.17783200565727,8.31758266067755,0.569705983526591,0.469870071960578,2.98630278608921,5.59314214949899,0.0063358192055349,0.0008535940725554,0.0005107968999047,13.0147097784745,40.775884854828,15.0,2934.41368691471,186165.0,240,13.2904212975427,0.917803034748839,1071.91203975257,36.5169726366224,2264.71411698901,117.048415057823,387.737658361391,5.23223626804554,8.65646808951681,0.278777739483775,0.455110321020273,2.87009495211355,5.5503570981928,0.0030504569442912,0.0003614884621679,0.000197884073127,13.2018565088254,40.8643968013499,15.0
9.395833333,13.4262114977985,1.00666114143733,1064.32054416422,39.2216183696377,2247.76238510537,116.241691840348,385.10308752986,3.79334863705516,8.37611350511403,0.80601130361281,0.483700855639156,3.01660207522257,5.58906631464153,0.0090666171258025,0.0010816220677802,0.0006345970441802,12.99468514516,40.5874023486611,15.0,2919.92754701857,209020.0,240,13.3647669226288,0.934664075902346,1067.59277197206,36.999426799507,2254.74628458147,116.625228159044,386.47545275575,4.9226060657977,8.75064598050479,0.383386567087921,0.463064452841059,2.89422712068583,5.54231810317337,0.0041751301879762,0.0004658961799941,0.0002533415463565,13.1899243650708,40.7196557843909,15.0
9.40625,13.6072625919032,1.05162223181783,1057.470278756,40.3752482031921,2232.49440078734,115.51788846491,382.756653848457,3.25213108508629,8.42939596455132,1.28718102658417,0.511287000786558,3.08116599569766,5.58082618287416,0.0150044350446889,0.0015299488058739,0.0008702826420228,12.9725532582245,40.3364605194362,15.0,2901.7131979345,227090.0,240,13.5024225008176,0.965426632586649,1061.43711247468,37.9331061407239,2241.0131005894,116.007558248572,384.444649530763,4.37995257480574,8.90597849468038,0.628294602944727,0.479390692694746,2.94479051958784,5.52181049433639,0.006835041299025,0.0006875222679857,0.0003686624057402,13.1725754808505,40.5062261903468,15.0
9.416666666,13.8720595865532,1.10381805929196,1048.80058290655,41.8627262401613,2213.25027528159,114.571719655912,379.578064095045,2.82144800426483,8.50240251656917,1.9444773343042,0.542888868566746,3.16983087622083,5.5679932868639,0.0240109234546118,0.0021570802098903,0.0011954076555382,12.9916643377442,40.0069957780428,15.0,2878.55277296797,223880.0,240,13.7281607716286,1.00504908789192,1053.61295269637,39.1665052909069,2223.71797505716,115.19770056761,381.654264113255,3.80784279758352,9.14425441513893,1.02424580021875,0.500920740587224,3.01641945405157,5.48682798571983,0.0112390434494934,0.0010184848471451,0.0005380001443138,13.1753280167067,40.2246905862376,15.0
9.427083333,14.1055577370562,1.16859131056626,1041.51022171432,43.8118421321482,2197.08416485227,113.763508441278,376.799996351353,2.50202251527922,8.50057976780273,2.71740683745656,0.575509470427662,3.28590351414189,5.56205858528048,0.0367417110197854,0.0030077696441105,0.0016434663647144,13.0239648508498,39.7250108176426,15.0,2859.52105823175,234210.0,240,13.9771564212553,1.053437486312,1045.46337055479,40.7187635737608,2205.78596045283,114.334345827688,378.616519317062,3.31738835121276,9.35234041234512,1.56775230257807,0.524333512552198,3.10867958812404,5.45389436672003,0.0176116207837218,0.0014873757716894,0.0007824509752209,13.1876494281521,39.923773945476,15.0
9.4375,14.3189381911799,1.25287522065032,1037.18351252393,46.6094960734017,2187.07652045774,113.237679125639,374.906590530855,2.24052426997709,8.38467747291778,3.62634455554367,0.616968520715729,3.45555923310303,5.56518764714628,0.0556322596492152,0.0041637281445279,0.0022546267839806,13.0581831793773,39.5408737390253,15.0,2848.91600433795,242595.0,240,14.2018270638961,1.11701403606671,1039.63932157616,42.9773208850982,2192.83549444616,113.689744191303,376.268308981048,2.89284022953381,9.4181286628318,2.29987278789532,0.554200483009369,3.24443026627993,5.43526562667734,0.0271500845352866,0.0021642348383376,0.0011405553706229,13.2005971521485,39.6987204570841,15.0
9.447916666,14.5480537361423,1.3531812078725,1033.3308611885,50.0537598926205,2177.72115349093,112.703074436184,372.940213041731,2.03688107016081,8.16551716866171,4.63730525287816,0.664479528131891,3.66961783612691,5.57823881609302,0.0820261465479028,0.0056334785578031,0.0030325482716603,13.094700627157,39.3527132912125,15.0,2839.57633150589,253535.0,240,14.42972798473,1.19543775916251,1035.39112494274,45.9459879537579,2182.99941251621,113.155815611884,374.263684545383,2.55655738360998,9.33061651559396,3.20517914627805,0.590635768038609,3.42723200178325,5.43300543719219,0.0412532784346269,0.0031092718472022,0.0016434871944543,13.2162967239215,39.5116510915794,15.0
9.458333333,14.785520577312,1.45537576749564,1029.5944200526,53.9804774593474,2168.06160099007,112.113384672807,370.758472367906,1.89946254321518,7.89590275887843,5.62391594674891,0.709372307960932,3.91959324370078,5.59666076800283,0.111473063400221,0.0071468651516426,0.0038418663818884,13.1338254355793,39.1444017639159,15.0,2830.23956797998,255000.0,240,14.6666206387547,1.28140076327886,1031.45824200447,49.3932591992955,2173.41033318553,112.586324556843,372.124934495272,2.32088124034983,9.13603371983742,4.17562363949481,0.628829119771823,3.64491585639777,5.44273024343235,0.0600729689933488,0.0042672675868215,0.0022582482126662,13.2355338209136,39.3112392751489,15.0
9.46875,14.9994379104797,1.5535315645162,1027.06184269897,58.2747772209277,2160.49918958049,111.60678668186,368.835416622328,1.81178337355046,7.64045603675993,6.40498710207099,0.740774565618864,4.19276362014508,5.61471837441903,0.136323495164026,0.0083410913935528,0.0044931912947764,13.1653356365199,38.9645323648069,15.0,2823.93190887704,255045.0,240,14.8929815532974,1.37004672158006,1028.27515398887,53.1655112323022,2164.93281749191,112.039030198837,370.050900307093,2.16915814658669,8.9098370384845,5.03007781565484,0.661225701865777,3.8856405626412,5.45669339009653,0.080500691902168,0.0054191251166086,0.0028700762603986,13.2540660813344,39.1176389868184,15.0
9.479166666,15.1799415099868,1.64854381200485,1026.86232086412,62.8977643273379,2157.44007568541,111.317485925704,367.625672249097,1.75072669973443,7.43776954464447,6.84964392994054,0.760655950188592,4.4844120178689,5.62792781941002,0.152562966934644,0.0090863517342906,0.0049154431606829,13.1822465163189,38.8602812865571,15.0,2823.75270025367,253565.0,240,15.0888619703283,1.46075645372225,1026.96608345293,57.2457670524389,2160.00366825636,111.651985965398,368.508249307397,2.0675779705263,8.69928685462343,5.61871889332163,0.686943750266284,4.14463622976133,5.46969716272853,0.0978108241506042,0.0063304908457724,0.003362292983944,13.2663016785026,38.979386296028,15.0
9.489583333,15.3234126209205,1.72186380169402,1028.34528456555,67.2490406256744,2157.91966573715,111.211483675603,367.013872246047,1.72836793883306,7.36025316690674,6.89184268787856,0.766799110951071,4.75533350894445,5.62784989253731,0.15664881435038,0.0092515894929346,0.005019281584047,13.1998892328467,38.8201650458455,15.0,2827.9196339219,235465.0,240,15.2490533502648,1.54180047158077,1027.60236877227,61.1427538920264,2159.01125739757,111.465834525854,367.62307981428,2.01333486324362,8.60990426466733,5.80300277609307,0.703277135593109,4.39062626075705,5.46922497058854,0.10520906444692,0.0066894050014945,0.0035649170742412,13.2776932182407,38.9112499628371,15.0
9.5,15.3924922115688,1.78683449242648,1031.47644824605,71.0913307106932,2162.82531769848,111.342410016279,367.194311987864,1.71171308320601,7.35716114639702,6.68950738861416,0.763665586177139,4.9793826925098,5.61927508902085,0.152876538959913,0.0090490981032603,0.0049201049010269,13.2146949526114,38.8631299726828,15.0,2837.09471147404,229060.0,240,15.3534449177635,1.61217455370877,1029.77362926321,64.5953539256275,2161.76621084388,111.478947093444,367.401848582413,1.98307476230396,8.61912691156829,5.67465785749331,0.711481296193686,4.59990403093816,5.45797507604349,0.103787696146971,0.006582179592724,0.0035178600615572,13.2873924875832,38.9130170044289,15.0
9.510416666,15.4168396241545,1.85236456427989,1036.09974077513,74.7615077768881,2171.41186769631,111.65876116389,368.001319620066,1.683808762951,7.35189511934849,6.40463559960398,0.764893721079184,5.18572239709353,5.60935602082488,0.148161931850434,0.0088174723776297,0.0048102112564415,13.2189423820173,38.9711017299066,15.0,2850.67822407165,229040.0,240,15.3996820002513,1.67902956250011,1033.62749423518,67.9574574484349,2168.71073428681,111.703225251067,367.901163677043,1.95189073037124,8.61770465809956,5.42716614008575,0.719664896252097,4.79330178432762,5.44751118290214,0.0999305659043445,0.0063585110161001,0.0034108287854908,13.2910069740867,38.9888292475286,15.0
9.520833333,15.4461125354275,1.90678260873952,1040.27551061651,77.925493071963,2179.16912238506,111.926640789095,368.654045104451,1.66617249488915,7.36321165788147,6.07505016447445,0.768317713114561,5.36463609669637,5.59768402988108,0.141716599201738,0.0085054586873361,0.0046523052488821,13.2209721918938,39.06255533037,15.0,2862.76002547309,223740.0,240,15.4287845706432,1.73785143973188,1037.97143258811,71.0163746149199,2176.94909955418,111.98854753315,368.613673033555,1.92967221356282,8.6220427614949,5.11926100850176,0.728350359626689,4.96757865220722,5.43609640703085,0.0941426806675084,0.0060365527650694,0.0032489406262504,13.2925823571684,39.0863638048715,15.0
9.53125,15.4727708378719,1.95080963606187,1043.38816469089,80.4273497033209,2185.05508932585,112.096434428765,368.996157207663,1.65741896368207,7.37657017420519,5.72532544772938,0.770093120686556,5.50381703628629,5.58708182496438,0.133425783238018,0.0080971649352332,0.0044362637888316,13.2210753346822,39.1203061540182,15.0,2871.81262613288,223385.0,240,15.4577950885499,1.78621423830166,1041.56175014244,73.5316766760227,2183.83388192534,112.201473320135,369.098780871869,1.92120098393638,8.63330324631959,4.78070664660894,0.735308977579528,5.1100751965868,5.42495142549371,0.0867710631657112,0.0056232394900838,0.0030332253259009,13.2930025630544,39.1591181624578,15.0
9.541666666,15.4931422057544,1.97483686592116,1045.96351880214,82.081122813793,2190.27511062411,112.236664822861,369.244198435035,1.67054161356086,7.43602634836496,5.35177383449715,0.769254042713168,5.59366291352135,5.57139356777328,0.122346392966534,0.0075383616860409,0.0041308877191208,13.2272800288935,39.1683309624626,15.0,2879.22670984531,208725.0,240,15.4813181268402,1.81804534326358,1044.39249911202,75.239101559202,2189.54175998726,112.359836448766,369.407881997102,1.93604776718375,8.69249305947002,4.40337753932783,0.739033134351143,5.20492119592485,5.40855232394801,0.0772730491684676,0.0050789077334477,0.0027410926310089,13.2949397197751,39.2133962212729,15.0
9.552083333,15.4816512563698,2.00510534466668,1048.69956414901,83.502600463923,2196.3414201612,112.417475286307,369.656664658686,1.66133963974257,7.4148501542793,5.03731327637379,0.767865510356455,5.6650551048091,5.56636620445785,0.114345797137806,0.0071303598908097,0.0039123127548439,13.2199237682182,39.2309741337602,15.0,2887.38652413966,228390.0,240,15.4864317071547,1.84689097608806,1047.09007500498,76.7268857230835,2195.32518465077,112.517514869013,369.743804609745,1.94485681375453,8.6787676280835,4.08390374609428,0.741264807105408,5.2839513552904,5.40247942815614,0.0701793175616972,0.0046672855782288,0.0025219954785882,13.2920281799637,39.2678407157612,15.0
9.5625,15.5208701351399,2.03704452882889,1050.56689284231,85.0912150039014,2200.00390816957,112.45665408537,369.604940234982,1.65168426984323,7.36060598611164,4.84451572124212,0.777014421643174,5.75652572531099,5.56498605950117,0.11028013197941,0.006923266810538,0.0038050551870789,13.2083426958353,39.244390882325,15.0,2892.72600091384,225310.0,240,15.4970217411361,1.87728492033358,1049.5877212108,78.3388709734226,2200.6306594924,112.63786278492,369.975934246625,1.94381985742467,8.58723104055216,3.86916751972988,0.748095766517156,5.37253309724814,5.40596999843412,0.0659206206919704,0.0044193830088738,0.0023926246915874,13.2851134239734,39.309596601323,15.0
9.572916666,15.5961120946652,2.05232030348662,1050.17854005711,85.9259146908748,2198.98542319281,112.252504575936,368.751332294833,1.66537923286791,7.34717002767047,4.67293706098226,0.781920108243626,5.80820507835014,5.56103628440136,0.104521021544486,0.0066134658327498,0.0036331222759116,13.2142843768546,39.1731831383529,15.0,2891.45017346244,217760.0,240,15.5576984006986,1.89629705795858,1050.23980233784,79.3120154189091,2201.84940281491,112.546198790096,369.496468375119,1.96107765170551,8.56620854934939,3.68236488047705,0.754047702960125,5.4315882962569,5.40192656705956,0.0613945747929572,0.0041420137176284,0.0022414667027782,13.286507719666,39.2776009505764,15.0
9.583333333,15.6283016611877,2.05923282805789,1050.68471156329,86.3815244202,2200.5440674634,112.184632176601,368.359926844114,1.68443958519687,7.33661508089055,4.46173951956956,0.781268040802891,5.8312231248625,5.5568106668634,0.0971989247156169,0.0062175409362388,0.0034137001374738,13.2231686908781,39.1499235993598,15.0,2892.97858955022,213465.0,240,15.6085856811688,1.90509847586391,1050.32127150509,79.7444428382875,2202.28816893541,112.417966755136,368.903392520379,1.99143397971795,8.56686359594656,3.47918553868801,0.755648744564131,5.45647508074918,5.39612662481681,0.0563508508864649,0.0038297560797705,0.0020701820578066,13.2899116254163,39.2331128639781,15.0
9.59375,15.6249694781705,2.05318186588235,1052.74351627349,86.4346559668723,2205.91275561961,112.317504933915,368.631997961382,1.71561405156155,7.36452463319844,4.20376114375882,0.777640509771353,5.82847593721113,5.54693822513714,0.0879169793250177,0.0057082753304636,0.0031317496500481,13.2367047671977,39.1971097214801,15.0,2898.92815535756,200005.0,240,15.6247436072924,1.90304355460027,1051.58084771191,79.7599689329274,2205.76619495516,112.452250321657,368.850642352565,2.03809271934202,8.60467264805702,3.22520542126083,0.753918034162765,5.4538565497248,5.38505306374125,0.0502140264615381,0.0034432218677782,0.001857652008527,13.2948373343851,39.245682444842,15.0
9.604166666,15.5761959872916,2.03211635874305,1055.58830887147,85.7539436852165,2213.63950484951,112.584661402808,369.355103672427,1.76181405937743,7.42879016928156,3.87844148033623,0.768090684491875,5.78012562448958,5.53249927516056,0.076618095420703,0.0050749444166978,0.0027821514548038,13.2503228250126,39.2915986084268,15.0,2907.1598408174,191345.0,240,15.604767767959,1.88734151684999,1053.82269886535,79.1842005658611,2211.89072606056,112.63309829554,369.287419759844,2.10826815380316,8.68632529885162,2.91369388684896,0.747755273247961,5.41482480759178,5.36812631882788,0.0432548064947344,0.0029979615920433,0.0016131091578976,13.3000679150905,39.3097310493147,15.0
9.614583333,15.4837273260136,2.02937549907545,1059.21382278296,85.4715156818309,2223.17592426264,112.941023618243,370.414362802004,1.76232910256526,7.34832166475214,3.64543038393435,0.760414794829839,5.75126024079239,5.53626713437556,0.071573310356163,0.0048050042219353,0.0026413958485168,13.2332362540971,39.4174576939166,15.0,2917.9755801312,222540.0,240,15.5342848853793,1.88039091361443,1057.09026857459,79.0447972671379,2220.4609604633,112.9319207302,370.162004864804,2.14457718789306,8.59633083393982,2.6997493587072,0.741576222970909,5.39636985524302,5.37354189234362,0.0394213041628601,0.002768596936742,0.0014935946790637,13.2940152119863,39.4152681204397,15.0
9.625,15.4973588029263,2.02633201987981,1060.46800772926,85.4039738610712,2226.70396290149,112.977927445652,370.410057730739,1.77496320182051,7.30293626460522,3.50979965415132,0.764333268430509,5.74888464795622,5.5371038498894,0.0680198889299634,0.0046119762029352,0.0025402802952305,13.2109852278901,39.4320387973106,15.0,2921.54697634914,211770.0,240,15.4901213891725,1.87804331718197,1059.77858839866,79.1544448894719,2227.45019169186,113.143280553847,370.756909017348,2.16719919079832,8.46974144624524,2.56586230355722,0.741471439809603,5.39773199940695,5.38390209463128,0.0369651991005995,0.0026138281980289,0.0014118972363952,13.282502354215,39.4906303863346,15.0
9.635416666,15.5535329117,2.00541033196627,1058.49951421474,84.4119928760493,2223.50723155565,112.68454806931,369.318386233622,1.82711715332054,7.34940827672065,3.33708594052393,0.758956903184703,5.69455668807091,5.53055760644411,0.0616495808745111,0.0042327421693455,0.0023288144729674,13.2104695813728,39.3315340985912,15.0,2915.81490528597,203775.0,240,15.5279469727978,1.8627689391988,1059.36315029542,78.4438230248726,2227.52458693424,113.011642333129,370.201520776029,2.23232807962084,8.49112720729699,2.39919616140266,0.738690389533654,5.35957045903267,5.37850762064638,0.0335663401130405,0.0023836314140742,0.0012838568494381,13.2813258198099,39.4463844753984,15.0
9.645833333,15.5453469163205,1.98794528869842,1058.27031867751,83.5099850099353,2224.44038550252,112.611518642626,368.976222992295,1.86792740943323,7.36276260168025,3.15147826356602,0.750317629971531,5.63761013291645,5.52787511472331,0.0562430869308386,0.0039135646040575,0.0021543546934062,13.2035621436605,39.3081241960213,15.0,2915.33741626569,209120.0,240,15.5472142926663,1.84498142640354,1058.37656718677,77.542044992777,2226.63151576595,112.839569301704,369.534014968238,2.30204111449742,8.49886837288573,2.23534920496995,0.732492129170867,5.30566995983037,5.37657228187019,0.0305212294332413,0.0021836294434045,0.0011747632388414,13.2783866021473,39.3881622167658,15.0
9.65625,15.5284644608848,1.96057234988267,1059.65048141033,82.4962467823415,2228.8035591413,112.719266992931,369.222460391086,1.93167793328089,7.44006116580151,2.9383654208177,0.743644498523045,5.57644021465635,5.51613861603277,0.0496072126693037,0.0035017495377169,0.0019263383422592,13.2081198646186,39.3480078165549,15.0,2919.1800169009,188925.0,240,15.537276038529,1.82089629166405,1058.94489974069,76.5056471062185,2229.23947505014,112.855467147495,369.489706708044,2.39538013406578,8.55276140973804,2.03380166381051,0.726053573957519,5.24277409873816,5.3679642793079,0.0269306455162453,0.001935462902649,0.0010374225346248,13.2790414879646,39.3957352203972,15.0
9.666666666,15.4695237756839,1.92089166343465,1061.47654995027,80.8136799177536,2234.58895192404,112.915494286574,369.77353476062,2.01506412933628,7.54454049760749,2.67737638556457,0.730862436293361,5.47476458617441,5.50140637719617,0.042601857684924,0.0030592079438121,0.0016816607302255,13.2188668067618,39.4188708241241,15.0,2924.24031124753,185235.0,240,15.5074453080901,1.78569772519453,1060.29034140338,74.9909716032311,2233.72959152084,112.979263337464,369.808409613001,2.52571765529832,8.6601555878466,1.79374085427866,0.716254829377865,5.15268292999086,5.35273435674227,0.0230102366229389,0.0016673506862167,0.0008904767881743,13.2836696696311,39.4410492691073,15.0
9.677083333,15.3567393609201,1.88578257784444,1064.44613675209,79.2401480116428,2243.07496227729,113.254655315777,370.829092086332,2.0776850713757,7.56690359480977,2.45212201482888,0.718995892860884,5.37582038599693,5.49646298985746,0.0376955154229706,0.0027597850773636,0.0015213756931908,13.2122827786382,39.5397990126141,15.0,2932.78859509181,193775.0,240,15.4246827360952,1.75155405039012,1062.58718257847,73.5670333114912,2240.51283200541,113.224294151224,370.564266768456,2.64126612887024,8.67177167616934,1.60028281302522,0.705389697735895,5.06426841235962,5.34995630731046,0.0200988625703789,0.0014753273597243,0.0007881384650751,13.2813865846146,39.5288652856026,15.0
9.6875,15.2784785602748,1.85405275535926,1066.86450025353,77.8243299495042,2250.17143681245,113.520446165375,371.653107231117,2.12902581338256,7.57113168359909,2.30384880327784,0.712762961005109,5.28928980117375,5.49429551902551,0.0345143126522894,0.0025626123690829,0.0014157026669144,13.2017398667132,39.635237078208,15.0,2939.75179311764,193540.0,240,15.3296098716008,1.72047610426958,1065.32841529522,72.3211354591497,2248.26195309249,113.519767270436,371.506389039919,2.73617305895559,8.63079384186911,1.46224514165221,0.696942803582714,4.9862811654964,5.35383208856218,0.0180926198199194,0.0013417267430877,0.0007170248736811,13.2761837626041,39.6344988144827,15.0
9.697916666,15.2444839731624,1.82108461851187,1067.27858934639,76.2439070279235,2252.88846599427,113.56581296714,371.759308034908,2.17106095611799,7.57542351069031,2.23010764928332,0.706969489318525,5.19613392550977,5.49371444595355,0.0328260703296529,0.0024598779839431,0.0013602299486363,13.1955087692222,39.6536537052913,15.0,2941.04230280695,195625.0,240,15.2719631973457,1.68964540431845,1066.83109601174,70.9958263700167,2253.24829990431,113.677710913863,371.997742764808,2.81181153702865,8.6004513160789,1.3808655830035,0.689683006280676,4.90655152275932,5.35734438260982,0.0169026032614604,0.0012636185321744,0.0006753278193944,13.2729547828522,39.6921602004741,15.0
9.708333333,15.2211550026584,1.78608313884043,1066.86079887425,74.5980661459014,2253.79408702803,113.526791484426,371.594652206355,2.21471785087971,7.58812146122,2.17558227435038,0.69946519550932,5.09979476384811,5.49289295544791,0.0314275182978687,0.0023717954650154,0.0013116119636439,13.1908838971999,39.6425408428965,15.0,2940.01270243639,192675.0,240,15.2389349823653,1.65777173977508,1066.98669468053,69.5358628864792,2255.30965930137,113.694896496872,372.025804281282,2.87441784742851,8.58941425247123,1.3311736118648,0.681813989319969,4.82030507251714,5.35930231809947,0.01614615764437,0.0012126923646072,0.000647336699733,13.2708638918237,39.7006146814426,15.0
9.71875,15.1926136454678,1.74945778737457,1066.56686475466,72.934128505038,2254.90144382785,113.508619528565,371.505616020578,2.2740623225451,7.62179432734374,2.08407939644303,0.689352146002978,5.00236041823783,5.49018781334398,0.0293908340854473,0.0022389499952612,0.0012382782288667,13.1872717880258,39.6387112049595,15.0,2939.29153788124,190145.0,240,15.2123051103449,1.62450703793349,1066.72405946275,67.9970711808019,2256.42237199882,113.673958829287,371.932567375319,2.95127042508483,8.60435467306561,1.26730931292743,0.672635625012746,4.72990444508494,5.35867113374629,0.0152187670126626,0.0011484795066023,0.0006118836290293,13.2696751736141,39.6957113561313,15.0
9.729166666,15.1498286478768,1.71347135171172,1066.75527024752,71.3227420607742,2256.94896798434,113.548750837984,371.62069440641,2.34959889678421,7.66548268759423,1.94990710962278,0.677892287139157,4.90727691396878,5.48692600255108,0.0267723060690024,0.0020664834012333,0.0011440531319089,13.1802857801437,39.655307581581,15.0,2939.88879983896,188860.0,240,15.1773837597422,1.59121918668576,1066.66196161815,66.4810463046092,2257.88693058986,113.679777546219,371.941751747253,3.05082619013626,8.62345508670523,1.17723267893943,0.662546527913876,4.64042788975901,5.35832178446267,0.0139878604362254,0.0010631820551226,0.0005655068054745,13.2672944193057,39.7001830896133,15.0
9.739583333,15.1006107044544,1.68062701676771,1067.2535845757,69.8385621041332,2259.53810393613,113.622631470392,371.862074169022,2.4265055848294,7.70197465249978,1.81557323204334,0.667957676165342,4.81916266215377,5.48519106661161,0.0243756751780482,0.0019105519869297,0.0010599724445596,13.1702882459976,39.6837647932757,15.0,2941.34904078649,190465.0,240,15.1324749888777,1.56001202397959,1066.96896558244,65.0871373386224,2260.02872551593,113.725966385749,372.103601206334,3.16142151954415,8.62758148942481,1.08046678607695,0.653025316907471,4.55749333192066,5.36073516138862,0.0127163531086455,0.0009764765871161,0.0005191632063264,13.2632680410607,39.7188453496053,15.0
9.75,15.0596676642807,1.65075596162216,1067.56372530523,68.4731357360609,2261.59396993779,113.673018216173,372.037535389114,2.49338746441778,7.73195955540656,1.71543979722542,0.660072543369512,4.7382251369232,5.48477955457457,0.0226419267468946,0.0017983812149326,0.0009996864277711,13.1600464244981,39.7040370672431,15.0,2942.28406623871,191025.0,240,15.0872429186919,1.53148812378212,1067.36525945164,63.8220994685788,2262.24242821886,113.780083785226,372.30598919772,3.26270217023351,8.62023049042715,1.00209202423205,0.644755926899168,4.4819792463139,5.36524812078957,0.011704355837267,0.0009079469600746,0.0004827304862102,13.2587861105392,39.7403479354296,15.0
9.760416666,15.0300815247658,1.62269234228704,1067.40835412905,67.1605345400391,2262.56332222955,113.672043192163,372.05143966291,2.54516215873639,7.76163864344886,1.65834003112509,0.65363321503657,4.66086410011155,5.48477430285302,0.021626562765478,0.0017341489886273,0.0009649511769627,13.153090342716,39.7063244268501,15.0,2941.92151363542,191045.0,240,15.0512057899723,1.50488368046255,1067.46981835422,62.6225855931056,2263.72689969948,113.802181014909,372.408713670308,3.34430154383296,8.6188628021866,0.950560966663327,0.637522131875559,4.4106823092901,5.3694163701084,0.0110367287869153,0.0008634508655346,0.0004589956286309,13.2555191275568,39.7506680320247,15.0
9.770833333,15.0038589131918,1.59684787510371,1067.02269408177,65.9333951873622,2262.98713849156,113.647386050585,371.991577093453,2.57813207135747,7.78975487669688,1.63955003664544,0.647955303436878,4.58850233271485,5.4849015847596,0.0212232009496061,0.0017117650346246,0.0009527104836982,13.1492111847797,39.7002491522064,15.0,2940.9618300427,190965.0,240,15.0222030627979,1.48008922578684,1067.23995222701,61.4793048411296,2264.42768842958,113.790404334676,372.399565956195,3.39859381342178,8.62864025209438,0.926909949552229,0.630923503503112,4.34289078199317,5.37221502470216,0.0107145653113956,0.0008434296876003,0.0004481770982095,13.2536288096749,39.7490944959152,15.0
9.78125,14.9832415967271,1.58739042831063,1066.46351056978,65.2259478302815,2262.85483856936,113.590339171163,371.835433194582,2.52588793466675,7.74724193227898,1.72591713629006,0.646006276605694,4.5453316093979,5.49383782984197,0.0227543963270952,0.0018482304064608,0.0010330679105835,13.1278672988344,39.6828129621316,15.0,2939.73966172297,212185.0,240,14.9955192956182,1.46684745862639,1066.82554689977,60.7958901134068,2264.60122944621,113.752114050762,372.300852184966,3.35279061917182,8.58763641169028,0.980982446315666,0.626874805911076,4.30083595720394,5.38140919546892,0.0113555783584386,0.0009021719931425,0.0004820557476641,13.2443403912346,39.7382604204517,15.0
9.791666666,15.0381376552536,1.58648736795148,1064.28168463498,64.9626729356705,2258.70501161616,113.32668297927,370.971890715524,2.44345103834635,7.73475747853088,1.91438281590991,0.650617274657542,4.53209741853201,5.49852386575147,0.025798977789081,0.0020634722524747,0.0011504252711069,13.1118436581178,39.5930326716611,15.0,2933.88073166495,209210.0,240,15.007503245011,1.46334519391316,1065.58493748661,60.5164072896046,2262.69489643426,113.609187928018,371.8301085078,3.23721010368054,8.56466817923295,1.10370737124126,0.627471003316157,4.28398340032448,5.3873130677295,0.0128421780442103,0.0010127299545166,0.0005414288555717,13.2351238709231,39.6907778701391,15.0
9.802083333,15.1231995143952,1.58382323183314,1060.56275584926,64.6442339476471,2251.0933429615,112.896127270527,369.534893631402,2.39962613840052,7.77725088839181,2.06030770863843,0.651406955802254,4.51641476281044,5.49709347281364,0.0281209365757992,0.0022205103530877,0.0012340623563624,13.1141605610973,39.4446938699921,15.0,2923.63203564775,206950.0,240,15.0771386819987,1.46069108764003,1062.64124484072,60.2025106357975,2256.82719350714,113.272579092122,370.687178542987,3.14768678523348,8.63143900712575,1.22105696582535,0.627926053174561,4.26796626260917,5.38193765388566,0.0142709877060868,0.0011135137827735,0.0005940077598166,13.2357381716903,39.5753531393664,15.0
9.8125,15.1694162533092,1.58678853458058,1058.409476501,64.610588709961,2246.86721732637,112.637741455026,368.663159961498,2.38727386970197,7.79990306969212,2.0913709228987,0.651671383083875,4.51441535492168,5.49734052440996,0.0286635209283334,0.0022588501740543,0.0012553101125211,13.1150964838516,39.3565836014187,15.0,2917.90857566646,209120.0,240,15.1395857571988,1.46095240062418,1059.73834374907,60.0295012307867,2250.99374532722,112.938885163235,369.550935262766,3.10220208816542,8.69189637010294,1.28063680002977,0.627884185220874,4.25861221769098,5.3773945753579,0.0150083068059764,0.0011647872514634,0.0006207817342212,13.2363392035796,39.4608747970652,15.0
9.822916666,15.1956243564495,1.58275849075105,1057.91341875829,64.5767121428307,2246.26353717809,112.562399733473,368.378089957788,2.42309113288584,7.86094214263067,2.05258272982864,0.652507237319256,4.51284782834858,5.49120384687616,0.0276673740321426,0.0021697684067981,0.0012012669912995,13.1340226714857,39.3324664863698,15.0,2916.76996819264,192015.0,240,15.1775287152208,1.45787575721661,1058.37444035063,59.858766104549,2248.51786648491,112.772995696248,368.969178390155,3.13568056686916,8.76781760509504,1.25110810797342,0.627984508978449,4.24906603024605,5.36981646047062,0.0146078564069347,0.0011267033754086,0.0005976173739475,13.2441617223107,39.4050563978826,15.0
9.833333333,15.1679602124086,1.57897231628668,1058.6421501969,64.4540554204527,2248.59830821593,112.638781719462,368.601664982849,2.44383086356628,7.89209914863793,2.00123397108293,0.648408150631186,4.50278749866998,5.48842467863253,0.0268664677216478,0.0021200533569781,0.0011751079953512,13.1426820268044,39.3612886944714,15.0,2919.22218692255,200520.0,240,15.1823628257121,1.45377265628548,1058.27955252183,59.6930900901795,2248.92214261629,112.750555388956,368.867469183896,3.17680424520614,8.82034564010461,1.21057358806792,0.625894127558165,4.2385123648164,5.36481664000311,0.0140964260687542,0.0010927141423557,0.0005798039771638,13.2496386115419,39.3993395558749,15.0
9.84375,15.1315588921001,1.593433873957,1060.06825596352,64.9433376373931,2252.2860205515,112.770633227191,369.022516864216,2.39110520501246,7.83051151204118,2.05149726601709,0.652724525087243,4.52714491916195,5.49612145021668,0.0281678569417515,0.0022296759305934,0.0012410815541881,13.1248399836312,39.4096005287999,15.0,2923.87527357947,216950.0,240,15.1480822405523,1.46183367039038,1059.35477820985,60.0844393021154,2251.8932232929,112.847961909631,369.174942652509,3.13142744795472,8.75847567284602,1.24456395996504,0.627354058629026,4.25739111165621,5.37352583831167,0.0145635996392534,0.0011365881478659,0.0006066536748706,13.2414964262423,39.4356471458573,15.0
9.854166666,15.1824525159339,1.60790846606588,1059.18119117652,65.5123493899625,2250.57345130072,112.619520269841,368.485711408396,2.32715775079493,7.80659727770116,2.21936893220418,0.663574123735802,4.56342068723884,5.49911220466879,0.0311380027555912,0.0024226466566149,0.0013444535039755,13.1242719634457,39.358862482779,15.0,2921.79831452116,209250.0,240,15.1560809827756,1.4741697260468,1059.67220451889,60.6521852786751,2252.98684944248,112.844231834916,369.125818921271,3.04701685314908,8.72400766614419,1.34301871724816,0.63366028467042,4.29041773957408,5.37771792892611,0.0158266525222678,0.0012251874019231,0.0006541158484375,13.2387735958589,39.436568905301,15.0
9.864583333,15.2388289806299,1.61795029646141,1056.860532305,65.8326077863334,2245.96130019634,112.32431443377,367.461980576346,2.27083622676796,7.79803719892096,2.41161979284445,0.668580343922181,4.58435800878538,5.50064182186031,0.0346492486667821,0.0026496620520888,0.0014653360086678,13.1360975635405,39.2574393367294,15.0,2915.77363097589,210600.0,240,15.2089182822584,1.48372387141288,1058.05951888584,60.9826915874267,2249.85426211168,112.628828555526,368.350822081261,2.95779704540609,8.75164136393307,1.47790360807948,0.638242420856708,4.3123947341308,5.37427881204373,0.0175634990758893,0.0013466567203245,0.0007183975151321,13.2440065924615,39.3632193793709,15.0
9.875,15.2633649062988,1.62795438962126,1056.03868101825,66.3037768379954,2244.71614321134,112.198664288359,366.984442709533,2.22666949697973,7.79105186836598,2.56837376563052,0.672042753276824,4.61187883633294,5.50025154612831,0.0375805197067399,0.0028319508487014,0.0015618846689418,13.148873938325,39.215127804989,15.0,2914.09262690285,205755.0,240,15.2463349433821,1.49270122260018,1056.5656605553,61.3073240640438,2247.13588503636,112.435449483257,367.635392710905,2.87756060948071,8.7860729940552,1.60617566068225,0.641249551573029,4.33217977619062,5.3689972571899,0.0192507217195086,0.0014607082567216,0.0007782593350963,13.2497703222493,39.2973451702881,15.0
9.885416666,15.2661622229066,1.62775533394097,1056.52925802472,66.5426343551772,2246.49487231339,112.231758910574,367.009231386298,2.21974993185715,7.83864267164621,2.64174716344829,0.671303920439124,4.62565159921996,5.49195729144367,0.0385875326935927,0.0028786279208665,0.0015819938263974,13.1713999149353,39.2281875514647,15.0,2916.02695690622,192910.0,240,15.2633977719589,1.49531784794851,1056.32888000064,61.4574519999052,2247.28169997332,112.390673242951,367.394912123796,2.84830655927411,8.86920439494941,1.66349307453847,0.641691966390115,4.34158641481437,5.35624144005693,0.0199833404597285,0.0015016764444735,0.0007973580207811,13.2600499995436,39.2832355915479,15.0
9.895833333,15.2243573199101,1.64932282889341,1058.00692857993,67.2174276883093,2250.54253281518,112.370529028949,367.403618915845,2.14190639189205,7.7546574956203,2.7809995347501,0.673948445356081,4.66069631263873,5.49949592894125,0.0426620184564228,0.0031629085439854,0.0017437773954336,13.1611351782305,39.2781013680507,15.0,2921.11435379719,226725.0,240,15.2450647034343,1.50920582247845,1057.21867229309,62.0759218401975,2249.96819690527,112.463158225446,367.555711950507,2.75919535513579,8.82762866694888,1.7906498638597,0.643666924786611,4.37509965642808,5.35907152306334,0.0218598204732931,0.001649403892106,0.0008815982980204,13.2572454980694,39.3101072568802,15.0
9.90625,15.2768164717588,1.67610143604297,1057.77104090658,68.3657156533803,2250.13773388844,112.265009149423,366.967384135284,2.06408025341037,7.67394270639297,3.03477210125649,0.691453190753935,4.73382782041352,5.50544785507786,0.0486924819320342,0.0035381472926852,0.0019491248861261,13.1554527478508,39.2425034499565,15.0,2921.0620403873,216715.0,240,15.2456442897145,1.53213384492181,1058.01406305431,63.1486157032484,2252.18282745664,112.497828574655,367.581031183214,2.63528840904545,8.73543409868567,1.99489903681132,0.653938571011934,4.43843779379176,5.36669895999588,0.0248884663517952,0.0018583344954611,0.0009957311328791,13.2519615681385,39.3237537841137,15.0
9.916666666,15.3689729010033,1.68787480314594,1054.72900543465,68.9259344580111,2243.80476036213,111.867008521581,365.551004627166,2.03992816337486,7.6623846396842,3.21443651476723,0.696463849449977,4.77309381241276,5.50551646977043,0.0524358163075372,0.0037538218080761,0.0020614011077081,13.1714872046007,39.1044416529423,15.0,2912.98661629235,211860.0,240,15.3221730338121,1.54707465901251,1056.25311835198,63.7698402600975,2248.6199784516,112.242884348041,366.620731241713,2.56784534069738,8.75255997332997,2.15846264842235,0.660530979785709,4.48144720793255,5.36172493356502,0.027291248430861,0.0020123771293424,0.0010761832149669,13.2595680062277,39.2358671628082,15.0
9.927083333,15.3985995424459,1.69817840795598,1053.81301940419,69.5116583381354,2242.42239585828,111.723936035937,364.97146015366,2.02925240072676,7.65747786498465,3.28810089535012,0.695986692892582,4.80727614560601,5.50385172700993,0.0539716337659461,0.0038369660952647,0.0021039550312261,13.1823367593197,39.0554980429975,15.0,2911.1234758749,208625.0,240,15.3780604750361,1.55789820797936,1054.3555322963,64.1962968920174,2245.0298356239,111.990384084717,365.668626879268,2.5347677454769,8.7792447767538,2.2477837393653,0.662508816673774,4.50887137692575,5.35604612749988,0.0286236904361962,0.0020948650536686,0.0011187090236628,13.2654748398325,39.1487025744879,15.0
9.9375,15.392383601158,1.69174488016184,1055.08019267127,69.7217397371165,2245.97364472165,111.84059633293,365.224954550784,2.06248210632479,7.7514392912771,3.21649710956515,0.690387141487847,4.81912365110961,5.48871374651758,0.0511845368327791,0.0036462258791816,0.0019947426251107,13.2038413615927,39.0974335523244,15.0,2915.20392117456,185415.0,240,15.3937317199375,1.55767081918097,1054.46303707614,64.290454107037,2246.02577956103,111.979226904689,365.499215872051,2.56079157264543,8.88991881465343,2.19507839104467,0.660478462910077,4.51514639912239,5.33855714171023,0.0276889372231521,0.0020138058806134,0.001070537977812,13.2752278202311,39.1458664357675,15.0
9.947916666,15.3145894242996,1.7055608957276,1057.74133926421,70.1831565047883,2252.77139796259,112.118585873821,366.047463985973,2.03024306605252,7.7059464691003,3.16968743619006,0.684833998577036,4.83985579043518,5.49144390726472,0.0518321269718765,0.003706660178933,0.0020354212863082,13.1894489882146,39.195815453557,15.0,2923.54331928371,224840.0,240,15.3567109791647,1.56622659840073,1056.23769728826,64.762080757465,2250.7533361968,112.147537190566,365.952493718334,2.54645404054742,8.86916339038912,2.17869472045581,0.658218972528714,4.53943609684428,5.33843233530335,0.027700294658896,0.0020330238426781,0.0010864899243806,13.2718391727491,39.2058854577922,15.0
9.958333333,15.3275461888925,1.72585158714091,1058.95483316037,71.1894255252619,2255.59204907497,112.179046932801,366.13854297114,1.9926478912094,7.66122631661463,3.25633834330672,0.69728785132138,4.90231985583275,5.49314872850822,0.0545541177046807,0.0038764828745329,0.0021319765114893,13.1716707627096,39.2181984164446,15.0,2927.45407206074,212700.0,240,15.3167812668756,1.58383535685939,1058.40309796565,65.7190366291992,2256.0632367761,112.333874262065,366.473095197662,2.49510911579023,8.77131363035573,2.24017675202147,0.664638252782834,4.59380614697502,5.34716305900456,0.0288321998127357,0.0021119100105198,0.0011320227828131,13.2615258273448,39.2724042776182,15.0
9.96875,15.4060870124324,1.73664536757569,1056.39268989881,71.6251373950853,2250.25323454599,111.83306531924,364.889531119464,1.98155764499361,7.66425350901585,3.33815522550242,0.700366147215418,4.93301256799269,5.49249958071009,0.0565530458818019,0.0039917922665635,0.002192868306922,13.1728038967264,39.0983313606375,15.0,2920.56899222942,216715.0,240,15.3689176909255,1.59661688733476,1057.59886018742,66.2952909754634,2254.56303386581,112.179273281207,365.847422492061,2.46664834588003,8.77487266036003,2.3106717225186,0.669620214741758,4.63260007902365,5.3449186407163,0.0299851139842915,0.0021866623007432,0.0011719939078577,13.2622637034955,39.2195650357597,15.0
9.979166666,15.4477686676234,1.74404530792382,1055.13542610411,72.066817306013,2247.89275393421,111.640978123311,364.148426688262,1.9896366220257,7.68096901082601,3.31805954318541,0.700253075516583,4.96033824158255,5.48980316507131,0.055815321188809,0.0039429471352813,0.0021656713729896,13.1739136795914,39.0324260275127,15.0,2917.43762113757,208690.0,240,15.4216544822307,1.60530430143895,1055.81710266172,66.6353689757026,2251.08690547676,111.930035013982,364.913643933818,2.46177538454089,8.79524025843208,2.32601952710799,0.671422602649379,4.65497279714224,5.34151153213952,0.0301865536369914,0.002192752989334,0.0011737987063518,13.2629514260599,39.1336194275715,15.0
9.989583333,15.4577481901607,1.74202147589769,1055.71921542633,72.2547680835146,2249.69088208938,111.664366738008,364.108670403854,2.02789753895105,7.75664772510686,3.16613753434091,0.695802318561691,4.97140782660544,5.47954113320579,0.0515091955395694,0.0036690130162777,0.0020139715654359,13.1852303324762,39.0420753373031,15.0,2919.35998355879,197145.0,240,15.4503858302828,1.60627211271274,1055.48048059561,66.727751692663,2250.85571346041,111.85036889145,364.534543914839,2.50519809906693,8.87765521387439,2.21507163419457,0.670162561914134,4.66187229467936,5.33000296963869,0.0283621374332491,0.0020580583927005,0.0010982519713205,13.2682431098118,39.1070597423203,15.0
10.0,15.4129256005532,1.73004480125624,1057.61508980667,71.9954622038948,2254.79872180736,111.864127803292,364.657381142018,2.0883814054437,7.85466603291566,2.91700143908281,0.687278242144039,4.95253147676434,5.46596666284396,0.0453410765612393,0.0032765106509793,0.0017983505407831,13.1957230296437,39.1136193289121,15.0,2925.03330156911,189575.0,240,15.4380398588648,1.59802873443565,1056.49824454389,66.4747138300745,2253.86893411893,111.940171342569,364.724312454884,2.59111458049593,8.98352036906694,2.00895109343943,0.665578971288451,4.64605698699356,5.31539081955986,0.0252008646775231,0.0018360732082297,0.0009766891008864,13.2735321743941,39.1399174311496,15.0
10.01041666,15.3245487196648,1.7149388093794,1060.55725898133,71.5313983689282,2262.42159311232,112.196205414501,365.66131843556,2.15023232246899,7.92917702557209,2.65324210062796,0.677980079707486,4.91980423066689,5.45505020783464,0.0397198903671437,0.0029208709011078,0.0016059230705581,13.1950098764093,39.2316437087014,15.0,2933.699563516,190780.0,240,15.3777730794138,1.58531609915318,1058.73645326984,66.0811976419243,2259.80611368825,112.179609210582,365.433477767677,2.69551337850542,9.04796525130541,1.78229196229001,0.659387801035544,4.61930796803476,5.30604333407046,0.021944450520354,0.0016141721946683,0.0008577801949731,13.2740348027444,39.2253291573397,15.0
10.02083333,15.2369510831262,1.69959425491762,1063.39847835306,70.987553706518,2269.80383918421,112.517643661543,366.64871386146,2.20312836350059,7.97733575158081,2.44795572810731,0.67157838583626,4.88366164688128,5.44788163188214,0.0356952385313941,0.0026668679252996,0.0014699519023825,13.1861182702332,39.3461123571476,15.0,2942.02675584296,192805.0,240,15.2926295668801,1.57161104365346,1061.57604911158,65.6704780443711,2267.13365678526,112.489712318052,366.401113530709,2.79509821106546,9.06038511711811,1.59428585560739,0.65383787021339,4.5909835336959,5.30363386375575,0.0193578856861825,0.0014398814472997,0.0007655944364685,13.2702664931198,39.3356891561822,15.0
10.03125,15.1834030400437,1.69671848847467,1064.86028158804,70.7177484881827,2273.96938187786,112.670450899661,367.106086511446,2.19450635323832,7.94246059340082,2.40859337940644,0.670202667035891,4.86486493748699,5.45243253121825,0.0355332765208276,0.0026817355685967,0.00148490650378,13.1613631571059,39.4016464024312,15.0,2946.54419682572,213565.0,240,15.2178043940817,1.56620798280238,1063.89448103726,65.5560763509409,2273.19198544316,112.731340463462,367.164387327291,2.82343846517191,8.98527924351315,1.53428936472476,0.651189099986588,4.58027943512533,5.31343682313308,0.0186018011252719,0.0014023440492196,0.0007496875044676,13.259465610506,39.4222992482593,15.0
10.04166666,15.2197860643647,1.69614280799589,1063.57402828866,70.5691513779428,2271.7016476656,112.494909229647,366.475750354353,2.17069734957786,7.93047839164418,2.50788383924159,0.675712340574203,4.85941107683474,5.45482620044305,0.0374480487324135,0.0028077390805424,0.001553560371975,13.1475016786218,39.3422319205661,15.0,2943.11828912758,206830.0,240,15.2025772698491,1.56498537330552,1064.2202597039,65.5178786480951,2274.63270224248,112.74176300935,367.15480508893,2.79633037600796,8.93045391622858,1.58137577733837,0.652802787341817,4.57778887629623,5.32100929510967,0.0192355445243117,0.0014489269549752,0.0007753819729358,13.2511201507593,39.428038876126,15.0
10.05208333,15.2813300248935,1.6965414037621,1060.33915128495,70.3061888078777,2265.21809541026,112.109703499701,365.155581613972,2.13979347848419,7.92289807308928,2.66499013918757,0.678477240842323,4.84710095197901,5.45762164994197,0.040627095762351,0.0030132509522609,0.0016638883948346,13.1468751298407,39.2092268579437,15.0,2934.25346060603,212980.0,240,15.2497042425889,1.56425384818535,1062.05686121112,65.3316107031768,2270.46203135371,112.474942174008,366.214833271057,2.74960635925319,8.93501079511434,1.68808777394865,0.654459311184365,4.56968711010606,5.32191655816628,0.0206738832444451,0.0015522367559455,0.0008308971517765,13.2503254531815,39.3365927040364,15.0
10.0625,15.3303711085528,1.70226991443544,1058.32854055872,70.3972877124258,2261.34208645579,111.85055503081,364.238223277599,2.09295864369422,7.89665123994705,2.88419593550385,0.683535409451268,4.85459543609,5.46081544403929,0.0452699684746432,0.0033030864132111,0.0018193688927183,13.1499152240374,39.120047367464,15.0,2928.95755530211,212260.0,240,15.2999923575246,1.56746005810553,1059.51685015867,65.3027794920483,2265.46935405731,112.166817154524,365.127639184126,2.67625262293536,8.93403712238152,1.85081874946451,0.657016865927847,4.56964460836381,5.32269587154957,0.0229381942431423,0.0017099265951894,0.0009153242094014,13.250867123736,39.2304750118661,15.0
10.07291666,15.3646046553341,1.68077241018524,1057.74887252016,69.8457940157229,2260.83514019149,111.775205115874,363.879015236969,2.12221444606908,8.02663681326113,2.97349166981647,0.680851870657091,4.8269477118649,5.44259800271395,0.0454302900645451,0.0032792966054623,0.0017945501068103,13.1886817729844,39.0949092238865,,2927.38420222808,174235.0,240,15.3436742706389,1.55467978326303,1058.22942139976,64.7135552747082,2263.36406055647,112.017467669693,364.521537795099,2.68036134901205,9.09384019230646,1.90136121955068,0.655445408868328,4.53924851629527,5.30071977052185,0.0234345876299876,0.0017213019608831,0.000914110402927,13.2674064656119,39.1795250766737,15.0
10.08333333,15.2795913360925,1.64598062057063,1059.40933784442,68.4900672325359,2265.94575953417,112.007615378274,364.537199196493,2.1836496240545,8.19178309702897,2.83261062254133,0.663842439530281,4.7468817236876,5.41946603769809,0.0417418440961036,0.0030366229863824,0.0016574369099984,13.2168077039382,39.1774032572466,15.0,2932.17553683236,175165.0,240,15.3300191315788,1.52676091941592,1058.43334560493,63.4763033842489,2264.91927095283,112.06952433473,364.572663143612,2.75470721722881,9.32548970846003,1.80700697749826,0.645354694117267,4.46938719786423,5.26898477465828,0.0219681434399075,0.0016147469867621,0.0008533571613272,13.2821796415072,39.1987877520997,15.0
10.09375,15.101974970869,1.61377696088488,1063.89437365147,67.2800519283728,2277.43682336796,112.568246919905,366.300007877556,2.24334499912119,8.28415377322629,2.60496858098642,0.649876433541969,4.67094307202094,5.40392149980316,0.0372136898810969,0.0027549361935821,0.0015069642860415,13.21696967377,39.3750109054472,15.0,2945.14088598803,175275.0,240,15.2122764068905,1.49800731462572,1061.10506157976,62.3346227655896,2272.19736895266,112.41395728132,365.624377476905,2.84221881680609,9.44069493908608,1.65627693470884,0.634049570927787,4.39987049969009,5.25144378698083,0.0198743500994811,0.0014733462743152,0.0007778237971945,13.2837397148697,39.3204996382128,15.0
10.10416666,14.9484346722667,1.57879462735013,1068.32918113344,65.9638462317323,2288.65140677935,113.122464285676,368.046142827051,2.31882345454086,8.39221201748539,2.37620663164344,0.638798828001268,4.59221726251282,5.38727130739607,0.0328396437246763,0.0024738276883126,0.00135541020376,13.2124208275264,39.5705366102413,15.0,2957.76268340062,172480.0,240,15.0583418671817,1.46722654497961,1065.27443792951,61.2033748793182,2282.78187145653,112.929263884257,367.261444593937,2.96070704203385,9.51582345471992,1.47327496058168,0.623848870763187,4.33097636913432,5.23889168965212,0.017431525087762,0.0013065606574119,0.0006890163158719,13.2821086117746,39.5022181804573,15.0
10.11458333,14.8221607083499,1.53848390507638,1071.10875444165,64.2942914628866,2296.16821586977,113.504293913819,369.242967746101,2.41590708812391,8.51348732664025,2.14722738302001,0.626676582808534,4.49562709115624,5.37131740855029,0.028671475835816,0.0022010375333015,0.0012077323535033,13.2060018315434,39.7058306262536,15.0,2965.51826554536,170280.0,240,14.9200314024656,1.4324179379204,1068.86279033048,59.851166572788,2292.00673571006,113.385377599039,368.722727168214,3.10565676492801,9.59046698278406,1.2925507050071,0.613225538809805,4.25155160260526,5.22805199214152,0.0150849422183872,0.0011452983320875,0.0006031240804598,13.2798441643243,39.6633535539851,15.0
10.125,14.6996355583551,1.49167121643643,1072.85755064252,62.3196097270921,2301.40771184624,113.785291026702,370.131266765527,2.55157815723823,8.65143674979545,1.89890515043199,0.613724966479775,4.38240338484114,5.35492016631388,0.0243795872352357,0.0019065459182185,0.0010459191520488,13.2036963591242,39.8059235345174,15.0,2970.23051515695,161725.0,240,14.7955967309237,1.39181396809887,1071.29030797787,58.1766345177487,2298.63255991395,113.723520405005,369.821780649466,3.29648092645289,9.67799838277814,1.10228581913518,0.601614306318371,4.15482316766973,5.21758112682581,0.0126852292449935,0.0009763807820784,0.0005124287693135,13.2789998303829,39.7832948033672,15.0
10.13541666,14.5583323424893,1.44218195872479,1074.50419026985,60.1851035471521,2306.31759015179,114.060971707681,371.037329879707,2.71437477003253,8.77032750542798,1.63584699026272,0.598297824161804,4.26068662293339,5.34263203121646,0.0203126616409787,0.0016327036322082,0.0008983259709352,13.1980449370709,39.9042254419948,15.0,2974.50705824863,161720.0,240,14.6673972519179,1.34807571642666,1073.11101203041,56.3242850530623,2303.84116759162,114.000323885618,370.756041837254,3.52213102918773,9.74575194897172,0.919526249325136,0.588580181729571,4.04838094518395,5.21159417051253,0.0104578401627597,0.0008213558367555,0.0004302715696945,13.2776629317048,39.8818594662713,15.0
10.14583333,14.404115053609,1.39120332591529,1076.35028907361,58.014387139347,2311.50368063577,114.356667120116,372.050741893991,2.9191798241875,8.8581240139306,1.36249016396358,0.584308726588822,4.13722595283427,5.33578380737292,0.0164005311559123,0.0013616345280073,0.0007523784426558,13.1913785648767,40.0096959927083,15.0,2979.21409639165,156370.0,240,14.5238842214646,1.30286170372773,1074.8865373163,54.406354231627,2308.80628339624,114.271692892962,371.718707065117,3.78343670635778,9.76964241007168,0.744202127303656,0.575423086961529,3.93843389730754,5.21306045667815,0.0083864318321728,0.0006742862627103,0.0003525699983454,13.2753792128037,39.9786706117077,15.0
10.15625,14.2509593583001,1.33981178208843,1078.11664451215,55.8349398203039,2316.34420469966,114.637121920479,373.062483815204,3.16367649126792,8.90744512294794,1.10400083526665,0.570034985116919,4.01372738099826,5.3357290336343,0.0129670195624577,0.0011263573556128,0.0006276769170552,13.1851049683567,40.1099935436177,15.0,2983.57904123356,154905.0,240,14.3754379981013,1.25706448948579,1076.66753609793,52.4659344205808,2313.61739485528,114.537896213136,372.716083380138,4.07909837438016,9.74772029556253,0.586609556659662,0.562229142332378,3.82749810295593,5.22231070895486,0.0065690122685052,0.0005442590026173,0.0002845211118209,13.2735878719611,40.0738554464752,15.0
10.16666666,14.0954559161018,1.28903673069465,1079.73685456889,53.6785080075814,2320.66702370723,114.892716518203,374.048548404301,3.43635220902289,8.90785543562942,0.879586921262491,0.555957920129041,3.8916928361548,5.34386971090951,0.0101444212242479,0.0009337897572584,0.0005269509391118,13.1768511476198,40.2017931172097,15.0,2987.41908324256,152240.0,240,14.2235396749606,1.21208645489988,1078.36521969442,50.553581394179,2318.05920206136,114.786899253502,373.711056408602,4.38144604551623,9.67237373006348,0.458525484068043,0.549026501996844,3.71834888965472,5.24038633594476,0.0051179358493049,0.0004388272781145,0.0002297648944448,13.2710863569736,40.1632254908343,15.0
10.17708333,13.9422179436494,1.23928463189616,1081.16223028665,51.5550254083543,2324.36110722048,115.11786536517,374.988414549627,3.71617370046306,8.87077588196903,0.70374326241354,0.542314062602855,3.77168033811148,5.35854898540002,0.008015506072814,0.0007918128577551,0.0004538654025104,13.1692760134067,40.2831503059654,15.0,2990.60084485219,150000.0,240,14.0715123142981,1.16809334007619,1079.91492931167,48.6706339459986,2321.97826901297,115.012120645172,374.678331106226,4.67041926341233,9.55988935181997,0.362159167001039,0.53602878152799,3.61098930409232,5.26498510715453,0.0040378746746804,0.000359312305076,0.0001887435761723,13.2688143670928,40.2444789063648,15.0
10.1875,13.7874570871483,1.19411250105981,1082.4020877077,49.5847444498737,2327.43586189947,115.313416216971,375.878992888017,3.93543979306421,8.78489947513268,0.591237871364892,0.529157063062835,3.66019125461773,5.3809718254964,0.0066906055955468,0.0007195452028904,0.0004208492622782,13.154158946641,40.3544167338577,15.0,2993.22713992192,155950.0,240,13.9165009271144,1.1276352286301,1081.3175373894,46.9220372882067,2325.36656208835,115.215347763118,375.611605455161,4.89014638496377,9.4101814635213,0.303669731471039,0.523528095475198,3.51125666538835,5.29582330844306,0.0033844469891912,0.0003148500116855,0.0001669222300176,13.2637790349713,40.3182815284002,15.0
10.19791666,13.6564509146318,1.15313148425921,1083.09979119908,47.7917801067862,2329.13273390704,115.443540533163,376.583013621277,4.12117636546879,8.70021549659061,0.513926824309256,0.517840357138309,3.55780387295991,5.40406420180736,0.0057844792712632,0.000664149818946,0.0003931806402523,13.1416841497035,40.4030316225763,15.0,2994.34041824244,152060.0,240,13.7691373629895,1.09046046543809,1082.41598471916,45.3032192606929,2327.89694757804,115.382400691003,376.450529526785,5.05976624196362,9.26050969977531,0.265613937604621,0.512055155152252,3.41852840507722,5.32747576797829,0.0029591982222546,0.000284826854393,0.0001517530612483,13.2589672230544,40.3796496760641,15.0
10.20833333,13.550414829153,1.11625957779839,1083.00227205169,46.1342934213235,2328.92883003048,115.483433080482,377.01268613999,4.26788854462621,8.6246764661754,0.464301805920449,0.507178091625763,3.46255029288988,5.42671055478735,0.0052063983177124,0.0006397126464793,0.0003830181997851,13.1319457778118,40.4202341187791,,2993.23631163206,154615.0,240,13.6458286890819,1.05659725300343,1082.88662143794,43.803441915714,2328.88564591276,115.478877079084,377.07496369526,5.19541085998922,9.13363050068545,0.240757243561288,0.501449921177355,3.33197480416182,5.35683745421743,0.0026799181816283,0.0002675629947208,0.0001434323492795,13.2555902956764,40.4165037527354,15.0
10.21875,13.4501810912651,1.08397711911314,1082.56044865058,44.6603318354002,2327.82238887456,115.484928734527,377.327647753441,4.35610477103515,8.55400217475,0.441133602446983,0.497763847046374,3.37724487816237,5.44851349889586,0.0049310748297536,0.0006356872301124,0.0003829709712276,13.1205953825967,40.4241039344051,15.0,2991.20988733719,155910.0,240,13.5358846565007,1.02676877794367,1082.79166664232,42.4585401593538,2328.49054184242,115.514033887598,377.506295376604,5.28105281196885,9.02276027686998,0.228860978561827,0.491877647440134,3.25379277689777,5.38429789469964,0.00254292040173,0.0002623379940682,0.0001413470739854,13.2512387176553,40.4320556281415,15.0
10.22916666,13.365536874364,1.0565870733944,1081.86258643021,43.3913224267384,2326.01476849489,115.458491639185,377.551526672573,4.40315628606244,8.50353199816541,0.433522459125389,0.489602403181992,3.30304695131733,5.46721260133876,0.0048331834065824,0.0006440170197942,0.0003890811379567,13.1096640327134,40.4182165881763,15.0,2988.52268418883,158230.0,240,13.4382954021532,1.00096224804685,1082.35293104192,41.2799954051412,2327.21204646834,115.513360744212,377.819542580127,5.3312750797514,8.93801943542919,0.224848578166558,0.483465751129142,3.18465102000586,5.40797417578498,0.0024923944664148,0.0002642850953403,0.0001428721006,13.2469062733427,40.4351414169384,15.0
10.23958333,13.2995065072374,1.03286241160771,1080.77982876422,42.2831898654732,2323.24721914274,115.390698902729,377.637472194828,4.44174392309973,8.47686594067104,0.428824218908664,0.482651475763329,3.23755838211618,5.48233569751777,0.0047683163223277,0.0006484520685766,0.0003916509833505,13.102596137533,40.3978298014261,15.0,2984.80217900357,157390.0,240,13.3577001099985,0.978597050403152,1081.56496754604,40.2456441330258,2325.05579964612,115.476234521064,378.009597342564,5.36862850296061,8.88440774362003,0.222907527350352,0.476165044016227,3.12334044859091,5.42705952218168,0.0024652852505472,0.000266351130401,0.0001440001261325,13.2439389292567,40.4254691370937,15.0
10.25,13.241554206949,1.01272404428927,1079.47290061135,41.3220208648254,2319.88155074203,115.298393344887,377.643819593454,4.47166595342254,8.45902190549384,0.424771627879464,0.476323759528414,3.18023127708451,5.49596298922911,0.0047144623292276,0.0006576865045402,0.0003977462258181,13.0949865119941,40.36886951828,15.0,2980.49066600612,160045.0,240,13.2915103452504,0.959476760763346,1080.45279991043,39.3456407428292,2322.09091094911,115.404543828966,378.084037579526,5.3983892805344,8.8511929394755,0.221738811313836,0.469751004663264,3.06942084468322,5.44304933929217,0.002447486457353,0.0002702016766374,0.0001463235912658,13.2410663675516,40.4036987502057,15.0
10.26041666,13.1885036932163,0.996458380537121,1078.12149144832,40.5295152926292,2316.31947974826,115.200327447661,377.630910144329,4.48752166568734,8.44309404264366,0.423942205041512,0.471270275286922,3.13219369773031,5.50881788198552,0.0046983775429821,0.0006685226318198,0.0004046843041158,13.0854085798198,40.3379470656783,15.0,2976.10475336016,162195.0,240,13.2321556910741,0.943754948243894,1079.17135908537,38.5914463650262,2318.6659948344,115.31444102551,378.096572392406,5.41614768555854,8.82483218922455,0.22205427565427,0.464375494994289,3.02361059183603,5.45767084667967,0.0024466148979198,0.0002756411997272,0.0001495778400225,13.2370643335691,40.375529623856,15.0
10.27083333,13.1483826899942,0.981585328328578,1076.65507132554,39.8267887826725,2312.43362966477,115.089841027859,377.573230461153,4.53416541198432,8.44788121876914,0.414888299168881,0.467019735454125,3.08912913106016,5.51857389981726,0.0045881078256525,0.0006581422518191,0.0003972224201929,13.0862809006041,40.3026318889532,15.0,2971.41089486321,156615.0,240,13.1835015483053,0.929742959827719,1077.80263466694,37.9182065281059,2314.97570467794,115.214266215485,378.076053248784,5.45247530009763,8.81639877786508,0.218333262162061,0.459796935356655,2.98225885329725,5.46946351927948,0.0024028000615232,0.0002722098418734,0.000147132281795,13.2371827515871,40.3438058245013,15.0
10.28125,13.09680144107,0.967524477578415,1075.39993063736,39.1635252964293,2308.93870346651,115.001885838117,377.596029733892,4.5973623692764,8.45025147045634,0.397289972537591,0.46219605162494,3.04881497145187,5.52858824774417,0.0043879104429822,0.0006490378500608,0.0003922511544264,13.0879202386242,40.2752057329528,15.0,2967.28146052894,156850.0,240,13.1385084472491,0.916813700366833,1076.42907585834,37.2953579204042,2311.20913331862,115.11254275819,378.054341824185,5.50299592314957,8.81593941771425,0.211106651672751,0.455347195887803,2.94392987395503,5.48003751411845,0.0023220759437748,0.0002671398158897,0.0001442953179643,13.2386057833963,40.3115118271352,15.0
10.29166666,13.0224537550971,0.955880020565724,1074.77127858697,38.6134030900797,2306.72917473006,114.979327377345,377.844916619448,4.63948667519753,8.42819769123001,0.383113661922446,0.458068966945255,3.01523101245645,5.54135161138823,0.0042294133557266,0.0006487793288476,0.0003936747387118,13.0811764024859,40.2708415092337,15.0,2964.90670643485,159885.0,240,13.0776816163701,0.905898196135276,1075.3994769913,36.7708796675339,2308.12410296557,115.046586604262,378.157380394165,5.53920590421331,8.79673357811167,0.205458931828991,0.451361191491214,2.91154345969762,5.49280773174803,0.0022591539145741,0.0002665509348885,0.000144556726468,13.236284549933,40.2918584320348,15.0
10.30208333,12.9553171387538,0.947007303169895,1074.26973059258,38.1874142976567,2304.73714029022,114.968257496237,378.132829747693,4.6601878451408,8.40155635009204,0.377164378008165,0.455298917211612,2.98852207230507,5.55433857999714,0.0041613255128689,0.0006519858725793,0.0003963611037629,13.0728876133396,40.2706125107246,15.0,2962.92448870134,161490.0,240,13.0079885477273,0.897215352578827,1074.75238913352,36.356507246773,2305.81083641388,115.02024230546,378.395192867041,5.5601460968176,8.76441807563003,0.202740671279701,0.448260353563562,2.88556459008361,5.50686529352295,0.0022279724950363,0.0002679863553364,0.0001457616149098,13.2326856753451,40.286219227253,15.0
10.3125,12.9086699042432,0.938655079015921,1073.30937713583,37.7893531419013,2301.72076777515,114.907794207437,378.253472529295,4.69676147013073,8.39208576966573,0.36991551127925,0.453012370238065,2.96327768245414,5.56503082579797,0.004076044216885,0.0006424319902015,0.0003896691060646,13.0740866511772,40.2530192364235,15.0,2959.67533801953,157095.0,240,12.9498745548145,0.88941616376702,1074.02372029798,35.9819849647309,2303.2817040843,114.984206688296,378.600962225634,5.58875762473922,8.74320815752044,0.199210792882314,0.445692088936779,2.86181000245569,5.51921955477214,0.0021880814310282,0.0002640294656523,0.0001431898580927,13.2329169498719,40.2771813901715,15.0
10.32291666,12.8559918726196,0.930721388467542,1072.27383451362,37.3984312336933,2298.51241631607,114.839480863282,378.352003130912,4.73492406106732,8.37963098565857,0.360415473528978,0.450176961000743,2.93880386660091,5.57615755470548,0.0039687262217845,0.0006392776382422,0.000387991198482,13.0748707158494,40.2326513944915,15.0,2956.20661308905,158120.0,240,12.8995253418961,0.88215844310937,1073.05943572938,35.6227647410455,2300.21337096921,114.922526478642,378.722771063507,5.62012171911916,8.72853620270985,0.195028913314983,0.443116182430194,2.83902135993812,5.53071478350885,0.0021414851518439,0.0002614168544719,0.0001417410921185,13.2338186455322,40.2591236427024,15.0
10.33333333,12.7884786460417,0.924001148867095,1071.65449012313,37.0708677704823,2296.16934089294,114.815504064939,378.601438806306,4.75878965183756,8.35617251859603,0.35481061703104,0.44786697506792,2.91817946298046,5.58821695286696,0.0039046459052861,0.0006391427160124,0.0003881439054206,13.0724054262394,40.2278703038392,15.0,2953.90463397122,158280.0,240,12.8400909367202,0.875881759402663,1072.21641939346,35.3093489605432,2297.37832683159,114.873815504465,378.890171930057,5.64180561719748,8.70523896163542,0.192243074687843,0.440808569125135,2.81907655224945,5.54309857877495,0.0021101153201018,0.0002609650314242,0.0001416343678282,13.2329426805116,40.2456488039808,15.0
10.34375,12.7235995494439,0.918078602142857,1071.20247365801,36.7877049668272,2294.15996335736,114.809884612504,378.909085717939,4.77632122385867,8.33950556794473,0.352894442648993,0.445991549643138,2.90026447840397,5.59895257442326,0.003880046323771,0.000638521022793,0.0003872717444575,13.0725182470776,40.2294808076314,15.0,2952.07394484021,157045.0,240,12.7756437843322,0.870322405299916,1071.62777055514,35.0361057247801,2295.06532657796,114.852626034474,379.149115023614,5.65930107767662,8.68296817329805,0.190659310063057,0.438846833612038,2.80162897203966,5.55491343099458,0.0020915590665889,0.0002601802392265,0.0001410553358585,13.2329809978695,40.2418125382919,15.0
10.35416666,12.6611270414362,0.914360646157802,1070.66736420391,36.5700960924521,2291.94910131267,114.795902522555,379.18532988342,4.75197683368284,8.31841103100031,0.361115206306879,0.444521978837682,2.88618133507249,5.60989175491191,0.0039694873409675,0.0006589127825616,0.0004001844336487,13.0641174282507,40.2281501292145,15.0,2950.04695810816,163520.0,240,12.7113168411415,0.866445086580879,1071.1023056175,34.831832533241,2292.86818858367,114.839326375879,379.428452573733,5.64974338191062,8.65971601663167,0.193789777012537,0.437298963874088,2.788288437079,5.566430063563,0.0021236163730994,0.0002684219591937,0.0001460560813704,13.2297164789931,40.240754047402,15.0
10.36458333,12.618232385828,0.912184889581325,1069.76085072897,36.4212834779949,2288.92850324594,114.74308861047,379.320817571904,4.71948421919551,8.312588693945,0.375990269054287,0.444412478039217,2.87559638621619,5.61814559541008,0.004128232911158,0.000669900825503,0.0004052788445623,13.060532674877,40.2131120827354,15.0,2947.04074178851,161115.0,240,12.6547915961164,0.863888980818045,1070.4324977399,34.6807992476976,2290.34951763132,114.812170555517,379.652441896427,5.62920164569758,8.64566478844353,0.19948182408432,0.436488235104797,2.77789226471793,5.57612558110655,0.0021829543272907,0.0002747800088413,0.0001492124197531,13.227343514812,40.2347875747985,15.0
10.375,12.5925175551997,0.910380119863318,1068.34595749458,36.2727023246386,2284.82235294698,114.637968559283,379.270822277908,4.69753431760053,8.32751769065974,0.389791873516741,0.444190033308931,2.86502498968056,5.62352943692244,0.0042749602878187,0.0006809654756671,0.0004102692247083,13.0637498271466,40.179556926884,15.0,2942.64702039771,160380.0,240,12.6176993058477,0.861769061093587,1069.35657988338,34.5364969719319,2286.95613271077,114.743084490909,379.726357853806,5.61645173234193,8.65563095857053,0.204587134581937,0.435897708535105,2.76771117930652,5.58229745233246,0.0022358914831419,0.0002791280402788,0.0001509983977946,13.2285887283711,40.2139527979931,15.0
10.38541666,12.5681046892052,0.907803554492142,1067.18468270064,36.1010738074127,2281.295335907,114.56455277353,379.314007936349,4.69737239211544,8.36698785420845,0.408675838368368,0.444916517590496,2.85375493102478,5.62492856147573,0.0044705029873817,0.0006843369277769,0.0004084718740185,13.081328702785,40.1568785740535,15.0,2938.96239877425,150222.5,240,12.5882206160015,0.858555471946841,1068.11877290693,34.3439521034037,2283.22948889004,114.659238009269,379.744080252075,5.62618839584315,8.69054882710852,0.207389842455229,0.435301948162084,2.75497134956491,5.58484740822098,0.0022634704194333,0.0002763190814969,0.0001480427824484,13.2353927784071,40.1877115321791,15.0
10.39583333,12.6492077974264,0.910984450440745,1067.15816214162,36.1725217136862,2280.23717874415,114.617887475485,379.730074660117,4.57950814192603,8.46891019212448,0.507718430427958,0.45076709067144,2.85829973002619,5.61506423839083,0.0055253424199892,0.0007405489140788,0.0004301154571573,13.1189399163828,40.1779157020864,15.0,2938.57030532786,140065.0,240,12.5958142737653,0.855651961933098,1067.38918233721,34.1764081047881,2280.61651845598,114.635145967703,379.936846035908,5.60122395285103,8.77726994249987,0.227475091153375,0.435908571060046,2.74453684513989,5.57927284318528,0.0024715667865932,0.0002856889660682,0.0001500901532096,13.2493618410679,40.1819670863372,15.0
10.40625,13.0171239341467,0.930382543483696,1068.93701660235,36.9341229967913,2283.0413869396,114.866451066713,380.672498469573,4.13500273624793,8.67078508107824,0.823958907929769,0.465285726611125,2.90734919405583,5.58409775661674,0.0089619105168345,0.0009483667951223,0.000520757424826,13.1673324922663,40.265786677614,15.0,2943.53794706448,137233.3333,240,12.7553287460878,0.860724688553665,1067.82091559101,34.3623221256501,2280.52368288096,114.747962729798,380.487521689632,5.37256104258591,8.97865801592181,0.314458054513866,0.440556513988745,2.75690139562376,5.55388668623794,0.0033846404822326,0.0003512327393493,0.0001784088955258,13.2655418382527,40.2232109318167,15.0
10.41666666,13.6410610719532,0.963559201285816,1072.30635141931,38.308102773585,2289.29685941694,115.284498928841,382.049890874521,3.53269675209755,8.94511299226609,1.38042380333781,0.481882221583061,2.99631051720378,5.53470507030259,0.0152811932066169,0.0013655598896958,0.0007208616302357,13.2151311490639,40.4114075247177,15.0,2953.24283320344,134401.66665,240,13.1579930976916,0.87793729055026,1069.78321537181,35.0867938473585,2283.76847890999,115.043668987078,381.475027540338,4.90317755240584,9.35585146487065,0.505221104616184,0.449032040761272,2.80430841117522,5.49700196960319,0.0053999024514337,0.0005069296816088,0.000251970692176,13.2814255860152,40.3269836393768,15.0
10.42708333,14.3178632063738,1.00517532811695,1076.25852358424,40.0614623259497,2296.90468466252,115.754181310382,383.543137191854,3.02599740869615,9.18876940933398,2.12203612286791,0.500323927980881,3.10848750313202,5.48367659868144,0.0244415295449421,0.0019712454859131,0.0010254959578447,13.2628622037918,40.5743262141534,15.0,2964.82223646682,131570.0,240,13.7257015238966,0.903978411169683,1072.89481590337,36.2104708610473,2289.59084933961,115.475347554828,382.770008724853,4.35139653552297,9.85755674663396,0.80201993192028,0.459792983406033,2.87757467173314,5.41590583085276,0.0085731250465407,0.0007476564523418,0.00037070001029,13.2966465314079,40.477087383684,15.0
10.4375,15.0281911812422,1.06669436543969,1080.4222909746,42.6206744912657,2304.93386715276,116.200412605664,384.945216897112,2.58250242447186,9.23678732845628,3.20671650738082,0.52744674183392,3.26949150613544,5.45198949562759,0.0401400577528861,0.0029771937577212,0.0015451640802917,13.3154105927442,40.7284803490865,15.0,2977.38820685287,142235.0,240,14.3876595131358,0.9440821103014,1076.71758563427,37.9386122249006,2297.04440738157,115.970904331474,384.185844287446,3.72360916167958,10.3291846834518,1.32240326308565,0.475834838556724,2.98799878475387,5.33141495855952,0.0143072904345979,0.0011705869437046,0.0005856424687621,13.3127596606682,40.6487630047521,15.0
10.44791666,15.7885755235613,1.15071362791589,1084.16972870538,46.2047009933571,2311.80125214063,116.525488898163,385.928569449366,2.21923063358559,9.01224241673314,4.70284808805175,0.565901268412303,3.49499552442921,5.44846506995232,0.0677490653050588,0.004618179235404,0.0024038535402158,13.3709202056459,40.8392010374316,15.0,2989.10170591824,153410.0,240,15.1387510354983,1.00615509973264,1080.86964371865,40.6273621500576,2305.17937110314,116.447237637708,385.493635991549,3.05615979568373,10.5873815015298,2.26002996885979,0.500927147198168,3.15801545297993,5.26685597852247,0.0255919980895913,0.0019622124511511,0.0009961553316203,13.3322108978475,40.8130477301739,15.0
10.45833333,16.4945022371825,1.23810493417539,1085.7078338632,50.1768197534362,2313.4388097468,116.554326446133,385.864944606849,2.00067325648065,8.70905086529796,6.21508843752131,0.605156002163794,3.74854612699612,5.45238220397659,0.103272808202305,0.0065599200253349,0.0034336410701346,13.4186636995143,40.844922545687,15.0,2994.44074272158,154630.0,240,15.8951741346818,1.08021729192725,1083.98170019841,43.9152188387631,2310.83844496368,116.73701054666,386.177781464309,2.5675935326409,10.6135008421196,3.49928235262638,0.530642544751572,3.36752217075356,5.22814117205426,0.0434031239135242,0.0031214483309701,0.0016024843067499,13.3519330599664,40.9112160048935,15.0
10.46875,17.0981452267399,1.32332381826961,1085.13500212844,54.2433616040142,2310.02357758233,116.318868357305,384.858321366914,1.88067259250128,8.46408859911091,7.43117721551462,0.636232133677606,4.0092515740899,5.45041604539047,0.136818219683904,0.0082550100329498,0.0043519114489327,13.4543229007125,40.7573096147437,15.0,2993.50233049031,153600.0,240,16.5727323628072,1.15506159150182,1085.01221099535,47.323298646434,2311.61527374968,116.740481925705,385.907030076341,2.28797820824631,10.5315335898935,4.71764024705762,0.558562515010895,3.58695081044352,5.20358791709722,0.0653762622496908,0.0044452915809465,0.0022982211620726,13.3684906187265,40.9081862107946,15.0
10.47916666,17.6204389043889,1.41330452706151,1084.58216543077,58.660630021948,2306.16413993985,116.047886413959,383.706136126289,1.79896217435375,8.26501498842054,8.28360445675625,0.661466501853832,4.28855720470318,5.44499271882406,0.163974320069594,0.0095442972383348,0.0050747084842539,13.4766481151367,40.6569634495853,15.0,2992.3634410368,153685.0,240,17.1620675033521,1.2323501970245,1084.80769327812,50.9131718743878,2309.28646404738,116.55823038655,385.018333503379,2.12271426893369,10.4006346512248,5.73621487420495,0.584453385934998,3.8169561026559,5.18703637849494,0.088495662716556,0.0057458118156422,0.0029905697098634,13.3810769109625,40.8393186794873,15.0
10.48958333,18.0812377931872,1.5077781165898,1085.34907378122,63.4419023857185,2304.62556782789,115.878700084393,382.884386156288,1.73328972883835,8.11487976718842,8.73396069346204,0.684097466321959,4.58763150907682,5.4362245413644,0.182880766903218,0.0104087192623756,0.0055856786404,13.4859763971762,40.5922135671321,15.0,2994.57888285199,152700.0,240,17.6771171265239,1.3142079801111,1084.89235939566,54.8036332685762,2307.10847534449,116.358791279683,384.0784690167,2.01281802573579,10.2573157674894,6.44695141959436,0.609610387401075,4.06337845474296,5.174398515305,0.109047618452295,0.0068383737481366,0.0035871925268754,13.3891161224619,40.7639887792963,15.0
10.5,18.4887125174027,1.59942883355008,1087.18348109831,68.2270160711144,2305.0636400173,115.797320706499,382.349987617875,1.6804911672533,8.03478437570858,8.86027578062692,0.704604337248328,4.8854632564086,5.42158240272926,0.193523744280894,0.0108825832641457,0.0058875405509984,13.4881582303326,40.5582202940899,15.0,2999.38474935389,148950.0,240,18.1272983602951,1.39636450919979,1085.92012002321,58.7964768533314,2306.56770434676,116.225341959431,383.361571873781,1.93535960795174,10.1585038911776,6.80283836892881,0.633553032481089,4.31463979011744,5.15910235655606,0.123283206308881,0.0075618447424878,0.0039981769864995,13.393238388859,40.7116871909143,15.0
10.51041666,18.8346587043351,1.66777971465289,1089.56173330165,72.133436201361,2307.07270945649,115.800310158439,382.07652642897,1.65436777040463,8.11063162301568,8.71041784452924,0.717184226480662,5.12697753144583,5.38918592472754,0.19573526145947,0.0109728520620646,0.0059647521215152,13.4836618487423,40.553824968014,15.0,3005.39890538619,130565.0,240,18.5042732284182,1.46271258091905,1087.65060440033,62.0895011843871,2307.644774851,116.181541213532,382.922429410589,1.89229725311024,10.2386074820104,6.78210625790213,0.651404389114992,4.52180397614882,5.12414238648961,0.127235961439606,0.0077534771172405,0.0041231620292299,13.3918546717414,40.6910460951041,15.0
10.52083333,19.1317824341364,1.72233974460426,1092.71336370737,75.2444361159284,2311.64915234175,115.937943282197,382.253457011779,1.63509624336406,8.26654592859047,8.37318631600756,0.722459295306266,5.31083796844416,5.34712931878723,0.190922425625831,0.0107521728213981,0.0058620926630698,13.4876609361435,40.5969427744634,15.0,3013.79647142512,124915.0,240,18.822940053969,1.51238340294844,1089.94626689792,64.5639524043327,2310.43311105986,116.233961027319,382.792283452284,1.87256294050829,10.4618243578205,6.50041941418624,0.662714510152995,4.67498269197562,5.07289915472922,0.12265151997679,0.00751186230582,0.004008914249047,13.3908768849161,40.7045176689838,15.0
10.53125,19.4026164075641,1.77522968147243,1097.20364319525,78.2983864412773,2319.84969134522,116.248795533966,383.033001902677,1.61029381339501,8.37182167693206,7.96790584927887,0.728224974440771,5.48108879445501,5.31027110791694,0.184198272929933,0.010453551378099,0.0057171763123266,13.495428885437,40.7011204792549,15.0,3026.50097917323,121745.0,240,19.1117574805148,1.55857569161345,1093.19254218392,66.9233101652426,2315.78751053648,116.405081638734,383.082300096844,1.8568001190652,10.6559006364042,6.13084555703329,0.672427108569771,4.81372591533547,5.02549654643982,0.115336662743569,0.0071276350853457,0.0038152547818471,13.3922133862333,40.7599259513375,15.0
10.54166666,19.6547409272962,1.82175596347302,1102.6521656229,81.0877567989774,2330.59771456557,116.681581252481,384.23224416123,1.58661038465278,8.45000053270027,7.51929716384081,0.73423777251992,5.63321323464729,5.27628059938679,0.176063541161257,0.0100928302034025,0.0055354209302997,13.5010242426314,40.848428911177,15.0,3042.07491848425,119895.0,240,19.3789952097701,1.60206604761403,1097.53718155371,69.2368594499725,2324.01811240984,116.709022135479,383.840877776665,1.84376468932331,10.7959067118506,5.71452025905607,0.681378115287863,4.94459778415612,4.98446523887747,0.106661653781827,0.0066683926704433,0.003579293816058,13.3932154991889,40.8622667948681,15.0
10.55208333,19.8940868490164,1.85793984582371,1108.13742678419,83.3235793331267,2341.75451646764,117.132813948498,385.500400389641,1.56961446483021,8.52608824584757,7.05902067728096,0.739521430262124,5.75467129961721,5.24329905234189,0.166401455112536,0.0096537506946214,0.0053042973533893,13.5042733908789,41.002687512692,15.0,3057.63856832684,118290.0,240,19.6299489310083,1.6396186933545,1102.56598568224,71.3145188981983,2334.11884994678,117.099305952035,384.905937057792,1.83734532093615,10.8999708745361,5.27422166006988,0.689068225116762,5.06037157162413,4.94804583233368,0.0969428883334108,0.0061441874464513,0.0033049889113726,13.3932013896655,40.9953140189491,15.0
10.5625,20.118334777453,1.87673467273532,1112.92133133793,84.6073470866464,2351.83741143339,117.535640875032,386.604342932143,1.56879846500082,8.65969449567,6.57322630321963,0.742104495396026,5.82325844426798,5.20430075890857,0.153930570715643,0.009064561502707,0.0049808008944383,13.5012452743506,41.1405618143854,15.0,3070.98497660965,110340.0,240,19.8621221016354,1.66309522796506,1107.5060256355,72.6794826660111,2344.44474044563,117.506322252926,386.028627537849,1.84968224580765,11.0474253386453,4.7883277486758,0.693628920465902,5.13545203650746,4.90702331331795,0.0851437613806956,0.0054898333521399,0.002955003446092,13.389883523381,41.1348029223064,15.0
10.57291666,20.3415587179247,1.89648785908883,1117.24650867866,85.7753714184169,2361.14844724931,117.891387639294,387.581525390647,1.56323566818763,8.71106270448304,6.17801688798808,0.743434872673917,5.88463929497171,5.17677523087726,0.142801998829154,0.0085213973514754,0.0046815254468832,13.5116130115665,41.2624704233322,15.0,3083.17928309974,120635.0,240,20.0908191494885,1.6831442388362,1112.22116589627,73.8848227966794,2354.47017577377,117.889434685732,387.098173247048,1.86676830075615,11.1237261579786,4.36688131138621,0.697069524612531,5.20166486709983,4.87592281305522,0.0752509904021514,0.004923192088243,0.0026508318848077,13.3906560910035,41.2662826639366,15.0
10.58333333,20.5656438871662,1.9145263332186,1121.19758020161,86.9531276278036,2369.77533726352,118.201799693375,388.426982625331,1.55838294236247,8.69524776736912,5.86899572084217,0.746998642533874,5.94734675471359,5.15845589881431,0.134978077711878,0.0081362771055068,0.0044717427899898,13.5132196619352,41.3687978191721,15.0,3094.44271892311,116725.0,240,20.3206515139921,1.70360393546353,1116.6686951981,75.1465607396446,2364.06244897618,118.23831751781,388.083598265227,1.878862243575,11.0990494444347,4.04363761922096,0.701155222639935,5.27092673655551,4.85831176202936,0.0681093179893755,0.0045055902578845,0.0024275546717145,13.3912425020895,41.3860786949642,15.0
10.59375,20.7800084200712,1.91825982625938,1124.14473131091,87.2882720271617,2376.48047963282,118.420996179175,388.958181041553,1.56903275671236,8.76218424656188,5.54018243539898,0.747911010378441,5.9656645539223,5.13137491656521,0.124935599238748,0.0076255903695605,0.0041868694175,13.5082719035589,41.4436256752498,15.0,3102.55221440015,112975.0,240,20.5386973454854,1.71159988009321,1120.4017887435,75.7367725521578,2372.39982823747,118.531307176619,388.877364774034,1.9096679719671,11.1367730942225,3.70700674743003,0.702858829891748,5.30319368862811,4.83404341955217,0.0603541705512729,0.0040417572709934,0.0021767049641026,13.3873581464365,41.4867204573639,15.0
10.60416666,20.9854286847615,1.91182878450652,1126.28578846177,87.006193926234,2381.75283285513,118.573835777862,389.272875247906,1.59078681571785,8.87137493581148,5.21168938449124,0.745653490132824,5.9487913147309,5.1000065389502,0.113747314769532,0.0070392031243482,0.0038571479896737,13.5038880831317,41.4956546882328,15.0,3108.29038571785,107900.0,240,20.7460541472653,1.70751080436194,1123.28797538238,75.6653284691963,2379.15046489586,118.753152692873,389.432226116096,1.96204691075578,11.2377151223405,3.35938412746449,0.701608197022184,5.29861286565448,4.80312975763057,0.0523850884337337,0.003553100264932,0.0019105983089104,13.3827221329062,41.5628108295819,15.0
10.61458333,21.1832631231575,1.90132183511204,1128.38636610715,86.4976627934273,2387.22366567205,118.73971748784,389.645433227063,1.6159043611555,8.97458964361222,4.90287695551092,0.741299251539866,5.91700089624215,5.06952038470817,0.103098393575285,0.0064671693408793,0.0035361686965084,13.5025828018659,41.5525974050158,15.0,3114.03408201941,106140.0,240,20.9455721703123,1.69613476572161,1125.64853339608,75.2169205293907,2384.98102240747,118.933924492952,389.860656844543,2.03033416772363,11.3554222905845,3.02722005786845,0.698284937126686,5.27182240606392,4.77092159389955,0.0451999825916953,0.0031040427683101,0.0016661265801091,13.3790456522611,41.6247899003529,15.0
10.625,21.3768765594412,1.89089958899949,1130.89233135908,86.047843427736,2393.72590142611,118.957786128667,390.211237705806,1.63818333108557,9.03657426158241,4.63394945114046,0.73630200492018,5.88693949707759,5.04426976980064,0.0943777122426833,0.0059915953475841,0.0032714770135537,13.5025671632802,41.6280578486251,15.0,3121.09736842202,106085.0,240,21.1416992539982,1.68380020893434,1127.9737148611,74.7516953740935,2390.88538254423,119.11753224419,390.31992660404,2.10057103394724,11.4306317502362,2.74596749558432,0.694362797059925,5.24279793345819,4.74441167484476,0.0395640640565485,0.0027473211139131,0.0014728275816939,13.376956980988,41.6879513600122,15.0
10.63541666,21.5645302868352,1.87685204154425,1133.65889365832,85.4465876211567,2400.87931228538,119.214652342904,390.914467313684,1.66450132394165,9.10829810053512,4.36522578517893,0.730846422014415,5.84835958765183,5.01854581055827,0.085990420123736,0.0055284351814606,0.0030152601599825,13.4968508652085,41.7173847904256,15.0,3128.8734735089,103115.0,240,21.3326195214433,1.66947113962983,1130.47442075762,74.2164767334036,2397.3067269519,119.329788169365,390.890312060662,2.17562914971155,11.4872474468314,2.49010728478326,0.689905680598724,5.20905286875133,4.72062502734744,0.0347411479903248,0.0024370043270698,0.0013048721040434,13.3738215331194,41.7613618143703,15.0
10.64583333,21.7478154267772,1.8600987929549,1136.37795350033,84.6761635572262,2407.9327741095,119.473764519006,391.635790749763,1.69414676355365,9.19014714129274,4.10948317684225,0.724815253049745,5.80077465416344,4.9928882659978,0.0781653781984661,0.0050871350574858,0.002771497117243,13.4921286720798,41.8077656487495,15.0,3136.42815906343,104240.0,240,21.5191843381805,1.65308835992891,1133.10505567982,73.6000971254188,2404.06799189486,119.563069259391,391.545831514149,2.25778393105984,11.5319512574888,2.25701795449003,0.684972927664904,5.1707129318113,4.69917946397074,0.0306034165408332,0.0021682809045236,0.0011598052089618,13.3709288246638,41.8423429518927,15.0
10.65625,21.9264794151715,1.83979638317011,1138.8578984675,83.7285558639331,2414.48011932452,119.714749457928,392.30574051422,1.72806440823606,9.28732785289916,3.87739255584078,0.718792651852266,5.74349102475266,4.96653872572352,0.0711641684521743,0.0046854297653679,0.002549935353756,13.4847562065262,41.8919940569489,15.0,3143.23429326379,101160.0,240,21.7012944452028,1.63417868158395,1135.69802874018,72.8613090362341,2410.76824278139,119.799353918473,392.22456348765,2.34624518257823,11.5772865992048,2.04594731544269,0.679613205421682,5.12560412641404,4.67879001737172,0.0270292043406402,0.0019322423582267,0.0010321614848339,13.3676832690109,41.9245816348309,15.0
10.66666666,22.0984941875265,1.81484323944799,1141.01705676619,82.5203136946299,2420.39546491206,119.932569072795,392.903461061521,1.76840939738224,9.41530044139991,3.66003570780843,0.711988365463888,5.67183318652006,4.93717371751174,0.0646760707431973,0.0043053848906099,0.0023399949285357,13.4778292607602,41.9682316899307,15.0,3149.05282289784,99465.0,240,21.8765370007254,1.61062030790415,1138.08830467137,71.8840909805943,2417.06717300274,120.024681997701,392.87581642899,2.44983270102597,11.6500488084706,1.84538097635325,0.673305727707608,5.06713885780954,4.6561087354223,0.0237828546570001,0.0017160575031512,0.0009152295663191,13.3640631501183,42.0031501417475,15.0
10.67708333,22.2648431523068,1.78751058156386,1142.94797647446,81.1909821695255,2425.88375453918,120.13494145699,393.46020653612,1.81092599044533,9.54535974931339,3.4686986036938,0.704674518627042,5.59316831346352,4.90796577745836,0.0591571656094811,0.0039778352983018,0.0021593713610286,13.4730007482135,42.0391081714803,15.0,3154.24272701082,97435.0,240,22.0460800821695,1.58432011866303,1140.2509989109,70.7591761858743,2422.89852864361,120.23403295288,393.485057009985,2.56004299310322,11.7333191075839,1.66961424134436,0.666275664755456,5.00029879764005,4.63302006921418,0.0210560733666148,0.0015332841775615,0.0008164308300827,13.3612423138664,42.076218710947,15.0
10.6875,22.4239996546729,1.75720966129163,1144.63888197972,79.7101101682777,2430.95700858391,120.323199588075,393.978644693836,1.85963520844879,9.68534008721888,3.28049032244697,0.696912760322719,5.5056532631441,4.87762931896785,0.0539288984564452,0.0036627389576351,0.0019856768998575,13.4679851387278,42.1050948858564,15.0,3158.78470492476,94095.0,240,22.2085594159522,1.55498547655347,1142.18240170696,69.471539289956,2428.28409836037,120.429172117681,394.057409560142,2.68102725851645,11.8317914421691,1.50629940577867,0.658473466056965,4.92402782755522,4.60861843662602,0.0186227927775623,0.0013682903222958,0.0007270949233729,13.3584084786414,42.1443789138107,15.0
10.69791666,22.5762394710133,1.7247982980218,1146.04727885961,78.11794251124,2435.52198679146,120.491974673728,394.444093231649,1.91352790515279,9.82313253160579,3.10220895787583,0.68857050090535,5.41150380535601,4.84754117557527,0.0492000871976153,0.0033734858982962,0.0018261781583867,13.4651123219082,42.1642880884436,15.0,3162.5906731171,92205.0,240,22.3641667399219,1.52350356148417,1143.87053602988,68.0671012691923,2433.20429589051,120.607810313768,394.588206301553,2.81289717861918,11.933657271311,1.35682214463825,0.650026328509769,4.84084251355997,4.58418658611178,0.0164800619877466,0.0012224089543443,0.0006481803235421,13.3561354175218,42.2068065937491,15.0
10.70833333,22.7225923399042,1.69160290952792,1147.21629164194,76.4956774500148,2439.63819909283,120.643750232334,394.867183723268,1.96807258400476,9.94560494789242,2.94744350727933,0.679672671144359,5.31528429517722,4.81936827120319,0.0452758264987309,0.0031316647828972,0.0016930394599016,13.4629541412472,42.2175169537118,15.0,3165.80896432057,90225.0,240,22.5140806336859,1.4915926229687,1145.32118556978,66.6277810597081,2437.6618913369,120.768798976701,395.075106568875,2.94438598074059,12.0229829096471,1.23071395639852,0.641212960741272,4.75536107568339,4.56153093909086,0.0147291152191033,0.0011027347420805,0.0005834684081856,13.3544926704253,42.2630754874959,15.0
10.71875,22.8637755080568,1.65842133055892,1148.18745699113,74.876322177329,2443.33363524765,120.781234161572,395.257019853877,2.02293576601122,10.0560591060027,2.80783712229577,0.670355880415027,5.21905459683368,4.7930484809438,0.04192510078917,0.0029248185554592,0.001579575642107,13.4603865675487,42.2657283271271,15.0,3168.52604756901,89320.0,240,22.6590451332877,1.460246940077,1146.55708124304,65.2011459321403,2441.68490862277,120.913847887377,395.522534263123,3.0691286600828,12.0961251062812,1.12784197423848,0.632241901646862,4.67035556189469,4.54105108979745,0.0133372614689031,0.0010074935213085,0.0005319948944579,13.3531065567146,42.3137685860518,15.0
10.72916666,23.0009492604761,1.62612056058584,1148.97343398949,73.2976147785379,2446.55879230704,120.902838560604,395.610133101209,2.07939096832604,10.1564855306903,2.67194369496031,0.660964443208516,5.12507476165937,4.76891244748691,0.0388639309810894,0.0027353580564671,0.0014761301493766,13.4565592100018,42.3084072097069,15.0,3170.73841495994,88875.0,240,22.8002106683185,1.43044666927826,1147.60238316171,63.8354395552187,2445.28278869469,121.043905318428,395.932760035621,3.18352298501997,12.1511202350411,1.04361174139029,0.623413912340388,4.58868659139075,4.52316354612677,0.0122227731213315,0.0009308085808326,0.0004905177767992,13.3518132640242,42.3592221665256,15.0
10.73958333,23.1378085038912,1.59853506259355,1149.55843743146,71.936708022078,2449.1838877045,120.998431699805,395.902161842655,2.12667543358054,10.2124067069201,2.56796380769879,0.652510990883768,5.04326008261608,4.75200149402814,0.0366659522728899,0.0026024448882571,0.0014044792238497,13.4557768213892,42.3420326683849,15.0,3172.44124452667,93040.0,240,22.941381674002,1.40548370043211,1148.47687446873,62.6892360139584,2448.42820235393,121.155405744561,396.295235760459,3.26791223617562,12.1626349558291,0.991913392899778,0.615582895037253,4.51943738660208,4.51134917225742,0.0115415284873462,0.0008855210697228,0.0004662035564947,13.3517975350081,42.3982019869808,15.0
10.75,23.2851261903606,1.58785352578212,1149.77215488971,71.3593923854237,2450.66945792181,121.02680511302,396.018555279589,2.11466281914567,10.1040622607557,2.62132188025292,0.647601939233884,5.00508535758569,4.75867116181795,0.0378412669148641,0.0026955312913118,0.0014586858057091,13.4657648485192,42.3521385271782,15.0,3173.39887808755,109040.0,240,23.0943449147632,1.3965255339721,1149.16420310252,62.284009300491,2450.96492700879,121.231908086847,396.553398176882,3.23170555751594,12.0405793134784,1.04416819769174,0.611335748463485,4.49216187655664,4.51710188503524,0.0121672207614765,0.0009377337256421,0.0004952643684341,13.3566765864955,42.4249417312629,15.0
10.76041666,23.4346267422493,1.57957018534174,1148.76090789434,70.8775802174495,2449.25943634492,120.913605033138,395.654776546554,2.09395274408543,10.0354824044037,2.70289361702755,0.646438393855663,4.97366999520908,4.76366242415849,0.039356741879403,0.0027986099008009,0.0015156973071697,13.4539655538818,42.3127536135563,15.0,3170.83429473747,104845.0,240,23.2508070799757,1.39408774709285,1149.26590637364,62.1463585751831,2452.0686428229,121.242056233117,396.58214474997,3.146254905654,11.9121486360753,1.11793635419117,0.60960317917566,4.48038440063543,4.52544244926572,0.0130857437162994,0.0010024200426859,0.000529734300877,13.3565660104347,42.4285449900388,15.0
10.77083333,23.581038221417,1.56576436941975,1145.97820177627,69.9983896729037,2443.85864866698,120.613504246638,394.639739672808,2.10317568544016,10.0989032635069,2.73789826085403,0.644250364190024,4.92234119620443,4.75437066786722,0.039777760281117,0.0028267542045166,0.0015293182602043,13.4424187907901,42.2079249126603,15.0,3162.9723067112,107795.0,240,23.4015372321686,1.38611508374064,1148.1550775208,61.6851642387155,2450.4134215469,121.125742050646,396.176673304588,3.12078812200129,11.8918870240091,1.15187500617297,0.60733736610182,4.45152805533068,4.52301432581767,0.0134942426718325,0.0010312105315169,0.0005445078109535,13.3532116606755,42.3879602169489,15.0
10.78125,23.7248549276662,1.55104971327191,1142.89201991519,69.0946982097382,2437.71278020685,120.281820242669,393.50183157209,2.11905874885,10.2115271740272,2.76615109455915,0.64179946973096,4.87031374565053,4.73891762066349,0.0399201051823089,0.0028333268579151,0.0015301189029973,13.4345824352105,42.09194754437,15.0,3154.18132326818,102790.0,240,23.5480653033142,1.37447610817319,1145.91008751829,60.9915474819414,2446.16392196541,120.889063571805,395.358655183422,3.12385463369411,11.9569475626651,1.16491817029068,0.604384055974792,4.41032570349338,4.51184831463722,0.0136238368555972,0.0010387771268339,0.0005473451448121,13.3505701103609,42.3052248107773,15.0
10.79166666,23.8597260194283,1.53247823007504,1141.46456093621,68.1221323639891,2435.19736442421,120.139597287388,392.965862514606,2.15160299037373,10.3929505960821,2.73565059510867,0.637348622289452,4.81496742123714,4.71265193217318,0.0388961234529672,0.0027622764474455,0.0014880416985904,13.4287115806193,42.042168770197,15.0,3149.94876472245,96550.0,240,23.684953291067,1.3564630367001,1143.75549476904,60.0132070900939,2442.06871633609,120.670189745188,394.587611871132,3.18339487416184,12.1162523330172,1.12765166407301,0.599745534485191,4.35333430676744,4.48905741221001,0.0131142143586075,0.0010012460493857,0.0005258711979575,13.3475349793859,42.228654481526,15.0
10.80208333,23.9815213463131,1.50651069985012,1141.84443654073,66.9036501304877,2436.74254972738,120.213353703708,393.124282341315,2.21361264560555,10.659351943964,2.60279524173383,0.630438550755058,4.74547807698528,4.6727517902587,0.0359948086360933,0.0025677500615222,0.0013788650625585,13.4216570473287,42.0679179832846,15.0,3150.67214282018,85215.0,240,23.8084626978216,1.33028509462723,1142.63351972433,58.7188657465921,2440.24780590805,120.575135797294,394.224255191955,3.31729327908272,12.3607212407121,1.02321674526553,0.592777962882734,4.27840121539047,4.45459432863927,0.0117870100380329,0.0009048057412798,0.0004729502928786,13.3437607193463,42.1953544194523,15.0
10.8125,24.0972316897621,1.48322258124883,1143.54145563575,65.8543075119281,2441.19765243339,120.433783647248,393.789891911257,2.27476468081381,10.8718601530304,2.46281611429742,0.622831952650075,4.68440380339299,4.63755347151438,0.0333891435928138,0.0024026366605525,0.001289163409685,13.4267292114672,42.1449570743989,15.0,3155.22153616048,89390.0,240,23.925964960323,1.3044552419539,1142.66428015041,57.5110927445585,2440.91744748306,120.604666718412,394.291051206205,3.46607132929135,12.5806547594291,0.928089937665653,0.585331336664726,4.2080617613354,4.42212415086361,0.0106035987392878,0.0008236815282979,0.0004295917740998,13.3432498560955,42.2055997542285,15.0
10.82291666,24.222512223302,1.48425436918927,1146.26134248904,66.0022152732592,2447.72796839043,120.730340978228,394.782281552451,2.23881105616151,10.7761548665472,2.54213074073361,0.62064085401642,4.68881036146762,4.64069390921525,0.0351123008640741,0.0025346020125914,0.0013657584291861,13.4500025947403,42.2486135495644,15.0,3163.31457167473,106800.0,240,24.0557676807235,1.29961246336609,1143.94799823617,57.3373749154198,2444.18706900413,120.747293399031,394.747729261821,3.43535230070642,12.591803743063,0.975832993382193,0.582495739283137,4.1960356911638,4.4140240993091,0.0111601030864292,0.0008732908868222,0.0004575552421819,13.3504876385524,42.2553383817319,15.0
10.83333333,24.3535503554182,1.49971521874956,1148.12018907027,66.8282714503148,2452.27517974885,120.909359263909,395.408124183423,2.1432353143928,10.5372158182533,2.76980743804143,0.625029138650134,4.73126116958727,4.66350143392309,0.0398046725258336,0.0028503837346165,0.0015419587076482,13.4585938206816,42.3111394644795,15.0,3169.38919738593,113180.0,240,24.1954579165679,1.31416657167272,1146.02200653349,58.1015637294517,2449.1501895886,120.960257245799,395.432782046698,3.24743139646802,12.4346245287677,1.12944841917683,0.585148012027929,4.23685349983988,4.4251676479792,0.0130558816250279,0.0010144811584417,0.0005345965121509,13.3571245289654,42.3296801889644,15.0
10.84375,24.4828477241739,1.50734848396144,1146.5837042085,67.1096254676774,2449.31063198552,120.723870357224,394.784724877991,2.08897054690432,10.4463671163403,2.94984104196041,0.629567385050187,4.74642323338565,4.67129463874557,0.0434509353794562,0.0030831027511081,0.0016685377418419,13.4492199998868,42.2460838133977,15.0,3165.56898053273,112710.0,240,24.3316272880356,1.32789282392007,1146.9066262347,58.7708921688282,2451.55407179392,121.04717140772,395.680720868783,3.08932204016424,12.3178437265715,1.26692323697709,0.588802928183412,4.27338043947258,4.43215442277227,0.0148106939722755,0.0011369419303495,0.0006002309143678,13.3565552097095,42.3599611707997,15.0
10.85416666,24.6164252325294,1.51610643917394,1142.7315498161,67.2732128087293,2441.05606071779,120.277052032033,393.275348989671,2.04421180499589,10.4048648215954,3.16310882905249,0.634169395078092,4.75734544237926,4.67554878667713,0.0479127122868968,0.0033635435166396,0.0018198327775217,13.4486503517129,42.0894393377239,15.0,3155.02699777654,121125.0,240,24.4682352692039,1.3401443437473,1145.41186206893,59.2476554529474,2448.64621431126,120.870729912237,395.039531289201,2.95828550290392,12.2527685749081,1.41948454728494,0.59257795196303,4.30072297075146,4.4354239106414,0.0167929798259487,0.0012774887342336,0.0006756552063625,13.3570705349445,42.2980495657612,15.0
10.86458333,24.7441392534682,1.51662025728003,1139.68113529129,67.2137261786597,2434.50559241213,119.923343571299,392.02436883103,2.02857996931585,10.4875015950525,3.30831975093312,0.637427575709452,4.75765032359748,4.66276982276688,0.0504373230314638,0.0035086703610543,0.0018941655300015,13.4397541467689,41.9652397104601,15.0,3146.48505449615,104535.0,240,24.5979157696015,1.34353703920618,1142.7447411912,59.2529139766298,2443.10093756629,120.574706614678,393.971680078229,2.89039826733966,12.3273578695612,1.50591072251196,0.594565227757283,4.30253481334743,4.42233540287468,0.0179098546727458,0.0013465504841122,0.0007103276384208,13.3541342944264,42.1941981582492,15.0
10.875,24.8579001015184,1.50255087872507,1138.43488063857,66.5163975825768,2432.15721038721,119.798786115281,391.481434136152,2.0616924956298,10.7456350823871,3.26429350885308,0.633612162573422,4.72161114580983,4.62405228034196,0.0486964324248448,0.0033840833771321,0.001819809230482,13.4347954066219,41.9211425020683,15.0,3142.73238852139,94045.0,240,24.7113822435364,1.32953343716964,1140.64465632432,58.4838707542114,2438.87718446366,120.363767437979,393.158507549522,2.95436302867644,12.5960003405602,1.43885824624584,0.591449073057271,4.26075938368802,4.38383160907582,0.016977619434259,0.0012754066711994,0.0006696969190707,13.3494513136107,42.1200102585302,15.0
10.88541666,24.9706390080722,1.49867235614241,1138.87270239755,66.3351292987304,2433.62551399139,119.853261645891,391.561289224799,2.06117383571779,10.8631862564208,3.2996116458939,0.630371731534768,4.7110169402662,4.59977726031007,0.0493921872356876,0.0034254368556184,0.0018407698238098,13.4515801090968,41.9395212979115,15.0,3144.1405633922,102880.0,240,24.8242498513574,1.31934952555302,1139.51072094591,57.950114086195,2436.76079191308,120.251085811885,392.680429892343,2.99812925970617,12.8068995855667,1.41870072526532,0.588390171060295,4.23131492883086,4.35109554983827,0.0166784945712116,0.0012607228199359,0.0006620726712889,13.3521520419855,42.080045273434,15.0
10.89583333,25.0948744181681,1.53062007273231,1141.28890859787,67.9665161928144,2439.26472210269,120.066103415261,392.242713066147,1.94774057052344,10.5606892330909,3.71782621672392,0.637740734097245,4.79975016510268,4.62652770623389,0.0600714722491033,0.0040877838142611,0.0022065326312452,13.4908048066018,42.012911439699,15.0,3152.13140611086,128400.0,240,24.9544117983997,1.34072766233469,1139.89689958403,58.9620789651461,2437.87089228413,120.260630522655,392.630280536598,2.81997548152708,12.6865304931493,1.68659614875621,0.59304282594449,4.28807219873402,4.35732572049051,0.0202953294581208,0.0015299423078254,0.000810185333591,13.3669293244267,42.0826011312036,15.0
10.90625,25.2149062668676,1.55830876875127,1143.13846589488,69.5994557181296,2443.47120326549,120.200212903756,392.622423598834,1.8517925473624,10.3093113760585,4.15400016601545,0.650289462687126,4.89442478956101,4.64803672157815,0.0721567340597552,0.0048103340956214,0.0026059163142093,13.4883768674572,42.0584370572317,15.0,3158.31764882874,117220.0,240,25.084223528297,1.37304742684006,1141.56752079293,60.5669643303118,2441.84056000573,120.397002092455,392.979193509257,2.58297339461072,12.4803057525885,2.04000700398409,0.602175373940418,4.37932623552101,4.37195582011261,0.0254756251570034,0.0018802878409417,0.0009997561313803,13.3718715899667,42.1293707195058,15.0
10.91666666,25.3297800030588,1.5653321833145,1141.670417379,69.9557225848094,2440.36061896297,119.997487112905,391.823937253522,1.82841625463811,10.3266965638529,4.35372746077149,0.654427673279842,4.9222851428372,4.63867461484669,0.0773453401038205,0.0051049340027009,0.0027649205491066,13.4807895286345,41.9861129397513,15.0,3154.34572217471,115695.0,240,25.2015504434213,1.38781262068171,1142.13576006769,61.29552247437,2443.41190510878,120.429982999986,392.943264557075,2.47535500613509,12.4735940919898,2.23594894970455,0.60705896730712,4.4248340581765,4.36250399816306,0.0285325014942871,0.0020780115823441,0.001104992736704,13.3688604955932,42.1398341595096,15.0
10.92708333,25.4467462934581,1.5757443992401,1139.07601585748,70.3646637785008,2434.76642596301,119.670995914028,390.620064317459,1.81198810082839,10.3318162857038,4.51931867513714,0.657415710120012,4.95029860395812,4.63143927862101,0.0817543907620068,0.0053489962299959,0.0028963183965881,13.4855573414163,41.8704873287985,15.0,3147.27648986945,117755.0,240,25.3185730510252,1.39839212661334,1140.93892951948,61.7372214912601,2441.01241190228,120.267098672431,392.253583900195,2.40882996139038,12.5065992122763,2.39463424176473,0.610436400313361,4.45488322066178,4.34991536425348,0.0310742538630115,0.0022435925638062,0.0011932877887664,13.3702778072884,42.0816190176029,15.0
10.9375,25.5558367781395,1.58085565106487,1137.77295606522,70.6664869692793,2432.13833535576,119.49806943202,389.900304127901,1.81338910036432,10.414910207017,4.5596146021283,0.658715484827488,4.97006431600764,4.61251258432437,0.0824563402888768,0.0053836428372491,0.0029136567071422,13.4789079648885,41.8086867481919,15.0,3143.83862902378,104475.0,240,25.4292280659833,1.40222820598963,1139.35136421794,61.8428514344617,2437.81186011654,120.073666172576,391.451621729365,2.39113092577625,12.6273910325386,2.43787700387776,0.611845329105461,4.46409503244015,4.32627447684965,0.0317151628942983,0.0022767508511749,0.0012089042033647,13.3677349273518,42.0127240215442,15.0
10.94791666,25.6686915725115,1.60512349696499,1138.01039842799,71.8308924522916,2432.72632090559,119.462918721483,389.672235853836,1.7761111076727,10.3122123145153,4.72661555860421,0.662539766857193,5.03688496925335,4.61609275798054,0.0883489044720911,0.0057063482384922,0.0030923548884545,13.50332890324,41.7949001111502,15.0,3145.12324985426,130220.0,240,25.5445003234862,1.41837900787968,1138.41534819023,62.5910178609564,2435.91669986949,119.923149323679,390.817513475911,2.34183077408551,12.6006458333086,2.58094329200984,0.615828691038717,4.50875047366978,4.32106244204387,0.0342773710081593,0.002455633452888,0.0013080813935484,13.3753573147224,41.9587017155161,15.0
10.95833333,25.7812752800778,1.63791570478317,1139.00441359437,73.6943187750287,2434.62647119312,119.472852627529,389.599300739386,1.72418853456569,10.1086321421392,4.98921418161323,0.673776204897038,5.1455385428696,4.63293848614207,0.0985526307851714,0.0062798249012773,0.0034167778668234,13.5046558181948,41.796613152393,15.0,3148.64547756137,124150.0,240,25.6643682040583,1.45063808132934,1138.5442116683,64.1963863348989,2436.18040728192,119.852896311147,390.469131577409,2.23242954870955,12.4001345597546,2.85315768784831,0.624891086040751,4.60199631942511,4.33738884758535,0.0393860508148109,0.0027872004298421,0.0014897656962227,13.3815359812634,41.9326560809812,15.0
10.96875,25.8875835776419,1.65335867045575,1138.76166987107,74.5768942145472,2433.68596785603,119.360424463542,389.070866548618,1.7122287481518,10.1254642458524,5.05508522934295,0.679422173688263,5.2043347065368,4.6242506787007,0.101399790140753,0.0064349767653142,0.0035048853150308,13.4927417826656,41.7556447129926,15.0,3147.90860075011,119830.0,240,25.7738717769205,1.47063996511732,1138.82334878057,65.2119202853353,2436.71724159909,119.809065596789,390.17229622026,2.18210123975311,12.361396467972,2.97087524479277,0.631271613445637,4.66474686593656,4.33378961626379,0.0417850849024892,0.0029344098639,0.0015695678438856,13.3779407136416,41.9158708800822,15.0
10.97916666,25.992102557615,1.66341381228499,1137.60992013926,75.0544110823697,2430.84598724526,119.161246804334,388.252137422736,1.71642246363333,10.2084493267333,5.00938903398216,0.681319493463986,5.2378268992186,4.60813197606253,0.100066642114009,0.0063573297158815,0.0034616695024073,13.4870677617772,41.6845592976542,15.0,3144.45619649371,116555.0,240,25.8787163206234,1.48124114346378,1138.38715133921,65.7128650260501,2435.61689112526,119.693530306131,389.623842748483,2.17333378628574,12.4294094414368,2.97369022280648,0.634705686846209,4.6992478389429,4.31808633804002,0.0419145383509328,0.0029360837444871,0.0015697846714219,13.3751591015464,41.8740396707711,15.0
10.98958333,26.0922803497023,1.67319820772864,1137.13877596634,75.5325589886678,2429.66942940598,119.044460265922,387.711382459235,1.72617712686755,10.3000495205279,4.87646062097374,0.682324482683801,5.26719710280419,4.59007265050457,0.0961419285190502,0.0061385118083789,0.0033412213090629,13.4838943602017,41.6425671293083,15.0,3143.05438066159,112880.0,240,25.9799798848002,1.48747421504116,1137.71023382682,65.9818983091045,2434.03026136527,119.557937228673,389.012243917383,2.19126556297554,12.5413181868032,2.88879857700225,0.636588154160737,4.71846739178984,4.29732740662986,0.0403542813855735,0.0028307716927955,0.0015122159262076,13.3729178918417,41.82533141216,15.0
11.0,26.1839176416355,1.67427288180489,1137.84134430244,75.6361172834065,2431.37505983187,119.077438004671,387.655160095605,1.75225316827064,10.461813826542,4.61593707293769,0.681140226921233,5.27296921274281,4.56156732236717,0.0880396967548618,0.0056864311946661,0.0030917513074137,13.4754546782196,41.653328579728,15.0,3144.92883607329,102055.0,240,26.0735022680083,1.48555152615593,1137.56003591158,65.8784522680607,2433.80380457015,119.498141632497,388.649902312848,2.24805416969002,12.7284577266233,2.67806306829274,0.636186361469258,4.71398677769483,4.26638059183039,0.0364846176004077,0.0025729929981932,0.0013714580843872,13.3680961902523,41.8034037749261,15.0
11.01041666,26.2697684420016,1.67062476986754,1139.53377799368,75.4880690384471,2435.51070515661,119.235285062321,388.018765390912,1.78495246212799,10.6321557593591,4.30495330115344,0.677465279457061,5.26236628658392,4.53067646571433,0.0787963533329661,0.0051578516322456,0.0028001534727296,13.4741826021865,41.7080746497267,15.0,3149.62100796878,102040.0,240,26.1609403710618,1.47781726592068,1138.19612486123,65.5496399114367,2435.4903260099,119.53545899919,388.620926821432,2.33816602580568,12.9328181984939,2.40316098361951,0.633903626053476,4.69485502728881,4.23251958816062,0.0317784127752359,0.0022626857565549,0.0012036391961454,13.3647356681705,41.8156787534761,15.0
11.02083333,26.3494764137195,1.66062850293015,1142.02326331645,75.0927991716916,2441.64508698065,119.497780872437,388.736839941737,1.82679033287283,10.8072789857104,3.97411087220082,0.673087468828245,5.23604952768746,4.49808731773823,0.0694562496453381,0.004615144751442,0.0025022750933562,13.4679188198102,41.7996811584199,15.0,3156.59658858104,93080.0,240,26.2430408705207,1.46539448928746,1139.62352984874,65.0543035139291,2439.10065345447,119.669286820997,388.930784682081,2.45391461601882,13.125813891706,2.10508404933934,0.630352542907042,4.66464422665428,4.19938877610526,0.0269798638554964,0.0019407226943168,0.0010296992722989,13.3609394603781,41.8619492630138,15.0
11.03125,26.4232751187834,1.63977663609495,1144.96023926268,74.1480103638836,2449.03590128289,119.833648966438,389.704357154697,1.88269768642243,11.0051300483829,3.63402148836516,0.666330800241597,5.17919662271576,4.46203313630912,0.0603377988221897,0.0040719156373038,0.0022039019076577,13.4638121890192,41.9171390979245,15.0,3164.69947209638,91795.0,240,26.3190978197926,1.44560329612328,1141.68516997727,64.2575669084499,2444.30412442679,119.886377367152,389.537563382888,2.60823674225614,13.316704300887,1.79849568947114,0.625000671344607,4.61658929531606,4.1660972730534,0.0223628879862647,0.001630301131614,0.0008628752197777,13.3571436184509,41.9375406079965,15.0
11.04166666,26.4940368277034,1.61111936285705,1148.19451202478,72.846647083805,2457.26660423884,120.219853413658,390.860032039383,1.93971736985315,11.1585300879883,3.36316846446338,0.657943113572841,5.10296146456673,4.4317479939561,0.0534843393815774,0.0036582926660551,0.0019774655354256,13.4623347248997,42.052251768085,15.0,3173.57992542642,90200.0,240,26.3923299805549,1.42203457416345,1144.26028517922,63.3124526016573,2450.76890807041,120.166985612294,390.384838543132,2.76854802892214,13.4450499880361,1.55137315740019,0.618528181976428,4.56027377732687,4.14074241494747,0.0188401761806187,0.0013922063732543,0.0007354366982155,13.3552447838117,42.0354621865956,15.0
11.05208333,26.5608835170256,1.57621210023083,1151.52441362177,71.2574534866763,2465.8135161182,120.634045096567,392.11833735933,1.99974200826452,11.3129178211931,3.14121809174848,0.648437326080224,5.01091070712647,4.40183736994001,0.0480559011723419,0.0033258856552053,0.0017952729101311,13.4582734440772,42.1971341918157,15.0,3182.65867490577,87260.0,240,26.4619067181253,1.39314134741212,1147.15254361818,62.1191097244921,2458.05169426613,120.496914199305,391.415759191268,2.93178812214232,13.5461415793169,1.35250430910798,0.610560115978234,4.49019193960491,4.11906923372892,0.0161170785524528,0.0012063969439685,0.0006358741499204,13.3529879444953,42.1506971437826,15.0
11.0625,26.6242984739545,1.53895995995626,1154.76545185211,69.5582349691565,2474.18383321243,121.049494091225,393.388360553687,2.05871804406581,11.4786079484199,2.96765283275496,0.638358651276783,4.91280112485787,4.37091427383901,0.0439443267463329,0.0030711706368355,0.0016552516945967,13.454973928169,42.3423658033428,15.0,3191.46580536147,85170.0,240,26.5277502013954,1.36050750781324,1150.18115320044,60.7401423586428,2465.69138926371,120.856257950635,392.556935612656,3.09295420956571,13.6438261912238,1.19568104294185,0.601380308998532,4.40977170412511,4.09820937578855,0.0140356437706226,0.00106403742363,0.000559560723312,13.3508622946207,42.2762198764497,15.0
11.07291666,26.6848218169328,1.50232629770384,1157.75458914156,67.891010965274,2481.98961221821,121.443895987525,394.597034017477,2.10978834777617,11.6495353585645,2.85111732041968,0.628337057053045,4.81625355244178,4.3393324487677,0.0411789468210469,0.002898858377392,0.0015599237294321,13.4526672121161,42.4800836850127,15.0,3199.6171695113,82400.0,240,26.5902869601421,1.32667736496923,1153.19078855524,59.2877251033601,2473.29449035186,121.22542213356,393.737687903597,3.23968261455661,13.7494959270632,1.07903486726487,0.591593423978435,4.3251959026486,4.07656650800909,0.0125206364391024,0.0009603835503009,0.0005038849843698,13.3491584035057,42.405119367898,15.0
11.08333333,26.7422247536276,1.46633378712637,1160.22660818025,66.2379222275962,2488.66366371155,121.790038725772,395.651731532801,2.1558492890029,11.8395284739919,2.7672525660024,0.618185103778324,4.72010329136374,4.30496324845506,0.0391545295268379,0.0027726573786585,0.0014895609400583,13.4494024880165,42.6007462762786,15.0,3206.37803299069,78890.0,240,26.6493303213612,1.29250098668112,1155.98277011911,57.7953735637215,2480.41054417062,121.582399249465,394.880571648464,3.37362173647906,13.8813595936611,0.988622690934265,0.581443761589765,4.23815437669865,4.05154031463014,0.0113654522354009,0.0008811604280821,0.000461152756857,13.3473231434349,42.5296564260993,15.0
11.09375,26.7977989335657,1.43285982132995,1162.09396286338,64.6730404340937,2493.98043607713,122.075069903106,396.520344838116,2.19262213593661,12.0116025116164,2.71897626648774,0.608068107985547,4.62866069999897,4.27275240106695,0.0379312231347759,0.0027002491624092,0.001449076886937,13.4492411281933,42.6998712903126,15.0,3211.53204405461,79315.0,240,26.706316114855,1.26074588133197,1158.43618187043,56.3913331653698,2486.75568832246,121.910472974849,395.92983653169,3.47780139698556,14.0172605703058,0.933081916852833,0.571590260260867,4.15592574344238,4.02566676622364,0.0106541174062771,0.0008343235585667,0.0004358708329982,13.3465266925233,42.6439446349375,15.0
11.10416666,26.8519592298028,1.40195846673325,1163.37797004526,63.2075315238796,2497.95025186906,122.300409487326,397.210524576338,2.22181614239304,12.157381120563,2.68917534154793,0.598612126143324,4.54259563425845,4.2443973744151,0.0370938282946255,0.0026525242743736,0.0014221257546473,13.4477451269942,42.778037240402,15.0,3215.1185435567,78180.0,240,26.7621233094806,1.23248295771629,1160.46380540203,55.1236795915083,2492.13004319687,122.199563412151,396.850285590895,3.54531049719289,14.1467905232866,0.903168703612642,0.56249503242033,4.08130240458372,4.0002099653176,0.010263398434159,0.0008092627222943,0.0004220531877004,13.3460991581975,42.7444597310717,15.0
11.11458333,26.9022232231704,1.36683448072271,1164.0967539748,61.5143591663036,2500.61705497327,122.479405886664,397.744549771562,2.28354662812544,12.3826087681827,2.56401190080744,0.588608687603146,4.44380617155939,4.20681604035471,0.0345112881156486,0.0024857508542528,0.0013295454872507,13.4361198404556,42.8400437181482,15.0,3216.96912561806,71230.0,240,26.8140661991299,1.20182306313897,1161.94305445091,53.7217108973251,2496.26138694162,122.440721084526,397.619353620997,3.65547529405198,14.3227892462052,0.835807106865731,0.552976607411124,3.99887599478384,3.96926304392203,0.0094429174400936,0.0007492744642901,0.0003891466266552,13.3430054024485,42.8281732586618,15.0
11.125,26.9482244000142,1.32567145256608,1164.45291538379,59.5190580676044,2502.38816616343,122.634359154296,398.19801280953,2.40103266746471,12.704598265472,2.31743661454778,0.577241723774304,4.32834636136831,4.15770991127794,0.0300576150153673,0.002191975724083,0.0011680487287774,13.4229450214859,42.8937351066883,15.0,3217.564685014,66170.0,240,26.8610889336212,1.1661586257247,1162.92465047714,52.077323702897,2499.21623181768,122.635430010129,398.261710949076,3.85943095163591,14.5466321894152,0.719905704749473,0.542296696201285,3.90250619654726,3.93357845616615,0.0080743396679339,0.0006481004082607,0.0003344673418314,13.3387750941398,42.8957006774323,15.0
11.13541666,26.9914535305413,1.28227490994739,1164.72140256884,57.4352714176217,2503.81270407854,122.784620577884,398.659158689777,2.56198263310579,13.0419389495475,2.02308361519765,0.565147522673904,4.20817441216712,4.10731446822113,0.0252607442004684,0.0018725815399836,0.0009939111108748,13.4135070866036,42.9458644706046,15.0,3217.76926635245,62565.0,240,26.9047878069895,1.12858279191833,1163.58504681596,50.3387273367544,2501.3315023892,122.794873095559,398.828458403603,4.11930228672957,14.7657206842644,0.596294474613608,0.531011800432755,3.80066552355754,3.90001277404869,0.0066454910663973,0.0005413009423725,0.0002772103911586,13.3356110203837,42.950981021013,15.0
11.14583333,27.032383794121,1.23879156800881,1165.06477112276,55.3770940170515,2505.22279304207,122.941386997946,399.18036771536,2.76029210826814,13.3473246047236,1.7223184388768,0.553161144160305,4.08965619678419,4.06171369559219,0.0207870392225626,0.0015713136369758,0.0008307762881391,13.4063263518449,43.000347513925,15.0,3218.09007030684,59730.0,240,26.9461113364113,1.09127545491294,1164.08308532058,48.6082136571589,2502.92817121291,122.932679978151,399.369302419626,4.39833537797991,14.950292631097,0.486174035906897,0.519648294091234,3.6992289027661,3.87218962948292,0.0053951260768449,0.0004457825485052,0.0002262527386035,13.3333190155552,42.9987949620859,15.0
11.15625,27.0709496034353,1.19579329004409,1165.51421721337,53.3707996682322,2506.68529274311,123.104661710832,399.76964760983,2.99824982678693,13.603502686898,1.43063513236797,0.541406835273604,3.97422821867746,4.02334547466679,0.0167764946714691,0.0012964272757506,0.0006825711276124,13.3997194682393,43.0571955669722,15.0,3218.62636088426,56865.0,240,26.98528644146,1.0550458944837,1164.52732911598,46.9255655994291,2504.23303270176,123.059612077347,399.920182071183,4.67812099925878,11.886123452175735,0.393359725915452,0.508443831915679,3.60050850957705,3.85110408881657,0.0043561518639287,0.0003638818679802,0.0001827104498363,13.3314268924364,43.0429146656064,15.0
11.16666666,27.1088609191214,1.15741469001717,1166.04901810279,51.5928949725508,2508.12788289536,123.263290473408,400.408231826092,3.23632872986396,13.7394435869247,1.20676991735478,0.530374615139431,3.87189415396073,4.0017693783194,0.0138753081794369,0.0010997702910381,0.0005776727768867,13.3993105874382,43.1125226895832,15.0,3219.41538071984,59840.0,240,27.0241479932739,1.02302582947482,1164.9925775388,45.4368152088767,2505.41523751746,123.183074761359,400.495735434904,4.90664351747253,15.1598917513925,0.33279137899214,0.498186263220734,3.51301806007977,3.83994018030163,0.0036815666673112,0.0003097485549344,0.0001540014065454,13.3309719441182,43.0858957427291,15.0
11.17708333,27.1458224879434,1.12294373080163,1166.57225901321,50.0008313329407,2509.35558710753,123.410207534142,401.05968460995,3.46183459223032,13.7888729218559,1.02437093023306,0.520483993293371,3.7800210386904,3.99291784749668,0.0116091699006117,0.000939831924996,0.0004921362986944,13.395855921084,43.163864467078,15.0,3220.17182554864,57340.0,240,27.0626110216222,0.994839918218355,1165.48671794735,44.125798441889,2506.50058541802,123.306005093803,401.098579339567,5.08898634371855,15.1679243529242,0.287898162331328,0.488966063372858,3.43587385474208,3.83709049966228,0.0031853829360598,0.0002687265116036,0.0001322782396115,13.3305214383099,43.1287568320323,15.0
11.1875,27.1813809078314,1.09076034424448,1166.92717257231,48.5111827297093,2510.0431071656,123.53027296288,401.667177469572,3.69955496437889,13.7881054699755,0.867132492689929,0.511158334464027,3.69365200087711,3.99260402895941,0.0097215909286873,0.0008059384481896,0.0004209202864916,13.39205054124,43.2059238351965,15.0,3220.41362755145,58855.0,240,27.0999825864349,0.969097630936482,1165.95980682567,42.9291440358109,2507.38566993512,123.422632806133,401.712689445215,5.25617560243977,15.1291430503976,0.251651968794325,0.480465166802143,3.36531718620444,3.84125699610765,0.0027861672889017,0.0002346736639822,0.0001142866268074,13.3297575323817,43.1695043755966,15.0
11.19791666,27.2181082483888,1.06582428141157,1166.98631261419,47.3335613433339,2509.89274948977,123.604642223366,402.172397271597,3.86188678393716,13.6766011436557,0.782356091515028,0.503163665688533,3.62472252838698,4.00887270537322,0.0087192413893302,0.0007404281241007,0.0003872288973351,13.3942228343287,43.2320965033217,15.0,3219.91631958418,64645.0,240,27.1387713003676,0.949134163536166,1166.35404157447,41.9964665230593,2507.96892112763,123.527550980193,402.303956116415,5.35377826776475,15.0145520544495,0.23547073800618,0.473557329313111,3.31008856879019,3.85579886234137,0.0026056381077446,0.0002200793896851,0.000106616168602,13.3305004463831,43.2061996473053,15.0
11.20833333,27.2541641626153,1.0434508338805,1166.63692878895,46.2655813881359,2508.71301010249,123.631362569284,402.537743828372,4.01185943682684,13.5639799394815,0.698606734911034,0.496402201758849,3.56123682522737,4.02767016921143,0.0077492121333839,0.0006683901893415,0.0003490840540822,13.3878302326286,43.2416606479168,15.0,3218.26971549387,60975.0,240,27.1771454026391,0.931754070299388,1166.54051703628,41.1778471420472,2507.96933293065,123.60750061385,402.83312806304,5.43745180449178,14.8690102078899,0.218840659122244,0.467556958462912,3.26123923613082,3.87578768967845,0.0024228161659875,0.0002045698076958,9.84697338107954e-05,13.3299591078965,43.2342275636561,15.0
11.21875,27.2897038499828,1.0230455533242,1165.79468594354,45.2701814795474,2506.34095277896,123.599818254822,402.730169990507,4.16997933200454,13.4579293257632,0.629187528525929,0.490040573449629,3.50113677880275,4.0480942358471,0.0069532869788571,0.0006135791166349,0.0003208257391533,13.3832869382376,43.2309082293185,15.0,3215.22503750752,65450.0,240,27.2146752052561,0.915946358917611,1166.41705854662,40.4237137240357,2507.17426278394,123.65038420595,403.262173015934,5.52459681824176,14.7100805384006,0.204247766520306,0.462084717178112,3.215697012919,3.89949991200441,0.0022620385575193,0.0001905463140031,9.11423643810338e-05,13.3290991962882,43.2493720643955,15.0
11.22916666,27.3264624303746,1.00774558283759,1164.43540564092,44.48610979078,2502.73120828113,123.507044188574,402.732357140655,4.25700076786508,13.330457305392,0.59699798843674,0.484874433056171,3.45251319958696,4.07322580615369,0.0065822012285372,0.0005910621800354,0.0003097396535625,13.3804834684925,43.1987587137227,15.0,3210.81816281684,67070.0,240,27.2530844934422,0.90377949721891,1165.87992439071,39.8233606963169,2505.38216842482,123.646320795453,403.544324675225,5.57169200196534,14.5289877117755,0.198243348280453,0.457672263702738,3.17866991127882,3.9278338286204,0.0021943068435836,0.0001856342990899,8.86157826317477e-05,13.3289848855456,43.2481356732475,15.0
11.23958333,27.3631472532245,0.994634538911754,1162.78161520269,43.7963215601463,2498.40974836155,123.38218918311,402.624397804049,4.33029355858804,13.2362072520184,0.569925219939868,0.480541347787302,3.40883373959277,4.09527231260324,0.0062721693341885,0.0005703873610269,0.0002990813476014,13.3749005915061,43.1553760514878,15.0,3205.61223612228,67020.0,240,27.2911516287634,0.893222153204298,1164.93097923479,39.2847514324615,2502.60691476655,123.596288817971,403.682101173832,5.61235792667203,14.3626108986669,0.192722377972638,0.453827907414718,3.14474363080306,3.95609050139741,0.0021324325130656,0.0001808263475177,8.60861220888318e-05,13.3281794267869,43.2308533499336,15.0
11.25,27.3981094775333,0.979831344291637,1161.05759762308,43.0411623383778,2493.89437953757,123.252229452079,402.492664091134,4.45442654391973,13.2145768662779,0.51935903170086,0.476141927258033,3.36134294798916,4.10824632825859,0.0057040623240191,0.0005227982389223,0.0002729930142177,13.3662811164048,43.1101849901782,15.0,3200.13616352432,61250.0,240,27.3269892830378,0.881431638392872,1163.71827342493,38.6838009759028,2499.17423494202,123.516013698221,403.732929395273,5.68417854007597,14.2474133260341,0.180381900091001,0.44971475896511,3.10679006843091,3.97933957426071,0.0019979215289331,0.0001679179037643,7.92090021128996e-05,13.3263574936122,43.2030281505376,15.0
11.26041666,27.4319855466325,0.9644784593603,1159.46197087854,42.2664378593671,2489.60274487555,123.134127606347,402.408808591067,4.59998202039867,13.2174283958196,0.471221244974953,0.471367956046463,3.31321335311649,4.11779670877116,0.0051658045333209,0.0004808323710222,0.0002505870578534,13.3620590367203,43.0691314420387,15.0,3194.95741593968,61375.0,240,27.3610051366729,0.868863285609697,1162.37116960716,38.0444675008444,2495.373798004,123.418897248959,403.740488770603,5.76951371260937,14.1718469316898,0.167975538131867,0.445319815264628,3.06646884466513,3.99846760503521,0.0018623509066253,0.0001545019669346,7.21063935818609e-05,13.3250588581108,43.1693367351213,15.0
11.27083333,27.4654275191661,0.950220476598524,1158.21639680458,41.5544600838038,2486.00696184727,123.051313097424,402.451081011113,4.71857602659522,13.2131307847566,0.434297388505978,0.466863127938393,3.26944007173697,4.12741212602757,0.0047543548219821,0.0004473361721866,0.0002324630515587,13.3598129141857,43.0403860478795,15.0,3190.74044916905,58345.0,240,27.3942511488579,0.85688091425849,1161.02098986944,37.4324793738022,2491.49946397539,123.319779195657,403.747970002034,5.84038503720474,14.1158886086591,0.158630024682659,0.441058689033966,3.02789135429881,4.01533722034579,0.0017598481622704,0.0001443709766883,6.67176452918724e-05,13.3244224210393,43.1349396841339,15.0
11.28125,27.4983569959552,0.937432435912798,1157.4068983858,40.9213404812887,2483.29510206882,123.013316876545,402.651726053847,4.81051728145393,13.1905081588051,0.410540684491259,0.462665066307951,3.23099365667184,4.13833915521455,0.0044890205490378,0.0004280337940296,0.0002223294408616,13.3596315579652,43.0272806904702,15.0,3187.73674841758,59475.0,240,27.427054526292,0.845921160994493,1159.81289243936,36.8726382857736,2487.87337498197,123.234898473971,403.80667532269,5.89595775867846,14.0679564841133,0.152505146965184,0.437111135799758,2.99269485583065,4.03090368529448,0.0016919514283739,0.0001377386726433,6.3185179488609e-05,13.3241862380887,43.1054996082395,15.0
11.29166666,27.5309289744844,0.926649163578465,1156.95778195459,40.3909255441585,2481.30639103219,123.013353345842,402.983873922946,4.86539510317878,13.1477535218501,0.397052331559991,0.459068542813013,3.19908451123717,4.15082611221705,0.0043374402592348,0.000417308971673,0.0002166048934492,13.3595917337921,43.0274331270557,15.0,3185.75981919509,58525.0,240,27.4598876334101,0.836605407172869,1158.82585118744,36.3957165843584,2484.67776141286,123.173800007353,403.943818261049,5.93160018185384,14.0170776421803,0.149166470268569,0.433708298065078,2.96278018733736,4.04618384496519,0.0016542588377157,0.0001344085516135,6.13812366555503e-05,13.3241859790668,43.0843371696133,15.0
11.30208333,27.5627479863324,0.917152483282772,1156.7140329565,39.9255417619052,2479.71285751671,123.035495637267,403.393969992645,4.90730439701979,13.0964191822314,0.387804775418251,0.455888365741996,3.17127327353245,4.1637048015932,0.0042330244401909,0.0004111125740745,0.0002134324716993,13.3593994133957,43.0352888146756,15.0,3184.36289000977,59215.0,240,27.4924204329571,0.828519312479112,1158.08525562313,35.9837331667545,2481.97285561832,123.139565040634,404.17058734218,5.95848706317863,13.9633406491472,0.146937749504142,0.430754775418125,2.93706933453578,4.06106670501769,0.0016286897208439,0.0001322975163312,6.02293240590804e-05,13.3241455840985,43.0725314468769,15.0
11.3125,27.5944191110977,0.909925743276349,1156.49472250214,39.5615956859488,2478.12367105479,123.059908667049,403.814748241819,4.91773825013127,13.0296464703199,0.38862922296026,0.453309313326703,3.14945177586459,4.17817769453111,0.004238579584077,0.0004156604862937,0.0002162132445721,13.3599177531291,43.0439195248246,15.0,3183.07392425742,60945.0,240,27.5251934903481,0.822312730949462,1157.52878198707,35.663617117912,2479.63599263503,123.126203467198,404.46303927165,5.96918468483594,13.898999560554,0.14711656012327,0.428436247405399,2.91708186266014,4.0765144689983,0.0016291010871509,0.000133219245084,6.06953362027567e-05,13.3243298128596,43.0679835451131,15.0
11.32291666,27.6262294096638,0.905332694810467,1156.14301024671,39.3103928990155,2476.20838311179,123.070069618267,404.187514820165,4.89553633666624,12.9520649745731,0.399158239825397,0.451489295460612,3.13400696419895,4.19397267828142,0.0043502381562296,0.0004300431170354,0.0002243537610392,13.3603671839494,43.0475554720168,15.0,3181.47519462598,63345.0,240,27.5584675189094,0.818260156796921,1157.06423762657,35.444547659759,2477.47788216109,123.12432389856,404.787214505424,5.96241665756915,13.8225194961204,0.149719812875635,0.426852494677442,2.90324361695631,4.0928108837654,0.0016556786216768,0.0001371813254639,6.27717242868637e-05,13.324631372039,43.0674107605117,15.0
11.33333333,27.6576477590104,0.901957250014311,1155.51236144548,39.1082611259692,2473.66774697376,123.051388756334,404.459646372257,4.87348331182188,12.8902367279607,0.407183274276944,0.450215578485696,3.12093924186835,4.20802423074164,0.0044356147812756,0.0004395143037261,0.000229447096306,13.3587003850258,43.0411066848021,15.0,3179.13038351895,63225.0,240,27.5915647530539,0.815422696093974,1156.58266881548,35.280945746747,2475.26421357457,123.121896744152,405.106063082619,5.95296162105135,13.7467606664344,0.151965770728032,0.42573794336848,2.89265991275411,4.10865231909335,0.0016788220396781,0.0001405308326033,6.4497534856936e-05,13.3245598850839,43.0666251960011,15.0
11.34375,27.688186050463,0.898169899221412,1154.52811791314,38.8808222695682,2470.35252692378,122.995875133152,404.60524992694,4.88138728551125,12.8631204138224,0.405486560973904,0.448970548389008,3.10588191795558,4.21805589923086,0.0044154692122873,0.0004379892390601,0.0002283774301416,13.3557861975968,43.0217890079206,15.0,3175.78828588087,62280.0,240,27.6235903770015,0.812477736800675,1155.97319083465,35.1098906787371,2472.752337663,123.106005230894,405.382190244205,5.95736380659778,13.6881011433895,0.151690855958869,0.424652414866806,2.88141874252995,4.12238562695706,0.001675232825538,0.0001404931531173,6.4424613935043e-05,13.3240485029391,43.0611364300826,15.0
11.35416666,27.7192077417885,0.896302392839904,1153.20530152279,38.7237192973515,2466.29063740817,122.902937158013,404.62413961431,4.86364053019062,12.8380523118204,0.416712945533692,0.448034573415693,3.09460120187632,4.22807665402535,0.0045349467192929,0.0004527527102049,0.0002366850035143,13.3555618554489,42.9893850513366,15.0,3171.55209003897,66095.0,240,27.6557024840324,0.810732329444077,1155.12838319074,34.9857895469309,2469.72571148406,123.065506208521,405.571522359311,5.95158472179777,13.6364671639357,0.154031163396891,0.423913338742783,2.87270691613654,4.13528248025753,0.0016993718242105,0.0001438147022895,6.61675263142406e-05,13.3240131800173,43.0470388132553,15.0
11.36458333,27.751338638838,0.897805673570018,1151.67217162385,38.7073354525798,2461.76785936731,122.787260583049,404.556930419483,4.79291238306197,12.8068288152201,0.444600809260187,0.448054829871942,3.09121324538395,4.23882262564612,0.0048363655507258,0.0004827083673981,0.0002529695391793,13.3556664368724,42.9490019043569,15.0,3166.83041951297,68660.0,240,27.6888709972301,0.81135565528252,1154.00162295694,34.9592499001948,2466.09949087499,122.996446920415,405.652197887267,5.91892521474411,13.585919057771,0.160700076539902,0.423919838008027,2.86951960617081,4.14791055566673,0.001769891795877,0.0001525147514862,7.07099211162689e-05,13.324320146086,43.022928469696,15.0
11.375,27.7866557249716,0.908236355675607,1149.87051906936,39.0558420657325,2456.66040329753,122.639076587047,404.366882023512,4.58674083670539,12.7209080338791,0.532593282660308,0.450174672886986,3.10838173120905,4.25678955262185,0.005797740057647,0.0005801918998784,0.0003074460469157,13.3591832691392,42.8972279593601,15.0,3161.61746325191,84160.0,240,27.7257478292394,0.818252654910199,1152.51452910961,35.2006756597385,2461.7440956385,122.892672469272,405.581801700577,5.80960308823404,13.5099857775713,0.18336138184663,0.425837155048492,2.88182713297325,4.16323820116948,0.0020107984904609,0.0001807091787779,8.56567265848987e-05,13.3257342607195,42.9866089853435,15.0
11.38541666,27.822874265269,0.924491747360589,1147.45211016844,39.646516863297,2450.26566868257,122.426246907778,403.921650748122,4.32591368937225,12.6648482334175,0.643302302998427,0.455200002399036,3.1380702130193,4.27153738293476,0.007021742936685,0.0006797639217153,0.0003601161742227,13.3542480943562,42.8228075689113,15.0,3154.90125070434,84150.0,240,27.764879993059,0.83037220646424,1150.62441650872,35.6624446492549,2456.5736829268,122.749891204492,405.342513838261,5.64657360754968,13.4418262341723,0.215114875072466,0.429632081353745,2.90638686419556,4.17733473123524,0.0023504439833565,0.0002167507690946,0.0001043886186786,13.3258521075376,42.936580744362,15.0
11.39583333,27.8620508159184,0.951250557447989,1143.51092920446,40.595008681298,2440.65603796726,122.043090244166,402.869445052602,3.96290134555285,12.6146394807542,0.864060985004506,0.463800410928573,3.18646701718243,4.28690944030232,0.0095118291076029,0.0008926749128328,0.0004752301309491,13.3528743659937,42.688787030266,15.0,3144.27247363504,105740.0,240,27.8068391506605,0.84991535760957,1147.86932314254,36.4210997576076,2449.62419370858,122.517556451052,404.749898775709,5.39571270782955,13.3955480638145,0.279398730342206,0.435933780600367,2.94703119353495,4.18892080930893,0.00303679907488,0.0002850863096698,0.0001401239668353,13.3261878910208,42.855164508278,15.0
11.40625,27.9058655972336,0.999822901326814,1137.08677983725,42.3408861100757,2425.77664197385,121.372759416882,400.791913716373,3.37599105072304,12.5279043816835,1.35906213551102,0.482065830940572,3.2784715566205,4.30765210595638,0.0154012788956747,0.0013504247315601,0.0007199244309922,13.3505894525234,42.4541249010422,15.0,3127.3673294666,122800.0,240,27.8544761242013,0.885196955974484,1143.17914498836,37.7927890774447,2438.64619097529,122.080730794051,403.369597386391,4.89206371956224,13.3840676669781,0.445822185100698,0.447868036056544,3.02115361550349,4.19604670755479,0.0048215015054732,0.0004478353920207,0.0002249834154299,13.3271183221089,42.7020207172934,15.0
11.41666666,27.9511063524,1.0565381721559,1129.96206817588,44.475471716422,2409.30797095244,120.603393375937,398.274490043044,2.88411525478652,12.5521533101812,2.0169250938555,0.505473056308633,3.39628276130815,4.31243250120828,0.024011190587828,0.0019452721529279,0.0010332514574846,13.3498462344828,42.1844134790314,15.0,3108.60585580707,119765.0,240,27.9017898790152,0.928454113764999,1136.89255350375,39.4463895851477,2424.29449500887,121.469616719969,401.292431563085,4.31516087744514,13.5346828095273,0.703680914317494,0.463463973752583,3.11125187829703,4.18158396057951,0.0076306846796558,0.0006733589251167,0.0003416613972194,13.3269229905532,42.4876117936493,15.0
11.42708333,28.0030979756339,1.12161813420307,1124.15209771654,47.0211199093398,2395.54887020889,119.939709522457,396.042161561466,2.5150391527925,12.5535003924222,2.84502935304041,0.531086030339619,3.5432351612701,4.31618477498802,0.0366923809919084,0.0027779382218502,0.001473144242505,13.3708750911399,41.9511425186796,15.0,3093.49132607803,129520.0,240,27.9510212573496,0.978271483723599,1130.36055624241,41.3575218379711,2409.35702996485,120.811571596801,398.960261787502,3.75824867116951,13.7958686218907,1.08544676606602,0.481278029607878,3.21913604559683,4.15095671612012,0.0119164784834664,0.0009976007451682,0.0005106804446177,13.3319171845813,42.2564535649453,15.0
11.4375,28.0594524149763,1.20126842027792,1120.85978749552,50.3805209447616,2387.17738076173,119.497337193194,394.51600765668,2.2010372763216,12.350289997517,3.9559633161245,0.56356816292905,3.74153464681765,4.33968137823744,0.0579352385653544,0.0040799118062498,0.0021643347686454,13.4080585459184,41.7944636067627,15.0,3085.66912324399,137440.0,240,28.0062516795792,1.04212321667475,1124.94096119148,43.9117024287345,2396.76836758592,120.231441547953,396.82069032373,3.1700897074758,13.9792543724758,1.7212244054293,0.504186711130334,3.36786383862006,4.12632206491337,0.019569321360025,0.0015508115299333,0.0008026216035546,13.3438707013549,42.0521242637139,15.0
11.44791666,28.116314397285,1.2937262963079,1119.12850772011,54.5099548338984,2381.92963203268,119.164032692619,393.313527358444,1.96426669729793,11.9629915772189,5.26484222934762,0.602386426953355,3.99075997060702,4.38016597333999,0.0904004448839432,0.0059113534741466,0.0031444734398182,13.4549072440793,41.6747384618658,15.0,3082.29029482472,147765.0,240,28.0647701957627,1.12021089285977,1121.49439372634,47.2111556154528,2388.33784875804,119.801861514612,395.161699005557,2.6552230425232,13.9539846872363,2.66500315138767,0.532644662660197,3.56473127117825,4.12330184086539,0.0327447685016148,0.0024503365528412,0.0012812721111444,13.3614812167924,41.899859061672,15.0
11.45833333,28.1730222939774,1.38928572619673,1116.74082996612,59.0424112507286,2374.77123217573,118.700462505545,391.619699820758,1.81041182486716,11.5186521931064,6.56310498009137,0.642437742362818,4.27104412353991,4.42375374524456,0.129814702796032,0.0079630502472111,0.0042637548435625,13.4977100391443,41.5082743454679,15.0,3076.78718254826,149145.0,240,28.1233097707602,1.20565014182682,1118.95949953042,51.0158768538734,2381.59361254254,119.399320173566,393.591143733869,2.29264283224701,13.7341872453149,3.8055193581963,0.564345251445794,3.79719746648012,4.14075192152221,0.0527864176001919,0.0037157707011397,0.0019557837298045,13.3804629970815,41.7561396584248,15.0
11.46875,28.231231181252,1.48113689123038,1113.57282611247,63.5799416349641,2365.50040003459,118.111982195934,389.460865515504,1.71699800149013,11.1191287544313,7.64669209791063,0.675582752060936,4.55592527301302,4.46059273831978,0.16650887792358,0.0097333371426264,0.0052538120609964,13.5304402542555,41.2974678837222,15.0,3068.64261253289,149185.0,240,28.1812839798962,1.28939164532483,1116.14272491557,54.9018361058383,2373.84910567174,118.90713738765,391.713775075464,2.07485562719693,13.4382868310666,4.91420532441127,0.594516549320261,4.03979727937536,4.16525688848642,0.0779496098621978,0.0051834000002195,0.0027408617716981,13.3969515590426,41.5799649974929,15.0
11.47916666,28.2893828454895,1.56878827152965,1111.05329478428,68.0773449102765,2357.40795038223,117.569483232015,387.433266706313,1.65424257066358,10.7739357122945,8.41692809618917,0.701147035384182,4.83773355617936,4.49120595205518,0.195270494505181,0.0110419499739807,0.0060087043954466,13.5493751209903,41.1024943303933,15.0,3061.98287575913,147790.0,240,28.2393746913024,1.3697774140361,1113.27203259874,58.7547478718918,2365.67006816044,118.366091305726,389.668601719098,1.94266799462584,13.04409863661757,5.84354840800779,0.621559386861907,4.28224894293827,4.19108989376008,0.104498750724629,0.0066268953275514,0.0035227940444146,13.4093460202473,41.3857761112823,15.0
11.48958333,28.343580424901,1.63367498640439,1110.2211328708,71.7633158524724,2353.18979997682,117.233476877708,386.061044972779,1.62600862161447,10.621484704854,8.68659753990821,0.714077269662251,5.06884828393563,4.49854141972657,0.209803159912727,0.0116736386763365,0.006385973280213,13.5437337310108,40.9798019396113,15.0,3059.58642936765,130695.0,240,28.2936056926283,1.43417935047208,1111.38432914089,61.9261836173004,2359.6551090994,117.939916397036,387.980983229981,1.87478918374427,12.9720875777565,6.3405286607406,0.640533507418721,4.48334287389878,4.19658809326764,0.122159222668396,0.0075407326876223,0.0040288966537879,13.4102816743398,41.2315406101749,15.0
11.5,28.3954362267816,1.68140255158875,1111.09927083144,74.486340582448,2353.43392835669,117.137031334285,385.47587532267,1.61000142888824,10.6102040648285,8.58283563988192,0.717627428690416,5.23437612064773,4.48809590546705,0.211270885046438,0.0117270693111042,0.0064337415758626,13.541145628488,40.9412282788025,15.0,3061.93025602975,124650.0,240,28.3441728425698,1.4803592576293,1110.8806749802,64.2045305447503,2356.99872813636,117.699269718098,386.891746832774,1.84574359943795,13.0031151008156,6.40649337135272,0.651551286695176,4.62760358960765,4.17955060999551,0.127190433979959,0.0077904751467546,0.0041769265996289,13.4080421841116,41.1424967435753,15.0
11.51041666,28.4435673724463,1.72566455891643,1113.74284773673,77.0208242821944,2358.21094457498,117.263630047776,385.655459851478,1.58782489497522,10.5586926035213,8.374567499923,0.721517144917934,5.37899380514386,4.48171363351309,0.208857252671689,0.0116228323000908,0.0063953803803594,13.546852227164,40.9808701060362,15.0,3069.6559324494,124625.0,240,28.3937148832879,1.52178200127536,1111.88384900536,66.2997523557002,2358.03369506425,117.637059270353,386.418554287443,1.82429096318776,13.0165945166288,6.29814805096009,0.660755753146963,4.75414336949998,4.16488687462336,0.126752732502076,0.0077600863690328,0.0041727150875723,13.4096834167451,41.116107736975,15.0
11.52083333,28.4856675282413,1.76005752307591,1117.58539977397,79.1569904787291,2366.02319670016,117.544132163683,386.350272114501,1.56998317511755,10.5205578661732,8.07129738348608,0.724968330140106,5.49811563889007,4.4733496561387,0.203978528783811,0.0114180546553633,0.0062981550748997,13.5447846577052,41.0745043425809,15.0,3080.80087168022,119620.0,240,28.4395396988512,1.55718321666813,1114.35636051178,68.1805610721105,2362.73885752303,117.755428521574,386.564177760941,1.80833673619813,13.0113577019248,6.07662596045621,0.668286459673241,4.86319500760297,4.15234027664834,0.122713066820907,0.0075508061678883,0.0040704989825784,13.4093793244483,41.1531523597464,15.0
11.53125,28.5246120461608,1.78520376531038,1121.64480687472,80.7522962881866,2374.50598051709,117.864051691741,387.176563704815,1.55862485116804,10.5247432716912,7.67411548831744,0.726616696287392,5.58694831216709,4.46089013459099,0.195188678299416,0.0110375019045297,0.006096876016617,13.5418884072987,41.1823453520466,15.0,3092.34453332145,119285.0,240,28.481226114407,1.58456617733752,1117.73944613267,69.6947031599975,2369.74529503351,117.991831218847,387.110358462828,1.80163182260238,13.0233941058152,5.75457267985339,0.673537555050019,4.94967839905303,4.13811740567514,0.115059143208915,0.0071543266813224,0.0038639175195507,13.40756568553,41.2318615879398,15.0
11.54166666,28.560411854666,1.79290632444999,1125.29814052623,81.4097808055136,2382.46361941099,118.173229885465,387.955430221655,1.5665080753497,10.6491551120283,7.15107955104439,0.725090658701104,5.62241368757802,4.43418181272076,0.180481106384148,0.0103718229047196,0.0057247006281002,13.526249008759,41.2870627060982,15.0,3102.44044766696,105440.0,240,28.518526627014,1.59695773926028,1121.25299297184,70.412187211925,2377.37031141493,118.277026721539,387.80904399639,1.81725516357613,13.1516404575952,5.28717981287618,0.674883640687826,4.99005138572424,4.11011597276003,0.10170732976255,0.0064453867685623,0.0034816496743948,13.4000502148724,41.3283155459652,15.0
11.55208333,28.5975579576851,1.80865960820055,1128.95697189053,82.2517651541688,2390.51222255847,118.478743226531,388.76355193072,1.56209348417055,10.6606125097051,6.70462332126018,0.723744605227404,5.66616913280416,4.42327048097741,0.166193779336596,0.0097057084207098,0.0053545927799372,13.5386598966438,41.3911817393671,15.0,3112.76582737484,124010.0,240,28.5560592089665,1.61067348846789,1124.88767789527,71.2051915125673,2385.29690589257,118.568273679866,388.561554126705,1.83529609496164,17.119665515338138,4.8529338661778,0.676206035223212,5.03409563156917,4.09452980839676,0.0898671229839585,0.005790534458471,0.0031277417481137,13.4007233954645,41.4272821306283,15.0
11.5625,28.6310042852994,1.83140311031453,1132.71851629659,83.6377876076743,2398.65185318465,118.771984524759,389.560286106001,1.55181125736422,10.5446398006443,6.38200270158719,0.728231852849976,5.7411487027289,4.43013053217105,0.157962956802241,0.0093198486553587,0.0051465540571042,13.5382421941033,41.4912527265875,15.0,3123.62376033469,121100.0,240,28.5938619295022,1.63383094114572,1128.76619669156,72.5559239233124,2393.70078264759,118.861077878236,389.369292985718,1.83801620479093,13.0485269251375,4.54842608073363,0.680814776157991,5.10892195895188,4.10420216035633,0.0826222580274536,0.0053808768217002,0.0029094884671305,13.4028876386833,41.5270729742015,15.0
11.57291666,28.6619474687259,1.83916618875858,1135.2479262703,84.1555819668722,2404.14046658186,118.943454833432,389.921615343979,1.56262562749496,10.5923648191943,5.98860980205355,0.73035692392616,5.77248167766479,4.41822037880487,0.145515000009275,0.0087124334344776,0.004806251611825,13.5231552850483,41.5492383616959,15.0,3130.46871251861,113970.0,240,28.626739790191,1.64462650909689,1132.0859630523,73.2288417137933,2401.05403693612,119.115494205042,390.030318909087,1.8628854454985,13.0288269228208,4.17835280154848,0.683248984724539,5.14711606852077,4.09929190668448,0.0730031598744542,0.0048243044093071,0.0026077961664281,13.3958221320695,41.6140098387164,15.0
11.58333333,28.6945481330225,1.83817045989038,1136.66391752728,84.0506053177345,2407.45862100992,119.011916717185,389.943531756657,1.58592476205615,10.7048170134936,5.57416546694355,0.729048945226504,5.76798176395597,4.39870136040765,0.130258868066507,0.007938678312814,0.0043683217051608,13.5153976518053,41.5718199200694,15.0,3134.02530918663,109915.0,240,28.6580185375197,1.64382596481581,1134.42273534211,73.2362981413084,2406.38064695114,119.280522872088,390.38306823415,1.9141556046632,13.1224359533731,3.7593257199172,0.682747805112317,5.14886503910381,4.08128386656261,0.0621383457335141,0.0041742925129081,0.0022522622215384,13.3889071006098,41.6701874630348,15.0
11.59375,28.7259764750411,1.82341724250834,1138.08023893377,83.2357202812883,2411.33825976448,119.118928468171,390.095406282228,1.62567173168521,10.8805106306502,5.12255482423362,0.724193718207306,5.72010475441638,4.36960446354687,0.112864853935111,0.0070279539714691,0.0038536033474099,13.503414630724,41.6084296830338,15.0,3137.60773755973,97205.0,240,28.6881297413567,1.62907376407536,1136.08535261466,72.5088198284436,2410.55331216874,119.402861379524,390.59034843854,2.00042131860823,13.3228617849173,3.28511661306579,0.678719610058571,5.10750169478812,4.04961781672015,0.0506213751527876,0.0034609660802895,0.001860800562254,13.3801865821684,41.7119198184931,15.0
11.60416666,28.7551838255927,1.79324822973876,1140.08100563718,81.6043118257469,2417.08359613241,119.336922270656,390.614828963401,1.68419692000051,11.1328537543558,4.61559394940388,0.71448422850056,5.62376095379447,4.32846901347404,0.0936763743456422,0.0059831514954405,0.0032663078806492,13.4920120625423,41.6843541918777,15.0,3142.80376426595,89030.0,240,28.7161181537035,1.59801656025827,1137.65701585521,71.0039627391866,2414.95237142504,119.555013464786,390.899151558081,2.13786623567203,13.6239733058098,2.75300210771967,0.670422751388685,5.0198992495154,4.00403910268679,0.0392717142233082,0.0027361125170378,0.0014638823908092,13.3706065110704,41.7644490782812,15.0
11.61458333,28.7861918389603,1.78596836943472,1143.48954192156,81.2502136246921,2425.80302469475,119.677942695431,391.634033708327,1.69455393622641,11.0099750672406,4.40421501033709,0.70735836140816,5.59623089849193,4.33421281210972,0.0873150105520455,0.0056259986510106,0.0030688722334493,13.5278794457212,41.8031875867315,15.0,3152.74345817362,118475.0,240,28.7478672921959,1.58516098768746,1140.02208139917,70.5494779508984,2421.01563280445,119.757264461991,391.45549975063,2.22672899156549,13.5879406780895,2.48468115799444,0.665516751914898,4.99012656043477,4.0011720981134,0.0344402795655224,0.0024383122487703,0.0013061910861424,13.3787671886883,41.8343872486824,15.0
11.625,28.8102027962322,1.78468804527412,1147.73930722295,81.5430303727024,2436.13969415985,120.090122255886,392.904636782843,1.68584813897665,10.7734317518136,4.33281350811512,0.706811573247738,5.60682373579118,4.35656455081425,0.0865742670078955,0.0056037888904348,0.0030639664514472,13.5245076234161,41.94683607244,15.0,3165.27272015001,108310.0,240,28.7788499247761,1.58763354327788,1143.52022822325,70.9309089513378,2429.57905732224,120.065159661534,392.405887922695,2.23462743928164,13.3070392377332,2.41480989293338,0.664777193958429,5.00683136116569,4.02906919966863,0.0333257505465481,0.0023686685349962,0.0012708364535509,13.3833010194225,41.9413805476257,15.0
11.63541666,28.8321109870775,1.76405765777458,1150.20525103967,80.6007653416317,2442.47715459895,120.334146789439,393.555300383823,1.72437451543807,10.8717035334234,4.05625056345491,0.701695990698446,5.55397043148802,4.34027688513581,0.0774638302121909,0.0050891966164319,0.0027790522754291,13.4970401090689,42.0321992983293,15.0,3171.90361308889,100760.0,240,28.8030641338843,1.57183462824078,1146.74967780776,70.368914171557,2437.70355359726,120.381938668468,393.343546423188,2.30510873599761,13.2623568668853,2.20688671410579,0.660521927544367,4.97272083041336,4.02818319365634,0.0296587224860715,0.0021214484071113,0.0011357188490159,13.3731357961355,42.0518200425383,15.0
11.64583333,28.858238027165,1.7454570686607,1151.07736431302,79.579858919932,2445.2075509556,120.403662111114,393.650709143687,1.76818499562103,10.9832867124171,3.79478362908845,0.695199648096873,5.49553585553505,4.32431082555248,0.0692234539297812,0.0046075951706099,0.0025115690304321,13.491207211432,42.0568333454574,15.0,3173.9819840916,105805.0,240,28.8272344555059,1.55237389830892,1148.97649060956,69.5724439675996,2443.47450385746,120.590252184248,393.924697186656,2.40358254526795,13.2821068412304,1.99077163608455,0.65510987483584,4.92680910740691,4.02178908691165,0.0260521362834021,0.0018818740969485,0.00100592044708,13.3689102861854,42.1245236694122,15.0
11.65625,28.8830971256277,1.71607340742211,1151.70790423857,78.0809407456482,2447.67080561086,120.473879069598,393.747906423715,1.83813653545501,11.1848962905935,3.47469633687373,0.687943523668876,5.40817872066325,4.29590878673146,0.059339655353892,0.004014434162944,0.002182247437326,13.4694102313513,42.0819495728547,15.0,3175.32253924593,86740.0,240,28.8510002611738,1.52333898182064,1150.25957234812,68.2555466125348,2447.23772190215,120.715060786811,394.234423530831,2.55326544018605,13.4137263192861,1.71669860390755,0.647811507204544,4.85048364400641,4.00225399624652,0.0217030394910934,0.0015800279481651,0.0008404143743032,13.3608358872189,42.1682896985785,15.0
11.66666666,28.9066660832687,1.67204590562202,1152.79466277768,75.8268899057294,2451.46119937956,120.631300069417,394.129217948913,1.9469775549594,11.5007020368655,3.06461813660025,0.676257070890578,5.27800669636041,4.2506519377364,0.0482997853042786,0.003330009673024,0.0018027804254279,13.4549432084506,42.1376440525275,15.0,3177.73568560037,83255.0,240,28.8728446171671,1.47913402052585,1151.22549374781,66.2169982054129,2450.49362364375,120.832834465481,394.53869084284,2.80816293914741,13.6634558628529,1.37606891064686,0.636844647647759,4.73222889163273,3.96767137002564,0.0167489607449722,0.0012396891039365,0.00065584905207,13.3523605744472,42.2097434990158,15.0
11.67708333,28.9312134100163,1.63660690360671,1154.87693238441,74.1130666263444,2457.40363342703,120.889046301912,394.905913654968,2.02527732292785,11.6133485923251,2.81970813822504,0.66510732143973,5.17671280158461,4.22997045946669,0.0426501656498634,0.002983321075757,0.0016139637779276,13.4652975332303,42.2282472765816,15.0,3183.31262975344,91320.0,240,28.896398792123,1.44258094925337,1152.52828780984,64.5786680938053,2454.41954129934,120.975242321098,394.978237865959,3.02746849945258,13.7619588126122,1.16976511402733,0.62675165252079,4.63582834735698,3.95240715028791,0.0139301413115245,0.0010509923439461,0.0005552972980807,13.3530484733585,42.2597799458366,15.0
11.6875,28.953130794433,1.60822008351401,1157.98567166756,72.8653073620891,2465.57808226409,121.253718815357,396.075224233243,2.06418494348048,11.5802913144154,2.71119766209632,0.656645735326394,5.10106186981646,4.22764774026064,0.0402449151226761,0.0028404872968837,0.0015377706536391,13.4703422974516,42.3561135880331,15.0,3192.08558844778,91100.0,240,28.9205770740217,1.41593143811419,1154.59201587248,63.4317647756547,2459.99361887017,121.196584930981,395.708161047291,3.14743255731927,13.7178028769262,1.07862975111208,0.618625400287771,4.56672039135321,3.9542612496791,0.0127128026045729,0.0009698870830988,0.0005122359097959,13.3552530433268,42.3373849074666,15.0
11.69791666,28.9719719874684,1.57989244344536,1160.76298823946,71.5979646131719,2473.01968043997,121.588204989922,397.148614133606,2.09567993213512,11.5557244992922,2.64009680006002,0.648897992168857,5.02516670452335,4.22569168844818,0.0386279328371233,0.0027444807038712,0.0014860763015311,13.4689472866864,42.4733767347717,15.0,3199.94312186318,93065.0,240,28.9427692378901,1.39191732780204,1157.17902486199,62.4215297013556,2466.7621214853,121.484914154683,396.663038365973,3.22348253459751,13.639841799273,1.02791366973694,0.611180635004045,4.50555178752291,3.9597938215246,0.0120388077259039,0.0009254511753616,0.0004885515445076,13.3552865185361,42.4384005921108,15.0
11.70833333,28.98973339404,1.55048629273361,1162.20010964958,70.2099807985983,2477.47962802243,121.783040909483,397.757818055818,2.1320831149324,11.584106673248,2.57436585588099,0.641090926668966,4.94306390249062,4.21896411525884,0.0370284087446539,0.0026446688564274,0.0014308228772639,13.4623339670486,42.5418150884199,15.0,3203.97929439324,90280.0,240,28.9627846908305,1.36746202549125,1159.47725945826,61.3632733873484,2472.91993779248,121.753939930997,397.548442235287,3.2886920352906,13.5897136522763,0.984824458227163,0.603682805964322,4.44214001324284,3.96227346628786,0.0114706493777508,0.000885785405899,0.0004668462245744,13.3537187863818,42.5326628565745,15.0
11.71875,29.0077301291547,1.5189988242266,1162.68536554075,68.6699310487142,2479.77978718687,121.881390750789,398.044652921485,2.18680936045519,11.6824501047706,2.47335020122088,0.632404748391007,4.85284030999944,4.20457452912525,0.0347697001139528,0.002499765763247,0.0013503352256975,13.4537866885211,42.5765275729287,15.0,3205.22824126615,87890.0,240,28.9812814019546,1.34003224623776,1161.00165554736,60.1220691269368,2477.36518919346,121.949867802159,398.190390826046,3.3825139621974,13.6028210329483,0.92467285485426,0.595465026275402,4.36866535034995,3.95784769486278,0.0106982255607024,0.000830853592983,0.0004367429936699,13.3508943997704,42.6013755467668,15.0
11.72916666,29.0263934102357,1.48822081184697,1162.88966940052,67.1543180906244,2481.35057948293,121.951437593277,398.248847490258,2.25239398627143,11.7981690161687,2.35031225351641,0.623387625185031,4.76403721701082,4.18860430292525,0.0322576305069602,0.0023382845677685,0.0012613808815622,13.447199692719,42.6013578269363,15.0,3205.64715741341,86675.0,240,28.9994636228965,1.31208611376183,1161.89119909531,58.8265876044701,2480.34328057927,122.081220452812,398.626398504987,3.49414780210815,13.6477259785337,0.858860809790204,0.587007504795687,4.2921863311024,3.9504992844282,0.0098697065955777,0.0007720385649008,0.0004046893307433,13.3486132546231,42.6475154481545,15.0
11.73958333,29.0452825302297,1.46107221509926,1163.16971097393,65.8237311460292,2482.95029966379,122.027041969987,398.494599255638,2.3155179011652,11.880263316402,2.23634300909143,0.615169653536608,4.68546976626347,4.17752266690152,0.0300953691915446,0.0022012067436187,0.0011867505183946,13.4439201549478,42.6281619846784,15.0,3206.32015874555,88190.0,240,29.0180146442891,1.2869995584998,1162.45765506943,57.6533086329389,2482.50159303842,122.176470095589,398.956964743258,3.59715993928211,13.6803369723854,0.80508928599141,0.579198054645218,4.22256387078231,3.94559345187259,0.0092005384789464,0.00072531456699,0.0003793966970145,13.3475736931599,42.681047757314,21.855792152868357
11.75,29.0635210593537,1.43761478209166,1163.50176164981,64.6838575067974,2484.54238151301,122.105703082838,398.77089460287,2.37065863588281,11.9285560777683,2.14217645718152,0.608206838595944,4.61749386846773,4.17155526140269,0.0283759291050287,0.0020920394791712,0.0011275255883535,13.4402391206415,42.6560802307011,15.0,3207.19550893952,88720.0,240,29.0367412636324,1.26569651731803,1162.9077344443,56.6551640291011,2484.29416222371,122.25744512168,399.254303393753,3.68025858437191,13.6874968301105,0.764442816322492,0.572428659308498,4.16279482996606,3.94462476000018,0.0086995451639092,0.0006902207780731,0.0003603932208422,13.3468955267733,42.7096250848759,15.0
11.76041666,29.0807968278571,1.41605819902814,1163.64863737357,63.632103041693,2485.63906428698,122.164776279264,398.991665432305,2.42367354328646,11.9771090880967,2.05960221674977,0.602145533193658,4.55452535370148,4.16638932691178,0.0269013354851645,0.0019969556957381,0.0010756069549322,13.4353083800808,42.6771777340769,15.0,3207.56506811092,88735.0,240,29.0549815275077,1.24654257896338,1163.2582253011,55.7565329524083,2485.77870977844,122.328043284382,399.529083399207,3.75775593374841,13.6862473267481,0.727759716656897,0.56638343614324,4.10866279898515,3.94544348312661,0.0082528989393827,0.0006584950789362,0.0003431758831249,13.3457602655082,42.734624109876,15.0
11.77083333,29.0975466021973,1.39616729418236,1163.48767635421,62.6484049729169,2485.99503755038,122.191278598379,399.108412060199,2.47054930124737,12.0334846338686,1.99888844296997,0.596714867928651,4.49551684203423,4.16079337817816,0.0258132048657451,0.0019268616088068,0.0010370202658564,13.431264191876,42.6868667907888,15.0,3207.08825724515,88665.0,240,29.0725680217884,1.22888179990185,1163.41967461284,54.92061398252,2486.77487831184,122.379469284222,399.747908639501,3.82908828038574,13.6887727194898,0.697211432499464,0.560848498474465,4.05813818370237,3.94647116915646,0.0078820261067736,0.0006322544521129,0.0003288944184763,13.3446473056742,42.7529522525712,15.0
11.78125,29.115232211071,1.39446636176284,1163.07662796618,62.4708491354745,2485.59974788305,122.164158011483,399.085227894253,2.41475871444027,11.908616678733,2.14348592701162,0.594834154092276,4.48140716867834,4.18003259250725,0.0282587723489582,0.0021145521532648,0.0011428376908823,13.4461489909613,42.6777048567581,15.0,3206.3057368104,108690.0,240,29.0914707761613,1.22571436876402,1163.34156880263,54.742579629024,2487.1200203158,122.394016907761,399.83703569204,3.74844460726697,13.5874480139993,0.768746711907852,0.558734700505695,4.04490354152648,3.96132979971012,0.008697332479792,0.0007014658207274,0.0003668411481042,13.3497652471093,42.7583476658404,15.0
11.79166666,29.130240688452,1.40347787776369,1161.96355713757,62.8216860543771,2483.46103664909,122.043364548982,398.737323562282,2.30409782653302,11.7608487038503,2.39715649043532,0.597850181690857,4.4976638763637,4.20419967577224,0.0326142002653636,0.0024084162599976,0.0013035234081905,13.4417824950609,42.6356795087035,15.0,3203.74698559576,105880.0,240,29.1099494730984,1.23425763088508,1162.89343814286,55.0845914172855,2486.55498820678,122.364270306679,399.746106984926,3.54475644636318,13.4600522643428,0.903630343922831,0.560193823910501,4.06126462573578,3.97992130005594,0.0102891027821654,0.0008210748948492,0.0004310466872909,13.3521195894554,42.7481660538902,15.0
11.80208333,29.1456025868164,1.40752007723875,1159.06420133738,62.8633189215165,2477.26546512199,121.734378105462,397.713809448085,2.25655366933292,11.8004377070479,2.54727172849446,0.599788593928925,4.49862566513749,4.20540207650897,0.0351861794878175,0.0025716762229273,0.0013898246254614,13.4294061400785,42.5277955809484,15.0,3195.87672638654,103745.0,240,29.1260058951562,1.23863391352611,1161.54538348646,55.1984574410721,2483.93876055224,122.242140041429,399.318749752058,3.42661209620568,13.4697035344352,0.989880343670076,0.561228673564,4.06571862302841,3.98205009950706,0.0113257732393373,0.0008946223710151,0.0004696266982052,13.3487209214174,42.7056346987834,15.0
11.8125,29.1643533528749,1.41424324645545,1155.23990016064,62.9753110459193,2468.92590918818,121.319245554488,396.327942660136,2.23117071534391,11.8683291002832,2.64432694855942,0.60175839778873,4.50359508528668,4.20283715477158,0.0369250031039448,0.0026839578382937,0.0014498010825637,13.4271143423569,42.3828094513514,15.0,3185.37833854554,105790.0,240,29.1427991783456,1.24321787331596,1158.92356856377,55.2701582084481,2478.40172833099,121.976531145655,398.401618087388,3.34986331050484,13.5472424041711,1.0572519882369,0.562413124547118,4.06831910273,3.97661696345173,0.0121409155036384,0.000953055072199,0.0005003924070313,13.3476290258935,42.6129129388566,15.0
11.82291666,29.183180032885,1.41096043539607,1153.00233670057,62.7467399213299,2464.16723532402,121.090847539103,395.526297267296,2.26434560323449,12.0389118868862,2.56869027089306,0.602117823653919,4.49017888483264,4.18437721426832,0.035216732249192,0.0025557599666026,0.0013759723572648,13.4184705493878,42.3031893152641,15.0,3179.12748455069,89650.0,240,29.1599014507222,1.2396693247306,1156.19704085338,54.9749745272527,2472.62356035983,121.704492040823,397.458661938707,3.38263932188444,13.7222941191543,1.01980342491549,0.561927577554785,4.05030653956088,3.95824619947591,0.0116832205072066,0.0009119367156904,0.0004765966637785,13.3442085937531,42.5179656958517,15.0
11.83333333,29.2032973116782,1.40522098367439,1152.80240317453,62.4554053223989,2463.9782927268,121.087445914719,395.474104041446,2.30971952005,12.1763468610718,2.46232060268627,0.59989546306255,4.47368173451811,4.16732882925564,0.0333327216688327,0.002432736953757,0.0013086200810835,13.426170792376,42.3022006331565,15.0,3178.57488885979,97675.0,240,29.1777889315085,1.2322835636156,1154.39942204262,54.5626163385934,2468.88706042218,121.528514302766,396.851473118723,3.48203400387548,13.8876722255481,0.953736611170515,0.560154714779667,4.02599214730123,3.94024365896782,0.0108759467000941,0.0008554668092438,0.0004464249897144,13.3441995257085,42.4566367838718,17.041735237317845
11.84375,29.2232759346349,1.42053991690697,1154.45590309518,63.2362555648473,2467.75415100762,121.249767434329,396.028285640145,2.24508491938629,12.0083694134762,2.60480812675625,0.602878645425716,4.51636580142451,4.18840168742114,0.0363207679152657,0.0026470903557595,0.0014306075160642,13.4486651773401,42.3590450249187,15.0,3183.81255582528,113180.0,240,29.1987744756121,1.24303113040531,1153.96726972005,55.0466747947284,2468.05818713019,121.473092732807,396.655105944149,3.40113845344041,13.8358099231316,1.0339513304125,0.562552713160506,4.05256174965868,3.94870919351783,0.0118432074797766,0.0009344573450644,0.0004904892357395,13.3520057047911,42.4374272324594,15.0
11.85416666,29.2375500429421,1.43726200389668,1156.24202076599,64.1697643803106,2471.77137048734,121.42048399501,396.58453706974,2.16857473663239,11.8623936513772,2.78421191937209,0.60930706140051,4.56927763841774,4.20682201291227,0.0399165728690632,0.0028776895034681,0.001557338141593,13.446966800919,42.4187315689069,15.0,3189.45518120047,105910.0,240,29.2177138876378,1.25942182132059,1154.90296389474,55.8538899990798,2470.26839407121,121.563140573569,396.92113297889,3.25678466334461,13.7339524613551,1.14269729158825,0.567111289191689,4.09798941712945,3.96161700329249,0.013202626963625,0.0010305162668933,0.0005422816750236,13.3541079103738,42.4690217070433,15.0
11.86458333,29.2522571848403,1.44755171305443,1156.07782524625,64.6761894955735,2471.49458994437,121.386528123752,396.423864992876,2.12963903868982,11.859484649847,2.91104035243428,0.613438542630725,4.60016187337999,4.20745566816727,0.0424609496928743,0.0030331813846008,0.0016401105784493,13.4461931172191,42.4067673623613,15.0,3189.34932387389,107180.0,240,29.2334948468423,1.26969101787501,1155.69366859221,56.3747189022182,2472.19226419566,121.644234333934,397.133506735026,3.17718580547611,13.7240644693668,1.2097799092031,0.570381893963695,4.12866941099647,3.96235641627197,0.0140608640107139,0.0010903241193578,0.0005742338164146,13.3531512818864,42.4974285579682,15.0
11.875,29.2691925452497,1.45591696128396,1154.91016570651,65.0571252381591,2469.09583266918,121.246735784898,395.898653187694,2.09782380505421,11.8894908312408,3.04121117611877,0.61656001329761,4.6233830147527,4.20291629799269,0.0450114799099778,0.003187030649284,0.0017215512171942,13.4486068705974,42.3576727611708,15.0,3186.4246390107,102610.0,240,29.2492879560827,1.27713615995805,1155.54269801844,56.7165542747479,2472.05905786909,121.625125107567,396.996391019427,3.11498170741488,13.7750319933837,1.26933204492212,0.572812415703877,4.14968033592833,3.95513479748116,0.0148227185574217,0.0011421203221318,0.0006015533281052,13.3533470809133,42.4907073340681,15.0
11.88541666,29.2863739409407,1.45169556615431,1154.24283410952,64.8745890433959,2468.06579884451,121.187870344002,395.608530144954,2.10611734278131,12.0377809833583,3.0481768418556,0.615753489879989,4.61446446615791,4.18055005555021,0.044734865737569,0.0031562164785323,0.0017005250637181,13.4440678673579,42.3367894423353,15.0,3184.73730894654,90490.0,240,29.2648680509591,1.27348962511162,1154.97317034443,56.5218371832209,2471.14457105815,121.57803164033,396.751866947045,3.13469106186948,13.9436702709662,1.24386064726796,0.572202492386291,4.13990851362073,3.93169547521037,0.0144931902546147,0.001112761408243,0.0005843389641612,13.3505240428543,42.47410208736,15.0
11.89583333,29.305897331614,1.46903665898625,1154.66819176153,65.6613648840768,2469.38897858628,121.214812496654,395.664348969031,2.03360287831156,11.8806813635729,3.31765220805672,0.618580463454648,4.65840123708268,4.19580756324496,0.051195927970502,0.0035707273678626,0.001928818659906,13.4805759340001,42.3455617167432,15.0,3186.70744381074,122395.0,240,29.2834727166434,1.2853067984162,1154.63775859719,57.0592213863129,2470.71720553361,121.532038637889,396.523325149082,3.0315108643731,13.92319948491,1.39536470003484,0.574881579334991,4.17109706957489,3.93126380067529,0.0164441054296948,0.0012677162082267,0.0006702932765377,13.3606496052783,42.4576762827674,15.0
11.90625,29.3186548299911,1.49704791179421,1155.7785329205,67.2030141676111,2472.06450961158,121.286281451421,395.872012761484,1.92440121484518,11.5851886544767,3.74242876461306,0.629557595564235,4.74617794765872,4.22896672007051,0.0619688574100141,0.0042325906398295,0.0022936252083445,13.4875089663545,42.3696051315626,15.0,3190.93046703312,112950.0,240,29.3017261569023,1.31367385919076,1155.07350198116,58.4001079524597,2471.99835134515,121.551843251108,396.500923460087,2.78408011666716,13.7371571591627,1.69699774855963,0.58266447826329,4.24758758296518,3.95000116027505,0.0205687050005405,0.0015552099272266,0.0008260198003697,13.3685140499095,42.4640391151642,15.0
11.91666666,29.3311034830841,1.5092846390967,1154.94525714217,67.8607913891145,2470.39293056871,121.1646462469,395.368727603113,1.89222451315055,11.5683580587398,3.91766738039578,0.634599348589381,4.78860531233715,4.2280940795137,0.0663984923493619,0.0044894933303939,0.0024323363614351,13.4781996509311,42.3261979093893,15.0,3189.04391314455,108365.0,240,29.3153810713856,1.32859644293814,1155.32614277155,59.1156261409393,2472.92533754569,121.568299893699,396.431547938394,2.66938117067412,13.7247221474369,1.85091179197797,0.587327473950629,4.29091652742661,3.94647754386417,0.0228042747334434,0.0017009965018596,0.0009033346182007,13.3651941452328,42.4691527529187,15.0
11.92708333,29.3477624864573,1.51763690548904,1152.74839051835,68.2069364229162,2465.80985928342,120.904657670859,394.394521255837,1.88580761494401,11.6201722595546,3.98495822333125,0.636639712301233,4.8117222667192,4.21840736575001,0.0678795222070406,0.0045677236479168,0.0024724569473543,13.4777556718932,42.2345442817092,15.0,3183.22418207482,105315.0,240,29.3294978205905,1.33648177197998,1154.40627523135,59.4482936415136,2471.2448815307,121.460232443715,395.938638894587,2.62696489601214,13.8032372798819,1.91435192783884,0.589802507690689,4.31323561204173,3.93220157291602,0.0237424531972607,0.0017588669430813,0.000933233507555,13.3638294233241,42.4306966449737,15.0
11.9375,29.3643277554047,1.50663546617216,1151.5382072281,67.6696965929292,2463.79111268614,120.796285790974,393.879970522913,1.92753179497329,11.861180355273,3.82078547463306,0.633037990863061,4.78306321795614,4.18198279577516,0.0626174796062533,0.0042427579097566,0.0022902811059566,13.4602671717294,42.1961235149816,15.0,3179.90354725202,83415.0,240,29.3437868562969,1.32691620962905,1153.12936179629,58.9384223734751,2468.95943619449,121.342938889661,395.400548290945,2.69722697494028,14.0614812084198,1.77986797475075,0.587557301349389,4.28641531439645,3.89438647284886,0.0217517782761271,0.0016082257450204,0.0008487701028,13.3565995219704,42.389098041207,15.0
11.94791666,29.3836527354205,1.51552318219878,1152.0643806795,68.0386345518151,2465.5415857081,120.848978751305,393.970854407137,1.90898782496223,11.7927284239903,3.87919083510951,0.631423236455241,4.80294518704358,4.18366374831534,0.0649052582260978,0.0043793712836879,0.0023660192838578,13.497547969005,42.2137645958994,15.0,3182.00864902032,120610.0,240,29.3612298973046,1.3299242770426,1152.32552457273,59.0717322738849,2467.67831020343,121.249607064866,394.985336283008,2.70944600359702,14.1026695748322,1.80405688799139,0.587726809477658,4.29470286405244,3.88404567579136,0.0221304673417306,0.0016539710363985,0.000876954899851,13.3652449662335,42.3557506754647,15.0
11.95833333,29.3954144293968,1.53748584424221,1154.2888146597,69.3865529600818,2470.82818176555,121.052937825631,394.590487404745,1.84445096458819,11.5143143958549,4.13211328801286,0.638983692306645,4.87790996827189,4.2129736024633,0.0728842842792518,0.0048641409557386,0.0026386849687499,13.5019034453026,42.2840625761006,15.0,3189.32327789386,109155.0,240,29.3789877803046,1.35289993152961,1152.90826634393,60.2092873631144,2469.41495628638,121.279261764572,395.000762467509,2.57145493596296,13.884307834289,2.01819854893659,0.593517494389098,4.35880974585152,3.9056888855176,0.0253554025620128,0.0018738216563187,0.0009970874251079,13.3734015928279,42.3653192696606,15.0
11.96875,29.4053003464838,1.54840294557888,1155.13621540983,70.031749504397,2472.87516628229,121.117280764076,394.688080301927,1.82467697027491,11.4850172463537,4.19587919602448,0.64257714486231,4.91809618289706,4.213801795995,0.0752770894228569,0.0050046779445999,0.0027178966190234,13.4910934273849,42.3056726885242,15.0,3192.11562371329,112945.0,240,29.3916172685503,1.36649763637228,1154.11330335321,60.9384747122955,2472.51466481376,121.390752471222,395.25645283424,2.50504685416848,13.7964485381773,2.11695648167669,0.597411970143433,4.40169785511563,3.9112981494078,0.0269704300984291,0.0019808558973868,0.0010553878938872,13.3703863123056,42.4035258781794,15.0
11.97916666,29.4181019229929,1.55585050739023,1153.99759442859,70.3854783706863,2470.47514093969,120.967921032453,394.068444123093,1.82849174688601,11.5503667972153,4.15521145778592,0.644670573651443,4.94131703912122,4.20459892473497,0.074218379273019,0.0049418980436664,0.0026839545858014,13.4800937374636,42.2528376745375,15.0,3189.11056242679,105370.0,240,29.4035268088448,1.3746754921284,1154.37406397295,61.357095409941,2473.4107333859,121.401184339695,395.16323109531,2.48388881182311,13.8104532948203,2.12913906348557,0.599874352300638,4.42816975245508,3.90600153345148,0.0272020376089216,0.0019884472412968,0.0010585704757285,13.3670543689382,42.4064774037024,15.0
11.98958333,29.4326278374169,1.55013058633199,1152.94743740128,70.0418336416521,2468.50234073622,120.856078332183,393.550115936698,1.87074900045993,11.7642248330336,3.92047342583765,0.642512609665732,4.9239798380485,4.17554922894281,0.0671697965309627,0.0045205895325814,0.0024506147480091,13.4647716205262,42.2134835660376,15.0,3186.08346721055,94475.0,240,29.4157387273408,1.3688248892588,1153.81434802612,61.0621754710142,2472.55523689575,121.342684678559,394.83017783523,2.55474756599684,13.9946564762018,1.96859779607809,0.598765492616867,4.41360998253701,3.87986386441198,0.02472023858651,0.0018101378351635,0.000960157937786,13.3601937014568,42.3855205537517,15.0
12.0,29.4479264329631,1.53044460555518,1153.01668490736,69.0192775724158,2469.3391654905,120.899336012506,393.538021443399,1.94775274759107,12.06901606555,3.53845094379156,0.636129886357138,4.86673052413619,4.13252949685256,0.0567586071009653,0.003884483838956,0.0020991653103653,13.4523188193235,42.2286344003916,15.0,3186.03083986993,84950.0,240,29.4284818445577,1.34890801860859,1153.34438934492,60.1158357643208,2472.04289218984,121.314775607185,394.608005094854,2.72300748109065,14.2877378172992,1.67516452942214,0.593929258965836,4.36082529253844,3.83965305792709,0.0204266179956848,0.0015099809868605,0.0007968029763755,13.3533203151712,42.375442756278,15.0
12.01041666,29.4631167797057,1.50122681473334,1154.34389261505,67.5861823315604,2473.21786632561,121.101020388047,394.078627925936,2.04056437301494,12.3232569046469,3.15135319036749,0.627052785055053,4.78582944291632,4.09413441099185,0.04757461494661,0.003314572364854,0.0017866888703603,13.4497858447445,42.2992772461072,15.0,3189.47015012424,84950.0,240,29.4420242403233,1.32279077882228,1153.49150888097,58.9307015317099,2473.00378659677,121.359073062494,394.666952447315,2.94808999731805,14.5385047284174,1.37993005760425,0.587243913907805,4.29337192817783,3.80460988182715,0.0163870035522256,0.001231576592871,0.0006473743144931,13.349976081501,42.3907375705387,15.0
12.02083333,29.4763085133343,1.46069485660275,1156.7767059147,65.6883569272677,2479.71588342434,121.44618795618,395.123289822285,2.14748750494332,12.5231782785962,2.80040073747652,0.615834595231357,4.67952343676544,4.06229245097344,0.0399885363764493,0.0028357276164721,0.0015251161973104,13.4436991669806,42.4201138066007,15.0,3195.87790338853,79820.0,240,29.4555864156182,1.29159385551698,1154.49523443897,57.547751230658,2475.96742639845,121.503012953399,395.103390269277,3.19426461673941,14.7019362648832,1.13046235695223,0.579011573237853,4.21446324302897,3.78050305978346,0.0131507813389123,0.0010051103993903,0.0005260728835944,13.3473586697004,42.4409711917594,15.0
12.03125,29.4872650236387,1.41307006699762,1159.91560583073,63.496262634942,2487.75761806285,121.886012539552,396.501357605231,2.27219216610085,12.7187713921035,2.47838271662174,0.60284403011121,4.55697867480078,4.03179960118532,0.0336985539517867,0.0024327389640653,0.0013053728854888,13.4371567999726,42.5740025068938,15.0,3204.09814438515,79030.0,240,29.4680181707192,1.25436126581413,1156.32824775044,55.9098850681553,2480.81753479916,121.749022065644,395.918727157772,3.46114838082675,14.8065273203579,0.924970890199733,0.568854815103215,4.12126503249174,3.76419026788659,0.0105925662955836,0.0008250236501372,0.000429888417563,13.344566095703,42.5269552932901,15.0
12.04166666,29.4967374149289,1.36759070464812,1163.31726083471,61.441703720519,2496.21031202271,122.356007839238,398.007273107005,2.39270408327772,12.8804568935612,2.22716004409312,0.590223866374549,4.44142925583371,4.0069305710892,0.0291921942159523,0.0021424105679014,0.0011477335116055,13.433076129772,42.7383710200607,15.0,3213.05319640818,78050.0,240,29.4792870498041,1.21633229055611,1158.83407274389,54.2469092815055,2487.08968395212,122.075956676667,397.033193925951,3.70354699484935,14.8531780357219,0.778985618632824,0.557955146055295,4.02665371830381,3.75593201208852,0.0088262381504102,0.000699686296829,0.0003630336272965,13.3429128347048,42.6412457914132,15.0
12.05208333,29.5050419293336,1.32705023300448,1166.33053491306,59.6201578344841,2503.64999646949,122.781352707322,399.38782919964,2.50532449087212,13.0338544598784,2.0327653547086,0.57893708039844,4.33759173315466,3.98414451899399,0.025911329647325,0.0019286821424039,0.001031562832198,13.4285267672069,42.8870676124061,15.0,3220.9927040523,76235.0,240,29.4892819778117,1.17975476224739,1161.63698637473,52.649608925212,2493.90212425559,122.442124822929,398.296634296232,3.91565603614672,14.8817108187468,0.673330364228153,0.547080936375882,3.93531096057943,3.75066337591715,0.0075733581063103,0.0006096190109503,0.000314912719849,13.3413336718238,42.769245400322,15.0
12.0625,29.5127551406371,1.29207000519293,1168.54100399328,58.0333566307066,2509.21963942567,123.115979404812,400.488004855323,2.60401488651919,13.1839304378095,1.89376103450814,0.569046441145606,4.24559279393658,3.96233233103707,0.023653620382023,0.0017811860629794,0.0009510789578014,13.4251540734352,43.0039748669979,15.0,3226.80146938259,74945.0,240,29.4982072211475,1.14632384721833,1164.30282942728,51.183420667353,2500.29689493789,122.798158603037,399.53826058379,4.09470217909664,14.9140971940666,0.598474769477203,0.536813681187406,3.85065781770336,3.74541401819072,0.0066963534014246,0.0005461247177119,0.0002809081662819,13.339993235618,42.8936765592947,15.0
12.07291666,29.5202431565146,1.26215131931463,1169.90459633603,56.6520471242274,2512.87354549196,123.356635117364,401.29228880536,2.67917340492503,13.330228234584,1.81242075358357,0.56040062356679,4.16414593595057,3.94098398316202,0.022327581084781,0.0016952584017989,0.000903570724289,13.4229917955122,43.0879226609255,15.0,3230.3752766519,73235.0,240,29.5064042363614,1.11678559019379,1166.52151658542,49.8732005691043,2505.62089579773,123.109623210074,400.637193012579,4.23447094116267,14.9622294383037,0.549211295220123,0.527452003680295,3.77408136555332,3.73829501205011,0.0061214037181551,0.0005045396492971,0.0002584936371644,13.3390005730121,43.0024717437121,15.0
12.08333333,29.5276086836996,1.235050379609,1170.58973333958,55.3745147815657,2515.01392041122,123.526070150309,401.867673906366,2.73382687233756,13.4865173949209,1.77004300301167,0.5523056428826,4.08820084411808,3.91789554385594,0.0215944728823913,0.001648764812723,0.0008770601141536,13.4206555838645,43.1468313052772,15.0,3232.13905792074,71060.0,240,29.5140990927509,1.09039018775201,1168.16018755904,48.6816243430682,2509.61693014691,123.363225721143,401.543855561635,4.34204562849149,15.0390982079844,0.516807197207488,0.518862176507371,3.70364037313584,3.72725623256362,0.0057424524544473,0.0004773606354932,0.0002436613731125,13.3380241855443,43.0909517791012,15.0
12.09375,29.5349902343479,1.21023526849423,1170.83246511336,54.1795089167575,2516.13969477337,123.650188333078,402.302064042336,2.76709796696318,13.6337271139598,1.76248963704192,0.544445468873989,4.0172035582176,3.89565849102396,0.0213786654495752,0.001639753941109,0.0008710393651224,13.4201521260151,43.1897560613186,15.0,3232.72025793016,71330.0,240,29.521582876301,1.06728346674618,1169.26527176044,47.6188930711445,2512.40686112936,123.564664678293,402.271382651521,4.4110515553124,15.136316170344,0.502510618542356,0.511080659955721,3.64030673239651,3.71304985426306,0.0055687249727353,0.0004663540535869,0.0002374136812571,13.3375945043465,43.1610730494505,15.0
12.10416666,29.5421893298642,1.18715664461874,1170.80854826077,53.0534689743087,2516.59822816293,123.748397571119,402.660135774061,2.78543211701136,13.7685397733678,1.77037736246609,0.537015850674378,3.95053696779022,3.87518133768131,0.0213874335828545,0.0016451067636199,0.0008726594867503,13.4187652515106,43.2235239458689,15.0,3232.56922701679,70630.0,240,29.5289752776324,1.04706274752733,1169.93428933127,46.6719665742448,2514.20576968328,123.725482052786,402.854935440698,4.44649021979128,15.2479863975609,0.499267224073973,0.504101544823549,3.58364762790806,3.69638168926097,0.0055207912096028,0.0004649553398766,0.0002362198112932,13.3373293562729,43.2168567272607,15.0
12.11458333,29.5488867793273,1.16195916621369,1170.6168184648,51.8305626772425,2516.5774726639,123.836717719895,402.984803398943,2.83553945312973,13.9520323700488,1.71922188157571,0.529319263940181,3.87879597114794,3.84898952099252,0.0205763634645448,0.0015886654770216,0.0008403323290898,13.4113961215391,43.2538059666032,15.0,3231.82513566854,66320.0,240,29.5359648475846,1.02625979349462,1170.25799952916,45.6894698953597,2515.18244651751,123.855270018433,403.338472427632,4.51121629394169,17.211948031867767,0.478826941379438,0.497115395560259,3.5250832607646,3.67555416461872,0.0052858233463625,0.0004473104996391,0.0002263571103229,13.3356554878274,43.261718435379,15.0
12.125,29.5553939696377,1.13378116797752,1170.34950356896,50.4792570738766,2516.24728107571,123.923247325275,403.309343309117,2.94206399975482,14.1883669398504,1.59323811129595,0.521009469777547,3.80014535312297,3.81670046801197,0.0187896771859652,0.0014636956972271,0.0007713337603586,13.403057554316,43.2834900580827,15.0,3230.69409180826,63180.0,240,29.5424838395515,1.00340189252072,1170.34413449307,44.6111349500834,2515.53037673971,123.961670744551,403.76445640195,4.63716373246406,15.562410559921,0.436349767873153,0.489670321220818,3.4611301204183,3.65218478219428,0.0048097470413362,0.0004095789124083,0.0002059745976259,13.3333435731219,43.2984086565839,15.0
12.13541666,29.5620105285495,1.10509541438212,1170.1080191858,49.117884719324,2515.80750374758,124.012020707047,403.663700773232,3.08541089241803,14.4250206674919,1.43705042050455,0.512491046570803,3.72117287410004,3.78506050302609,0.01668656515445,0.0013173742381797,0.0006917267680838,13.3969354295615,43.3140122258463,15.0,3229.51735601912,60945.0,240,29.5488081039583,0.980006192436317,1170.29409076909,43.5081211252177,2515.44664776318,124.051773465944,404.163471207648,4.79371201399155,15.7293625294794,0.388112552238919,0.482069140622507,3.39583938756508,3.63012634132344,0.0042733750680041,0.0003664000703066,0.000182899101944,13.3315802619953,43.3294366808855,15.0
12.14583333,29.5686178230509,1.07726213057163,1169.95912282443,47.8098323488347,2515.40076779408,124.10642682289,404.06803774241,3.25402556093825,14.6329221862836,1.27275475713751,0.504326836943424,3.64537479287384,3.75778935145887,0.0145693975733726,0.001169223480467,0.000611866643339,13.3921687160669,43.3465759052494,15.0,3228.51807257842,59180.0,240,29.5550854706967,0.957177997807132,1170.19115805227,42.4321337015581,2515.10118790302,124.132661438829,404.56141604133,4.95854000012012,15.8759910367236,0.341924081524062,0.474615978658484,3.33215915433949,3.61153161808002,0.0037630513950089,0.0003244740100422,0.0001606396022508,13.3302666286895,43.3572948768968,15.0
12.15625,29.5749875304893,1.05051182803401,1169.90867090459,46.5652884382658,2515.05336787664,124.20527391757,404.522763673969,3.44741209606155,14.8009922733354,1.10654572990978,0.496560162956458,3.57326977235685,3.73638203773898,0.0125087567786503,0.0010226298922286,0.0005333063528316,13.3878053098789,43.3807832748334,15.0,3227.72711106439,57405.0,240,29.561294475728,0.935326381079357,1170.09381422779,41.4035027358479,2514.61970060265,124.209556577992,404.977310659563,5.12461876305906,15.9938200962746,0.299174686117274,0.467450915669062,3.27124338713103,3.59743165552563,0.0032935095282,0.0002848108428043,0.0001396918418206,13.32915690037,43.3838243025893,15.0
12.16666666,29.5811349847882,1.02685587078777,1169.91861361478,45.4670784242034,2514.68530175425,124.299869082443,405.00885630231,3.63717920540412,14.8882104730293,0.969967396196356,0.489429388949484,3.50957673010785,3.72642991229333,0.0108646150797678,0.0009073455213373,0.0004723056739981,13.386673526489,43.4136171449557,15.0,3227.09500224221,59255.0,240,29.5675282114484,0.916010227309896,1170.02701934171,40.4933573557989,2514.07296674855,124.284841447055,405.41393599631,5.26488543774475,16.0634065478348,0.267985403541736,0.460983551770248,3.2172539499411,3.59011395571468,0.0029511406721632,0.0002555128599482,0.000124279648078,13.3287892724512,43.4098497014634,15.0
12.17708333,29.5867840534,1.00567077329117,1169.91745735047,44.4850361424921,2514.15717009913,124.384542311232,405.500045136358,3.82160611636453,14.9144186709417,0.847221632284446,0.483114737137231,3.45242342238941,3.72555340638781,0.0094224279803395,0.0008019961179052,0.0004165935128388,13.383688118876,43.4430982971853,15.0,3226.41551200265,57700.0,240,29.5736523535814,0.898992340985479,1169.98887951138,39.6909363714921,2513.465831166,124.358425784665,405.870240721721,5.38519001968405,16.0859999398027,0.24165531515975,0.455229911440068,3.16956528722507,3.58946196595482,0.0026635964963394,0.000230349665999,0.0001111091896946,13.3283804544468,43.4353492925787,15.0
12.1875,29.5918901047518,0.9859124385507,1169.80375969777,43.5669802826325,2513.2620139782,124.448931489046,405.96005272798,4.01896710130506,14.8977435428388,0.734680909037154,0.477229110518281,3.39871324374365,3.73172735023342,0.008125708164578,0.0007068921534919,0.0003666807923523,13.3804364005065,43.4656105334803,15.0,3225.38051153183,58645.0,240,29.5794651235392,0.883494471002077,1169.9454182394,38.9600394830761,2512.73024714148,124.425698126369,406.334916396632,5.50205601610879,16.0661703513201,0.218140820568194,0.449980993619768,3.12600514436224,3.59518539029105,0.002407368833874,0.0002071787755879,9.90349114492082e-05,13.3277782253454,43.458736798406,15.0
12.19791666,29.5967383136484,0.970217334731971,1169.4795045642,42.8205625715682,2511.7847397849,124.480106271605,406.347038749254,4.16879479265959,14.8043223070503,0.662357805571206,0.472186441542733,3.35461099139643,3.74954978907716,0.007301454103879,0.0006500756368251,0.0003378401235183,13.3802451864939,43.4766254076424,15.0,3223.79143301188,62250.0,240,29.5851433698578,0.871207560927155,1169.83360602439,38.3740378574559,2511.75316149443,124.480803547772,406.778454230689,5.58108865697613,15.9873732819587,0.204700393436903,0.445683045314344,3.09088096120612,3.6093339313497,0.002260087691744,0.0001942910166093,9.23980279459197e-05,13.3279453875657,43.4779434003778,15.0
12.20833333,29.6010543725342,0.95603572941306,1168.89431858604,42.138014041195,2509.64502747964,124.478644947254,406.644538871987,4.31203092507912,14.698262796824,0.592133697907013,0.467885753173425,3.31367663048286,3.77065644285974,0.0065111626278958,0.000590108554328,0.0003066996294138,13.3755397036324,43.4763143714268,15.0,3221.45764372316,59970.0,240,29.5904466776826,0.860438500186827,1169.588111078,37.8543245523406,2510.39042489144,124.516713592565,407.180905342084,5.65271985081234,15.8749358705542,0.191209798976709,0.441936014201502,3.05946284212047,3.62903096709587,0.0021134135174049,0.0001810012789668,8.55523411144138e-05,13.327436456746,43.4905283977957,15.0
12.21875,29.6051504945939,0.942989581715144,1168.00273672988,41.4953396690811,2506.76047012021,124.439316914222,406.83491871844,4.45517702901885,14.5866003802207,0.535054446789474,0.463836066605009,3.27458827867315,3.79410625085295,0.0058722469835848,0.000544327420911,0.0002834782398322,13.3719841520702,43.4628459760065,15.0,3218.24672109588,62760.0,240,29.5953303510705,0.850616575093529,1169.15052670852,37.3728057717398,2508.52327425059,124.527004741027,407.520723077714,5.72415671791431,15.7413102630796,0.179582044150372,0.438516683768321,3.03000913616614,3.6528987436583,0.0019867026398648,0.0001691757492923,7.94848795837446e-05,13.3267822683071,43.4942520937817,15.0
12.22916666,29.6093219551423,0.93279393647051,1166.78924530326,40.9669710673979,2503.10876900852,124.361558854796,406.907814380745,4.54404068242384,14.458482379436,0.503883993684143,0.460468253597987,3.24173925996536,3.8209048163903,0.0055228979486355,0.0005213351134501,0.000272212643725,13.3695250595642,43.4359816804198,15.0,3214.17775522135,63775.0,240,29.6000440918495,0.842815498432501,1168.45451589942,36.9749471316807,2506.02844596144,124.506314569561,407.768996728059,5.76865162700062,15.5850155058897,0.173478158120598,0.435705335787293,3.00520288124944,3.68095865161496,0.0019194379779411,0.0001634992108787,7.66179970251764e-05,13.3265467256061,43.4872091477166,15.0
12.23958333,29.6134768567388,0.923821832274668,1165.38307062189,40.4883202816904,2498.99510114361,124.263042341611,406.910029077954,4.6158364725598,14.3509802303372,0.479711868041385,0.457548228581488,3.21148085025622,3.84572292286355,0.0052525741089191,0.0005025933668998,0.0002627302693916,13.3656773579084,43.401861795226,15.0,3209.58106894649,63745.0,240,29.6045665100964,0.835918343103451,1167.50673994004,36.6106964844638,2502.92667110467,124.45649775681,407.929347504552,5.80542813535529,15.4317282646068,0.168508256536359,0.433211537131699,2.98208417109143,3.70978667256402,0.0018646410757533,0.0001587519985438,7.41776604196824e-05,13.3259765384505,43.4700324940976,15.0
12.25,29.6176826245477,0.913913799711066,1163.91378187759,39.9717222513845,2494.71597461289,124.159454643555,406.891155466871,4.71309203393904,14.2916473106198,0.445484163907082,0.45455267297123,3.17893287165748,3.86443746403708,0.0048732647280884,0.0004703845320745,0.0002452889526444,13.3601564333849,43.3659525560023,15.0,3204.76353105622,60150.0,240,29.6088460655753,0.828361793006295,1166.38935998192,36.2122378136293,2499.39738883559,124.386776255138,408.033871834909,5.85655496840848,15.3081102566174,0.160681507840047,0.430556073792263,2.95670570834623,3.7357137479106,0.0017794876729623,0.0001501624112094,6.96453199994951e-05,13.3248699900053,43.4459344912692,15.0
12.26041666,29.62230585328,0.903805084498022,1162.49864329349,39.4473835362851,2490.51707916359,124.060814241163,406.89294495009,4.81717541217692,14.2536330347919,0.414924491406967,0.45135115957793,3.14614221313657,3.88015753635894,0.004534924077387,0.0004435869536668,0.0002311095820332,13.3571893043195,43.3317580989622,15.0,3200.06146746269,60230.0,240,29.6130771202624,0.820389707791374,1165.17097558301,35.7922723918261,2495.59702707418,124.304786935014,408.105541941693,5.91275257580593,15.211709117972,0.153244218841425,0.42773755250242,2.92994478485691,3.75868328052566,0.0016982658682624,0.0001417378574041,6.52131962539024e-05,13.3240470371695,43.4175678442686,15.0
12.27083333,29.6273537605026,0.894613246745396,1161.28710228578,38.9712755293622,2486.71650160823,123.982785588007,406.967570713814,4.89970705817266,14.2170809320587,0.391707935645224,0.448382471153721,3.11649203122441,3.89503849454813,0.0042781121645553,0.0004224673371739,0.0002197528390727,13.3555110867041,43.3047348012845,15.0,3195.92247789485,58340.0,240,29.6174957847993,0.812802330958514,1163.93058386641,35.3892619864119,2491.70440404059,124.219699980887,408.170189182195,5.95896035278335,15.1321754263539,0.147641805549741,0.425010567518838,2.90421485443741,3.77958527557617,0.0016368074063474,0.0001354472567391,6.18820951634052e-05,13.3236130575344,43.3881136635934,15.0
12.28125,29.6326105952615,0.886689417158376,1160.35302420457,38.5599072562863,2483.47631505403,123.933078375208,407.141561373163,4.96257595089205,14.1730778112269,0.376569557441638,0.445718509272738,3.09096250783632,3.91006183252496,0.0041101476050698,0.0004103022361134,0.0002134302423694,13.3551711498356,43.2875773919262,15.0,3192.56359774138,59050.0,240,29.6221587905724,0.805936281973772,1162.76495311583,35.0216778097065,2487.93453293362,124.142217688305,408.261621944564,5.99524378342887,12.22142037348108,0.143885544084397,0.422508938922353,2.88070539099835,3.79896832682088,0.0015951440580009,0.0001312903756465,5.96796176318713e-05,13.3234319296936,43.3612982097856,15.0
12.29166666,29.637835913817,0.880319565038916,1159.65964108175,38.2264217333098,2480.72260335878,123.90831438658,407.4015172496,5.00093787319787,14.1185766835886,0.367489830933461,0.443534629960173,3.07024823089643,3.92560979093673,0.0040089718947867,0.000403204173879,0.0002096933843603,13.3549964892885,43.2791047348469,15.0,3189.89820190865,58460.0,240,29.6270477641064,0.80020351296377,1161.73340804286,34.710060450375,2484.42465088895,124.079181621584,408.400035454786,6.01913042863404,14.9947892327346,0.141723312775887,0.420387679254641,2.86069014317358,3.81756300152819,0.0015707732036958,0.0001291299706634,5.85190058703069e-05,13.323402563615,43.3395014004345,15.0
12.30208333,29.6428207635588,0.875023572484057,1159.11324817442,37.9462771423858,2478.25976490165,123.898654285018,407.714827034768,5.0306988196829,14.0592421799586,0.3608366809968,0.441701896256999,3.05278946934186,3.94114236841883,0.003934766691275,0.0003987160440158,0.0002074411886239,13.3547772926997,43.2758932908227,15.0,3187.6564986218,58890.0,240,29.6320101761458,0.795391764874481,1160.8599328383,34.4456561690396,2481.23166578818,124.033122382094,408.594806843276,6.03744476870532,14.9281473123189,0.140183136385234,0.418599867117336,2.84364935986538,3.83540847795325,0.0015532507943258,0.0001276671263614,5.77333437910542e-05,13.3233591982125,43.323609859936,15.0
12.3125,29.6475553886938,0.871331265695762,1158.59522910716,37.7382873159632,2475.83499929632,123.891065348417,408.037407260746,5.0406973287441,13.9900771619437,0.360027743808417,0.440321309981739,3.03954841697133,3.95752118029476,0.0039242768469826,0.0004006663072582,0.0002087793948563,13.3549879357975,43.2733996621891,15.0,3185.52779099309,59970.0,240,29.6369844972901,0.791859474897517,1160.10789269516,34.2432340644082,2478.28669410151,124.000385034498,408.831604782365,6.04586583375931,14.8565613281053,0.140009024710674,0.417250552682311,2.83042601373962,3.85325291113769,0.0015505015402481,0.0001280103742988,5.79154626689541e-05,13.3234462284575,43.3123476319971,15.0
12.32291666,29.6519958708638,0.86941323140972,1158.00422357994,37.6068658239433,2473.23737234081,123.874892540516,408.331338881658,5.03006714942021,13.9134018386856,0.364940088957022,0.439472779341393,3.03063805555838,3.97465137120509,0.0039762152733122,0.000408490476549,0.0002133184244862,13.3551995029721,43.2679087503011,15.0,3183.24195143788,61470.0,240,29.6418963854261,0.789761144910512,1159.41937209123,34.1078432435756,2475.47332980434,123.97491932378,409.088804422925,6.04367306412552,14.7781147745864,0.141206118381966,0.416396398051043,2.82125189836302,3.8713965631684,0.0015625632052835,0.0001301380718286,5.90442169491428e-05,13.3236040110814,43.3036053564306,15.0
12.33333333,29.6560811672053,0.868294483943301,1157.25267500329,37.508181515886,2470.28953132275,123.841637904572,408.565522445403,5.01869957380447,13.8455205202203,0.368686280897391,0.438981589225744,3.02339238129916,3.99063783555446,0.0040159924869054,0.0004133592062187,0.0002159742434043,13.3542405566573,43.2564576541522,15.0,3180.53550438454,61400.0,240,29.6465987122698,0.78852816015161,1158.73132341142,34.012161243014,2472.6577992618,123.949664732884,409.344755445788,6.0395578389387,14.7000624292178,0.14222509470084,0.415872639175763,2.814408786118,3.88909379451291,0.0015729993899102,0.0001318843636498,5.99511570201766e-05,13.3235616802332,43.2949290989543,15.0
12.34375,29.6599526367511,0.86682613191502,1156.29190091697,37.3896810560423,2466.89273999758,123.786468546521,408.723774403977,5.02447980390021,13.7995432856481,0.367460550980292,0.438481623010364,3.01477030662888,4.00390845924567,0.0040018412228393,0.0004120838311086,0.0002151213917548,13.3525382528182,43.2373601557049,15.0,3177.24144380759,60810.0,240,29.6509930693961,0.787309775754987,1157.98004338038,33.9160831988032,2469.70108117119,123.9172621316,409.578182781107,6.04301114677895,17.4501023698778,0.141936443303489,0.415394766763454,2.8074411876749,3.9052855467155,0.0015695715403526,0.0001317129661995,5.98327283317228e-05,13.3232717782711,43.2837627590557,15.0
12.35416666,29.663948733776,0.866280448323544,1155.1195547327,37.3022766800845,2463.03908906285,123.708348817665,408.802545256656,5.01220968932724,13.7574546756713,0.374580059764336,0.43811701069932,3.00786861800588,4.01669800797378,0.0040774999574415,0.0004215786030564,0.0002204314463046,13.352407198362,43.2102427617133,15.0,3173.38654298375,63200.0,240,29.6552597226339,0.786763406426636,1157.09355226773,33.8461536994562,2466.45853403626,123.870580071393,409.76035604902,6.03973251918318,14.5701892226788,0.143249136089517,0.415120676590292,2.80192789588494,3.92069765600896,0.0015830922489539,0.0001336909902773,6.08719731181627e-05,13.3232520079485,43.2676083796721,15.0
12.36458333,29.6680372700282,0.867521644193463,1153.80564110617,37.28743211221,2458.88384694861,123.615811953217,408.824283464891,4.96512187396401,13.7153880074617,0.391903691731884,0.438265708031419,3.0051032211942,4.02932435199128,0.0042639904099347,0.0004406205683886,0.0002307131282046,13.3525201579078,43.1780625836253,15.0,3169.19630862654,64810.0,240,29.6595562589764,0.787506664959582,1156.03822549173,33.8286757749459,2462.86729929034,123.807036524148,409.876584110761,6.02015743645062,14.5098802409115,0.14705050294391,0.415264379152354,2.79944108669512,3.93560769036539,0.0016232906636378,0.0001389194085066,6.35950369692967e-05,13.3234361170617,43.2455478732102,15.0
12.375,29.672116948945,0.87379442395827,1152.32469406344,37.4767310780744,2454.37825388171,123.504861736544,408.771071408649,4.83020686302526,13.6438580148747,0.443883286573506,0.43961490511613,3.01397299334901,4.0456941080743,0.0048277551005403,0.0005000913454343,0.000263825741621,13.3550327580314,43.139418750364,15.0,3164.69627318908,74515.0,240,29.6640752690563,0.791750055868822,1154.76498536969,33.95980753882,2458.84927589862,123.723420729253,409.901262567334,5.95626778281837,14.4354141976038,0.15925892622759,0.416504336065294,2.80564939595406,3.95184367280169,0.0017530968610764,0.0001550232178458,7.21106428720116e-05,13.3242922904674,43.2164289517285,15.0
12.38541666,29.6752923145615,0.883023625808384,1150.51820657274,37.7877070866313,2449.22128984461,123.362833672935,408.584106720799,4.65482095245247,13.5942295938468,0.50835136380287,0.442525705576177,3.02921080338791,4.05939840292657,0.0055314118099164,0.0005597031089837,0.0002950326818978,13.3530566667832,43.0898685556447,15.0,3159.42300934002,74515.0,240,29.668438355014,0.79876714248167,1153.26475391251,34.2074182943253,2454.3903259273,123.619576775781,409.831012176541,5.86251372336651,14.3668925187666,0.175591382093906,0.418769673472574,2.81846094046019,3.96696094777476,0.0019276655231661,0.0001749413563898,8.24044635300544e-05,13.3245592806412,43.1801894906886,15.0
12.39583333,29.6779744225123,0.897151487191484,1147.93365545441,38.2613431548449,2442.48650779338,123.139399341461,408.090276279339,4.39795516269471,13.5580780671105,0.635694717867707,0.447151096543441,3.0529456491318,4.07187649001288,0.0069308465636839,0.0006840406059997,0.0003614388841182,13.354111507901,43.0118190500797,15.0,3152.19225080513,88040.0,240,29.6723811830247,0.809467552831653,1151.33326985074,34.6026448110925,2449.08503297822,123.475070898695,409.584907748747,5.71839234353665,14.313529239695,0.206976355328604,0.422319609918451,2.83943974288098,3.97996282640327,0.0022621035581217,0.0002107680230563,0.0001009604718206,13.3251536781146,43.1296756388472,15.0
12.40625,29.6796262802668,0.92203926449436,1143.94975698165,39.1224494412562,2432.93255581117,122.768386543037,407.037011697967,3.94550682723697,13.5274340552633,0.913070815559083,0.45629038838908,3.09731649064551,4.08357082640686,0.0100436482181728,0.0009368505708044,0.0004941724351095,13.3563999900455,42.882013266553,15.0,3141.51913030623,98740.0,240,29.6758381539711,0.827731261168344,1148.45930092837,35.293808673606,2441.9128221555,123.240723180775,408.959071071301,5.42563039322175,14.2899561107258,0.282017826404908,0.428532954110426,2.87674591294986,3.98857750011925,0.0030622090825007,0.0002905246223585,0.0001419207716627,13.3266205259871,43.0475967362681,15.0
12.41666666,29.6804940094184,0.950591896485497,1139.0346886471,40.1250254363825,2421.60750830009,122.305420320889,405.578303531121,3.49956307572131,13.6173521650017,1.28494456916005,0.467744906458439,3.14913235534685,4.07835996185434,0.0143791373911339,0.0012524158689467,0.0006565663129699,13.3568351006985,42.7197580413426,15.0,3128.5280282077,96850.0,240,29.6780765390481,0.848973154440786,1144.58568839844,36.0773966678127,2432.7772211221,122.913292259185,407.930274377971,5.06857273342514,18.1030718486492,0.390803352335127,0.436110111752183,2.91827328072266,3.97960717957541,0.0042274504122028,0.0003944263231762,0.0001945404973082,13.3270569916697,42.9327346127112,15.0
12.42708333,29.6841643541622,0.982806894881171,1134.25866419218,41.2786526125157,2410.78081301676,121.855542274128,404.092355213086,3.1071581860739,13.7531152436608,1.77763928302493,0.480099578068945,3.21081594535746,4.06476987017313,0.0205130386967794,0.001689390666558,0.0008838669453406,13.3677661136941,42.561733307351,15.0,3116.12082046201,102980.0,240,29.6803582337884,0.872425579379417,1140.07571124947,36.926920328631,2422.47315931348,122.528859675436,406.613213918351,4.6801506476375,14.6403933360542,0.548639342961332,0.444353743330432,2.96334762519217,3.95117326524009,0.0059275076504886,0.0005371100623374,0.0002671880085176,13.3292567337114,42.797642443211,15.0
12.4375,29.6902022877531,1.02294916461478,1130.8347807596,42.834255595249,2403.08487873827,121.536954146459,403.006173147644,2.7266635415827,13.7931425554253,2.48430993597258,0.495709961010722,3.29731665245432,4.0596952893607,0.0303147275589834,0.0023584665074294,0.0012351302831818,13.3888518108652,42.4491598063087,15.0,3107.80965164514,107960.0,240,29.6843856861545,0.902187688610609,1135.62047590003,38.0367695330647,2412.52771102949,122.156218470818,405.2335996972,4.19071601403153,14.9498558520152,0.815610418658534,0.454671456279168,3.02407601008944,3.91127723471867,0.0088456032541596,0.0007706587324206,0.0003874510399176,13.3348163643401,42.6662713681748,15.0
12.44791666,29.6965722700597,1.07063467747098,1129.05859500966,44.8254237614724,2399.11410385608,121.375320355873,402.417993382028,2.40900075310156,13.6960966715029,3.38599531696732,0.514481264104496,3.41096407428456,4.06802563965927,0.0450900793414208,0.0033096562348546,0.0017359269289465,13.4167296634702,42.3908871196188,15.0,3104.38674261355,114455.0,240,29.6899084903411,0.939419228751168,1132.19838811922,39.4934448006211,2405.05175712202,121.890414999774,404.133968588672,3.64726098887913,15.2386568674698,1.23804389342057,0.467452552611803,3.10628545015519,3.87000716151082,0.0136297851513952,0.0011333680018286,0.0005761532253433,13.3431266880524,42.571812204236,15.0
12.45833333,29.7025605470535,1.12137206612013,1127.68630567677,47.0915127918897,2396.09090924247,121.23899970407,401.875855948144,2.18514570297043,13.5203927005254,4.34575026452861,0.534242874349652,3.54225595892888,4.08283996121247,0.0641963745513538,0.0044647525543062,0.0023453396649577,13.4437076744702,42.3408506572068,15.0,3102.24332551541,115340.0,240,29.6958895327623,0.982008134376843,1129.87327798398,41.2309186741425,2400.12388283741,121.726900872269,403.336566968318,3.15533224522443,15.4498261760234,1.80259189068088,0.481848139441745,3.20651899526738,3.83501329469665,0.0204819973812606,0.0016238573306657,0.0008331989819222,13.3521839673371,42.5127199677837,15.0
12.46875,29.7095552081032,1.17086461981766,1126.32291572816,49.4144824748875,2393.04673377137,121.094728904339,401.25351530511,2.04503795892591,13.3565518892554,5.18216657798666,0.551155530043289,3.67836415811615,4.09372792421807,0.0843463204667377,0.0056185509864257,0.0029589533638525,13.4658777715865,42.2875396625086,15.0,3100.06493688478,115385.0,240,29.7021611618262,1.0255961692825,1128.09979167877,43.0683157948835,2396.45863271146,121.601753561818,402.654291741935,2.79573172809959,15.5862469852591,2.41599296946332,0.495927605826946,3.31419709637562,3.80716639282675,0.0287316667397574,0.0021869904496245,0.0011298017784389,13.3601376540449,42.4667146061103,15.0
12.47916666,29.7178607743945,1.2182725537045,1125.45032294485,51.725195195847,2390.96242240325,121.000052353451,400.751337927857,1.95603494363881,13.2339312002112,5.79071690682429,0.564658708184673,3.81445099050112,4.09829892104029,0.102076132138231,0.0065943521846154,0.0034873832975958,13.4804802986978,42.2513344525126,15.0,3099.10549895832,114525.0,240,29.709321848359,1.06829635016644,1126.71208129874,44.9260253678585,2393.60801761658,121.497778173867,402.039432380439,2.55511935889626,15.6638068938087,2.98210846457154,0.508973669160474,3.42415610540724,3.78559384150736,0.0373404074354594,0.0027529982700054,0.0014298913587379,13.3663098783869,42.4278418977636,15.0
12.48958333,29.7266964760031,1.25514583427788,1125.41713221373,53.6220449345754,2390.63379540225,121.013060407022,400.558123573829,1.91545426910139,13.2702561631612,6.00122299244416,0.572206462265186,3.92705697919945,4.08271893059993,0.110300503142838,0.0070426983899309,0.0037404888223619,13.4777114610301,42.2529912029413,15.0,3100.12286080076,103810.0,240,29.7170389920262,1.10296690608306,1125.93861459189,46.4764203099235,2392.01540792556,121.459023435068,401.629051371636,2.43014890643296,15.8040288452479,3.30246225975383,0.518686485418368,3.51696379778351,3.75563206347451,0.0428039397718876,0.0030937276695318,0.0016118646713693,13.3663967229786,42.4116943947963,15.0
12.5,29.7368650221636,1.28303983736848,1126.17329482304,55.0326256197239,2392.07180612535,121.132805437305,400.697909250225,1.90383691999044,13.4380533348379,5.87127587607478,0.575248631964607,4.01063535310541,4.05076406838582,0.108427953545023,0.0069406640354774,0.003697359601518,13.4735598698977,42.2924516056064,15.0,3103.05066964594,100025.0,240,29.7254302803651,1.12766638308341,1125.84877482585,47.6045752912259,2391.85666489171,121.50231155,401.484899732601,2.39374022701078,16.0399785505876,3.32896642561824,0.5248934975655,3.58528824553435,3.71372232030874,0.0435684948871992,0.0031297955900404,0.0016335128990459,13.3640489760678,42.4243653385453,15.0
12.51041666,29.7469130906228,1.3100121594055,1127.79467795215,56.385249299333,2395.49440727462,121.350699441663,401.183353319458,1.89704505614754,13.5785557036867,5.6199970632902,0.578875147670183,4.08842599588293,4.02238167362761,0.103155521335229,0.0066511863966893,0.0035531308128102,13.4748843044741,42.3666112598895,15.0,3108.43124891033,100025.0,240,29.734771970387,1.14966791090331,1126.48337262146,48.6429888917724,2393.27600074726,121.619418631686,401.609672507403,2.39330890471491,16.2465791078217,3.21184354809438,0.530495456200449,3.64726457434157,3.67615409095423,0.041963064209569,0.0030173397851684,0.0015778021935714,13.3637052421069,42.4630753365243,15.0
12.52083333,29.7547942263198,1.3333758498598,1129.92435958508,57.5881839212467,2400.14723805005,121.629599554388,401.884471247146,1.89909254192232,13.707350934692,5.28775090622759,0.582604702521941,4.15647453201077,3.99584727203448,0.0955323950593344,0.006232917819349,0.0033387967981418,13.4717530286108,42.4624498016428,15.0,3115.22722661967,96895.0,240,29.7437639300934,1.16924197944796,1127.82394820874,49.6075140561812,2396.29154505342,121.810940900587,402.009751806218,2.41859397602064,16.4122143948632,2.9979493054981,0.535662617881222,3.70372616887084,3.64434991327732,0.0387559579994627,0.002800264640915,0.0014665566909221,13.3625119061589,42.5280999260166,15.0
12.53125,29.7611053420534,1.35122926395224,1131.88093258339,58.4923672099755,2404.52062031868,121.896022562986,402.552638950045,1.91467792172105,13.8466683469901,4.88669447933734,0.585240197254279,4.20751650415241,3.96915331857998,0.0857631057398437,0.0056842917355693,0.0030511867320496,13.4671019895874,42.5543284304386,15.0,3121.42268254164,96695.0,240,29.7515431718999,1.18486187032208,1129.53960964796,50.4175489596741,2400.19935993478,122.043386234561,402.571404782955,2.47363265105882,16.5495235971237,2.71340493349773,0.539888794372534,3.75073037013334,3.6170057883596,0.0344774220541201,0.0025117350773433,0.001316714808144,13.3604447758734,42.6077494815228,15.0
12.54166666,29.766548324964,1.35816284019897,1133.30155706833,58.8464944313394,2407.8511996943,122.119126149356,403.074414691511,1.95925332309483,14.0628483311647,4.38950310973533,0.585605963742848,4.22770526270227,3.93394939987503,0.0729789973825504,0.0049414242399215,0.0026539569589448,13.4540116754715,42.6315348940186,15.0,3125.86824519664,88005.0,240,29.7580181101706,1.19169326831398,1131.17168486083,50.8319983733464,2404.0069139853,122.275561392051,403.148820204124,2.58114583859329,16.7226130003972,2.33842085671609,0.541944616392687,3.77501380858041,3.58623998362909,0.0289088745388635,0.0021274780028777,0.0011134377111848,13.3556252105688,42.687664889757,15.0
12.55208333,29.7725809701395,1.36633609198338,1134.37020594348,59.2007129404509,2410.42895651743,122.295588938459,403.481701466132,2.00480489031323,14.1844006516691,3.9495302168183,0.585932466958518,4.24717569035706,3.91245866754937,0.06295454313845,0.0043407177676108,0.0023331953125739,13.4573251455401,42.6927521225056,15.0,3129.35243844634,99695.0,240,29.7642251780006,1.19760375463895,1132.60136167598,51.2194343753922,2407.40007166002,122.474413820854,403.660778945198,2.71339047081927,16.7968391219617,2.00451638589526,0.543814588402028,3.79739534915996,3.57002258783665,0.0242525832994234,0.0018132765701272,0.000949488353794,13.3550062983141,42.7562560417024,15.0
12.5625,29.7766336424397,1.37827086786392,1135.10449858011,59.7769435234595,2412.27566888056,122.419945931621,403.755939970629,2.0419411181396,14.1804130688359,3.61607121090566,0.589076211213376,4.27817630469446,3.90916602677627,0.0559247375038272,0.0039161530394822,0.0021096195699531,13.4552346058153,42.7360434427293,15.0,3132.05178024683,97880.0,240,29.7700790331148,1.20790173601051,1133.80425635546,51.8056329223533,2410.30996862703,122.631045438659,404.080128966828,2.8214204970571,16.7191018064341,1.76554929096634,0.547133736948192,3.83034656740591,3.57529885195979,0.0210621076757243,0.0015923521254865,0.0008345624202408,13.3555005379769,42.8104406003292,15.0
12.57291666,29.7794926845646,1.38043138991281,1134.86676573617,59.8574171384627,2412.10057305441,122.446713934586,403.696937275283,2.11061188194685,14.2707659104687,3.24333390087911,0.590359785619361,4.28235430825175,3.89556635431257,0.0479010680056329,0.003408759468893,0.0018359618857817,13.4428594566844,42.7454990357344,15.0,3131.78542963098,93405.0,240,29.7743412305942,1.21090374128101,1134.46754162366,52.0418826514624,2412.10638158991,122.734629097963,404.337220757402,2.97532052620466,16.6798905494216,1.50533536655344,0.54890259033445,3.84343750768325,3.57738247496037,0.017665969616143,0.0013502206293289,0.00070636549937,13.3514704441286,42.8464013477296,15.0
12.58333333,29.7837331671727,1.37491053427764,1134.01848269885,59.5521148968942,2410.6802299759,122.410747702677,403.440189127358,2.20636525164026,14.403838668245,2.86600751633572,0.589298488577427,4.26526625662323,3.87754674480033,0.0403145911441173,0.0029155252925886,0.0015681110384908,13.4346516915871,42.7332130153266,15.0,3129.62623306275,90865.0,240,29.7781279185408,1.20644122389341,1134.42760273459,51.912843702735,2412.41688534798,122.763469659249,404.366826562669,3.1831935369162,16.6745881852565,1.2459094495202,0.548683822734238,3.83601981703924,3.57700136471224,0.0143874271257368,0.0011156624764842,0.000581970958584,13.3477142526483,42.8564908923589,15.0
12.59375,29.7890672613271,1.36114252357061,1133.69192493004,58.9198415172467,2410.50108399334,122.438817329844,403.413723233073,2.33304154999079,14.5686192109288,2.4835741835117,0.586130282440606,4.2298294795724,3.85515164554051,0.0332284897447202,0.002441065974104,0.0013094331667749,13.4259642192347,42.7433942408374,15.0,3128.78158893328,82870.0,240,29.782304641593,1.194026708414,1134.10403825696,51.411183356192,2412.15349869327,122.763599260213,404.331229246964,3.44975534352445,16.700128131086,0.994318607434822,0.546244771735095,3.80746062297903,3.57396378905802,0.0113171591224969,0.0008924241025949,0.0004633459948612,13.3438777930364,42.8567361553041,15.0
12.60416666,29.79510495534,1.33928820923076,1134.14944757555,57.9680369870112,2412.14446281215,122.561187292561,403.727498721257,2.49874794758099,14.7533217353191,2.10033821672195,0.580521444397548,4.17637839173922,3.82909930634791,0.0268362241429302,0.0020061972015395,0.0010727327939478,13.4195342136453,42.7865417043266,15.0,3130.00288131964,77725.0,240,29.786971569394,1.17394798447897,1134.00131268378,50.5685937840944,2412.41111637329,122.789165597978,404.423982566942,3.77844919657884,16.7383833035873,0.765672599379201,0.541465265070794,3.75943980039195,3.56998701295419,0.0086169306886032,0.0006940287264197,0.0003582591316516,13.3403681955492,42.8660065274637,15.0
12.61458333,29.8016077887637,1.33235212301091,1135.34777306935,57.705687304317,2415.3482358029,122.73504181809,404.301079645108,2.58020227896018,14.6542389416123,1.94888172121909,0.577328991934486,4.16028240854075,3.83965896814855,0.0246610169596485,0.0018840291336425,0.0010124463817059,13.4385229375444,42.8476952022994,15.0,3133.71413463155,96295.0,240,29.792857611597,1.16495751375188,1134.38222070085,50.2248657967185,2413.70815918544,122.848367503146,404.669361754935,3.9588492530661,16.5875809268987,0.683761646623832,0.538820580956237,3.73920138972297,3.59040378913628,0.0076595614405602,0.0006298966997573,0.0003257759193319,13.3445525982779,42.8871283434343,15.0
12.625,29.8040992698858,1.33360284987319,1136.59334125482,57.8547509285179,2418.64551660368,122.900826533,404.879231387916,2.58614938019777,14.4426892741977,1.91167859646766,0.577789054077172,4.16631736762155,3.86579375693938,0.0241270333894976,0.001850791888533,0.0009969134262731,13.4376826051085,42.9060857487768,15.0,3137.83481434253,89900.0,240,29.7982992764879,1.16571043880819,1135.27612413155,50.3216290995236,2416.16018715141,122.960816521402,405.090428944577,3.97928974392446,16.3349754219809,0.66956921668291,0.538727608271611,3.74338203443622,3.62281895317675,0.0074982873989837,0.0006185253013451,0.0003203451619881,13.3470095469053,42.9268687795947,15.0
12.63541666,29.8050779377699,1.32275337966508,1136.4386060813,57.3833309017923,2418.90753767445,122.928031313037,404.973486905593,2.67110650811074,14.4253150479763,1.76326976070146,0.575247019435817,4.13869425951294,3.86900399036256,0.0218615861552441,0.0016853249389987,0.0009053387499432,13.4219344935448,42.9161280249951,15.0,3137.66034067588,85150.0,240,29.8013886310173,1.15848416430844,1135.95363714873,50.050288063991,2418.18832247352,123.061937457107,405.477099085297,4.08848603076698,16.1849105899788,0.606642125153857,0.536792474857282,3.72695732869617,3.64255777124167,0.0067840221822827,0.0005612457585993,0.0002895819331573,13.3426566999863,42.9626976824535,15.0
12.64583333,29.8079703694167,1.31073582836243,1135.22060947147,56.7869301529371,2416.75767929123,122.833334966355,404.685235309274,2.76703079832201,14.4227297855568,1.63370202398155,0.571634070716534,4.10401037248299,3.87226991083086,0.0199731316091819,0.0015571869729157,0.0008360882104266,13.4173606705406,42.8836561158457,15.0,3134.37558398034,88345.0,240,29.8039244426755,1.14936948953408,1135.86927837881,49.6557117781249,2418.52091692132,123.07828132344,405.595755278612,4.21212733137469,16.0627293099893,0.552500106371055,0.534131484446347,3.70366374542508,3.66028382945705,0.0061675739942537,0.0005140608963113,0.0002645972222923,13.3407428510979,42.9689845152307,15.0
12.65625,29.81166630997,1.29234005477026,1134.39332444858,55.9427266195257,2415.42053223791,122.788371680125,404.567387446246,2.89395349728096,14.4869393228129,1.47276117342334,0.567141912681017,4.05569092212393,3.86697945240619,0.017658322321657,0.0013837726713976,0.0007397254907718,13.4057924148725,42.8685517122047,15.0,3131.98567060844,76320.0,240,29.8067824865556,1.13487672831602,1135.31551018488,48.9921152653433,2417.76998429225,123.045809867471,405.570758080055,4.37425759139017,16.0024203435311,0.482185408476222,0.530111302784003,3.66511036118437,3.67129511168869,0.0053754422754982,0.0004499927540232,0.0002301683617936,13.3375306836377,42.958258665791,15.0
12.66666666,29.8163827423836,1.26603641914951,1134.34920820346,54.7682926979577,2415.78738657176,122.838946650926,404.781074174141,3.0811024100473,14.6113621828667,1.28068744901754,0.560246634192692,3.98951773502902,3.85290864318415,0.0150596803548069,0.0011973926153982,0.0006376253219804,13.3990141864453,42.8867553302601,15.0,3131.55874772138,74130.0,240,29.8100463027802,1.11301185406669,1134.86841022664,47.9957793267471,2417.18297621972,123.02757119619,405.626594134483,4.60543897431433,15.9982841607437,0.402578260838665,0.523959451844189,3.60783132253188,3.67586227150285,0.0044826611596587,0.0003781485301844,0.0001918156745005,13.3343685564613,42.9525312153846,15.0
12.67708333,29.8219475635892,1.24661428251404,1135.00675330876,53.9109932502098,2417.61149128136,122.956282438836,405.263123712335,3.19052221749468,14.6085683515344,1.19956882386576,0.554256793315792,3.94080364389815,3.85430549457222,0.0139896847609334,0.0011314302737593,0.0006032178838954,13.4052660866666,42.9282194189055,15.0,3133.2576475578,79230.0,240,29.8142953723875,1.0953697229942,1134.77404713626,47.191926587331,2417.28357290198,123.044490888758,405.813056092832,4.74257743114168,15.9477090218052,0.369134356894667,0.518476301689777,3.56142683564624,3.68610730451488,0.0041042065365049,0.0003492354530562,0.0001765668228701,13.3351829892672,42.9590546783422,15.0
12.6875,29.8262211687856,1.23389074957111,1136.08304364717,53.3653998836848,2420.33322846693,123.11641963232,405.907474835928,3.21357263958741,14.5260790916779,1.19092364950746,0.550315070403184,3.90899671658178,3.86496715067663,0.0138556113038491,0.0011270634917737,0.000601343118915,13.4090609440901,42.9845621684144,15.0,3136.34259647583,79095.0,240,29.8189941403838,1.08321632515862,1135.15184160832,46.6469640686208,2418.3732685922,123.115591094902,406.175009708005,4.78221504104345,15.8591568282522,0.363637236809022,0.514391720372865,3.52960026787141,3.69990704399762,0.0040376097329989,0.0003454998994337,0.0001745673922739,13.3365803645826,42.9844103498141,15.0
12.69791666,29.8287208228437,1.22295082171215,1136.89442040468,52.8842349166319,2422.50325103897,123.250592809006,406.465450526816,3.21554765104308,14.4489065410501,1.2003105321384,0.547132966758475,3.88059237406292,3.87481182966495,0.0139540162755086,0.0011377097316165,0.0006070182890232,13.4096236359722,43.031785032002,15.0,3138.77230104608,80345.0,240,29.8230352876845,1.07342810115094,1135.81446804686,46.2195089322027,2420.08754466593,123.223965103341,406.654897529082,4.79230040189299,15.7684359019726,0.36523957776899,0.511059471204232,3.50437127077207,3.7128146931529,0.0040506574218958,0.0003478392881628,0.0001756955087591,13.3369605184856,43.0226981248412,15.0
12.70833333,29.8303714510434,1.21163908114263,1137.00550665554,52.3584908865569,2423.16382861998,123.311920881496,406.774448667227,3.21651346417468,14.4079406999916,1.20946989932733,0.54388925970915,3.84966285831313,3.88044513268047,0.0140414290483444,0.001144133154358,0.0006096920024183,13.4074865616868,43.0535235480258,15.0,3139.25078944412,78595.0,240,29.8260974378503,1.06420304694847,1136.36867201076,45.8136889023485,2421.58482986694,123.326533466999,407.109310181672,4.79788174253386,15.6979280382632,0.366374231955741,0.507950357499632,3.48035167384181,3.72258074254945,0.0040594562319592,0.0003492874623061,0.0001762568555495,13.3366098228045,43.0588896531234,15.0
12.71875,29.8322013547909,1.19814530974872,1136.61975522438,51.7161126791076,2422.71947161783,123.323339342073,406.911123332375,3.24195157651731,14.4169263960756,1.19713527065506,0.539850837138558,3.81243831979061,3.88015411267396,0.0138549062318643,0.0011302733600122,0.000601207299791,13.4039917823767,43.0577915801489,15.0,3138.26069533194,77090.0,240,29.8284810227529,1.05356692281797,1136.57334011818,45.3314396468275,2422.32416144599,123.395673067015,407.45153984348,4.82533435223118,15.6638142246683,0.360638684385959,0.504452446723992,3.4520285334696,3.7277583447502,0.0039928091090357,0.0003441593287472,0.0001732863348078,13.3356326241506,43.0833602453133,15.0
12.72916666,29.834675883938,1.18390435296064,1136.11290659726,51.0360858243053,2421.93846121973,123.322962282783,407.012129221674,3.28366015762484,14.4454405340353,1.16973911445583,0.535326646150715,3.77333254005755,3.87775805675331,0.0134844809209549,0.0011043309258648,0.0005865718991129,13.4011046233378,43.0579168973552,15.0,3136.86034653233,76330.0,240,29.830747914855,1.04218641058898,1136.46777301775,44.8040037368489,2422.3600147566,123.433341653684,407.690816987352,4.86559786141413,15.6542729941998,0.351556229908594,0.500687391342529,3.42119483095898,3.73008601995102,0.0038894123265463,0.0003361085006144,0.0001688161619523,13.3348023151775,43.0968056575423,15.0
12.73958333,29.8375778202407,1.17105747803276,1135.69805508298,50.4217694226472,2421.25560409545,123.330809715287,407.152973452585,3.32524258604588,14.4605683247395,1.14253642512979,0.531144699121876,3.73796241164586,3.87750380233503,0.0131265356425221,0.0010813442082625,0.0005741032985612,13.3996059774142,43.0609176334854,15.0,3135.69009705182,77295.0,240,29.8332352779522,1.03163726963932,1136.19965738977,44.3080578009019,2421.98771173476,123.453660747185,407.875559637231,4.90177956360627,15.6484016913937,0.344351062882454,0.497132015346882,3.39217554482696,3.73224138643109,0.0038067834956266,0.0003301014343359,0.0001655110591525,13.3344416198177,43.1041684246244,15.0
12.75,29.8403720927723,1.16024367293918,1135.38804816396,49.905263428814,2420.70493967167,123.347981464047,407.336426109963,3.35950393051776,14.4591845456721,1.11974005483783,0.527711632500249,3.70795747027449,3.87982632829875,0.0128291649258263,0.0010621552983785,0.0005637669118855,13.3978099185889,43.0671911153184,15.0,3134.81238746533,77640.0,240,29.8359185031983,1.02258533803885,1135.89212227627,43.8788149480186,2421.46153169571,123.469224160442,408.049283119087,4.92906197907353,15.6360033204246,0.339098325173883,0.494059507478505,3.3669244398182,3.73553316623101,0.0037462489677343,0.0003259156518508,0.0001632038550674,13.3342009459819,43.1098601455524,15.0
12.76041666,29.842819251277,1.15102451334907,1135.06819768345,49.4633297309058,2420.06167946013,123.363101201365,407.518363696043,3.3926184790723,14.4588739009274,1.09829523651666,0.524945378495807,3.68188807015649,3.88240688975384,0.0125518033035362,0.0010434603711067,0.000553540511603,13.3954355919648,43.0727587638176,15.0,3133.91057290178,77655.0,240,29.8385684958071,1.01456000342637,1135.58576444586,43.4973109524101,2420.86822512373,123.484270718221,408.228354084189,4.95675572763848,15.6207095159098,0.333313286093692,0.491371168676717,3.34430423833469,3.73957995519197,0.0036804540391321,0.0003210266901981,0.0001605219760703,13.3337445323224,43.1153761076776,15.0
12.77083333,29.8450674326465,1.14376673351313,1134.63716783638,49.1070976946407,2419.13573895438,123.365149453403,407.656710931813,3.41754738108376,14.4654699474429,1.08592062021249,0.522832619360332,3.66030625935963,3.88421378809105,0.0123869407364656,0.0010327522488327,0.0005474954433257,13.3937950980617,43.0737500729514,15.0,3132.73171120768,77620.0,240,29.8410680027411,1.00761706692576,1135.2471138108,43.1643526793612,2420.14646413944,123.495107741945,408.398521723773,4.98187622788024,15.6075403377658,0.328678349893544,0.489053134247332,3.32428127977643,3.74368893097866,0.0036273830703312,0.0003170985547592,0.0001583380717417,13.3333335779017,43.1194263287227,15.0
12.78125,29.8471520079741,1.1480135000149,1134.05156868377,49.2287143389779,2417.8225190911,123.337149933325,407.705542164449,3.32936811076137,14.3746879110421,1.18305746674567,0.523255277708676,3.66492057352316,3.89883170298329,0.0135899386159994,0.001137137455739,0.0006058083064858,13.4024626751912,43.0642275268117,15.0,3131.40729130383,90310.0,240,29.8435914956586,1.00876774604696,1134.80238195324,43.1858041288999,2419.17461655351,123.491949410477,408.503243640182,4.90563016547431,15.5514231520713,0.360554833539133,0.488910202515925,3.32409457358797,3.75303885745379,0.0039708185632051,0.0003494118419134,0.0001755614099213,13.3357876063664,43.1185499701592,15.0
12.79166666,29.8473854056128,1.15930059687426,1133.12420901359,49.6637476072394,2415.75983217758,123.267669527503,407.590263998511,3.17176948702535,14.2813886930838,1.33281892822975,0.52646565350096,3.68672685612482,3.91406148445589,0.0154792696083599,0.0012754680356914,0.0006805527157912,13.4016837435255,43.0401479561494,15.0,3129.33440271043,88540.0,240,29.8455250999977,1.01680089120898,1134.18848821002,43.5071894112769,2417.84624321105,123.471497403882,408.51730472455,4.74874495762585,15.4908995528572,0.412290026991296,0.490953375523439,3.3406038739904,3.76245357973798,0.0045363771138449,0.0003984945682374,0.0002014745021772,13.3371913985472,43.1115516047706,15.0
12.80208333,29.847449468033,1.16566552478581,1131.40153322162,49.8588601249093,2411.97982485533,123.119153782018,407.168939694154,3.08580731668076,14.3115547050876,1.42641504791184,0.528511152851391,3.69585735194399,3.91389400413908,0.016678362859708,0.0013571040839857,0.0007231952114701,13.3949516159477,42.9883910051352,15.0,3124.88752701237,87200.0,240,29.8464111724184,1.0226869556124,1133.22168998182,43.7241586247172,2415.75720677414,123.415989200769,408.394914461715,4.65122915655272,15.5044110368275,0.444622243878886,0.492658525677316,3.35129923914491,3.7626790567893,0.0048925789839065,0.0004271782195213,0.0002163206991487,13.3356667614564,43.0922652628501,15.0
12.8125,29.8492491380719,1.16977306981875,1129.17402756805,49.9267062288745,2407.08693633927,122.916774671154,406.552696094351,3.03223163337157,14.3773481057119,1.49370385132997,0.529692680835754,3.69854302964647,3.90952439417414,0.0175528771466189,0.001419419387371,0.000756275205964,13.3927984407184,42.9177902441956,15.0,3118.93119835942,88505.0,240,29.8473547277402,1.02727560666411,1131.69825412164,43.862500449314,2412.45287412327,123.300059388129,408.053886946583,4.58154820683015,15.5674519188253,0.470970896183883,0.494001841759277,3.35782401000874,3.75711302677311,0.0051827432887811,0.0004507692210732,0.0002285924741749,13.3349400759376,43.0518427842913,15.0
12.82291666,29.8522420324247,1.16513897141769,1127.55839960877,49.6608423354349,2403.55969987573,122.793858099592,406.18222897915,3.05898329721944,14.5168955607091,1.45689665835742,0.529209302360152,3.68355838980705,3.89482072786182,0.0170286028552638,0.0013679041656551,0.0007256785946083,13.3868750055923,42.8749333241222,15.0,3114.4724716671,78280.0,240,29.8490018147144,1.02549290080674,1130.02900934299,43.7167689331304,2408.81382611743,123.170691540464,407.670519683923,4.6022315486132,15.6890319171769,0.456817798364095,0.493756147361694,3.34871647526728,3.74450307196029,0.0050293066870242,0.0004356765660524,0.0002201272074851,13.3330790831746,43.0067280894814,15.0
12.83333333,29.8567527321404,1.15787249063651,1126.85352536338,49.3027806259901,2402.03434749185,122.773360436518,406.165158642527,3.11681669495044,14.6311062600169,1.40586332990735,0.527127986143402,3.66402073767067,3.88231850096682,0.0163611875944981,0.0013239128223258,0.0007018037158072,13.3902612312693,42.8678496369731,15.0,3112.49776664793,83380.0,240,29.8516379741971,1.02015137843158,1128.65515356256,43.4265421656706,2405.80041197563,123.072047355051,407.405056319609,4.67154738660092,15.8075945883319,0.436193902216031,0.492359610260764,3.33186666973928,3.73249142167633,0.0047998131295008,0.0004170337563831,0.0002101617700836,13.3328790539377,42.9723768064674,15.0
12.84375,29.861184524533,1.16377513508739,1126.9376191032,49.5338757088613,2402.20438368228,122.822061027767,406.413291342445,3.04613809661639,14.5552370920653,1.50085935609329,0.528299549968628,3.67685880021301,3.89358050537992,0.017626151427339,0.0014306506948749,0.0007620555404245,13.4026746511232,42.8849402810466,15.0,3113.0971283592,93230.0,240,29.8555201642007,1.02334151502388,1127.75578423735,43.5239086968519,2403.82962711373,123.020394126612,407.283759752085,4.60084576579084,15.8299871896594,0.472467551575041,0.493098650969373,3.33712465688618,3.73193928440678,0.0051939226730364,0.0004528437674469,0.00022939520632,13.3364710980109,42.9543990724368,15.0
12.85416666,29.8626508572939,1.17352672571137,1127.05357929001,49.9646444718287,2402.48962497778,122.874293187209,406.652382997705,2.94878495339421,14.4813079432154,1.61276594695195,0.531898281125828,3.70031471463177,3.90393597170496,0.0191186783463331,0.0015328632072189,0.0008169024226463,13.4028321940954,42.9032204099578,15.0,3113.95330900087,88630.0,240,29.8589210109314,1.03026019728199,1127.39860683803,43.8081303348724,2403.07753674666,123.030585378975,407.352275450497,4.48667239136193,15.8249303820906,0.515008474902954,0.495196239316254,3.3528671017966,3.73361651839181,0.0056646009603587,0.0004910096804647,0.0002494880380747,13.3376693496889,42.9579646578948,15.0
12.86458333,29.8636374159137,1.18070643393081,1126.29469244842,50.2486964664378,2400.92645369388,122.835547998752,406.554801767383,2.89307677988996,14.4952933612079,1.6934411825098,0.534559661874619,3.71562685151956,3.90279153215527,0.0202138156413159,0.0016065492310846,0.0008554023270915,13.4025369151454,42.8896557083972,15.0,3112.31238606245,89445.0,240,29.861023807616,1.03542871976154,1127.05104420722,44.0215363184087,2402.39039475284,123.044911941512,407.42447317274,4.42296461541074,15.8550585851874,0.541115250134064,0.496932807576748,3.36457033125054,3.73026049534732,0.0059547077081256,0.0005134375165748,0.0002610989634837,13.3372487064118,42.9629497151369,15.0
12.875,29.8657380324122,1.18677331298905,1125.11090518586,50.4715884386968,2398.49266430659,122.752420110756,406.287400563606,2.84112403462832,14.5455564328632,1.77738627993357,0.536642097552857,3.72759952114801,3.89629563012607,0.0213477662657796,0.0016811816053529,0.0008941480550924,13.4041429749982,42.860491702153,15.0,3109.48160273074,86555.0,240,29.8628570909674,1.03980149614421,1126.34330194135,44.1866967010451,2400.96353504064,123.021203328071,407.354063806072,4.36872517174412,15.9197328088212,0.56496970361708,0.498372752995152,3.37350947084635,3.72206654852398,0.0062197374837518,0.000533732174662,0.0002715485892346,13.3373535379201,42.9545975164161,15.0
12.88541666,29.8689191678262,1.18476321845544,1124.37893095453,50.3673228363275,2397.12841520887,122.734055264173,406.207475507562,2.83801940216703,14.6839988579895,1.78865831010661,0.536310113465757,3.72201028155179,3.87685681268199,0.0214441683805023,0.0016765419028198,0.0008887276488426,13.4020986045741,42.8538279086741,15.0,3107.7525207601,78865.0,240,29.8650108895647,1.03841560259445,1125.54038912722,44.0961653719213,2399.36569138475,122.992614085545,407.261274351287,4.38264802973256,16.0496964037473,0.555975401088116,0.498143054127074,3.36814251072058,3.70498824281624,0.0061208665430948,0.0005236968889944,0.0002657360509124,13.3361384236989,42.944481145934,15.0
12.89583333,29.8733448997908,1.1935919255933,1124.2983432788,50.7059804782004,2397.19869527182,122.771083929849,406.347382315109,2.74395308943731,14.6349897307911,1.9726028598511,0.537942826121376,3.74128537595775,3.88069508879663,0.0241425447144174,0.0018865305287193,0.0010046989007815,13.4222297033345,42.8664027903658,15.0,3108.14091604811,99150.0,240,29.8682439164836,1.04445347405494,1124.90747537372,44.3301769378155,2398.20013122801,122.978661226625,407.195993684276,4.27731671510499,16.1062307653361,0.625733578657009,0.499663076908,3.38136567817265,3.69607626348917,0.006887680509654,0.0005900939646979,0.0003012304316621,13.3407888833229,42.939357650452,15.0
12.90625,29.8745362308157,1.21045284085327,1124.46121603596,51.4580676123119,2397.84119111447,122.826216727992,406.544952350501,2.58248345344744,14.489056354991,2.25865824599047,0.543940262958597,3.78325483926843,3.89658793730675,0.0284545957514014,0.0021814777267347,0.0011645696895452,13.4279741353232,42.8851887479023,15.0,3109.51262444185,93155.0,240,29.8714698175603,1.05876598628861,1124.65434785772,44.9340458299896,2397.94985985485,123.009301862715,407.238841921295,4.03433841182764,16.1065907767076,0.750401004767383,0.503813514683319,3.41559087719695,3.69235443886222,0.0082906655244904,0.000700101267632,0.000359546448893,13.3447311679404,42.9496165556482,15.0
12.91666666,29.8747806802459,1.21878612400588,1123.52182019295,51.8060116166108,2396.11810382026,122.774672055334,406.333997791479,2.52033075764078,14.5150746151431,2.38618160301617,0.546880876264143,3.80313304015417,3.89075626380486,0.0304240829336275,0.0023033758959568,0.0012277715485828,13.4227376291486,42.8666709123181,15.0,3107.56595729172,90255.0,240,29.8730376349961,1.06680413884411,1124.34946617064,45.2706040503825,2397.62824237662,123.043175433575,407.278336459428,3.91494626329767,16.1868492168939,0.810946053517212,0.506364220120499,3.43493011252109,3.67810339225264,0.0089868397250732,0.0007496656899311,0.0003851746963297,13.343139612601,42.9609440864285,15.0
12.92708333,29.8771154464105,1.22399802272825,1121.80000887769,51.9810076121707,2392.7041907115,122.640334565964,405.829169511393,2.50108323863637,14.5970375128975,2.43424182230803,0.548062704378395,3.81313291551012,3.87786580307968,0.0311509664978998,0.0023445153865391,0.0012480382342041,13.4221446230879,42.8192630879813,15.0,3103.33048077502,88325.0,240,29.8744806166117,1.07127395534109,1123.44793760641,45.4346904377785,2396.02211603023,123.011491174769,407.095944722815,3.86916034532023,16.3065810762551,0.834110186189417,0.507730052973723,3.44451195534185,3.65926770564422,0.0092565678627308,0.0007675346341298,0.0003941863560567,13.3423066211023,42.9493703830153,15.0
12.9375,29.8808293631638,1.21808350159784,1120.8742445509,51.7178650284883,2391.06971019765,122.614393301016,405.653928898231,2.55074107613542,14.8130382851514,2.31755482175122,0.546036127679909,3.79897787366832,3.84636576956828,0.0291561052323522,0.0021917603959332,0.0011619746875562,13.4127809274895,42.8097466806032,15.0,3101.05491649267,74400.0,240,29.8766214985957,1.06644396888741,1122.39111981961,45.193343058892,2394.06520059918,122.967802759793,406.885255339185,3.95216099614848,16.5056463766705,0.768698607429535,0.506490381603059,3.43107597738916,3.6306846018431,0.0085176631734551,0.0007059389731177,0.0003607909743314,13.3389991516906,42.9336547086172,15.0
12.94791666,29.8862811515209,1.22346364414319,1121.11928102151,51.9432183444018,2391.93009923823,122.696797351937,405.894769544107,2.54125532755927,14.8186138481325,2.35137591738874,0.545652697420808,3.81192433533605,3.84134586040131,0.0299165375396903,0.0022656924640729,0.0012059109605326,13.4332724311558,42.8380650001295,15.0,3102.31667287524,98085.0,240,29.8801883224809,1.06837850797478,1121.66501796683,45.2623498658482,2392.83368524258,122.946811901296,406.766324434253,3.96284195242995,16.5847443692473,0.786825079379345,0.506742972585662,3.4351066461981,3.61732079654861,0.0087135424463373,0.0007286280640102,0.0003737852870736,13.3430180707649,42.9258824994338,15.0
12.95833333,29.888259524556,1.2399273196417,1122.12095313362,52.7513139463409,2394.41030879713,122.845667785777,406.38203106413,2.45207669601403,14.6625026671966,2.51635906123005,0.550643661783937,3.85657928489609,3.85718752910239,0.0326987564352378,0.0024562162329897,0.0013119875937484,13.437782017083,42.8896136495548,15.0,3106.04991628241,90805.0,240,29.88417097342,1.08152267431864,1121.680158332,45.8425981374687,2393.24657616121,123.000773954562,406.882762692015,3.80947871502931,16.5427989051938,0.87523122526659,0.510288823766953,3.46785251132468,3.61805186783122,0.0097330365731958,0.0008062540816239,0.0004155430323151,13.3471642383488,42.9442294992406,15.0
12.96875,29.8882267191991,1.25064580339055,1121.9822275131,53.247186541464,2394.38717885546,122.878527352342,406.443292843497,2.42303697079367,14.6511381638045,2.55900024973712,0.553735447063356,3.88409273474638,3.85576426378744,0.0335199260877042,0.0025075654460024,0.0013401093377348,13.4315417314753,42.9006639568556,15.0,3106.37930779704,93230.0,240,29.8862343601568,1.09109971116307,1121.94363556282,46.2867120928912,2394.19969108123,123.087032721638,407.102478847299,3.74076576178873,16.5447120005006,0.910134888474841,0.513130415436809,3.49298214570456,3.61327230651158,0.0101503947211365,0.0008355983667021,0.0004312696906093,13.3456917818069,42.9738925216734,15.0
12.97916666,29.8891671376594,1.25833451666663,1120.56941229669,53.5599553802,2391.55203129868,122.771242750367,406.021760794215,2.42729547011052,14.7113341228703,2.52474326763184,0.555747017838158,3.90110331029603,3.84659081596685,0.0329581791067101,0.0024627469013385,0.0013156105602574,13.4246291779936,42.8628713960326,15.0,3103.00295543714,88415.0,240,29.8874555014037,1.09815031912611,1121.57914404235,46.6006401930876,2393.76010036158,123.10273866441,407.086181231232,3.72464408091306,16.5842640811203,0.905773780817354,0.515266250979308,3.51067383626244,3.60479441166043,0.0101138981162005,0.000828814474403,0.0004275887064859,13.3438714382903,42.9789752560899,15.0
12.98958333,29.8917380516345,1.25656919917134,1119.57765146693,53.4699761813412,2389.63368582648,122.722865435641,405.77720469123,2.49195246410619,14.8845596445755,2.34992093486136,0.555015976510923,3.89627453714686,3.82287652230469,0.0300589963006981,0.0022562544756568,0.0012025313890378,13.4151094608273,42.8457709793508,15.0,3100.52036593573,81485.0,240,29.888898013639,1.0970737058821,1120.78689803544,46.5484126807521,2392.34721322217,123.072717381297,406.931040083935,3.82346510148249,16.6979915891588,0.824732416642356,0.515257628410521,3.50767844597457,3.58815861634013,0.0091893014758564,0.0007548026921877,0.0003880437229892,13.3404606908022,42.9682011485291,15.0
13.0,29.8958792291915,1.24700089352813,1119.59609537188,53.0729546124472,2389.94362770932,122.795599808478,405.944171930523,2.60706644781607,15.0986846027999,2.08997509263997,0.552018948047254,3.87473175037285,3.79309493014819,0.0260231603254149,0.0019745432759901,0.0010497337007645,13.4092076371644,42.8710798756571,15.0,3100.66764698124,76940.0,240,29.891207690189,1.08882403798505,1120.19611113231,46.194597645282,2391.32979367295,123.062711937867,406.87531368748,4.01723646094208,16.835932714679,0.702232803448245,0.51325117146218,3.48776306473557,3.56947651470577,0.0077958403696037,0.0006471108926738,0.0003311128865138,13.3376533304966,42.9645566613185,15.0
13.01041666,29.9006836256083,1.23637117181911,1120.45910799967,52.6646344855252,2392.11323197181,122.959221711595,406.454688178455,2.73270940692564,15.2378538739434,1.85384220291697,0.548550457385399,3.85231328545949,3.77228900392067,0.0226007560023125,0.0017415796123261,0.0009254616955113,13.4097649223191,42.9282320581514,15.0,3103.1843373039,77670.0,240,29.894525304547,1.07913209618109,1120.11347708239,45.7955332578649,2391.38815268581,123.101222453152,407.021540550601,4.22152338644765,16.9181993046401,0.598758966284067,0.510655878052464,3.46527333227934,3.55844537286821,0.0066289572281083,0.0005578074369874,0.0002843997590443,13.33689948967,42.97798968837,15.0
13.02083333,29.9047076323191,1.22843784613586,1121.79496759958,52.3951025407235,2395.32253081267,123.168182561667,407.161870769821,2.8321188306017,15.2662865491702,1.69128908935405,0.54593091747945,3.83710895663423,3.76558130160167,0.0203489617116808,0.0015907959410621,0.0008462628084672,13.4120313028457,43.0013002366833,15.0,3107.13296589086,78895.0,240,29.8984152765389,1.07188481145268,1120.6009214234,45.5189272205348,2392.67964149249,123.196398166077,407.386852132772,4.37103782938672,16.9154054264643,0.533395655766705,0.508541143486177,3.4495781883673,3.55815371870066,0.0058975078010728,0.0005016193885662,0.000255258026546,13.3373900890552,43.0113100251047,15.0
13.03125,29.9068708013377,1.2299457779218,1123.11748447765,52.5134550869393,2398.46946414867,123.35946877884,407.858760702933,2.83736905157014,15.1209466258844,1.68516072351141,0.545621442947821,3.8430783801015,3.78239874706532,0.0203427094876896,0.001609716143081,0.0008607583869953,13.4218452257441,43.06824655092,15.0,3111.29015980946,91405.0,240,29.9021769385413,1.07343470389264,1121.55835581168,45.63918072332,2395.01107820962,123.337333032514,407.911855168347,4.38268152948292,16.7867495214888,0.536641645665692,0.508627173929141,3.45616522698663,3.57335267322718,0.0059304288419969,0.0005082084333728,0.0002596146210112,13.3406105679897,43.0606526827664,15.0
13.04166666,29.9057592894576,1.23162800119559,1123.54895458351,52.6022777890987,2399.66697446726,123.453517088086,408.22381206011,2.79760828365237,14.9857014351057,1.73172832560876,0.546723287995103,3.84742659183089,3.8002196302468,0.0209917055943327,0.0016550789065883,0.0008859165126774,13.4162684654287,43.1012157007482,15.0,3112.94756376661,87360.0,240,29.9043290005425,1.07818907393352,1122.52061250736,45.8923908426192,2397.3808474986,123.483790170299,408.44265192149,4.31885323489309,16.6280909730783,0.55933504110407,0.509875759100711,3.47027982728005,3.59232824270442,0.0061861664917697,0.0005287019440599,0.0002707425279125,13.3411281170551,43.111908673547,15.0
13.05208333,29.9043135005391,1.22932094528089,1122.38808008563,52.4250353966333,2397.3619508899,123.376805215103,407.993543946574,2.78204398977251,14.9597811164474,1.76955145724888,0.546753928054308,3.8370566542333,3.80648184230798,0.0215094637548064,0.0016932027765854,0.0009059141259385,13.409806711402,43.0744895547935,15.0,3109.96492881647,91075.0,240,29.904590541833,1.07937633458746,1122.78079113998,45.955322504661,2398.21608571995,123.560293459766,408.728851245655,4.28634624518327,16.5298702720737,0.574614700715425,0.510339676858341,3.473749805876,3.60501733918664,0.0063564680701543,0.0005423154039058,0.0002779006422189,13.3395582833736,43.13871798682,15.0
13.0625,29.9041017909989,1.22912346934901,1120.01192443956,52.2872942280118,2392.37538443273,123.162064616523,407.289063145207,2.74282395342978,14.9650159596643,1.85746409420255,0.547475752234518,3.828346624614,3.80997511355992,0.0227099928367723,0.0017770496170002,0.0009499485307909,13.4070348243323,42.9994732174762,15.0,3103.59390305963,90650.0,240,29.9043385918586,1.08038866798856,1121.92538645509,45.9576085227527,2396.5904073118,123.516922757842,408.594849880091,4.23079889235174,16.4850638739583,0.604519556390429,0.510767167662779,3.47351134417288,3.61243345386573,0.0066879113347739,0.000568791327996,0.0002916843757924,13.3389941916199,43.1236002985961,15.0
13.07291666,29.9053837115552,1.21279269834332,1118.17958462039,51.5099935486416,2388.67221542931,123.037471802132,406.823061338425,2.81104900756621,15.2178260079932,1.76522436978976,0.544289775362962,3.78487664741116,3.77920955254296,0.0212144489249763,0.0016444223059506,0.0008713814716221,13.3913849327464,42.9557938776793,15.0,3098.38359046243,67740.0,240,29.9044597751743,1.06778333618231,1120.5471248922,45.3427610887246,2393.8000750011,123.429193334007,408.312832717588,4.33934122022878,16.6201380161733,0.545199718585748,0.507631552224687,3.43836192916747,3.5974500424073,0.0060262659739453,0.0005111271986828,0.0002598779736983,13.3340491321508,43.0929384577825,15.0
13.08333333,29.9095531727058,1.18527494502738,1117.46077466521,50.2614945381714,2387.44581306065,123.05476830732,406.823980700634,2.97509788597366,15.5754659975502,1.57389158974927,0.536384661433578,3.71607463137117,3.73203868543257,0.0185401194171949,0.0014545471160813,0.0007663252096638,13.3883305438762,42.96153110602,15.0,3096.0062717835,68305.0,240,29.9056673064529,1.04435145907471,1119.37498153553,44.2639517319809,2391.41309404023,123.367843923867,408.152431166792,4.59128506609902,16.8421623220515,0.453557944487623,0.501037181920604,3.3771190837559,3.57152005963594,0.0050022109446007,0.0004289642551633,0.0002160106611095,13.330886626371,43.0714878116347,15.0
13.09375,29.915534469212,1.16322398430071,1117.82837641349,49.2872909536402,2388.55840921021,123.184669569523,407.249376131503,3.06332675190193,15.7762041552985,1.50016024191291,0.529355491997446,3.66263702610861,3.70281807009787,0.0175134459058884,0.0013907435678466,0.0007320273241495,13.3961469176283,43.0064887840992,15.0,3096.83595829686,68380.0,240,29.9086141322667,1.02446203043201,1118.62849748721,43.3460194167767,2389.91272564516,123.351737262947,408.149700095489,4.73658170887002,17.0174864778134,0.415841240928839,0.494890288938767,3.3250364853851,3.55044886005585,0.0045769899950133,0.0003965113034793,0.0001987187690048,13.3318194637063,43.0657294697921,15.0
13.10416666,29.9206517624318,1.14314341371869,1119.06015367081,48.4315398864191,2391.55074230805,123.414025806889,408.031868178517,3.11273258743757,15.9004826392278,1.46147969057587,0.523089519037731,3.61566148576266,3.6814978706966,0.0169669263774605,0.0013568217154859,0.0007134015796933,13.3994365643083,43.0860888805761,15.0,3100.18081404844,66695.0,240,29.9126461794042,1.00673518326753,1118.55423642008,42.5436810116566,2389.85778795739,123.415342223682,408.413380234593,4.81946449084398,17.1615245000466,0.396610502315367,0.489217935648084,3.2795995704891,3.53135861487022,0.0043589162604686,0.0003802658046285,0.0001898973802162,13.3324996147409,43.0876756316241,15.0
13.11458333,29.924051319251,1.12279588723164,1120.58785569704,47.5746769163075,2395.14679212574,123.682014339387,408.959040518562,3.16798715211976,16.0074745313491,1.40935985519977,0.516788098502579,3.56843076232719,3.66188866404317,0.0162659912403483,0.0013098728913022,0.0006876947688569,13.3987299828493,43.1791401845021,15.0,3104.34713983616,65375.0,240,29.9166690535671,0.989709150897922,1119.09066963217,41.7959050176574,2391.11425003415,123.553359487925,408.930849114955,4.89113889474566,17.2836673786943,0.378431053383579,0.483699455578418,3.23732547253432,3.51338705387241,0.0041549396973487,0.0003645379768374,0.0001813742167362,13.3322887858963,43.135508318038,15.0
13.125,29.9260909427952,1.09950012964397,1121.9193690849,46.588014278619,2398.22924648139,123.934574584357,409.845211687487,3.27250178987856,16.1529563302431,1.29977142824664,0.510006611886881,3.51364555698131,3.63793025520799,0.0148572912218138,0.0012062967792832,0.0006311068521702,13.392724130357,43.2668220178007,15.0,3107.83742860092,60210.0,240,29.9199858342571,0.971120664749805,1119.95898082878,40.9951769172948,2393.04023382475,123.732819732418,409.605941718245,5.00021821409067,17.402570837372,0.345186585449245,0.477761081608622,3.19199563974625,3.49526674582766,0.0037897722296664,0.0003339716124671,0.0001651242649691,13.3308620181061,43.1977854985,15.0
13.13541666,29.9276532476489,1.0750063739315,1122.89570622774,45.5374521869479,2400.40886121096,124.14635913762,410.621733588139,3.42124655729737,16.3013261034322,1.16940578917925,0.502719751091254,3.45499838576457,3.61479946472167,0.0132347523141974,0.0010913106512877,0.0005692612049563,13.3889055332478,43.3403228262187,15.0,3110.21282638322,60210.0,240,29.9225966814162,0.951699910884017,1120.90239541849,40.162668566707,2395.04638571412,123.920795117959,410.336782782572,5.13665991356825,17.5069703568182,0.309324199110803,0.471523348517962,3.14472420679759,3.47927485322974,0.0033966240075261,0.0003004675246547,0.0001474523059163,13.3296219191859,43.2630572008958,15.0
13.14583333,29.9290642826004,1.05102395943779,1123.54170830846,44.4993425626426,2401.7223977397,124.316589461947,411.291347877067,3.58626589583914,16.4272793857406,1.03673632473942,0.495717381223647,3.39672562837059,3.59578576027989,0.0116254572964573,0.0009739476315847,0.0005063710766666,13.3848424428383,43.3993854710384,15.0,3111.57807856564,56985.0,240,29.9247364847044,0.932657248884601,1121.77114662563,39.3431514645073,2396.78667492092,124.09881578888,411.060504907884,5.27166156355985,17.5898487609814,0.275560244203187,0.465343993881029,3.09801626295001,3.46659291596387,0.003028119852357,0.0002684403054745,0.0001306478866299,13.3286547328342,43.3248826822402,15.0
13.15625,29.9303996734462,1.0270864650589,1123.91561042452,43.4571276702775,2402.30211199304,124.450502214909,411.875119339496,3.78546749890762,16.5298670436439,0.898854278414239,0.488810127055659,3.3379149325855,3.5810721462756,0.0099968363730586,0.0008543970784896,0.0004427319601996,13.381025320854,43.4458602541263,15.0,3112.08474892227,56100.0,240,29.9265374144482,0.913730458644124,1122.48172627608,38.5230295022142,2398.06066851341,124.255512350222,411.744666766429,5.41529857865162,17.6517059500353,0.243095996694312,0.459192397423639,3.05102996053137,3.45751945046671,0.0026747762925567,0.0002366590713411,0.0001140359706099,13.3276575383412,43.3793232304055,15.0
13.16666666,29.9316983614909,1.00423657988066,1124.09087407367,42.4571120242424,2402.31201324453,124.553785277358,412.397158576745,3.99855311793632,16.5867253012606,0.770196341655548,0.482161366399223,3.28124144211398,3.57355158297541,0.0085099392689758,0.0007431334251953,0.0003838708921709,13.3776932540893,43.4817449423534,15.0,3111.96951610418,54490.0,240,29.9281378824842,0.895739179837561,1123.02259673813,37.7373372288822,2398.84441405844,124.388672727721,412.380204378327,5.55106742616109,17.6836935490719,0.215010189333958,0.453279018607905,3.00578860273445,3.45319075859208,0.0023697240547338,0.0002084992885446,9.93793752865802e-05,13.3268928542184,43.4256096409247,15.0
13.17708333,29.9329146059256,0.982108141006418,1124.11872460783,41.4852349525653,2401.87068939817,124.631889444574,412.876398647242,4.23029043556161,16.6010931417994,0.649771660583247,0.475751184921008,3.22592681237905,3.57283567250901,0.0071438504831027,0.0006386377106984,0.0003288648631755,13.3740685006499,43.5089493059388,15.0,3111.36891476724,53135.0,240,29.9295849769115,0.87846961358572,1123.3980174917,36.9774045113632,2399.14467830558,124.497728393911,412.967956490865,5.68337053663681,17.6854718886352,0.189978332795747,0.447565598701691,2.96179745734416,3.45377861980017,0.0020983225655074,0.000182528458538,8.59094230699015e-05,13.32610009064,43.4635587813223,15.0
13.1875,29.9340594841908,0.963694265458606,1124.02833624057,40.6639157859393,2401.04203493108,124.684956726781,413.316759759271,4.41667476688171,16.5281893851274,0.571833992325135,0.470061872820429,3.17902704244366,3.58467053458732,0.0062683222601399,0.0005754321438548,0.0002965504517355,13.3747283135781,43.5275161127861,15.0,3110.44763966732,56735.0,240,29.9309671289215,0.863921646548538,1123.63595006788,36.3310820772379,2399.04808003963,124.586619624188,413.51016185599,5.77896024463973,17.6355925880171,0.175190601600245,0.44262020491469,2.92423556083217,3.4616635674149,0.001937014260698,0.0001671031846197,7.7956555165008e-05,13.3261571108969,43.4945204004529,15.0
13.19791666,29.9348237392671,0.947643136211903,1123.8099567059,39.9416896344564,2399.82616783012,124.717339572873,413.715113539884,4.57324635185071,16.4130582951506,0.505684045801797,0.465187193586424,3.1374578704294,3.60314676814209,0.0055336865065503,0.0005186139246413,0.0002672394937805,13.3721682579183,43.5389298274657,15.0,3109.16189783302,54380.0,240,29.9322149799673,0.851383217807898,1123.73722141489,35.768188776926,2398.55762077364,124.655760769811,414.008345361592,5.85356183641826,17.5437638898231,0.163194062577095,0.438325670285942,2.8913584015066,3.47571781361845,0.0018065863179945,0.0001546583070356,7.15658396513401e-05,13.3259797186211,43.5186423414478,15.0
13.20833333,29.9352274746378,0.932585477514755,1123.41477229142,39.2566592608955,2398.13373034564,124.724357912516,414.053592372863,4.73658673496167,16.2805824275499,0.44693524297318,0.460615048813128,3.0975937009709,3.6252813754752,0.0048854692043758,0.000469393276893,0.0002422361963319,13.3692446741009,43.5415652129853,15.0,3107.34350804724,55930.0,240,29.9332108031573,0.839797355560802,1123.69473000774,35.2431416623711,2397.65749118534,124.703755111921,414.461594856215,5.92797037825012,17.4235414214499,0.152223875675617,0.43436550695288,2.86044813636406,3.49450638603972,0.0016873259150189,0.0001427182075069,6.54576370595151e-05,13.3254623968549,43.5354539673734,15.0
13.21875,29.9354186682847,0.920121484187266,1122.7766543783,38.6732493405342,2395.83284218725,124.698877228416,414.302468025512,4.85595551080102,16.1185974885626,0.408990136430029,0.456678098431241,3.06315949673999,3.65247298358659,0.0044674728225558,0.0004393871498947,0.0002274077561678,13.3675894115315,43.5329079793773,15.0,3104.86274935455,56715.0,240,29.9339718338392,0.830135869424225,1123.48020319826,34.7967433302812,2396.3088350422,124.728629265283,414.854368399257,5.98160946333754,17.2696580361742,0.145302015466457,0.430998540858673,2.83389446620445,3.51856875184975,0.0016115729048743,0.000135489466456,6.1801074149734e-05,13.3252899788575,43.5442467647976,15.0
13.22916666,29.9354077381267,0.909916953896013,1121.90720688881,38.1779949983119,2392.96907273349,124.644948426627,414.464412249089,4.93813927091974,15.9481365132528,0.385978721115741,0.453352005888337,3.03338911314985,3.68176797802575,0.004213639533791,0.0004230957119758,0.0002197020507192,13.3658689939294,43.5143461939028,15.0,3101.75848611767,58120.0,240,29.9344984244534,0.822145058052859,1123.06272319948,34.417043832326,2394.4552985011,124.727853616982,415.174107900719,6.01893607794182,17.0935193974225,0.141130116852032,0.428168927984569,2.81097790005236,3.54645890643922,0.0015654418874769,0.0001314138514129,5.97640925701153e-05,13.3251419250035,43.544129261948,15.0
13.23958333,29.9352406673222,0.901067986564375,1120.85628033776,37.7366347967108,2389.66876873253,124.570715666781,414.557455696184,5.00163630084394,15.7944263420831,0.368440314862266,0.45048272646793,3.00635384964496,3.70964362316371,0.0040203027237311,0.0004097099026217,0.0002130488845578,13.3629403778253,43.4887006872672,15.0,3098.15891693792,57610.0,240,29.9347992876391,0.815221066070289,1122.44170191746,34.0779905276273,2392.10362372327,124.702359482783,415.420443024019,6.04860763305704,16.9130119228715,0.137869037368803,0.425701867352643,2.79015719447564,3.57586666314416,0.00152929024274,0.00012823218286,5.8144334475938e-05,13.3247662445772,43.5354175860847,15.0
13.25,29.9350879769492,0.893689537751567,1119.65402578165,37.3529527801289,2386.00681539346,124.479752617738,414.591241217683,5.04643440372923,15.6578911635634,0.358729186469066,0.447961542528389,2.98239074025699,3.73581590017678,0.0039121675012522,0.0004047231654013,0.0002109567114995,13.3608388073945,43.4572109251427,15.0,3094.15649903685,59220.0,240,29.9349281171321,0.809336015491803,1121.62714441698,33.7786863630045,2389.28910919568,124.654364416635,415.595181923009,6.07091081571341,16.7372569215628,0.135978120558202,0.423567105995578,2.77140517589239,3.60547412018998,0.0015078265626644,0.0001266240698642,5.73388996347568e-05,13.3244380167678,43.5188722507959,15.0
13.26041666,29.9349987014491,0.888537601296044,1118.3450991134,37.0611471740056,2382.08620355274,124.377260672709,414.579761924797,5.05778059982977,15.5305596009399,0.358546130379692,0.446036272165306,2.96356654252671,3.7610681659173,0.0039077548223082,0.0004089989581148,0.0002137342906743,13.3594210199844,43.4216806127178,15.0,3089.90336478778,60525.0,240,29.9349690372207,0.805013415139789,1120.62735065293,33.54204299338,2386.04750379997,124.586065478661,415.698052776139,6.07876294422188,16.5666190983854,0.136156686951073,0.421927758374009,2.75612340553295,3.63498753915521,0.0015086566411653,0.0001277516162568,5.79545244217057e-05,13.3243253245052,43.4952414412825,15.0
13.27083333,29.9349576955562,0.88292079370774,1117.05211522733,36.7570394459739,2378.18196479358,124.278392025952,414.573261395716,5.09619883365365,15.44457021171,0.346661730548031,0.44425795315926,2.94393324989336,3.78102569389174,0.0037776049397999,0.0003962777594064,0.0002065285844508,13.3554306852195,43.3874006974788,15.0,3085.67263018952,57145.0,240,29.9349673510982,0.800544848343349,1119.52930868034,33.2972632636378,2382.55708499018,124.506695028734,415.765507064505,6.09743158646685,16.4253753669496,0.13385011255359,0.420302438580338,2.74018817351463,3.6612563570333,0.0014832446198961,0.000125184384657,5.65565334856971e-05,13.3236662689953,43.467754258551,15.0
13.28125,29.9352606970704,0.876645446403281,1115.82533530763,36.4279228202538,2374.39772580778,124.186412968992,414.592010313631,5.1585546474009,15.3844440238819,0.331377149680972,0.442236033483992,2.92297128026399,3.79756489548982,0.0036104576998163,0.0003820025820412,0.0001988860638981,13.3528745156955,43.3555280806548,15.0,3081.5887014742,57285.0,240,29.9350080040377,0.795577624353863,1118.39702506091,33.0307019804247,2378.95692592463,124.422783964305,415.821828640547,6.12782581321414,16.3142036878359,0.130374198720696,0.418522114104814,2.72287829800616,3.68405646064413,0.0014452469099742,0.0001208150919546,5.42458019242037e-05,13.3230221441045,43.4386940720038,15.0
13.29166666,29.9359853371968,0.872367770706765,1114.66990293906,36.1831191817082,2370.73909252441,124.100584500381,414.633826811548,5.17889027134733,15.3102071825633,0.329598120453626,0.440601797993764,2.90713223961244,3.81558581529316,0.0035890897849534,0.0003841883594793,0.000200492710336,13.3530626349045,43.3257917508431,15.0,3077.73923828096,59130.0,240,29.935234596419,0.791841310337032,1117.22619940041,32.8161662870342,2375.25955469143,124.334798677949,415.859762922656,6.14167891584029,16.2094970756446,0.129769618841862,0.417095616617438,2.70864823960268,3.7060579250652,0.0014378738981413,0.0001206349742569,5.41709901467383e-05,13.3230176088253,43.4082035685017,15.0
13.30208333,29.9367836255444,0.87009491176117,1113.62448114823,36.0273008666426,2367.2973949426,124.026547186916,414.71334551171,5.16896614162163,15.2246256921044,0.334273146874901,0.439612178769286,2.89660564932112,3.834596742303,0.0036381564709221,0.0003920887543453,0.0002050119413294,13.353132551362,43.3001527888458,15.0,3074.24191683371,60105.0,240,29.9356787556351,0.78955422152417,1116.06045169332,32.6645507834673,2371.56528699955,124.248001272634,415.895081037249,6.14092014924244,16.1062195761131,0.130857394472248,0.416158441607669,2.69820612920261,3.72765884382843,0.0014487441076486,0.0001228001710484,5.53085523536079e-05,13.3231609854078,43.3781103499579,15.0
13.3125,29.9373904238876,0.867276794748679,1112.67758869297,35.8573207194156,2364.05871526963,123.964283546059,414.830873884205,5.18808021511516,15.1585209756749,0.327698386256833,0.438747782065782,2.88527362840081,3.85077097212531,0.0035666060883945,0.0003841064866464,0.0002003526421875,13.3508702478083,43.2786191494258,15.0,3071.00055094628,57440.0,240,29.9362098837109,0.787166816871014,1114.97473272234,32.51201432888,2368.02297340748,124.169778021442,415.960988898244,6.15030775856711,16.0178581816553,0.129677261990422,0.415270248077808,2.68777982199688,3.74715962073246,0.0014357392299462,0.0001214796302238,5.45639185276575e-05,13.3228150125233,43.3510068788219,15.0
13.32291666,29.9380305457169,0.863969591222746,1111.74727932791,35.6671822150136,2360.84550945218,123.902926713906,414.955733882361,5.22530715919863,15.1023387826563,0.31909855473262,0.437689234039661,2.87282334479037,3.86549928559718,0.0034727999936749,0.0003762964124127,0.0001962244221786,13.3496692368936,43.2574146063203,15.0,3067.78203464827,58065.0,240,29.9367584438624,0.784493024933424,1113.9593302948,32.3498604327557,2364.61362223524,124.098510555793,416.054343419825,6.16837045223722,15.9420511560858,0.12768913515162,0.414306944277919,2.67683418182326,3.76491202818812,0.0014139946783537,0.0001189330793009,5.32206327473911e-05,13.3224791453666,43.3263375646724,15.0
13.33333333,29.9388086878304,0.861550582715395,1110.8108357378,35.5134172148311,2357.6083708837,123.839830250619,415.076821563723,5.24094243315961,15.0397515893665,0.316794213880542,0.436821300482281,2.86257937802348,3.88074431816653,0.0034466805834429,0.0003754426973974,0.0001958520756367,13.3495734752543,43.2356012673986,15.0,3064.56365768855,58160.0,240,29.9373732571902,0.782393344437368,1112.96747635531,32.2130431525274,2361.24869689003,124.029505783839,416.154791941992,6.17844921329589,15.8678225025603,0.12701133486725,0.413513883525482,2.66744127716063,3.78221430217659,0.0014062393445061,0.0001183770285413,5.29285876283156e-05,13.3224435729961,43.3024565311891,15.0
13.34375,29.9396097502187,0.859246120948959,1109.91695886079,35.3667192206444,2354.45688157983,123.78176643586,415.214068801393,5.25524284285966,14.9830971309075,0.314166632261403,0.436068777100754,2.85283198016513,3.89483200991303,0.0034172610652614,0.0003726301360739,0.0001941366798799,13.3490331643374,43.2155323563837,15.0,3061.46394544118,57410.0,240,29.9380512242666,0.780422792289687,1112.00784485727,32.0828809357178,2357.9437189278,123.963708745635,416.267190175945,6.18763495217426,15.7992914299195,0.126266814536789,0.412784449736173,2.65850237362462,3.79851430893755,0.0013978106294387,0.000117541829928,5.24561905745254e-05,13.3223467038197,43.2796932861414,15.0
13.35416666,29.9404093595606,0.85887143927005,1109.04259194168,35.297484272069,2351.34297143808,123.725698155402,415.354915778021,5.23127191864864,14.9132359044167,0.324933492873067,0.435701394755758,2.847662089492,3.91019686289713,0.0035317187986768,0.0003877943116198,0.0002027018896288,13.3504054638247,43.19613899332,15.0,3058.46985043393,61350.0,240,29.9387933836588,0.779727603907942,1111.05568510291,32.007320959457,2354.66305855315,123.899511340485,416.378372468343,6.18158483104185,15.7250373313786,0.128196902475422,0.412456000505277,2.65285744428106,3.8150931744436,0.0014178237285499,0.0001206014902513,5.40688332981245e-05,13.3226143390502,43.2574708945174,15.0
13.36458333,29.9409178604437,0.859608813212154,1108.16033064538,35.2777476526139,2348.21948251641,123.670944026563,415.489270588054,5.19087718237112,14.851811331,0.336372600575136,0.435853977741611,2.84526971629272,3.92405445212117,0.0036541919818972,0.0003987809408899,0.0002081814079935,13.3499980519951,43.1771653882555,15.0,3055.49620561296,59890.0,240,29.9395190423151,0.779996901453274,1110.11737068478,31.973584964063,2351.4216663234,123.838221595257,416.49153129025,6.16656484703469,15.6516314121872,0.13066816645725,0.412483159511994,2.64972314655848,3.83107251878087,0.0014438964883607,0.0001242653017105,5.59167985540261e-05,13.3227344615025,43.2362378184087,15.0
13.375,29.9412117342476,0.859351384167396,1107.21725318137,35.2165026723416,2344.97981737758,123.611687645503,415.600369465436,5.18360422634686,14.8220913985124,0.339295366093526,0.435858531937311,2.8403093080933,3.93367224623366,0.0036849697339754,0.0003996966111429,0.0002081056945403,13.3486202501622,43.1565960559266,15.0,3052.33666979862,59445.0,240,29.940099478843,0.779746604359726,1109.20259003944,31.9190672934612,2348.22849026609,123.780228014426,416.61448254939,6.16495940959246,15.5960998951175,0.131045580593071,0.412398111380016,2.64533087805765,3.84451209738029,0.0014477206889293,0.0001245338475857,5.59652492322464e-05,13.3224611289423,43.2161413852819,15.0
13.38541666,29.9415359758962,0.863422723234609,1106.05183331272,35.3164859788478,2341.28525010189,123.527161448309,415.615636596384,5.08625162355628,14.7639995922204,0.377604745541686,0.436780025542896,2.84453273193531,3.9466205849483,0.0040958841637927,0.0004455667863334,0.0002334361689602,13.3521123635301,43.1271646781145,15.0,3048.6926490872,68460.0,240,29.9406122551596,0.782218260781621,1108.17859584189,31.9762575950703,2344.84493289735,123.713161176014,416.685629569902,6.12710650073249,15.5300314289015,0.138571978276177,0.413134694094215,2.64747598453373,3.85867055554692,0.0015273271690767,0.0001350370116798,6.14685675990873e-05,13.3231786882831,43.1928284134482,15.0
13.39583333,29.9405294975779,0.882405681766816,1104.37898808878,35.9809361431394,2336.58981225542,123.385242661688,415.399302368484,4.69700886723271,14.6056589639686,0.536920649310243,0.442182817975606,2.88045412166001,3.97187957400601,0.0058232694574015,0.0006197977026534,0.0003286599223911,13.3616876796293,43.0775752598294,15.0,3044.10889258301,90250.0,240,29.9408971399896,0.794723821268629,1106.78254489205,32.4430868049463,2340.80835350223,123.614214997997,416.580825154712,5.94218478392682,15.4046352707307,0.175349721553439,0.417074822624561,2.67348518730369,3.87874891210263,0.0019176310682082,0.0001834406572392,8.68011249159057e-05,13.3262112765586,43.1582325871678,15.0
13.40625,29.9350328046097,0.910969586392491,1101.48613650671,37.0015757946877,2329.50472399673,123.116693616599,414.662022568526,4.16991566316178,14.5171136979209,0.799618341407779,0.453221740763655,2.93435025537239,3.98826880296174,0.0087272631331516,0.0008521729762235,0.0004485459744421,13.3594954497717,42.9835496135532,15.0,3036.56602657261,92530.0,240,29.9392939172816,0.81546645310994,1104.80194633954,33.2357170009241,2335.69077437758,123.463543859711,416.217295942254,5.62557207739102,15.3034804312245,0.244108725066231,0.424295254884,2.71748481954392,3.89437229861655,0.0026496926069072,0.0002604388146982,0.0001259212029602,13.3275031770878,43.1053588079227,15.0
13.41666666,29.929006798808,0.940842723868619,1096.43783383006,38.0054567701118,2318.05914451904,122.615807938416,413.034672895987,3.72027480391738,14.6089961728231,1.12792816323326,0.465149998335124,2.98551462815906,3.98185745816841,0.0124726347422338,0.0011303532505226,0.0005904202662961,13.3567003939454,42.8081542702589,15.0,3023.2208026679,95590.0,240,29.9352027626094,0.837735061125277,1101.68980860418,34.0544738759988,2328.33214931822,123.199928532828,415.384583309346,5.2942131115371,15.357995534662003,0.334567992263425,0.432403797032315,2.76140057706063,3.89006481754059,0.0036151279825824,0.0003492543956161,0.0001704232050477,13.3269164013736,43.0128282098207,15.0
13.42708333,29.9262750258704,0.977659877526934,1090.10528743874,39.2263959705021,2304.11384026127,121.964946432883,410.827911513493,3.27102001620031,14.7343080304486,1.62049076551785,0.479612237908601,3.0489121974351,3.96990533336186,0.0184165085582255,0.0015647420354553,0.0008156767680225,13.3652526825593,42.5801002070192,15.0,3006.61386136793,102800.0,240,29.9308723911092,0.864336457997125,1096.90975032876,34.990467588691,2317.64727018449,122.761297635511,413.84783220811,4.88308961287606,15.561845563119604,0.485593927459932,0.441923650386437,2.81079784871052,3.86587415662952,0.0052322068552619,0.0004904098532932,0.0002418967152938,13.3287087743161,42.8588882820936,15.0
13.4375,29.9257897371446,1.02371436443742,1085.29829111993,40.8840923569183,2293.65971783425,121.467662168955,409.096380966895,2.83464485035827,14.7673451737615,2.34781019894174,0.498198983096374,3.13942425497654,3.96645981980375,0.0281611172272914,0.0022419732361367,0.0011701651475552,13.3838859464208,42.4052823033883,15.0,2994.60857006276,109310.0,240,29.9280749277365,0.898392668682263,1091.39631597856,36.1952332223878,2305.67125333843,122.246541641878,411.937514202915,4.35168937037893,15.855368530639804,0.751738138201836,0.454102994329766,2.87557315837665,3.8278436382033,0.0081168053594378,0.0007270093446175,0.0003629948094976,13.3336825807799,42.6779808175919,15.0
13.44791666,29.9257545422196,1.07785233563507,1082.91023492768,43.0086614999736,2288.5233968672,121.216268646069,408.168588052094,2.4764625376877,14.6582990918506,3.2873171910476,0.520367022233671,3.26010848912241,3.97714551374774,0.043064817033651,0.003212807162256,0.0016800391771029,13.4099110447268,42.31581233189,15.0,2989.60722174368,116135.0,240,29.9267275925779,0.940775683026894,1086.93924658616,37.7649750091974,2296.20448636101,121.843921714426,410.319253378563,3.75807924160731,16.14457322085561,1.18341920038238,0.469174558250711,2.9630689759473,3.78679401763614,0.0129495814299693,0.0010984606470501,0.0005552933826707,13.3415122082479,42.5358284479045,15.0
13.45833333,29.9258775669525,1.1341795412017,1081.35157664151,45.3914747901296,2285.19863990752,121.036769377339,407.441381486115,2.23279627580452,14.4724214475383,4.2791166176043,0.543026491571353,3.39854277170584,3.99393133823308,0.0623008251406338,0.0043829823159738,0.0022950380501587,13.4358493912829,42.2508479826304,15.0,2987.00301763893,116895.0,240,29.9261433436861,0.988313333397076,1083.98402354046,39.6087756377664,2290.10446763252,121.590257002012,409.163060582996,3.2302980071982,16.362881593101807,1.7615965212495,0.485792719873889,3.06898266555196,3.75139124041554,0.0198672475915568,0.0015969492732701,0.0008154176080654,13.350193642585,42.4453462601278,15.0
13.46875,29.9277217563339,1.18780242394695,1080.03806585209,47.795201179486,2282.3429762748,120.87614331813,406.718641965372,2.08533992851534,14.3049761069767,5.12858520157602,0.561636162031102,3.54020802875793,4.00566411088005,0.0823318317890807,0.0055339022037977,0.0029040462187752,13.4575337681287,42.1919837021967,15.0,2984.97225921905,116290.0,240,29.926511188417,1.03590205173642,1081.93916023449,41.5237521137214,2285.9883921982,121.414906240702,408.259373749126,2.85381912521055,16.509172030523107,2.38237316651637,0.501537935606343,3.18139373802058,3.72283755974547,0.0280752803084145,0.0021588846778782,0.0011101799550581,13.3578566767109,42.3819233192081,15.0
13.47916666,29.9312742402508,1.23930152943427,1079.45938506447,50.1992113583561,2280.97015408391,120.794500688293,406.216750710119,1.99107365801873,14.1701677482453,5.74804125483551,0.576235422943114,3.68253317420383,4.01186759967921,0.100125620130009,0.006515117932669,0.003432838124504,13.4732159066017,42.1604725648228,15.0,2984.85035585247,116360.0,240,29.9284049081816,1.08237258335379,1080.55240511296,43.4614497339832,2283.24679760804,121.290582413336,407.526886176976,2.60337546068711,16.58727085721281,2.95775401834282,0.515908728086474,3.29653740833937,3.70165586117356,0.0366668657860193,0.0027261493821408,0.0014100624670526,13.3642479832852,42.3360747015381,15.0
13.48958333,29.9351024753384,1.28863134884497,1079.95178398762,52.5702174919052,2281.76916789899,120.831647010187,406.086843820162,1.92865936215265,14.0814102035469,6.07367606814964,0.588103200671907,3.82300798177312,4.01242139083902,0.112460897794723,0.007180472899824,0.003804218191179,13.4802154999492,42.1705468613059,15.0,2987.53515530263,115775.0,240,29.9314398197589,1.12721006860119,1080.02508629378,45.4015023672567,2282.26453527915,121.244716631443,407.063467484542,2.44284156495178,16.61801559307771,3.39627413041228,0.529058869398528,3.41241324797385,3.68617691440457,0.044154187731074,0.0032055230386432,0.0016668920893643,13.3683853950739,42.3175038354398,15.0
13.5,29.9386059512369,1.33363921669304,1081.01070523499,54.7584695376472,2283.68863044352,120.934069917573,406.15815696363,1.89123160490715,14.0645924971116,6.11010452993943,0.597928453579059,3.9527890372,4.00515201717019,0.117080644285908,0.0074272809085113,0.0039556532705047,13.4792938076242,42.2037918815746,15.0,2991.5653679842,113505.0,240,29.9348028649964,1.16838094278932,1080.32852981345,47.2373304365928,2282.95769978557,121.281958971967,406.885394640535,2.35174271994316,16.649804982624314,3.6161656852998,0.540747522488173,3.52245159682474,3.67123577895518,0.0485619297945981,0.0034767215052456,0.0018160680314113,13.3694983197384,42.3280445964941,15.0
13.51041666,29.9423532223295,1.36505871758851,1082.13158036806,56.3342468829444,2285.83409818106,121.063722166263,406.29491018874,1.88582191783611,14.1986288546,5.87678140315166,0.603141804467568,4.04711181492165,3.97960711280086,0.112149369940258,0.007165297833266,0.0038284218826221,13.4681979453777,42.2470535423052,15.0,2995.42920849703,102305.0,240,29.9381154726164,1.19841134881059,1081.07692248782,48.6024132522376,2284.56667970451,121.379550544843,406.902331201682,2.3311624393427,16.796963600708317,3.54427391323848,0.548828154034389,3.60528928670546,3.64248171300113,0.0476874783958041,0.0034022988064883,0.0017804870489471,13.3656606298101,42.3599554493679,15.0
13.52083333,29.9477234550272,1.38484129533487,1083.38490329025,57.2925917168417,2288.50304180414,121.232342818575,406.559685314835,1.90101795583092,14.4229457118396,5.47532752709614,0.603952661046335,4.10458586625563,3.94262725333203,0.101110923411698,0.0065595082301217,0.0035094507015691,13.461227460889,42.3044047624331,15.0,2999.4577272803,98870.0,240,29.9420057822719,1.21642531330099,1082.01977948714,49.4399533965877,2286.65099439977,121.513706024621,407.043376366301,2.36967415904775,17.045376626244018,3.25674541040363,0.553186489191104,3.65712287324784,3.60150558958513,0.0429565624440962,0.003082002309897,0.0016129002233856,13.3613268990608,42.4049578109178,15.0
13.53125,29.9530552380349,1.3995629906141,1085.0182840645,58.0040847683222,2292.22858756723,121.455883986895,407.037166383151,1.92418705958062,14.6101329528075,5.02930567381902,0.604179207518539,4.14551957752232,3.9102314880395,0.0892533592070211,0.0058950117153064,0.0031577545201749,13.4584554843195,42.381315839066,15.0,3004.59399195688,96950.0,240,29.9467204198056,1.22891366608403,1083.22427175026,50.0550197166253,2289.40758083196,121.679746254311,407.322127030052,2.43989429408772,17.26704188860202,2.9003347877683,0.556139754907966,3.69469781339182,3.5646018845473,0.0372834689219595,0.0027015365122044,0.0014135222291654,13.3589337970336,42.4614035978698,15.0
13.54166666,29.956672668654,1.40974097918575,1086.84079197558,58.5092012188141,2296.53769253821,121.70994006479,407.64275576927,1.95778443311004,14.7605718289912,4.56330734266117,0.604165519303731,4.17333175701136,3.88288940302436,0.0774052321829246,0.0052142253372281,0.0027964141849081,13.4546816600235,42.4692541038352,15.0,3010.28222675287,95830.0,240,29.9512305598733,1.23731208792615,1084.71541685258,50.520212717363,2292.92117451752,121.879912617229,407.754841161689,2.53788256211206,17.42741313640122,2.52437607635302,0.558214569811525,3.72220882490199,3.53614572706422,0.0315900453157434,0.0023169956170021,0.0012118563672929,13.3567352224532,42.5300921474973,15.0
13.55208333,29.9586170906154,1.41561654865628,1088.46892320136,58.8081438842215,2300.51773546155,121.946762919888,408.210427619841,2.00483695166091,14.8908390515331,4.09577716853788,0.603990796573656,4.18908483803763,3.85918754213723,0.0661044272474034,0.0045444696228698,0.0024394196800479,13.4496602119652,42.5515241801979,15.0,3015.3776379503,94865.0,240,29.9547196219705,1.24194751345045,1086.32690665414,50.8441667900842,2296.80900708311,122.094517092247,408.275358449523,2.66560121085443,17.525530336750425,2.15357414429002,0.559533526269896,3.74073410571824,3.51659272836801,0.0262622313995415,0.0019526137616027,0.0010204935491264,13.3543231333883,42.6041551685905,15.0
13.5625,29.9597322808396,1.41411470634089,1089.65823222115,58.7669720003241,2303.63286617472,122.141223315704,408.645755474296,2.07595942589438,15.0494846851422,3.61548774193314,0.602764907869561,4.18585244819636,3.83295930738298,0.0550378401103119,0.0038635390021019,0.0020735342587925,13.4410586540613,42.6193117936968,15.0,3019.09827073492,90015.0,240,29.9570498963135,1.24020466457561,1087.78863239323,50.8985124804013,2300.46047399568,122.296443280238,408.785417338551,2.84053274371142,17.60798018692522,1.77988708130707,0.559452767794169,3.74356174373094,3.50026706226413,0.0211547821309591,0.001596483069914,0.0008325132273054,13.3507109776223,42.6741159856407,15.0
13.57291666,29.9610338449126,1.41281143657443,1090.50358676714,58.7134753476209,2306.02860575836,122.288992665918,408.96019950659,2.14984501770862,15.1326012685689,3.21406696354022,0.601570013030225,4.18161401245463,3.81770634548996,0.04685506450082,0.0033512207012506,0.0017996467152276,13.4419071825887,42.6709896121884,15.0,3021.87438724336,96320.0,240,29.958823732802,1.23764990012699,1089.01245612405,50.9208151467636,2303.63253502605,122.462410009109,409.21971203584,3.03396850333726,17.601456571296325,1.47866103039662,0.559204827910647,3.74426749402061,3.49702699998015,0.0172487776009695,0.0013267052786037,0.0006915595454392,13.3497489339756,42.7318082180964,15.0
13.58333333,29.9612229204186,1.41237877420597,1091.05032071515,58.7269859801064,2307.80701471003,122.39323518334,409.161027904249,2.21980665039739,15.1403199631354,2.89954202007251,0.601692285073669,4.1807412390347,3.81359388719252,0.0408284829494768,0.0029666893945389,0.0015948620546064,13.4390609769659,42.7076460200265,15.0,3023.88467288468,93945.0,240,29.9600973938063,1.23667403015748,1089.97318349863,50.9980447594909,2306.2648217531,122.588977317884,409.558563365381,3.20714828799621,17.502969725998927,1.26014036792412,0.55947393363876,3.74772040215718,3.50709084769899,0.0145178089429512,0.00113343363494,0.000590518784305,13.3491795425363,42.7760033730947,15.0
13.59375,29.9610729247257,1.40649766517619,1091.06771041065,58.4843917755655,2308.50329902651,122.43901067158,409.175589945301,2.31010816606223,15.1826107660842,2.59502802041834,0.600709676739697,4.16599183296259,3.80619963853733,0.0352289302617418,0.002596692543818,0.0013951981446958,13.4322951287657,42.7240136254664,15.0,3024.29551159131,91660.0,240,29.9606095660201,1.23140070598106,1090.55806977597,50.867292833568,2308.13374816789,122.674384558991,409.779992388007,3.40229165316594,17.41119873729413,1.06370286540324,0.5587169758835,3.73940441248311,3.51757081571895,0.0121257944077525,0.000960372124562,0.0004993326236222,13.3466971935723,42.8060298817813,15.0
13.60416666,29.9617923613982,1.39597622476966,1090.76932666019,58.0316377504123,2308.57430514529,122.449073199261,409.089858919468,2.41663792534812,15.2377861972567,2.31407383991378,0.598327354226534,4.13967064024802,3.79781405473362,0.0303631720924196,0.0022688166833755,0.0012175412581086,13.426961052173,42.7279896951132,15.0,3023.7316435273,88565.0,240,29.9610041694238,1.22201005125959,1090.73136408878,50.5316802285078,2309.14726268919,122.713073355684,409.867022346093,3.61656899199252,17.33037026025103,0.892436583648815,0.556738313847243,3.71958071577811,3.52784616653009,0.0100863563880111,0.0008107760203142,0.0004203238502816,13.3443400987829,42.8198948910103,15.0
13.61458333,29.9633327188821,1.38281968039555,1090.71368733017,57.4792677562377,2309.21352448068,122.485206951373,409.121434683113,2.5279502373831,15.2700913067971,2.07474832681934,0.594834933468597,4.10778918357281,3.79255367526695,0.0264854270237326,0.0020065769224096,0.0010758963476802,13.4244906701563,42.741102604924,15.0,3023.81566785487,87500.0,240,29.9618010613218,1.21023677478279,1090.718114491,50.0731222518149,2309.77992271651,122.728878876875,409.902405742498,3.8283792266515,17.24203038800783,0.756874423282093,0.553849368614981,3.69279306296137,3.5399128625801,0.0085011285905761,0.0006936680270187,0.0003585739558985,13.3428569273823,42.8258757379096,15.0
13.625,29.9649448789927,1.36970260082007,1091.05149050263,56.9480168452233,2310.7122101387,122.562190888668,409.325059805159,2.62785775729664,15.2528225401152,1.89106987726598,0.590909756288092,4.07694657220448,3.79389618731873,0.0236667255863218,0.0018168783745774,0.0009741994896665,13.423335752708,42.7684985276711,15.0,3025.02560003104,87475.0,240,29.9630185804933,1.19867699002763,1090.79547089946,49.6141954572028,2310.61954262877,122.752845422324,409.986950065454,4.00466250383049,17.126104353694533,0.662564174776945,0.550673215027183,3.66591151591001,3.55587830308947,0.0074127021350277,0.0006126690459128,0.0003159798785268,13.3422385171265,42.8347698803771,15.0
13.63541666,29.9660131598998,1.35567260408838,1091.58180919066,56.3860286169526,2312.60326426537,122.659960164313,409.625278233997,2.72475089505205,15.2202428555499,1.73349338080972,0.586641023945213,4.04433434281863,3.79773697719233,0.0213295934213414,0.001656079272759,0.0008876111741179,13.4192199342547,42.8031781672324,15.0,3026.7446389789,85670.0,240,29.9642793798168,1.18682130845858,1091.06402239489,49.1398139758431,2311.87204880006,122.79953434482,410.164818147304,4.15462638141034,17.000123431684635,0.590081418830627,0.547188969069386,3.6381272781255,3.57328235568934,0.0065852450226869,0.000549636256132,0.000282717149924,13.3411547348055,42.8516330699541,15.0
13.64583333,29.9667218318519,1.34156686582582,1092.0654528538,55.8087346147342,2314.32798932229,122.749857818098,409.924564107148,2.81791090989656,15.1782434556497,1.60311063632412,0.582296971859518,4.01082610743999,3.80367928264735,0.0194635630780203,0.0015287248725523,0.0008192698483096,13.4155379422815,42.8351401598925,15.0,3028.28380415698,86365.0,240,29.9653314647969,1.17500179375897,1091.45404627155,48.664151039187,2313.35894293959,122.860706607918,410.407370514031,4.28488478823585,16.868870832522536,0.534522355833001,0.543570895814235,3.61027028106994,3.59169469686628,0.005954852594844,0.0005013927859988,0.0002572921178801,13.3400861007807,42.8735837655719,15.0
13.65625,29.967120074438,1.32727799496528,1092.38036519386,55.2125900829904,2315.62159146412,122.819090691333,410.173135283943,2.90287869600699,15.1398867646489,1.49869770922189,0.578183446732627,3.97617591674285,3.80995583644647,0.0179918051102566,0.0014257163150469,0.0007634956428249,13.4107281475532,42.85990135717,15.0,3029.30000555507,84490.0,240,29.9661253829541,1.16316198398099,1091.84492985953,48.1803021956063,2314.79843845723,122.923051448805,410.66704068502,4.39633158796119,16.743766178246037,0.490527590831474,0.539921879679721,3.58193229858436,3.60977546669207,0.0054581965269751,0.0004626410326349,0.0002367733529461,13.3388656168835,42.8959628825094,15.0
13.66666666,29.9675392813823,1.31185049897061,1092.50014646928,54.5505624679373,2316.45096664288,122.867412149925,410.362924643295,2.98520581000075,15.1219994872913,1.41242265028568,0.573896434137619,3.93787242785704,3.81400252518542,0.0167938523273702,0.0013417840536899,0.0007177513952954,13.4064578293224,42.8773398084534,15.0,3029.70701413633,83460.0,240,29.9667070442409,1.15030115861373,1092.14126167633,47.6416875274874,2315.97961424341,122.976813942932,410.909559635146,4.50204033797845,16.640787532620536,0.453373078641685,0.535997728678888,3.55048853383001,3.62548581718011,0.0050394653281913,0.0004296897263793,0.0002192429984109,13.3375162503273,42.9153481790536,15.0
13.67708333,29.9681728586837,1.29619104665995,1092.49872862785,53.8655994419945,2316.99494842829,122.903362292499,410.521084318456,3.05535444587736,15.1120532434604,1.34873230049209,0.569552277393623,3.89828971255604,3.817014918451,0.0159144883469651,0.0012804475145864,0.0006841615188725,13.4037641655627,42.8904132194477,15.0,3029.7556022464,82225.0,240,29.967263026903,1.13707409815303,1092.31466863544,47.0754623029584,2316.8464868766,123.019131203819,411.120629203811,4.59157031708355,16.55888362366314,0.425480833906397,0.531922244558744,3.51746080494332,3.63872509341092,0.0047247408239346,0.0004049375252401,0.000206012297063,13.3365656391274,42.9307137347276,15.0
13.6875,29.9689686933111,1.27963067761429,1092.46402789779,53.1368631170938,2317.46919827785,122.938978018007,410.684926384301,3.12211098658965,15.1142322997832,1.29280913394529,0.565070057545995,3.85632533798566,3.81808833848523,0.015147776775851,0.0012256209743853,0.0006537614417568,13.401559470752,42.9033163777704,15.0,3029.69798255461,80185.0,240,29.9678900722851,1.12305270118868,1092.39223110744,46.4662935329416,2317.47280569214,123.054311887766,411.312875614383,4.67390466219461,16.50158363962004,0.401438098189817,0.527604032746144,3.48199762283631,3.64875823201113,0.0044537779374265,0.0003833335849532,0.0001943728751483,13.3357039689868,42.9435450116884,15.0
13.69791666,29.9699408638045,1.2624373655027,1092.446636281,52.3790039269854,2317.99519088845,122.979952625216,410.874686377625,3.18492864081068,15.1189947573247,1.24689387804243,0.560405152487157,3.81282699850442,3.81826340686074,0.0145208465665644,0.0011814782978276,0.0006291231959291,13.400957810439,42.9180352849871,15.0,3029.6951290382,79030.0,240,29.9686316806235,1.1084502641464,1092.41977726395,45.8272327857742,2317.97208393331,123.087640345892,411.50385231508,4.75060952560199,16.461975565507142,0.381291283626509,0.523087301603174,3.44485653397912,3.65624882240831,0.0042263060139557,0.0003652330781365,0.0001845683474282,13.3351552796429,42.9556801548687,15.0
13.70833333,29.9709640766819,1.24531956541288,1092.46513072345,51.6246422629029,2318.60999023306,123.028309070377,411.096354744572,3.23546619125419,15.1191577664356,1.21561338117231,0.555503293650466,3.76958761123116,3.81840270172893,0.0140871356347881,0.0011516548085244,0.0006122538626653,13.4010530693756,42.9352671426667,15.0,3029.81977063277,77825.0,240,29.9694908225091,1.09389864499862,1092.43548887589,45.1879422285665,2318.43842377245,123.123660492103,411.706738585419,4.81393299288111,16.432086373637645,0.366664784099448,0.518495722586564,3.40772455561187,3.66199738620432,0.0040600575441238,0.0003522327086161,0.0001774525312589,13.3349138781657,42.9686954498886,15.0
13.71875,29.9718930682261,1.22867861550672,1092.50230128379,50.8900180477248,2319.249707465,123.081828600342,411.341612132529,3.27679025097605,15.1166319623616,1.19231165976021,0.5503959060921,3.72749241030467,3.81847710513399,0.013762021193681,0.0011303491733284,0.0006001723109527,13.4008684057852,42.9542415200326,15.0,3030.01478178706,77280.0,240,29.970398085045,1.07977684129921,1092.4582124054,44.5665682716745,2318.91419809893,123.164795736216,411.927818077495,4.86407598375783,16.408544053645848,0.356465379100174,0.513909948194717,3.37163418329611,3.66634449542401,0.0039429842838234,0.0003434150270015,0.0001725615417421,13.3347377776069,42.983430473186,15.0
13.72916666,29.9726204854287,1.21300472941727,1092.51794019848,50.195795404526,2319.7852967092,123.134377580739,411.591622999081,3.315168440603,15.1115808202007,1.16836776673184,0.545297709768629,3.68763625382014,3.81893157124917,0.0134374744282742,0.0011091896501684,0.0005884163602672,13.3996804051594,42.972843481664,15.0,3030.14840728027,77010.0,240,29.9712651397393,1.06653307855915,1092.48379106115,43.9836391573078,2319.37798358826,123.209987028094,412.163286524166,4.90431394871146,16.38752962438855,0.348575882638057,0.509484141661912,3.33773665748439,3.66989884437392,0.0038520881416652,0.0003368185466833,0.0001688842706326,13.3344906723636,42.9995214847607,15.0
13.73958333,29.9730468125646,1.20036858743647,1092.45988535416,49.6248804418259,2320.06137944629,123.175599472631,411.817539054501,3.33964490760926,15.0832661269358,1.15656116229592,0.540949964226981,3.65452349389606,3.82303258842566,0.0132749124791253,0.0011026909473026,0.0005852403017914,13.3994265102877,42.9874975177393,15.0,3030.09508596536,79575.0,240,29.9720097892236,1.05573533114974,1092.48877848441,43.5063894251326,2319.7603581651,123.25454405336,412.396506711813,4.92410248039567,16.35511451482715,0.34709431207218,0.505710551236946,3.30979339175167,3.67469363400395,0.0038317590924125,0.0003365878026837,0.0001686698215925,13.3346116971378,43.0153484668551,15.0
13.75,29.9726047352685,1.19763244234548,1092.21352545761,49.4521331408802,2319.79155605862,123.182606324511,411.949780737345,3.28408890763227,14.9656105223449,1.21954536012908,0.539104364611692,3.64315682109004,3.84010634457528,0.0140640306771074,0.0011749214847875,0.0006262758725451,13.4039128047859,42.9902523269282,15.0,3029.68489053442,89415.0,240,29.9724536635542,1.05266231399566,1092.42028505386,43.3579800772354,2319.941235435,123.289181119696,412.583890841098,4.86028803251164,16.272561348762352,0.373784370410999,0.504078188686919,3.3003089942885,3.6857974135832,0.0041192119042879,0.0003641253036949,0.0001833732462158,13.3365332652042,43.0276752315923,15.0
13.76041666,29.9703014247796,1.19880384884829,1091.44331942883,49.4439924549484,2318.28709898266,123.126701115455,411.856434489963,3.21227339251184,14.8745776145855,1.28374970413364,0.539545683167245,3.64058994988519,3.85548445257772,0.0148662325007569,0.0012325855778678,0.0006573015338956,13.3981045593798,42.9710793875514,15.0,3027.84646939456,86850.0,240,29.9719440626952,1.05368158587424,1092.13495349627,43.3797291965224,2319.59271462158,123.298967629932,412.677091344961,4.77092474679673,16.18744233855325,0.401598084568609,0.503971096348141,3.30022248699064,3.6978700264486,0.0044233711536325,0.0003906838749558,0.000197338831361,13.3364494354866,43.0313175255319,15.0
13.77083333,29.9681970699979,1.19894644914364,1089.81890704263,49.3612110586924,2314.87716640999,122.97435535282,411.414426127153,3.18589033769288,14.8671567940088,1.31693821037526,0.539973852613337,3.63397438397491,3.86141439319404,0.0152803944978637,0.0012625693062312,0.0006728402612315,13.3920555999481,42.9182516222358,15.0,3023.52323821015,88675.0,240,29.970493254307,1.05384946462807,1091.37807848915,43.3513923355859,2318.15369316754,123.253947982604,412.584449009513,4.7311663709299,16.147727542200652,0.415352156067515,0.503942007149236,3.2971859542445,3.70559770990408,0.0045736221710085,0.0004032010602383,0.0002037580778779,13.3349395670212,43.0158664371854,15.0
13.78125,29.9674960142326,1.19867565461557,1087.69853376974,49.252770827241,2310.38683253395,122.7663531501,410.765209421618,3.17141017267866,14.9070236031898,1.34152809222919,0.5404301632876,3.62604339489118,3.86126406526126,0.0155693704389094,0.0012794889641762,0.0006805548112552,13.3881012500949,42.8459571654934,15.0,3017.7867426511,85605.0,240,29.9691063618574,1.05330747359112,1090.02673905306,43.2712436568123,2315.3758250951,123.139432246771,412.252281905162,4.71419364202816,16.154019152789253,0.421844888275624,0.503836554905532,3.29113325978489,3.70859168138278,0.0046439870232987,0.0004085560018761,0.0002062899477593,13.3337868274026,42.9761743172438,15.0
13.79166666,29.9683473472645,1.19450490722842,1086.10103804884,49.0109706717064,2307.05837824814,122.62533689658,410.321372096661,3.18956914061813,15.0031888756146,1.33456086533536,0.53945267652261,3.61137854378226,3.85250206337702,0.015449979991657,0.0012652296195517,0.0006709158676072,13.3852892874377,42.7969511267716,15.0,3013.43553531653,81775.0,240,29.9684978949089,1.04944002946641,1088.45090883709,43.0418875609242,2312.08480191704,123.000011773677,411.835226879632,4.74363239692778,16.214112317020355,0.413167404203508,0.502788245310548,3.2767680309154,3.70504876328946,0.0045472761741624,0.0003995859706891,0.0002011552064341,13.3325461534911,42.9277771831761,15.0
13.80208333,29.9704753903937,1.18405016987566,1085.4769113918,48.5494971217412,2305.87514231057,122.607061449817,410.278430102573,3.25250745371561,15.155477135368,1.27788406056402,0.536487918424985,3.58526708236322,3.83452457924807,0.0147010614604442,0.0012033010956587,0.000635428845636,13.3822926282891,42.7906788198555,15.0,3011.68329089727,74810.0,240,29.9689183136909,1.0405452046058,1087.18459386356,42.6107465160467,2309.445827695,122.898778275401,411.553377938041,4.82826785341638,16.321604763163958,0.38556092006216,0.500196426214449,3.25136135086516,3.69504573404696,0.004243347189171,0.0003730955787543,0.0001868119178413,13.3311093578154,42.8926728521732,15.0
13.8125,29.9735462096654,1.17286552207802,1085.65670942637,48.073650946229,2306.44065613325,122.682749937143,410.56851859544,3.31661742153915,15.2714023683684,1.22904360296387,0.532799210360244,3.55873376031948,3.81967524037668,0.0140797520569058,0.0011624537535533,0.000613505670064,13.3855652941719,42.8171456344976,15.0,3012.1795730047,77385.0,240,29.9703548936888,1.03059709637145,1086.43812921199,42.1526079266024,2307.91793110687,122.857857950337,411.480824903969,4.91033590635049,16.42696861169726,0.365148265689722,0.497075345074525,3.22476920242039,3.68446330298417,0.0040166028637052,0.0003546083256195,0.0001769704521183,13.3311195867912,42.878572720286,15.0
13.82291666,29.9760640882513,1.17315361059624,1086.40374262554,48.0802075971922,2308.21524733019,122.809211367337,411.068245569399,3.25848967156724,15.2081737366826,1.30024593956816,0.532079409492688,3.55880493342614,3.82716104775223,0.0149819923055468,0.0012448707878547,0.0006603337641476,13.3976446933729,42.8613369329712,15.0,3014.57849356697,88115.0,240,29.9726321125299,1.02933899266586,1086.25170343823,42.0807268555838,2307.61927722752,122.879757706748,411.600630381722,4.8587659924431,16.453359616660563,0.391381651862915,0.496222394400199,3.22022595373443,3.68231397145632,0.004297960644708,0.0003817968605844,0.0001914867097386,13.334326777295,42.8863050364206,15.0
13.83333333,29.9751785677385,1.18267478177361,1087.00724219744,48.4758568326031,2309.697645377,122.911133924677,411.490832362543,3.1170542369862,15.0518312727358,1.44530925431297,0.534953378172005,3.57990794145057,3.8470457813881,0.0168577141287508,0.0013889414091526,0.0007396864986521,13.4029853125334,42.8969785045392,15.0,3016.85976689911,92055.0,240,29.9742771960217,1.03663084890979,1086.53303646615,42.3900138332544,2308.38893944931,122.956981494806,411.881204521391,4.70020207650825,16.407909012877465,0.448713149068405,0.498053481536555,3.23724007368773,3.68764561225657,0.0049239548962182,0.0004368617148136,0.0002207058780493,13.337290932921,42.913253690059,15.0
13.84375,29.9719616888831,1.1922246202059,1086.31894987778,48.837265296036,2308.38661157212,122.866221139078,411.387975427827,3.01393975529007,14.9677853184723,1.55912167257255,0.538502395414645,3.59885333066681,3.85933201858305,0.0183611096479571,0.0014940192176012,0.0007959703213169,13.3991471448362,42.8813878525162,15.0,3015.50880837402,91780.0,240,29.973834690332,1.04506589703191,1086.64703162321,42.7475223475874,2308.84325096315,123.018040648427,412.093868379109,4.56329942528637,16.368218980298664,0.496687841111356,0.50059070278015,3.25686294372263,3.692135409636,0.0054535743854416,0.000480096052222,0.0002434109612096,13.3372150337914,42.934543030497,15.0
13.85416666,29.9695155896939,1.2047327527309,1084.2470493313,49.258366090474,2304.03987180446,122.65571013377,410.70518151331,2.92195556945932,14.9176270456394,1.68789131151227,0.542822886162053,3.62105896995189,3.8688791540312,0.0201142881100915,0.0016211317121964,0.0008644707914455,13.3993544363457,42.8080018333792,15.0,3010.28563553001,96975.0,240,29.9720769486052,1.0552172891424,1085.90651346721,43.1478863057528,2307.46289645774,122.978588370272,411.952542569998,4.43730068097412,16.345775232585268,0.549738939742826,0.503751578848257,3.27872527565581,3.69545272317644,0.0060403531649122,0.0005278494812723,0.0002685744309526,13.3374496865339,42.9207677612379,15.0
13.86458333,29.9685167578218,1.21247582743393,1082.0905684826,49.5188009911654,2299.52557583458,122.441919352439,409.967795875065,2.86973401218413,14.9689588921421,1.76665910869909,0.54633986539972,3.63505770824199,3.86481481993698,0.0211348949681354,0.0016776437996454,0.0008916592194961,13.3948652961969,42.7333869006758,15.0,3004.70853557739,86760.0,240,29.9703970350831,1.0619129663055,1084.41605416771,43.3767490605289,2304.45170478313,122.853770512866,411.509060989586,4.36755235625356,16.395659691090867,0.574360648257082,0.506167272281639,3.29092589775203,3.69037907701984,0.006316823311098,0.0005465250960586,0.0002777960776504,13.3361784330757,42.8771920487396,15.0
13.875,29.9702406287914,1.20885399179484,1080.90548745504,49.3419165238617,2297.19454936185,122.358617036967,409.63166162667,2.90028892236669,15.1514374521519,1.73421622882574,0.545456541548499,3.62593699641375,3.84154947196327,0.0206272423832055,0.001627995735588,0.0008611757991957,13.3923299119402,42.704184606264,15.0,3001.60231245799,80300.0,240,29.9698327791575,1.05898605943266,1082.94712965333,43.2030455718607,2301.47723129543,122.735816156911,411.091481810771,4.42645449326823,16.542142741552667,0.546169723760262,0.505673771282163,3.28088618716986,3.67308791201342,0.0060052505718696,0.0005185285254432,0.0002623397200538,13.3341140748269,42.8359982016805,15.0
13.88541666,29.9741301108794,1.2072226515425,1080.79056263257,49.26167263567,2297.25220538276,122.397021248308,409.722083462388,2.89753897454344,15.2529104911857,1.76140573545491,0.544265847742389,3.62232880870175,3.82652187910556,0.0209976197257895,0.001660289402468,0.0008785279920586,13.4019685589677,42.7173615754799,15.0,3001.60568020288,85760.0,240,29.971027111139,1.05642305109057,1081.90015348644,43.0561485183696,2299.43394003737,122.664347982428,410.827324829121,4.45506278476909,16.67377053309727,0.544388839209194,0.504893888801057,3.27268582751033,3.65684760003056,0.0059801353023726,0.0005180973971169,0.0002620378218746,13.3354966057179,42.8109681813785,15.0
13.89583333,29.9767469992364,1.22299246872545,1081.58722412145,49.915747530199,2299.35253135676,122.518155058663,410.134732257981,2.7421116909846,15.0920852888451,2.02844474839409,0.548419044466914,3.65892308992771,3.84382492736903,0.0248856423168289,0.001954666433175,0.00104079446483,13.4235758852537,42.7593029583912,15.0,3004.70076996258,101520.0,240,29.9735932223779,1.06748614161519,1081.53650842024,43.4996463372931,2298.96130663877,122.666516790228,410.775696620649,4.26781547846648,16.681743538415972,0.65072634249992,0.507825919106598,3.29787137876634,3.65402111696577,0.0071526520049232,0.0006180494440355,0.0003153504015249,13.3420570017229,42.8114700166415,15.0
13.90625,29.9742720048237,1.24101318646199,1082.00150725621,50.7142366066034,2300.69124506089,122.596012317815,410.372982722952,2.58025506483463,14.938414432052,2.31784097731525,0.555396342227832,3.7035496506835,3.86024543931414,0.0292744531449995,0.0022498995695135,0.0011997843814134,13.4240066980702,42.7860165843041,15.0,3006.87150041158,94630.0,240,29.9746914895892,1.08361890587198,1081.74898057479,44.1793809838687,2299.85653890984,122.742225682482,410.933383799338,4.01148558048358,16.665006541599173,0.782007357251231,0.512716597609209,3.3364189301168,3.65206500484905,0.0086340763835433,0.0007323529075209,0.0003756708045641,13.3444691380449,42.8374598600745,15.0
13.91666666,29.9720222468294,1.25085856536266,1080.84438923396,51.1057466604781,2298.61076632091,122.504630911779,409.988547829449,2.51657775403155,14.9556072653694,2.45743232134085,0.55879657143293,3.72626719267194,3.85579336633165,0.0314604662445834,0.0023866766043665,0.0012708488829877,13.4198989752244,42.7536151293774,15.0,3004.35577206446,93700.0,240,29.9736993373908,1.0933059908991,1081.60416490359,44.5830213780356,2300.02119256874,122.785022706707,410.964199560897,3.8823661941457,16.732333916705276,0.85213397551201,0.51580398445261,3.35977784886116,3.63935244782223,0.0094409700512672,0.0007900853407857,0.0004055640495185,13.3429418999073,42.8519029584583,15.0
13.92708333,29.9723377301152,1.26133097044423,1079.09813111645,51.4934460981686,2295.22103214291,122.340971151823,409.350953031616,2.47373858827219,14.9801499896496,2.56435671632604,0.561577715248758,3.74858686116439,3.850909648981,0.0332148879119247,0.0025002626641364,0.0013310544488495,13.4227954800868,42.6960079072802,15.0,3000.15040608618,94985.0,240,29.9728352547535,1.10222440921401,1080.68099823186,44.9279494250972,2298.49811268552,122.734511613495,410.67271027767,3.79141943104158,16.816419131084377,0.909924730954252,0.518474291594435,3.379888335428,3.62522994084662,0.0101095664795322,0.000838962652082,0.0004311671036221,13.3434153426256,42.8337623566646,15.0
13.9375,29.9737827919541,1.26597165549207,1078.23805779206,51.6997747297849,2293.76885772713,122.288662192323,409.06522759716,2.46668405682472,15.0693391237808,2.57546714348397,0.562665739896206,3.76113702787715,3.83681695506585,0.0333137990711598,0.002495165774179,0.0013263150359545,13.4193686117442,42.6772946485086,15.0,2998.30340601522,86795.0,240,29.9729518046627,1.1065841366214,1079.58620802813,45.0797050747991,2296.58842429856,122.664765341683,410.315976647529,3.76891038654366,16.94212303167838,0.914172378907804,0.51986416874682,3.38907220145205,3.60616676181452,0.0101667613368845,0.0008384812230962,0.0004303045323462,13.342273445961,42.8089317471839,15.0
13.94791666,29.9761294357997,1.2781359782426,1078.39152558637,52.2183653450945,2294.47614770377,122.33971577197,409.152849807889,2.42669929883517,15.0348380975899,2.66826716773312,0.564879010212268,3.79115953981792,3.83831044295954,0.0351417824416332,0.0026293386496888,0.0014015836177006,13.4323069427395,42.6946464909499,15.0,2999.45493802954,102720.0,240,29.9741058838179,1.11574491226484,1078.88851001747,45.4525559785405,2295.53142747227,122.629153104776,410.080602613136,3.70984573429968,16.98775948676068,0.968902205992844,0.522367040316749,3.41080424695171,3.59743837926543,0.0108011635635513,0.0008914088705744,0.0004592595963063,13.3454323808524,42.7960331623828,15.0
13.95833333,29.9755854147068,1.29679608869679,1078.93746456943,53.0862257184646,2295.98559567729,122.423321213668,409.357171342079,2.35237248190754,14.9133728568621,2.83069352899944,0.570743711514972,3.84049438718157,3.8514444270923,0.0381617681484357,0.0028315046897711,0.0015136740282379,13.4339268469231,42.7233647372828,15.0,3001.88485744366,98980.0,240,29.9751966058181,1.13234821877338,1078.80112749944,46.1623782085073,2295.79751353348,122.655346089775,410.044208033829,3.56260963302387,16.8582358571272,1.07206931894697,0.527158153773347,3.45158645099943,3.59888459269253,0.0120250616254831,0.0009814434985748,0.0005076611926855,13.3481245518433,42.8046945434862,15.0
13.96875,29.9743070997835,1.30798952891427,1078.51889147355,53.5955023237343,2295.36500817626,122.406710878952,409.182982691845,2.33354923861568,14.9383548712682,2.85636883901715,0.574129763756139,3.87054492846286,3.84658083001397,0.0386765359005978,0.0028570565363673,0.0015271074855282,13.4261422269931,42.7171338066819,15.0,3001.33967201327,96325.0,240,29.9749538007546,1.14331657099328,1078.80570052675,46.6462764537422,2296.2384277084,122.697265346576,410.052693572163,3.50370413058842,16.886273537143,1.1025573200699,0.530582318841768,3.48000913954499,3.59205994051706,0.0124078257229617,0.0010045101522994,0.0005197252300407,13.3460181905447,42.8188763874281,15.0
13.97916666,29.9749657729429,1.31537631073015,1077.42341870015,53.8986632837241,2293.24942557259,122.315188008098,408.744397338682,2.34639909813983,15.0246576037605,2.79595385027204,0.575616351424556,3.88885086059583,3.83441531639557,0.0376310840238176,0.0027817219217182,0.0014862361510853,13.4216375108019,42.6848533684095,15.0,2998.73695970374,94310.0,240,29.9747257092387,1.15000273867236,1078.32696410831,46.9347254639748,2295.58516511302,122.682518279743,409.872476137052,3.51093498930488,16.9577938203577,1.08199961395087,0.53270610064477,3.49750494678386,3.58062106362197,0.0121801190759061,0.0009837679025264,0.0005086499778004,13.3442483191241,42.8133372600942,15.0
13.98958333,29.9769305831915,1.31957807655754,1076.98656805838,54.0914112145219,2292.56679107049,122.301933371179,408.571963545488,2.3798763270213,15.1247787647203,2.67082292390089,0.57605089069939,3.90077177513255,3.82031666688385,0.0354963206292594,0.0026361377339815,0.0014082328830766,13.4186549281077,42.6800246354739,15.0,2997.89901892165,92045.0,240,29.975387110867,1.15339869856696,1077.69150136803,47.0822158846084,2294.55439951231,122.646416005886,409.633042981677,3.56677858085793,17.041980863133,1.02391116391499,0.533881910600879,3.50684181937285,3.56835473814279,0.0115061890155896,0.000931300757858,0.0004809808304686,13.3429331970553,42.8004387948538,15.0
14.0,29.978719389959,1.33500887677852,1077.47501585086,54.7788777118071,2293.80617168267,122.371755931294,408.725587722814,2.36846656164438,15.0477133258002,2.64969695901342,0.579150914201562,3.93971612358535,3.82977724642701,0.0355711549428315,0.0026576935283454,0.0014258462051539,13.4285347141745,42.7043221281547,15.0,2999.8962982707,107385.0,240,29.9768740852442,1.16515311320976,1077.42737641713,47.6025970050637,2294.27870212957,122.633911644887,409.494241661916,3.55496354209467,16.9968150725757,1.03533891412376,0.537168930064242,3.53691242336496,3.57344137149535,0.0116541215808652,0.0009480578270401,0.0004917578809088,13.3461229756689,42.7958980459781,15.0
