Time [days],S_I,S_S,X_I,X_S,X_BH,X_BA,X_P,S_O,S_NO3,S_NH,S_ND,X_ND,S_ALK,S_NO2,S_NO,S_N2O,S_N2,X_BA2,Temp,TSS_influent,Flow_influent,Kla,S_I_reactor,S_S_reactor,X_I_reactor,X_S_reactor,X_BH_reactor,X_BA_reactor,X_P_reactor,S_O_reactor,S_NO3_reactor,S_NH_reactor,S_ND_reactor,X_ND_reactor,S_ALK_reactor,S_NO2_reactor,S_NO_reactor,S_N2O_reactor,S_N2_reactor,X_BA2_reactor,Temp_reactor
0.0,30.0,4.06143517918095,1147.25732746208,82.1380023105773,2402.72549288692,130.009187824777,420.744284883682,0.0430799038399979,10.6072834333906,6.99862175615977,0.985751519270136,5.465448959133,4.47223486239392,0.220050249255557,0.0105065922098807,0.0059826025546913,13.1440556051609,45.4983239685937,15,3171.27946450248,107385.0,2,30.0,2.38608484555777,1147.25732746171,76.7950317283919,2403.53335511671,129.973326150041,421.373991355174,0.0032275922420706,8.69284350386647,7.42831739874578,0.653376457794149,5.24507705785898,4.63890872931817,0.230751684426121,0.0109139367974792,0.006430928812775,15.0319266922979,45.4853199971989,15
0.010416666,29.9849510217656,4.12897867613307,1140.00264377012,85.4740426252407,2385.29002130104,129.062623903912,417.606380969239,0.0484939053389073,10.8340447699049,6.79202607509903,0.986660040124125,5.63728336172924,4.45188560187415,0.216828709153189,0.0103875825231607,0.0059005296310738,12.8685336816133,45.1671733679713,15,3151.95216445314,107370.0,2,29.9833673059903,2.47562252808359,1144.64098440971,78.7093636410866,2397.09617041387,129.626356532334,420.146348722003,0.0033658077853681,8.95556708557173,7.29207999901094,0.6746619957482,5.3390290873773,4.61351098811672,0.231113670041237,0.0109244253468041,0.0064264763575892,14.7469448237382,45.3639676778055,15
0.020833333,30.0112872100208,4.06804579115318,1135.5563241952,86.6688538262514,2376.06642233005,128.547414736606,415.916141513228,0.0435848248264399,10.7876820300856,6.84151989896697,0.97256011495673,5.68540074804781,4.46271991646481,0.218472914227732,0.0104484263945461,0.0059449887691949,12.8797161926788,44.9869603590802,15,3140.80658772031,98100.0,2,29.9959253210889,2.48766050971253,1138.98082961677,80.2133584394686,2384.46323924249,128.927223688809,417.84343944953,0.0032315533016152,9.00231657203369,7.23036451442756,0.670639869831253,5.41186390895032,4.6128954934406,0.232034581664753,0.0109561748843083,0.0064457898776219,14.6711087822018,45.1193886599202,15
0.03125,30.0053126449411,4.03144030319154,1143.81474058382,87.3008646103705,2394.26902861773,129.527445236251,419.072334234501,0.0430160869334819,10.7050541062815,6.95072057477939,0.96230663062869,5.71359077559947,4.46937609181602,0.218857022957242,0.0104627315033208,0.0059576261312543,12.9482151508612,45.3299882349311,15,3164.4858011382,96670.0,2,30.0032975216601,2.48890561137024,1139.69961874034,81.0202974419479,2386.23742564365,129.009432494371,418.106426650806,0.0032082831128557,8.90929243954612,7.27621149551024,0.663115149171392,5.44792781852295,4.62293915224251,0.231755578058945,0.0109472025009197,0.006440099291113,14.738640444909,45.1482239975069,15
0.041666666,30.0034515616901,4.05958198635908,1148.45376081794,87.3510034448049,2404.75421620388,130.083319886933,420.857883380778,0.0423097646832609,10.6571042339957,7.11995379166695,0.967178679131293,5.71369487936117,4.47304756502785,0.219444411978876,0.0104843144910023,0.0059687190949873,13.0122343663796,45.5245788004448,15,3177.76857190108,94890.0,2,30.0037846232664,2.48850780056687,1144.30311581486,81.4110969390971,2396.48740125895,129.553632747381,419.865622758672,0.0031711989537975,8.81696078242896,7.37815848241419,0.660219446839636,5.46667017394342,4.63104682590084,0.231371210145721,0.0109345666259424,0.0064321814646248,14.8249735765454,45.3387254246798,15
0.052083333,30.0060831245873,4.10185198732366,1149.57998712207,87.0040986084354,2408.11585861433,130.241683546142,421.371092904733,0.0409633725317139,10.5915999401311,7.39708550189949,0.977708881089316,5.6887666216663,4.47876838385051,0.220378557336143,0.0105185774154043,0.0059865726699093,13.1039414928577,45.580079406568,15,3181.41960015171,91605.0,2,30.0045843470918,2.48077427690624,1147.36615624726,81.3444320409901,2403.67409809979,129.925921826909,421.080533265978,0.0031238729409788,8.71408581674865,7.56643896099985,0.658602132040746,5.46143062224782,4.63996771756918,0.231021971680763,0.0109232358833174,0.0064259989936716,14.9391352105161,45.469067534233,15
0.0625,30.0060359240139,4.18556196166812,1149.92308420889,86.9895281040618,2409.88382835982,130.303330394145,421.582642340898,0.0397921080966377,10.5069338145741,7.79410957343778,0.994497221318001,5.67871251070634,4.48510951738673,0.221181241984637,0.0105481169140166,0.0059975476834036,13.2145562868913,45.6017322354336,15,3183.21310923244,89275.0,2,30.0054266688416,2.47671159588773,1148.84835692717,81.0967551057026,2407.71835320391,130.120116580634,421.732351043589,0.0030863973521549,8.59473320494009,7.85452989565336,0.658332158256453,5.44456584832336,4.65015837108898,0.230528216279421,0.0109069956365367,0.0064162288531928,15.0775869242781,45.5370889372461,15
0.072916666,30.0082882356178,4.15551516601333,1150.12264720442,86.5968901193502,2411.52130848612,130.362012685685,421.791118442453,0.038826451050328,10.4241089425629,8.09623041481933,0.994394413263954,5.64878066010687,4.49111305528812,0.221776835401752,0.0105700423725399,0.0060143366913576,13.3277795403233,45.6222952546604,15,3184.51220414451,86185.0,2,30.0065994142351,2.46157022940929,1149.56307661317,80.8852277546856,2410.23335970893,130.225520439263,422.106953753137,0.0030570266062892,8.46241363718837,8.19891146106131,0.655587887122637,5.42846736252018,4.66115078038298,0.229906153197894,0.0108863751917274,0.0064049465554565,15.2326208124689,45.5740215957737,15
0.083333333,30.0116601172258,3.98776598969755,1150.59602935101,85.3882479555036,2413.90819669999,130.484369818475,422.210100585278,0.0382256333099593,10.3835448021713,8.15319742446878,0.967555604174362,5.57579997214629,4.49278753723973,0.222218113748214,0.0105860018598166,0.0060402250768659,13.4104654159984,45.6650256675509,15,3186.18897755836,82265.0,2,30.0087820353987,2.41525669291732,1150.02816388341,80.1744602236389,2412.33853281788,130.319292025277,422.45580115402,0.0030520412130258,8.34070153962194,8.43380474631878,0.642710978137182,5.38628554223455,4.67073598155046,0.229266780729401,0.0108650418806124,0.0063968105298041,15.3826539530731,45.606820124192,15
0.09375,30.0049092183958,3.87128755598664,1150.60549651926,83.8845170844419,2415.01919564668,130.560524624838,422.467140323415,0.0393367587070195,10.4269397473437,8.08732918047396,0.943659953897735,5.48990314121314,4.48389863069986,0.222053274877069,0.0105793077735779,0.0060469484170885,13.4158518657324,45.6914626483323,15,3186.17125263522,82740.0,2,30.0079421921853,2.37393928539906,1150.40195094029,79.0922840201833,2414.22249555746,130.421699877759,422.824829056075,0.0030943240340982,8.29491662487033,8.50999416677935,0.629491635110421,5.32374704027683,4.6718999551259,0.228870188187495,0.0108515216787304,0.0063929230621657,15.4651972345519,45.6425470688815,15
0.104166666,30.0059642374287,3.69433717913739,1149.95404134006,82.3781071762127,2414.47587591938,130.561035466043,422.464892455894,0.0398914006757105,10.5256654873131,7.90014254170925,0.912426584376879,5.40564285336418,4.4706947975854,0.222167202715947,0.0105823774664563,0.0060656862122404,13.3771331796169,45.6913079535521,15,3184.14394523336,81475.0,2,30.006543322636,2.32362831795382,1150.31530487613,77.8378616463455,2414.94037388063,130.479061816215,423.029965642739,0.003129320728815,8.33360054743291,8.46784303904192,0.616825509031605,5.25280513169892,4.66440568447659,0.229075415225869,0.0108583397932685,0.0064031330909836,15.4733342567729,45.6624082321772,15
0.114583333,30.020301098398,3.51623135074981,1150.69862819897,80.7604911722935,2417.25178287141,130.746529817364,423.081135826933,0.0375731115468438,10.5714519747865,7.74451236099886,0.877853390504067,5.31205103549305,4.46356048945179,0.223653028961133,0.0106357631130383,0.0061175023792105,13.4070397844142,45.7557705553621,15,3186.22075383175,73715.0,2,30.0110827393192,2.25413719571828,1150.26040977597,76.3678070255322,2415.62206415542,130.546496428046,423.288003617816,0.0031055792301854,8.34788313636504,8.34595748263447,0.596435162616799,5.17252076247969,4.65920772762276,0.229525119314299,0.0108739507503549,0.0064215428993033,15.5149570059302,45.6856817653678,15
0.125,30.023567389655,3.18187111260053,1152.6966245151,78.7448886853693,2422.84705097168,131.098668028301,424.269436340922,0.0380150439516392,10.5976622067027,7.5312957461607,0.816431728637798,5.196429876751,4.45566913323675,0.224581378103814,0.0106680504014203,0.0061718535476384,13.4667231828119,45.8784158004799,15,3191.65131325639,68065.0,2,30.0168957286837,2.16685545321922,1151.04546721017,74.6369591287053,2418.19066409702,130.725240690601,423.945457370736,0.0031402590525472,8.29525131514104,8.22392042082562,0.57020654337981,5.07907061873757,4.65922996563892,0.229486660362601,0.010873030985807,0.006431526099346,15.6309084580621,45.7477998378856,15
0.135416666,30.0225954875749,3.03117797428989,1154.42304544511,76.3550301682368,2427.64364275635,131.422874715961,425.394257277924,0.0384724089728031,10.6646843071602,7.16001455872033,0.778700287703941,5.06301174738876,4.44275872849405,0.225572075347961,0.0107029217654476,0.0062100017738584,13.4955956902232,45.9912348009964,15,3195.92256387343,64035.0,2,30.0198804642659,2.09449150591714,1152.36558135253,72.6755978786451,2421.81458815071,130.977795895414,424.865800605864,0.0031759851998584,8.25906612318128,8.01064391980245,0.545575879929168,4.97363058802993,4.65643376263077,0.229425624383254,0.0108711962218043,0.0064391176360395,15.7398695060065,45.8356459632002,15
0.145833333,30.0210340118228,2.84017236192103,1155.38066026189,73.7549235039849,2430.68799274205,131.653638982306,426.247162210915,0.0397718773875642,10.7300161902479,6.71140367462896,0.744579058772503,4.92024894857076,4.43054382080307,0.226238104758051,0.0107260234284037,0.0062449463294555,13.5234088318391,46.0714327878675,15,3197.84685786676,60865.0,2,30.0206906282574,2.02343621730659,1153.62892927501,70.5364311399675,2425.25295597979,131.22912187961,425.802362128201,0.0032275268369284,8.23993382002466,7.71149471211903,0.527396182671532,4.85914201240588,4.65149577829991,0.229433980248176,0.0108716405850926,0.0064480384781982,15.8374678088104,45.9230387653425,15
0.15625,30.0210864872061,2.65289731224936,1155.78098599441,71.0627864281491,2432.24157089722,131.81380575657,426.905615948882,0.0410003156841005,10.8158837433775,6.22248987203254,0.706678320358616,4.77374061316049,4.41809136743292,0.226779879880509,0.0107448255753324,0.0062772727382001,13.5219239326196,46.127006384518,15,3197.94882855732,57665.0,2,30.0208193516257,1.95014461059748,1154.55096419948,68.2816881483262,2427.78827722142,131.440874167673,426.634793365071,0.0032848041339636,8.24395381288652,7.34359109091173,0.508581654399673,4.73907821374096,4.6450395591003,0.229554925983473,0.010875824218319,0.0064596889088938,15.911798892571,45.9966063902033,15
0.166666666,30.0070521012214,2.56319613115661,1154.74020772469,68.4598655301848,2430.33239807672,131.795387169645,426.997732274628,0.0460015127797416,10.963603997914,5.750160204082,0.687681975250755,4.63214063919619,4.39891001315715,0.225807430613952,0.0107090789903789,0.0062629626503178,13.4311908653222,46.1202357739996,15,3193.8343699124,60990.0,2,30.0170386435907,1.89346562392651,1154.91834723719,66.049457351408,2428.96182289614,131.59068025496,427.265709047186,0.0034204696525436,8.34001486206849,6.91056039495458,0.49637403498702,4.61761866114941,4.63060694624574,0.229923803525442,0.0108878504901653,0.0064741939776033,15.8899933361306,46.048556715683,15
0.177083333,30.0134276361036,2.45513517285431,1152.52921381374,66.0948160281576,2425.76869805169,131.631564423079,426.640076440489,0.0464090582088503,11.1010645854771,5.36376113498548,0.669647631617894,4.5025795651496,4.38608343784381,0.225988815026922,0.0107155633189718,0.0062790473920347,13.3356293063409,46.0627378663782,15,3186.54532996765,58200.0,2,30.0141275245072,1.83570002419136,1154.30751590714,63.8983131374261,2427.83067047306,131.621635055325,427.517791006512,0.0034715160946051,8.49220698643174,6.47671741367511,0.486348469724679,4.49939650046498,4.61277763764988,0.23088442533029,0.0109200874812207,0.0065021556078654,15.8012415645285,46.0590286254267,15
0.1875,30.0073673705227,2.36465143204608,1150.45734060221,63.9552189682654,2421.31709874048,131.476631504349,426.338409634568,0.0502677021629048,11.2086107448127,4.99344063020852,0.652277324581909,4.38505332780912,4.37543371897803,0.225004938780977,0.0106803477579378,0.0062656069359823,13.2319314566942,46.0084867548521,15,3179.66488965354,59890.0,2,30.0121352240732,1.78432977580565,1152.91015569828,61.8722487018727,2424.8544211677,131.555248189265,427.474502018665,0.0035952805019194,8.64752279806872,6.07406698195212,0.4769326403792,4.38707497269651,4.5964404149048,0.231705918083194,0.0109474005102615,0.0065261352951893,15.6901197628974,46.0355606795896,15
0.197916666,29.9939982239654,2.3716675266328,1147.79174697494,62.2266955765492,2415.23757822473,131.235912057469,425.755063174485,0.0571432657092008,11.3612217639465,4.6788629739219,0.655419586067916,4.28965005878935,4.36153034414163,0.222391265160789,0.0105867587991355,0.0062028847265064,13.0423572205949,45.9244221550131,15,3171.12856362239,66360.0,2,30.0058585413768,1.75288151971807,1151.11170886953,60.1162619054959,2420.8770839973,131.44010185896,427.256499363943,0.0037946171098029,8.89822075890332,5.65687698333874,0.474902900743611,4.28523773520886,4.57284797339975,0.232564557829376,0.010975230948692,0.0065477049871989,15.458772908195,45.9951924375367,15
0.208333333,30.0101502453031,2.3334962539623,1143.75046725223,60.8240311956031,2406.33718114981,130.830725237945,424.665660480976,0.0549427519100576,11.4230353012923,4.53407928273608,0.653153043168878,4.20973783460486,4.36295524553177,0.222729335354761,0.0105995659513906,0.0062159034090915,12.926577266511,45.7828683899518,15,3159.14320027988,62260.0,2,30.0047898184065,1.7178030072269,1148.39357793529,58.6051009374002,2414.77229562784,131.204682395481,426.667836238338,0.0037906590601435,9.11348938371674,5.33366021503678,0.47210135150231,4.1973692253277,4.55542138093549,0.233832276259342,0.0110175784971733,0.0065796805520117,15.2335080026225,45.912892831846,15
0.21875,29.99866581647,2.33242348112471,1142.14138411403,59.7179127747438,2402.46884135167,130.699386745354,424.488559457392,0.0604870108270331,11.4298542422719,4.45556902024529,0.654195162410808,4.14757412865809,4.36597920046102,0.221081078365714,0.0105404032596844,0.0061767213504398,12.8232515555303,45.7371718954941,15,3153.93994225401,67265.0,2,30.0039948125269,1.69499929764749,1145.49929228803,57.3387429757161,2408.24732121315,130.94112415089,426.014713437086,0.0039592644338176,9.26203764054997,5.11629817214402,0.470267621650666,4.12253772951779,4.54582894310084,0.234386797927034,0.0110356433494981,0.0065941190913693,15.0436144415559,45.820833692098,15
0.229166666,29.9994587448588,2.34057142373241,1141.0103918343,58.964312595349,2399.39156074739,130.60977209299,424.453524843905,0.0627737261053515,11.4374032759188,4.39775926860806,0.659495061470102,4.10530834934782,4.37306945837793,0.219877237247549,0.0104973994939749,0.0061475996307133,12.7065907409157,45.7061266625737,15,3150.10176658238,69075.0,2,30.0015341248761,1.68008514649482,1143.61202803646,56.4031154930844,2403.7441260599,130.784933369204,425.71504765007,0.0040462500636679,9.40691250303665,4.96041499256585,0.47157396771073,4.06543619155247,4.5383954004971,0.234810752488871,0.0110492495502633,0.0066046388206865,14.8270701871854,45.7664325229441,15
0.239583333,30.0034454755065,2.32689232615846,1138.44313120676,58.3735541496757,2393.27728179008,130.351689904086,423.889593899899,0.0635338922617255,11.3993017642196,4.35973876413646,0.659104415934077,4.06979180479406,4.38609363515465,0.2193504994703,0.0104788658829023,0.0061370399751774,12.6299832543647,45.6161282997641,15,3142.46353443769,69015.0,2,30.0017515618244,1.66561786633199,1141.47719794897,55.6822641629901,2398.60912656937,130.58941245727,425.312576705288,0.0040884764364185,9.48834528574226,4.85954757314114,0.471094497190343,4.02106868668423,4.53874022637898,0.235149061605551,0.011060356661074,0.0066136568796488,14.6542902438579,45.6983059158163,15
0.25,30.0187139668868,2.26574456941047,1140.33844327117,57.8524755227255,2396.74927371378,130.616238423319,425.055767177148,0.0585661693408469,11.290734405837,4.3468313170309,0.646323665197506,4.04040345060128,4.40734006965535,0.220887347835415,0.010535148335365,0.006181363043319,12.6462101594469,45.708981335215,15,3147.24088458252,62570.0,2,30.0071455405315,1.6411451403299,1140.2868473571,55.042499945075,2395.39597802953,130.4948721139,425.283835235898,0.0039869210056131,9.45198884182521,4.80963357448713,0.464250008912143,3.98505444196195,4.55094697680197,0.235457331227115,0.0110712789781098,0.006624247796901,14.5979032182963,45.6654985901103,15
0.260416666,30.012018817244,2.2346471274033,1142.92783658344,57.1840870495322,2401.67188453527,130.964798798272,426.516373727624,0.0596553983902891,11.1708067784648,4.32923202187282,0.6370687020243,4.00392010738799,4.42514331473803,0.220834487342863,0.0105339207157373,0.0061841039681592,12.6816338417517,45.8312127449402,15,3153.82214507931,62710.0,2,30.0107953023847,1.62110850692253,1141.06969320777,54.4329028698807,2396.36033905531,130.628916382732,426.03251177142,0.0040237884969608,9.34570636590693,4.78332532393051,0.457214485509939,3.95296358664778,4.56891254101157,0.235087993818765,0.0110592928650496,0.0066191131932589,14.6173504003873,45.7126550655406,15
0.270833333,30.0160330292724,2.1853068110222,1144.07505898089,56.3931396364847,2403.48264721229,131.146370683697,427.443219735094,0.0575544942702224,11.0735824974962,4.31386854256093,0.62701806818496,3.96044209597777,4.44259560952889,0.221383933812906,0.0105544512932299,0.0062035060257398,12.7201584721414,45.8949983185599,15,3156.32657592526,59325.0,2,30.012481036432,1.59855901449853,1142.27808492536,53.8034908292769,2398.18965637051,130.812665334358,426.960223578811,0.0039855605387938,9.22842957665818,4.76389043371802,0.450816572297951,3.92041901393348,4.5874703842593,0.234623094677338,0.0110441126289219,0.0066122294101399,14.6574226929448,45.7771952965987,15
0.28125,30.0079341100025,2.16302898937897,1143.95783924287,55.5392924811836,2402.49733492289,131.180144785717,427.892487482618,0.0597423456622785,11.0065956602835,4.28444192977317,0.621366070729282,3.91307115326536,4.45491412155548,0.220773570401127,0.0105329665154693,0.0061917826505046,12.7333389717384,45.9070681603914,15,3155.23062530675,60590.0,2,30.0118843182019,1.5802561083481,1143.13126934939,53.1396309478554,2399.2277888082,130.956837113053,427.768231283594,0.0040469595154675,9.12653198933689,4.74443054280576,0.445840431482085,3.88531276942527,4.60422117959524,0.233985473639723,0.0110228155837476,0.0066006250960588,14.6928143331462,45.8278799669828,15
0.291666666,30.0087605378648,2.13709484708444,1142.80081797955,54.723540369247,2399.21636413097,131.090714025996,427.938069538132,0.0596171234232059,10.9698981779176,4.2467088522818,0.617127287811029,3.86721535781871,4.46600843539262,0.220569995476684,0.0105261523262547,0.0061903672040795,12.7282927013825,45.8760355690203,15,3151.23415620968,59530.0,2,30.0102571569719,1.56245987934778,1143.24934546383,52.4744480106847,2398.64462757454,131.015791420698,428.297984208498,0.0040585902987294,9.0621250866958,4.71587996618009,0.442246666800355,3.84895566031676,4.61755464504846,0.233537470736212,0.0110077986181323,0.0065930598220698,14.6997564928511,45.8487552963735,15
0.302083333,30.00537620088,2.12875415983384,1141.28072953316,53.9725719219834,2395.10269642096,130.957781300709,427.841295105827,0.0610725193506985,10.9425480351786,4.21401832921882,0.615748839729952,3.82464365218816,4.47521651693328,0.220053153467873,0.0105079046242698,0.0061792689592729,12.7128530336263,45.8297776313919,15,3146.23863893553,60295.0,2,30.0086140525908,1.54777384627681,1142.64536694157,51.8229572667398,2396.47572970325,130.990540569002,428.553204094121,0.0041091533989649,9.02206228683767,4.68377246709944,0.439515539945857,3.81246173263841,4.62866093708506,0.233190884128703,0.0109960894515045,0.0065872155643078,14.6896234911279,45.8401693598791,15
0.3125,30.0011713393008,2.13569919994362,1139.3371731247,53.3576061871087,2389.99704469839,130.772047635379,427.56415038403,0.0635445740104329,10.9378766382275,4.19097428911883,0.619003778128341,3.78911049481609,4.48215757889044,0.219134539374662,0.0104749870457002,0.0061566675410083,12.6713257401938,45.7650441980844,15,3140.09479967077,62230.0,2,30.0058760650106,1.53833049358092,1141.52828705395,51.2428326368434,2393.18091250698,130.905579074664,428.6041262427,0.0041841038492987,9.02296633308879,4.64892685932603,0.439335657862104,3.77816698788524,4.63601920480025,0.232929359510749,0.0109870033953744,0.0065823099239652,14.6408616034644,45.81070292491,15
0.322916666,29.9975766640228,2.15720321714272,1136.22187920865,52.9195488408262,2382.32798262719,130.446419074533,426.818185765684,0.0665862237272892,10.9518440359776,4.18870160454956,0.625870970826106,3.76218130499469,4.48757455900625,0.218029743172767,0.0104350666097376,0.0061277566220674,12.6049781995581,45.6513381569183,15,3130.78901525535,64910.0,2,30.0025216605771,1.53463543763811,1139.6647861318,50.7733984298201,2388.26779983809,130.732879796228,428.354096911296,0.004274304644628,9.06612570005979,4.61859142647404,0.441458291404769,3.74800251429062,4.63969287072087,0.232819394913948,0.0109828429233088,0.0065798199348327,14.5486337032991,45.7505432399456,15
0.333333333,30.0019348818674,2.16444011399748,1133.24256978926,52.654168973835,2374.95279939589,130.135875911581,426.116903825066,0.0666940452915499,10.9505836750682,4.22065303393989,0.629713128789668,3.74451197055621,4.49561244745379,0.217915512152411,0.010430788572168,0.0061240599820638,12.554044443978,45.5428536206705,15,3121.98387863723,64780.0,2,30.0013855170085,1.53103594222197,1137.12468919029,50.4149014769369,2381.87698768294,130.47850164641,427.830679763317,0.0042912498835197,9.11256058003384,4.6097797700266,0.443025197123322,3.72365197260421,4.64338838354973,0.232979464249858,0.0109880377306905,0.0065835962587254,14.4518955645556,45.6617794526037,15
0.34375,30.0061197476226,2.16730862561048,1131.9555059601,52.4765026853308,2371.21116824402,130.024409117535,426.07179667652,0.0657391389143428,10.9141054009714,4.27492888972058,0.630719327689005,3.73270454803453,4.50625477966389,0.218422520253345,0.0104490154553135,0.0061357254244076,12.539915458923,45.5039650157361,15,3117.93251077443,63725.0,2,30.0028986259693,1.52670810358715,1134.79257390284,50.1370887450901,2375.9031743962,130.245970598204,427.384347327815,0.0042784488384192,9.12108554031333,4.63050113853084,0.442655482400707,3.70515367083094,4.65042271650278,0.23318257899905,0.0109950055764808,0.006588781841478,14.3937374642328,45.5806039529448,15
0.354166666,29.9966382629765,2.20715382369729,1131.89375665442,52.4369843149802,2369.93740375706,130.050518641658,426.468849908404,0.0699433823917066,10.8950519554572,4.33160953299274,0.639653032413094,3.72972146314277,4.51271598468183,0.217423412365784,0.0104126333015154,0.0061069386951319,12.5018416518125,45.5132220610023,15,3117.22555150315,67985.0,2,30.0016219088601,1.53218230146095,1133.36763096292,49.9870123297636,2371.85852936403,130.119486053681,427.276948004292,0.0043892914718737,9.13617941319618,4.66410826118325,0.445735273400973,3.69318716708005,4.65612688717838,0.233034372733166,0.010989706648422,0.0065844187232121,14.3266834164473,45.5365044876171,15
0.364583333,29.994788428666,2.27186031617813,1129.63655277102,52.566241368228,2363.95455832379,129.815593521697,425.993087426441,0.0721367602198283,10.9012863259744,4.40214272501254,0.655659466915424,3.734486840939,4.51849576401696,0.216677580442053,0.0103852189977724,0.0060816533949256,12.4428914341239,45.4311306082467,15,3110.54787301457,70855.0,2,29.998461716419,1.54504763745314,1132.09872186977,50.0036061787401,2368.11519130264,130.00886358253,427.202434825316,0.0044479393119902,9.18566954001289,4.70787563932886,0.45252065419742,3.689249070686,4.65859290818967,0.232979288840573,0.010987392642377,0.0065810088141019,14.2230412796748,45.4979503879965,15
0.375,29.9655595050384,2.54487907731705,1122.58873824429,53.0045193706263,2347.46405277086,128.996868629797,423.551924461625,0.0858053565808796,10.9720995667588,4.60045761056347,0.712926884694489,3.75793147604994,4.51427412776192,0.212715212531473,0.0102396019532904,0.0059564778918698,12.2855701164441,45.1448195261759,15,3090.56319225253,88185.0,2,29.9855435331084,1.60614141101209,1128.58628685788,50.3247756359586,2359.62378003905,129.633240790707,426.202531019973,0.0048646133295468,9.34613949097567,4.781765931517,0.476619270083056,3.69645009891255,4.65034483040543,0.232437863691603,0.0109672835133715,0.0065590292257694,13.9943387440165,45.3667029000695,15
0.385416666,29.9881038529348,2.91401617093557,1113.49861696116,54.1034589395558,2326.98346730994,127.926821518272,420.252622666577,0.0774401230579955,10.9426372434605,5.18670482173712,0.794823127980967,3.81626205022765,4.52876966666506,0.215203527634835,0.0103279069739874,0.0059762102432209,12.2406370563642,44.7704309103622,15,3065.6515637294,88175.0,2,29.9822821613269,1.68483434219359,1121.84984000307,50.9917999207767,2344.2481411413,128.859427398507,423.856318447016,0.0046199898409006,9.48668723443492,5.06203586263602,0.510684657673336,3.72467699709427,4.64660468719403,0.233320210931,0.0109968790327642,0.0065682667414333,13.7765051703138,45.0961146222023,15
0.395833333,29.952899323112,3.66256629165676,1105.7620297154,56.2372156667761,2308.65913835886,126.950417129588,417.202724550015,0.0851014850798128,10.8558383543921,6.0836563405485,0.936344799609182,3.94540374079895,4.5382658445284,0.21347690657058,0.0102625126327589,0.0058606849825511,12.202606195568,44.4287999878286,15,3044.43024405635,112305.0,2,29.9702331354608,1.87976649267896,1113.10948105413,52.4342479329816,2324.7483523067,127.825450516303,420.599780645236,0.0048726946417278,9.55872811396622,5.69993520403777,0.577313156331582,3.79569882193104,4.64816018482557,0.23309789867169,0.0109884396892177,0.0065375984557731,13.6021506092357,44.7344050703677,15
0.40625,29.9532170335984,4.52031971734886,1102.46906234016,60.0267329548174,2297.97164133847,126.374225754135,415.363782302598,0.0813121535411158,10.7706671642007,7.09723978146199,1.09303890469052,4.19479108801583,4.55581698721808,0.212378723812179,0.0102215509676128,0.0057583909679808,12.1822881841844,44.2274252960058,15,3034.82465248964,131380.0,2,29.9577158618724,2.17796381593287,1106.35832655204,55.3382108117972,2308.42239744495,126.92694243796,417.686125733884,0.0046975175975679,9.59237650297612,6.66911067128807,0.677493156186218,3.96654038115902,4.65475529664542,0.232656919433689,0.0109728521629903,0.0064905150438238,13.4447366409233,44.4202029598349,15
0.416666666,29.987694003078,5.38776234154946,1100.7444958976,64.7362098732633,2291.70442596659,126.017809629756,414.16808838144,0.0622971166439157,10.5419019189952,8.27288117822188,1.23508841978033,4.47826634215085,4.59012636482318,0.215333800066559,0.0103333936291641,0.0057570214196547,12.3875937148665,44.1028880676923,15,3031.10543836226,127990.0,2,29.9728711456595,2.45285866784774,1102.34309989256,59.2283310121442,2297.35001387706,126.29060116663,415.590271031202,0.0039562066145928,9.41423997472005,7.78611290101144,0.758281071826595,4.20645231007591,4.6845858633823,0.232857908838518,0.0109813225559534,0.0064640051894438,13.5426795578968,44.1977898669099,15
0.427083333,29.9701185102624,6.39991362803953,1104.06684138868,69.846897342102,2295.93002491867,126.231928425856,414.73564286986,0.053848730676422,10.3282963129052,9.41575735038944,1.38106223203396,4.79369131248197,4.60919068214374,0.21551071871671,0.0103431396546926,0.0056849941207007,12.6375125576378,44.1777550194617,15,3041.24181747347,138900.0,2,29.9747619558828,2.81346328681235,1102.76676505915,63.799280344536,2296.22281822081,126.183761871153,415.156727731211,0.0035723836626643,9.11011227475114,9.00068300294479,0.844235722483467,4.48170120431188,4.71897094887939,0.23155847688346,0.0109385687606956,0.0063956065231504,13.8331283958528,44.1605356862075,15
0.4375,29.9683044434815,7.48759726057806,1101.84743445673,75.3553703445938,2287.28188120058,125.710819241916,412.782816627655,0.0457702080626017,10.171790107413,10.4791414079231,1.5276117727642,5.14896818379333,4.62434977622283,0.215887300587469,0.0103604623113884,0.0056179970679877,12.853399328906,43.9948880524223,15,3035.22990744292,147755.0,2,29.970107977757,3.24342625580619,1103.08611942684,68.9803632860993,2294.07417262832,126.001133421189,414.349315868874,0.0031909428044415,8.84212131648572,10.1682492341973,0.941044882400003,4.80656254233765,4.74515729639587,0.230204228975661,0.0108936397088318,0.0063201357548543,14.1412607935598,44.0964465952911,15
0.447916666,29.9643679317603,8.50699467718029,1096.56743603436,81.3072232466774,2271.04482818293,124.72951436641,409.268212364235,0.0408545207521372,9.99345898482664,11.4368652192756,1.65387475912179,5.54721506216102,4.64267915180278,0.215939365771417,0.0103659885113887,0.0055543392656577,13.001369445633,43.6502354021237,15,3019.92558719756,159305.0,2,29.9662524736303,3.72870299870675,1099.42590874945,74.6690620698659,2282.48392762433,125.264616588599,411.633992536766,0.0029240982649153,8.58933386557955,11.2552638863452,1.03953149819212,5.17451582367675,4.76909184049198,0.22877098189706,0.0108457279867807,0.006239495594484,14.4086210420917,43.83793785326,15
0.458333333,29.9777541421903,8.93389656149312,1093.09731560125,87.8536621852252,2258.79512248289,123.915340076562,406.307404037436,0.0366906372398688,9.72381191735035,12.2243201864109,1.70643235227142,5.97269431229556,4.67580863333406,0.21686395783888,0.0104039777878446,0.0055505062230358,13.1224711478728,43.3628585046373,15,3009.998777166,160855.0,2,29.9729887337532,4.0496630944101,1095.14375131886,80.7343784103706,2268.86081502107,124.374185217918,408.398882748926,0.0027288500011205,8.28588610356521,12.1838186850455,1.10179013423593,5.57294551035467,4.80197617627753,0.227247976261298,0.0107949847407632,0.0061761951925135,14.6278411146183,43.5245955333096,15
0.46875,29.98180019793,8.78060062002249,1093.40538078943,94.5662503252239,2254.86690017596,123.531764889508,404.761221390201,0.0347434016211931,9.44504164765213,12.5896789342569,1.68291486997822,6.39651316366042,4.70936383567619,0.217823428424456,0.0104427900477812,0.0055838183476871,13.177784600347,43.2245793959901,15,3010.76707272474,160900.0,2,29.9793727179177,4.17181439238872,1093.38332286485,87.0197623651607,2260.70262298222,123.759466005251,406.087372438943,0.0026532708298105,7.96278780100785,12.8057686925977,1.11553789401857,5.97462409904594,4.83892116749499,0.225408717028553,0.0107331551347729,0.006126512895944,14.771299249504,43.3063484299325,15
0.479166666,29.9853672969382,8.2860645024913,1095.98341771321,101.051064130079,2255.77116447999,123.399755847091,404.033433847395,0.0336796226146575,9.21437904799183,12.4822640770486,1.61315298836508,6.80127201099647,4.7382059829165,0.218992114323626,0.0104883198262555,0.0056434932713653,13.1652734970735,43.1728528112264,15,3017.55876662175,159345.0,2,29.9833980006039,4.15459322352086,1094.69570486209,93.2290470278556,2258.94985134964,123.487783952793,404.905297164351,0.0026343303559212,7.69497986392674,12.9636608965083,1.09638308759973,6.36633513866311,4.87084196360493,0.223816273320596,0.0106794032730335,0.0060954677535336,14.8133189318303,43.2066251210704,15
0.489583333,30.0144001406799,7.48416460016241,1100.91994738525,107.005468221933,2264.82376292476,123.706328033347,404.764085845127,0.0298064270665106,8.94632032970661,12.3799013959268,1.50602416003841,7.11552101442046,4.77197562934248,0.22047477215587,0.0105448993419212,0.0057330653508249,13.2561793923299,43.2738984835215,15,3033.37011817045,140235.0,2,30.0012346072749,3.93095723405126,1097.89450588456,98.6572344682818,2262.60603336875,123.507882662715,404.724444970176,0.0025682186705918,7.39120802134695,12.8863399003664,1.035606503138,6.68751319891537,4.90714217692046,0.222107366079879,0.0106217931551749,0.00608223560079,14.9143351094201,43.2080861202069,15
0.5,30.0049153150168,6.92366384594359,1108.25138677078,111.273470161281,2280.1061118467,124.383632255324,406.692547530848,0.0282947578325886,8.78508909579836,12.1721490795168,1.41482360407337,7.32420384327208,4.78322102141441,0.220254958981795,0.010538647843795,0.0057707932792466,13.3262918771931,43.5046399293761,15,3055.65884137073,133475.0,2,30.0057761502789,3.78255424247794,1103.53801222995,103.029408159343,2273.65234186608,123.950133783806,405.941282848137,0.0025619365693203,7.11726406061794,12.7656505947542,0.975460444222931,6.91397767075994,4.93342833031151,0.21994567695552,0.0105475689115993,0.0060511956937037,15.0530148443467,43.3569599933314,15
0.510416666,29.994802102008,6.54500767938113,1113.87284206574,114.049745002623,2290.78399493053,124.822931993046,407.822914218308,0.02794916104112,8.76003527527275,11.7474020635678,1.34849248944766,7.47612422813105,4.77944374707574,0.219723903629111,0.0105198512725289,0.0057882998403452,13.3030742472195,43.6522297473393,15,3071.25349346819,133450.0,2,29.9994070785905,3.72230659370154,1109.83003996383,106.31867249268,2286.0453435372,124.481986910232,407.408880938263,0.0025663914155798,6.99577559796718,12.4601445674216,0.940013147042387,7.0872137512836,4.9394342837076,0.218743103499088,0.0105058181224385,0.0060313407226486,15.0979700619895,43.5370116434035,15
0.520833333,30.0036856311025,6.1802681658969,1117.64336591216,116.11403605665,2298.14511569685,125.076051256148,408.368007265561,0.0265162938985342,8.73388549501526,11.2693938976584,1.28787730882833,7.58176364136142,4.77896267057714,0.219388092476198,0.0105081191500398,0.0058097676308947,13.2856455423603,43.7349611960536,15,3081.81115303757,127860.0,2,30.0004453886165,3.6419361778,1114.57803337203,108.603289466826,2295.04701785489,124.830936665517,408.276225706016,0.0025470500056482,6.93766467531595,12.0258733865771,0.90837031952183,7.21203638638626,4.93968417828996,0.218215306255536,0.0104875255593368,0.0060280274378412,15.1042257880829,43.6532046809151,15
0.53125,29.9985568432701,5.90284578967526,1121.15959474973,117.708420101596,2305.27232022856,125.319497154802,408.893009498738,0.0260515268868756,8.72391707926204,10.8163951561706,1.23658654571519,7.66056443970378,4.77384622509102,0.218391323794576,0.0104721992340007,0.0058101635306993,13.2489943190626,43.814677603147,15,3091.62563950243,127480.0,2,30.0001230157015,3.58733361727351,1118.40976923134,110.311389505249,2302.63972498859,125.103783277222,408.906532742243,0.0025534291735643,6.89845464888292,11.5613980053461,0.882053698171195,7.29914695933687,4.93732991595638,0.217683264495318,0.0104688323872216,0.006021832208273,15.0955976163872,43.7430470162582,15
0.541666666,30.0236748508389,5.56500904176128,1126.01876067747,118.710492746318,2317.13297012354,125.819927464133,410.292801427097,0.0229617857681348,8.6340502465646,10.4500122936604,1.18172273037436,7.68011364501765,4.78014404200512,0.218006195919094,0.010458980928538,0.0058299268048464,13.3381876290478,43.9849336387052,15,3106.46991455795,112005.0,2,30.0110488693028,3.47240385562198,1122.29441343981,111.261471254864,2311.11043666945,125.423306447636,409.736927225136,0.0024975081817905,6.77900772787867,11.1680835099306,0.845949404511194,7.33963019296167,4.94369810906234,0.216783384684646,0.0104378268430637,0.0060142219061697,15.1862114893246,43.8497953360728,15
0.552083333,29.970034420954,5.73129392078154,1129.17746461518,118.841686335167,2322.97297756198,126.012270705651,410.632355406848,0.0258393862359051,8.73602665570132,10.0261660942594,1.1891450324545,7.70295819332184,4.75350897339485,0.215329622155962,0.0103603773748836,0.0057559629167378,13.2162113918873,44.0480065789632,15,3113.76357090284,132775.0,2,29.9926161141453,3.54613949727596,1126.64070410102,112.055411158748,2320.8931307451,125.82686097485,410.784168649517,0.0025675568404367,6.81497407417234,10.7301664394123,0.847028811001962,7.36705959415881,4.92881069094221,0.21624619081077,0.0104179607906734,0.0059941218015753,15.1354027045149,43.9862687563551,15
0.5625,29.9955446402224,5.77521012759683,1127.06833466811,119.594429099643,2317.01163111647,125.520776644141,408.783698064258,0.0244122513990181,8.74530395586213,9.73928041527831,1.2001726111895,7.76628090272419,4.75490416529546,0.215188828254813,0.0103553055859152,0.0057493748801932,13.1414965786931,43.8723919268787,15,3106.38844613962,129525.0,2,29.9892277066623,3.58214880962379,1127.7718190206,112.788908309936,2321.98692284514,125.737044016353,410.190376985011,0.0025209486174169,6.92618574622361,10.3385058374484,0.860970486220642,7.42621886195237,4.91237417127219,0.217264027269709,0.0104534115563362,0.0060125293106623,14.9896227419567,43.9506077301544,15
0.572916666,30.0092930135723,5.70282159406657,1128.18891028756,120.5468429534,2320.363194003,125.528882360836,408.618505141241,0.0225703192477651,8.59440803402097,9.52123076965099,1.18893575804445,7.79801655152839,4.76940987483841,0.214493499916594,0.01033124063119,0.0057409547594817,13.2098364174658,43.8720574140422,15,3110.33879412006,121550.0,2,30.0009416249335,3.55205619826325,1127.37011697073,113.411057918346,2320.98452375418,125.513865907598,409.256291267804,0.0024832088776816,6.81797851066354,10.0831358005427,0.852522587238291,7.46068491772977,4.92170028809838,0.216467107158529,0.0104259539761727,0.005998634596079,15.0268377526174,43.8690500039815,15
0.583333333,30.0067675889632,5.65632559841522,1133.06712348899,120.847957686099,2332.33778001226,126.019135243863,410.018387307999,0.0215434234951646,8.46474870377605,9.34307310537528,1.17877619898658,7.7912654529558,4.77677117727092,0.213448266406232,0.0102939014450374,0.0057223777392876,13.307450286389,44.0408326507942,15,3124.7484122925,117020.0,2,30.0056666854513,3.52246624793799,1129.96226111692,113.786525732911,2327.53890371445,125.705474283482,409.7088859894,0.0024616174196186,6.63364364514122,9.88299781654735,0.839057320935974,7.46687056477515,4.93608638499343,0.214735964734831,0.0103655503822324,0.0059641654250599,15.1532982360899,43.9330904453704,15
0.59375,30.024361388759,5.43838267879929,1139.19669868533,120.209124489226,2348.18749916058,126.729177033152,412.149232317699,0.019493772539404,8.31646055200101,9.15672470528998,1.14869403019302,7.71989626621938,4.78693260183524,0.213328474210357,0.0102906076806004,0.0057384196102751,13.494003889004,44.2869828577451,15,3143.0690359078,102800.0,2,30.0141932144275,3.4227590939388,1134.44748865816,113.356876493114,2338.87050530259,126.166132679507,411.070732524246,0.0024257796084151,6.39350679966918,9.73177518594017,0.812441898834116,7.42577061908429,4.95441529853325,0.212659001376854,0.0102931071639435,0.0059292730785634,15.3821202378952,44.0917587163088,15
0.604166666,30.0238242596457,5.16964462953351,1146.64741467973,118.196085324595,2367.64418916618,127.662030269791,415.015395755391,0.0187501265759317,8.2056265557574,8.91699103089898,1.10560498528207,7.57051934478844,4.78694189156335,0.212847120587529,0.0102734723245001,0.0057502705473907,13.697673505785,44.6115135852382,15,3164.8324715857,93660.0,2,30.0202830567473,3.2996970847,1140.17499400969,111.917159726989,2353.75937923331,126.840500382534,413.163162698652,0.0024309101476046,6.1273459199603,9.56130073626135,0.775902569871857,7.32250293572706,4.97202975827759,0.209989782470419,0.0101990635928118,0.0058831269063387,15.6860341387414,44.3256501652028,15
0.614583333,29.9500657874784,5.42775527283746,1148.14945455548,115.795055104686,2370.14406819428,127.707464890985,414.893662050063,0.0246761790018223,8.51444724359749,8.49293254721031,1.13483331503126,7.47156798511482,4.73665340115402,0.209957123260471,0.0101627285027251,0.005659997031575,13.4262540887628,44.6260673134082,15,3165.98682908168,126600.0,2,29.986875750959,3.3874217060643,1145.81571657181,110.503388760993,2367.65934439854,127.492398513677,415.025831109625,0.0025570349753967,6.31840586073012,9.2058842937396,0.792980683403971,7.22789166514886,4.93893767817323,0.21056172167413,0.010217314772659,0.0058849958535067,15.5587560848211,44.5518605703916,15
0.625,30.0055978476055,5.23271417256448,1141.7630666473,114.965381221295,2356.15192585221,126.808676877364,411.793709943926,0.0229441210963394,8.60274486957278,8.27529341288194,1.11990982715323,7.43970485696654,4.73788971602709,0.211493214183109,0.0102189064272843,0.00570994587649,13.2715662558318,44.3107221574207,15,3146.84511202463,115230.0,2,29.9878549191235,3.33373012421412,1144.86651657594,109.268585482217,2365.15021261082,127.238226080022,413.924212513765,0.0025255573262521,6.60849863000348,8.85467259646062,0.800905766146153,7.17893091957674,4.9076573706392,0.21383511871781,0.0103330942404764,0.005962341060015,15.2772605765992,44.4615924754962,15
0.635416666,30.0164696527674,4.98316395867418,1142.1515165867,114.423381723206,2359.34021304997,126.847740785127,411.813395899896,0.0221646679007333,8.47270153036782,8.17580196961832,1.07691185637074,7.3776774716697,4.7502343029012,0.211326273080595,0.0102137661085184,0.0057278688356864,13.3053881761633,44.3234464220444,15,3149.17477085021,106785.0,2,30.005169162082,3.23329286717029,1142.3271000531,108.227395336746,2360.73329456347,126.87020534928,412.603061754867,0.0025405282847989,6.55561181454793,8.68823877545493,0.774517092556315,7.11369156034131,4.9135836528856,0.213667872285409,0.0103276798632305,0.0059692518323366,15.2641775345469,44.3318574784965,15
0.645833333,29.9937449935167,4.9424083370586,1146.33682580947,113.424282462808,2369.65911482173,127.29434741086,413.119330504224,0.0238910067709549,8.46759525278027,8.07208629928786,1.06394686104966,7.31423341870979,4.74317906354528,0.210081329666166,0.0101672032074211,0.005702462877053,13.2633961545038,44.4788410188263,15,3160.73455652094,112435.0,2,30.0024052926848,3.20963506528793,1143.96583726638,107.403623845837,2365.81751483709,127.028416487837,412.992132724316,0.0025897815632671,6.51261051603853,8.55453088967745,0.762556854916016,7.05245246206335,4.91399363319397,0.212932705532153,0.0103014286253918,0.0059551061676993,15.2414774100756,44.3862619600707,15
0.65625,30.0361464131887,4.65358748182812,1151.19189677357,111.98882619426,2382.78693010629,127.888332319697,414.94646460743,0.0210422711627557,8.35606109335167,8.04517809840042,1.02588072353185,7.20684044891031,4.7564390078962,0.211995535128553,0.0102390753771224,0.0057718326256188,13.4121745642447,44.6859439951414,15,3175.11629549729,91105.0,2,30.0144235117567,3.08654266169694,1147.22268963612,106.021467054066,2374.39052459623,127.37933620767,414.051812315971,0.0025375688686202,6.37207171659581,8.49553460362102,0.735326636504692,6.96890380611401,4.92501939158642,0.212272952538678,0.0102792441353297,0.0059541292824752,15.362747506121,44.5082500975645,15
0.666666666,30.0211436248147,4.47076662522284,1158.39266234639,109.345477357259,2401.65359618501,128.819716791939,417.889818694234,0.0221057182166745,8.26247462738873,7.91914473252278,0.991878455491191,7.02997784605334,4.75413888676501,0.211718405583745,0.0102291122615181,0.0057817070709641,13.5862912010224,45.0111348303785,15,3195.8343046539,87210.0,2,30.0216872129901,2.9817010209075,1151.99802840563,103.910112328355,2387.19462220681,127.975246911494,415.96657384277,0.0025766640403344,6.13688433205749,8.44966209641175,0.702182841612758,6.83494585295278,4.94157347657856,0.209936577037865,0.0101968998682816,0.00591340185364,15.6262611039991,44.7160445197216,15
0.677083333,29.9911216566035,4.54471507762486,1163.23996219315,106.199029894953,2413.95217638779,129.414030451636,419.699590434572,0.0256500820752819,8.38911548448947,7.71793975306359,1.00542691866867,6.85389626740475,4.72906220803208,0.210968359069658,0.0101992534729269,0.0057558597017661,13.5501223678954,45.2186614021969,15,3208.29258807322,96230.0,2,30.0091040478818,2.9534604542763,1157.93468294544,101.543575602661,2402.40055463693,128.721393613932,418.301407793383,0.0026505000925147,6.1393780675133,8.29932812915951,0.697424922740981,6.688332490405,4.93144261005012,0.209454492741007,0.0101790973310331,0.0059047962721793,15.6914404052335,44.9764789694811,15
0.6875,29.9987190605409,4.62151705929309,1160.08637653787,103.277669563358,2408.91581004503,129.060388492652,418.458077502652,0.0263875434696855,8.49418404949284,7.64549113648017,1.02893976982453,6.691035787845,4.71578505511577,0.21162631766906,0.0102223169571469,0.0057631125364107,13.4937099547261,45.0950491422202,15,3198.67002846284,95985.0,2,30.0007453486417,2.92082763357489,1160.58627875925,99.0147951237499,2409.98797313707,129.058006736172,419.272837063047,0.0026704988539129,6.28161476887774,8.15107432393524,0.703339125490898,6.54214401935918,4.91073471907939,0.210921449903482,0.0102309577493201,0.0059404697167266,15.6205611940241,45.0939421267213,15
0.697916666,29.9978750531854,4.62214616909374,1157.00483418698,101.024702065024,2404.01041787767,128.714055387824,417.271867026394,0.0277013295466533,8.5264525342238,7.61357024376312,1.03632456232483,6.56117636375641,4.70983272827932,0.211339493122724,0.0102110270893886,0.0057557902917144,13.4476407000321,44.9740827537667,15,3189.74996947324,98185.0,2,29.999076705599,2.88558223320019,1158.74835391627,96.6018703056769,2407.88217443877,128.867570678593,418.55948791665,0.0027184816397578,6.39084893693539,8.08196016841058,0.706179677408926,6.40161306243413,4.89661379459998,0.211977594928165,0.0102681013886004,0.0059672622796759,15.5442074205947,45.0273504779021,15
0.708333333,30.0074823566619,4.48966785123465,1157.84523602119,99.3386335507318,2407.40158017657,128.825422789521,417.589685809236,0.0278805482113311,8.52338280142085,7.52031374489885,1.01931024983398,6.46080190368559,4.70996263816137,0.211441916347504,0.0102146361748406,0.0057694686788019,13.4237122584334,45.0130881700868,15,3192.01023488801,95070.0,2,30.0023322569302,2.8233219341867,1157.98860522598,94.640648537407,2407.81996291246,128.791329436355,418.247833617202,0.0027440300723917,6.44519349599181,8.02086420887242,0.698302871953717,6.28765745097608,4.88997176172012,0.212622471076249,0.0102909104416847,0.0059880498165789,15.4867773233625,45.0007394350124,15
0.71875,30.0098475774659,4.25117853329726,1159.30522759869,97.5904898141726,2412.24469147446,129.035076994113,418.238466665194,0.02885224037842,8.53348927168677,7.33300461722748,0.98043844600074,6.35297924606094,4.70737260922524,0.211303244500762,0.0102089403957257,0.0057867092462362,13.4011583236377,45.0864185663348,15,3196.12527833472,92400.0,2,30.0065420158734,2.74271820658535,1158.35858366861,92.862660012709,2410.14697892495,128.857546871415,418.431781473255,0.0027906327109715,6.45240731191746,7.9112594894927,0.679978887100859,6.18247291998839,4.88804744784464,0.212725470680168,0.0102945439365503,0.005998770380624,15.4655450509726,45.023930108841,15
0.729166666,30.0079532326827,4.10455148505085,1160.41698852763,95.5954315761204,2416.24355844705,129.216160273136,418.796167495775,0.0301162566142671,8.58974237792994,7.13376531238019,0.952505362631503,6.23305313302735,4.69918534981915,0.211356504072821,0.0102099156536128,0.0058001398813667,13.3560791489285,45.1497463935467,15,3199.06353953495,91040.0,2,30.007834706957,2.67470469922734,1159.3906764097,91.0782345038826,2413.8238166603,129.014765832595,418.921645149459,0.0028401542972535,6.48293373947397,7.73806181997062,0.661886679472654,6.07616002509064,4.88296708077593,0.212984268743534,0.010303555577222,0.006011572293972,15.4307643023526,45.0789133838614,15
0.739583333,30.0013071792727,4.02967712726472,1160.12400279459,93.6122002128831,2416.97003194752,129.226732581083,418.798696387724,0.0321480701985212,8.67957096921967,6.98434457945403,0.940257633118782,6.11743804467566,4.68720064869086,0.211199328286868,0.0102026728755195,0.0058018281237619,13.2856250965166,45.153516677243,15,3197.91388545078,92735.0,2,30.0052333659233,2.62768456891604,1159.9888938776,89.2632529404648,2416.50185207308,129.129641953743,419.266162879411,0.0029036259861765,6.56577479551637,7.55935580297126,0.652589702826386,5.96809358195834,4.87217021606436,0.21363833588822,0.0103262768314366,0.0060307643096052,15.3573323442306,45.1191097304487,15
0.75,30.0010141914638,4.02898803872848,1158.58750989917,91.911035905883,2414.83567891295,129.08172466062,418.303697060882,0.0333857413154137,8.76168239663618,6.93056478665174,0.942020215161898,6.01868532860473,4.67786677812518,0.211375603846696,0.0102080651199765,0.0058048416881798,13.2194499046618,45.1029801719442,15,3193.36696995859,93330.0,2,30.0026551193937,2.59480136485339,1159.56076899737,87.5724060554605,2416.8052424674,129.12055407654,419.202565379894,0.0029466798794655,6.68164399213242,7.42330160783527,0.649317136621313,5.86799024982861,4.85890813584249,0.214678571327492,0.0103626015801252,0.0060571281833881,15.2574023710588,45.1160227458602,15
0.760416666,30.0021441520554,4.05191950862937,1157.65895260903,90.5025221165149,2413.9855310113,129.001980992842,418.035582031424,0.0342203997223262,8.79869355312876,6.96948716156252,0.949794871304716,5.93606518413575,4.67370483038412,0.211592039942476,0.010215414653352,0.005807106263139,13.1885975063429,45.0753189468298,15,3190.69491578095,93350.0,2,30.0020884859065,2.5702114505258,1158.53394952179,86.0733110102644,2415.74838327561,129.035826681754,418.903422714029,0.0029768314014667,6.7721011680066,7.37603551062081,0.649190279362004,5.77924967991338,4.84916161233081,0.215552515571806,0.0103931572916921,0.0060790546552684,15.1800939900545,45.0865580857185,15
0.770833333,30.0027351789786,4.10505879854151,1157.8919438358,89.3204197001678,2415.58604848561,129.053190851172,418.205217587868,0.0347603479315764,8.80255420544961,7.05545215629612,0.962541336531859,5.86651173580449,4.67307127023896,0.211786074212323,0.0102223308716344,0.005806527730228,13.1861075422473,45.0934768025818,15,3191.3627229474,93270.0,2,30.0023722959366,2.55293463836038,1158.06668453576,84.7987744297592,2415.84169050243,129.010352029693,418.810606188588,0.0029952676879365,6.82325605398694,7.40365203494452,0.650489856201685,5.70378199944356,4.84398680298439,0.216082954451615,0.0104117209870156,0.0060926529657052,15.1363805346122,45.0778569811539,15
0.78125,29.9626495912358,4.37201016210527,1153.12946160686,88.6555391552812,2404.59138019414,128.438566423439,416.166174910457,0.0414041588865159,8.9630447736684,7.17880798296022,1.00684528853962,5.85015947891842,4.65333014709215,0.208820086808613,0.0101097097510542,0.0057113955685343,12.9780455906391,44.8791140845905,15,3176.89517728108,115685.0,2,29.9841097392911,2.63402573266821,1156.55451437055,84.1540479994515,2413.19758975394,128.840121193329,418.181140300991,0.0031735969112699,7.04016027071058,7.46019904159159,0.678865317378095,5.663908543762,4.82217463584267,0.216902051948706,0.0104386589692212,0.0061001678183416,14.9069197057779,45.0187060020795,15
0.791666666,29.9950503452278,4.44367649713894,1141.06466468009,88.9518330057952,2378.05184064218,126.975270700202,411.373767797766,0.0383963754078269,9.02916181196313,7.32909921631341,1.02456175946485,5.87591904992507,4.65816682026213,0.209319553248444,0.0101283025970619,0.0057167974273643,12.8573469367254,44.3682419438051,15,3143.08921407738,112545.0,2,29.9846560013168,2.66861971115293,1149.1915311806,84.0700041486928,2396.91563078073,127.930194912514,415.132553081081,0.0031021742285411,7.26431584947357,7.58854720572706,0.699997601371386,5.66756258282231,4.80606708998809,0.21884669314169,0.0105061862786491,0.006139085429975,14.6446399418041,44.701197731093,15
0.802083333,30.0021722127767,4.43534929508766,1141.4134055993,90.00547330399,2378.81983194908,126.978467148782,411.33905455408,0.0366205877559366,8.98059978291327,7.2056622297183,1.02004597353812,5.9308465513322,4.66746247883841,0.20936185985169,0.0101307548404415,0.0057194392711385,12.8640397680712,44.3697148941078,15,3144.694460587,110155.0,2,29.9953028824283,2.67738667435786,1142.82614547863,84.4440775619236,2383.12961117494,127.149516097651,412.550911713241,0.0030704432333813,7.28879873146107,7.64259612710284,0.701060472757113,5.68886334001093,4.81010451615629,0.219248885892118,0.0105203704985527,0.0061472291997609,14.5731830569513,44.4288044940962,15
0.8125,29.9946936135075,4.61567800248916,1147.35860461384,91.1646329239113,2391.26687145014,127.607833951135,413.305706277079,0.0358484294633244,8.95400742270955,7.16179116119289,1.04398115513958,6.00063074858943,4.67006719170898,0.20927009006363,0.0101280135634838,0.0057025506641202,12.8930754237715,44.5899127954671,15,3161.47017150868,112445.0,2,29.9966136344367,2.72363206386837,1144.4555799674,85.3371893776333,2386.49962910676,127.290195913349,412.946802265769,0.0030376000379237,7.26643534527626,7.5608987034006,0.708298909854862,5.73964603182947,4.81511380861403,0.219045084725496,0.0105133310420274,0.0061377727854245,14.5710385578264,44.4783052489902,15
0.822916666,30.0293780391489,4.43073118394504,1152.34613311062,91.7736526149773,2403.32271157684,128.205432690128,415.197279351501,0.0311427982845847,8.82545900994844,7.26909673010935,1.02402251178338,6.01683511350546,4.68759153604595,0.211700407408427,0.0102198579687011,0.0057762672615486,13.0937103104666,44.7988369204568,15,3176.73303469839,94380.0,2,30.0101130023,2.66287285807002,1148.20969912987,85.8560667284888,2394.86323394805,127.690859679389,414.225075433622,0.0029041423297052,7.10346470027745,7.61899015320079,0.694959215755935,5.77087535106021,4.83336957105523,0.218603543275239,0.0104993563774274,0.0061361054818281,14.7544044092577,44.6185214103117,15
0.833333333,29.992223085581,4.50933889440722,1156.5925123219,91.5985625435177,2413.29403612593,128.7153261829,416.787366129198,0.0348548363676886,8.83860864499919,7.26614851873336,1.02853634472716,6.0000004448605,4.67711892973415,0.210474513099257,0.010173520984977,0.0057402226232866,13.1525995762415,44.9770311270075,15,3188.97362582284,103370.0,2,30.006572475398,2.67289049191463,1152.57676939301,86.0253555190542,2405.23673290228,128.211849911847,415.889565329117,0.0029817583772879,6.98748289872873,7.66044289749849,0.688313362849955,5.77146300349803,4.84206565450622,0.217247048794787,0.0104518116309005,0.0061047933048753,14.9234513843115,44.8006533363268,15
0.84375,29.9666983416863,4.91958217929227,1153.72398658075,91.7952000801035,2405.58728650237,128.267263992304,415.219981533127,0.038509571765272,9.01572492572819,7.38485314496895,1.09416093702573,6.04149126238196,4.65611249617338,0.209014799188875,0.0101173583473273,0.0056698897639438,13.0053999936902,44.8206457250837,15,3179.5607733103,120725.0,2,29.9841240729367,2.8000377394968,1154.69957831529,86.5126068731509,2409.78157039283,128.423618688572,416.440895110534,0.0030494281701803,7.16088041719895,7.68030173223544,0.724360312642652,5.80080187117997,4.821006403996,0.217871466585939,0.010472305167476,0.0061035170922148,14.8089623798185,44.8747839582425,15
0.854166666,30.0041189991576,5.08319769655842,1146.81749412359,92.8209995283523,2390.44909414158,127.382522330369,412.277451979813,0.0341909198597647,8.96488343521296,7.7258242839169,1.13042439466844,6.1050190843327,4.66989523673522,0.210536964436008,0.0101751831968293,0.005692453989007,13.0329294875306,44.5117477369135,15,3160.69448238046,112590.0,2,29.9898672537447,2.84821308558263,1150.86257829867,87.1684623130336,2400.84476254177,127.884788907248,414.574441384507,0.0029160435584071,7.24370007184185,7.88787472343644,0.748609277343062,5.85183488095728,4.81601440603384,0.219087783196543,0.0105151787268882,0.0061256451450554,14.7425401865011,44.6867255251788,15
0.864583333,29.9980286868137,5.2093335631956,1146.80157500222,94.0333455646858,2390.81795743088,127.332067744736,412.042590171596,0.0335000835878268,8.84484752989325,7.99422093942267,1.14821238037847,6.16874251232897,4.68101870456726,0.210138242767347,0.0101616361067511,0.0056742185460309,13.1092945615283,44.4943018964362,15,3161.64137835791,114015.0,2,29.9969958411693,2.89245842724505,1147.75942244407,88.0587775876701,2394.35442867503,127.464156871248,413.138581175424,0.0028902613075254,7.14888203607374,8.18102881487517,0.757608862746358,5.90213820355899,4.82794210712456,0.218417489421766,0.0104921508113002,0.0061065299240127,14.812767874666,44.5399558967622,15
0.875,30.0068103636092,5.25992545251696,1149.24925949356,95.0567088915182,2396.67576581924,127.577334222848,412.751429745681,0.0312843113095678,8.73855131844382,8.24890753408957,1.15761620354151,6.22161068016724,4.69210473737054,0.21068319015935,0.0101832785738201,0.0056839381099222,13.2142789153209,44.5800616935304,15,3169.41791989978,108900.0,2,30.0018068736658,2.90773583444184,1148.0680449135,88.9832223133384,2395.39353182857,127.446820071932,413.012538589916,0.0028200794104263,7.01432178200898,8.44519772521612,0.759887518128816,5.95420388808026,4.84201965582454,0.217544701757896,0.0104622937059513,0.0060863328013505,14.9266295252639,44.534038267948,15
0.885416666,30.0259802322911,5.09494709233139,1153.78723860644,95.3981968217698,2408.3809910676,128.137861706557,414.496517569784,0.0279692649281732,8.57355142931617,8.46969268717397,1.13645123325465,6.21998141408141,4.7076602044821,0.212019474042141,0.0102347568172678,0.0057298143691127,13.4334092227416,44.775783543739,15,3183.73244198692,95335.0,2,30.0131432404933,2.83948981185624,1150.41198586252,89.3512171529135,2401.44208532074,127.701081859025,413.805212245355,0.0027438026642606,6.78171187461255,8.71026129606888,0.739758956789878,5.97160691239948,4.86431771135343,0.21608450949588,0.010412367628956,0.0060625592860736,15.1709182273756,44.622870598869,15
0.895833333,29.9463842579975,5.73925949616095,1153.30716742724,95.5366181174112,2405.56275049462,127.951381635703,413.718156007751,0.0351784152490979,8.76512013499193,8.48950757298905,1.21669967419892,6.26854614525243,4.67262180785175,0.208353188449021,0.0100960783078091,0.0055924725189821,13.2446472677075,44.7103824027468,15,3180.5898420641,131055.0,2,29.9825616450023,3.05714362813463,1153.13106817066,90.0673414813352,2407.89464213825,127.994874008898,414.598447603563,0.0028858289912516,6.86346359585138,8.83279864307776,0.782308567446517,6.00792385501282,4.84822111374199,0.215328358058615,0.0103839312736138,0.0060211330424105,15.1144729827366,44.7253924468157,15
0.90625,30.0026876205833,5.8323829049375,1143.98272640572,96.9520141955948,2384.21163155958,126.720307162736,409.58265785326,0.030136135985675,8.763935686461,8.61393137022998,1.24626464406938,6.37159467312709,4.68464979902568,0.210143369982562,0.0101639834372992,0.0056268622988206,13.2064214371655,44.279862896255,15,3154.29690005486,120480.0,2,29.9847751186649,3.12098387288333,1149.37158947988,91.1136311638208,2398.38355380354,127.410412271406,412.49594874616,0.002731622390984,7.00947971121933,8.93390418643316,0.817425011645721,6.09579408762553,4.83508339452016,0.217117298282985,0.0104469805139397,0.0060542380662082,14.9655356057386,44.5209387931786,15
0.916666666,30.0081900416289,5.72865903688992,1143.31729423827,98.629559735372,2383.69498475498,126.606447905149,409.094509996563,0.0281655456273955,8.6076111945704,8.75913557074071,1.22680027033892,6.45041941952917,4.70037774061444,0.210114452454727,0.0101648449375276,0.0056361350595058,13.2996205989866,44.239512218368,15,3154.18673163652,115355.0,2,30.0003027777734,3.10183876270628,1144.59284364029,92.2693625444289,2388.14453058476,126.774824141645,410.320989551079,0.0026995708730976,6.88725681244798,9.07919033668368,0.808024396753233,6.16318052400568,4.85022348116471,0.216361563749811,0.0104211386593402,0.0060402920386015,15.0402146672008,44.2984413317454,15
0.927083333,30.0059362580956,5.59988771761765,1147.7394347753,99.8073310146801,2394.01857236873,127.086513675804,410.503895096767,0.0272303324644649,8.52607622815446,8.85767016770977,1.20319606470013,6.50790147762767,4.70538976074182,0.210092875957691,0.0101649846314688,0.0056466595611526,13.3760192499839,44.4064909591563,15,3167.67167841782,111940.0,2,30.004741416082,3.08031113439317,1145.51645120004,93.4076042267807,2390.73796568271,126.833972980608,410.399483653993,0.0026792898816414,6.74020264070199,9.20976452522626,0.794140801292397,6.2224015222648,4.8636059582554,0.215134681291044,0.0103785115456382,0.0060159701396093,15.1531946952914,44.3185081694225,15
0.9375,30.0463247026062,5.04162982841672,1154.607862486,99.9051188647823,2411.54064924321,127.954341917029,413.207328998052,0.0230005020427,8.35302103802981,8.9087054669326,1.12439324831101,6.48084830946251,4.7232434849579,0.212218324495962,0.0102457166110592,0.0057422673773678,13.6366539093986,44.7088628180665,15,3188.94312324535,87415.0,2,30.0217912046923,2.90295898707699,1149.28400087416,93.5707113927494,2400.07915720607,127.262348747449,411.736028385605,0.0026157926281622,6.47516977234796,9.32291190851507,0.745278297407744,6.22687021050581,4.88772132063174,0.213486971089224,0.0103220400743922,0.0059995060229114,15.4363525770556,44.4674651193153,15
0.947916666,29.942114014702,5.5184261588933,1156.73512137957,99.3043428727522,2414.71028060169,128.111428584515,413.489026139091,0.0321684651503898,8.66340784611298,8.70795177330712,1.16981591976508,6.48264582917361,4.6693003218831,0.207964067851805,0.0100832697127556,0.0056025155514948,13.3691309864922,44.7628102150606,15,3192.83475734451,129070.0,2,29.9882595011247,3.06969459200546,1154.3380199664,93.8455401042228,2412.07500089674,127.868519029718,413.509893828279,0.002808641311188,6.60118073927023,9.23660693757103,0.766587324111211,6.22991431110235,4.86346217268898,0.212886490980406,0.010298421010011,0.0059665243116266,15.3642728558773,44.6783791721514,15
0.958333333,30.0057203405291,5.4323902763467,1148.91258162254,100.069948066106,2396.51973428179,127.063450539379,409.923940722625,0.028258015652875,8.78069041277869,8.66697275625995,1.17506440840867,6.55040366120691,4.6701045513776,0.210387364750567,0.0101732170299399,0.0056641392548438,13.2388427829665,44.3956875973445,15,3170.16400712234,116240.0,2,29.9865427395827,3.07778266254205,1152.93381199637,94.3159818028328,2407.6978159326,127.581721672833,412.323992727772,0.0026954371985686,6.89446234227717,9.11841923380678,0.790147109608178,6.28323773223472,4.83268823505074,0.216116857446424,0.0104121959736053,0.00603706676306,15.1056907680639,44.577210183127,15
0.96875,29.9941612381536,5.33624255127403,1146.10969182822,101.224924508536,2390.6417576715,126.675225327243,408.534290556299,0.0289303257305098,8.74397105979459,8.55019579734153,1.15142986323216,6.61135798025485,4.67214162020336,0.209382930319078,0.0101362518491781,0.0056493856456796,13.1879345972703,44.2591167175986,15,3163.08375495704,120490.0,2,29.9946517905394,3.07516481728119,1148.36050158881,95.0546351101168,2397.63802256521,126.973487361314,410.198687503624,0.0027352169426566,6.9367395826833,9.045404493631,0.783750599480283,6.32772068502907,4.8299575932681,0.216403065015996,0.0104220211642906,0.0060434680597496,15.0227855900537,44.3637626665081,15
0.979166666,30.0113406885742,5.12641761153734,1148.54587427799,102.323402228194,2396.35108244494,126.906769966128,409.143889567162,0.0272051572819056,8.69808566769136,8.37615808543253,1.11782053842743,6.66591875053432,4.67923409623422,0.21001889852366,0.010160593870997,0.0056816356126523,13.2022011766277,44.3390821555519,15,3170.70757547997,112010.0,2,30.002580236758,3.03146101918377,1147.7003480171,95.9227397777933,2396.20239182006,126.824174918988,409.581942514155,0.0027014704574604,6.90137558899235,8.91307568520635,0.76897997458892,6.37804671243282,4.83425342286642,0.216384217759206,0.010421781326328,0.006048057134691,15.0076765527241,44.3106700837978,15
0.989583333,30.0240597151872,4.81960751141439,1153.66260945328,102.586343631614,2409.22929487426,127.530713355712,411.036453942471,0.0254660366715538,8.62061891839146,8.1881281532768,1.06763125296051,6.65542383439407,4.68529357184732,0.210954357213196,0.0101959975025174,0.0057293525836115,13.3231888071984,44.5562154735544,15,3186.45122304817,99810.0,2,30.0139407752537,2.93504442352154,1150.10232575062,96.2117864556005,2402.24310131758,127.079359801472,410.323820339491,0.0026766456490709,6.75271967810686,8.76777851459908,0.737086922857637,6.38736105955425,4.84774657681154,0.215489507795809,0.0103912213387236,0.0060392592485847,15.1483358106734,44.3989545203111,15
1.0,30.0227309276688,4.48070982335214,1160.46302217773,101.714186969517,2426.06398102805,128.388117872462,413.687429525264,0.0253927249600393,8.60640388448671,7.9730695214246,1.0096784122442,6.5835083302589,4.67979713534411,0.211491578258413,0.010215497333966,0.0057705273325712,13.4467700145309,44.8550201790291,15,3206.37881831404,91815.0,2,30.0196288652,2.83087076331588,1154.77110710412,95.7097703525549,2413.85142016689,127.647623143444,412.10232143466,0.0026914838853412,6.59073148765252,8.60215357860079,0.701227542669662,6.34743563295047,4.85852222102084,0.214179988624866,0.0103457285427135,0.0060217711187653,15.3580928592347,44.5966978720732,15
1.010416666,30.0061438039676,4.31945457893172,1166.06328740048,100.090489184393,2439.59587417454,129.089478284969,415.825042063503,0.0276000088430606,8.72886877364877,7.73904021911779,0.97808009314787,6.48488172857667,4.65774038485035,0.211474676565788,0.010212833944169,0.0057824085715897,13.4544284619478,45.0994169831638,15,3221.82269106829,93090.0,2,30.0147618909407,2.76775208619226,1160.40801285761,94.6511220552248,2427.56543839285,128.349883980124,414.288814992385,0.0027470248047594,6.56578146421399,8.38964907840101,0.678578303110304,6.27775639875693,4.85259129931336,0.213730008356062,0.0103296553902691,0.0060181829083716,15.4761834246298,44.8413252010935,15
1.020833333,29.999620777901,4.27855413960403,1168.46056043286,98.3708297320713,2445.66354501998,129.3892245433,416.677097263802,0.0296319967906621,8.89704368448522,7.60281257850546,0.973093153019715,6.3905588187352,4.63467735547335,0.211809482282983,0.0102229777984934,0.0057915791672904,13.3887790836119,45.2036621555892,15,3227.8236893607,95230.0,2,30.006571215356,2.73075157667418,1164.98772829849,93.3208279389028,2438.62167618904,128.920262902003,416.015107244076,0.0027945592602904,6.69253850924815,8.17762368329677,0.671792198359891,6.19846558109219,4.83193859630833,0.21474921452922,0.0103650687048753,0.006044237286299,15.4589025410415,45.0399779614348,15
1.03125,29.9637964360287,4.54881394769306,1164.51490692138,97.2620454744679,2436.14577996766,128.850321251114,414.80884557929,0.0355039360777637,9.15399835339642,7.5578876495303,1.01681156588836,6.35740167874402,4.60273574324214,0.209538619881224,0.0101355428557106,0.0057122072958515,13.1240669093513,45.0151612973455,15,3214.94779536845,117165.0,2,29.9850367833275,2.80060359863115,1166.13508388538,92.3844419664901,2441.50472413094,129.054126085995,416.257510096038,0.0029417960947167,7.04763886637296,8.00977427797476,0.697354008846195,6.14616147260781,4.7905657436151,0.216910050480615,0.0104389542861828,0.0060826543504229,15.1783342350548,45.0862913455103,15
1.041666666,30.0040395439657,4.6447478380143,1155.27609199342,97.2450505911286,2416.11598663948,127.714576450649,411.077886789484,0.0323046641209873,9.16232267484844,7.75535754039777,1.04219054542562,6.36445437136746,4.61206979764659,0.210935294819642,0.0101880526208863,0.0057368375669908,13.0366241282095,44.6183893614709,15,3189.03598636922,110055.0,2,29.9893720678775,2.81811488848098,1161.40418408895,91.9375551561575,2430.83373758412,128.437427612535,414.113111742359,0.0028605383269541,7.29291013770706,8.02159186990593,0.716767149618664,6.13451357695255,4.76900520516569,0.219420520686647,0.0105265873074594,0.0061361760204384,14.9237748410152,44.8706524894238,15
1.052083333,29.9909437187107,4.87166481267764,1152.08715814974,97.7136014693395,2409.51390856373,127.292723782446,409.653667718176,0.0326973255397071,9.07204031280624,8.08784340704951,1.0750135516118,6.39264529743871,4.62092488531361,0.210068209573134,0.0101567510916883,0.0056985251747525,13.0219944785038,44.471131117304,15,3180.54914310055,116550.0,2,29.9935142977714,2.87863255091002,1155.24912094418,91.9957572979865,2417.85580043534,127.679741169661,411.578732118489,0.0028744523383644,7.31113914079597,8.22925822916485,0.732293790885881,6.13772218595815,4.77059852217271,0.219500191431864,0.0105292309356272,0.0061312955052102,14.8329003469123,44.6059471219044,15
1.0625,29.9976368820488,5.08718948381737,1153.35893619458,98.5752548410366,2412.15774387457,127.355408515469,409.76881786542,0.0307945104974896,8.97181155076011,8.58552618572809,1.11244835262958,6.44929869473199,4.63430214116302,0.210421273105616,0.0101712727911189,0.0056900476679072,13.0634571289167,44.4931431774601,15,3184.2819783514,115790.0,2,29.9950643934635,2.93951639266997,1153.59784474496,92.5859526124889,2414.37029926166,127.416805867067,410.636024035031,0.0028073215806498,7.25756740280079,8.5980944949585,0.75121477655394,6.17613285638487,4.779086156853,0.219245544140476,0.0105207036926716,0.0061195436724953,14.810723670948,44.5141848112877,15
1.072916666,30.0759315969985,4.48541932412351,1160.32967346766,98.4677303737878,2430.72866287479,128.258846745956,412.672544501965,0.0222353284728138,8.61782891313243,8.97534056039797,1.03572899412784,6.40010899605105,4.67927735543175,0.214803481149098,0.0103373899859701,0.005845994981708,13.493580041214,44.8086483563029,15,3206.44957974035,75610.0,2,30.0264939793072,2.7394194064675,1155.44081801753,92.2195931502351,2419.46423327461,127.605358963691,411.281668029048,0.0026424100664886,6.85967211095598,9.04768409877716,0.704232125706879,6.15777637919868,4.82228752839472,0.217578613259027,0.0104653906218408,0.0061071663522568,15.1947159825956,44.5800385360467,15
1.083333333,30.0313789161696,4.17381792673863,1171.75796873114,96.3146444447751,2458.88702848661,129.735375669543,417.425328623659,0.0251259863545627,8.44008247000574,8.95564818464858,0.965292420452453,6.24924216265584,4.67950152889006,0.213559925058748,0.0102922256074269,0.0058459918173404,13.8038139893349,45.3241272873825,15,3239.58335493233,76595.0,2,30.0384127543722,2.62109959317262,1161.46966093992,90.7634587661731,2434.93440354402,128.379756519223,413.887223318206,0.0027241811268172,6.39039668276919,9.30080077028133,0.650458752908937,6.06359819445918,4.86323098515284,0.213109645751766,0.0103093274486395,0.0060214589565905,15.7147476252063,44.8503726495154,15
1.09375,30.0134537227388,3.99718536229698,1181.42887240756,93.4736072700242,2481.49041989736,130.948730541038,421.275932134815,0.0273580301930777,8.58140828733267,8.77019168014412,0.936188309074525,6.08941846384032,4.65358663006604,0.214115369815989,0.0103103637707784,0.0058727539318513,13.8581819306374,45.7475180634683,15,3265.7738102357,76710.0,2,30.0282240013038,2.54926004417713,1170.38320201363,88.9079017851232,2456.36181344047,129.508648512197,417.551187172646,0.0027688937691513,6.24104981061465,9.31568422967341,0.627889367129866,5.95060861143684,4.86727116922538,0.211289586689131,0.0102448368497129,0.0059882292682387,15.9801687210902,45.2444144780623,15
1.104166666,30.0136710505762,3.74104593032096,1184.46755617814,90.367019527466,2489.49041389249,131.396302782284,422.679563284114,0.0286099135807678,8.77534334367647,8.49745647512907,0.896724809913673,5.91580495125148,4.62706207977645,0.215394077277176,0.0103546118131283,0.0059237232996768,13.8452151818656,45.9032626296838,15,3273.22808872063,73755.0,2,30.0201174219776,2.45386739202976,1177.64492427027,86.5603901392604,2473.65359307434,130.440794433445,420.553331855954,0.0028113646996529,6.27571370124155,9.19944115298278,0.607135226004161,5.81802554260732,4.8540053646343,0.211623161517265,0.0102565219983403,0.006005762374069,16.0972845102737,45.5695925541379,15
1.114583333,30.0144380368808,3.58290737630402,1183.07249963718,87.1748348627556,2487.99935753276,131.348191181127,422.518917912328,0.0296691845185627,8.94794530533302,8.25398205757402,0.867870661636086,5.73397760067335,4.60288923834119,0.21658080897885,0.0103958074010132,0.0059642668804494,13.8155538033052,45.8857866954382,15,3268.4996908662,71435.0,2,30.0168492583278,2.36647217685856,1180.93598182184,83.881194944422,2482.09876465757,130.918314612993,422.101599869178,0.0028618375123188,6.3795581395195,8.99628820855422,0.587361505203544,5.66827615355092,4.83525065984007,0.212748338681542,0.0102961732236349,0.0060403207988768,16.1435518384002,45.7358456403656,15
1.125,30.0309194758807,3.21153729902475,1182.14403727204,84.0688513936497,2487.63927921662,131.366592432518,422.624286912122,0.0292308109498649,9.03767988709151,8.0009198947451,0.805527272338327,5.55485483263277,4.58960163220465,0.218395062332931,0.0104604964482261,0.0060417672899693,13.8521070387592,45.8915100853633,15,3265.30091798424,62390.0,2,30.0204801547468,2.2525595921187,1181.67919280883,81.018817728803,2484.9207470244,131.104380626202,422.760554497134,0.0028932692888959,6.42229727217113,8.80857622631087,0.560819878005062,5.5104843049389,4.82346818500169,0.213579958229782,0.0103258730107749,0.0060718981505907,16.2306146831745,45.8002298416295,15
1.135416666,30.0209022986952,3.08029331669313,1181.56320356406,80.7987100796788,2487.77729705981,131.431043004742,422.909857971913,0.0318705620646463,9.15070263486665,7.5931044799801,0.77178348301541,5.3689634018415,4.56917514221578,0.218958615608443,0.0104790960261414,0.0060663515893943,13.8419330772571,45.9133149917061,15,3262.79507000393,62385.0,2,30.0225846229359,2.17005757948395,1181.7636591298,78.1395930951855,2486.1922063547,131.22311671064,423.237914035216,0.0029798685306424,6.45948178836324,8.55123895508255,0.537227917245738,5.3509191396982,4.81184043065344,0.213979951714787,0.0103398814671267,0.0060899533787337,16.306604026084,45.8410461541235,15
1.145833333,30.0287198032163,2.86028334043929,1181.08306042239,77.439416228356,2488.03001485476,131.50452966539,423.256898227187,0.0321804432025844,9.24663975561409,7.12598260909439,0.736141367142442,5.18147509751787,4.55445144752039,0.220335184693511,0.0105279259149068,0.0061202323359374,13.8482302541745,45.9383664639553,15,3260.43921439653,56735.0,2,30.0238746124027,2.08337870320994,1181.5306803426,75.2207840644454,2486.66885532874,131.309165978927,423.632135280186,0.0030239812311239,6.50688845690859,8.21905283952167,0.51909630827788,5.18999361061188,4.79937973369071,0.214672895006522,0.0103644128231512,0.0061154326763736,16.3617884600024,45.870452743437,15
1.15625,30.0245714262952,2.67060015920034,1180.8221335199,74.0679141297587,2488.42751966724,131.599674895946,423.714007313364,0.034505520282123,9.34632015966351,6.62249738816542,0.69804354597923,4.99509913182353,4.5387023663143,0.220897349794153,0.0105468007786183,0.006151898526517,13.8316314803695,45.971063352122,15,3258.45173465874,55185.0,2,30.0249268392228,1.99957175976398,1181.26774079242,72.2848709804258,2486.88772643704,131.391955305275,424.050892746456,0.0031093860012983,6.54567440554768,7.83518260045973,0.499658969571454,5.02966772757242,4.78859916513718,0.21512735081334,0.0103803590926959,0.0061351475752587,16.413977693822,45.8987610208171,15
1.166666666,30.0255340746063,2.51759520201601,1180.53079593887,70.8107429122647,2488.4523672966,131.683070191754,424.166092015292,0.035646212427472,9.45326778458017,6.16579558374608,0.668191536580044,4.81634172994486,4.52450766728028,0.221669745600986,0.0105737606833288,0.0061855295635115,13.7968608337538,45.9997773619541,15,3256.23213428755,52365.0,2,30.0249869778336,1.92139546631504,1181.00948109318,69.4043206256007,2486.8833445648,131.473974755083,424.491514999978,0.0031770227214475,6.60794222986194,7.41836937266832,0.482924516060238,4.8727237599194,4.77653576344489,0.215814503817189,0.0104044351922931,0.0061595556483002,16.4326545412558,45.9268635969315,15
1.177083333,30.0255444824444,2.38289539735436,1180.29821997519,67.7025653005383,2488.36825845469,131.764819697352,424.651786176796,0.0366855327067782,9.5322981918289,5.79239367304685,0.642184892065522,4.64683727611904,4.51411990717442,0.222296655778078,0.0105957439138112,0.006214395037363,13.7721229771849,46.0280437689398,15,3254.11027003013,50000.0,2,30.0251983628254,1.84731977883923,1180.75633685268,66.6209591064276,2486.64789959779,131.551452978718,424.950036207523,0.0032459391393527,6.66417586548666,7.02358041555196,0.467772927083317,4.72207132284224,4.76626019544565,0.216458332587576,0.0104269949793786,0.0061826506622921,16.4451824030865,45.9534683373469,15
1.1875,30.0057954358923,2.31580146490662,1178.46368496969,64.857649627351,2484.45755357817,131.654706681787,424.519012501277,0.0434106027643356,9.70183799070228,5.38984603114051,0.631635964323507,4.48939732235649,4.49402512555187,0.220844850423066,0.0105414104995406,0.0061848946747119,13.6243397362187,45.9894542709411,15,3247.45654622191,56290.0,2,30.0203374495861,1.78926412268171,1180.20751046319,64.0063736556267,2485.6408511493,131.599057905512,425.301571123664,0.0034188963042072,6.83296258680225,6.6093679332416,0.459777115925094,4.57581535573821,4.74661254449163,0.217623519589554,0.010466914844764,0.0062148258628537,16.3350666854278,45.9697431960642,15
1.197916666,30.0182380598516,2.238647356954,1175.14053945496,62.3857835830424,2477.22854595656,131.367186809609,423.832216547021,0.0421713377008487,9.85118959337464,5.08088685912977,0.620414912996797,4.35062493616764,4.48340049181083,0.221526095940691,0.0105659421615781,0.0062095892686983,13.4889340885891,45.8890374035595,15,3236.88248231607,52180.0,2,30.0171516974286,1.72974239514611,1178.7272348738,61.5884820703858,2482.41762179379,131.534812700445,425.29819695206,0.0034530814570829,7.05206841501753,6.20473094002529,0.45207223517156,4.43846000125763,4.72466716578107,0.2196176452152,0.0105360340766257,0.0062664584824281,16.159918261143,45.9470858378451,15
1.208333333,30.0100626147169,2.20933536294919,1172.07203359143,60.2119740731628,2470.4420875939,131.101765627617,423.245160728493,0.0457182569784624,9.93107330166811,4.91042137577813,0.616332326274227,4.22827792917954,4.4767182235863,0.220921536041664,0.0105434357006242,0.0061974800471235,13.3825665527416,45.7964262125328,15,3227.15208587035,54880.0,2,30.0155622239475,1.68153156448374,1176.37998534371,59.3941458002652,2477.18325464778,131.364220178474,424.978546110765,0.0035774977822278,7.23628921672209,5.88169664617648,0.445631559745837,4.31307376837001,4.70778344727193,0.22112225548537,0.0105877937523594,0.0063056029284047,15.9984344605781,45.8874022906633,15
1.21875,30.0083879519726,2.17764393327482,1171.01381550504,58.4555608573043,2467.69806239892,131.052997826901,423.364496496304,0.0481036708011,10.0124130439439,4.80233456609268,0.615189425196413,4.1298972148534,4.4728230407241,0.220335501722771,0.0105217685828447,0.0061862928113401,13.2541663141581,45.7795643426228,15,3223.02337307032,56250.0,2,30.0126983660621,1.64045051146792,1174.22850958609,57.4864721988849,2472.24994796127,131.210894140563,424.717262794588,0.0036774402174892,7.4425284518783,5.62639559896822,0.44239412769759,4.20151808205134,4.69058748094261,0.222656698668927,0.0106402673178758,0.006344427506069,15.7921111216576,45.8338666137325,15
1.229166666,30.0050500916587,2.16904673861636,1168.62701819596,56.9987775091382,2461.97572725369,130.84711752074,422.987767582344,0.0511144023866684,10.0759029187984,4.72196102665285,0.61692833493142,4.04630658616684,4.47184858316229,0.219501310844297,0.0104911609334043,0.0061666525330972,13.1194559211863,45.7078377148954,15,3215.35818433257,58700.0,2,30.0098572802053,1.60733537435566,1172.24472540857,55.8727782707459,2467.5367926559,131.06957222338,424.502863891979,0.0037872512413445,7.6468011963579,5.43399492226863,0.440359044991163,4.1052631536749,4.67544573097714,0.2240749407529,0.0106885206106624,0.0063796217939558,15.563800856324,45.7846079621189,15
1.239583333,30.0104974282464,2.13541732839845,1166.53802804862,55.8210951304485,2456.80188240914,130.670148638436,422.721234531909,0.0514163937935035,10.0949937515528,4.66529557311517,0.613670578862472,3.97806597616157,4.4776610779277,0.21938730114164,0.0104871125803827,0.0061676590972202,13.0201052727631,45.6462028369527,15,3208.64894369663,57810.0,2,30.0091505720838,1.57626831054854,1170.00862207032,54.5209135377694,2462.14663814501,130.890757042109,424.186656437192,0.003834458114041,7.80635695890941,5.29598631870212,0.437462551227078,4.02401122612368,4.66621776117885,0.225292686221307,0.0107300480528682,0.0064104146987906,15.3589201914046,45.7222953822816,15
1.25,30.0049941033855,2.13100419636574,1166.08373638964,54.9055215032427,2454.93143403499,130.672773208804,423.045456144819,0.0546102699504343,10.097868133282,4.61397713883436,0.613835951291129,3.92533401299265,4.48385218186438,0.218397983380907,0.0104511880633869,0.0061441763430914,12.9240903654882,45.6473084220177,15,3206.46467227764,60620.0,2,30.0082685133186,1.55426694734792,1168.25579187576,53.4230035934825,2457.66560924212,130.760276643832,424.042532789797,0.0039390863762817,7.9292950360533,5.19239214464278,0.435441359245582,3.95718982429562,4.66148344878169,0.226038562427148,0.0107551811977504,0.0064293565469548,15.173216463063,45.6768885826881,15
1.260416666,30.0029290260206,2.13632745962544,1164.84718529942,54.2282657128666,2451.2639949221,130.581468307022,423.063805664417,0.0572013474931143,10.1111825912307,4.56149985275234,0.617797761745737,3.88473986231468,4.4906499383651,0.217336172979201,0.0104126952821178,0.0061180529936702,12.8175299002174,45.6156154084723,15,3202.20025148572,62890.0,2,30.0061302369802,1.53956358243381,1166.9737046028,52.5791929909091,2454.07987597675,130.678153713669,424.057129694481,0.0040252375216865,8.0513545170072,5.10319573540904,0.435919417488852,3.90377516338237,4.65788455513264,0.226642299660971,0.0107753041143633,0.0064440931926312,14.9746791642738,45.6484023141202,15
1.270833333,30.0194657598099,2.08071596579228,1164.05757577608,53.6251881608319,2448.63547059916,130.544676760721,423.278632400768,0.0529142764266588,10.0617603461873,4.53629680900437,0.607501396171532,3.8487861265761,4.50634652179583,0.218524831382167,0.0104566416887577,0.0061537500426142,12.7989034295584,45.6028973760761,15,3199.30833080522,56995.0,2,30.0091842772819,1.51629598628194,1165.7021434539,51.8757114749383,2450.37954034426,130.588508575126,424.07756144347,0.0039494886455383,8.08530717117007,5.04699148672225,0.431022776486355,3.86162542812845,4.66339356504318,0.227233673689907,0.0107958403220979,0.0064606209960423,14.8660593670426,45.6172626707771,15
1.28125,30.0145434292156,2.05132419481781,1165.31255529139,52.9981298469348,2450.29355647432,130.74182243101,424.268794500633,0.0540671821328108,9.98827002243476,4.50523045916268,0.598376747296074,3.81376284628235,4.51967722481509,0.218435897196028,0.0104538628515808,0.0061552220791299,12.8120346230017,45.6718622886216,15,3201.96504062469,57240.0,2,30.0125235281418,1.4979252695282,1165.24655920213,51.2426349603111,2448.34412729266,130.588746782262,424.418191948478,0.0039916196629677,8.04366607990834,5.01198825402409,0.424931407121014,3.82617156747784,4.67532915786069,0.227128580241203,0.0107925148479395,0.0064608592361474,14.8413259798963,45.6174726453836,15
1.291666666,30.0047877282019,2.05755307607707,1165.06037222548,52.420972303154,2448.5941848045,130.764454606965,424.682192142608,0.0577832072102266,9.980178372314,4.44977063472856,0.60045767027198,3.77995645189511,4.52639058904624,0.217148132172428,0.0104072796028191,0.0061235413233955,12.7700658700602,45.679904647001,15,3200.40156054728,60450.0,2,30.0107717023925,1.48886007516091,1165.30041810845,50.7075280322629,2447.37078787638,130.649421405615,424.947880550025,0.0040874355414171,8.04051179446623,4.96276512579637,0.424058473999451,3.79419651401594,4.68319666604265,0.226799905925946,0.0107809515936668,0.0064542479131978,14.783072600835,45.6387990289727,15
1.302083333,30.0026993814142,2.07101069428307,1162.43004564958,51.9725627752476,2441.78124399891,130.514063393649,424.196480316958,0.0599252819790759,10.0107619055266,4.39694873608612,0.60583494721973,3.75089313382536,4.5313345031268,0.216228951511491,0.0103739378833204,0.0060999515118909,12.70089865731,45.5926056770827,15,3192.36525135857,62145.0,2,30.0073474030932,1.48331970936807,1164.58632757081,50.2609542889603,2444.72638239127,130.623099135808,425.182624156368,0.0041500835184367,8.08770416137974,4.90280917609378,0.425518887211742,3.76480415346107,4.68676036667467,0.226798752472084,0.0107804696139231,0.0064544142945797,14.682232356623,45.6297614247621,15
1.3125,30.0155243970133,2.03882809238361,1160.45244710217,51.5840423779286,2436.4541577653,130.340526333273,423.970562382961,0.0562797207137007,9.99474894761416,4.37867733985215,0.60026861273868,3.7259551756539,4.54267353186036,0.217306571997087,0.0104135870415484,0.0061300781319757,12.6962089965942,45.532107228066,15,3186.25038239228,57500.0,2,30.0087071146667,1.47013817064055,1162.97553843052,49.8447873943639,2440.1114932094,130.490444911657,425.084732718233,0.0040792012618406,8.09779280680706,4.86205704363917,0.422698794710858,3.73885440923886,4.69419860354087,0.227121441264044,0.010791769492375,0.0064636204606364,14.6317753190851,45.5835673792055,15
1.322916666,30.0097176752876,2.03416019318587,1161.01414406575,51.218845152326,2436.45975680099,130.455274850765,424.690727761209,0.0579117703713879,9.96146960902279,4.38149701360447,0.5974480000295,3.70485436978527,4.55146930740455,0.217210818092309,0.0104101776352421,0.0061281749935646,12.706383921627,45.57228690036,15,3187.05827664855,58585.0,2,30.0102522281443,1.46150349729021,1161.93337684609,49.4617656994076,2436.68245314929,130.421522460164,425.20628382873,0.0041271064527018,8.0728380205549,4.84090224736438,0.419689982757619,3.71630432014685,4.70417044413159,0.227045203110572,0.0107893041481156,0.00646313929891,14.6260466217254,45.5596070796841,15
1.333333333,30.0084302836902,2.03282273933761,1160.79909587621,50.8750732771166,2434.76379665693,130.480121140439,425.114842338513,0.0586348794015544,9.9547621610304,4.40542965996433,0.598387872498732,3.68437957077062,4.55847753156818,0.217122418112256,0.0104068912161018,0.0061259984021578,12.6983285497921,45.5810429686656,15,3185.7104791934,58755.0,2,30.0096516454808,1.4552967660682,1161.51204740356,49.1359791773748,2434.5590043709,130.423878040399,425.555624995327,0.0041498510041945,8.06592711226376,4.83271959557996,0.419044331352435,3.69650308154765,4.71191893413468,0.226941802665337,0.0107857193956681,0.0064615365732598,14.6081418769253,45.5605354435037,15
1.34375,30.0110326264947,2.02687147453391,1159.96062938787,50.5302611145894,2431.76774904186,130.434661999613,425.314157252359,0.0578245816911302,9.94042597870844,4.44906736632583,0.597776508791089,3.66360017984391,4.56657994359939,0.217637719533778,0.0104255233068405,0.0061389229209222,12.70372085241,45.5651992541881,15,3182.67949353786,57445.0,2,30.0097949398056,1.4475964498676,1160.9766149529,48.8244363726197,2432.16769415728,130.412235737979,425.863535328399,0.0041371796996318,8.05372985366266,4.84676743255032,0.417595625945842,3.6780045809859,4.71995753252823,0.226970748059593,0.0107868450422718,0.0064633033671351,14.6020192208063,45.5565462210133,15
1.354166666,29.9944656383186,2.08256131277433,1158.03189621697,50.308253022221,2426.32351989491,130.259815440626,425.075419566053,0.064648423035735,9.97592821704372,4.48771584424099,0.610800034622273,3.64823657801935,4.56683699515827,0.216004199606774,0.0103654297933007,0.0060922216965722,12.6450972500834,45.5041863672846,15,3176.62731788105,64295.0,2,30.0056305943294,1.45322061160272,1160.06787511713,48.5840286819833,2429.01853529425,130.360963453351,426.024567045816,0.0043026604122086,8.09727838080609,4.8648645043902,0.42168618815727,3.66029862359251,4.72238327021324,0.226838366444981,0.0107817191817162,0.0064589083803409,14.5408691306092,45.5387102870578,15
1.364583333,30.0063310243392,2.10464493534824,1154.21992269682,50.2204128102788,2416.97860321123,129.870096084577,424.126332117053,0.0620381564735479,10.0064928871098,4.55271874078522,0.619755930281844,3.63841703044936,4.57277681125121,0.216699883890121,0.0103904392054015,0.0061063747947192,12.604699204612,45.3680819436778,15,3165.58758664772,61750.0,2,30.0036663443118,1.4544221872403,1158.14734838996,48.4251522000796,2423.7056762313,130.191746559246,425.788934497067,0.0042425949619672,8.16555790769119,4.89784607595207,0.425420173648171,3.64605266134738,4.72317743791812,0.227296215772994,0.0107972137164406,0.0064688545795502,14.4565130505491,45.4796735219162,15
1.375,30.008713443625,2.18036215185208,1151.92952280388,50.1621494074081,2411.04111346545,129.656978128959,423.762681154152,0.060164491419758,9.96450944450505,4.7434330077818,0.635008639085528,3.63169599165634,4.58271343689859,0.217904585709109,0.0104337476782834,0.0061265812729797,12.6301437661338,45.2936047543841,15,3158.88453728568,60970.0,2,30.0056190297423,1.459125384634,1155.50989286816,48.2828486247508,2416.90994803036,129.9383094224,425.290477236131,0.0042059779313969,8.17311614181854,4.97820336501634,0.427432828201551,3.6344308074721,4.72956238735209,0.227688669409125,0.0108109244551964,0.0064773677913639,14.4349689005378,45.3911701266305,15
1.385416666,29.9751830923344,2.5641683736702,1150.10501369649,50.4992198519709,2405.933609239,129.476812293096,423.465064251506,0.0696509528983757,9.97022527604391,5.22855932177731,0.71533644537093,3.6483443095294,4.58173253156997,0.21604234458848,0.0103640004821895,0.0060384683497337,12.5721264205095,45.2306840144761,15,3153.53280250991,76645.0,2,29.9962663603486,1.51785151974612,1153.33924125843,48.3804466134278,2411.31268876824,129.741915530266,424.931896528076,0.0044561703983797,8.26136498238227,5.18269730625998,0.451444243811308,3.63048436665558,4.72710574671008,0.227597109400623,0.010806775079014,0.0064665821401734,14.3211759331092,45.3226010279935,15
1.395833333,29.9257130793093,3.47454869324143,1131.77448217443,51.982440285918,2364.70393026987,127.319260014616,416.575998309542,0.0888245078670957,10.1125054552513,6.09727056053199,0.900464517139318,3.73586713760164,4.56826719043884,0.210491464829326,0.0101569721671939,0.0058128248802279,12.307465766313,44.4771394504601,15,3102.62493787862,114505.0,2,29.9603816247785,1.73749134425528,1145.41495570817,49.3023882808623,2393.61651941161,128.865435910979,422.196982420454,0.005083113845669,8.60871698673939,5.7352616988252,0.537874867427121,3.66069682839709,4.69962655090749,0.227409522706712,0.0107968707306392,0.0064308209486428,13.9008527962671,45.0165725357505,15
1.40625,29.9736144648116,4.17286657564125,1112.12466388732,55.1833702422872,2320.45986036015,124.965517917777,408.963110384374,0.075973323710167,10.0623488127796,7.11806068163823,1.04482782666464,3.92368579182952,4.59205815098553,0.211680908774641,0.0102007214729766,0.0057779532183948,12.2508386204461,43.6550198150815,15,3049.01365695524,118450.0,2,29.9594145681289,1.96982807412356,1126.27613123467,51.3974121831462,2351.46133102099,126.620342312382,414.900534720295,0.0046015268615798,8.8278101825749,6.67765677397717,0.632048172481671,3.76837239600641,4.6930419081633,0.228770619400123,0.0108429290292953,0.006432145510425,13.5719852839746,44.2325040451054,15
1.416666666,29.9818028671855,5.04976818466451,1117.12791202553,59.6871524946407,2328.57047974643,125.436029137446,410.522938718886,0.0630312564344061,9.84757382734121,8.24413152656284,1.18480274623183,4.19378834244664,4.6200737186629,0.21298121503248,0.0102517799318103,0.0057363356227054,12.4122623249845,43.8194581546518,15,3063.87297770819,123745.0,2,29.9741695187323,2.23744567546993,1117.1827959132,54.7181254692364,2330.3736198846,125.492840447966,411.243388853473,0.0041013301486117,8.71956257685368,7.7509031809419,0.70725483611313,3.958336459934,4.71689472290226,0.228860177591667,0.010847105684486,0.0064033380298231,13.5873137589761,43.8387781607487,15
1.427083333,29.9686050492623,6.07978942134544,1124.3660730835,64.7776613169464,2340.669951511,126.113370307876,412.633144433479,0.0546764794477344,9.681472101002,9.37381151118105,1.33853521229646,4.51361896165962,4.63620249735373,0.212867199392507,0.0102508796546277,0.0056551247504148,12.6261830745496,44.0560002056953,15,3084.46215064387,136245.0,2,29.9730740525444,2.60003553900878,1121.1517115605,59.1934045543755,2336.62609056076,125.82711840732,412.276810497817,0.003689373270122,8.48713393747742,8.9503552720512,0.800036332568316,4.22858515563536,4.74476329441001,0.227603166619055,0.0108051290149841,0.0063348426924948,13.7973285786749,43.9556369031366,15
1.4375,29.9661260127054,7.22193053481874,1119.89799135592,70.3085017530265,2327.072356537,125.37721978472,410.000415776069,0.0467244013201959,9.58111291442012,10.4285793278874,1.49296653935574,4.86839045610362,4.64692529253321,0.213003191756101,0.0102592345209188,0.0055778507249457,12.8200224256287,43.7983881961259,15,3072.34115505215,147520.0,2,29.968252383871,3.04344135601901,1121.99007454715,64.3734204505797,2335.40908325437,125.739346931489,411.799187565223,0.0032882454872044,8.27880204722205,10.1175147610798,0.902690049813039,4.55260381491176,4.76634430906116,0.226333090691847,0.0107624650188276,0.0062590370359442,14.0631236505372,43.9248123133291,15
1.447916666,29.9647220226442,8.27770767044024,1112.37202550929,76.6073007514202,2305.85578588218,124.183522208816,405.813055490037,0.0413969193496916,9.45509742079612,11.3887024247016,1.62417215955725,5.28342620717808,4.6618285008571,0.213162294773116,0.0102685383272489,0.005513473569329,12.964419319536,43.3802814847294,15,3051.15897849485,159340.0,2,29.9657158539341,3.54297743023377,1116.43311948316,70.2137723801483,2319.63134803827,124.829288988727,408.534024573606,0.0029907858294565,8.07964201615563,11.2080286400476,1.00626536408828,4.92703746849395,4.78642745265067,0.225105225901553,0.0107211056678655,0.0061808436857617,14.3169242968008,43.6062273513338,15
1.458333333,29.9789328166346,8.71844398084461,1108.05927831669,83.6743003659711,2291.56021739101,123.308155624663,402.672512009501,0.0370862513434887,9.22939577014049,12.1816164786748,1.67776131560846,5.73566991113541,4.69198742727945,0.214154436852735,0.010309079815754,0.0055101099141376,13.0911999012643,43.0722508331278,15,3039.26003590573,160630.0,2,29.973707270485,3.87444498014386,1110.65791679056,76.6538342682342,2302.65420495814,123.809087318784,404.894988540421,0.0027793872494315,7.81771164982764,12.1416587175662,1.07035092763429,5.34383315490736,4.81653388972718,0.223713536019363,0.0106744240483785,0.0061189391700991,14.5430598120223,43.2482759799942,15
1.46875,29.9843947916032,8.55431192972964,1108.61737124427,90.9238770272707,2287.99359400291,122.982908472934,401.332387926733,0.0350320083618228,8.98853365323847,12.5489317690071,1.65240009721974,6.18574681878004,4.7230361893401,0.215182625194884,0.0103504546947533,0.0055457057565772,13.1582325255253,42.954901626439,15,3041.10378022541,159545.0,2,29.981289929156,3.99690462362289,1108.55148264171,83.3782069399089,2293.58054308748,123.188240806205,402.58351992054,0.0026940786781926,7.5269494808629,12.7675652819126,1.08315214156215,5.76747356121897,4.85142040811114,0.221946944045933,0.0106145813634099,0.0060704096782901,14.7037643502506,43.0285369099399,15
1.479166666,29.9844839224007,8.11158899948724,1111.13351229926,97.9012062679114,2288.26690552446,122.849698210703,400.608841668047,0.0343913269263378,8.8063766762932,12.4333513489174,1.58689593345966,6.62068767331104,4.74741645972828,0.216290391436874,0.0103937014939995,0.0056006974183939,13.1384047353532,42.903216293493,15,3047.7475351979,159635.0,2,29.9837110755471,4.01133231173229,1109.90339988382,90.0692851135857,2291.6267422327,122.941158101852,401.492457694576,0.0026784039145074,7.3002161374773,12.9204808814887,1.0675827586079,6.18514669709484,4.87971506264199,0.220466591885143,0.0105641577504234,0.0060382957553746,14.7501262740349,42.9379157046537,15
1.489583333,29.9876052102517,7.71061506352603,1113.47052482878,104.496578135359,2288.17439945185,122.676280507462,399.755439180411,0.0335292950897919,8.64797996431092,12.3275221728535,1.52401223480507,7.0302862702519,4.76955487157161,0.217444961808872,0.0104380253094173,0.0056547232776623,13.0883835696547,42.8365113314779,15,3053.55730007651,158595.0,2,29.9860556276707,4.00335392249689,1112.08895208667,96.4681998416076,2291.19014844684,122.76218523609,400.621747244119,0.0026620277485705,7.12928676304781,12.8046553159538,1.04505420879771,6.58505866576765,4.90225688722579,0.219389759905669,0.0105275046776493,0.006016840407029,14.7210810572185,42.8698802907752,15
1.5,29.9937750200605,7.34264977321933,1116.48461074095,110.625893940181,2290.33097261123,122.60533236359,399.248256630982,0.0319420862484648,8.47906194507962,12.2296994942248,1.46621782159235,7.39810358981003,4.79210011060147,0.218058987643343,0.010462503464978,0.0056957550800911,13.0690683758376,42.8051907268919,15,3061.57519276037,154630.0,2,29.9908607502125,3.98054234589459,1114.66018231202,102.410629467713,2292.00535320095,122.630916225062,399.920496946454,0.0026246204018187,6.94969742539822,12.7181582424455,1.02095245665668,6.95054166588161,4.92512669792879,0.218141506451726,0.0104847521700792,0.0059930390361704,14.7059336603751,42.8178286035602,15
1.510416666,30.0207406592885,6.68060358790185,1122.1875222822,115.821045788788,2301.611362208,123.02539581409,400.36968954191,0.0279803260764135,8.26748542129504,11.9617457149186,1.37234083892734,7.65354295515725,4.81896828096018,0.218211357648047,0.0104704146725222,0.0057498675440333,13.1772476900159,42.9455080216616,15,3079.47039274248,135195.0,2,30.0078688409563,3.80516268965115,1118.59322959793,107.286287258381,2297.68032242804,122.753515387181,400.101350530586,0.0025434957420041,6.68299586464382,12.5624469783488,0.967834515468104,7.2265427147706,4.95625036984312,0.216097949280555,0.0104142743653447,0.0059668756000223,14.8286865820551,42.854489681269,15
1.520833333,30.0086872441429,6.23112440953978,1129.92096474975,119.089165285026,2318.16644266742,123.761422260588,402.504581027812,0.0265497940001817,8.1707538603529,11.5147342009598,1.29258417124027,7.79708135065026,4.82267202408921,0.217191470560539,0.0104344845027714,0.0057630790977322,13.2504040131609,43.1965019296368,15,3102.47930844017,129220.0,2,30.0108534852565,3.68722376472888,1124.75051300344,110.86109384378,2310.28801140178,123.270780916644,401.582905667135,0.0025321421198015,6.45368476411153,12.2386564585815,0.914484317891477,7.39775283461653,4.97667200036785,0.213786208217306,0.0103333555634522,0.0059284455583379,14.9866043703074,43.0292197948975,15
1.53125,30.0040406219343,5.90296980427995,1136.17677039338,120.958176201562,2331.03710629417,124.30961852548,404.01651001158,0.0255804432805969,8.17202825499001,11.0530263328646,1.23379751279423,7.88335832447231,4.81625682908467,0.216334454923797,0.0104033139754159,0.0057701240473297,13.2649343900602,43.3822770532921,15,3119.9103438596,125870.0,2,30.006580290586,3.61721352492425,1131.4699299825,113.224231603714,2324.17730358919,123.872284807305,403.30673139203,0.0025196847570772,6.35275940096635,11.8025341277829,0.879914891479493,7.50948574175627,4.97999782831411,0.21258077635592,0.0102907803039242,0.0059089118210521,15.0728343338985,43.2335309766438,15
1.541666666,30.0026509593147,5.74709795821524,1140.43330801718,122.066100000269,2339.85894727996,124.637972350688,404.826468072304,0.0246202550890112,8.18367791888912,10.641377539988,1.20084452787859,7.93168673878682,4.80882841254306,0.21544497281461,0.0103707808765061,0.0057628524112966,13.2611237923633,43.4917946520954,15,3131.48594277937,123915.0,2,30.0038593891859,3.57834343955893,1136.84990712516,114.679841052909,2335.22297709597,124.324839333725,404.535314761776,0.0025039391167376,6.32164651241626,11.3633125447248,0.85786219005142,7.57757245999359,4.97561603004085,0.212086636586378,0.0102731623228335,0.0059017521239469,15.1083414873015,43.3861665456448,15
1.552083333,30.0028691667796,5.6668211897783,1143.67262138284,122.713512166442,2346.96705655303,124.867768737335,405.334787482645,0.023669087444587,8.16585362686847,10.2977170667156,1.18307509833621,7.95478049338767,4.80450905517493,0.214376292008746,0.0103318641251016,0.0057457519896352,13.2704003614875,43.5674906497793,15,3140.34242772905,122220.0,2,30.0030411335872,3.55847150430084,1140.88359733468,115.551713573519,2343.7192816566,124.634919786931,405.307374530458,0.0024848013092186,6.29213586438516,10.9706770870239,0.845600900408675,7.6153574366882,4.97119681956397,0.21163460373995,0.0102570467915376,0.0058936743958006,15.1363990761889,43.4895337598986,15
1.5625,30.0148564057888,5.53212896812864,1147.47616983008,122.876221395119,2356.51196589304,125.226941954772,406.29190041418,0.0218160735324019,8.08771704879786,9.99488934743109,1.16047432609239,7.9365828165917,4.80750952805115,0.213503622844955,0.0103005290104729,0.005737862139597,13.3508098656109,43.689032715322,15,3151.55417415189,113810.0,2,30.0086779143205,3.50303753947819,1144.39072942468,115.822510661723,2351.78841579237,124.917959007022,406.027377853828,0.002448728065882,6.19352267002479,10.6510723861008,0.827957610581614,7.61691484476203,4.97448770143725,0.210641509115812,0.0102220540986384,0.0058774663589009,15.2302037581973,43.5841142579577,15
1.572916666,29.9853818973032,5.65709690885572,1150.20379775788,122.486347992706,2362.5224860442,125.408495257684,406.647901312022,0.0230172722098403,8.11656344152145,9.64719905854524,1.17068941456227,7.91660061047978,4.79316130563877,0.211652947424909,0.0102319077505259,0.0056858365033687,13.3074781805323,43.7491545229581,15,3158.26363716559,124700.0,2,29.9984087316389,3.54105448256745,1147.90937298742,115.889963910462,2360.16864107901,125.223907552901,406.795633281111,0.0024751640451463,6.18075312366763,10.305218390734,0.829291457949249,7.60551587591649,4.96676425194224,0.209990203838494,0.0101983160624893,0.0058588489527143,15.2367636016076,43.6871873985699,15
1.583333333,30.0022906906345,5.69100168156239,1150.35694055888,122.35310629124,2363.06306684299,125.277584583427,406.019046845188,0.0218203864569016,8.08118261513035,9.44739793435767,1.17975817179935,7.91038846449917,4.79596414584636,0.21136607294237,0.010221658079609,0.0056770290945914,13.304588820096,43.7006544650215,15,3158.07779969006,120565.0,2,29.9974803536686,3.54564767515152,1149.72666663414,115.797373259444,2364.15699929881,125.285716869691,406.764795489135,0.0024416787885668,6.19410171253131,10.0090010512824,0.834818372350142,7.60276509664079,4.96010867699089,0.21017479174465,0.01020492652255,0.005862510859439,15.202472952587,43.7055348948789,15
1.59375,30.0064445992887,5.65722986322138,1152.10509555799,122.158480909906,2368.23165208377,125.393475913776,406.221374874147,0.0209631322331743,7.96951548794218,9.27829988576167,1.17462665709828,7.88162863296726,4.8037322775594,0.210516762292903,0.0101913124980944,0.005661624522627,13.3668725205957,43.7387496469855,15,3163.38662173993,116600.0,2,30.0029867299124,3.51829731825127,1150.72994452372,115.545258282818,2367.12680300952,125.286554135764,406.58974523041,0.0024277109518622,6.09218136555233,9.82448209867709,0.827901357940743,7.58170394392113,4.96677722539155,0.209139204573414,0.0101683121921985,0.0058425656570208,15.2628285676473,43.703155247835,15
1.604166666,30.0099067172771,5.53723343994476,1155.93818879403,121.527525694007,2378.33226646007,125.78280125103,407.315673511653,0.0202462001544432,7.86980492450409,9.09917140651068,1.15676786222238,7.82520657644047,4.80927437097629,0.209790230156602,0.0101652272150311,0.0056555249180739,13.4484503749435,43.8726711569574,15,3174.57684515081,111235.0,2,30.007017508638,3.46433039657962,1153.21334834688,115.035329982159,2373.8540086954,125.493223519492,407.109334484811,0.0024199040651586,5.94865931326866,9.6534723050994,0.813125343175689,7.54056934532136,4.97683747269369,0.207599199263351,0.0101136181718371,0.0058139901327766,15.3714106104328,43.7730550308907,15
1.614583333,30.0051422759001,5.33743911592484,1159.82040069416,120.337651660279,2388.4497072835,126.190856026523,408.466895341604,0.0204979245312685,7.84280546550439,8.8463245330523,1.12541075064377,7.74227934996695,4.80580051748981,0.209024450290812,0.0101366701616229,0.0056540612135457,13.4829838216168,44.0134801002236,15,3185.45924332972,109375.0,2,30.0067469118985,3.39567426711103,1156.67172297988,114.154048842813,2382.92945851446,125.839250830978,408.08395531391,0.0024390515948832,5.84553759117294,9.4607122594916,0.794205978707419,7.47717456338962,4.98159753927184,0.206313182425643,0.0100675579325698,0.0057920474804573,15.4615015078095,43.8919579702113,15
1.625,30.0010282164423,5.1352630103567,1162.56258308186,118.846292415385,2395.70834164917,126.460730405975,409.170137862657,0.0212266029904955,7.89128213988617,8.56846259121887,1.09229854026528,7.65010182474831,4.79561339163579,0.208574119892142,0.0101188981549372,0.0056592671478862,13.4465137350405,44.1063458100521,15,3192.64082341883,109315.0,2,30.0036971864039,3.32609167537142,1159.9909000736,112.966888178115,2391.5145465227,126.175592192178,409.014999764838,0.0024718668686801,5.83994109569472,9.20117631925122,0.776192060410341,7.40001988262275,4.97639354710238,0.206068458714836,0.0100585430777809,0.005793060993083,15.4703994999032,44.0077777410923,15
1.635416666,30.0058593491714,4.95730029105142,1164.60896885164,117.265288202919,2401.66456403528,126.664984606667,409.679663094823,0.0214590085382937,7.93025527750012,8.36946133656479,1.0634647143768,7.55059439798399,4.78816059228678,0.208591910332243,0.0101186984085613,0.0056735572798016,13.4146858385473,44.1765614852625,15,3198.04502270744,106180.0,2,30.0040316071644,3.25093124698051,1162.54774475937,111.535917898426,2398.33902482635,126.427721440653,409.681515035132,0.0024946609421462,5.86899332881332,8.95880930418629,0.758446491945409,7.3119591953027,4.96858455227413,0.206389372470522,0.0100699862673528,0.0058074167004394,15.4480595838305,44.0944826017666,15
1.645833333,30.00010113963,4.87378878377375,1166.34283262192,115.592333064334,2406.91404304357,126.836451333566,410.092525111633,0.0224057235699607,7.97264052474839,8.23737782868531,1.04866346973755,7.44898006328812,4.77859494822337,0.208233433066521,0.0101043991547473,0.0056714105207984,13.3707347837209,44.2355941789567,15,3202.51033451548,107365.0,2,30.0026367510692,3.20102805441614,1164.6416355314,110.015506740852,2404.27856541002,126.63812072468,410.220535581505,0.0025295534927602,5.91249081532761,8.76796569385994,0.746895566054691,7.2178948781193,4.95924934046719,0.20675902898725,0.0100830024203206,0.0058202750632679,15.4076906202195,44.1668770938735,15
1.65625,30.0064187579675,4.80113840785942,1167.9072946452,113.931176925124,2411.97955064965,126.997839832813,410.491276502239,0.022542390181959,7.98415503800936,8.16590294717363,1.03927309265681,7.34661343315781,4.77451867121938,0.208395495551172,0.010109966424815,0.0056807834250564,13.3615845320952,44.2913477216226,15,3206.69886470748,104110.0,2,30.0037406761482,3.14827383267279,1166.3886143286,108.427478556046,2409.4829214263,126.81086021416,410.65124105582,0.0025426285297649,5.94208111015267,8.64363644311782,0.737614773817212,7.12228806011452,4.9520986026676,0.207161813473176,0.0100974612710422,0.0058344554862827,15.379516078204,44.2263778157379,15
1.666666666,30.006103923194,4.74941675159616,1169.9273185889,112.16246767258,2418.24958217121,127.228490822354,411.130316070041,0.0230403483386784,7.97648053281172,8.06179898567856,1.03279046639659,7.23614711603763,4.77095583710215,0.208312287156134,0.0101065960710341,0.0056829719025267,13.3786116862241,44.3714778423918,15,3212.30223987561,102315.0,2,30.0053609456334,3.09842925579344,1168.13879072699,106.763241818676,2414.91528800271,126.998376140724,411.152824624168,0.0025633026214802,5.93385846270935,8.55274915343304,0.728273787440535,7.02092670302177,4.94883818997483,0.20710376562096,0.0100954253606262,0.0058381060403152,15.3916812067806,44.2912636239192,15
1.677083333,30.0068470968119,4.73870006399719,1172.1919915598,110.276306205006,2425.08650024264,127.494285161718,411.893837595865,0.0234132726223027,7.96667681649245,7.95026556713054,1.03381639874207,7.12032974029775,4.76769405558053,0.208383604093887,0.0101091030335567,0.0056854418550514,13.4101210830748,44.464028027674,15,3218.55521159453,100170.0,2,30.0061431893459,3.05414911332464,1170.16645726835,105.022132358433,2421.04904750612,127.227750268357,411.803234532682,0.0025783146859549,5.91529640433596,8.44885806820261,0.720977625953214,6.91541205569277,4.94650989146583,0.206943346684082,0.0100897611475498,0.0058389665770339,15.422247927195,44.3709446729802,15
1.6875,30.0100705834115,4.74807086214127,1174.68706355191,108.260483430023,2432.64899355293,127.801194849409,412.806219456024,0.0234695370703193,7.93133256131846,7.91797775874646,1.03979103462844,6.99607192289963,4.76697489327589,0.208628720190753,0.0101184353308647,0.0056904503942836,13.4780450092766,44.5710254160411,15,3225.58123519226,96640.0,2,30.007917254018,3.00796145198423,1172.37802161981,103.160794988384,2427.7069504501,127.488481509459,412.573675751166,0.0025850247853506,5.86962008947844,8.37659348267296,0.71417460797701,6.80374084111562,4.94687112781305,0.206553443387374,0.0100760124753135,0.0058350314516905,15.489442391743,44.4617103073229,15
1.697916666,30.0088454715512,4.65947675821354,1177.35496180439,106.086372765003,2440.58022109453,128.138022283418,413.827228413136,0.0242421503755438,7.91076216568326,7.8745942011766,1.03157961392622,6.8641140812124,4.76416950583876,0.208565912075962,0.0101159345754075,0.0056962953724986,13.5375624553849,44.688514653625,15,3233.00649076057,94640.0,2,30.0087382444525,2.94909123726001,1174.80744298389,101.190538458422,2434.95444143713,127.786617729735,413.480035995401,0.0026111943150343,5.81469571560223,8.34426516268093,0.704911891866398,6.68588114793009,4.94795919067169,0.205957185111565,0.0100547269657673,0.0058276143991688,15.5740005967618,44.5656199991033,15
1.708333333,30.0090420767429,4.50465999515088,1179.86315021113,103.81146251986,2447.95651635035,128.461815050533,414.817283699422,0.0252405525059288,7.93650204652091,7.73757213945122,1.00995040642777,6.72832835072748,4.75770107651381,0.208651444372217,0.0101183723962223,0.0057108018366033,13.5538571364757,44.8014816881873,15,3239.78378213961,92550.0,2,30.008844968783,2.87569898744868,1177.3101917308,99.1269239841192,2442.25817738464,128.101100856485,414.448516527043,0.0026483584766399,5.7957265449786,8.27553588075254,0.690778448292381,6.56374872373631,4.9457523644305,0.205725154495708,0.0100463810044797,0.0058297188466654,15.6284351477149,44.6752860943692,15
1.71875,30.0074168755468,4.27695462511077,1181.99093993172,101.499849609539,2454.25205073719,128.74579280352,415.688983068786,0.0268325734241764,8.01134179759977,7.50589771821693,0.974620856302355,6.59212127793687,4.74681285935532,0.208670749827338,0.010117629593085,0.0057296359596418,13.5173368420546,44.9005749814547,15,3245.30864334915,91595.0,2,30.0082842928316,2.7928639341736,1179.6630557894,97.0048966392732,2449.05484955045,128.404815458481,415.389731332891,0.0027045325842242,5.82837953294637,8.13011770982678,0.673536749775854,6.43897028898676,4.93877418410884,0.206017089781239,0.010056675643532,0.0058444427603405,15.632935038393,44.7812279635509,15
1.729166666,30.0062406621392,4.13932930067241,1183.59152891925,99.2431451360734,2459.19660622652,128.970198902592,416.377227330327,0.0282693746457013,8.11325265411761,7.27793284058829,0.950201585058381,6.46060750358795,4.73370654969087,0.208915355234162,0.0101251182925976,0.0057459444823709,13.4472306641547,44.9789129613122,15,3249.26821460705,91120.0,2,30.0072571324082,2.72172190680016,1181.68626689881,94.8826871862713,2454.9088334199,128.674427029503,416.225034238094,0.0027579508028655,5.91710859316735,7.91904455494839,0.65797270497526,6.31479277996429,4.9266366929697,0.206945027944967,0.0100896868613071,0.0058723033520983,15.5795317330779,44.8752977282155,15
1.739583333,29.9967334738021,4.09777216158219,1183.79149579542,97.1988665805576,2460.75505286128,129.020008010804,416.499587907956,0.0307141205075437,8.23763295326282,7.10926001203613,0.944169553627454,6.34598380002316,4.717792183394,0.208612666090751,0.0101119019073232,0.0057407070576083,13.3356277771996,44.9964217433728,15,3249.19607467455,95530.0,2,30.0027244759256,2.68141467986392,1183.04705734763,92.9130402843802,2459.1585376934,128.867641497991,416.801454948223,0.0028309802006435,6.06859837864601,7.70606481146346,0.653109924985058,6.19906447191916,4.90852906266401,0.208370083544382,0.0101400697552242,0.0059078920519076,15.4559071225651,44.9427693818804,15
1.75,29.9714371220902,4.31911332215163,1177.02567575238,95.7234843098508,2446.0547792283,128.211553483946,413.819594252755,0.0351778136811117,8.44130398928,7.03280351091125,0.980720157496198,6.28018859203404,4.69462522197221,0.206929008303434,0.0100463136808397,0.0056792184326809,13.0896506168797,44.7147511521029,15,3229.1623786345,112455.0,2,29.987150992618,2.72419329437297,1181.35128654332,91.454439252508,2456.30803239987,128.689008921568,416.113443168272,0.0029575785884805,6.38422642538297,7.51281761120402,0.673269045408089,6.11361431521337,4.8753896479562,0.210856500949417,0.0102270247682339,0.0059575393052633,15.1426369302895,44.8806720381196,15
1.760416666,30.001097178873,4.40466961729644,1168.21045534818,95.3002696071272,2427.39977132207,127.172103010231,410.420837713809,0.032960358033493,8.46936634963765,7.13266278081567,1.00271296519187,6.2602582960974,4.70048282799541,0.207701488731562,0.0100753324893573,0.0056899423315821,12.9963371520917,44.3526498347642,15,3204.64206512713,108020.0,2,29.9902056031612,2.73649667994507,1174.53922302804,90.5244978158306,2441.89219282239,127.884104457012,413.414163926343,0.0029125114741076,6.60722449069731,7.47235018604198,0.689983687936641,6.06598986828947,4.85725300067822,0.213288661868381,0.0103130119953561,0.0060104158628466,14.8834854747511,44.6002916940817,15
1.770833333,29.995704178164,4.54677489044091,1167.40724975095,95.492087182034,2426.07917822975,127.045679791975,409.979870297584,0.0331486503268335,8.41455736578601,7.27152152161216,1.02439498115551,6.27034498495206,4.70755019541449,0.207166567348752,0.0100558647661106,0.0056658829312176,12.9858972044664,44.3090475714954,15,3202.73483461784,111140.0,2,29.995297185339,2.76607713638884,1169.52975296605,90.2192695102863,2431.62803184884,127.288070832676,411.434972272089,0.0029235124872151,6.64507839557406,7.55406261000058,0.699652553078363,6.04713240489161,4.8577493107436,0.213657318220906,0.0103259469607365,0.0060154174649087,14.7878704383305,44.3928392940111,15
1.78125,30.0075778275029,4.48015635257528,1169.89078447758,95.7955008819645,2431.94885308447,127.300114138556,410.767815337922,0.0319144467787812,8.35585632131276,7.46575590472006,1.01872093303107,6.28313803912029,4.71777295271972,0.207582924965517,0.0100719933005316,0.0056817605848364,13.033529808755,44.3982571598216,15,3210.07599381024,105845.0,2,30.0010436141813,2.75238929488686,1169.06754846401,90.2734835228993,2431.05975135774,127.200162869957,411.116022020783,0.002887049509668,6.59694363899609,7.70242134589075,0.699632934289754,6.05026538841651,4.86632056603746,0.213452957805047,0.0103191275167869,0.0060127153932356,14.7955983175547,44.3626446494182,15
1.791666666,30.0137905642771,4.35048186916116,1173.18406891911,95.6686127989694,2440.155113061,127.689546056129,411.999138198847,0.0310240553841714,8.31065444030738,7.57284844914384,0.996431721982059,6.26216781772594,4.72376528508672,0.208244402541189,0.0100969856210277,0.0057086726922814,13.1174702209979,44.5344311295568,15,3219.92318262271,99245.0,2,30.008009143534,2.70531838560376,1170.81432430008,90.152329768105,2435.51269455605,127.385729081023,411.710975236697,0.0028653326435834,6.49440747213919,7.86581928216126,0.684261520768224,6.03977894792242,4.87881638901495,0.21275418521427,0.0102949849820233,0.0060026706909636,14.8969792565375,44.4277567416112,15
1.802083333,30.0276825828761,4.12589202360856,1178.24257007994,94.8277658795584,2452.8791448866,128.325129750137,414.045894429153,0.0292941373679324,8.24546322642631,7.4059601940979,0.959792890405743,6.19522784605965,4.7301263294045,0.209618941365776,0.0101489178303515,0.0057611715981819,13.2725853036267,44.756338954061,15,3234.80763298459,87255.0,2,30.0169652040064,2.62267627178468,1173.975812559,89.4942752444399,2443.41303174696,127.763023438555,412.963165883708,0.002830246496735,6.33502429519693,7.9111728314331,0.658232251721801,5.99731155716178,4.89441135243823,0.211669948763733,0.0102575219831124,0.0059881234012116,15.0970350367993,44.559625263262,15
1.8125,30.0026310196848,4.20484479320871,1182.99447229768,93.3723224342779,2464.52388106841,128.917352320435,415.939211080655,0.0317522777351087,8.27643786050316,7.24796628073363,0.967660972257371,6.10605590460813,4.71846823168892,0.209257476615103,0.0101346950516436,0.0057450084296814,13.3381748990984,44.9630906532249,15,3248.03274739101,91675.0,2,30.013562056543,2.6031813572348,1178.30437401601,88.4812685644708,2454.11195531927,128.301128413187,414.723679517481,0.0028834801632797,6.25033963691776,7.79140762873088,0.64771771468328,5.93184272739442,4.89864884708638,0.210597764766259,0.010219391992566,0.0059660176248804,15.253398191817,44.747518154092,15
1.822916666,29.9689829430104,4.49261690078198,1181.38298020244,92.2868797165985,2460.57367322486,128.68970169269,415.125534373021,0.0368854482834782,8.49399989672904,7.19856233260748,1.02033891498959,6.06618849240953,4.69022267501149,0.207618172209171,0.0100706240076653,0.005678840026581,13.1761355754042,44.883980097524,15,3242.20706198035,110090.0,2,29.9912675027554,2.67585429977115,1181.2115411704,87.7207138691301,2461.20436206828,128.654279983535,415.777590038589,0.0029982055622439,6.4520693203277,7.66969418431965,0.675652533407995,5.88447570581686,4.87344395756692,0.211717411310431,0.0102576119291589,0.0059818166853471,15.1338634103631,44.8709696454865,15
1.833333333,29.9812205040898,4.73243199297908,1170.73105656235,92.2956572451759,2436.6064824869,127.390334647042,410.852390537356,0.0367808355330125,8.63611062808991,7.23916293921254,1.06546987104166,6.08920084685371,4.68135250715864,0.207361234865905,0.0100599377890846,0.0056515269835183,13.0090735919525,44.4311651024812,15,3211.73031493597,116845.0,2,29.9815029926252,2.75087621178044,1177.19043009904,87.4779842155837,2452.21683937136,128.150115639015,414.009166731218,0.0029977703787355,6.75759553514033,7.61344397819147,0.709825960908986,5.8801330601884,4.84417113232364,0.214316142011392,0.0103484574977829,0.0060308409824817,14.8678996566704,44.6954996611373,15
1.84375,29.996852895886,4.94074515109175,1164.6352888463,93.3424013423859,2423.17409142154,126.626830847687,408.334038815308,0.0344645904410686,8.58041475757416,7.48323356913425,1.09916276180971,6.15432539608934,4.69254492412452,0.207572010361892,0.010068924088771,0.0056402028457104,12.9864273370645,44.1652727898247,15,3195.20844304729,116350.0,2,29.9890569123878,2.81314278457379,1169.60990133263,87.8809860249836,2435.48492271272,127.219565775592,410.906406380058,0.0029381362785799,6.86566762360284,7.71327526236987,0.731363319705921,5.91137188931271,4.83847108284712,0.21550730306322,0.0103903914966791,0.0060507460582079,14.7285695903149,44.3713462801728,15
1.854166666,29.9835378950008,5.29440365073538,1162.94537302075,94.8641221929379,2418.60651699733,126.322218758143,407.274535125584,0.0344745688242178,8.50957617305922,7.83641270461027,1.15043524951023,6.25672032828134,4.70028323387792,0.20659204941807,0.0100332205852464,0.0055899779547388,12.9743061769738,44.0594279399407,15,3190.55414552602,125250.0,2,29.9881339853174,2.93597232423472,1165.25226115502,89.0584974647825,2425.73027108595,126.642081426779,408.946823975386,0.0029182695403542,6.86222729657601,7.97484205669083,0.761010644287817,5.98394547030423,4.84223972179423,0.215286823663674,0.010382446274652,0.0060327578529415,14.6631446390577,44.1703518186987,15
1.864583333,30.0236266379693,5.19468357603906,1164.00012710663,96.4312115647895,2421.68826968714,126.404483298093,407.48084817159,0.0293422034793578,8.32553679438725,8.15833085715111,1.14545626017382,6.33113702254916,4.72724294377206,0.208384532811464,0.0101029007625365,0.0056415475392112,13.1480181692648,44.0883874736117,15,3195.0699954764,107700.0,2,30.003938832112,2.90995039222043,1163.86916594329,90.2491766380794,2422.57189047917,126.397519774618,408.103266338881,0.0027719928144972,6.69086676609553,8.31755635477336,0.759603097194013,6.05897908924715,4.86453699972911,0.214569026122098,0.0103585712570536,0.006021018551652,14.7864392660477,44.0853981240346,15
1.875,30.026310463908,5.02424990870242,1169.72185091101,96.9100647015816,2436.30149157869,127.110919313721,409.711788316894,0.0272270733950657,8.13672800345189,8.39472179738532,1.11631416196746,6.32670783367779,4.74319797942216,0.209063157495003,0.0101303192302408,0.005673140045925,13.3960109619084,44.334829737077,15,3213.06820841923,96605.0,2,30.0178589628469,2.83574067394076,1165.88746411277,90.7735731975941,2428.13484071607,126.620650358341,408.830471046745,0.0027291140957185,6.38812031233401,8.60767150671728,0.730330117345332,6.07841534711192,4.89563779318018,0.212167419151095,0.0102750335268327,0.0059766962506347,15.0928538941265,44.1633784557603,15
1.885416666,29.9904294882132,5.20787039728866,1174.56086638499,96.5951863588152,2447.55879598961,127.663778958327,411.39209354582,0.0295794899966318,8.16354289759218,8.52358722810055,1.13819126315392,6.30801749065092,4.72972655343204,0.208135478242553,0.010095032707122,0.0056362093384519,13.4559714111164,44.5275791907838,15,3226.72372532126,105950.0,2,30.0075839323854,2.87663653761288,1170.46299147672,90.9775001517356,2439.43140555509,127.163009203992,410.530896733462,0.0027626078917434,6.25433443990959,8.8144589126894,0.730916074388463,6.07739271726943,4.90336907899812,0.210393664738415,0.0102118854835178,0.0059326536351776,15.278950497133,44.3525720166888,15
1.895833333,29.9521750803857,5.81937649673867,1169.49602653846,96.8669091825575,2433.92859232175,126.904499029582,408.76280453649,0.033511324651722,8.40670020458661,8.57576962208879,1.22728573487054,6.37816197671441,4.69928387316325,0.206372469289493,0.0100264785759215,0.0055455395938405,13.2225767600125,44.2626288411595,15,3210.1660953375,132955.0,2,29.9753305535412,3.09842556662922,1171.89308312942,91.620747379749,2442.25042818092,127.264519630347,410.650474124439,0.0028202794065182,6.49849445199882,8.90773809982224,0.789387529842355,6.12242497568101,4.87241227304758,0.21173976270024,0.0102578825074324,0.0059381407971224,15.092699458584,44.3879452483627,15
1.90625,30.007362995815,5.86320966013334,1160.57629973147,98.6255073355986,2413.82146127902,125.756513287988,404.938260821475,0.028557203519477,8.33511265467884,8.73753679321417,1.24617167249457,6.49178670356916,4.71899767580679,0.207936233495304,0.0100869475715103,0.0055794776866882,13.2209567043317,43.8619383678021,15,3185.68498561752,121125.0,2,29.9867124942474,3.13908104097798,1165.91455307252,92.6915899680835,2427.80163097554,126.426947226539,407.761023193708,0.0026823819413898,6.61461064412989,9.04129280077568,0.81659646971383,6.21266243988107,4.8653321101282,0.213500113315281,0.0103207013513374,0.0059735688891517,14.9625175406912,44.095667741653,15
1.916666666,30.0034859394077,5.81748210472869,1160.05429932173,100.456709538481,2413.37235693968,125.649691481521,404.480252202133,0.0273659417506195,8.18419010353394,8.8892448632514,1.23250334202859,6.58239012418179,4.73337358698296,0.207411120617284,0.0100693070294464,0.0055729165384949,13.2950049779978,43.8241346483994,15,3185.87808309896,119510.0,2,29.9998003220369,3.14477554667142,1161.37204883412,94.0887638395673,2418.04942355882,125.827609598744,405.720313923315,0.0026635943001621,6.4818318450095,9.20123518392784,0.810189709288403,6.29196826422671,4.88198067977739,0.212391042638337,0.0102819868499826,0.0059490033069863,15.0299060257514,43.8862656875831,15
1.927083333,29.9945044557974,5.81912408943407,1162.65985978844,101.978265484866,2418.7034096681,125.855618314689,404.990844508995,0.0272072794236529,8.1471335782509,9.00195338827031,1.22719059964759,6.67398376594436,4.73495176156244,0.207011912322792,0.010054962365313,0.0055643525644184,13.305135469931,43.8951795884041,15,3193.56238301512,121695.0,2,29.9980182656169,3.18010466651391,1161.62424321814,95.6212013293001,2418.68555167699,125.780584705383,405.435331095513,0.0026504490094725,6.39013112396051,9.33575585634621,0.8102990500182,6.37807820227158,4.89042367405935,0.211383011810796,0.0102463556897393,0.0059232384062683,15.0711656244088,43.8692671554929,15
1.9375,30.0204372967454,5.51761132612231,1165.67051979111,103.083092559422,2426.2365702892,126.171207278012,405.872387241324,0.0246177938522895,8.05646001289929,9.08226274606809,1.1858475794362,6.72035378910692,4.74639427257048,0.208148744112695,0.0100986955391612,0.0056147227962566,13.4213052566719,44.0043375467167,15,3203.27858602934,107645.0,2,30.007617933291,3.09699204840145,1163.4897614542,96.6601809128885,2422.92263457922,125.923690294686,405.784508053472,0.0025976083939485,6.2559941424535,9.45287611133276,0.787816979233026,6.4384507894914,4.90368400447692,0.210512580484489,0.0102163129631034,0.0059131851440865,15.1936047719796,43.9184048652726,15
1.947916666,29.9588469553534,5.819684238383,1165.5392704158,103.813886759412,2423.9992996231,125.999348668282,405.116333954405,0.0293813293828402,8.22376140844244,9.01024535233663,1.21255601022841,6.79767904002385,4.71820204765455,0.205709515083705,0.0100051612811519,0.0055337954098887,13.2369367879119,43.943381729213,15,3201.30864086266,134890.0,2,29.9850570052246,3.23879653191755,1165.37096378224,97.8581198533197,2426.92155498117,126.069819654656,406.061938531139,0.0026981351902435,6.34773591778426,9.44271916401745,0.806836566533226,6.5049879775726,4.88886457373869,0.210355514099979,0.0102092296113489,0.005894019544071,15.1020731769384,43.9684308434055,15
1.958333333,29.9984945896174,5.78681846614504,1159.80245342276,105.5649553839,2409.71427723815,125.150718037313,402.217587370151,0.0272155941182017,8.24723855367166,9.02728630385772,1.2156492370171,6.924395230548,4.72631154261452,0.206913591956628,0.0100507405913978,0.0055640513473405,13.1469527134912,43.6462382768024,15,3184.57217229681,128465.0,2,29.9864156772216,3.27730044452288,1163.00402134516,99.2849679394504,2419.8244730296,125.613559436255,404.368324111378,0.002628410581498,6.49643869357102,9.41839137176364,0.825888998322276,6.6161251641691,4.87590984710644,0.212142927899077,0.0102727500871437,0.0059298546892843,14.9228204482836,43.8082147493869,15
1.96875,30.004872762166,5.57866434878997,1159.23591515252,107.522684806137,2408.55040501434,124.986933920845,401.555165133825,0.0262578897991179,8.15172259459349,8.95644569049249,1.18084543533202,7.02505211096376,4.73878408823,0.206783715250571,0.0100471452964893,0.0055783345052318,13.1626500491853,43.5878797913433,15,3184.07923786426,123895.0,2,29.9986740451033,3.24521895025596,1159.93983252709,100.822327178048,2412.48425382254,125.129157865282,402.667006362126,0.002619789916885,6.43350031474988,9.40744054865756,0.812855494855855,6.70951253406431,4.8861836136659,0.21174357323352,0.0102589886422498,0.0059246730616282,14.9163958870427,43.638114413214,15
1.979166666,30.0040597515616,5.40509604953246,1162.72384979432,108.997152776905,2416.18424916895,125.294214465105,402.391283776977,0.0257111407038191,8.11116272280194,8.77574017033694,1.14865993706618,7.10037532805092,4.74257841707516,0.2067129620192,0.0100450130371273,0.00559087324514,13.1806690204592,43.6937778535471,15,3194.46339587686,120430.0,2,30.00274688946,3.21490430453848,1160.89999579584,102.25903787663,2414.42198627872,125.135415832571,402.55710505274,0.002612648875135,6.34631346513156,9.29815058964122,0.795539766683838,6.78770961521341,4.89572406483969,0.210939180536276,0.0102307173808712,0.0059102043224638,14.9525554216494,43.6390778751288,15
1.989583333,30.0050810333416,5.24927121845129,1166.10140523247,109.8660707519,2423.77600321913,125.603288412721,403.226965997476,0.0252529288288563,8.10414602382015,8.57801422191347,1.12147759069975,7.14156966747702,4.74183389494174,0.206845114659443,0.0100499824746792,0.0056063588459463,13.2084775341429,43.8003700635142,15,3204.28057775791,116540.0,2,30.0040845743233,3.18024292271678,1163.65372019799,103.265001423744,2420.45857162767,125.361688436617,403.151219047008,0.0026040977131807,6.28073552059911,9.12716080718366,0.779578233953076,6.84082153452716,4.90088708508849,0.210338437458973,0.0102095912668169,0.0059005946848254,15.0076461553335,43.7167779999466,15
2.0,30.0203199276265,4.91526126762164,1170.2577999618,110.044300675049,2434.13764098671,126.062770768915,404.567799163299,0.0239590287009861,8.07518132509061,8.40898584864199,1.07009251483432,7.1290573834797,4.74380669692154,0.207576873893321,0.0100774357639876,0.0056504921013887,13.2983958835828,43.9595854039316,15,3216.77242271978,105085.0,2,30.0115741824096,3.08438970676764,1166.91750526831,103.561374395506,2428.09889273135,125.676832783319,404.05860272761,0.002587166934378,6.17855382984566,8.96628423989692,0.751174618571058,6.85089336555392,4.9088178346675,0.209600428355119,0.0101839177417678,0.0058944141362222,15.1358673288519,43.8255827108307,15
2.010416666,30.0062946844707,4.74617268385864,1174.81314678947,109.36933687937,2445.29664880797,126.583555599699,406.101492337352,0.0249718444827589,8.12836583245099,8.22178457822537,1.03581214348868,7.07570577131113,4.73076393343666,0.207313123396118,0.010066410214862,0.0056574852270136,13.3245072520442,44.1403924189981,15,3229.72842962464,105070.0,2,30.0110577257584,3.0253189014313,1170.9359238638,103.26397726865,2437.91061968224,126.120873605977,405.384168215683,0.0026216716167863,6.1252362853733,8.79288647256936,0.727102257938462,6.82104485392388,4.90868669247031,0.20890039437709,0.0101588902057381,0.0058846839385372,15.2440941679631,43.979490955998,15
2.020833333,30.0204770942165,4.55302020105324,1178.9855331803,107.354941496818,2456.3340458206,127.10226827344,407.651973468197,0.0240774089616247,8.15534387553098,8.13246443600532,1.00757245788705,6.95059858197843,4.72437019428776,0.208496001612831,0.0101099835193179,0.0057006719935889,13.3964440595021,44.3206825095231,15,3241.31208356166,95590.0,2,30.0138173722994,2.9435059801773,1175.03535296811,102.124515920975,2448.05126606193,126.590613500626,406.801435469925,0.0026105737358596,6.09252101670924,8.64964991583346,0.705870627998391,6.75008646071187,4.905866812992,0.208838999916951,0.0101571090934331,0.0058919877223105,15.3528602618194,44.142543954421,15
2.03125,30.0118839138774,4.44522621536044,1183.25146487936,105.243127062222,2467.6445538702,127.641293174372,409.286490895267,0.0251091895691309,8.18888731882911,8.08316712536032,0.989963678404017,6.81945248778193,4.71257551174981,0.208670026027386,0.0101154909319612,0.0057131143172227,13.4560928989034,44.5082485797944,15,3253.18138384592,94235.0,2,30.0144111289587,2.8706722067682,1179.04018045769,100.17758865191,2458.50835839135,127.086602686549,408.324011253726,0.0026470052860017,6.05639022438709,8.5695299873165,0.687488214804334,6.63309853164863,4.90234151625952,0.20845723288468,0.0101435368765279,0.0058908749058685,15.4730552201934,44.3149335277646,15
2.041666666,30.0102076280132,4.43018539712624,1186.87054797304,103.583210616528,2477.10363742541,128.079571045158,410.611012346545,0.0258181083014198,8.23760716384395,8.11055337160586,0.990307280119444,6.71780915563761,4.700949441202,0.209266290907663,0.0101367617329358,0.0057273096233119,13.4931396284454,44.6608343590688,15,3263.18161032431,92545.0,2,30.012082955236,2.82164515203743,1183.02539059931,98.4404137343709,2468.77363613541,127.574409049565,409.817747492294,0.0026665286197788,6.07087876404524,8.52986634279995,0.678406271049358,6.52827247230663,4.89356283015446,0.208659275869111,0.010150761880279,0.0059003906760722,15.5448539325874,44.4846304677756,15
2.052083333,30.013115624209,4.42831149180259,1189.79182996606,101.806192102837,2485.27006157311,128.448138985538,411.741099058464,0.0260312149289456,8.23851936721617,8.27503534557228,0.995520616431392,6.60919471248189,4.69528922130438,0.209999740245875,0.0101637306652564,0.0057441408825399,13.559690702131,44.7892185384586,15,3271.38490516834,89430.0,2,30.0120310933513,2.77484700943213,1186.42179716723,96.7324281446821,2477.74487820923,127.991975070431,411.105525299941,0.002673961327201,6.0679579636711,8.58736550251671,0.671842291552173,6.42670680291939,4.88736035189844,0.208802745754588,0.0101560833239702,0.0059085860163005,15.6247812843103,44.6299704973929,15
2.0625,30.0130484252779,4.46063507738361,1192.65809565877,99.9438144614187,2493.46170940209,128.820771683387,412.907637809271,0.026263896845877,8.20534431202252,8.58471125806712,1.00604152031984,6.49586630135706,4.69270921737627,0.210517509429355,0.0101830460802885,0.0057533007259761,13.6462578794751,44.919076059704,15,3279.53332880598,87225.0,2,30.0126318908818,2.73378828766039,1189.43323361022,94.9912035930583,2485.99295330505,128.371502644788,412.295975401763,0.0026814820688898,6.03100586757217,8.76545153677293,0.666460650624838,6.32351907872468,4.8851167029074,0.208561275075834,0.0101477078239398,0.005907606873911,15.7252414982214,44.7621409640939,15
2.072916666,30.0148138108135,4.37818539916424,1195.6292777147,97.9822434709096,2501.88021094335,129.215345525231,414.161210055973,0.0265211116024309,8.1699813464688,8.82368421561907,0.999732463290575,6.37781038937132,4.69120871705875,0.210899326649609,0.0101972641199488,0.005769426676242,13.732655486746,45.0565800206666,15,3287.94365079813,84290.0,2,30.0135191310921,2.67774462919814,1192.33519802025,93.1985433929329,2494.061252771,128.745799904106,413.490834347283,0.002694540966358,5.9721033805349,9.02308190825691,0.657996303009499,6.21827311545999,4.88561038080492,0.208057418830192,0.0101299629388497,0.0059022974635953,15.8380316865839,44.8925350296512,15
2.083333333,30.017465593377,4.18502536452914,1199.03552026186,96.5309226600267,2510.92351508801,129.658575940872,415.584434084238,0.0268214437150461,8.16755313994769,8.83526976576801,0.969807069209197,6.28471208378576,4.68691598051095,0.211332280953399,0.0102129566439704,0.005796277314025,13.7934745753647,45.2109876729104,15,3297.70796678094,80580.0,2,30.0152053283811,2.60209044284739,1195.31762125536,91.4584640378385,2502.17632414478,129.135098095804,414.755999589088,0.0027178486418243,5.91411697741268,9.19492889381746,0.640999531555167,6.11621832910832,4.88647138638375,0.207521808810568,0.010111012060225,0.0058982765165387,15.9472008462656,45.0281519464382,15
2.09375,30.0104727261519,4.05306622184516,1202.15186012984,94.8631856748463,2519.00136300434,130.074646714842,416.91567161871,0.0280855513285152,8.23861228179826,8.73309237383926,0.944525634693121,6.18398872458761,4.67351217278425,0.211519566326539,0.0102186028464194,0.005811332906449,13.7860469695143,45.3558427228594,15,3306.27192739908,81030.0,2,30.0139693519017,2.54651030011938,1198.47955346161,89.9847799584451,2510.4194293563,129.547746659965,416.096845206538,0.0027584444913364,5.91588588510174,9.22362502099599,0.625880554361737,6.02726039301811,4.88086539583316,0.207462473958692,0.0101087525949794,0.0059025798231624,16.0005476305775,45.1718671265634,15
2.104166666,30.0109375497385,3.85010401510138,1204.21713111014,92.5867520616299,2524.72158521817,130.390093720209,417.917312755104,0.0289425133911964,8.36190207454528,8.51929616570549,0.911400724909093,6.05499568384389,4.6565680474798,0.212070037220015,0.0102371500339307,0.0058409492338616,13.735534955215,45.4655084691905,15,3311.47378750083,79825.0,2,30.012128772725,2.48093846216267,1201.2988288915,88.2640230331403,2517.73965387506,129.931666984799,417.335246001935,0.0027965866371463,5.98872592733027,9.1448103567429,0.611854537118647,5.92709465728491,4.86821794019189,0.208238536586895,0.0101362921367979,0.0059267792974925,15.9900095618195,45.305498549901,15
2.114583333,30.0241808319025,3.64838559279065,1205.17367457803,90.2525219183325,2528.37867189741,130.606880704563,418.627911505184,0.0278855738892573,8.43326386115104,8.34091903718845,0.874772341743238,5.91757741857785,4.64590929358308,0.213561822057758,0.0102913664620576,0.0058939455316614,13.7520305660497,45.5406658389745,15,3313.93524483187,72470.0,2,30.015903813683,2.39510189059582,1203.20459250468,86.1823588928222,2523.00365370626,130.225111206204,418.311013016702,0.0028046672005007,6.03148020472783,8.99560508067787,0.590395058709306,5.81040774648202,4.85886062057574,0.209001169639577,0.0101637645571066,0.0059534002298285,16.0159929116896,45.4074906586935,15
2.125,30.0270363346951,3.31472949128099,1206.25287174347,87.8997887546806,2532.34299538776,130.852254683566,419.462675462392,0.0287254191559543,8.48628494641379,8.10554890296842,0.814737090283995,5.77649128612781,4.63442852964772,0.214471517822786,0.0103234103440925,0.0059460676496934,13.8003841034261,45.6256934394989,15,3316.82720960353,67115.0,2,30.021046958604,2.29875642799467,1204.52057981703,83.9534489300975,2527.04272618151,130.466334176618,419.162027974303,0.0028517623154262,6.00685878083772,8.84970726680444,0.564045163471043,5.68587938409198,4.85509347707973,0.208950726187813,0.0101622314705581,0.0059628883201481,16.1164403700145,45.4911862747407,15
2.135416666,30.0258771382831,3.16364115614694,1207.06650019494,85.2852636187333,2535.50338916988,131.07062566826,420.236067914053,0.0296259939265437,8.57848835518446,7.71189867251513,0.778906862384791,5.62379304468765,4.6179359875224,0.215637765649535,0.0103648455498751,0.005987187463844,13.8225181585683,45.7012727127016,15,3318.64733945892,63300.0,2,30.0236211950264,2.22229463035964,1205.61222218039,81.657082300109,2530.48060892799,130.692347890003,419.988609825271,0.0028963551410452,5.99662360831949,8.61495036203588,0.540390498619482,5.55736074553882,4.84874901861871,0.208960237959947,0.0101627056920288,0.0059715125562215,16.2132601180812,45.5695021538012,15
2.145833333,30.0241862749744,2.96943949960771,1207.36283560767,82.366433832489,2537.45335191594,131.229862346494,420.849244255265,0.0311950253275889,8.67069369289546,7.23991728340914,0.74579456215482,5.45806357714914,4.60192905868777,0.216559235767368,0.0103970649480714,0.0060268726507707,13.8445487756754,45.7562993189608,15,3318.76352045761,60295.0,2,30.0241773275364,2.14853603223144,1206.39660375984,79.226866287187,2533.19128546743,130.889585709418,420.742169822206,0.0029519873366749,6.00248383590983,8.29460038365138,0.522987333621655,5.42224423823642,4.84031231234764,0.209122119360833,0.0101685540690565,0.0059832982347824,16.3019406342487,45.6377697328031,15
2.15625,30.0240334894405,2.77653692895755,1207.35432801495,79.2883908638829,2538.44283603972,131.350776471644,421.374067462909,0.032747702050608,8.78501169375403,6.72728846527808,0.708914016698791,5.28623128165151,4.58554864880657,0.217484777610474,0.0104293209895409,0.0060670530924986,13.8361009126664,45.798035684177,15,3317.70632590297,57265.0,2,30.0241035895784,2.07191665353607,1206.84277548257,76.6575886120317,2535.00508787348,131.050311030159,421.401962107489,0.0030135068295584,6.0316802421195,7.90480496823111,0.504998209185072,5.28089129880124,4.83028494613887,0.209516529703911,0.0101826146039651,0.0060006900749175,16.3688513237474,45.6933286709193,15
2.166666666,30.0105651829008,2.67630296781055,1206.08714085582,76.1427834474841,2536.35658050966,131.323404520505,421.436430833644,0.0370795990746145,8.96575641727524,6.23182234564376,0.690170938425553,5.11251539808523,4.56225434963705,0.217344356740132,0.0104218007546904,0.0060715360849122,13.7357269170671,45.7882056370831,15,3312.85090935315,60415.0,2,30.0203559332274,2.00998896949545,1206.81591771206,74.0465865989307,2535.63857665164,131.16229616874,421.90445743615,0.0031295406760476,6.15522753047302,7.44944680440293,0.493430113696553,5.13508998280623,4.8120735355237,0.210620287690918,0.0102213303699174,0.0060320733590043,16.3394056707616,45.7319496362783,15
2.177083333,30.0164590185158,2.55504864549944,1203.76338717708,73.114504652296,2531.84166887782,131.171236758492,421.121683983327,0.0379674634582407,9.1368853696829,5.82398385771247,0.671699870020978,4.94578135396656,4.54524430577186,0.218185942601008,0.010451109336104,0.0061028363977579,13.6279728198838,45.7350163413537,15,3305.06062334278,57770.0,2,30.0174223179661,1.94388368027264,1205.92506854491,71.4026245428041,2534.21140367159,131.175199972935,422.095984958264,0.0031897707435689,6.33753207186892,6.99329025014799,0.483767970357177,4.98715368305804,4.79026853003601,0.212553948439777,0.0102895436034931,0.006083097770399,16.2415286768216,45.7361287034789,15
2.1875,30.0105984699264,2.45163622182862,1201.63610473518,70.3730225447463,2527.52307012671,131.032772153249,420.87951184369,0.0414781976114334,9.28086125594227,5.43372971977604,0.653801054653966,4.79460139141471,4.53042157197066,0.217936125154242,0.0104405855918802,0.0061062989466613,13.5099712302753,45.6867484737839,15,3297.84842240802,59375.0,2,30.0153790907886,1.88240350103702,1204.3450240773,68.828233302955,2531.12520314372,131.106833979151,422.047906353364,0.0033043792881468,6.5266887579981,6.56903506110988,0.474403401065033,4.84280349243919,4.76976300993731,0.214352144397073,0.0103524940450461,0.0061303539892889,16.1179742692153,45.7120929795619,15
2.197916666,29.9977914320853,2.4418393863633,1198.97289750152,67.9239865425154,2521.70620975146,130.82101924275,420.399716206697,0.047266560441593,9.47372881810931,5.09979506213248,0.655660136809776,4.66015514344213,4.51212354256487,0.216490368157431,0.010386288739221,0.0060708888573788,13.3039485341502,45.613138604172,15,3289.07772588683,65505.0,2,30.0093219830347,1.83871263663423,1202.43815503352,66.4768706066007,2527.1853330184,131.001238200165,421.864899097425,0.0034738988433514,6.81706325390731,6.13138823443401,0.472010098273045,4.70645688824944,4.74161369820122,0.216636869729394,0.010431596915314,0.0061858836473465,15.8705489840659,45.6752417472062,15
2.208333333,30.0130438359236,2.38684246208881,1194.94026677868,65.8054001426122,2513.05067296719,130.452963922649,419.44619863264,0.0460851973887003,9.57505237398981,4.93614926771359,0.65159635627892,4.54201851388926,4.50910067647345,0.217206134550451,0.0104122596205586,0.0060937008130328,13.1707055691332,45.485127299456,15,3276.88547230742,61615.0,2,30.0081535306872,1.78941600440059,1199.67707003621,64.306470972103,2521.23785280748,130.789418699521,421.361251611234,0.0034994915801612,7.07628085152892,5.78774433267266,0.468388041770421,4.58138183991712,4.71935319256276,0.219074239702002,0.0105163554941557,0.0062462934574191,15.625400825692,45.6015182340989,15
2.21875,30.0021236590813,2.37233253995068,1193.28241289982,64.184874270741,2509.25582015812,130.33702876188,419.326961183294,0.0509615948904055,9.62388616377844,4.83872776537849,0.651196578703474,4.4516225498003,4.50773842021837,0.216042701503076,0.0103690530135609,0.0060663561880021,13.050108358807,45.4450808800985,15,3271.37413361547,66355.0,2,30.0073124336178,1.75320406438606,1196.75040393399,62.4378569066205,2514.84775769386,130.551259271116,420.800658639888,0.0036520646591076,7.27296331219626,5.54998837051706,0.465469942166847,4.47270836437938,4.70471135034921,0.22055798680985,0.0105673005088395,0.0062832971939429,15.4120076657532,45.5187207189846,15
2.229166666,30.0028201956359,2.36689294435491,1192.1246980909,62.8935061570033,2506.30081287228,130.264615021722,419.354748634992,0.0532679709801945,9.672955935983,4.76214211987286,0.654880776880652,4.38010092169942,4.51034194525709,0.215277848423657,0.0103408483824198,0.0060482116947774,12.9169827556863,45.4202798947954,15,3267.26899550376,68070.0,2,30.0049156394606,1.72569871099935,1194.8182494737,60.9615950864207,2510.42792058796,130.413886355202,420.569614662305,0.0037422671033044,7.46944967841831,5.37356393016397,0.465530132477054,4.38493369910933,4.69196994200498,0.221932113393121,0.0106142529050571,0.006316760533811,15.1702725596729,45.4711773427738,15
2.239583333,30.0065835255596,2.34025519680535,1189.50827100781,61.8022511686574,2500.2286384761,130.028737023532,418.875485556836,0.0544093198310831,9.67660696164846,4.70566779038295,0.65288059046067,4.31738299306623,4.51889368428277,0.214919845607181,0.0103278274300746,0.0060424438247284,12.8242333434917,45.3384862135057,15,3259.33640208483,68020.0,2,30.0050457543985,1.69908142725404,1192.64844913627,59.7237576390388,2505.37433297308,130.24024994078,420.247355228825,0.003799956105187,7.60348254776567,5.25254306067298,0.463750255409564,4.31151358068305,4.6869485930522,0.22295185025803,0.0106491653116297,0.0063425172133084,14.9716685189801,45.4110454976589,15
2.25,30.0211329071734,2.27503489972203,1191.31077378505,61.1143193165374,2503.5413097803,130.280517963539,419.998508270828,0.0508639181740881,9.60588775240961,4.67512526626777,0.639380660365264,4.27759644012916,4.53602184344204,0.216129280598058,0.0103730031993944,0.0060795812111941,12.826348896061,45.4266814025471,15,3263.75408288911,61910.0,2,30.0100963274921,1.66644336739511,1191.38876238888,58.7077591018046,2502.1090372452,130.15672703868,420.261525183892,0.0037430546404311,7.61733324024579,5.18359246923894,0.456075078242538,4.25409045917985,4.69406325616877,0.223491162851663,0.0106682141079618,0.0063590934254728,14.8900771768561,45.3823183040348,15
2.260416666,30.0148406475456,2.24527054456564,1193.87863510217,60.5123605774413,2508.39436179293,130.615859065127,421.412814635231,0.0521233578934491,9.51999303660534,4.64023641946514,0.630236121059019,4.2423810655604,4.55025165663976,0.215970089285959,0.010367770100736,0.00607947429987,12.8520558802952,45.5439816213449,15,3270.26850959568,62040.0,2,30.0135824573528,1.64328144679609,1192.09605730029,57.929894209352,2502.94054005839,130.286496163075,420.997752070183,0.0037850516795146,7.55626225522629,5.13917381476512,0.448776387971819,4.21149202992277,4.70744922983248,0.223177722310234,0.0106576932022375,0.0063551805960384,14.8880788032131,45.4279318155054,15
2.270833333,30.018646268277,2.19813342134746,1195.02156320883,59.7668350580513,2510.17057573831,130.794168071089,422.331623266625,0.0507274715437576,9.45207106936778,4.60824454423392,0.620410913367953,4.19926418904539,4.56446529052624,0.216382503074069,0.0103836147298428,0.0060953458059259,12.8842440760414,45.606509778169,15,3272.76845634081,58835.0,2,30.0152142249611,1.62072635770586,1193.26011360106,57.2556003930706,2504.67113978423,130.464575429536,421.907957108985,0.0037636941790371,7.47798951951432,5.10217867052737,0.44245708077901,4.17490232707567,4.72197499116702,0.222723019292141,0.0106423481157545,0.0063480901585237,14.9123658356118,45.4903763383678,15
2.28125,30.0109600470869,2.17498524645968,1194.8865369574,58.8663237327352,2509.12914941237,130.831780567943,422.801158427015,0.052859995085881,9.41390517757596,4.56291018897172,0.61478711268609,4.14784526738767,4.5737586989851,0.21584712363614,0.0103643110577925,0.0060850877411681,12.8924944522163,45.6199736616902,15,3271.60119206937,60030.0,2,30.0146828426663,1.60272286856362,1194.08727952138,56.566891529599,2505.64005171967,130.606322677847,422.71110554271,0.0038203137686815,7.41010214912826,5.06573687672173,0.437611479644148,4.13701198473833,4.73515000842077,0.222123171531056,0.0106216905857365,0.0063368406815899,14.9367997285087,45.5401416532008,15
2.291666666,30.0117102629224,2.14629252776578,1193.70239301413,57.9122564509206,2505.77383580169,130.752646507963,422.892535413166,0.0530719065334128,9.40570703282581,4.51000744885245,0.610261120720845,4.09355760860091,4.58183907214893,0.215732145238913,0.0103604167772914,0.0060857182696238,12.8825261846907,45.5927320599994,15,3267.4697994359,59025.0,2,30.0131511729904,1.58437191401588,1194.18591280721,55.8453294284214,2504.99992355145,130.668088533,423.256451679501,0.0038383092383024,7.3771133334652,5.0208090925923,0.434016408308738,4.09639558776736,4.74516002178804,0.221800673416945,0.0106105454982914,0.0063318134049827,14.9357066708932,45.5620238233022,15
2.302083333,30.0084584781452,2.13346841223459,1192.13914483682,56.9817990668879,2501.54498279753,130.631169480575,422.847420214273,0.0546093314616319,9.40804046391718,4.46271166635112,0.608415198170855,4.04070625203978,4.58804541621302,0.215346662342215,0.0103464107056908,0.0060777931664103,12.8614444239195,45.5507170861634,15,3262.27142511168,59755.0,2,30.0115825698046,1.56781469842186,1193.559577877,55.0894897316531,2502.76369279393,130.650197626342,423.54539822192,0.0038892832961143,7.36792612235297,4.97295613187875,0.431145087828524,4.05334177941625,4.75304732564685,0.221631275555663,0.0106045908705607,0.0063298966226848,14.9182677753272,45.5561290031813,15
2.3125,30.004444825268,2.13415085324687,1190.13166378152,56.136022028764,2496.28253201183,130.458094423303,422.628330980002,0.0569994485051415,9.43378523958292,4.42546439494735,0.610930636698267,3.99249372602096,4.59197612656966,0.214666082865727,0.0103213736281827,0.006060984337428,12.8139441983872,45.4907099784526,15,3255.8455149029,61585.0,2,30.0089739201629,1.55514475176598,1192.40854663241,54.3637375514929,2499.37262720506,130.57508443005,423.640810516036,0.0039611441616274,7.4004628131983,4.92279415064997,0.430601615527812,4.01040682219678,4.7571829388977,0.221680349580173,0.0106059765902882,0.0063321889861929,14.8622336232996,45.5302914374367,15
2.322916666,30.000988703111,2.14652238987722,1186.95138318578,55.3761927559902,2488.468250723,130.153217203917,421.971841701126,0.0599120382596452,9.47934190819895,4.40921673298952,0.616690305965242,3.94847136329373,4.59431392675009,0.213845639444805,0.0102909404158868,0.0060392386071397,12.7408402479545,45.3847297296048,15,3246.22921147456,64125.0,2,30.0057746337093,1.54629562452553,1190.50234516771,53.6859624560137,2494.34661039739,130.416740131461,423.453498678764,0.0040481053542558,7.47679087198481,4.8773983862402,0.432082975327106,3.96840878071891,4.75755723638341,0.222003859440225,0.0106166823358925,0.006340015378738,14.7621514852237,45.4754402775724,15
2.333333333,30.0051022987821,2.14511861956674,1183.89347614471,54.8025605812945,2480.90825019549,129.861051874714,421.352837094721,0.0603535069192791,9.51025239283632,4.42756179695654,0.61937900905589,3.91446132550482,4.59921421269317,0.213823264211165,0.0102897938810305,0.0060384201183966,12.6818079753159,45.2831301629077,15,3237.07597954038,64000.0,2,30.0046508499006,1.53633211931804,1187.91200246615,53.0716389678399,2487.82498010074,130.180786391559,423.009385660386,0.0040775550647395,7.55850644293537,4.85381787127377,0.43285813583485,3.92986199145354,4.75782694899466,0.222568982520665,0.0106359509617354,0.0063536848905886,14.6555227343835,45.3935064296777,15
2.34375,30.0090803177789,2.1431135027901,1182.51052433828,54.4668972677375,2476.90675387561,129.754006059304,421.33959384791,0.0598389243756744,9.50490357647503,4.46891577890137,0.619643640707422,3.8938644148886,4.60686012262474,0.214259136650899,0.0103056087692304,0.0060489488245186,12.6594254297276,45.246016918054,15,3232.66784423018,63000.0,2,30.0060412426391,1.52654546516433,1185.50780322591,52.5687188381581,2481.65540812578,129.962748123444,422.629774018625,0.0040809379556057,7.60343479971988,4.86032999758767,0.431841213487023,3.89882559452765,4.76140092098528,0.223044888986864,0.0106524088560174,0.006365641649692,14.5853421246027,45.3177645079383,15
2.354166666,30.000072959206,2.17740537654278,1182.35392351829,54.285121759094,2475.38230501766,129.778354602102,421.745303104979,0.0637310371969729,9.51526510965754,4.51300304129123,0.627850429182767,3.88278261473421,4.61057491998615,0.213429555376825,0.0102747176096563,0.0060244173197404,12.6151600417263,45.2547251010167,15,3231.59979982736,67040.0,2,30.0048363133027,1.52735990514769,1183.98979163549,52.2482571054803,2477.35691516951,129.842590678332,422.560402129625,0.0041839171080282,7.65422180242811,4.88008950202292,0.434273575493342,3.87705024643293,4.76375642418619,0.223233020693881,0.010658534063292,0.006369347183511,14.5069342872705,45.2761244354536,15
2.364583333,29.9982697911569,2.23165299679813,1180.02988453311,54.1056704054991,2469.24910602299,129.560388354306,421.347896797302,0.0659407948034813,9.55030980403394,4.57116755291706,0.642465196757079,3.87117485139285,4.61359954927618,0.212855221441217,0.0102531051763924,0.0060040624091025,12.550534607346,45.178943215912,15,3224.60391699684,69760.0,2,30.0018374736196,1.53421401350161,1182.63227284239,52.0613849357237,2473.38294381306,129.739023287399,422.526977271209,0.0042446284689287,7.73827758807586,4.91011644507148,0.44010407705973,3.86153627170681,4.76298011662064,0.22359517841647,0.0106705218000771,0.0063760817254627,14.3935570751555,45.2402701097298,15
2.375,29.9703052372218,2.47724039795679,1172.88305968357,53.9438280717639,2452.68215485621,128.79235025073,419.11364392824,0.0781459471793751,9.65448357326576,4.75411395246242,0.696345539519813,3.86202175702687,4.60642795349345,0.209536314250567,0.0101290432111781,0.0058960387171411,12.3880757005155,44.9114364488186,15,3204.2448549295,86175.0,2,29.9896638544922,1.58129736335987,1179.06555689179,52.0073454612931,2464.79670983874,129.391607258012,421.646597556556,0.0046094363070995,7.93560533257644,4.96854403843775,0.461724740556691,3.84784832977993,4.75137695395358,0.22382965977674,0.0106767843559927,0.0063734291178894,14.1564780580831,45.1194408381268,15
2.385416666,29.9915592692529,2.80694494745502,1163.60214081202,54.161309618054,2432.0051631989,127.783139201614,416.063287771743,0.0712685456515393,9.66297239398683,5.32065551750582,0.772482833711679,3.87315109408644,4.6172604011571,0.21161049244192,0.0102039309546922,0.005911300016645,12.3332594265522,44.559732805481,15,3178.63108005586,86165.0,2,29.9862837928891,1.63822793695961,1172.26610183501,52.0602716028849,2449.40269768677,128.672573723329,419.519631175084,0.0044279218496202,8.12132284031911,5.22766833615181,0.491487392185711,3.84196664290542,4.74351086534311,0.225228166314319,0.0107245757230473,0.0063973696438534,13.9240711685991,44.8690456216178,15
2.395833333,29.9578736225315,3.48304563780088,1155.14883280378,54.8773496389139,2412.79838297165,126.834192716685,413.153511613746,0.0784668913844273,9.62108438508495,6.1955411040508,0.905303632613965,3.92218110564828,4.62305360268449,0.209883669981085,0.0101381640078123,0.0058027640502359,12.2849851516158,44.2290410561027,15,3155.28098310065,109020.0,2,29.974852963355,1.79179093419925,1163.23999572611,52.5029003011601,2429.59210166278,127.6967597292,416.503121249052,0.0046744536831277,8.25137282998314,5.83655318906667,0.550358864862398,3.85722071588024,4.74012953446117,0.225504089488703,0.0107329335104458,0.0063832667666496,13.7268908514634,44.529059076082,15
2.40625,29.9577808264148,4.23713827336877,1150.66846409808,56.4525261380868,2401.03556518346,126.26932831777,411.395889455494,0.0758695136640476,9.58661266026291,7.18690386489539,1.05063867912671,4.03963133098435,4.63607910896341,0.208740072431581,0.0100953903928708,0.0057080590838187,12.2501539509857,44.0324627849347,15,3142.39067698337,127090.0,2,29.962590831885,2.01918124911189,1155.54995697898,53.6757620039685,2412.19652099914,126.822346731328,413.718668588406,0.0045746150579737,8.35931079863097,6.77360128356719,0.637984229964271,3.92651571774161,4.74051074546757,0.225570755412977,0.0107342528601736,0.006356172778614,13.5355579245488,44.2245340335453,15
2.416666666,29.991025134195,5.00128439883307,1147.65755897728,59.4792073664324,2392.99894239948,125.880502124139,410.139690006662,0.0592601960777457,9.41372694482949,8.33713779493421,1.1810037241603,4.22370042140833,4.6656250806929,0.211162561856723,0.0101888731935641,0.0057033144607919,12.4333512414894,43.8971807473382,15,3135.039811216,123880.0,2,29.9764677186919,2.21908354934955,1150.50413954894,55.666010054215,2400.08204067672,126.209270504406,411.747072602685,0.0039565805987078,8.26853350175998,7.8624956993811,0.705905263319013,4.05308253865181,4.76309766105893,0.225879070609948,0.0107461498920415,0.0063408239212996,13.5831916324656,44.0111543025859,15
2.427083333,29.974479260916,5.9395089613414,1146.17099034428,63.6600589598199,2387.72765371613,125.628652388237,409.224176676342,0.0519103950189602,9.25505930508974,9.45316266657135,1.31951487089114,4.47530568170458,4.68043621540914,0.211179801475453,0.01019274055848,0.0056321562665024,12.6675442852473,43.8093912566497,15,3132.1656925061,134210.0,2,29.9787635598187,2.51819810734476,1147.78601395319,58.902564625356,2393.06469857063,125.846012211751,410.518949217188,0.0036200668852633,8.04701306338187,9.04848038948414,0.781829066526218,4.24579610300226,4.79111469860706,0.224661277497375,0.0107052723977361,0.0062806631131554,13.8275626128567,43.884727129952,15
2.4375,29.9723931767517,6.94312834605439,1141.24433416917,68.0233087966094,2374.44279321948,124.945454704661,406.796791048378,0.0446099731807623,9.16087776348131,10.4797331177049,1.45857302938389,4.75019674730844,4.69002573296079,0.211558322037301,0.0102099349684932,0.0055695447991303,12.8761456200965,43.5707705995046,15,3119.26758940336,142595.0,2,29.9743412412777,2.88927753769989,1144.45544685439,62.9838799856551,2384.10724137251,125.366720736066,408.791171166205,0.0032646667641643,7.85269045127532,10.1848532145889,0.870226116151026,4.49520956694947,4.81135704850725,0.223438243051466,0.0106639611962005,0.0062137254139991,14.1078772808296,43.7175362483966,15
2.447916666,29.9683016837257,7.87097703875275,1134.57199883002,72.691306686574,2356.66374652252,124.001145803464,403.461013855986,0.0400971459913858,9.06323135536203,11.3901860874833,1.57676488246371,5.05659851645799,4.70064788340838,0.211696075061065,0.0102180356242589,0.0055116046415733,13.0216852716969,43.2404204250538,15,3100.97222409272,153535.0,2,29.9703791609947,3.30069617391781,1138.60459947976,67.3745846230756,2369.15884709784,124.555153992947,405.88842011877,0.0030106001599272,7.68191545759365,11.2324145782482,0.959369463592001,4.77299822028852,4.82801242645437,0.222257058635583,0.0106238076995002,0.0061451413014772,14.3601880985622,43.4339332129883,15
2.458333333,29.9811322468489,8.25194903200834,1129.98937696069,78.3365469043678,2343.12246197259,123.235175108785,400.703462687067,0.0362512315533756,8.8884657310952,12.1257901788173,1.62401198070067,5.41491775119738,4.7243805536909,0.212540256646042,0.0102527311574387,0.0055080357650008,13.1390374694817,42.9712363230197,15,3088.76869496739,155000.0,2,29.9764458628334,3.56963145582764,1132.8898694647,72.3189147061516,2353.77794175149,123.691103304762,402.79173785886,0.0028240451692826,7.4750002313938,12.114808984843,1.0146683430328,5.09039813988793,4.85160407888113,0.221055260251298,0.0105831832035011,0.0060927388129512,14.5690772910424,43.131181728906,15
2.46875,29.9850924348859,8.11046357583067,1129.30184082399,84.7001641381656,2337.66323212247,122.868530586433,399.244755436554,0.034558945924402,8.70680537295529,12.4484052554514,1.59934305180558,5.80708056258319,4.74844682266356,0.213345895593184,0.0102855269365498,0.0055373124486608,13.188713772959,42.8400099634323,15,3087.46389980329,155045.0,2,29.9826122293872,3.67970503239153,1129.95628630267,77.9313986371285,2343.98048262779,123.098228225108,400.591165570327,0.0027515434426737,7.25039056345934,12.6949070672344,1.02632495436037,5.44077332124003,4.87881118997512,0.219582516877945,0.0105329449360989,0.0060509410796884,14.7062782746953,42.921844920185,15
2.479166666,29.9884391916645,7.66260212433933,1131.15259555105,91.2429732986231,2337.31901657376,122.757667397994,398.609945915905,0.0337354308598189,8.56960035210455,12.3067150016612,1.53137815101975,6.20563630594216,4.76815130783371,0.214392308122622,0.0103262976078369,0.0055919199247342,13.1701423536791,42.7967637630209,15,3092.90922187526,153565.0,2,29.9864948758137,3.68153647734174,1130.31506783827,83.9306728495844,2340.70495849823,122.838278840515,399.475980495346,0.0027317644255438,7.07298026912052,12.8210367755598,1.00907561714151,5.81028567656236,4.90158324105507,0.218404891418875,0.0104926788998102,0.0060261567155849,14.7475742057649,42.8273622546431,15
2.489583333,30.016354977663,6.93470961199652,1135.77621388376,97.9945024152138,2345.09843911544,123.05862263419,399.333903921714,0.0301337765173119,8.38827082307657,12.172128428365,1.42824728102028,6.56616299016022,4.79342496826293,0.215892807159265,0.0103835755966213,0.0056781801861291,13.2500298765058,42.8965201778359,15,3108.11865161112,135465.0,2,30.0032946373597,3.50991931154465,1132.93106848103,89.683650398877,2343.04646977792,122.863969971462,399.332502037447,0.0026642133078758,6.85452401637263,12.7127717391922,0.953819441344284,6.1461800777816,4.92915488619324,0.217122059851075,0.0104490531113204,0.006016639532128,14.8418747196915,42.831708124798,15
2.5,30.0073258606522,6.4539633984143,1142.98201121222,103.857454244953,2359.06651408187,123.702810301574,401.157777427897,0.028738615208207,8.29544468429951,11.944328328731,1.34328182605856,6.86642656443763,4.79820930258892,0.215896215435705,0.0103847940667014,0.0057150838436682,13.3172947014979,43.115949008015,15,3130.4118872074,129060.0,2,30.0080110478545,3.4199276873735,1138.25990010775,95.0881194397762,2352.66665901786,123.278074720088,400.466812682959,0.0026451576137713,6.64736080959495,12.5652047056931,0.901490693116473,6.43345186871425,4.9487154785043,0.215338214082171,0.0103871049503939,0.0059874145664044,14.9807609588616,42.9712261139499,15
2.510416666,29.9973141912176,6.13731320926386,1148.54275865583,108.025657835393,2368.91657382307,124.142036975487,402.297114614331,0.0284562136101841,8.32426351782865,11.504446927434,1.28301852965821,7.09521566304582,4.78909526831153,0.215652705366744,0.0103756681653889,0.0057338971999721,13.3011648086367,43.2640490715704,15,3146.39114323176,129040.0,2,30.0019987094705,3.40944577838447,1144.42324304033,99.7388975699524,2364.01184499087,123.791493439471,401.882120726679,0.0026333606347643,6.56906953340852,12.2424260496438,0.873458344768634,6.68367915103157,4.95004542107412,0.214454364151472,0.0103560445034532,0.0059692319537348,15.0441558758305,43.1452463651199,15
2.520833333,30.0056740537182,5.81974433944808,1152.17638792481,111.073122756185,2375.46859897433,124.40064990831,402.874364843355,0.0270787253700165,8.34698767219061,11.0102048414361,1.22750270011511,7.25649774767314,4.7836758406141,0.215628556288018,0.010374654445884,0.0057583297986406,13.289686403922,43.3494311230141,15,3157.00691664751,123740.0,2,30.0026594795281,3.36946605016763,1149.0918268549,103.121672907366,2372.29549750839,124.144794434717,402.775317286771,0.0026022173962938,6.54643376507788,11.7933232589572,0.848109202968663,6.87020595559056,4.94619131008058,0.214239629950552,0.0103485486815765,0.0059686626689351,15.0721401640158,43.2635698741861,15
2.53125,30.0008134416025,5.57910368772587,1155.41508792088,113.376659205797,2381.61803200168,124.63545810738,403.388611746611,0.0266516145909309,8.37696655638687,10.5423486161425,1.18081672731831,7.3764705596898,4.77472373818725,0.214929422544808,0.0103487924081284,0.0057619423044782,13.2592380054113,43.4268484560426,15,3166.3955230788,123385.0,2,30.0023350633936,3.3449912286763,1152.75086578657,105.676125241919,2379.07196981917,124.416132146184,403.415526581129,0.002599380689057,6.53838143010413,11.3136220276919,0.827056437025145,7.00606582861632,4.94035405620166,0.214003336319272,0.0103400669792451,0.0059658321552863,15.0832216710491,43.3535664593728,15
2.541666666,30.0249580907947,5.28090615908293,1160.03539852397,115.310745705281,2392.40591799211,125.102879427004,404.69424583038,0.0235798594948558,8.31940863272522,10.1633470976989,1.13045202462856,7.45118314033021,4.77779022307154,0.214882216539319,0.0103475767429616,0.005785953637751,13.3496222252122,43.5859155980204,15,3180.85132730758,108725.0,2,30.0125758382091,3.26117291576646,1156.40771858536,107.371560709115,2386.62949455612,124.721125419392,404.213576255106,0.0025367450876951,6.44808499562426,10.9046945815897,0.796186536603926,7.0906847884889,4.94351221215766,0.213349241826545,0.0103174651082966,0.0059603814035648,15.1845830565471,43.455789704234,15
2.552083333,29.9735712543603,5.45434905124099,1162.94940345334,115.997138002763,2397.54273683284,125.290797819964,405.044569816327,0.0264790530703836,8.43889537197651,9.73298158045039,1.14029093896834,7.50560523345609,4.74996775237137,0.212478016505995,0.0102578262206987,0.0057163706897398,13.2402197894091,43.6480985962406,15,3187.8545583911,128390.0,2,29.995630826885,3.3472260484525,1160.48187836277,108.933311816667,2395.43740275655,125.097706769949,405.191353121615,0.0025987636385903,6.49694828208894,10.4573355760126,0.800235074322688,7.16300033416156,4.92745097113216,0.213000383228301,0.010304091978522,0.0059430484359955,15.1548573077589,43.5832952948307,15
2.5625,29.9975692775949,5.48817879254955,1160.68302139741,116.227105439153,2391.5994427127,124.863271542009,403.443376845316,0.0250946598620814,8.47249048970617,9.43496434621861,1.15141995826499,7.54229764303309,4.7487799801426,0.212529660413415,0.01025954803758,0.0057146391881217,13.1691364324526,43.4961994327902,15,3180.23431302704,125310.0,2,29.9917771702051,3.38319679965345,1161.51627846336,109.78195527219,2396.40203822742,125.046495851957,404.753584841645,0.0025523581678274,6.62206154158904,10.0551822149627,0.814744066208365,7.22905664609856,4.90943215108814,0.214234153249865,0.0103474189256606,0.0059663951496551,15.0265363362099,43.5620879712968,15
2.572916666,30.0110067480576,5.42144041550996,1161.42434258786,117.430057242409,2393.97278196883,124.853885293669,403.251383692156,0.0232878623627824,8.34673013327305,9.20872214592835,1.14113600537227,7.59169212070513,4.76108966652038,0.212031110148663,0.0102424242757793,0.0057100476947957,13.2341080476377,43.4905589446088,15,3183.31725729715,117760.0,2,30.0027084216595,3.35360948970087,1160.84660276277,110.242808432383,2394.9173846485,124.846794910127,403.928200380401,0.0025172239267709,6.54122725003405,9.78832550432288,0.807110044458288,7.25760888581534,4.91610184166734,0.213658435342898,0.0103275357289674,0.0059571372170611,15.0628126861924,43.4897764164517,15
2.583333333,30.0087663786275,5.39851181333127,1166.1687272974,118.824487415777,2405.09515592413,125.304911581307,404.545938574113,0.0222710630945146,8.22975379660111,9.02578055972449,1.13350146029819,7.64802916942228,4.76758624985378,0.211195014118948,0.0102125601040115,0.0056940504847466,13.3339211248191,43.6458519055086,15,3197.68880452368,113465.0,2,30.0074773997051,3.34012927953634,1163.15057035196,111.191750264719,2400.52121429864,125.011026362599,404.31759057857,0.0024914263252819,6.37619277837879,9.57959870648957,0.796154484637811,7.29887101758904,4.92883932960901,0.212055580105439,0.010271274646884,0.0059235975574714,15.1891077744388,43.5448067668442,15
2.59375,30.025504750226,5.21628994296864,1172.26190952775,119.444731871368,2420.25005847096,125.972593066335,406.557469802555,0.0202368478856447,8.0885377035269,8.83867306391877,1.10693624017867,7.64802762551918,4.77727621937619,0.211266679145225,0.0102164476672686,0.0057117673323294,13.5236164566339,43.8771001329748,15,3216.27289715395,100005.0,2,30.0155893974152,3.26975726860108,1167.48818964719,111.702920640429,2411.04564894782,125.434630909461,405.580159081891,0.0024481206327548,6.14436626691197,9.42249288653909,0.773593035194056,7.31263237585419,4.94645381585325,0.209960736750521,0.0101977538632189,0.0058851169596437,15.4223115220751,43.6907109340908,15
2.604166666,30.0249593763227,4.99184834208898,1179.61598085749,118.992803447101,2438.83458601171,126.840501688759,409.229049516831,0.0195362496867068,7.97718071681593,8.60367155710803,1.06854276606946,7.58432630218561,4.7778508274882,0.210953343134532,0.0102056195504556,0.0057240997232912,13.7335608238323,44.1785213662004,15,3238.26858216607,91345.0,2,30.0214498856802,3.18142376040564,1173.09897709436,111.428838642722,2425.12403773304,126.058459232278,407.526018385098,0.0024433761451179,5.87714924006939,9.25105733277811,0.742099044325695,7.27589923788128,4.96430072000802,0.20714608307535,0.0100979219519967,0.0058319135548817,15.7353451127827,43.9068104586509,15
2.614583333,29.9539859894087,5.23692727323967,1181.05377711961,116.518534239162,2441.32943338075,126.907755441077,409.222182228289,0.0256509676873717,8.27465532769353,8.1941330086179,1.09822467617898,7.48306878939799,4.72991791996253,0.208237578538047,0.0101006777583469,0.0056380064461166,13.4807263118692,44.2012591154696,15,3239.42470614327,122540.0,2,29.9901716683627,3.27916263705567,1178.63256036219,111.006215978167,2438.44512487928,126.671299990546,409.290909518676,0.002563835589059,6.04324291301282,8.90739805178116,0.760576878406658,7.23619770162564,4.93433894936332,0.207625787922232,0.0101131052841663,0.0058309678810253,15.6397300591908,44.1193134939323,15
2.625,30.006509664116,5.0206297284285,1174.63242063852,114.046209606984,2427.88871112664,126.104961133172,406.491690554302,0.0239366226774776,8.37958206563111,7.97892697120947,1.08223795980632,7.36847881585454,4.72973267159495,0.209801196932486,0.0101579127031961,0.0056904928791554,13.3212683546603,43.9210286699143,15,3219.81376629715,111770.0,2,29.989897073941,3.21649433154523,1177.81396437935,109.218383889154,2436.52177755968,126.484579239793,408.455848119682,0.0025379796783587,6.32852285695952,8.56557640299105,0.767648505296997,7.15979075574529,4.90391416739048,0.210997901906177,0.0102331961629066,0.0059118946714906,15.3732977852725,44.0535075773324,15
2.635416666,30.0174161444357,4.78237600541288,1174.53168510433,113.638819763832,2429.86579065788,126.095904600277,406.395027106294,0.0231745390167935,8.26442157593488,7.88472539439918,1.0408598335061,7.31805800030989,4.74147442823118,0.209726191376545,0.0101561134080398,0.0057097818344643,13.3449179722735,43.9175285347108,15,3220.83356682549,103775.0,2,30.0061452401729,3.11003289738351,1175.04832563219,107.499504487798,2431.81324150274,126.141715492761,407.260957759457,0.0025588605207341,6.29724083281924,8.40141500584828,0.74183959206291,7.06261276131001,4.90840875401276,0.21101473904123,0.0102342331740136,0.0059233988700329,15.3486547538075,43.9335466773426,15
2.645833333,29.9958997087486,4.7618539028584,1178.53919487062,113.507102884925,2439.45328195621,126.493834735827,407.580025690122,0.0249368557075681,8.25212593882847,7.79351891041811,1.03054613739696,7.30340610927346,4.73603906118819,0.20858518351389,0.0101133386970939,0.0056849413936497,13.3054541674999,44.0560271677537,15,3232.22210047909,109120.0,2,30.0040298374756,3.09547161631777,1176.3375667416,107.038579496013,2435.92835213683,126.257198822684,407.550059453236,0.0026053863051379,6.26124043924538,8.27464937147652,0.731735287476365,7.02412114812601,4.90905851352177,0.210371837113637,0.0102111292560877,0.0059103095955643,15.3213038875093,43.9734604367954,15
2.65625,30.0362387157787,4.50336723729972,1183.36462851184,112.817164980175,2452.18945172295,127.052633089356,409.32561583428,0.0220460838316699,8.13240159626191,7.77970262851238,0.995470218853901,7.23872016656789,4.75044116113691,0.210469714953851,0.0101846716006481,0.005751786364726,13.4533760560103,44.2507030793507,15,3246.75014791346,88925.0,2,30.0152755476525,2.99409859416446,1179.43219564448,106.206507883965,2443.91184864484,126.573062256602,408.530710357501,0.0025468995230658,6.11668736962581,8.22406909168275,0.707651324659723,6.97281622978593,4.92095674129948,0.209576506613523,0.0101839882586364,0.0059040218072388,15.4418664799912,44.0833551743415,15
2.666666666,30.022055248445,4.35513585749683,1190.38820582603,111.492104082703,2470.18207354309,127.905863039398,412.045254491627,0.0231445568717907,8.02169952929235,7.67536052989406,0.965353628335337,7.13297444983407,4.75093038823276,0.210193594777184,0.0101750472000105,0.0057590186194265,13.6317875723945,44.548062653307,15,3267.42117272712,85235.0,2,30.0223349306246,2.91341145327014,1184.04283734294,104.895429302276,2456.01409953836,127.115336543747,410.301072448939,0.002577270712677,5.87007633035976,8.19070461905646,0.678321930734445,6.88456847737875,4.9392090324584,0.206973958712637,0.0100916036733155,0.0058545412103402,15.7081430221742,44.2722359970136,15
2.677083333,29.993187761616,4.44000873410138,1195.20062804205,109.006971665414,2482.16280795001,128.464936151706,413.783576587478,0.0266912322492546,8.11959395374842,7.50216811667559,0.980562233317919,6.99404511456344,4.7299945354187,0.209462563300301,0.0101460891231783,0.0057328485556589,13.6085050130478,44.7431046069898,15,3280.02151875273,93775.0,2,30.0106336177013,2.90513980405803,1189.83676797812,103.509503217326,2470.5610289258,127.800284448283,412.472546948012,0.0026408291705705,5.84182083968889,8.063294176657,0.675919468181848,6.79201683395647,4.93298922041825,0.206182239913809,0.0100626605347136,0.0058369877416695,15.7905752958324,44.510967953103,15
2.6875,30.0000500009116,4.50095578866965,1195.13469233346,105.779610125757,2483.66365012436,128.474393864863,413.770106705931,0.0273019280424076,8.20568940657456,7.4530486221493,1.00277603762102,6.82272984276824,4.71961468189134,0.210090353164275,0.0101683093134921,0.0057409578987371,13.5592695962203,44.7468200402507,15,3278.67695489597,93540.0,2,30.0024261426542,2.87807501708942,1193.36851345584,101.341508779819,2479.8586219444,128.217522924289,413.749993702289,0.0026544573419493,5.9510867734752,7.94059699003634,0.682127964149319,6.66884307935598,4.91646550169528,0.207391448912028,0.0101057819570782,0.0058665840909011,15.73838062602,44.6566040023765,15
2.697916666,29.9991583093661,4.484050546264,1193.48450364879,103.02210098045,2481.88967398489,128.313720872057,413.237997089435,0.0285277866001673,8.22796600941696,7.44143148492984,1.00842899843742,6.67170851098899,4.71573402128243,0.20979203804256,0.010156645603105,0.0057349464302062,13.5157763120274,44.6913501255589,15,3273.47951002589,95625.0,2,30.0005434968242,2.83472066287752,1193.84243973242,98.7896686499006,2482.61563116824,128.295551796057,413.956790097308,0.0026993743791025,6.04024455386719,7.89422364117488,0.68364879859283,6.52699678721327,4.90537863730599,0.20832022078755,0.0101387401942951,0.0058915178511417,15.6717101064203,44.6841912983427,15
2.708333333,30.0083702465425,4.35499091625798,1193.27029867887,101.002655079731,2483.13245698111,128.316045124813,413.249233225476,0.0286233424134737,8.22014019201933,7.3649774126603,0.992035868909614,6.55589326165255,4.71715087047344,0.209857200218096,0.0101589681000249,0.0057476014911526,13.4887902776209,44.6926776151987,15,3272.7475250289,92675.0,2,30.0034455300465,2.76825675827423,1193.46576358573,96.5145623120401,2483.41220512893,128.276010815884,413.878459617686,0.002725824971058,6.08670172429274,7.85330873329786,0.675362655363225,6.40003668109708,4.90055072982814,0.208916799775833,0.0101600368383832,0.0059116929116527,15.6142222457516,44.6778528909148,15
2.71875,30.0107628065569,4.13094744553549,1194.74894982244,99.3783129995917,2487.93935004676,128.518066169901,413.915043894228,0.0294726579300585,8.22172076279177,7.19368009401794,0.954981778486408,6.45725939437694,4.71610241885692,0.209706277764815,0.0101529297373678,0.0057635261257366,13.4648460845261,44.7635292275987,15,3276.94743912039,90145.0,2,30.0074578150039,2.68968918905809,1193.78572226222,94.5926566165303,2485.63277122197,128.340465255661,414.101490640845,0.002770594740204,6.08949475457805,7.76203251528434,0.657922014676971,6.2900307801441,4.89996837770483,0.208980322593938,0.0101623074605219,0.0059212457406696,15.5891462050849,44.7007736968973,15
2.729166666,30.0090021337385,3.99815623997165,1197.04331912491,97.7903952805906,2494.27079295336,128.81310528868,414.881864292814,0.0305586199689524,8.26411285018377,7.00872330386929,0.928785635884234,6.36190298122737,4.70983503257209,0.20976483013901,0.0101542882043703,0.0057759904417562,13.4226917086607,44.8667486783288,15,3283.24966921402,88860.0,2,30.008789095983,2.6279637256678,1195.16275589955,92.9486804018659,2489.95484063398,128.527685974549,414.730240526705,0.0028138181298506,6.11040634022465,7.60602622582517,0.64126183478104,6.19379526634128,4.89656560158678,0.209174325422853,0.0101691277564496,0.0059319319921362,15.5542259151273,44.7664377468046,15
2.739583333,30.0026161919101,3.9274100621995,1198.58459162269,96.0008339782233,2498.77997763201,129.02125652376,415.565933952884,0.0323979620663921,8.33851133834566,6.87239990127577,0.91715348020982,6.26020504441126,4.69986792226517,0.209639944288111,0.010148377229086,0.0057782362038509,13.3582610092473,44.9397101435638,15,3287.16922788985,90465.0,2,30.0064032443004,2.58596493834775,1196.90595531072,91.3799625766442,2494.94219506637,128.758808521166,415.492937270171,0.0028680949573634,6.17721949636105,7.44264253246673,0.632853482417669,6.10180051551737,4.88792629129264,0.209752607281958,0.0101894224813907,0.005949005817774,15.4865523478382,44.8473946250936,15
2.75,30.0022310743206,3.91894468646983,1198.80717316705,94.0868631201239,2500.39532689384,129.082237002235,415.781124118706,0.0334913448829213,8.41002104816594,6.82952766114959,0.918233286493201,6.15413054493359,4.69201897315274,0.209836487496693,0.0101546255461925,0.0057825260790223,13.2962118218089,44.9614404129904,15,3287.33562353621,91025.0,2,30.0039154943161,2.55228372643647,1198.07268696383,89.7500189604551,2498.56639329232,128.925062660099,416.040331861477,0.0029050247059439,6.27685923892145,7.31966660942257,0.629531903258078,6.00836542000247,4.87675016385139,0.210738964163513,0.0102242262307576,0.0059744292993667,15.3939253776936,44.9057743411676,15
2.760416666,30.0032416526632,3.9322963702441,1198.4738242874,92.3953479613342,2500.85280737159,129.081016257739,415.810061788606,0.0342333836291454,8.44242394600028,6.87783953653323,0.924950107689716,6.05899788665948,4.68878191033314,0.210052904575025,0.0101620381323889,0.0057857580533691,13.2657387251717,44.9615481303913,15,3286.18095434779,91045.0,2,30.0032813772744,2.52206325277741,1198.40439412337,88.1004055405278,2500.38695776375,128.998850480211,416.298138543874,0.002933567281425,6.35787347089359,7.28266341208892,0.628608299828476,5.91480956889407,4.86844562640508,0.211597123771406,0.0102545346047215,0.0059967396742099,15.3195368807315,44.9319732454089,15
2.770833333,30.0038022155364,3.97980557484602,1198.36800191155,91.0463694906724,2501.7520181614,129.100894280294,415.919569126005,0.0346948241078912,8.44387882616975,6.97211854152981,0.937039056114487,5.98164175603336,4.68883256478841,0.210236172441712,0.0101686212328083,0.0057854727955293,13.2620100335529,44.9690505109222,15,3285.86692761063,90965.0,2,30.0034870213324,2.49992611982871,1198.39442803754,86.6486245683668,2501.45551253226,129.032385293273,416.439135012107,0.0029525781681801,6.40593581604086,7.31876508933003,0.629162415874215,5.831852850515,4.86411476724728,0.212139826509772,0.0102737145732886,0.0060112088731973,15.2741717745954,44.9441867820537,15
2.78125,29.9653471235226,4.21387918671318,1193.72227754416,89.547395445341,2491.45545347533,128.555758964814,414.159105487495,0.0411836585028156,8.60285137104765,7.10150053864771,0.978679906809474,5.91957293299476,4.66988235925338,0.207538625419145,0.0100654435241502,0.0056988392289224,13.0554109145321,44.7798895433563,15,3271.66491034537,112185.0,2,29.986348995338,2.56313074951189,1197.02078786565,85.6271296713301,2499.26223818511,128.900288392676,415.981818582236,0.0031266323083318,6.62001883565333,7.38402649197175,0.654861608913959,5.77199873564219,4.84335016761008,0.213211780188266,0.0103099339377294,0.0060266274615932,15.044838282796,44.8988523246794,15
2.791666666,29.9960432324147,4.25012244494385,1181.30413139493,88.4579817946307,2464.79492587464,127.156587932987,409.640489486668,0.038466006920442,8.68357656382438,7.25136692291992,0.993047742096873,5.87036481674122,4.67327738287452,0.208060508741643,0.0100846212910615,0.0057075751574977,12.9240476788372,44.2932464122525,15,3236.73552217208,109210.0,2,29.9862783063634,2.57124554728408,1189.8109444224,84.5749534724197,2483.79372410512,128.08038186667,413.284335402948,0.0030776347663401,6.85673157192064,7.51623323300388,0.672259736484825,5.72225489049718,4.826517166414,0.215440653441383,0.0103879977484902,0.0060750443405969,14.7712236562652,44.6140285507096,15
2.802083333,30.003182360775,4.2344409659165,1178.3300082977,88.9516964790258,2458.70167854232,126.819690498505,408.550649282638,0.0369140225025183,8.6531775889022,7.1305478646821,0.987776370288448,5.89248908219859,4.68116599329558,0.208082630256992,0.0100861268631315,0.0057102818488206,12.9166835601778,44.1765202239203,15,3229.14768249308,106950.0,2,29.9963012725944,2.56083365101133,1182.17320284448,84.025220939524,2467.67836682969,127.22551405932,410.518184086219,0.0030656435189401,6.90912758614749,7.57423444298375,0.671138270070332,5.69249357332246,4.82840209253732,0.21607936645159,0.0104104933263024,0.0060904875761546,14.6756696467177,44.3169352396633,15
2.8125,29.996181725064,4.41508741144544,1181.16518550041,90.0745357063067,2464.56607874374,127.099458584278,409.420957914006,0.0362280621867016,8.63766291096292,7.08272840232526,1.01201939715241,5.95619322251395,4.6830212155767,0.208015478865239,0.0100842126455776,0.0056936049675231,12.9377553644246,44.2745342581089,15,3237.45056303014,109120.0,2,29.9978433812597,2.60178183801003,1180.72922310013,84.5416401816807,2464.65719323334,127.046034262714,409.92033418514,0.003044021590539,6.91102762063477,7.4951406425553,0.678063746965237,5.71952289883357,4.83163183264907,0.21607357349156,0.0104102876196653,0.006085919196076,14.6524390923898,44.2550408229682,15
2.822916666,30.0293050790689,4.25151548604937,1185.25254861404,91.1148576413099,2474.40456067834,127.575104131486,410.9475264472,0.0316180798273657,8.51934142021227,7.18773543209267,0.993445311143127,5.995080266061,4.69961747433597,0.210320881507533,0.0101717283083756,0.0057630911664321,13.1308041265211,44.4405874337753,15,3250.30138870961,92015.0,2,30.0105734217125,2.55212909176289,1182.41514298741,85.0736558036421,2468.5724523424,127.217165701058,410.489064228079,0.0029172308584371,6.76755885886646,7.54804144160097,0.666239444557125,5.74907491480077,4.84826802560533,0.215645564567533,0.0103965977516815,0.0060831862585634,14.8184979027129,44.3151291371245,15
2.833333333,29.9939314773728,4.34161268496397,1189.23382973293,91.5876825139928,2483.46444959514,128.032568192084,412.400097789491,0.035241074663642,8.53199626819784,7.19041777432216,0.999336755830664,6.01192256985016,4.68989929991904,0.209232881219114,0.0101304028697485,0.0057290279057588,13.1943875593213,44.6002179453582,15,3261.98913432675,100520.0,2,30.0076047117452,2.57292484920184,1185.76757771304,85.6450216086498,2476.51861909501,127.606496414511,411.758140904123,0.0029868158675465,6.65717240635713,7.5894138222485,0.661433630139518,5.77064816953928,4.85682817977597,0.214303088418386,0.0103492393448031,0.0060508369015742,14.9844806785367,44.4510875716698,15
2.84375,29.9689713840627,4.71791053729527,1186.2386322021,91.0526025395866,2475.93078443264,127.63391074617,411.03909603784,0.0389158147865777,8.7112226431781,7.31034341817884,1.06231343265244,6.01018713435366,4.66909320841421,0.207968864454762,0.0100811961112622,0.0056654016241439,13.055605599493,44.4617792575511,15,3252.26760391191,116950.0,2,29.9863612414021,2.69170665216523,1187.43667788383,86.2309252835676,2480.09141696816,127.776144468009,412.213012507098,0.0030524897721684,6.82312452510553,7.612368718471,0.695998707114091,5.80261852995414,4.83694299272459,0.215030347430806,0.010373564781668,0.0060529484857936,14.8833191537564,44.5105898256261,15
2.854166666,30.004516980248,4.84315888921348,1179.95101030541,90.9932454857666,2462.52558693384,126.900071202691,408.630706232251,0.0347666566493174,8.68316490235962,7.64609309903001,1.09470795122435,6.01544005484102,4.68078171390748,0.209454428286148,0.0101375443090352,0.0056900578460084,13.0757355400326,44.2066354643749,15,3234.90544171825,109250.0,2,29.9910094824901,2.71724129509462,1183.88345597558,86.1248231750824,2472.14048609624,127.334496659434,410.706214537199,0.0029357023727827,6.92140842581315,7.81580316637714,0.716830740365138,5.81025356732851,4.83073353803039,0.216382414409486,0.0104213929819625,0.0060806060468162,14.8138861918691,44.3572187041565,15
2.864583333,29.9990693372928,4.96164330042624,1178.67055833562,92.1498904917241,2460.14914119828,126.729972827474,408.046330788131,0.0341337639524541,8.58148110922758,7.91307107742435,1.11164678116068,6.07468506195231,4.69069887233479,0.209096340028346,0.0101253271441623,0.005673031579987,13.1452490830317,44.1478061135178,15,3232.42027481606,110600.0,2,29.9978223499358,2.74664529396962,1180.38291370562,86.4780482225592,2464.95149686005,126.919388649027,409.329418589203,0.0029186712406932,6.85498685461457,8.10462765959379,0.72383868764201,5.83084889428121,4.84049940352535,0.215903407634534,0.0104048554152569,0.0060671145472941,14.8695204322891,44.2130620397226,15
2.875,30.0075835670703,5.02117649256311,1180.4612612751,93.5429106494641,2464.3872061884,126.899793377412,408.5439512236,0.0319238099861895,8.48380045920021,8.16482297417404,1.12164673108434,6.14621838660987,4.70119658195761,0.209626385899144,0.0101464497757476,0.005681646446442,13.2482147399434,44.207283990339,15,3238.53180502824,105755.0,2,30.0025534328181,2.76479548379938,1179.88171510725,87.4438981654725,2464.17926363004,126.829581543089,409.004919539978,0.002849411687999,6.73983752868606,8.36612649313403,0.726335778938215,5.88371918186915,4.85315350574664,0.215128509754304,0.0103782153223048,0.0060485993589758,14.9737897514031,44.1821654878162,15
2.885416666,30.025973864314,4.8840844614145,1184.7175287371,94.6624788626778,2475.03711323963,127.401769976261,410.126788253174,0.0286022648715828,8.32465126950485,8.38463146795533,1.10245837155737,6.18633277319757,4.71641929350002,0.210873005527922,0.0101948055435856,0.0057236698388652,13.4653462727295,44.382270049536,15,3252.24596183879,92910.0,2,30.013375078817,2.71401793634423,1181.68043289738,88.1763558974444,2468.81144131161,127.018939684246,409.617760366789,0.0027690394767286,6.51880019157137,8.62802593722776,0.708498835947473,5.92042560079663,4.87456534998305,0.21362503855051,0.0103264287412671,0.0060217698236587,15.2121889473706,44.2483627244646,15
2.895833333,29.9496217256952,5.49326859864702,1184.03977951856,94.5770584950883,2472.11629829086,127.239229273364,409.467181131277,0.0357614268370157,8.5102377976825,8.40652839365949,1.18068889141622,6.21727196758792,4.68271328642233,0.20747167184751,0.0100655524409147,0.0055938231342514,13.2921524866904,44.3257110702337,15,3248.82394333454,126725.0,2,29.9850313625942,2.92137509470758,1184.02311439854,89.2682504132958,2474.32474349391,127.270173456251,410.309382787735,0.00290378316061,6.59015055795785,8.7538711278501,0.749771049445399,5.97475529651283,4.86004867558383,0.212910150869393,0.0102993982212513,0.0059822842773032,15.1725547675762,44.3360387957452,15
2.90625,30.0029227536441,5.54379683110693,1175.63479359604,94.4776033272023,2453.45423822556,126.2265767114,406.082618573643,0.0307969271534162,8.53211713322481,8.51879642784738,1.20628619911757,6.23747654151634,4.69201947877957,0.209203485903968,0.0101311246652577,0.0056301266007042,13.249953533799,43.9729069788508,15,3224.88655305952,116715.0,2,29.9860165987191,2.96234722032813,1180.54966848245,89.6050673555555,2465.92531410092,126.792694166835,408.596592756064,0.0027622571545962,6.74378953893205,8.85194237565066,0.781188154880748,6.0198653639462,4.84613746424206,0.214785825975585,0.0103657760948303,0.0060198456119676,15.029565840834,44.1698004378126,15
2.916666666,30.0087544174161,5.44011964324526,1174.02742398881,96.0551573883776,2450.83115715102,126.034184491923,405.372822401995,0.0288570388967329,8.40219116692777,8.65289023114988,1.18630918894945,6.31114678759012,4.70543573822202,0.209192178675896,0.0101324077057782,0.0056397470487991,13.333554748219,43.905629501309,15,3222.16978119258,111860.0,2,30.0007143120692,2.9287230351389,1175.85903607496,89.9988274265905,2456.14417735436,126.23556916343,406.712878268651,0.0027390857242256,6.65440587843387,8.98771758712383,0.77016308696103,6.04597278125003,4.85830535653611,0.214247718429382,0.0103473527689598,0.0060119965320325,15.0889933965032,43.9756170870082,15
2.927083333,30.0068183355544,5.34151557173657,1177.83342104672,98.0582604013063,2459.38451936447,126.424125349918,406.516790235354,0.0278878831205388,8.3312419369637,8.74419761226452,1.16520325367049,6.41249897619497,4.70944566544211,0.209220428843116,0.0101343378165951,0.0056491409567996,13.4093929244701,44.0410374906278,15,3234.19361541629,108625.0,2,30.0053489072883,2.91890413436091,1176.09037298669,91.3734445869127,2457.04361014554,126.228467721204,406.607324708014,0.0027152251324379,6.5294011656411,9.10880836516969,0.757953477896279,6.11766387917007,4.8697185699111,0.213174180705852,0.0103098935002514,0.0059896624052782,15.1933230459894,43.9728584213094,15
2.9375,30.0453557940757,4.84345712554329,1184.5408873924,99.4168958356775,2475.91098252386,127.226571251517,409.02817833096,0.0236554761512237,8.16563524422221,8.79214697312008,1.09110459384381,6.4530156923508,4.7263450480459,0.21126288710601,0.0102122342277816,0.0057389396650824,13.6671153245814,44.3200243107533,15,3255.33265473388,85415.0,2,30.0215157673862,2.77715440464766,1179.42626039255,92.2314658458741,2465.05893683561,126.591316208815,407.754979296999,0.0026426889525404,6.27590184374322,9.21474349380553,0.714013735356106,6.15974582602803,4.89249412111953,0.211491228399465,0.0102518602435863,0.0059685481335038,15.472313570987,44.0988320554436,15
2.947916666,29.9456224198036,5.30385275721282,1186.57894026565,99.0522656011924,2478.9402257351,127.391999363169,409.372061542315,0.0328050183437679,8.46350408960544,8.59700571942621,1.13662282308043,6.46387479746145,4.67442709846654,0.207323516650307,0.0100611296252635,0.0056066446135275,13.4202292140586,44.3770655628829,15,3259.28441855273,124840.0,2,29.9905789964881,2.94794165656409,1184.18587552501,93.3341088610624,2476.07711414102,127.140544258489,409.373589470742,0.0028232169997249,6.38339695285046,9.13182888170466,0.736465655263907,6.20614918047785,4.87026392272598,0.210877270541594,0.0102278111225672,0.0059348725889609,15.4249411647117,44.2896127169065,15
2.958333333,30.0056706465383,5.18933068277648,1178.88647050522,98.2227278610998,2461.72090329881,126.467055432488,406.245145003136,0.0289663708659493,8.60028594971141,8.54647923548181,1.13938678726314,6.44606974083986,4.6726438880915,0.209691814035044,0.0101488649895942,0.0056693665344709,13.2876125891667,44.0542724659415,15,3236.69743092502,112700.0,2,29.987740871271,2.94538156277132,1182.93713371105,93.3782393517071,2472.35521635046,126.924439692677,408.454032193432,0.0027181468767994,6.67191010205313,9.01284695511419,0.758105596211691,6.23375203693175,4.839591289893,0.214134571292166,0.0103430268849014,0.0060074875649114,15.1829827001421,44.2137544550422,15
2.96875,29.9951375243273,5.08515875997389,1175.55217697535,98.9327005910146,2454.86008291179,126.068882091152,404.856678370405,0.0296851578823926,8.58808604282213,8.42342837738072,1.11525001683245,6.48268535336354,4.67259196958543,0.208780682327687,0.0101150128921381,0.0056571280432197,13.2280583576524,43.9150042659738,15,3228.13914390426,116715.0,2,29.9953628479098,2.9238933862323,1178.18361416822,93.2056854330397,2462.26343597129,126.368300888747,406.532383989418,0.0027679106972957,6.7407622949006,8.9340623946777,0.750166907447213,6.2292340827044,4.83435359797813,0.2146762810543,0.0103618184875845,0.006021456405667,15.0905894459683,44.0194512935381,15
2.979166666,30.0117476407287,4.89955153607677,1177.79958184993,100.554318949506,2459.88623279333,126.275185660201,405.411946589399,0.0279396624295922,8.55321061673273,8.2442013493955,1.08363437459014,6.56550902507416,4.67840228210879,0.209447828917077,0.0101404712709789,0.0056884217104728,13.2385015790741,43.9863098439034,15,3235.4351817647,108690.0,2,30.0030186865811,2.88612956767407,1177.18177471125,94.0530241460925,2460.06880098779,126.209331635802,405.914706816027,0.0027340096016995,6.728187000385,8.79677474462949,0.736396716746353,6.27783236709661,4.83645015569532,0.214853289588728,0.0103684218116818,0.0060297516147701,15.0650688369048,43.9635145056038,15
2.989583333,30.0240678769919,4.62947635072532,1182.83132394113,101.779315412719,2472.06277461447,126.856546134732,407.19075435758,0.0262062595913253,8.47905219315137,8.05495671604258,1.03660670430029,6.60777768052311,4.6840847631781,0.210389171650555,0.0101761892884727,0.0057336622930371,13.3581684038736,44.1883056535489,15,3251.18176508563,97145.0,2,30.0139898910971,2.81077763325259,1179.35057911018,94.7998466076515,2465.32515643528,126.433207609062,406.580825041391,0.0027032237006015,6.59007660714437,8.64740540321214,0.707719793604464,6.31270830029081,4.84876293919759,0.214002923229829,0.0103392947983985,0.006019680577415,15.2006803557461,44.0409671529026,15
3.0,30.022827969093,4.33595017774638,1189.5654708701,102.188191020667,2488.16723314069,127.659289500941,409.688362030623,0.0261361334487346,8.45883439645187,7.84374991351207,0.983072901518524,6.60426041446282,4.6793132820478,0.210959087309704,0.0101970679187597,0.0057722839132287,13.4863513223639,44.4674963682996,15,3271.30203219849,89575.0,2,30.0196238064811,2.73586597681851,1183.86859013864,95.1811024669619,2476.15368744315,126.954606042823,408.23086673217,0.002706619212742,6.42470933014364,8.48078835905819,0.676264216485707,6.32128404432865,4.85971436241628,0.212611524580775,0.0102907715930223,0.0059972335366538,15.4146521612368,44.2221072442786,15
3.010416666,30.0068515863664,4.20127507670816,1195.08738059371,101.360110097619,2501.18274629299,128.323841296814,411.734880764426,0.0283418891569037,8.56756535405453,7.61810073016824,0.954682735912652,6.54795397525309,4.65893569458706,0.211003715922423,0.0101968423165011,0.0057833992309797,13.5044723111166,44.6986552925234,15,3286.79071075356,90780.0,2,30.0151803793047,2.69780828844769,1189.39017554112,95.0592514048608,2489.200757725,127.608847825841,410.28695751157,0.0027497143986296,6.3809748836734,8.27216431875632,0.657397260487071,6.30231066016226,4.85551925542897,0.211988168788876,0.0102685743023475,0.0059871853043526,15.5494281166751,44.4495851695466,15
3.020833333,30.0003506744455,4.16427801946003,1197.42198007457,99.6601958207171,2507.04365916788,128.619786183187,412.607748148184,0.0303702910348162,8.72454513970328,7.49060939714858,0.950651556193169,6.45604567664815,4.63736936225196,0.211370923471749,0.0102082811313258,0.0057931233354412,13.4467632282327,44.8015791300861,15,3292.61621139347,92805.0,2,30.0073230071049,2.67404910026753,1193.90340127669,94.2681222885571,2499.87268345386,128.152102133058,411.95487138534,0.002789819810115,6.483629305938,8.06716376635322,0.65252045938512,6.25260024105829,4.83724998982787,0.212834350355282,0.0102980912886719,0.0060081496287885,15.5528934005196,44.6385109961928,15
3.03125,29.9657983684536,4.39978717836823,1193.41071305691,97.5233723188399,2497.85646242422,128.137218468936,410.963914150526,0.0362833323350542,8.97773794350328,7.45291337289893,0.991814007596427,6.3682678063743,4.60648318967179,0.209257999329651,0.0101265141851465,0.005719971263295,13.1866324547588,44.6335916165973,15,3279.39395402702,113565.0,2,29.98682727128,2.73208173812105,1195.03769306168,93.1580901199845,2502.80227311545,128.300845710317,412.28332229209,0.00293754807039,6.81909928444832,7.90799254239459,0.676429315768479,6.19146437436994,4.79825344132626,0.21503051509604,0.0103736619192262,0.0060489422555841,15.2903965087334,44.6902111030886,15
3.041666666,30.0040890812264,4.46160659515073,1186.03264754199,96.3968975873207,2482.22747249662,127.285664719706,408.189036138384,0.0330960503393027,8.99858270717228,7.64704961481625,1.01390178272311,6.31964791461374,4.61454387899709,0.210595312334873,0.0101766790485154,0.0057460778499007,13.0895634328728,44.3373094846989,15,3258.35177097654,106830.0,2,29.9901721428886,2.72647014357861,1190.92444087487,91.8371600991134,2493.84099559748,127.815118594893,410.60191688382,0.0028697411309,7.07179505684602,7.92076491961973,0.692629452190771,6.13356501861356,4.77629871283418,0.217666898875134,0.0104660191059576,0.0061079145006194,15.0311235948349,44.5211691286718,15
3.052083333,29.991999446917,4.66714291028077,1182.13945449286,96.5545144095682,2474.29282884292,126.821042725072,406.666791600312,0.0335071481231184,8.91415068535182,7.97561767467277,1.04456266049989,6.33083642944036,4.62318381300555,0.209731750192818,0.0101454144573683,0.0057092072508938,13.0683744210041,44.1759020158594,15,3247.98790056494,112980.0,2,29.9942297244592,2.7638019192539,1185.69308622284,91.2195129709387,2483.075148397,127.215804101436,408.617286744163,0.0028920556536852,7.10902972956994,8.12363186344981,0.705091823167794,6.10241999999235,4.77655134141669,0.217921566158875,0.0104747433673524,0.0061093282747974,14.9241021539711,44.3127314804843,15
3.0625,29.9984784763647,4.87379525326463,1182.03664792729,97.2787736024767,2474.15704647309,126.750785618289,406.389664099705,0.0316090725306568,8.81569130501568,8.46543580724695,1.08097568036432,6.37807147200856,4.63634619000727,0.210019710354425,0.0101575331088115,0.0056997204642098,13.1052729116137,44.1518607134652,15,3248.07358382574,112260.0,2,29.9958639332154,2.81523338982772,1183.14198103407,91.5246084809643,2477.83800934634,126.886186423256,407.498205452772,0.0028311230225869,7.06885456297092,8.48375372252015,0.722357085334789,6.12413096541145,4.78405715956754,0.217751871257596,0.0104691084627677,0.0061003570168286,14.8878067082889,44.1983327059961,15
3.072916666,30.0732797358555,4.32897428156327,1188.66050366662,98.3543613623573,2491.40385917385,127.564865178948,409.028043033976,0.0230054199771562,8.46846973246091,8.85331003283223,1.00802618995202,6.39248320268126,4.68032997319843,0.214139784670502,0.0103143207434176,0.005846056161876,13.5227776445914,44.4355899736415,15,3269.58541679205,74235.0,2,30.0254525188464,2.64040439538314,1184.2815432819,91.3710081599462,2481.3189916016,126.998469250333,407.92543872076,0.0026635591752142,6.68707910118572,8.92522486813507,0.678594400758583,6.11709885263422,4.82560211791326,0.21599851202682,0.0104104450718227,0.0060831544459698,15.2520653148737,44.2376950419162,15
3.083333333,30.0311870156732,4.08308430499051,1199.83691614452,98.414719285116,2518.17788624873,128.920113285789,413.411588294785,0.0257569392436114,8.27387121845168,8.84469565014992,0.944460454243505,6.3567387136202,4.68293080165946,0.212909677039412,0.010269945094839,0.0058408781253131,13.8404081862018,44.9075859444462,15,3302.75160690254,75165.0,2,30.0372394713599,2.55739073854785,1189.86899691122,91.0322345870269,2495.34289224529,127.677561648567,410.244191474127,0.0027275240858,6.21657481099245,9.17980824954397,0.630749002379665,6.08303259857992,4.86671583162272,0.211359411184248,0.0102477911048429,0.0059894603427011,15.7671574028579,44.4742770300556,15
3.09375,30.0138768719579,3.94425346599089,1209.41610282193,96.7005879355455,2540.19501605437,130.066684652089,417.075089199546,0.0278040018035449,8.3802994735872,8.67342499485164,0.919620797661453,6.25580980220955,4.66072594362924,0.213380047851571,0.0102854281548515,0.0058626706772047,13.9170249853803,45.3067894759665,15,3329.07020260458,75275.0,2,30.0279545227744,2.52087025584692,1198.46429059091,90.5957552516907,2515.58098922688,128.706436429381,413.609805250704,0.0027512850534463,6.03325920368814,9.20541436499478,0.612913622837666,6.04490012154329,4.87405544359811,0.209125859280644,0.0101683932618202,0.0059430955047222,16.0562284388984,44.8326017608493,15
3.104166666,30.0137611769072,3.69885048683683,1214.55129067562,93.6710885989779,2552.54281587468,130.734511872823,419.216346016354,0.0289112533528903,8.5489543555587,8.41439899930704,0.881869507268026,6.09083524822069,4.63701793482309,0.214568932593882,0.0103267164831004,0.0059108800569876,13.9198638685085,45.5391257742678,15,3342.19138410954,72480.0,2,30.0202180667307,2.44680764337164,1206.03633912844,89.0241309632549,2533.25510465164,129.629178382321,416.608151194089,0.0027797186950194,6.02485798617955,9.10278359699521,0.595187447084125,5.95505289488615,4.86489431696756,0.208987002001061,0.0101633719149678,0.0059477316494345,16.2051542490751,45.1538523097751,15
3.114583333,30.0143094279253,3.54139431938927,1217.67623806993,90.6277989615809,2560.51499524528,131.185069469047,420.687687335035,0.0297572924362478,8.70324481261664,8.18240617894085,0.853334371786846,5.92370861826375,4.61508751344795,0.215721162927861,0.0103669110784406,0.0059508418589468,13.9014885434044,45.6957297379512,15,3349.79063911411,70280.0,2,30.0169158336343,2.36774835170881,1211.45727070136,86.7234587182739,2546.05582333784,130.32067693374,418.872032685991,0.0028180405491113,6.09292053849809,8.91359288207935,0.576833779756494,5.82961804781413,4.84968935948661,0.209767993938222,0.0101910844528572,0.0059736935280255,16.2777210479462,45.3944630670871,15
3.125,30.0298643115886,3.1847386386234,1220.37256649392,87.7602985269728,2567.72105904949,131.598843507444,422.091495201958,0.0291558897294339,8.77657484157426,7.93943098219639,0.79262397478823,5.76258749833177,4.60361382231497,0.217409989111651,0.0104273712641118,0.0060243133297438,13.946262838492,45.8394703234245,15,3356.53779982741,61725.0,2,30.0201377235268,2.26030108374683,1215.36351330888,84.1288586201524,2555.4522784736,130.845416221724,420.646593693166,0.0028383386834388,6.10900796731469,8.73675797264726,0.551538466653624,5.69139046118759,4.8405993579009,0.210299105636552,0.0102103363873172,0.0059977153396439,16.3835955999231,45.5769273138277,15
3.135416666,30.0203855871629,3.06507665954192,1220.39850456963,84.7349733283698,2569.07009227045,131.725167599963,422.606033109585,0.0314938480213035,8.87092414260133,7.54263779231103,0.760902272532,5.59154792662497,4.58534949731245,0.217903465830167,0.0104437168651372,0.0060462916570744,13.9447513175654,45.8830693660371,15,3355.81338018303,61720.0,2,30.0220456286286,2.18298058660988,1217.83386046639,81.4790302638725,2561.67913203393,131.220094005111,421.9741787961,0.0029110448901747,6.12225706195526,8.4902189769691,0.529291065353613,5.54836671370957,4.83142446576336,0.210449480872971,0.0102156204490024,0.0060094909721252,16.475430682448,45.7070665979106,15
3.145833333,30.0278031498171,2.86351354115084,1219.35895342488,81.6864256952312,2568.08533743821,131.730298607337,422.762473479257,0.0316458959299433,8.9472790662698,7.08473966421634,0.727654079847391,5.42056780105035,4.57256651090827,0.219123035361405,0.0104872049085725,0.006094811641165,13.9583779405304,45.884537797079,15,3352.13101983149,56370.0,2,30.0232310194907,2.10378747790334,1218.75509027146,78.7928141643921,2564.52733191456,131.427270236257,422.785956671526,0.0029462299973866,6.14610251791606,8.16856029963822,0.512555251599712,5.40252212491586,4.82134256489222,0.210896701284244,0.01023166344,0.0060285203032205,16.5447921378791,45.7788661367048,15
3.15625,30.0238746293999,2.68996353429016,1218.24562835442,78.5501482390075,2566.67236218632,131.72496320829,422.923080011514,0.033711953342712,9.02692224477036,6.58818587313208,0.69221319843262,5.24659095799265,4.55874276748104,0.219573296650582,0.0105023302758387,0.0061223621062418,13.9493625552358,45.8824314624238,15,3347.99896009648,54905.0,2,30.024216249317,2.02860525860382,1218.75354255195,76.0838021880334,2565.2635101771,131.532880531181,423.304703428937,0.0030201966044964,6.1616001361133,7.79308148449274,0.494843126898743,5.25576594063933,4.81278344645838,0.211108507245255,0.010239174060514,0.0060416732059297,16.609923427258,45.8153200061034,15
3.166666666,30.024773028217,2.54768078749513,1217.15596942108,75.3503412200182,2565.04671673956,131.716594871227,423.10453971446,0.0347177565351998,9.11502172011369,6.13661126270052,0.664441773261566,5.07158670666784,4.54624307885634,0.220231800623416,0.0105254143337268,0.0061522354586209,13.9208958493027,45.8793800788336,15,3343.69015653388,52240.0,2,30.0242678366177,1.95794292948182,1218.27918054679,73.3652581546971,2564.80546024021,131.585831057429,423.676904326579,0.0030799569132511,6.20053114110698,7.3829524830564,0.479698932916786,5.10853784180999,4.8028583616084,0.211579626617957,0.0102558577827589,0.0060602690015074,16.6408251647911,45.8334902856288,15
3.177083333,30.024779308748,2.41959999854919,1216.30073328234,72.1998595130897,2563.70800426275,131.727589670351,423.384820867207,0.0356708241073619,9.17845157722657,5.76674777300504,0.640011852398696,4.9009008892463,4.53723863701968,0.220749393465014,0.0105436371939041,0.0061778700879439,13.9000215871256,45.883184480655,15,3339.90314405729,50000.0,2,30.0244618537195,1.88922368000877,1217.61447135787,70.6490057265576,2563.73721002392,131.614223443401,424.000466835837,0.0031430916052791,6.23573359719037,6.99274001063535,0.465852038395364,4.96254390437061,4.79445313583201,0.212027067242783,0.0102717159534914,0.0060782112291969,16.6631616582943,45.8431847882778,15
3.1875,30.0060781508951,2.34965396317626,1214.0383443977,69.1178163439998,2558.97118977479,131.575865748734,423.142246335425,0.041909548046003,9.33428745022795,5.36965996448219,0.62963803043583,4.733233630378,4.51860216182874,0.219425018618051,0.0104937387546836,0.0061516714242871,13.7553262559186,45.8304726611515,15,3332.00695144635,55950.0,2,30.0198718608198,1.83351351774328,1216.59745548226,68.019777691984,2561.79653153478,131.608238992697,424.20332376358,0.003301086613272,6.38359503609713,6.58462463131483,0.458518075276269,4.81664553962944,4.77674922142416,0.213158147493795,0.0103109252166057,0.0061094314900525,16.5621860091908,45.8410179194357,15
3.197916666,30.0178367672817,2.26814048915353,1210.47604965192,66.2458997184081,2551.32449901691,131.275008168215,422.437483366927,0.040870867864184,9.47477781493212,5.06493170126971,0.618314778290731,4.57636773589779,4.50872878966041,0.220112789257968,0.0105184374409974,0.0061767868418873,13.6179764326817,45.7259449152026,15,3320.61366362819,52060.0,2,30.0168500605562,1.7732815387381,1214.70903634973,65.4429935413012,2557.78040807899,131.502119831665,424.08958478488,0.003339138796264,6.58540803949922,6.18625066498916,0.451162793884351,4.67249323100776,4.75643967430558,0.215199097314105,0.0103824834136708,0.0061623940039352,16.3926789083912,45.8041066498224,15
3.208333333,30.0100960968277,2.23251859748841,1207.3018407126,63.7572153036,2544.38959485931,131.009411628578,421.873590078542,0.0442281316049543,9.55051886799912,4.8976445390908,0.613852820839416,4.43966304905119,4.50259482560183,0.219554947334282,0.0104974698982224,0.006166397113622,13.5070033424029,45.6337704206939,15,3310.4740672525,54615.0,2,30.0153343206064,1.72168398131371,1212.06573052745,63.010829779613,2551.99103309704,131.306551766209,423.713507483084,0.0034595116151336,6.75922964039266,5.8681427810241,0.444750150725827,4.53623051322766,4.74061608143627,0.216777346046316,0.0104373944837053,0.006203720747797,16.2309144157709,45.7361463711777,15
3.21875,30.0084974829925,2.19469438146279,1206.18615859649,61.6880016930072,2541.59856120435,130.959162095352,422.010439018113,0.0465225314180125,9.62884308330245,4.79267178844588,0.612047672202665,4.32690809696019,4.49908003294783,0.219049129049239,0.0104785288074554,0.0061576592034762,13.3731870684537,45.6166704238481,15,3306.04424477337,55910.0,2,30.0126173364884,1.67636332373268,1209.70764707898,60.8551463452788,2546.6825399511,131.137791426174,423.426654493873,0.0035586036860052,6.95959075668286,5.61786755081026,0.44120682421062,4.41301545471462,4.72415201560701,0.218471141955061,0.0104960110232513,0.006246809319963,16.0205307424842,45.6776359863706,15
3.229166666,30.0053099255808,2.1772058995336,1203.81397106604,59.8523204931387,2535.99356539073,130.765549674372,421.696778849082,0.0494250155151709,9.69135648233401,4.71522814489295,0.612820526129764,4.22565949581074,4.49831499796109,0.21830015623549,0.0104507909502891,0.0061408800761907,13.2319255317342,45.5496446996486,15,3298.25387262975,58230.0,2,30.0099182294642,1.6376268883373,1207.59835856974,58.9583057704183,2541.76460261348,130.99024218126,423.216320553773,0.0036679651222337,7.16202669072824,5.43010685632604,0.438644865282458,4.30322238116627,4.70940976675173,0.220079830000501,0.0105513957426729,0.0062871288748839,15.785040528489,45.6265919850377,15
3.239583333,30.0104526934608,2.13688848078428,1201.75603589777,58.3507506616186,2530.95881021811,130.601202298945,421.493743292401,0.0498375453432198,9.71146061455278,4.66086229074773,0.608789143854448,4.14222638155796,4.50406943638274,0.218195729801496,0.0104469823537315,0.006142725683663,13.1245408142952,45.4927945165986,15,3291.49000266408,57390.0,2,30.0092217220763,1.60049085599001,1205.30834111631,57.3095123374623,2536.317225537,130.814694986226,422.934514809228,0.0037222871093892,7.3241426447796,5.29593330567231,0.435147616316774,4.2076175822515,4.70018241236671,0.221464494693087,0.0105991039963503,0.0063225163443077,15.5696011828152,45.5658278792452,15
3.25,30.0052494131488,2.12575723210114,1201.30289419278,57.1757217292781,2529.15325246186,130.607128421006,421.84977206503,0.0528958179842761,9.71591424385449,4.61169062499735,0.608197843358507,4.07717890197449,4.51023868484062,0.217272362327565,0.0104132534880324,0.0061214330073476,13.0211740908613,45.4952504299548,15,3289.18801447493,60045.0,2,30.0083761067093,1.57247682890577,1203.529949391,55.9409593419713,2531.82962715298,130.689017803802,422.828975540733,0.0038271267568379,7.45258037465208,5.19567101687329,0.432476041969061,4.1275908284079,4.69519302303541,0.222374968101337,0.0106301604371371,0.0063459567062985,15.37142036521,45.5224463562893,15
3.260416666,30.0032666958265,2.12320744962532,1200.07652225847,56.1942689311136,2525.57541343114,130.524167015086,421.917121532431,0.0554235057877371,9.73097305328729,4.5613447647298,0.611150679450418,4.02183125819025,4.51694793257597,0.216294219475938,0.0103775845092129,0.0060980092849387,12.9079183719336,45.4667483934028,15,3284.81568117123,62195.0,2,30.0063474515419,1.55167137560167,1202.23354219322,54.8396060337659,2528.25703158925,130.611579728655,422.881621255093,0.0039154998246136,7.58139730858837,5.10974118912822,0.432145274587406,4.06144070067741,4.69122655352769,0.223163573325537,0.0106568524366913,0.0063656683965215,15.1601619032118,45.4958896607382,15
3.270833333,30.0189521349779,2.06576485632129,1199.28469953645,55.4208260063995,2522.96161022552,130.490767130908,422.163492521263,0.051560287860769,9.68497517589395,4.53727001175892,0.600615198083926,3.97746140313904,4.53226059378867,0.217362302769295,0.0104172601811778,0.0061310159789828,12.88113423897,45.4554275258291,15,3281.83261720978,56615.0,2,30.0092003003793,1.5236870142249,1200.95731000744,53.9024092661045,2524.57837273136,130.528050151709,422.94341097356,0.0038573210760712,7.62417712463875,5.05564720552847,0.426795218139826,4.00758905913185,4.69611731734128,0.223826267418549,0.0106799688608477,0.0063843599031093,15.0375116575386,45.4671662225658,15
3.28125,30.014306105869,2.03856791969143,1200.49171114146,54.8516255549216,2524.48809139528,130.675680400971,423.132070173279,0.0526508650177148,9.61386282857507,4.50711507585887,0.591889233975378,3.94499663727283,4.54548593414928,0.217233161148751,0.0104130197396208,0.0061312989372005,12.8886135413296,45.5201056681976,15,3284.36946325059,56850.0,2,30.0123589936349,1.50309796843239,1200.47982022992,53.1489268411767,2522.49694439848,130.528158332819,423.303222156913,0.003900891804038,7.59166550728068,5.02192564094788,0.420644436344117,3.96592927519918,4.70739838255965,0.223742094832815,0.0106772976001751,0.0063852542781374,14.9991821240688,45.4675113354111,15
3.291666666,30.0050697614742,2.04377737835457,1200.21295916318,54.2437408838774,2522.72047709448,130.69540143859,423.55569118605,0.0561166582188673,9.60511195059693,4.45319192058638,0.59385565113148,3.90951395252428,4.5523806177423,0.216044222753176,0.0103698357246907,0.0061019997717019,12.845056264427,45.5272766882912,15,3282.71665984085,59885.0,2,30.0107311143534,1.49312062238302,1200.50137583556,52.5722281618534,2521.44094807164,130.584358918476,423.838024874427,0.003990133320418,7.59414551997692,4.97435739781495,0.419635725909493,3.93160562941567,4.71492435729443,0.22348972900172,0.0106682901441653,0.0063804383792925,14.9317308002151,45.4873972398519,15
3.302083333,30.0030584479388,2.05076767757225,1197.58776420816,53.5478500555956,2515.93174074478,130.458093334314,423.134159257447,0.0582129070922493,9.63644082720533,4.40216511178812,0.598416160820385,3.86818843505516,4.55734780754907,0.215208726550668,0.0103393480014436,0.0060809667075277,12.7741363504348,45.4449378923508,15,3274.57840911949,61490.0,2,30.0075056981902,1.485180358692,1199.77053186044,52.0300326604726,2518.75383372856,130.558944585058,424.096460887855,0.0040521582076753,7.64443225560474,4.91643022542666,0.420684915771989,3.89726396574876,4.71835550478662,0.223584077187545,0.0106711198711973,0.0063830691770325,14.8252313534548,45.4788756419536,15
3.3125,30.0151950390881,2.01618146349257,1195.58928699245,53.0022880343175,2510.52999969196,130.291480899728,422.951052867153,0.0549295452143648,9.62508153142464,4.3849366512393,0.592513676955721,3.83526645339696,4.56829134302117,0.21619681941633,0.0103758211567276,0.0061091976217918,12.7645549232616,45.3871669285941,15,3268.31345656065,57095.0,2,30.0087583449315,1.4690751318925,1198.15553305246,51.4704823807471,2514.1161769691,130.433253163674,424.041731709366,0.0039950648635001,7.65989978812127,4.8771255644693,0.417550068160483,3.86396650224319,4.7254445786821,0.223933271860369,0.0106833807055251,0.0063932088398701,14.7677711553369,45.4353967942801,15
3.322916666,30.0097080082571,2.01206266149952,1196.0708823243,52.661641228201,2510.29774321164,130.395157339708,423.653130166482,0.0564555583595343,9.59653075912657,4.38862420400583,0.589807062674257,3.81490960883881,4.57685844156458,0.216104061377794,0.0103724740566489,0.0061072843199164,12.7711256525759,45.4235168031702,15,3268.87655330513,58120.0,2,30.0102100143551,1.45869924447597,1197.07966938749,51.003591577984,2510.57528239145,130.365555469689,424.186574986697,0.0040424919647067,7.64215703895469,4.85695996621805,0.41442023951612,3.83691811371888,4.73493891488053,0.223881454760464,0.0106817075458333,0.0063934395940999,14.7542082976616,45.4120791980488,15
3.333333333,30.0084769471493,2.01096786974573,1195.80428232093,52.3121195983645,2508.43289593763,130.415362192794,424.080724505062,0.0571334886844451,9.59243104295482,4.41354279583306,0.590745203207425,3.79382468416355,4.58375501626142,0.216046332195132,0.010370265395642,0.0061057876646638,12.7617721475604,45.4307717036526,15,3267.35711719382,58280.0,2,30.0096437840128,1.45196893665998,1196.60616596808,50.6479467541416,2508.2868199306,130.364204420891,424.542764810561,0.0040649507939321,7.64114183211035,4.84973818938238,0.413688733227953,3.8152380695754,4.74233256929759,0.223829415262948,0.0106798612282975,0.0063930338748356,14.7306808836535,45.4118595527566,15
3.34375,30.0109185243823,2.00455244472454,1194.92992017838,51.9223108834869,2505.30237132119,130.369883067363,424.298634001197,0.0564116913716355,9.58111047067165,4.45817120662886,0.590109465857874,3.77059942811911,4.59168593029689,0.216533348644542,0.0103879120298365,0.0061180978396118,12.7657024831975,45.4151025750649,15,3264.17866652001,57045.0,2,30.0097677214334,1.4438460292559,1196.02468566049,50.3036354910055,2505.7417315986,130.350119875758,424.861365583647,0.0040555850718511,7.63395522020251,4.86454949011397,0.412230443261793,3.79479477126825,4.75007210339987,0.223882289659047,0.0106818020070274,0.0063953655101726,14.7203620852194,45.4071724619478,15
3.354166666,29.9952137762338,2.05370435971538,1192.97131211472,51.544769708927,2499.76260831489,130.20200931064,424.102619774229,0.0627839634421431,9.61922081529514,4.49845234823578,0.602286427932907,3.74726779503157,4.59199556998009,0.215060959652753,0.0103333894855588,0.0060758065144504,12.7074735243645,45.3568250449414,15,3257.95510820126,63520.0,2,30.0058479131045,1.44739680995109,1195.0778223886,50.0058026798386,2502.45726259772,130.299008400268,425.042483965689,0.0042084314679455,7.68102030642103,4.88390786247907,0.415890647739957,3.77394594709206,4.75237354603415,0.223845440590093,0.0106799584279353,0.0063934100512942,14.6573713609733,45.3895861692282,15
3.364583333,30.0063981911954,2.06885412286011,1189.17319338108,51.1911090894317,2490.41995513024,129.832708612599,423.241531914863,0.0604651371467592,9.65457618204433,4.56476488263331,0.610196070967171,3.7241848263627,4.5975573089131,0.215743578548985,0.010357951751664,0.0060903562183121,12.6648404269205,45.2283468815495,15,3246.81513375732,61115.0,2,30.0039523799795,1.44500753439367,1193.14170162666,49.7102483397741,2497.06671955692,130.137857158106,424.853737860531,0.0041604438337721,7.75377291920207,4.91822039830344,0.418950608840425,3.75259981234868,4.75294928576221,0.224390607000979,0.010698560798519,0.0064058178375089,14.5708388870979,45.3336657846564,15
3.375,30.0086694761415,2.13954930243362,1186.84974900255,51.0380841317948,2484.33960202035,129.626600081002,422.920536085332,0.0587239556990667,9.61977943264823,4.75574758269864,0.624724833990225,3.71254098336482,4.60703479120984,0.216869552192877,0.0103985432673095,0.0061093253754803,12.6861741487131,45.1566488419954,15,3239.94841512227,60380.0,2,30.0057531515952,1.44577628994926,1190.50064082522,49.421858332833,2490.20601436492,129.89688531698,424.41619374806,0.0041323371771219,7.76965421839384,4.99921699548261,0.420410445739162,3.73342617011606,4.75878752475205,0.224818828909586,0.0107135464404586,0.0064156286647907,14.5435400976416,45.2498858769655,15
3.385416666,29.9767930460881,2.49909936706464,1184.92620726767,51.0510529056357,2479.05273724613,129.451807348374,422.661847665698,0.0674809396641266,9.62918332519617,5.23851119239924,0.701715967692701,3.71218189529484,4.60618910927907,0.215203932234992,0.0103357775503659,0.0060283433704099,12.6296775317451,45.0959138463925,15,3234.17967470992,75200.0,2,29.9969885550141,1.49611422577005,1188.28560832654,49.3602270520991,2484.46155095743,129.707569123872,424.102590008998,0.0043625363450446,7.86497821190518,5.20234410842594,0.442489806852292,3.72105124896929,4.75604069078089,0.224901388117846,0.0107154028448108,0.0064099329197875,14.4266995907081,45.1841183198712,15
3.395833333,29.9290183965918,3.31769868045735,1166.59771337184,50.6650194907756,2438.71955692794,127.429353655593,416.250760029882,0.085860760633108,9.77984050985573,6.09839348135325,0.87595675882167,3.69651776251635,4.59243780649963,0.21010442490538,0.0101447041005394,0.0058210478411344,12.3669106844643,44.3916808494765,15,3183.04056324413,111010.0,2,29.9631713405834,1.67626212374856,1180.44562355643,49.4675874973314,2467.20472592475,128.896343399392,421.612512470103,0.0049651834906475,8.22137950831557,5.74379462286294,0.520798320300068,3.7068338143904,4.72844128039984,0.225174589614358,0.010721417537125,0.0063896728681217,14.0063542385571,44.9018516460015,15
3.40625,29.9742962691039,3.90277153516655,1146.04000680658,51.2037056594293,2393.89888812958,125.152274589567,408.928047494113,0.0748682453308084,9.7615888712104,7.11000836387048,1.00788377969307,3.7353214895551,4.61323278853134,0.211103309369598,0.0101812441964714,0.0057908055454704,12.289039307996,43.5986843100906,15,3126.61620524202,114740.0,2,29.9611191027455,1.83421879801654,1161.21866085994,49.5486903236706,2425.81394329313,126.792351769593,414.817572992954,0.0046110372125803,8.48435585477953,6.66945355780134,0.601893849102028,3.70150139366715,4.71844360346629,0.226814638919596,0.0107769709888259,0.0064060616202876,13.6460998459164,44.1692838135693,15
3.416666666,29.982757256452,4.68817459361834,1148.59422081055,54.2580712706577,2397.61756472428,125.409294587538,409.819617616275,0.0629645989946006,9.57938250074523,8.22290973304391,1.1386495239768,3.91968015330794,4.63879548766983,0.212252820578729,0.0102266344742048,0.0057520216696406,12.4249432224885,43.6884204886769,15,3134.54039212348,119750.0,2,29.9749686867191,2.02749729683195,1150.66188068086,50.9207653140252,2402.57028173509,125.625691526625,411.067818554346,0.0041964391472997,8.44422744256954,7.72879672627549,0.665467705130202,3.77987098088304,4.73707290445393,0.227171604260735,0.0107899882497963,0.0063914619488596,13.6038250396438,43.7631465331472,15
3.427083333,29.9704026008691,5.64028234673048,1152.83234175719,58.3416259899279,2404.22961197639,125.812030684009,411.064853162147,0.0551205612025753,9.43490553012903,9.3342087497129,1.28573088919257,4.17124650156942,4.65325649162954,0.212105920265506,0.0102244151278484,0.0056737986818592,12.6261465684851,43.8287913488524,15,3147.08194118888,131570.0,2,29.9744994325,2.32890943558183,1151.61127801764,54.0849995698931,2403.23445326964,125.694128885361,411.265545523204,0.0038194026221504,8.26702794009714,8.91030512657093,0.749152689786988,3.96868474641028,4.76094615885152,0.226167753670017,0.0107563600044362,0.0063346092601949,13.7659073224154,43.7872152617172,15
3.4375,29.9677749314586,6.67971919894236,1147.14270034041,62.4054866315761,2389.39411270128,125.086227494069,408.499681931835,0.0474448930659958,9.36768388557154,10.3574688145815,1.43172990383619,4.42792870689909,4.66061152217848,0.212250664283675,0.0102328306302579,0.0056012880034043,12.8155914161118,43.5756474802818,15,3132.07789243459,142235.0,2,29.9699862952759,2.70131955845925,1150.31285434539,57.9294845243331,2398.61453595683,125.476674705401,410.400090578744,0.0034343749492869,8.10238705932247,10.054863998601,0.842581048889839,4.20471016046061,4.77901638559475,0.225095131462953,0.0107202030839883,0.0062695819463891,14.003863773054,43.7114595606034,15
3.447916666,29.9662282494989,7.63199360514962,1138.47382667488,67.030667974981,2367.4783861484,123.963393453836,404.56731217404,0.0421374802454031,9.29872692016001,11.2707196983272,1.55426183767625,4.72763955426599,4.66928127394615,0.212466070069791,0.0102436876823345,0.0055418324618254,12.9598755446557,43.1835785088365,15,3108.52287370123,153410.0,2,29.9673521622333,3.11409978619153,1143.47583732095,62.1594687108678,2381.66514357025,124.59735555433,407.266596298483,0.0031431377498016,7.95983131411892,11.110087518947,0.935777449595428,4.47088734502197,4.79364840063667,0.224168896947281,0.0106889394262121,0.0062052258397298,14.2419959801354,43.4046493415922,15
3.458333333,29.9799297577437,8.01935019623999,1133.00772157285,72.7987112751471,2352.10644018104,123.137406451812,401.600507459581,0.0378173478506351,9.14796418599202,12.0100418228496,1.60210590069428,5.08885055410944,4.69107174788933,0.213442403928302,0.0102829800831938,0.0055400040084225,13.0846625323862,42.8939828377222,15,3094.15857733361,154630.0,2,29.9747166208536,3.38254369029529,1136.46272800793,67.0900981699388,2363.64675918491,123.631415033182,403.823682762861,0.0029343793651939,7.77431964443071,11.9976565932648,0.992225380793917,4.78340655320392,4.81562239325812,0.22324197610048,0.0106579720359515,0.0061580993942115,14.4567728657918,43.066888112388,15
3.46875,29.9853338504047,7.86682618996783,1132.62279489478,79.5541416626278,2347.2052865579,122.831829778743,400.332745151393,0.0358277441732544,8.98479733869869,12.333561448911,1.57532683523066,5.49907159498339,4.71361237680984,0.214383811125876,0.010320443762679,0.0055730525365361,13.1476752015393,42.7844957146805,15,3093.99847032009,153600.0,2,29.9821187524123,3.48797549744145,1133.20322958526,72.8708946183159,2353.17132146558,123.036256952406,401.606876765225,0.0028485369737082,7.56366854415836,12.5808088576385,1.00265192343465,5.13972976238478,4.84169311181583,0.222027778993624,0.0106169500861151,0.0061220993917738,14.6107722544173,42.857243431697,15
3.479166666,29.9853638449092,7.47210128070219,1134.53528712983,86.5345747380182,2346.58525133729,122.737284426345,399.741164659439,0.0353013169236429,8.87654648315597,12.1829635430695,1.51131027889544,5.92348926931628,4.72986569536998,0.215371727222479,0.0103586383540379,0.0056231357037391,13.1248147059579,42.747399729809,15,3099.66072151555,153685.0,2,29.9845787670156,3.51932677411674,1133.69186125866,79.2429081870441,2349.97889970317,122.81119842321,400.595058226248,0.002827205613544,7.40684902240156,12.7014099374526,0.988812993920571,5.52844952664779,4.86191980109964,0.221066823305971,0.0105843382542344,0.0060989548007251,14.6596367399046,42.7753785402264,15
3.489583333,29.9882952676239,7.11950624445434,1136.38664857928,93.3009700584752,2345.76256038548,122.612912872814,399.051486021644,0.0345610401696286,8.78715625543378,12.040734342874,1.4505959963371,6.33336365008287,4.74429369504659,0.216491600820048,0.0104011242576913,0.0056737973668729,13.0725379645655,42.6991249534769,15,3104.86027715337,152700.0,2,29.9867774364855,3.53803339021977,1135.28402785971,85.632018745635,2348.71237294421,122.673889169893,399.865284274557,0.0028022613960007,7.29705114863492,12.5522884922349,0.969461250162301,5.91809857683196,4.87706257956888,0.220478960083712,0.0105645400154255,0.006085094998104,14.63839121199,42.7231130646242,15
3.5,29.9942861087978,6.79882572651261,1138.99501811265,99.8893860454213,2347.07720499607,122.577576302055,398.663116681224,0.0330782244986403,8.67903438639699,11.9156620803183,1.39569118154618,6.72147238061404,4.75993292919386,0.217232776950283,0.010429660066783,0.0057148130229474,13.0516436913578,42.6815334041568,15,3112.41287665618,148950.0,2,29.9913454458986,3.54550646726935,1137.37661258992,91.7959588747233,2348.73824779533,122.582727978201,399.298140731276,0.0027549872745496,7.17215195496853,12.4319400557136,0.949251983394895,6.28906272889838,4.89314989038416,0.219738975542716,0.0105394552018917,0.0060690935363818,14.6310250903611,42.6863637847525,15
3.510416666,30.02036856032,6.21110122134451,1144.61109240451,106.463676835016,2357.27783019749,122.994624134492,399.777030039315,0.0291487690306989,8.51954227109508,11.6276043240987,1.30724589061919,7.05773606026536,4.7807811783211,0.217745467793938,0.0104500731420649,0.0057724022497888,13.1555097157674,42.8216652563202,15,3130.45943915036,130565.0,2,30.0075062510851,3.4240950475342,1141.01011860551,97.428135921629,2353.43526073121,122.719136983278,399.526668674554,0.0026603897656493,6.9543631252124,12.2518799792721,0.90278419195545,6.60694440211219,4.91813911368558,0.21830260729706,0.0104904022313595,0.0060512729861713,14.7556768127745,42.7289180379912,15
3.520833333,30.0089709745149,5.84034416347419,1152.40557140012,111.787721870891,2372.76571382769,123.709265403881,401.845842581631,0.0276959238057875,8.4582416406318,11.1628802198614,1.23440437437735,7.31907187966744,4.78037974195129,0.216972747147736,0.0104226002033553,0.0057854721246646,13.2334940930637,43.0657957711082,15,3154.18493314149,124915.0,2,30.0108597196328,3.36712080281106,1147.07275828706,102.491591494901,2364.90052562097,123.217746494298,400.951307808049,0.0026291552126094,6.75427873663752,11.9102979892296,0.857944062322754,6.86560030669755,4.9345591521322,0.21643011530087,0.0104253049568884,0.0060166852802008,14.9256542158044,42.8978623686656,15
3.53125,30.0042972451673,5.57070954594914,1158.65403054265,115.143793328832,2384.89630127371,124.257305247445,403.362181923927,0.0266983773264267,8.48504538616617,10.6817739836004,1.18155868283547,7.4893863509828,4.77061929078958,0.216298992679609,0.0103977367339767,0.0057921227874772,13.2590163703434,43.2522591016713,15,3172.17440356368,121745.0,2,30.00688466845,3.34958391979514,1153.79732494594,106.485019457891,2377.93762229634,123.807446854007,402.641796385925,0.0025972758133956,6.66381103730785,11.4563428407791,0.830929610736424,7.07060783736245,4.93554825037879,0.215410726977532,0.0103895572515146,0.0059962493150694,15.0382485106498,43.0987261199874,15
3.541666666,30.0028407008321,5.44657080932018,1162.75378556086,117.095398704722,2392.98330493614,124.58936378793,404.191459067928,0.0257138671848,8.518751306852,10.2522924134085,1.1526108720076,7.58707469852241,4.76029063790971,0.215618015240512,0.0103725162133228,0.0057868722424952,13.2646993189327,43.363948143308,15,3183.73294515067,119895.0,2,30.0041501219297,3.34468558086771,1159.12504478607,109.06844387287,2388.33447220178,124.262187925629,403.883743033546,0.0025686662727831,6.63914262080657,10.9983028116162,0.81422097284652,7.203756370707,4.92927001033874,0.215016869599218,0.0103756061410441,0.0059880600094376,15.1009954197198,43.2529014081631,15
3.552083333,30.0030773938392,5.3871828083056,1165.79314141004,118.42134011072,2399.32616721188,124.816332116024,404.701311006021,0.0247386415155886,8.51686307944581,9.89407209492096,1.13798153409097,7.65132960260154,4.75379867266123,0.21478317787052,0.0103419394024936,0.0057731321861298,13.2814175692393,43.4395563110216,15,3192.37338612428,118290.0,2,30.003275490609,3.34659127170685,1163.0338334039,110.732148952842,2396.18720628351,124.575322504827,404.674114226124,0.0025413046980942,6.61683774133466,10.5881314953105,0.805670435819993,7.28850943622081,4.92310747057686,0.214680478328542,0.0103636986432751,0.0059804511018908,15.1502843684545,43.3581844059405,15
3.5625,30.0146525317943,5.27761033841735,1169.42561096287,119.472990770652,2408.03943542232,125.1562515177,405.609742996755,0.0228461188088173,8.44753205512661,9.58069010278036,1.11880399575249,7.68653130002716,4.75534979958214,0.214236025298244,0.0103224280291855,0.0057704982360231,13.36663556145,43.5550865899464,15,3203.44433869518,110340.0,2,30.0085607397208,3.31319372856152,1166.38344520601,111.732184742959,2403.54618838636,124.851532097243,405.382812545548,0.0024980472891006,6.52420339650677,10.2536182088681,0.791759135668597,7.33430630391303,4.92492330174375,0.213867766996376,0.0103353754806394,0.0059662795144766,15.258137106472,43.4511690470266,15
3.572916666,29.9865142272868,5.40929637279075,1171.98281552512,119.65541230561,2413.4720175261,125.332576189278,405.967480122686,0.0240972140957368,8.47402987276467,9.22803851758183,1.13082742519359,7.70133020265818,4.74105892032658,0.21245426877068,0.0102564360631625,0.0057191357763745,13.3335796950234,43.6141939931292,15,3210.01837174644,120635.0,2,29.9991688000561,3.36362480001908,1169.73077019615,112.542068271077,2411.21085164405,125.143343148366,406.120703722814,0.0025196124252271,6.50609943227101,9.89944513600432,0.795390224996853,7.36760331315502,4.91717782453726,0.213191999375306,0.0103110048148118,0.0059458540454671,15.2831370121412,43.5500480517189,15
3.583333333,30.0024695361841,5.44157984442504,1172.00018263224,119.479015754457,2413.77361932477,125.222261853613,405.425720054178,0.0229047894531386,8.44017701295915,9.02036629619634,1.14063645437893,7.6971513790436,4.74319366910447,0.212299519485032,0.0102510740993874,0.005713370932282,13.3341564306464,43.5739158994388,15,3209.60603663902,116725.0,2,29.9979802721718,3.3743456271358,1171.44333686284,112.774517320689,2414.88365063292,125.216990660286,406.146631205877,0.0024841289579459,6.51451092853403,9.59517185288364,0.801953568403074,7.38600377084563,4.91040457008687,0.21332884423778,0.0103159037528652,0.0059478632700891,15.2622310316132,43.5734289808679,15
3.59375,30.0065973287933,5.41424818501816,1173.52107034427,119.655847296796,2418.27463111154,125.323778805199,405.603685364471,0.022070277925898,8.32903695101565,8.84839020394375,1.13688807107889,7.69308769033109,4.75074728629182,0.211648873467466,0.0102280812064811,0.0057018357162995,13.3968890385149,43.6077964429281,15,3214.4901070239,112975.0,2,30.0031401315811,3.35228263881583,1172.27383933221,112.675328843032,2417.41379415262,125.221978523173,406.004581143324,0.0024697025425546,6.41335418934215,9.40307683078312,0.796379350054561,7.37757994408708,4.91659876769489,0.212401195225265,0.0102834170269868,0.0059299378560962,15.3264781170057,43.5733916638883,15
3.604166666,30.0099891362807,5.31508965086043,1177.23848334629,119.840557694888,2427.74962341724,125.687681088567,406.640518022265,0.0213801108605657,8.22290398744652,8.67049152472195,1.12160835684472,7.68499012001957,4.7568375655148,0.21111245299831,0.0102091537697927,0.0056986777017139,13.4811044256908,43.7333682126202,15,3225.6676738364,107900.0,2,30.0070656655258,3.31331631447857,1174.5715000739,112.678227745982,2423.49447179672,125.410220998457,406.486331072427,0.0024582389061427,6.26564929728968,9.22939652605398,0.784073639436073,7.36848288087067,4.92681372472441,0.210965187433497,0.0102329054489889,0.0059024922162968,15.439096260124,43.6375417603942,15
3.614583333,30.0054031246564,5.13879703453595,1181.04544935743,119.360625128927,2437.39785714912,126.076110218033,407.756343866929,0.0217149553313683,8.1843437542431,8.42473010930723,1.09311296303335,7.64413875794566,4.75462052624683,0.210432457446788,0.0101840130817712,0.0056977279582635,13.5205282165672,43.8677765285943,15,3236.62812168677,106140.0,2,30.0069282380613,3.26367115219789,1177.8968452654,112.455875900489,2431.98701691514,125.732863103948,407.410235553306,0.0024728233871873,6.14926359677431,9.0392396096183,0.768083373827265,7.34475538899912,4.93272873184559,0.209649856367854,0.0101862502674981,0.0058783898695511,15.5382282170797,43.7488017229944,15
3.625,30.0013191928333,4.95434078682913,1183.70852500477,118.235552762798,2444.33525098178,126.337556303636,408.463422015609,0.02255514603923,8.22034046411672,8.15671887975365,1.06235080339666,7.5754292192401,4.7459358729614,0.209980371596237,0.0101664387784287,0.0057019341526513,13.4883030922024,43.9582214862719,15,3243.77889641614,106085.0,2,30.0040164525525,3.21044079274563,1181.1286309309,111.812957194657,2440.16196858786,126.053328855958,408.318341332062,0.0025021215988976,6.12527297523646,8.78790369995239,0.752513989727575,7.3006890111359,4.92934256234321,0.209228952674432,0.0101710931725827,0.0058741477739748,15.558755359519,43.8595689731552,15
3.635416666,30.0058298642261,4.78927570185633,1185.64461672409,116.866901388387,2449.95068650326,126.532420184057,408.975740337488,0.0228726851481439,8.24794854714218,7.96886682852028,1.03543029360466,7.49129767157215,4.73996430972846,0.210014066195569,0.0101670296693572,0.0057160339118292,13.4575519318916,44.0256986067583,15,3248.99704780803,103115.0,2,30.0041735481999,3.1472797529391,1183.60586128341,110.710096305541,2446.68249122084,126.296793490946,408.987516527858,0.002522637939105,6.13773623828319,8.55493097469094,0.736669562729863,7.23405515590173,4.92332442498406,0.209362643302584,0.0101758260638433,0.0058833588088235,15.5445651182353,43.9437654491105,15
3.645833333,30.0002959044287,4.71303947356691,1187.24604181172,115.393911683794,2454.83089664438,126.690406504621,409.381312867921,0.02393079283618,8.27574767151351,7.85173276185581,1.022035500066,7.40391786877618,4.73242529029317,0.209647465209042,0.010152694074702,0.0057133949856658,13.4143640488305,44.0805591230654,15,3253.21734647663,104240.0,2,30.002806341762,3.10487874615974,1185.59531634898,109.434589546304,2452.29076929473,126.496385835784,409.524916464339,0.0025569319214841,6.16554451743724,8.37548500169026,0.726404716773642,7.15681091243804,4.91592939465669,0.209550583474387,0.0101823267858975,0.0058915645002675,15.5090560043022,44.0129067584461,15
3.65625,30.0062880667278,4.64682805630423,1188.69152837391,113.901509331203,2459.56879624971,126.837964553458,409.773753586062,0.0241188341218422,8.27065793779201,7.79779543252485,1.01383957332883,7.3140720478653,4.73053996227777,0.209810015191126,0.0101585011460647,0.0057225679927783,13.4045866448708,44.1319875818814,15,3257.17915475717,101160.0,2,30.0037492952289,3.05880242912693,1187.23487330913,108.044697974815,2457.18197203121,126.657808067707,409.954709401397,0.0025687879508859,6.17933381083268,8.26490303732906,0.718160276192835,7.07517977558542,4.91083255703013,0.209779776984147,0.0101905535824599,0.0059013420560176,15.4827103981161,44.0689707580167,15
3.666666666,30.0060150216815,4.60177696227544,1190.57988809466,112.394817123647,2465.45227292756,127.047091605154,410.383948906651,0.0246715339712426,8.24305864022102,7.71539815564063,1.00852665322517,7.22087438243635,4.7296526411728,0.209714882574901,0.0101549619204249,0.0057242817425461,13.4212865160183,44.2050159776156,15,3262.54727597647,99465.0,2,30.0052739688281,3.01526484566787,1188.86219036284,106.580929845159,2462.26307823776,126.829040772994,410.441217758397,0.0025882613691623,6.15390971241341,8.19132481794882,0.709836484085861,6.98787562616339,4.90986807620914,0.209558957309408,0.0101827862819754,0.0059008871364691,15.4950695136823,44.1286347191625,15
3.677083333,30.006719788966,4.5970548253341,1192.73546196277,110.795516095041,2471.94728270722,127.29094614639,411.119275179563,0.0250567688815728,8.21043408906201,7.62682901421405,1.01053588170034,7.12336970864099,4.72939754170306,0.209748558260185,0.0101563672091792,0.0057255632012346,13.4533307798219,44.2902605794459,15,3268.63405700283,97435.0,2,30.0060275343839,2.97789345405114,1190.76819543622,105.096137967606,2468.03322100575,127.037876470708,411.065056476063,0.0026009928334078,6.11493019418987,8.10842561482057,0.70349035688612,6.899143315787,4.91023995950817,0.209203232482767,0.0101702516794498,0.0058968445117491,15.5262645512701,44.2015436135851,15
3.6875,30.0097813234946,4.61189259201989,1195.12356585266,109.067384948771,2479.16830167858,127.573930263241,411.997954847427,0.0250762133434604,8.15133900702707,7.6166853186778,1.01732665717264,7.01729133154183,4.73179785064391,0.209948123765288,0.0101642878645009,0.0057293490137465,13.5219836063881,44.3891976408832,15,3275.49025142367,94095.0,2,30.0076955346372,2.93883891490655,1192.86628063382,103.495253901671,2474.34447966017,127.276580516282,411.805446813642,0.0026045641734618,6.04694741567663,8.05722551555089,0.697591928971792,6.80431139953284,4.91351906065931,0.208602175674145,0.0101490964889097,0.0058876252835825,15.5943466197135,44.2849600283589,15
3.697916666,30.0086009973467,4.53363510226581,1197.68160624713,107.193258426609,2486.74961458291,127.884568486597,412.978689228061,0.0258161244636033,8.10556784824232,7.59738367827692,1.01032434367445,6.90392580012616,4.73231626594031,0.209814804901417,0.0101595016215705,0.0057331649518359,13.5834191853467,44.497787354135,15,3282.73914324408,92205.0,2,30.0084864857172,2.88835630196979,1195.18293853054,101.801792484437,2481.24113410032,127.550202059993,412.674739811569,0.0026269854670009,5.96783080148798,8.04631590990982,0.689345887204837,6.70398860916495,4.91775347797284,0.207772094505005,0.0101196156373228,0.0058743042675812,15.6808467055591,44.3805959151044,15
3.708333333,30.0087619065944,4.39184812607902,1200.08407150379,105.145809325541,2493.81106912536,128.183929255258,413.934062810331,0.0267533985629976,8.10576978900501,7.48548884080775,0.99016301931498,6.78279254140309,4.729162798091,0.209798923559126,0.0101585201362709,0.0057446696567801,13.6024533822489,44.6024550062945,15,3289.32104776993,90225.0,2,30.0085847327701,2.82440206118711,1197.5777455311,99.9998016032679,2488.21651816134,127.839841348456,413.60583514905,0.0026594204795008,5.92244486093266,8.00158289452944,0.676417976689924,6.59841785862891,4.91891521189627,0.207258119673167,0.0101012730314423,0.005869293974712,15.739187438225,44.4818380383767,15
3.71875,30.0071840031564,4.17834240994909,1202.10461650854,102.96644519977,2499.82074342006,128.445897088945,414.778107826683,0.0282806417182654,8.15599225494149,7.27819615518462,0.956465302125514,6.65615071875061,4.72145825924941,0.209703051955177,0.0101538567119542,0.0057602690059554,13.5689051271891,44.6941051183962,15,3294.6074363718,89320.0,2,30.0080447738241,2.75041555980628,1199.82658691128,98.0794004550806,2494.71756337979,128.120180650266,414.514522292024,0.0027108082438909,5.92798266585542,7.88180473141204,0.66038632870943,6.48692800429845,4.91536255234211,0.207240975203423,0.0101005231665498,0.0058763078279634,15.7487306860746,44.5798571224302,15
3.729166666,30.0060190789092,4.04942986511899,1203.60287779073,100.746554503168,2504.52223532106,128.652003850142,415.449267270348,0.0296231365611135,8.2352988040104,7.07115034733181,0.933193880320409,6.52911356883111,4.71124632798048,0.209832740707895,0.0101573979292698,0.0057735969368079,13.501193649698,44.7663216054894,15,3298.30444525571,88875.0,2,30.0070456016684,2.68566069464019,1201.75192284377,96.0845633128844,2500.31595498456,128.369224012904,415.325913319233,0.0027600080877298,5.99064705690519,7.69556938937582,0.645783021993415,6.37200756146903,4.90651949975853,0.207861061994035,0.0101224832377818,0.0058966768685822,15.700243526573,44.666993178574,15
3.739583333,29.9969294510098,4.00642130908127,1203.77787590781,98.5214994327863,2506.08814941027,128.701391439492,415.610893480058,0.0319962376152986,8.33934107790362,6.92072394220954,0.927258864064226,6.40744617955078,4.69799078196191,0.209435336967337,0.0101409765703655,0.0057665560778029,13.391636957301,44.7840537775479,15,3298.11289758597,93040.0,2,30.002766759716,2.64642777199617,1203.03058747992,94.1244571916246,2504.38486624922,128.5480455759,415.898369018413,0.0028308759526604,6.11822799351838,7.50482228188629,0.640995506334292,6.2591647658182,4.89152498807416,0.209012171700109,0.010163043211781,0.0059260563907738,15.5804816672186,44.7297330730061,15
3.75,29.9725962778684,4.19519198203454,1199.38653040358,96.2452809882878,2496.79547673533,128.195169849862,413.943918587162,0.0364454139813768,8.52770843442457,6.85830720564001,0.960825119608877,6.30247142447793,4.67691312408929,0.207709282938957,0.0100741039552144,0.0057069100972995,13.1475634191537,44.6085975633833,15,3284.3812305957,109040.0,2,29.9880624554444,2.67489931819722,1202.12798946103,92.3543093191885,2503.35912949869,128.46949590775,415.577372170986,0.002959666355996,6.41311245836994,7.33206266944739,0.658812350818006,6.15958485383084,4.86132870842971,0.211288928566377,0.0102425021814554,0.0059725328193769,15.269996389179,44.7030464272572,15
3.760416666,30.0007882050237,4.2479588462805,1192.72323779728,94.8357707308956,2483.10151011595,127.443650667079,411.505939420759,0.0341857642824707,8.55557633701913,6.96317986178367,0.979307748633244,6.23378655881704,4.68268956353969,0.208437093856005,0.0101013681486248,0.005719351850555,13.0469281000918,44.3478663759915,15,3265.46848133096,104845.0,2,29.9904557873013,2.66366207950526,1197.59549029632,90.6801142251504,2494.10190087396,127.956789821751,413.859300108467,0.0029229957691694,6.63384418912849,7.30254262262452,0.671892128588833,6.07527425056446,4.84394811319456,0.213662248239932,0.010326287312231,0.0060265528121814,15.0011434974683,44.5253897827719,15
3.770833333,29.9959610349026,4.37676583033026,1189.39254419796,94.5773146213865,2476.65690083782,127.061268297874,410.272053416237,0.034425395162223,8.50141481533726,7.10652910348432,0.99968282362935,6.21808790825617,4.68989564396338,0.207893296726694,0.0100815677916771,0.0056959932515242,13.0280184647154,44.2156059382902,15,3256.63176548217,107795.0,2,29.9953484065457,2.67434125947563,1192.75575152467,89.6891344360161,2484.4655790198,127.415848168934,412.091771936233,0.0029443049008753,6.68144242952875,7.38945007265963,0.678991530742387,6.0210900680534,4.84396232256301,0.214113807953899,0.0103420951196159,0.0060353398539815,14.8875769792296,44.3379278652734,15
3.78125,30.0074145686622,4.31914309848067,1190.11085631951,94.8915598890609,2478.80661536351,127.122464408642,410.469978409291,0.0331802931839044,8.43996661598047,7.3036800784657,0.994853239314855,6.23030547024908,4.70035030164552,0.208300229055249,0.0100973445859387,0.0057109834481255,13.0690932064389,44.2376695897572,15,3259.22935798483,102790.0,2,30.0009125152364,2.65888559171085,1190.66787972526,89.455948226974,2480.59316763779,127.166316460585,411.283883997641,0.0029135537626441,6.64153800186265,7.54043905493825,0.678749631142721,6.00763820761055,4.85200446235781,0.213983762212529,0.0103378729991968,0.006034461197841,14.8782650602527,44.2518751496479,15
3.791666666,30.0134499557451,4.20545596883114,1193.04170786195,95.1612498831137,2486.04138464387,127.457416159121,411.559878214074,0.0322487210517628,8.3883836086744,7.41736176527591,0.974043272415329,6.23100439036841,4.70709340960484,0.208964049227573,0.0101224705788758,0.0057368216117752,13.1503287232002,44.354859811431,15,3268.21237243017,96550.0,2,30.0076626252379,2.61941440528452,1191.31398163208,89.3849593722186,2482.68106121447,127.230952244129,411.520383837612,0.0028910162231786,6.54025651685892,7.70714866592256,0.664781538457757,5.99958928332447,4.8645236726625,0.21330786322311,0.0103145679602803,0.0060241598133996,14.969059705671,44.2750474125155,15
3.802083333,30.0267031526709,4.0105877215499,1198.10178430357,95.1558567096348,2498.3927476536,128.062331453257,413.542782108965,0.0304141653666625,8.31311530384403,7.26249433757244,0.940130900371746,6.20863950320124,4.71461079943635,0.210312820644462,0.0101735336107406,0.0057865808615356,13.3056717396628,44.5658638274577,15,3283.36602454236,85215.0,2,30.0162260750896,2.55361208349091,1194.02801012928,89.1447193012847,2489.42885117297,127.543879121671,412.596266517895,0.0028484084550821,6.37537580844584,7.76078816905678,0.6413785315112,5.97977647041066,4.8807390739038,0.212177776425899,0.0102755409717855,0.0060068772620966,15.1651189306183,44.3844845071907,15
3.8125,30.0028330593233,4.10204151701263,1202.84783728623,94.3834406373357,2509.74941535988,128.629392520482,415.391963239979,0.0327623739481518,8.32504573011036,7.11621392018644,0.949384237509759,6.15559830061486,4.70539491872231,0.209932815020734,0.0101589323951807,0.0057690884357278,13.3797699302907,44.763668315077,15,3296.82428801923,89390.0,2,30.0132456936585,2.54870244523015,1198.16858327003,88.7585830658192,2499.45939283774,128.03692465254,414.245441706159,0.002891203876859,6.27287958029082,7.65397272474534,0.632953829877025,5.94804993530591,4.88693012392402,0.210955304720136,0.0102321986481542,0.0059799353114487,15.328992455017,44.5565386184236,15
3.822916666,29.9703248565566,4.36332747980191,1201.27042883638,92.6602797685714,2506.16589845235,128.438144570697,414.730780151211,0.0379328281172693,8.5259336125928,7.07680168947518,0.999676773653126,6.08157917224403,4.67938118733625,0.208280711197986,0.0100946570953876,0.0057047359600859,13.2280669136317,44.6976866500037,15,3290.97241382191,106800.0,2,29.9922608403445,2.61898241898074,1201.03708825917,88.245507277632,2506.39817073855,128.378525624767,415.301873227245,0.0030026822387069,6.4459327290609,7.54528223874845,0.659714262710345,5.91375882130052,4.86500807939737,0.211826993360301,0.0102617151163412,0.005990512297345,15.2278494844657,44.6759890365229,15
3.833333333,29.981590814073,4.55232208083227,1192.45208810562,91.1175438876066,2486.77129692071,127.42430707934,411.403357187286,0.0379423680732492,8.67473474391632,7.11903953864346,1.04017848970472,6.02257212988522,4.66998547838166,0.208008812734441,0.0100832759026485,0.0056809469902886,13.0569871775248,44.3455165235032,15,3265.13558227805,113180.0,2,29.9823937720944,2.66732863894187,1197.82328375588,87.2098092791282,2499.50298358313,128.008819171387,414.002242811055,0.003015780521571,6.74309844335747,7.49728467731301,0.689796203737946,5.8667911569455,4.83702018235354,0.214337168896001,0.0103494022688186,0.0060403806375667,14.9666290553395,44.5480018836656,15
3.84375,29.9967541446769,4.7270850034266,1185.3309033385,91.1937354522871,2471.61223854858,126.605565578418,408.729880255624,0.035709273048294,8.63456732749334,7.35727000635203,1.07062129885785,6.03396511216996,4.67968167452872,0.208212573950748,0.0100917653811426,0.0056717324016816,13.0224108666756,44.0612389809631,15,3245.65017161578,112710.0,2,29.9891537628082,2.69756753172268,1190.86842182103,86.5074332390949,2484.58686905653,127.213510019044,411.362114349722,0.0029740747553566,6.87161739094622,7.59560279833904,0.706958403200893,5.83811360907652,4.8297694326102,0.215679863973878,0.0103965559204389,0.0060669377319391,14.809957338579,44.2719050599299,15
3.854166666,29.9843323308819,5.05697388875839,1182.31566809002,92.2837745243271,2464.59488253153,126.194407364905,407.352311084651,0.0357587150875193,8.57023847519393,7.70388938122267,1.11991537117193,6.10873280253246,4.68676100403527,0.207266505736603,0.0100572772367166,0.0056234516569022,13.0039130567511,43.9188034877031,15,3237.49488531235,121125.0,2,29.9885846192925,2.7961670550904,1185.54882971826,86.9689823102818,2473.15848605339,126.580433557239,409.248506747121,0.0029666575111039,6.89114192488723,7.84952018383331,0.733420643786708,5.86941237827397,4.83170169681508,0.215668146569917,0.0103958919773231,0.0060559023307117,14.724311106695,44.0522714195013,15
3.864583333,30.0227614301179,4.96432210070587,1183.14552495855,93.9570472514611,2467.08641818801,126.257899299521,407.523995172874,0.0305700074854277,8.39375494188722,8.02061712027367,1.11487183399377,6.18944520578349,4.71255302757244,0.209034472145955,0.0101258430639979,0.0056741466146734,13.1690642140447,43.9414077521852,15,3241.43421946695,104535.0,2,30.0034623289835,2.76913535052228,1183.42203615129,87.8633965844988,2468.60992188302,126.285571610159,408.266699226673,0.0028238274972028,6.73917251377639,8.18414344845197,0.731593739183968,5.9261298476841,4.852026263934,0.215108226622737,0.0103775080190485,0.0060477011683213,14.8281579368211,43.9502473865502,15
3.875,30.0256168843897,4.82818838001656,1188.86235775503,95.6184411071029,2481.03315563835,126.922672865419,409.650856135022,0.0283912768843172,8.20498028765489,8.25668244501811,1.0883221067852,6.24965859420155,4.7286648520056,0.209758267081579,0.0101549167878816,0.0057042628609223,13.4141266712393,44.1730373382111,15,3259.69539062935,94045.0,2,30.0169984244438,2.712841836126,1185.13060144353,88.7703135632359,2473.23147884868,126.467160828584,408.884760349337,0.0027736903281173,6.44669614403791,8.47041282716586,0.705009339177549,5.96723140427685,4.88208801797696,0.212845606511036,0.010298982315463,0.0060046109817432,15.1222367877988,44.0138213349304,15
3.885416666,29.991275109396,5.02432587741341,1193.72868855738,96.1671235321832,2491.98038879223,127.457328062786,411.30555049503,0.0307289424253677,8.21734065156344,8.38983722311834,1.11149539744856,6.27623587304316,4.71697939752711,0.208856210373702,0.0101208337976313,0.0056667003855426,13.4858166785694,44.3592754836061,15,3273.74876619241,102880.0,2,30.0077748657744,2.77054618996978,1189.56921148896,89.8482077926956,2483.79676383905,126.967049694457,410.479147102694,0.0027961432309035,6.29974507551966,8.67834415739122,0.707759537671772,6.01346512248833,4.89118885355245,0.210996703301597,0.0102333584792893,0.0059571230488949,15.3178257483801,44.1880547454591,15
3.895833333,29.9539588923476,5.5795655947007,1188.60795251613,95.1316292479126,2479.12022704252,126.78243359615,408.973012943827,0.0347744722592394,8.45632376399057,8.44110248036702,1.19613863979547,6.26965589814099,4.68710486447455,0.207077758126571,0.0100518056942815,0.0055790066643108,13.2648921988231,44.1245568973376,15,3257.05485918291,128400.0,2,29.9771931882193,2.97334178084397,1191.02190929565,90.5325258252827,2486.79595042109,127.090595078499,410.704352634454,0.0028570121358483,6.51919207326339,8.77692533293896,0.763073956608489,6.05761163751833,4.86284506395313,0.212103815652851,0.0102709071828415,0.0059590558699776,15.1568461004202,44.2313049139469,15
3.90625,30.0065150888295,5.58276256807688,1179.44326030114,95.2540325338689,2459.25074158538,125.705283231914,405.388796534111,0.0297665942761738,8.41423281137728,8.5868075211802,1.21120571694982,6.29352601057501,4.70333177378432,0.208598131155924,0.0101101816087768,0.0056148477187756,13.2519980241935,43.7496950689634,15,3231.59385694154,117220.0,2,29.9867378179946,2.98252661668737,1185.06852142174,90.354602869963,2473.16548791042,126.34480449843,408.131297582633,0.0027339862265918,6.65290651329542,8.9040412462542,0.785824735953842,6.07576075267335,4.8538395804362,0.213941825120745,0.0103362601530781,0.0059992958817596,15.0216985628297,43.971909002791,15
3.916666666,30.0035195600703,5.54113177022534,1178.51927489575,97.2590784271395,2457.76017562773,125.565842452284,404.844088340246,0.0285155794371182,8.28257436105935,8.7252132489861,1.19764130393293,6.39406220331573,4.71575756660462,0.208154968660622,0.0100953760461021,0.0056096994031643,13.317974493713,43.7009497924697,15,3230.73705715171,115695.0,2,29.9994156118004,2.97417323692893,1180.21195963621,91.0368575739183,2462.99325820193,125.765072674494,406.169208812958,0.0027219199169567,6.55445122845978,9.05160894561047,0.778102456911867,6.11616120088041,4.86718315212288,0.213166778498608,0.0103093007159431,0.0059834160533917,15.0693742477764,43.7700926709692,15
3.927083333,29.9950687220225,5.5577889909281,1180.98247850329,99.2788219127552,2462.61852042657,125.759059659026,405.335952505591,0.0283062508508659,8.24927650116281,8.82778948052141,1.19349860512208,6.51079640744616,4.71657997437633,0.207789315644365,0.0100822559062902,0.005600565086327,13.3309057451616,43.7677752757313,15,3238.30695621222,117755.0,2,29.9982598360558,3.01445793540718,1180.12198402537,92.7669489500321,2462.78570490048,125.69434558398,405.827938981915,0.0027049695502648,6.47717059426763,9.17444099450455,0.778976509967828,6.21204905342638,4.874049794033,0.212332150251992,0.0102798682479277,0.0059608761065647,15.1056036440784,43.7452239443298,15
3.9375,30.0197549529987,5.28282452150411,1183.98705438911,100.846040401203,2469.86812896418,126.073188364741,406.234021006925,0.0256761481296802,8.16695112435699,8.89969704166579,1.15398519131887,6.58260941103948,4.72665713480467,0.208951397887076,0.0101267543968028,0.0056500455286665,13.4459865446291,43.8765343216922,15,3248.16372558589,104475.0,2,30.0072812143984,2.9488794326848,1181.82835751625,94.1077560941356,2466.5492009245,125.828098767265,406.167241209475,0.0026463377135175,6.34993516023997,9.28141273916154,0.758779276951599,6.28811846257768,4.88607848501164,0.211548224647052,0.0102529390424394,0.0059510753043129,15.2277942900289,43.7913418725754,15
3.947916666,29.9607308162032,5.57000476196752,1183.75158526557,101.442217239811,2467.70556768491,125.933848424806,405.602978844589,0.0305386332649254,8.33550299230066,8.82324504928306,1.17993270431478,6.64750072698086,4.69844067057078,0.206547330485681,0.0100346574213341,0.005570288661326,13.2722499069587,43.8274027062975,15,3246.19770012449,130220.0,2,29.9864286793318,3.08538019720216,1183.61450226923,95.5501683189942,2470.29764176641,125.977890938275,406.479688068374,0.0027454104021572,6.43618912932018,9.26702808415025,0.777489875924203,6.36634618792803,4.87159648329008,0.211353049286094,0.0102445828158315,0.0059313840577899,15.1506828694786,43.8429055384228,15
3.958333333,29.9981930194866,5.51746680066547,1177.8821961277,102.018302397503,2453.85641760472,125.160046380785,402.955206878909,0.0283412564960501,8.38050596288605,8.82519819726065,1.18113960276649,6.70665480316525,4.70356664556791,0.207708721872551,0.0100782796251458,0.0056009735692966,13.1790146468081,43.5573626610649,15,3229.07214903801,124150.0,2,29.986810231451,3.11092090013138,1181.2538761941,96.4438320853252,2463.71786639657,125.587275185972,405.013829221826,0.0026801314038615,6.59436935615172,9.23323400982233,0.794552815614538,6.4433567099263,4.8570443654711,0.213150754081235,0.0103082270209672,0.0059686493138102,14.976941725296,43.7062942973578,15
3.96875,30.0047731694285,5.3163345807929,1176.92794087114,103.889360846982,2451.86604295287,124.983231067881,402.265362173142,0.0273823158066893,8.30627490306563,8.74372638948855,1.1466541000336,6.80245729902485,4.71366750052946,0.207641304148277,0.010076734699755,0.0056163633824164,13.187418500389,43.4950349474778,15,3227.57022964462,119830.0,2,29.9984223976022,3.07105592602473,1177.93237174123,97.347164273578,2456.16893356725,125.133679930869,403.423462908687,0.0026768099950405,6.55857525723148,9.21065052224045,0.780986961649815,6.50070969013073,4.86424514149318,0.213008605301166,0.0103035064686176,0.0059699174923059,14.9597225612084,43.5476987198889,15
3.979166666,30.0041952572512,5.16916236936516,1180.30951741417,106.089938564678,2458.91832417618,125.272911656148,403.064666585103,0.0268161846066038,8.27368922363735,8.55598640328463,1.11659773110827,6.91711887747861,4.71630945410103,0.207638073677349,0.0100770370630739,0.0056284961997452,13.2052207100437,43.5950381488739,15,3237.93779740887,116555.0,2,30.0026609908185,3.05242698328539,1178.60042555911,99.0158180086949,2457.35218521916,125.123894842961,403.278158330569,0.0026655991657004,6.48742866379616,9.09351832822137,0.765436947594471,6.59124140499684,4.87184874689421,0.21239941063082,0.0102822169526586,0.0059586287816202,14.9908773448007,43.5435137920009,15
3.989583333,30.0051100509726,5.03499558876233,1183.6779452094,107.546361087404,2466.22956532763,125.581324812647,403.918672615807,0.0263731356970764,8.27070769155529,8.35273255199147,1.09129378352529,6.98998585233805,4.71478981941642,0.207825155403147,0.0100840152031072,0.0056437984281061,13.2356608180865,43.7016178206854,15,3247.99161515518,112880.0,2,30.0040921271718,3.03456502462575,1181.2177261311,100.521454934289,2462.86629694919,125.337720424819,403.851355760929,0.0026508015660086,6.42501084088434,8.916400573231,0.751856366506131,6.67146498883356,4.87619730933637,0.211864527390004,0.0102635149224758,0.0059488645602983,15.0499417779221,43.6171559982221,15
4.0,30.0196063090531,4.73346845930565,1187.8124799288,108.509087242924,2476.15158924297,126.027582761012,405.238692363234,0.0250952665797526,8.24586106139152,8.18035842502601,1.04283230152236,7.02059857661121,4.71603589159082,0.20864372606205,0.0101146249541747,0.0056878266317906,13.3266410134159,43.8563029618486,15,3260.69680087559,102055.0,2,30.0111083652673,2.96094953488906,1184.42340067313,101.389210911137,2470.1090250378,125.644027866482,404.749891972499,0.0026265759224419,6.32306565056967,8.74977180551482,0.726601348888157,6.71307606397369,4.88355825789872,0.211171521485581,0.0102395487078784,0.0059416366344539,15.1832963922001,43.7230649423514,15
4.010416666,30.0062491049751,4.59060632460449,1192.30348610577,108.7049339589,2486.77709893521,126.525636465166,406.724761104625,0.0261793431482214,8.29473699577279,7.99528785997083,1.01140580827799,7.01461951592518,4.7034854877208,0.208457789331891,0.0101066218221723,0.0056946969775433,13.3584856912356,44.0291989400073,15,3273.79883663225,102040.0,2,30.0107808103267,2.92290476377491,1188.37564360678,101.827915639028,2479.42568890271,126.06866644904,406.035365091163,0.0026533530821502,6.26234618923833,8.5742133640786,0.705718472408503,6.72406839512054,4.88380848118494,0.210441766630582,0.0102136190470566,0.0059292806515194,15.3020865770333,43.8702795726165,15
4.020833333,30.0196505772579,4.40370307892158,1196.10251951921,106.105454358327,2497.13529189641,127.021913636576,408.23084045668,0.0253674971300171,8.31704260114941,7.90989365356694,0.984614231163186,6.86224143534379,4.69760382969811,0.209639384674847,0.0101501101126545,0.0057377465301973,13.4316751765055,44.2016591099834,15,3284.09825923289,93080.0,2,30.0132946062916,2.85602664991995,1192.33098930616,101.048886398225,2489.06146536143,126.518580989751,407.413377223832,0.0026381617993786,6.21879813771829,8.43121785581414,0.686988592107015,6.67440630504084,4.88179492450565,0.210276730805481,0.0102081824371172,0.0059328992247435,15.4213998941886,44.0264496781028,15
4.03125,30.0115093326414,4.27812826712512,1199.80621361992,102.868229199565,2507.54879810149,127.529612764565,409.796417376294,0.026606025478854,8.35001850026031,7.87137299531568,0.966255662867169,6.6757300921495,4.68672387422405,0.209805912333159,0.0101552994373188,0.0057516874007136,13.4831715823515,44.3782571478058,15,3293.94564615723,91795.0,2,30.0138974373843,2.77600913179748,1195.94886334728,98.5602305614759,2498.79005891207,126.989292205628,408.881714340679,0.0026832486074779,6.17983297498973,8.35553758225007,0.668820332695754,6.53219934923179,4.87891693115433,0.209868516852427,0.0101937079712846,0.005932036124763,15.5401470377425,44.1900115647413,15
4.041666666,30.0098380284252,4.25286160836479,1203.10170932632,100.796202418618,2516.37602132254,127.94415220666,411.078984553129,0.0274287992542632,8.39596974359484,7.91176284713785,0.965945325043788,6.55516711507562,4.67633849677753,0.210391565054597,0.0101761460888574,0.0057666247873092,13.5096077799154,44.5225801012513,15,3302.8647374464,90200.0,2,30.0116998058321,2.71571307015131,1199.52509064484,96.2246428251168,2508.29413116014,127.450963327186,410.322147785126,0.0027123619987414,6.19832327714995,8.32522339822552,0.658858923128843,6.39857381087447,4.87069374953447,0.210104669432945,0.0102021012725883,0.0059435344739458,15.5992120408241,44.3505756086599,15
4.052083333,30.0125728312518,4.24864503379973,1205.82345726076,98.932608175501,2524.04000065372,128.291922756256,412.177126987848,0.0276676449105752,8.39015847235529,8.08856095890194,0.971074471504535,6.44488336454583,4.67222605709406,0.211110026608987,0.0102025585286963,0.0057833997752713,13.5677583843189,44.6437636431471,15,3310.43165960792,87260.0,2,30.0115857145505,2.66396549879729,1202.63532788631,94.2219437647045,2516.65230359712,127.847016168889,411.573015337844,0.0027246282878997,6.19952390580738,8.39251249413954,0.651909925632729,6.28381380836761,4.86514533757359,0.210295893742909,0.0102090915622935,0.0059533840424162,15.6632177949828,44.4884302069482,15
4.0625,30.012550412857,4.28649130855308,1208.61861944528,97.593437087034,2531.79927493295,128.642455333164,413.307631053665,0.0278538697669283,8.34714626228777,8.40937817402131,0.981950977679212,6.36066209799096,4.67146408305555,0.211617071744148,0.0102215409949599,0.0057919984796944,13.6496065690593,44.7659469388915,15,3318.54552359324,85170.0,2,30.0121374890636,2.62353681572255,1205.45705086098,92.4944669517672,2524.37809362444,128.205925019419,412.730088085054,0.0027326660129216,6.16273908557452,8.5795380128208,0.646665747265796,6.18344252463476,4.86389380539852,0.21007722129117,0.0102015648349606,0.0059529343607726,15.7504520566284,44.6134407051585,15
4.072916666,30.0142396933773,4.21849638456244,1211.50019695298,96.0361705122128,2539.77484549752,129.015062174726,414.524908892793,0.0280407480260208,8.29844300668713,8.66110003899913,0.976924087930776,6.26566261206818,4.67193642689842,0.21196348646391,0.0102345702185557,0.0058062569626012,13.7368103703135,44.8957912967587,15,3326.81023149524,82400.0,2,30.0129795873661,2.57735706489381,1208.25759014652,91.0602043391462,2532.00283564705,128.559331603955,413.890778184961,0.0027408428832304,6.09663862693631,8.84614733073674,0.639336397300129,6.09863692185305,4.86588138558678,0.209525748475689,0.0101822178055246,0.0059456567554743,15.8576448451639,44.7365703338784,15
4.083333333,30.0167970596944,4.02436184214785,1214.55726686787,93.811146791342,2548.13762351912,129.43420721624,415.903856794429,0.0283508578791978,8.28826526236864,8.68724609442214,0.947388027452297,6.13628693193247,4.66918875887369,0.212326549800701,0.0102477002846309,0.0058319474405936,13.7955849485746,45.0417488997232,15,3335.16438756654,78890.0,2,30.0145866928073,2.50674472700514,1211.06836684932,89.3331757314894,2539.61929974739,128.927014769543,415.118617251515,0.0027635220443349,6.02907821552004,9.03091476612058,0.623434318229657,5.9996907237838,4.86837887797162,0.208898546725838,0.0101600788316043,0.0059391822263909,15.9650427314635,44.8646437710852,15
4.09375,30.0101604113107,3.88142333264991,1217.33399655407,91.4316715830818,2555.5260074241,129.829200456068,417.199308379268,0.0296771604923235,8.36026832356998,8.59844345348716,0.92131069218361,6.00144546404632,4.65679915258325,0.212475810994662,0.0102518838883998,0.0058472377821904,13.7800910009172,45.1792088026502,15,3342.37454489943,79315.0,2,30.0134768173547,2.44312961266118,1213.9363644977,87.3686979747392,2547.22124795724,129.317050418462,416.418710426813,0.0028120566980133,6.02855265044507,9.0757978037731,0.607975790786613,5.88803006891922,4.86401160212956,0.208804107707362,0.0101565593834899,0.0059436130353304,16.0111676380989,45.0004395019483,15
4.104166666,30.010545215266,3.68486000490441,1219.35755354174,89.1676853264292,2560.98443206764,130.142500197346,418.223597570734,0.0305385485863436,8.48591149023468,8.39552782830714,0.88862170319822,5.87443860372838,4.64050825201727,0.213011223565674,0.0102698166965763,0.0058763179703492,13.7224660491325,45.2881380326884,15,3347.37293005243,78180.0,2,30.0117347762859,2.37322680970929,1216.51889911601,85.3357682143559,2553.95798253597,129.683322404867,417.631549784336,0.0028559366471857,6.10592771389739,9.01252962688676,0.593628089729329,5.7734143357716,4.85208210368391,0.209604212349488,0.0101848437523262,0.0059689027154344,15.9886974763722,45.1278942724773,15
4.114583333,30.0231164201726,3.49215270527014,1221.96090475749,86.8937362272722,2567.8830814483,130.53732239954,419.531644713458,0.0293801399271749,8.56061013154246,8.22398254297958,0.852951861024114,5.74441574939792,4.63015243959354,0.214491057764805,0.0103234766482375,0.0059285837233008,13.7320586099732,45.4253221240817,15,3354.17400875261,71230.0,2,30.0152292958037,2.28985310784547,1218.78168727803,83.2111607920006,2559.80628640791,130.018821302316,418.769682045629,0.0028635009936531,6.15702606054118,8.87519532660117,0.57291574343146,5.65638761425531,4.8428755210526,0.210437532204371,0.0102147091988465,0.0059969767776167,16.0011969031423,45.2445382449644,15
4.125,30.0258728986513,3.16445697337744,1225.62580863827,84.3464846358527,2577.0878249491,131.065031363808,421.297757268286,0.0301837449569053,8.61775782098257,7.99817364261165,0.793678722208901,5.599912314267,4.61908180801493,0.215413871451323,0.0103558604124614,0.0059809485112749,13.7726529877433,45.6086285121372,15,3363.77365152559,66170.0,2,30.0200887040697,2.19505819941194,1221.46120695291,80.9561415924525,2566.51571310699,130.409652546522,420.125208087224,0.0029097627471347,6.1429794041671,8.73816337887392,0.547474417945957,5.5340588074388,4.83897643357778,0.210511911807738,0.0102175971605956,0.0060092765158706,16.0872282035009,45.3803324192276,15
4.135416666,30.0247802240001,3.01303260210683,1227.22312681516,81.4470161694559,2581.68096780574,131.3730544208,422.383161384786,0.0310348584710574,8.71575445352841,7.61652978166389,0.758088671853944,5.43701896437525,4.60296428743192,0.216560909023386,0.0103964654820832,0.0060218815454938,13.7853420035488,45.7154247277293,15,3367.36706349275,62565.0,2,30.022562912179,2.11661070554108,1224.00734959412,78.5481305164362,2572.8039603715,130.796144315276,421.490326698673,0.0029552332504163,6.14411667668488,8.51409411298655,0.524313434580395,5.40381048912833,4.8325117383208,0.210647767936653,0.0102225322101998,0.0060211012959,16.1692904612443,45.5145205095865,15
4.145833333,30.0231380581697,2.82293558843049,1227.28935978059,78.3847361782695,2582.8863437257,131.511414710418,422.951027248848,0.0325840260990681,8.81616742812683,7.15629300000766,0.725461639187526,5.26640001920666,4.58710984853648,0.217462577322569,0.0104278282783076,0.0060609692436243,13.7963553759625,45.7632268383304,15,3366.58958136162,59730.0,2,30.0231141458861,2.04092924414866,1225.57656846693,75.9987801086891,2576.92903454986,131.082058541263,422.550733874144,0.0030140469384021,6.16381860075887,8.20539599207928,0.507177036651782,5.26562224994054,4.82380939663582,0.210954721127632,0.0102334731040722,0.0060365036384389,16.2411906717768,45.6136748299567,15
4.15625,30.0229561975567,2.63755228146179,1226.76561119766,75.2965982474097,2582.50463152572,131.579533120489,423.325019342066,0.0341147612918529,8.94004341607945,6.65345718409926,0.689504455742749,5.09551854630364,4.57064618203923,0.218361567064277,0.0104590014415228,0.0061000957911677,13.7772193515739,45.786639941939,15,3363.94352503146,56865.0,2,30.0230430734749,1.96455853807359,1226.23524884682,73.3706483002163,2578.92831617687,131.269437014386,423.316047634853,0.0030790696629836,6.2089297231222,7.82660320589017,0.489691681817339,5.12318080302768,4.81331117614057,0.211504863141863,0.0102529551714364,0.0060575199207385,16.2902058361802,45.6785447165806,15
4.166666666,30.0101686937199,2.5430824762785,1225.0207335182,72.350492541781,2579.12478737315,131.504081794482,423.249059755167,0.0383828910844418,9.12554987360476,6.1669854775999,0.67131137110646,4.93221105836217,4.54765550386178,0.218210261470869,0.0104511597171549,0.0061038444275504,13.6733911836236,45.760219138525,15,3357.75703059098,59840.0,2,30.0195046137159,1.90348487088394,1226.09218342906,70.7755327285035,2579.03972754522,131.372237229324,423.807845039053,0.0031984629539282,6.34451767722788,7.38239739741563,0.478428538116627,4.97940794253089,4.79493085419858,0.21268989400275,0.0102943441574409,0.0060907474878224,16.247945450341,45.7140292843496,15
4.177083333,30.0157009553818,2.43285002452182,1222.3744346037,69.691919801455,2573.63021422159,131.320494828076,422.846719942036,0.0392252076307118,9.29988780480785,5.76531524150948,0.653798876721552,4.78394676697966,4.53070238024118,0.218989082926087,0.0104782189660173,0.0061328390088007,13.5657496793578,45.6963088956066,15,3349.17006921935,57340.0,2,30.0166998262777,1.84176755990987,1224.96361625849,68.2833074915863,2576.8299013387,131.363011912736,423.945022968666,0.0032595981257775,6.53479798791572,6.93585713443103,0.469227265607514,4.83962806584277,4.77313880309076,0.21461534767758,0.0103619008083237,0.0061411456154782,16.1429888988305,45.7106250532026,15
4.1875,30.0101324076179,2.3395131746713,1220.01927510897,67.3067955989423,2568.53967633499,131.160709648629,422.548178138313,0.0426520784224091,9.44615269572907,5.37993776984205,0.636948984247655,4.65069250664369,4.51598464594438,0.218723422863464,0.0104672494261889,0.0061350386342772,13.4512659370298,45.6408091388232,15,3341.4115829765,58855.0,2,30.0147339008328,1.78663613638148,1223.14128195831,65.9533879252172,2572.95115070827,131.271936212505,423.838304185266,0.0033726231925459,6.72883619392769,6.51878238891792,0.460591005574077,4.7078390037634,4.75270297727955,0.216381156965031,0.0104233989396072,0.0061870081737326,16.0174384748449,45.6788464469513,15
4.197916666,29.9979661218189,2.33739895051189,1217.29475119532,65.3604632382062,2562.30652899695,130.94563217238,422.06971947458,0.0482564746550758,9.63524635044594,5.05062445090494,0.639269278793598,4.54087114663581,4.49822191687656,0.217279880454369,0.0104133532291782,0.006099065391458,13.2574009177535,45.5662680820856,15,3332.65752236964,64645.0,2,30.0090065168489,1.74928680732861,1221.02656474171,63.8974682428296,2568.29951689355,131.147187624772,423.608365014437,0.0035373642739242,7.01402243701204,6.08862658942459,0.45858659503642,4.58666124740369,4.72533251258423,0.21850900845831,0.0104966748466208,0.0062383000040367,15.7802749957923,45.6355069494655,15
4.208333333,30.0123442316205,2.29543207715967,1213.3534169378,63.7726042231835,2553.54254860713,130.591698994061,421.171429562925,0.0470019003238249,9.73466273627844,4.88853502890738,0.636390761132127,4.44893957145959,4.49517592794,0.217956648924459,0.0104379693487076,0.006119749593108,13.1350873187803,45.4434915710769,15,3320.90639242214,60975.0,2,30.007826192669,1.70973135490625,1218.18691604512,62.1260571771069,2561.9166506347,130.930559810193,423.101918843672,0.0035562174809351,7.26566732166764,5.74922975923006,0.455777728702306,4.48165583435206,4.70378231884429,0.220771678916122,0.0105750007105709,0.0062936505923365,15.5497286979444,45.5603454808182,15
4.21875,30.0020460389896,2.28815375461304,1211.65562345142,62.5038383341198,2549.39563311438,130.474126102595,421.05880757507,0.0516611319169867,9.78195237237524,4.79288327130958,0.636790532980221,4.37606335037747,4.49399397025301,0.216856056429574,0.0103972426570746,0.0060932280728552,13.0259704183551,45.4030102838985,15,3315.36827914611,65450.0,2,30.0070031530607,1.68236905290529,1215.23507305514,60.6383376161728,2555.21378407819,130.693405858863,422.556027251047,0.0036979909994878,7.45375591512656,5.51326573250731,0.453772339065842,4.39228554229282,4.68978719359512,0.222133545892847,0.0106215678903695,0.0063269213054243,15.3533502393203,45.4781376567943,15
4.229166666,30.002683275423,2.2897950865482,1210.57248750471,61.6047041403717,2546.3309691272,130.411145223125,421.129823131505,0.0538042596211722,9.82832739136175,4.71842599009512,0.641013110577989,4.32397240722933,4.49671589022608,0.216127556956497,0.010370512232414,0.0060752915041312,12.9048217214662,45.3815902504185,15,3311.573039533,67070.0,2,30.0047260265207,1.66255045619159,1213.2771953694,59.4972899097747,2550.49540442887,130.555999570098,422.337670393501,0.0037785142219516,7.63852900050755,5.33836525878885,0.454459079739708,4.32157614889209,4.67787430873923,0.223364530828398,0.0106634515516962,0.0063562965649149,15.1327086803626,45.4307423617028,15
4.239583333,30.0062532754201,2.27217497384336,1208.06028767887,60.8866602386516,2540.21993550941,130.189408262598,420.707457663488,0.0547901761144419,9.82902381872368,4.66384777631067,0.639957835016681,4.27995866052899,4.50535075594782,0.215807462520031,0.0103589738710113,0.0060695719963415,12.8222792934268,45.3049300901032,15,3304.02650958234,67020.0,2,30.0048195658605,1.6443376289106,1211.16313408954,58.6051573291934,2545.31942339979,130.391019307834,422.05533057502,0.0038254486910511,7.76183216985011,5.21825460311356,0.453536667891115,4.2657368698703,4.67350638389119,0.224274046809061,0.0106944919993548,0.0063786146354248,14.9537055285132,45.3737999888955,15
4.25,30.0200746456859,2.21342701008136,1209.68529235323,60.254924816323,2542.96240819557,130.421630784615,421.782786634173,0.0513154996801162,9.75780340123513,4.63482311093123,0.627642372375849,4.24354760051167,4.52232936146848,0.216972403375259,0.010402408130685,0.0061049879682189,12.8285749560813,45.3862003362835,15,3307.86993234015,61250.0,2,30.0095567975086,1.61911054378899,1209.89241969192,57.8407598561212,2541.81834069115,130.308369350926,422.083923677393,0.0037646627404455,7.7691436310478,5.14950852213912,0.447050933082579,4.22121724404853,4.68089305770201,0.224744419154326,0.0107111104523362,0.0063927641382403,14.8852738309515,45.3454889338202,15
4.260416666,30.0141687359734,2.18259853796036,1212.08776087523,59.5033484644135,2547.31789297781,130.740734128126,423.160465245972,0.0525396372699038,9.67300761999324,4.60250401809135,0.618927804648424,4.20180112919844,4.53660700504251,0.216810505736083,0.0103970571792614,0.0061049279121877,12.8545123082645,45.4976773550612,15,3313.73090928496,61375.0,2,30.0128841520025,1.598754655591,1210.48743858312,57.1402656107596,2542.23470079498,130.427155710099,422.797622800551,0.0038040884259226,7.70539743905065,5.10586428184027,0.440531765389346,4.18300187933938,4.69436915286309,0.224417496307039,0.0107001551236466,0.0063882358872895,14.8900823962847,45.3872466480007,15
4.270833333,30.0177887916236,2.13508905287467,1213.12166110862,58.6462339278481,2548.71425345628,130.910356022055,424.065165016668,0.05121839529255,9.60679838019525,4.57329068354339,0.609365500893469,4.15401145995475,4.55079030757626,0.217188821202865,0.0104115724646769,0.0061200111838974,12.8839448311579,45.5571214410207,15,3315.76109322937,58345.0,2,30.0144665466314,1.57652217666629,1211.52929431447,56.4423824706653,2543.54752035527,130.594064152101,423.684967330189,0.0037857869535776,7.62745751199474,5.07060881973649,0.43455840897169,4.14579852244061,4.70888355294798,0.223970061539016,0.0106850867908219,0.0063812852121899,14.9159777186063,45.4457383376355,15
4.28125,30.0105047123202,2.11218053125371,1212.92851132747,57.7385765013451,2547.39863445051,130.944854631939,424.537028674997,0.0532690150557028,9.56857856174488,4.53103390667345,0.603966474353501,4.10294965154135,4.56031882881774,0.216669000381876,0.0103928729836965,0.0061101227110408,12.8900725987316,45.5695429647607,15,3314.33786141326,59475.0,2,30.0140015596634,1.5582237915304,1212.25699837682,55.7237143996972,2544.14876300186,130.72752277704,424.474156921593,0.0038423460774996,7.5612187236521,5.03656755460754,0.429887404958229,4.10695818777043,4.72204444215921,0.22340037829557,0.0106655264671347,0.0063707821423087,14.9389030610535,45.4925818481262,15
4.291666666,30.0111857550986,2.08604894179732,1211.73692043188,56.8757918387396,2543.87797256949,130.867955326532,424.646841592144,0.053451157109507,9.5578323342005,4.48104899096832,0.599784417731154,4.05374643574575,4.56873646968809,0.216544062978397,0.0103886442014057,0.0061102883104249,12.8794013785969,45.5432068450729,15,3310.16151645289,58525.0,2,30.0125657450173,1.54037808386393,1212.29307175049,55.0088331319096,2543.22258965032,130.785375131695,425.019117330238,0.0038606747424453,7.52852836512508,4.99452098799073,0.426445077436455,4.06715172984965,4.73218912975298,0.223089196993771,0.0106548051162815,0.0063659774475828,14.9362560191967,45.5131244545993,15
4.302083333,30.0080811759411,2.07643384828727,1210.1802282619,56.0841573294028,2539.52006162262,130.749689398379,424.622726316109,0.0548809799036169,9.55558990739961,4.43644533929425,0.598362072773708,4.0082064620346,4.5754571830614,0.216165715903726,0.0103749796031978,0.0061022593601817,12.859461609701,45.5024712682366,15,3304.99450064749,59215.0,2,30.0110774431495,1.52544125883921,1211.63997631261,54.3126513827133,2540.78092470158,130.767363182344,425.319190287968,0.003908644489935,7.51744874955378,4.94954291657741,0.423832151402949,4.02749997371903,4.74038195413363,0.222913607964246,0.0106486673834997,0.0063637600682901,14.9184554822023,45.5072698793395,15
4.3125,30.0042494290698,2.08044044072257,1208.2017701216,55.4299762925631,2534.18081410294,130.582137652014,424.431722079329,0.057111683389075,9.57441859375555,4.40187548402597,0.60115563457025,3.96970768269915,4.58007400774231,0.215503173603354,0.0103507310338198,0.0060856197355057,12.8156077328698,45.4445867972919,15,3298.70325528431,60945.0,2,30.0086004913059,1.51501153664121,1210.48458324709,53.6843175075597,2537.24022132083,130.694381745843,425.432836508296,0.0039750432224959,7.54422846982194,4.9023636704762,0.423494896883295,3.98982442315279,4.74512347062608,0.222922235799639,0.0106486825013306,0.0063649117527199,14.8653682190932,45.4823014103135,15
4.322916666,30.0009402946074,2.09757369824797,1205.11640430628,54.9534550577966,2526.42211694043,130.290262212806,423.826492257177,0.0597978120513704,9.61081838613554,4.38807600051944,0.607219640967015,3.93979512004019,4.58323203294317,0.214717496949299,0.0103217350833878,0.0060643170074089,12.748789339006,45.3434247893908,15,3289.46411667291,63345.0,2,30.0055577759289,1.50954240550908,1208.61518067912,53.1606311596607,2532.15638602515,130.542604589665,425.277817441295,0.0040529992781664,7.61049006786024,4.8598664897531,0.425184634487835,3.95587499356809,4.74641546001521,0.223169384026302,0.0106567707897323,0.006370656192733,14.7723484503524,45.4299251258017,15
4.333333333,30.0048170374837,2.1022802858617,1202.13655559614,54.6501654558153,2518.88507329562,130.008896870821,423.251710604205,0.0601082808288187,9.63228771108817,4.40827153294186,0.610470138579204,3.9192801856043,4.5888692983746,0.214703608609048,0.0103209927297363,0.0060631544176321,12.696553352652,45.245870274789,15,3280.63370407304,63225.0,2,30.0044534092604,1.50446244059707,1206.09667114027,52.7494477225514,2525.65576657817,130.317023196918,424.877625838579,0.0040739785050137,7.67956314785866,4.83849611932028,0.426388772772677,3.92776342790991,4.74773122366555,0.223633196265849,0.0106725408845364,0.0063814874182104,14.6753972107384,45.3518472198691,15
4.34375,30.0085956675041,2.10416555921126,1200.72818483751,54.4376503685111,2514.71077199072,129.900874413689,423.245944833238,0.0595437888688774,9.61933423389288,4.45128227642663,0.61128928763413,3.90499090380622,4.5971129237614,0.215123164578422,0.0103362370481114,0.0060729342820933,12.6793448745371,45.2085760270913,15,3276.17400185307,62280.0,2,30.0057290383539,1.49937584960927,1203.73933365953,52.4280477621887,2519.4657985133,130.106395622723,424.531998790671,0.0040709299031559,7.71210976674834,4.84647479959321,0.425958529222088,3.9060720443913,4.75227288281285,0.224008467401975,0.0106855243629609,0.0063906288059139,14.614769197555,45.2789195231601,15
4.354166666,30.0000813644049,2.13890415222238,1200.49944346439,54.3622501103831,2512.92093388996,129.917853863525,423.639939646928,0.0631821979279006,9.62242018743348,4.49759980373664,0.619460326152088,3.89924430964751,4.60154706486891,0.21433621787183,0.0103070306334725,0.0060494515592189,12.6402837054949,45.2147868334097,15,3274.91640585645,66095.0,2,30.0046041506809,1.50279832394605,1202.2057490545,52.2299412346186,2515.02565298013,129.986256724824,424.47378892521,0.0041632476296063,7.75026569401495,4.86796269219241,0.428599216183663,3.8907200549771,4.75565977721291,0.224110871384565,0.0106887359301531,0.0063921343406712,14.5463638688877,45.2374552113772,15
4.364583333,29.9983585282073,2.1962556826209,1198.27350035503,54.4555952358193,2506.85516321046,129.71147990215,423.290671797974,0.0651451555486835,9.64862028443602,4.55780823333547,0.634056202326793,3.90110867441375,4.60531387895603,0.213809891976427,0.0102873059048754,0.0060299975049139,12.5818541977436,45.1432755319522,15,3268.29726452504,68660.0,2,30.0017827389646,1.51250338484988,1200.84712106611,52.1891942575323,2510.93656955059,129.88366332332,424.455526391937,0.0042134693787956,7.82067110099684,4.89992516744214,0.434431172759735,3.88274484739647,4.75601133334579,0.224385218748141,0.0106977398933141,0.0063965982760333,14.4440177805073,45.2020996254637,15
4.375,29.9716871923663,2.44114327906242,1191.46893721768,54.8521495879455,2490.81650307369,128.982980230177,421.191960426082,0.0764239216643079,9.73826921032655,4.7410844184813,0.68693601179818,3.91980994902075,4.59948746511335,0.210725512831364,0.0101723135159507,0.005927767473722,12.4313931517509,44.8901502904206,15,3249.1520106195,84160.0,2,29.9903681283153,1.56262144681707,1197.44912146345,52.42127374312,2502.56760441922,129.55612698214,423.651781103847,0.0045373340531573,7.99795118438762,4.95976567289839,0.455381411970938,3.88369000306987,4.74611221539944,0.224557530140336,0.0107020250602184,0.0063923396065418,14.2243951908268,45.0885243718304,15
4.385416666,29.991685351025,2.77630508210117,1182.64797213229,55.8867758959891,2470.83683835816,128.021583430844,418.302932112416,0.0695747711950415,9.73111207471218,5.30147343057044,0.762543372396476,3.97219580840766,4.61115566757868,0.212776516933445,0.0102464180068605,0.0059418202012193,12.3876465499769,44.5558905863197,15,3225.18899438701,84150.0,2,29.9869224666931,1.62807921206804,1191.03242515349,52.9880112723818,2487.79699697957,128.879807654012,421.673443190013,0.0043458336442422,8.1606129703922,5.21361516238744,0.484801263163445,3.90394741811541,4.73988746611436,0.225820055964513,0.0107451706639072,0.006412246397327,14.0116978645945,44.8535949976109,15
4.395833333,29.9595668893112,3.44981569751099,1174.53627303758,57.9357124905248,2451.81695693453,127.086235129327,415.446048898624,0.0759899897186055,9.66897373806424,6.16836007367974,0.893667131168971,4.09078885518156,4.61857734224639,0.211206830140919,0.0101869448929748,0.0058370570340562,12.3544614918688,44.2307092865236,15,3203.28895183283,105740.0,2,29.9761305788973,1.7908208494208,1182.48197182297,54.285560532922,2468.68124371273,127.948598130199,418.811253371856,0.0045352016669843,8.26350375470419,5.80855388138077,0.542505303159113,3.9633681437662,4.73845312934215,0.226010460354397,0.0107507874341547,0.0063953032193089,13.8376147982837,44.529928590317,15
4.40625,29.959168521538,4.21478191787595,1170.60515197065,61.6227475567984,2440.12866602215,126.513266087513,413.678978830137,0.0732920079105208,9.60897436903231,7.15059474233897,1.03881025243338,4.32361315344539,4.63309164698844,0.210153335563953,0.0101480212052739,0.0057431078552223,12.3354071110817,44.0318554213308,15,3192.43549941644,122800.0,2,29.9642155039204,2.03876672699989,1175.20461301063,56.9801876277657,2451.49011810056,127.081912475864,416.065935074164,0.0043953900974397,8.33677450204026,6.72738023993561,0.629280638024934,4.11365573547141,4.74110284024255,0.225970813381658,0.0107486991363761,0.0063636505771925,13.6740019901385,44.228845645737,15
4.416666666,29.9911786897746,4.99008017256123,1168.00159644621,66.1586325941038,2432.2011930995,126.115549229945,412.416191407055,0.0574874902093554,9.40535596976477,8.28428104295774,1.16988344051217,4.59025556745425,4.66427960004082,0.21231418760914,0.0102317988765326,0.0057309524408913,12.5337643527334,43.8939588691612,15,3186.59034123448,119765.0,2,29.9768881853162,2.27049096704715,1170.73309759755,60.6764544344093,2439.73084213835,126.472599564117,414.125568442761,0.0037934316729102,8.204230542569,7.79780025311552,0.699195225866354,4.33375489457747,4.76602518354228,0.225965441143844,0.010749900811145,0.0063377754431214,13.7507510585988,44.0173809897383,15
4.427083333,29.9757462109352,5.91004623477698,1165.96866639197,70.9377555721934,2425.54217411573,125.777756020541,411.246741888777,0.0504482188112724,9.21573709583607,9.38307506659234,1.3067850195288,4.87432128916983,4.68128424250253,0.212057563779676,0.0102257388337353,0.0056547433288858,12.7801555749929,43.7767249676624,15,3182.43736421766,129520.0,2,29.9795954246891,2.57884971135416,1167.88605310918,64.9450954308828,2431.96777429544,126.053959681512,412.742000394843,0.003470844879039,7.94044101334286,8.9648490063534,0.774746685418641,4.58271738477663,4.79692109859529,0.224363463244353,0.0106958430830972,0.006268357420529,14.019352401005,43.8721744925285,15
4.4375,29.9735254395053,6.89542505884772,1161.27518046973,76.2057175014382,2412.2810605097,125.080905936149,408.793755702709,0.043206581479917,9.09723906384908,10.3831434604248,1.44407907849565,5.20134327471275,4.69189386209648,0.212162000004204,0.0102329213530432,0.0055869508619184,12.9974507899168,43.5342123428041,15,3170.3781243469,137440.0,2,29.9755274180994,2.94704130393275,1164.45962166549,69.8015089250492,2422.44640539225,125.529894791501,410.893659350152,0.0031359882706681,7.71288829010546,10.08180953407,0.860849405235344,4.87545374077128,4.81934954926514,0.222786854352753,0.0106422772479153,0.0061942864370578,14.3132904609334,43.690072195997,15
4.447916666,29.9694049697631,7.81758355348142,1155.12575467061,81.976049578002,2394.98071607632,124.144312849077,405.492390690705,0.0384527383694164,8.98111292667305,11.2568722822775,1.56159687632037,5.57246163874238,4.70232866652145,0.21206060542114,0.010232298169268,0.005523888482672,13.1551690271193,43.2076527222656,15,3153.69515744024,147765.0,2,29.9716025461737,3.35962277930342,1158.99979997428,75.2224366536741,2407.78651595677,124.716134014662,408.00083864825,0.0028863843208383,7.51586187577986,11.1019402645032,0.94821881680316,5.21240707640838,4.83699233240161,0.221306714122201,0.010591695817835,0.0061194342192233,14.5793511561799,43.4067005581052,15
4.458333333,29.9817376785502,8.20910882487509,1150.80711987444,88.2889451337426,2381.71439563822,123.375080249824,402.731436312805,0.034428569731022,8.79341150612437,11.9524147718069,1.60958318506176,5.96925254452078,4.72488996236787,0.212616876274294,0.0102564468658745,0.0055133343346677,13.2842203236047,42.938325685407,15,3142.39147717083,149145.0,2,29.9770987819385,3.63821149053373,1153.67156477051,81.037338593315,2392.77461974144,123.853193766082,404.917024304426,0.0027015935743999,7.28862543836462,11.9509930511093,1.00350178771494,5.58049201803601,4.86024568538066,0.219804206385016,0.0105404884127961,0.0060597725635477,14.8053291294479,43.1054144436838,15
4.46875,29.9857164264153,8.08288960676045,1149.91864816984,94.7202205878379,2376.06621450821,122.977919316228,401.18754137841,0.0326172407543805,8.59758592240612,12.2472383547515,1.58652099040317,6.36295178046012,4.74816680783964,0.213146747908513,0.0102792445300062,0.0055358678138923,13.3420486326996,42.7971525143215,15,3140.75077235614,149185.0,2,29.9831201182562,3.75716034409793,1150.73908786174,87.0374576371463,2382.9426286897,123.238939895493,402.657319930972,0.0026275643010931,7.0456313719908,12.5047010927168,1.0161406096194,5.9522302193414,4.88687185376932,0.218031391776831,0.0104795971834073,0.0060106774275435,14.9588003435856,42.8895201625747,15
4.479166666,29.9889328356091,7.64726513831266,1151.45290851608,100.908046891203,2375.61260107503,122.837953493884,400.477587685027,0.0317702433067893,8.44433234810272,12.0895996177048,1.52034839146442,6.73823500760829,4.76753834301423,0.213958788577474,0.0103116356490827,0.0055848736249305,13.325853196989,42.7441752099859,15,3145.52495465341,147790.0,2,29.9869523552318,3.76202412066363,1150.79936893563,92.946720150096,2379.39866272941,122.942987423442,401.441327673658,0.0026082026991682,6.85046491878008,12.6184482132084,0.999967467947945,6.31437163245919,4.90930188561326,0.216569736303684,0.0104292135248217,0.0059793757500042,15.0095294454998,42.7830954173284,15
4.489583333,30.0157911486348,6.92808487094468,1155.37761495969,106.450851862947,2382.94816856827,123.092322319539,401.075021379607,0.0284930513796882,8.24436859720679,11.9416415663267,1.4186680710414,7.02826638593449,4.7929144144002,0.215198889300481,0.0103597305049076,0.005664986067856,13.4039333028187,42.8277395040965,15,3158.82878894561,130695.0,2,30.0028069934915,3.59307719497911,1152.9334958104,98.0636576834213,2381.39866605977,122.928628529222,401.187846905364,0.0025549017549121,6.61357254991536,12.5001314773784,0.94643048346105,6.61271109805311,4.93676916311901,0.21494289228783,0.0103732666680362,0.0059617264564278,15.106510533993,42.7737798789697,15
4.5,30.0072933535553,6.42935578254386,1161.59311851197,110.372659055399,2396.2049237172,123.677426708627,402.737149770598,0.0273438034934577,8.13366400940611,11.713655508054,1.33311365819191,7.21892110140186,4.7985696306324,0.215017359790164,0.0103544011586976,0.0056993340621693,13.4652747303102,43.0263755014808,15,3178.20873994895,124650.0,2,30.007737128745,3.48364674165063,1157.41774871741,102.117079797916,2390.28599228859,123.283512911505,402.156092593506,0.0025515848381609,6.39016532135907,12.3475305261893,0.893717170886181,6.82319172653933,4.95685938334658,0.212849275169852,0.0103000292842701,0.0059273073314417,15.2402423183722,42.8926337702638,15
4.510416666,29.9975071720097,6.08836774812152,1166.51217326106,112.923454114827,2405.84176737232,124.087397170194,403.80791918132,0.0272573029941308,8.15277640078433,11.2784351319118,1.27130861300982,7.3572596223678,4.78979832579613,0.214663526886199,0.0103412581490174,0.0057176171910306,13.4372262146932,43.1642191590435,15,3192.25269769407,124625.0,2,30.0021835348688,3.44143354142977,1162.75673767807,105.167318472564,2401.05514171464,123.749449836691,403.445807031984,0.002557596359014,6.30591709486953,12.0300302381407,0.863207882741708,6.98314883555106,4.95838696528813,0.211839035489314,0.0102642770036911,0.0059093046203593,15.2862904500576,43.0499979185977,15
4.520833333,30.005366681455,5.75741555702418,1169.75072457853,114.764922887872,2412.36480631844,124.331026501529,404.357999362424,0.0261430668165508,8.1733092193473,10.7839997024739,1.21464905218358,7.45247030616682,4.78394205271788,0.214527110850246,0.010336074647238,0.0057405393101634,13.4122816284589,43.2444839631038,15,3201.61047270892,119620.0,2,30.0025555995522,3.37864317748912,1166.90539608461,107.267052494704,2409.16955267323,124.080318097281,404.290570473449,0.0025435329978776,6.28611618455149,11.5860365784161,0.83597008835915,7.0978663289223,4.95389753800296,0.211616644862376,0.0102564182407386,0.0059106628295856,15.2918817654657,43.1605089266681,15
4.53125,30.0008402688534,5.50608121537545,1172.64110348004,116.166377660764,2418.41471637516,124.551191687323,404.844874092947,0.0259084743336257,8.20589368478875,10.3127369845855,1.16691079435703,7.52263176216883,4.77437399736346,0.213755951503045,0.0103073675774247,0.0057431303022594,13.3697772761092,43.3169902140684,15,3209.95144013273,119285.0,2,30.0022717728413,3.33561441151169,1170.17000400682,108.789396010366,2415.82510411336,124.335488485454,404.899749917413,0.0025524977341574,6.2857151399629,11.1066907940377,0.813453946782335,7.1767135948739,4.9470686971484,0.211441749923335,0.0102500188920293,0.0059109034766128,15.281610825446,43.2449795916072,15
4.541666666,30.0240356559804,5.20108587468293,1176.81375491178,116.959480115959,2428.81486552996,124.992737301513,406.088698908121,0.0231466799329257,8.15543782169446,9.92838950099996,1.11571079232801,7.53783911859604,4.77631196333417,0.213642728275088,0.0103036171664456,0.0057662273239377,13.4473146189383,43.4671325395686,15,3222.85250198018,105440.0,2,30.0118806531582,3.2414651679803,1173.45866609164,109.595797713729,2423.15712311752,124.622546706925,405.65935155479,0.0025051053516355,6.2070795503139,10.6927675510674,0.782109373518476,7.21328200552162,4.94876811448167,0.210832926802929,0.0102288265541611,0.0059072479423353,15.3625143945001,43.3410812831979,15
4.552083333,29.9750119706642,5.34941220936481,1179.46238101928,117.065846297196,2433.97062402737,125.180641799492,406.458820605114,0.0260709186245661,8.28283639549363,9.49586566569333,1.12322342418466,7.55679474810128,4.74807060124818,0.211320769410441,0.0102163619647185,0.0057000441852102,13.3301502281739,43.5296219567163,15,3229.25095177887,124010.0,2,29.9964373674161,3.30271366256912,1177.11622348444,110.246561037771,2431.63574050937,124.978942552364,406.594551042779,0.0025727648891332,6.26837420078269,10.2432250437979,0.783736726598884,7.23583041278984,4.93182039278458,0.210662573522618,0.0102216978632653,0.005896316298882,15.3158749939128,43.461704905982,15
4.5625,29.9975618554527,5.38309453765835,1177.58491289006,117.784424160634,2428.89671059708,124.803331821201,405.027917150274,0.0248241688935689,8.33151082565553,9.1866242419711,1.13336096808111,7.61597451727588,4.74473079592899,0.211426345438007,0.0102198568252277,0.0056992766714871,13.2517405197037,43.395917286385,15,3223.11991042922,121100.0,2,29.9922618734085,3.33062988118965,1178.20769812069,110.926744883396,2433.13542492382,124.958122016373,406.270588625719,0.0025330946325071,6.41023348724076,9.8329056687047,0.796523199879683,7.28789134802875,4.91194129127146,0.212128163265778,0.0102734460193119,0.0059257018728494,15.1734151092743,43.4515328033086,15
4.572916666,30.0107083831793,5.3166795792218,1178.06906007975,118.56483066306,2430.98116257056,124.785958825233,404.823719997387,0.0231698706785151,8.21860441669976,8.95001339807724,1.12281280916975,7.64239878329657,4.75536274551001,0.210976324695893,0.0102043604296132,0.0056956381400847,13.3129261817572,43.387970549976,15,3225.45952701448,113970.0,2,30.002454133235,3.3054611996042,1177.64442062773,111.447951743973,2431.99291312676,124.781211124996,405.528820195041,0.0025007184086243,6.34564094071005,9.55290757232626,0.789321009650455,7.31833445427088,4.91641493630151,0.211682076520241,0.0102580285724363,0.0059187665453963,15.2015629183891,43.387705695704,15
4.583333333,30.0087954444391,5.2742060037686,1182.19671110699,118.729459944366,2441.42655397232,125.210133364419,406.05438020113,0.0223184211631134,8.11403107168221,8.76076376713387,1.11357128386339,7.63230077205709,4.76073562163929,0.210209456134727,0.0101768678081978,0.0056826376893989,13.4057544511133,43.5341011522217,15,3237.86350480608,109915.0,2,30.0072784427378,3.28101809495578,1179.53857886825,111.702118291025,2437.11185642941,124.92799227386,405.878056977971,0.0024840128012947,6.19673545618572,9.33404094358901,0.777701104975469,7.32192215933141,4.92742171810112,0.210172412042209,0.0102047706128639,0.0058881523599801,15.3186434857641,43.4369961806832,15
4.59375,30.0247491635568,5.07649464638249,1187.72525193072,117.978060704862,2455.89637608977,125.848972320161,408.000327555945,0.0204905739841184,7.98630532890907,8.57224227973975,1.08587349561833,7.56206229947415,4.76932061808668,0.21035799411472,0.0101835328997391,0.005703342857193,13.5829586185382,43.7553270765545,15,3254.40323675851,97205.0,2,30.0150389763078,3.19725996223544,1183.34365201446,111.216097254065,2446.95466662339,125.325074881182,407.076323770114,0.0024533689117167,5.98556192391479,9.17059378452879,0.75438122907623,7.28298035971585,4.94324595094357,0.208192571282115,0.0101349600036462,0.0058532408147827,15.5343283373692,43.5738194247599,15
4.604166666,30.0242364697226,4.83327216971665,1194.4470564863,115.911850913878,2473.57427542042,126.675524633984,410.571317682243,0.0200277010644061,7.88839297371963,8.34246767919813,1.04655585634722,7.41839534144192,4.76938442189065,0.210141427433488,0.0101761491762967,0.0057194366378849,13.7764438812581,44.0422050482806,15,3273.91667263883,89030.0,2,30.0207115074312,3.09262003885939,1188.39193447942,109.778663105374,2460.20392219473,125.91432961645,408.936129043402,0.0024619716065203,5.7423719931329,8.99911174723671,0.722338991737406,7.18736691820421,4.95945371712814,0.205543590376356,0.0100405904231455,0.005804966379581,15.8228105204168,43.7778741000621,15
4.614583333,29.9561863754469,5.05207382090519,1195.96476197998,113.683679079369,2476.43261384131,126.766914776193,410.669929307241,0.0263385187907251,8.18784354107464,7.94590254620991,1.07402925043041,7.32427702434103,4.72261652375547,0.207591783727735,0.010076976511518,0.0056386110704568,13.5211725410411,44.0736971903928,15,3275.69369713086,118475.0,2,29.9916039603894,3.15838015488063,1193.48012508443,108.372549311032,2472.94857863906,126.505001797564,410.663719240519,0.0025952710404303,5.92131687561419,8.66744003433305,0.737440712119493,7.09604280500315,4.92977367916537,0.206269487250434,0.0100646848489615,0.0058126837436213,15.7123650957526,43.9826919228581,15
4.625,30.0056972466379,4.86747772100739,1190.4326791021,112.924826416316,2464.35721771312,126.045675956317,408.210436318059,0.0246665280703451,8.3029470030971,7.72766589567926,1.05965488748362,7.29607212736284,4.72094768414824,0.209247693292407,0.0101376357522651,0.0056909047226621,13.3611739811715,43.8227320234849,15,3259.34517564705,108310.0,2,29.9902386499801,3.10718642875611,1193.11303715984,107.224894391941,2471.99981815436,126.377326480651,410.040626443609,0.0025665567067544,6.2150583610514,8.33083701893939,0.744450412243229,7.04782175977268,4.89883150459604,0.209820092996956,0.0101915291275464,0.0058968494031098,15.4417163910871,43.9379568905434,15
4.635416666,30.0166214594434,4.64429461541564,1190.03327073027,112.287953457369,2465.64661501238,126.015890642189,408.065523012477,0.0240267065549281,8.19733835593173,7.63272542851262,1.0199199746126,7.23513471118863,4.73192204879506,0.209265960349999,0.0101392362200591,0.0057111540813158,13.3849900071877,43.8123881885778,15,3259.39623078245,100760.0,2,30.0054113403183,3.02188422521664,1190.68380272322,106.179879479034,2467.73420955819,126.067612233598,408.965125065995,0.0025813835721995,6.1925766214825,8.16213714498249,0.721424405083068,6.98600752642226,4.90220742420398,0.209936750866761,0.0101961321913892,0.0059085136558698,15.4181825420419,43.8301048469771,15
4.645833333,29.9963588827726,4.60595700478233,1193.48072164539,111.295081063108,2474.38629347174,126.386379908469,409.19202903641,0.0259984818315316,8.19303793335282,7.5496773800403,1.00844057834054,7.17362276800789,4.7266072243112,0.208208153064228,0.0100993889576457,0.0056895546956397,13.3410903824448,43.9414352825307,15,3269.01145530574,105805.0,2,30.0039143534081,3.00000960618029,1191.60975048951,105.317443773143,2471.18208749164,126.162876298503,409.211041226065,0.0026348120213043,6.1644101996488,8.03671198815243,0.711260476260595,6.92635798403527,4.9025232068364,0.209377789092202,0.0101759506230739,0.0058979689483354,15.390340880265,43.8632638326587,15
4.65625,30.0346819623369,4.34765671798473,1197.94802991267,109.849374636401,2486.47218816904,126.923763402472,410.902035614198,0.0231947881572297,8.08376270803705,7.54568327515091,0.973445416225622,7.07199162133564,4.74049598207647,0.210112790127042,0.0101714927276354,0.0057572121294129,13.474970473507,44.1286204479218,15,3282.16800913703,86740.0,2,30.0144531705463,2.89614592284819,1194.32078850501,103.983290035833,2478.48362096429,126.458388650279,410.152202324214,0.0025823328959672,6.0359263906266,7.99053950225514,0.687430409847304,6.84854295990935,4.91347240255378,0.208697311066346,0.0101527798126476,0.0058944176433877,15.4961699622761,43.9661956637038,15
4.666666666,30.0213422633175,4.18489465962977,1204.35980476013,107.236868616098,2503.35203275621,127.728723807051,413.508494578687,0.0245141209342607,7.97882036153922,7.46156453953694,0.942891439544704,6.90406806201761,4.7419346658798,0.209893688899146,0.0101638978482948,0.0057671169951126,13.6371747808656,44.4089235824939,15,3300.44613607551,83255.0,2,30.0213283620336,2.80642126964275,1198.48182819383,101.952681546604,2489.6941083698,126.967164193977,411.845381323096,0.0026225253972627,5.80818890996069,7.96756019196637,0.658385123656142,6.72541802650415,4.93099453512334,0.20626426617221,0.0100662421992916,0.0058494488660032,15.7390983550054,44.1433551030292,15
4.677083333,29.9936917034812,4.24675222782143,1208.87081105192,104.2366820696,2514.81175878532,128.268954109501,415.22958333843,0.0282666553553597,8.07424236958605,7.31478232198322,0.956018865197084,6.73832106460988,4.72304512466421,0.209204295704157,0.0101364402486504,0.0057437690755323,13.6028239436232,44.5973179510233,15,3312.01133047935,91320.0,2,30.010529376939,2.77746199933645,1203.76528814481,99.6856186508039,2503.27671791868,127.614060935137,413.934813714902,0.0027009459839619,5.79142231193481,7.8619840059483,0.654099957399266,6.58900334021873,4.92546348889329,0.205617272804213,0.0100424387747363,0.0058371667343416,15.7999795446364,44.3686897125134,15
4.6875,29.9998637448469,4.30927054240938,1209.03109078521,101.652941090593,2516.56657943691,128.300080892178,415.318097741441,0.0288556992943647,8.156907994012,7.28444807442324,0.977508172343955,6.59865513599575,4.71402260588079,0.209853244869357,0.0101595184760715,0.0057522323227717,13.5491801996635,44.6088017162506,15,3311.60819374694,91100.0,2,30.0025398788184,2.7437935817669,1207.14991705807,97.349305692675,2512.25144048861,128.025199123487,415.232442165045,0.0027190484756804,5.90582603214769,7.76206149772677,0.658863569852024,6.45631793730515,4.91008091103094,0.206906157110932,0.0100884713367734,0.0058693531579861,15.7320517658368,44.5122003792338,15
4.697916666,29.9989542301071,4.30280039159994,1207.5821572349,99.6091934281706,2514.89503724289,128.156777442223,414.866893878385,0.0300709915265655,8.17702007984462,7.28669454006069,0.983581986171465,6.48397235199957,4.7110839939312,0.209609845936333,0.010149921026891,0.0057465432769514,13.5083698151349,44.5596770246423,15,3307.25230218841,93065.0,2,30.0004951448678,2.70691406725789,1207.77262893877,95.197319409617,2515.12743754337,128.119814441105,415.524608030928,0.0027614884824715,5.99505724661495,7.73236006819791,0.660466747602945,6.334443077638,4.90004369625271,0.207864886372616,0.0101225636854891,0.0058944470406062,15.6602674466903,44.545739641311,15
4.708333333,30.0077746515232,4.1860490138426,1207.37184206943,97.9705078876332,2515.87102984879,128.160453621402,414.906949482847,0.030146728631675,8.17148761566227,7.22170038290982,0.968052775902774,6.38796526522299,4.71278482212409,0.209712624069905,0.0101536323243667,0.0057591771576631,13.4842008341482,44.561646369399,15,3306.63182195963,90280.0,2,30.0030724883458,2.65132032440173,1207.51446367989,93.369896314439,2515.93529188736,128.112797833556,415.513291732462,0.0027834263574158,6.03982211113258,7.70485597059329,0.653171271126299,6.2304132227729,4.89599814013506,0.208453106924941,0.0101435972905534,0.0059134385467046,15.605318750469,44.5439708794711,15
4.71875,30.0102059098539,3.97248177604358,1208.67483738922,96.3245773834837,2520.12460077023,128.350941031174,415.562507515042,0.0310100385980449,8.17790043212942,7.06180865317987,0.932074728082841,6.28892500162637,4.71187604268986,0.209606968757316,0.0101492184194411,0.0057754071862829,13.4609501445266,44.6285132828858,15,3310.24948302903,87890.0,2,30.0068945282881,2.58172472674388,1207.80731962683,91.6996446459155,2517.87582112656,128.176610633169,415.759429138513,0.0028256677084106,6.04342088620573,7.6259467554454,0.637036831332512,6.13383260123343,4.89584573944287,0.208528154527243,0.0101462846314697,0.0059223964271237,15.5833250546706,44.5668013470905,15
4.729166666,30.0086159992177,3.84136353421201,1210.72931219135,94.4999416578949,2525.84185380346,128.632076374232,416.513281698712,0.0321026028489599,8.22585109116708,6.88742235590605,0.906233325521565,6.18214164816166,4.70576441276345,0.209701956955884,0.0101518669091479,0.005788708610177,13.4172381789569,44.7268575356937,15,3315.70749244601,86675.0,2,30.0082788213454,2.52261235596589,1209.0205148897,90.046573993875,2521.68960285642,128.353270872741,416.380639165416,0.0028697472174353,6.06742754528402,7.48232430406352,0.621152763300087,6.03775473279832,4.89274858197349,0.208756853782503,0.0101543419096998,0.0059336463932439,15.5494580835911,44.628831651137,15
4.739583333,30.00252599301,3.77144302925119,1212.15310851166,92.7245021944231,2529.95062493853,128.836062915381,417.211435713243,0.0339335260085282,8.30456901130232,6.76073962950236,0.894644897842197,6.08139553319396,4.69604935415874,0.209626607068804,0.0101477467185464,0.0057920227722512,13.3515815519843,44.7983796415525,15,3319.25558543609,88190.0,2,30.0061335186885,2.47967836733175,1210.58303590388,88.4012459554398,2526.15446477184,128.574106457691,417.137897973289,0.0029263689737137,6.1386830098306,7.33013057021216,0.612827766570409,5.94226976333798,4.8843857211352,0.209393861591821,0.010176743955888,0.005952211772763,15.4808258998004,44.7062139876232,15
4.75,30.0020747112938,3.76887813856611,1212.42648032252,91.2183247606236,2531.42079097087,128.903608537601,417.471946949281,0.0349510026363087,8.37806512632291,6.72508716545588,0.896053307661974,5.99630134268778,4.68841562449876,0.209871308248776,0.0101557869714184,0.0057969809332625,13.2907315182065,44.822484642974,15,3319.6977271379,88720.0,2,30.0037691657696,2.44829175007109,1211.67769146946,86.8917708660288,2529.44613312588,128.738921827251,417.707327485986,0.0029622027940621,6.24150568190223,7.21594656916717,0.60966055487804,5.85513474273631,4.87348585561673,0.210430210854078,0.0102133581124391,0.005978616448404,15.3881907045952,44.7641294372528,15
4.760416666,30.0030061506761,3.78912642870588,1212.1510453117,89.9313742541132,2531.75100169366,128.909320216724,417.545136503069,0.0355983489692864,8.41051602134172,6.77921983600482,0.903262027039742,5.92228307751825,4.68540996276955,0.21013052335052,0.0101648150883787,0.0058005713528009,13.2637610003894,44.8251193373227,15,3318.83474798744,88735.0,2,30.003105410914,2.42432925564475,1212.03756984463,85.5501825389365,2531.10249716047,128.818212310074,418.007009995402,0.0029862519616372,6.32290631666435,7.18452684698061,0.609270556851794,5.77762306102112,4.86548092766592,0.211310310489336,0.0102444826187351,0.0060008502237893,15.316784045609,44.7923246597864,15
4.770833333,30.0035283491949,3.83918720879067,1212.03167107304,88.8130506018701,2532.42507871297,128.931762498579,417.684375952158,0.0359829508657738,8.41206004714977,6.8791343365108,0.915503461902582,5.85720510722335,4.68565722055527,0.210339951772803,0.0101723862448429,0.0058006671206788,13.2634694959547,44.8336020090023,15,3318.53965563572,88665.0,2,30.0032551560931,2.40776210840279,1212.05218582731,84.3774315713202,2532.01457628273,128.857146810021,418.187761767415,0.0030010845666623,6.36948095217184,7.22490694439534,0.610334307992794,5.70941185046702,4.86147623213177,0.211849008626991,0.0102635476784281,0.006014697041676,15.2764582424591,44.8065101278182,15
4.78125,29.9667712568705,4.0711196577906,1208.18634767096,88.3007873517502,2523.45133337835,128.470275870138,416.207248392874,0.0424425992538466,8.56437563964709,7.01249919764232,0.956530334616669,5.84522637962366,4.66760068767327,0.207801392208909,0.0100752335709526,0.0057175129079141,13.070266864004,44.6739528839582,15,3306.96745916102,108690.0,2,29.9872556789154,2.47119076941237,1210.87625944932,83.7834823306558,2530.01326715521,128.748806075488,417.829317324957,0.0031694229147017,6.57217900239999,7.29526236339489,0.635093450650652,5.67149962957385,4.84200896879687,0.212891546022313,0.0102988505036368,0.0060295451188255,15.063687028486,44.7696247878023,15
4.791666666,29.9957943561051,4.1255381418075,1199.78816162228,88.7909341260499,2504.65660872753,127.495920388431,413.058328439957,0.0395232862142475,8.64037820811922,7.15955548319911,0.971875553184912,5.88121180290349,4.67062422369176,0.208415130859712,0.010097915185285,0.0057268301817481,12.9529869560822,44.3359839350402,15,3283.59445292947,105880.0,2,29.986658348093,2.49619794268294,1205.94384089889,83.8215978379475,2518.95470224174,128.17167707629,415.926219771996,0.0031006969467974,6.79365877890746,7.42729668229663,0.653119925209451,5.67918597235236,4.82605302059204,0.215035353259068,0.0103740619397763,0.0060744496236419,14.8132342209578,44.5698268966436,15
4.802083333,30.0029476700182,4.12593146053409,1195.32019051994,89.5779658020001,2495.23768639997,127.002781966405,411.476775801563,0.0379400490797947,8.60660869199294,7.03947494940028,0.968383405580362,5.91729749532426,4.67835784145005,0.208424303384641,0.0100990013428921,0.0057278309498711,12.9554618270642,44.1652402482298,15,3272.08548055358,103745.0,2,29.9960644875503,2.50519796745026,1199.56900364884,84.1646630402258,2505.129544339,127.449685315184,413.595562335986,0.0030727213884366,6.83198239391588,7.48565950303664,0.654052719225515,5.69730718755739,4.82841419540781,0.215568768039425,0.0103929412710341,0.0060855455922911,14.7397635740383,44.3195629833682,15
4.8125,29.9964666971984,4.30102026703331,1196.45983454798,90.4826046672025,2497.60513208176,127.11226816095,411.822308090549,0.0372363985971402,8.58953462963111,6.98763907334515,0.992570358544384,5.96744040618316,4.6802317306359,0.208300631037847,0.0100950133957552,0.0057102468094619,12.9790636494216,44.2040205455168,15,3275.76462607047,105790.0,2,29.9978351633074,2.54979181684454,1197.13874795504,84.8261759067621,2499.94501354914,127.170603118615,412.692915657956,0.0030500776546038,6.82453245333693,7.40815554454688,0.66166217908578,5.7309812803215,4.83205290799983,0.215469000719182,0.0103894454723055,0.0060784845457131,14.7300361857364,44.2232670218666,15
4.822916666,30.0280160005558,4.14375821301911,1199.76408502898,90.9522501872974,2505.92481420895,127.516574222165,413.147843544315,0.0325749269857053,8.47119586994271,7.08998144588844,0.974961668409532,5.97770854474888,4.69650878176936,0.210456207431407,0.0101769457090002,0.005776041654776,13.1672307431339,44.3451537215678,15,3286.23804068496,89650.0,2,30.0098324036687,2.50512881257147,1197.77606763865,85.1972292717304,2501.67060091525,127.238106330097,412.948691268703,0.0029264547504266,6.68088857165194,7.45576876587397,0.650980813632352,5.75169320751191,4.84835094920887,0.214949890706348,0.0103724615641037,0.006073092342991,14.8951123231778,44.2473645119302,15
4.833333333,29.9944763372982,4.21725936064182,1203.31483507033,90.7537439548375,2514.31823225901,127.945064090134,414.539487860219,0.0362033863641112,8.47830932711911,7.09970050303992,0.979875587053205,5.96007567301111,4.68792393694053,0.209370841353244,0.0101357759628241,0.0057434112066381,13.2286380953212,44.4946185872179,15,3296.52448636631,97675.0,2,30.0074250713291,2.51587839761752,1200.36052334722,85.2832285283943,2508.11345029452,127.557273471132,414.019152885374,0.003001813099773,6.57033147630414,7.49840417525325,0.64576829583739,5.74867229782689,4.85718179328819,0.213593153471464,0.0103245238204025,0.0060414265372397,15.0560332476249,44.3588575415334,15
4.84375,29.970188548412,4.58084273308957,1200.80169515527,91.0246813654047,2507.61143114337,127.593199199024,413.347294666826,0.0398110873986258,8.64922802066542,7.22177862804021,1.04105372053311,5.99902645296151,4.66804241366414,0.208178752740244,0.0100893386827076,0.0056821157157926,13.0935625574419,44.3728818189212,15,3288.56338751161,113180.0,2,29.9874468310829,2.62044647965163,1201.79908783179,85.7240264212756,2511.29433848694,127.713361816174,414.460014281522,0.0030703357718434,6.7300486213116,7.52644377936773,0.677625514832185,5.77216940667213,4.83843159669104,0.214332240662402,0.0103493585788085,0.0060453824206534,14.9544484485069,44.4137364712533,15
4.854166666,30.0038484471276,4.72487590554285,1195.06386700498,92.0655345863033,2494.97297568559,126.90445570716,411.090495241912,0.0355561271965281,8.61761835204141,7.54987149587472,1.07453477643902,6.0620856765664,4.6792317863908,0.209639692987443,0.0101448206137182,0.0057046921720636,13.1191250932609,44.1340339955486,15,3273.17352166613,105910.0,2,29.9911034520759,2.6603799359142,1198.7212934448,86.3930417298685,2504.13037487819,127.317147917541,413.115083380988,0.0029440052464507,6.82148760790013,7.72430162363465,0.698888131305867,5.81960038696,4.83241806673485,0.215636771622464,0.0103956166602884,0.0060705485805344,14.8900697522044,44.2766175392412,15
4.864583333,29.9990308923153,4.84283688084695,1193.53265055647,93.1592974300633,2492.11184176023,126.717556609298,410.468124471037,0.0349202957122502,8.51259777665625,7.81351610872534,1.09165640301032,6.11786833514272,4.68923769839662,0.20925919962718,0.0101318194219123,0.0056871062010506,13.1945133881718,44.0696331667421,15,3270.04432799538,107180.0,2,29.9975807639595,2.69968013828464,1195.39581970117,87.2183360185666,2497.15145574239,126.918090992485,411.802119378542,0.0029200082368473,6.74722228780161,8.00602769726079,0.707002463184915,5.86538519678782,4.84232499027286,0.215077796135664,0.0103762679603622,0.0060542270070645,14.9555481436418,44.1384648194491,15
4.875,30.0072804085924,4.8941820500076,1194.92969717086,94.095570504273,2495.71730842389,126.863000764992,410.910742112819,0.0327348046126002,8.41533140679275,8.0617016854175,1.10103065180848,6.16521658458901,4.69957696589384,0.209707106952101,0.0101498758930197,0.0056944820396499,13.2965909665962,44.1207185075561,15,3274.97777811329,102610.0,2,30.0022234252023,2.71638723771778,1194.64096349854,88.059213548302,2495.9154525157,126.811845501042,411.442547279124,0.0028537802198937,6.62880412060352,8.26375388585349,0.709475447052112,5.91162300935409,4.85499495995248,0.214216671299199,0.0103465100073681,0.006033870581566,15.0640560806901,44.1020813724676,15
4.885416666,30.0248961420041,4.75505406462695,1198.68127433745,94.3556103071837,2505.54402538859,127.328404505179,412.40606116435,0.0294451150347593,8.25842347527782,8.28053664156317,1.08202112055793,6.1624566796728,4.71463271596901,0.210835874477822,0.0101938485825047,0.0057341425223168,13.5069561742375,44.2828909840749,15,3286.94870001512,90490.0,2,30.0125423140426,2.66424832023211,1196.05042234291,88.3896582395045,2499.85244233161,126.972619902393,411.98562372891,0.0027786173354446,6.41176068008662,8.52255643220632,0.692188090474155,5.92804637329616,4.8759645124599,0.212651081274717,0.0102923474807551,0.0060056374373336,15.2964267288665,44.1584078144908,15
4.895833333,29.9519415452215,5.32762489463097,1198.10703498151,94.5892838039461,2502.89047936945,127.183355782678,411.824744190122,0.036617537306814,8.43679665496536,8.3063698674484,1.15705308736195,6.20761537889941,4.68240409212318,0.207571816102722,0.0100697097193669,0.0056095977797336,13.3387446880137,44.2327472263092,15,3284.12073401551,122395.0,2,29.9864386088079,2.84415930986237,1198.0472803628,89.0491346021013,2504.80868615322,127.201422536996,412.635070827386,0.002920134186604,6.48077367442469,8.65372637211146,0.729822369756759,5.95965759935847,4.86248390977869,0.211998357305322,0.0102675250059669,0.0059703805236512,15.2554935358039,44.238357513013,15
4.90625,30.0022158842117,5.4038083424648,1190.5922379071,96.055397556881,2485.5736422883,126.245939533508,408.679695545029,0.0315062738313673,8.46227720763255,8.40478279924743,1.18383379664717,6.30959269820109,4.69015528814214,0.209269843305454,0.0101339984552526,0.0056431056256471,13.3002970402058,43.9069499397373,15,3263.29039707792,112950.0,2,29.9863505825565,2.89634271396492,1195.07667464344,90.122293700535,2497.35152061302,126.778129638088,411.110964420975,0.0027717216949505,6.63258646859622,8.74843124074581,0.760675046933598,6.0410421235535,4.84836991671241,0.21387413129771,0.0103340417018162,0.0060069100142528,15.1158109232856,44.0914962287289,15
4.916666666,30.0083330927246,5.31699343380207,1188.68683077548,97.5651102231177,2482.34770034775,126.030912314581,407.907214305591,0.0295127212120071,8.33473558301994,8.52494905763177,1.16562207650864,6.3800092667914,4.70268265522821,0.209230194050817,0.0101342306240707,0.0056508711198966,13.3906868336664,43.8321561680634,15,3259.77744310094,108365.0,2,30.00018123766,2.88423068908409,1190.71293691621,91.2205459057423,2488.00400301897,126.248026661162,409.319038614689,0.0027373228660193,6.54058056115757,8.87157753587047,0.752380649510666,6.10504288488053,4.85978929251172,0.213287469540208,0.0103138780072863,0.0059957426290686,15.1855241065112,43.9072782831405,15
4.927083333,30.0067329553078,5.20814829247976,1191.87029894818,98.6201818281938,2490.02567709264,126.385531508837,408.961412682542,0.0285790704543455,8.26904105888621,8.60872314564212,1.14410157015137,6.43057294616085,4.70598126995698,0.209209943281594,0.0101342879877608,0.0056600256783918,13.4653927622451,43.9553077238023,15,3269.86380733815,105315.0,2,30.004974714832,2.87135970575903,1190.54069934838,92.2421446261754,2488.22602705932,126.213987689494,409.141633002342,0.0027172012409196,6.41616607979603,8.98232828240848,0.740681102741407,6.1580566010267,4.87062726313917,0.212162711068874,0.0102744857710367,0.0059724785934823,15.2953739502493,43.8954018399151,15
4.9375,30.0434393236875,4.71637938385,1197.93878907993,98.6049191063304,2505.54757899065,127.142891891429,411.360560474219,0.0244304456370017,8.11285153602967,8.65453813489839,1.07124641793111,6.4033812278857,4.72179235477519,0.211141590582248,0.0102080079197333,0.0057472484792452,13.7105452662281,44.2183947496854,15,3288.60985071918,83415.0,2,30.0202930373559,2.72900868923374,1193.34679636284,92.3704513954275,2495.37164208884,126.540446747686,410.193376750268,0.0026521786896903,6.17383610424487,9.08201547240236,0.698132633544032,6.16292750375436,4.89209379539429,0.210466092978249,0.0102157239143188,0.005950901193776,15.564109787313,44.008741050126,15
4.947916666,29.9483343246691,5.1363816385492,1199.86022715057,98.1116731300447,2508.60117128876,127.312293996508,411.745006578071,0.033686421314042,8.40485537730691,8.46875803718347,1.1137300970296,6.40407033477124,4.67163158446961,0.207384144487321,0.0100635869587396,0.0056216284584994,13.4658438777863,44.27699355296,15,3292.43052427269,120610.0,2,29.9919318385396,2.86587959030563,1197.55964855996,92.5876252835937,2505.53166495081,127.052233387124,411.724639815411,0.0028446951276329,6.28518553738119,9.00636156368056,0.717156368323498,6.16384966703389,4.87047646468745,0.20999435280932,0.0101967403046897,0.0059238766659318,15.5099056265806,44.1864473900254,15
4.958333333,30.0048087349876,5.05172242917893,1193.12215201252,98.9071616216974,2492.92905528129,126.471562425893,408.886478456304,0.029720801109604,8.5467575015558,8.4084737028897,1.11784935572696,6.46952550661428,4.66817864258572,0.209743807083635,0.0101509534659284,0.0056820000733412,13.3337155137846,43.9842971677457,15,3273.22553022409,109155.0,2,29.9881493152898,2.87048306710538,1196.6789932493,93.0929033746177,2502.65122046869,126.884990017758,410.980407901047,0.00273568667441,6.57587060338459,8.88834263327813,0.737904653443609,6.21171279695124,4.83946629025831,0.213317898638447,0.010314521579869,0.0059974560837285,15.265926346241,44.1279977583315,15
4.96875,29.995243876054,4.96708414499755,1189.71993209854,99.9624167469222,2485.79123915316,126.067474655457,407.483869695437,0.0304138908454323,8.53710204805072,8.27695089402732,1.09575267756168,6.52449411993306,4.66735012899968,0.208897300462897,0.0101194779301803,0.0056696961268574,13.2819834428917,43.8434631589601,15,3264.65129663136,112945.0,2,29.9952413625271,2.86982627945546,1192.39113404109,93.7696242200146,2493.26969652966,126.369569295983,409.193356429403,0.0027725215615393,6.64369427219864,8.80162436009761,0.732471500557703,6.25200115546555,4.83345444345037,0.213897359460764,0.0103347325602509,0.0060101967974378,15.1826131469939,43.9484440943827,15
4.979166666,30.0113003763741,4.78148076800449,1191.51682474101,100.960097130246,2490.13851229218,126.250375656001,407.982168959279,0.0287095822186247,8.50970399235834,8.09151330015775,1.06444083659791,6.57388372397137,4.67197921209978,0.209527182948471,0.0101434669999785,0.005700202744759,13.2911926971673,43.9067785856711,15,3270.56606802329,105370.0,2,30.002607457123,2.83638515480252,1191.18840986027,94.5502983903125,2490.72313468761,126.200922410924,408.554554745582,0.0027393100209237,6.63244025676355,8.6579433435005,0.719867115947511,6.29672296492136,4.83470110291536,0.21405949190782,0.0103407948044036,0.0060176946313423,15.1638152456822,43.8894967678407,15
4.989583333,30.0232418543405,4.50991011784144,1195.9871812404,101.124122901528,2501.47102715399,126.797380623203,409.679089188561,0.0270632145266917,8.44224084751887,7.90116732130423,1.01788997151726,6.56224559266034,4.67698507941246,0.210430165476475,0.0101776988954477,0.0057449634939638,13.4034228997839,44.0967514637669,15,3284.36666442859,94475.0,2,30.0131961884451,2.75909133260049,1192.93003218612,94.784006321186,2495.25651890823,126.397085218066,409.149530786889,0.00271420076443,6.50304544513202,8.50445478762586,0.692114040930952,6.30525555317211,4.84588093528419,0.213231637905029,0.0103123480570816,0.0060082223180281,15.2938665723884,43.9574313112984,15
5.0,30.0269823467379,4.12290782096927,1201.74183632987,96.7671042610307,2517.06298101756,127.605084382165,412.236945424872,0.0268346129907598,8.41514483939368,7.70368182951707,0.955964747215159,6.31662593286138,4.67431796492839,0.211176314804343,0.0102051013623094,0.005796219686003,13.5365990244831,44.3774384767308,15,3299.84354241918,84950.0,2,30.0205895751235,2.64633989227491,1196.75871843458,93.3351003582567,2505.17205321505,126.887308076807,410.734999488733,0.0027306821016441,6.33231742238357,8.34681986668859,0.656624495738063,6.22150482278299,4.8579565778255,0.211813235546395,0.0102628437499769,0.0059891355751219,15.5114015766328,44.1276602929096,15
5.010416666,30.0113080405095,3.86958198755527,1207.01832424236,91.5984108191475,2531.02347004047,128.357273288056,414.615123831069,0.0295501947952319,8.53950139273499,7.49311333830047,0.914136451108371,6.03675159240797,4.6537774362082,0.211292057087032,0.0102070173285747,0.0058197857164573,13.5407691344107,44.6388731554887,15,3312.93860653244,84950.0,2,30.0183925622543,2.52414023081547,1201.47733222924,89.508701522959,2517.62065497984,127.547182095355,412.862848076889,0.0028267796448229,6.29277647084123,8.16062199313886,0.626936062726625,6.01347048595567,4.85518769787038,0.211218116888901,0.0102415427129641,0.0059885021315578,15.6382349455663,44.3569230677123,15
5.020833333,30.0164226376892,3.69694804933001,1211.39076071939,88.7710642438462,2542.0036368379,128.935493577967,416.460457686068,0.0303378720570398,8.66895803618739,7.37973629113072,0.888910089065189,5.87918720432787,4.6370146378774,0.212738914729018,0.010258609571877,0.0058677093912438,13.5354633032431,44.8399048245756,15,3324.30098841731,79820.0,2,30.0160307599152,2.41260241056316,1206.14862313273,86.00805762876,2529.45568751151,128.186500735882,414.922750435781,0.0028758593686219,6.3618022147033,7.99017618686822,0.605141780273118,5.8236837024897,4.84251969865304,0.212057152830933,0.0102712611587013,0.0060192816086242,15.6771605385185,44.579098944179,15
5.03125,30.0113070489393,3.61225137250911,1214.92967677189,87.0184703274947,2550.83413356667,129.392007122629,417.952529712396,0.0323207038997844,8.75696647106459,7.34498783588853,0.87592143307304,5.77596368214579,4.6229915604303,0.213492531915671,0.010284751066635,0.0058917030768533,13.5359401321675,44.9987091682612,15,3333.84414500201,79030.0,2,30.0143774973109,2.33573038871375,1210.24597605159,83.4168193561851,2539.63125083786,128.733806776291,416.70860228546,0.0029386260549239,6.44033618530144,7.88761062211427,0.590156958648725,5.68037056110423,4.82954799085789,0.21292992592484,0.0103020292261699,0.0060471316287329,15.7009480810789,44.7693552471569,15
5.041666666,30.0103275861538,3.60042182668196,1217.68683593562,85.6638198019805,2557.79346328748,129.749445306416,419.154495439336,0.0335889523560027,8.81631851417099,7.40409805064172,0.876993663045479,5.69417941681404,4.61351157728574,0.214294987940989,0.0103132227003726,0.0059104460175824,13.5361322645764,45.1231565075128,15,3341.37841220876,78050.0,2,30.0122634101261,2.28765581603463,1213.77880829746,81.5979343702397,2548.30827083445,129.195784320184,418.235187019567,0.0029743046480429,6.52369739221481,7.84902323716174,0.582808024566907,5.57641399959991,4.81684640335692,0.213867177044727,0.0103350447590994,0.0060733904192111,15.702133809086,44.9300308254082,15
5.052083333,30.0122131271165,3.610060359814,1219.91776609237,84.420445216341,2563.66064094653,130.052584745186,420.212072871981,0.0340177418373798,8.82009820020659,7.59840853480662,0.883281759242055,5.61762298560433,4.61078140109587,0.215096977864947,0.0103423099009515,0.00592781075907,13.5690986904377,45.2287799640509,15,3347.61921737734,76235.0,2,30.011814189607,2.25048306132537,1216.64160209159,80.1373915216289,2555.44186159693,129.573071322594,419.515847060729,0.002988223464849,6.56670923761784,7.91251360866811,0.57828924208197,5.49138129617961,4.80923059464591,0.214483917053616,0.0103568869455125,0.0060914586156847,15.7210880332849,45.0613362359711,15
5.0625,30.0123129575384,3.65385983705251,1222.08735544011,83.3193818461664,2569.38160105383,130.353293624839,421.283848514481,0.0341367742110982,8.78387539607114,7.93381417796788,0.894991867413869,5.5484260994461,4.61206306200599,0.215689704863492,0.010364118103206,0.0059374471211275,13.6297029959295,45.3335779757341,15,3353.81929384137,74945.0,2,30.0120557211373,2.22322231072627,1219.0908506137,78.9086743611632,2561.6559402694,129.902315588834,420.668392995566,0.0029932538385739,6.56207394447407,8.09522879389833,0.575432662472456,5.41854085265241,4.80711334548329,0.2146260833458,0.0103620863798887,0.0060978575363553,15.7684974514512,45.1759873299127,15
5.072916666,30.0133578282376,3.60297124808185,1224.19723483473,81.6415044846192,2575.02369748173,130.665738200566,422.406341674899,0.0342984449843712,8.74373018859252,8.21551029357772,0.892404759941943,5.4516036156787,4.61446206583752,0.21606481816691,0.0103778493941387,0.005950981453076,13.6949492591416,45.4424323391214,15,3359.53271176176,73235.0,2,30.0125368673986,2.18829817769437,1221.35137511257,77.6870643234126,2567.45274361144,130.21499265851,421.78828267712,0.0030015063802262,6.52438608669454,8.36496725751173,0.570738069340875,5.34702459497167,4.80887719436518,0.214413446145254,0.0103548160112167,0.006097168304004,15.8376171672875,45.2848972855929,15
5.083333333,30.0149017056004,3.45206029688947,1224.62381210453,79.4077841718208,2576.98002683475,130.815365457933,423.010008070495,0.0346905747693057,8.74761650609763,8.28319854140741,0.868623640212956,5.32577427567198,4.61318331653051,0.21639255613939,0.0103892926908982,0.005972694107693,13.7269341193419,45.4945817303447,15,3360.2486837774,71060.0,2,30.0134693801293,2.13347515102799,1223.08202228451,76.0907160780214,2572.06068868916,130.48337024254,422.782355703416,0.0030275887457741,6.48779282821405,8.57781493288355,0.559138984930154,5.25746998091522,4.81115113287276,0.214145070358507,0.0103454911815574,0.0060973781314311,15.9035284827421,45.3783749089125,15
5.09375,30.0105134536012,3.33828481092767,1223.28516338678,77.1947429821077,2574.85001724274,130.777635771584,423.000356473784,0.0359499718715285,8.82399923638514,8.23091873167785,0.846672288327489,5.20057247632509,4.60364011467042,0.216567332269819,0.0103943351318878,0.005986659233408,13.6974686743612,45.4814928922572,15,3355.94205656194,71330.0,2,30.0128062564489,2.08197130455501,1223.54410466859,74.2824738540168,2573.80500040786,130.626952635526,423.373830488936,0.0030801622737129,6.50731923332954,8.66731121629273,0.547167185509104,5.15581395982538,4.80795842296764,0.214282236270208,0.010350163371405,0.0061060755073123,15.9189424707559,45.4283993530601,15
5.104166666,30.0104338780318,3.18025473214957,1221.34101900113,75.1542946779785,2571.15640820715,130.674879393669,422.76701131446,0.0369306662450661,8.95365653172491,8.05796607613286,0.818576225284379,5.08512258957638,4.58938188789057,0.216999000763029,0.0104082901482343,0.006010592030776,13.630734853998,45.4457070522214,15,3349.90448973495,70630.0,2,30.0115753980456,2.02736241201991,1222.84359313446,72.4487896947941,2572.85467463132,130.651369354355,423.569590226835,0.003132661522678,6.59388778695348,8.64940659534974,0.53584618535046,5.05189699163199,4.79815092838952,0.215085456606753,0.0103781506098618,0.0061300894992935,15.8780904017871,45.4369215574124,15
5.114583333,30.0181931236023,3.04869024236042,1220.49345254437,73.3032918991327,2569.78185174177,130.697026651866,422.944289956116,0.0359946847536468,9.06202647942679,7.89602957172762,0.791529761296256,4.97976110018476,4.57740107985894,0.218191066172756,0.0104507138566601,0.0060509657651318,13.6027288896364,45.4532591269616,15,3347.00487894016,66320.0,2,30.013380312763,1.96883547861808,1221.77143573481,70.6425043316406,2570.88831841682,130.637167016878,423.649245812574,0.0031494965176633,6.68227907684124,8.5435582291162,0.521095107906398,4.95090286547555,4.7879275825213,0.216113025987275,0.0104142235816899,0.0061599668424717,15.8476297375974,45.4319279961885,15
5.125,30.0198622093341,2.79587398581926,1220.78270446068,71.5087746351309,2570.72451319624,130.847761345662,423.554023418349,0.036937473200599,9.16402559228672,7.68447083818292,0.743627416015856,4.87789560321762,4.56441909595801,0.219031680445759,0.0104794066585866,0.0060948241384633,13.5924487319683,45.5054049142967,15,3347.19238647777,63180.0,2,30.0162291018961,1.90283824707295,1221.19592946981,68.9045028892896,2569.85325981315,130.679064215277,423.929833314669,0.0032003859004043,6.73842230647211,8.42005781026903,0.503476200867707,4.85511450479768,4.77988950123219,0.216813287154266,0.0104387844516138,0.0061834359126753,15.8601251618265,45.4463490097114,15
5.135416666,30.0189952826723,2.69745153226613,1221.20004894831,69.6589608471877,2571.72447705169,131.013044323863,424.224648252429,0.0375040241670958,9.29535769965515,7.32550153396206,0.716455623861921,4.774102080484,4.54761012200489,0.219998959490351,0.0105131993549943,0.0061267137658992,13.5626735662991,45.5625466467376,15,3347.53779455266,60945.0,2,30.0177009031978,1.85078530531701,1221.1143612074,67.2150637808497,2569.68306494257,130.777864487742,424.405336548512,0.0032426937611747,6.81199273862011,8.21035326197627,0.487242983906328,4.76237123048387,4.76919764020706,0.21759383715922,0.0104660119639041,0.0062070388689714,15.8663562246049,45.4804624447593,15
5.145833333,30.0177491882497,2.55452697479275,1221.30389474558,67.7432723315443,2571.99951978347,131.142339414917,424.796220024882,0.0388097092518332,9.41862647822276,6.88817635801854,0.690727514352738,4.66784018303792,4.53181243547021,0.220667217814232,0.010536019886355,0.0061561865541516,13.5416307581777,45.6072174339132,15,3346.94434780073,59180.0,2,30.0179434911719,1.80047462186804,1221.19374743106,65.5371771444192,2569.76689713005,130.896018341322,424.952868723497,0.0032958790256774,6.89515826305244,7.91617960149672,0.475756714970947,4.67046330912617,4.75702327798475,0.218431352917263,0.0104951386183279,0.0062317270773255,15.8708234307018,45.5212712150585,15
5.15625,30.0173868786019,2.41289274709226,1221.12253845062,65.8277869140813,2571.42372543508,131.237146535569,425.276527104059,0.0402259139749922,9.5619554577285,6.4026398620222,0.661037389978799,4.56207293612619,4.51527097101885,0.221219477294193,0.0105546969944682,0.0061832477299803,13.497008709249,45.6399315839473,15,3345.39574201752,57405.0,2,30.0177403133767,1.74923956930393,1221.20643491881,63.8565819996455,2569.56383937654,131.006821126675,425.489103212652,0.0033549478468369,6.99500700067187,7.54797670986795,0.463318325799191,4.57865248567904,4.7435855871592,0.219359986749131,0.0105273040740183,0.0062585518199957,15.8620265184265,45.5595217390666,15
5.166666666,30.0092822937038,2.33715871004826,1220.07154893128,63.9551917239368,2568.76117236467,131.231644428619,425.441832149133,0.0436287510994533,9.73833271051778,5.94071587005099,0.644637518339027,4.45853116456704,4.49522935023527,0.22098304090251,0.0105446371297298,0.0061841123134955,13.4034955101653,45.6378624504635,15,3341.32443903608,59255.0,2,30.0153664114929,1.70832516220747,1220.94399783576,62.2185000753291,2568.63550023118,131.089131573519,425.932787642634,0.0034553893638114,7.14954967065485,7.12097208252186,0.454884651013405,4.48738104449124,4.7253592556065,0.220531963145086,0.010567506539123,0.0062892829974399,15.798650341519,45.5878990364672,15
5.177083333,30.0126146884288,2.25329267389571,1218.31647409478,62.1891506727564,2564.50389774582,131.143687933765,425.357267039153,0.0446210588272418,9.90130705839912,5.55746081489471,0.629892811778744,4.36058907820205,4.47978768295278,0.221299312144795,0.0105553364901302,0.0061999815304881,13.3111536104578,45.6072277965381,15,3335.3382789621,57700.0,2,30.0134715771786,1.66709358077502,1220.12602420389,60.6224354336779,2566.38495202194,131.108477285374,426.178004843144,0.0035114320688672,7.33412578522657,6.69429938569625,0.448007942306614,4.39761784840889,4.70547012714333,0.222042855093915,0.010619435304041,0.0063278291515132,15.6995011183989,45.5944533177657,15
5.1875,30.0090677361493,2.17651616432716,1216.63263282036,60.6417901673244,2560.24892511987,131.055949343205,425.296263303968,0.0475754876052616,10.0410097673476,5.18714816185815,0.614994284002792,4.27405971368303,4.46668197187005,0.220887613901563,0.0105398032747762,0.0061977597292504,13.2152478163736,45.5767723734639,15,3329.58924984614,58645.0,2,30.0121197632776,1.62938337328113,1218.8502722037,59.1133606043074,2563.04005661488,131.073656421456,426.26304422016,0.0036084425971009,7.51702921150856,6.2940019625518,0.441452712095959,4.31208824158791,4.68703028944578,0.223406902091664,0.010666035349006,0.006362548245456,15.5892207935868,45.5822557860974,15
5.197916666,30.0013591915686,2.17160312912413,1214.57855118394,59.2912328927133,2555.02438999196,130.918158017704,425.079577251902,0.0518885149547369,10.1941689432132,4.88119818609076,0.614971806639873,4.1979692838389,4.45322661809223,0.219627519403408,0.0104937980381085,0.0061675145138531,13.0766457169103,45.5290720809089,15,3322.81573606435,62250.0,2,30.0085063421462,1.60402232166772,1217.34019947835,57.77769628494,2559.0991570588,131.011044856568,426.254105330933,0.0037391403943539,7.7466266532396,5.8941836997088,0.439252907302186,4.23332875922288,4.66547554555045,0.224800712973995,0.0107131412566229,0.0063959914862404,15.4156420348822,45.5605153974843,15
5.208333333,30.0102382606191,2.14335461779794,1211.71568802017,58.118446925821,2548.14538200497,130.685904767675,424.581782707441,0.0513553301943755,10.2798168530494,4.72906721561891,0.613304394423119,4.13083792218596,4.45052443530105,0.219898770753854,0.0105037902184168,0.0061772804157821,12.9866704017852,45.4485931724304,15,3314.02184819888,59970.0,2,30.0076305578084,1.57708988784029,1215.29667568832,56.567987985708,2553.93681897275,130.881665899346,426.046848177779,0.0037643121579226,7.94673051449989,5.5781648049091,0.437106744691791,4.16189759721814,4.6487190612516,0.22628030851133,0.0107635239497147,0.0064320810586983,15.2493981397365,45.5156764452684,15
5.21875,30.0037646405497,2.13364828301862,1210.12667797818,57.1581895270406,2543.87836354678,130.584439795942,424.532136897843,0.0549430480419307,10.3219247525014,4.64286552816129,0.613142924912297,4.07604270529528,4.45052462459378,0.219095884460316,0.0104744496017899,0.0061585717814987,12.9075815283371,45.413634485386,15,3308.77008167337,62760.0,2,30.0070322145782,1.55702163585289,1213.09473158132,55.5194280909854,2548.40119209516,130.727645380121,425.783429955207,0.0038763212368358,8.09824292771357,5.35774225236172,0.435494893379708,4.09931421337824,4.63800789323767,0.227221659215026,0.0107952681450154,0.0064551305797001,15.1068434384126,45.4623471891519,15
5.229166666,30.0040551203789,2.13200564371615,1208.94439245632,56.40176731266,2540.34705272011,130.51826574862,424.609475734427,0.0567427550116075,10.3553185286161,4.57821356708571,0.615691353227355,4.0326787700522,4.45410778013795,0.218505780765506,0.0104531119936911,0.0061445369299364,12.8221438731882,45.3909977398424,15,3304.65896378399,63775.0,2,30.0055411062971,1.5414602042474,1211.41702150136,54.6623788108978,2543.91459907294,130.623859973378,425.694451294782,0.0039442586180522,8.23799294882719,5.19899814975148,0.43545103764022,4.04690780147609,4.62995943265463,0.228008954187839,0.0108216811925171,0.0064741604234936,14.9520837161504,45.4265633560996,15
5.239583333,30.0062755452363,2.11493460982842,1206.87638313132,55.7551719214865,2534.92000231186,130.351330814896,424.37747681422,0.0577506950449676,10.353928185251,4.52992308778046,0.614418919999158,3.99436115836007,4.46233792680667,0.218197982227822,0.010442157650814,0.0061391486393889,12.7606603392124,45.3333357738525,15,3298.21027557573,63745.0,2,30.0054850514297,1.52658736853008,1209.63676470662,53.9477415192068,2539.13971468875,130.500335714853,425.56411589324,0.0039887452124046,8.33229549695388,5.089538445792,0.434410764516315,4.00304181876304,4.62771457642098,0.228603379955846,0.0108417089835103,0.0064890507788575,14.8232126608352,45.3839581377664,15
5.25,30.0149957021514,2.07654833060065,1207.3247536785,55.2848444192159,2534.81275588705,130.456210194746,425.05454896719,0.055551680889954,10.3032853772464,4.50021697603208,0.606225034431462,3.96702155549808,4.47644450829626,0.218912569022653,0.0104687057106338,0.0061612835051129,12.7540977910209,45.3701880774353,15,3298.7274759181,60150.0,2,30.0083441158665,1.50830572238014,1208.31555924917,53.3350292860751,2535.25064862242,130.418013693201,425.602615591495,0.0039556192502892,8.34846991256724,5.0219862343855,0.429956452909761,3.9673456486105,4.63373874635768,0.228970528198263,0.0108544559792787,0.0064998446171204,14.7620543886917,45.3556844745471,15
5.260416666,30.0113529281857,2.05988792257521,1208.49837012767,54.913050735652,2536.17782538745,130.637212523388,425.996317320563,0.0564906383813077,10.2374236007782,4.46941289746226,0.600925599494363,3.94513921487526,4.48954448591871,0.218787943808498,0.0104646931583988,0.0061605692625038,12.7634747928673,45.4335117769083,15,3301.24221590372,60230.0,2,30.0104489733361,1.49516390039217,1208.19393524366,52.8515839741991,2533.84551806001,130.461374578569,426.077210156759,0.0039877854327413,8.31243761595336,4.97628901287565,0.425810501753465,3.94018223606926,4.64455851571984,0.228840804750735,0.010850224536293,0.0064988064684861,14.7489854990679,45.3711152866747,15
5.270833333,30.0135885143167,2.03265474199495,1208.84010823354,54.5106953020593,2535.74578457031,130.726266758381,426.646624674199,0.0556810523856722,10.1800768438787,4.44169845100076,0.59505327415701,3.92124381819566,4.50284225927099,0.218975741201585,0.0104721086789628,0.0061687638198362,12.777783261933,45.4648573873727,15,3301.4507526944,58340.0,2,30.0114738822401,1.4827197009962,1208.44356942077,52.451160504811,2533.17899416228,130.541863414764,426.688136349051,0.00397642972591,8.25941773912621,4.93945442638136,0.422234462876339,3.91783380325208,4.65688385950152,0.228580300138586,0.0108415737215131,0.0064948060852888,14.753734033805,45.3994626080068,15
5.28125,30.0089860378207,2.01985520478388,1208.38972523148,54.0424320224224,2533.57704805658,130.72858333803,427.017338222934,0.0571992097174238,10.1398619343648,4.40371847136509,0.591624599623215,3.8935741124909,4.51320435294414,0.218550068808873,0.0104570702125517,0.0061602461599239,12.7788998024168,45.4660411931212,15,3299.41587604843,59050.0,2,30.0111901880966,1.47334000120456,1208.54154114767,52.0684901181448,2532.15965350466,130.604688116264,427.250407484052,0.0040167686373876,8.2079895130228,4.90535858374164,0.419514030741202,3.89612352497925,4.66890586991101,0.2281909615345,0.0108283707418112,0.0064873465509369,14.7607140046009,45.4216702083224,15
5.291666666,30.0093630685371,2.00598548509809,1207.30203182672,53.623294408515,2530.00498763091,130.659617632044,427.154503479067,0.0574323844954217,10.1178553120242,4.35854711799093,0.589093933510204,3.86794570675954,4.52269216652776,0.2183432072236,0.0104500177341145,0.0061572696495641,12.7702410132989,45.4424443681183,15,3295.64015950903,58460.0,2,30.010274862118,1.4644957081422,1208.21583766104,51.6967567083404,2530.20739369575,130.620497110682,427.661125007757,0.0040297262292614,8.17435747601958,4.86573326051093,0.417562176940784,3.87427493065151,4.67930075587364,0.227905697884732,0.0108186653118369,0.0064821030384862,14.754637531918,45.4275390850205,15
5.302083333,30.0073898541082,2.00583295024515,1205.98575330689,53.2992866528871,2525.90959649431,130.563825583737,427.203924568396,0.0584346735548281,10.100979321326,4.31935791942413,0.588907132127499,3.84709452789202,4.5310160952362,0.217997935247241,0.0104378401438655,0.0061492816408053,12.7575322571096,45.4095200633293,15,3291.27893000217,58890.0,2,30.0093165454851,1.4582701842298,1207.46386671655,51.362747191169,2527.31955588676,130.588605748628,427.917406621648,0.0040610068888188,8.15252996660018,4.82428191276056,0.416260550278795,3.85381464591999,4.68856142074813,0.227682456085739,0.0108110233124421,0.0064778548770024,14.7414007110184,45.4168265250346,15
5.3125,30.0049557493816,2.01330821289085,1204.37339853891,52.9960111790526,2521.15882602087,130.434577871707,427.139479150138,0.0599733597314071,10.0962505555023,4.29235759928079,0.591510787785241,3.82758053037645,4.53800471685912,0.217474121029453,0.0104190290877975,0.0061359566983123,12.732115520212,45.3649637179503,15,3286.10044235897,59970.0,2,30.0077476925547,1.45525325433808,1206.39165347634,51.0833320831847,2523.74015260438,130.521179562073,428.052842340198,0.0041038084850961,8.15204343197822,4.78365183083374,0.41650795155248,3.8352840310447,4.69577786267397,0.227533508396031,0.0108057926020713,0.0064747249149793,14.7092684549337,45.3937696885801,15
5.322916666,30.0028177974445,2.02657254448856,1202.0729465112,52.6900273104886,2514.93564322636,130.229799658981,426.821160236701,0.0618411389700719,10.1035963259803,4.28750346071836,0.595972856014287,3.80789890462168,4.54391170421647,0.2168891347964,0.0103977670199091,0.0061202671172634,12.6923609173574,45.2941262978239,15,3279.03277743117,61470.0,2,30.0058283942622,1.45430999403016,1204.8707112079,50.827239603901,2519.20979702019,130.404770840984,428.020153805325,0.0041551615285366,8.17520211957344,4.75074981762246,0.417914626646236,3.81712242007099,4.70085388328594,0.227505751811666,0.0108046012236297,0.0064739374591963,14.6541511168883,45.3536870694576,15
5.333333333,30.0051838542658,2.03065329241998,1199.792050095,52.4415030622096,2508.76604561464,130.02720354409,426.507458092833,0.0621309259489291,10.1040325661576,4.31412595700103,0.598520443911341,3.79149591683498,4.55110144566396,0.216864295745216,0.0103967422133487,0.0061190226477169,12.6602475497842,45.2240056773328,15,3272.06869956458,61400.0,2,30.0050739418915,1.45225828468511,1202.9357788177,50.5849002334045,2513.79452856088,130.242250291281,427.833051072587,0.0041698815909815,8.20201711981176,4.73826360553735,0.418861597771321,3.7997947176655,4.70572517573019,0.227640534027666,0.0108090937558747,0.0064770892597397,14.5957663144129,45.2975534082727,15
5.34375,30.0075630681396,2.035205915343,1198.43340660361,52.2413929423396,2504.57399918129,129.926226973047,426.529968855956,0.0617684895219552,10.0837119173857,4.36122216948903,0.599970288676191,3.77860693161239,4.55979517838739,0.217194302979147,0.0104086266758718,0.0061262988812927,12.6496359015015,45.1891758129603,15,3267.67062777691,60810.0,2,30.005802509328,1.44953545055012,1201.0523536533,50.3614324093311,2508.47878415799,130.084196709907,427.664125646963,0.0041682707320809,8.20891663517806,4.7518931630695,0.418763804598626,3.78454871716102,4.71231771497806,0.227781057060536,0.010813961163463,0.0064806537832691,14.5581610841103,45.2429323953633,15
5.354166666,30.0021924881919,2.06043932805068,1197.83273858607,52.1546650455867,2501.92453979994,129.905288247649,426.810436130716,0.0641966231002648,10.0723938185555,4.41488610180642,0.60619984460916,3.77233495814106,4.56611569014391,0.216751566993006,0.0103922495536229,0.0061123325519136,12.6261939981307,45.182178636328,15,3265.35738483471,63200.0,2,30.0051017317396,1.45166669345055,1199.64115587256,50.199940058791,2504.17387240076,129.978228041108,427.661456578036,0.0042297038428512,8.22044617514662,4.78047326253101,0.420600902505657,3.77246147519594,4.71805988617288,0.227762213145738,0.0108131631289126,0.0064797649255516,14.5151102552842,45.206400690637,15
5.364583333,30.0009997643587,2.10454323868855,1196.08317593517,52.1343531833182,2496.852250854,129.756375768096,426.660611708208,0.0654233130850149,10.0744694784917,4.48266579855683,0.617522114419003,3.76886912179646,4.57200075984981,0.21649543064978,0.0103826051276315,0.0061008971413668,12.591651645276,45.130673339863,15,3259.96308059149,64810.0,2,30.0033310012007,1.45794941941953,1198.36414182037,50.1308484122409,2500.15787417333,129.886231615996,427.693623113013,0.0042610487455564,8.25251884511346,4.82149657505911,0.424538794307769,3.76458295301818,4.72181279743299,0.227843288563462,0.0108156982933208,0.0064805057215639,14.4506785288995,45.1747232662512,15
5.375,29.9835162273261,2.28125344620258,1191.40485704475,52.065929493922,2485.58754638465,129.281551123884,425.409361829379,0.0726561199547774,10.1129183726079,4.66993933685403,0.657247675026725,3.76272062169676,4.57191803566197,0.214714421536173,0.0103164946487559,0.0060374115380872,12.5017744145221,44.9658663619188,15,3246.53633417888,74515.0,2,29.9964323050193,1.48770195883869,1195.92473146262,50.14750885551,2493.77931292152,129.668896965493,427.280665793072,0.004459007655272,8.35190878522515,4.89259479655542,0.438169486657945,3.75759297922545,4.71911812540881,0.227862329574511,0.0108154052063731,0.0064760300342694,14.3126131709592,45.0994875010324,15
5.385416666,29.9956260966805,2.54926422886362,1185.30129222373,52.2981985703147,2471.67337455931,128.646678173402,423.610738900543,0.0673282674214828,10.0797076486393,5.19822883377374,0.720304140665736,3.77217410946609,4.58368529529703,0.216643187083148,0.010385371901046,0.0060540848161094,12.4894068078173,44.7453020341511,15,3229.70668834609,74515.0,2,29.9935228812802,1.52623517096168,1191.65605541108,50.2196161261234,2483.67492753886,129.24633380495,426.168186986118,0.0043268382613557,8.44451181143245,5.12721723229002,0.458400786744071,3.75373200335798,4.71835901548315,0.228647194469389,0.0108421154414468,0.0064885676031446,14.1763321330085,44.9528746830304,15
5.395833333,29.9742463406021,3.0472996389277,1178.70458917483,53.3653721944537,2456.67771507072,127.932127478523,421.513933784072,0.0711886442061191,9.99056082147839,6.01692467332926,0.825300236424098,3.82830101800779,4.59441996574847,0.216306105392496,0.0103715410988159,0.0059932273260262,12.5010059731072,44.4969759475571,15,3212.01803523762,88040.0,2,29.9867542494909,1.61993523613864,1185.76575966719,50.6844302369613,2470.46078595276,128.639238532139,424.413350737568,0.0044293528978143,8.49620335166374,5.65348096042196,0.497289775333168,3.76891705282793,4.72120279618107,0.228881219979886,0.0108497117435765,0.0064813689564335,14.0674369398137,44.742026033309,15
5.40625,29.9722122984158,3.58713250543406,1173.93147814286,55.3273850145563,2445.07740795114,127.381677083514,419.890611488176,0.0701678847813167,9.90525200713451,6.94036258054922,0.940123114323103,3.9415655173956,4.6090216836123,0.215888195924241,0.010355961152749,0.0059304819851238,12.5173672305216,44.3058178252438,15,3199.43578312912,98740.0,2,29.9780353412208,1.75952761745371,1179.53349560133,51.9655404335025,2456.54776478525,127.96772668449,422.380961663021,0.0043567321503282,8.5306327202253,6.46470570819741,0.554704603960074,3.83012220080887,4.72637466808951,0.228881232117049,0.0108493175660248,0.0064633780726283,13.9609098368351,44.5087946410676,15
5.416666666,29.9942297369879,4.15228323001358,1172.76349502606,57.795253020218,2441.5542762359,127.243253450463,419.575306904916,0.0589314937093898,9.71933805593194,7.98315386771622,1.04853241265148,4.08106789125313,4.63531700056412,0.217480373432444,0.0104167160863499,0.0059177200322926,12.6849012567899,44.257956010065,15,3197.39215548572,96850.0,2,29.9837171387458,1.89136577012981,1175.28074691569,53.7874178968125,2446.72906506221,127.492610938596,420.967900526368,0.003964130567895,8.4297897990287,7.42574684661536,0.602639978135636,3.92935099742813,4.74582647764912,0.228826723661132,0.0108483432524397,0.0064468636245515,14.0071786359657,44.3438700088231,15
5.427083333,29.9856666792758,4.78923343152531,1176.23772868753,60.6680704885435,2447.93731930889,127.624440535402,420.895328439595,0.0536304894693311,9.52384629864108,8.99741310841311,1.15895684231613,4.24611529964253,4.65336179880355,0.217204991719708,0.0104094038312829,0.0058574599434039,12.9141009440315,44.3907476324774,15,3208.31522631932,102980.0,2,29.9869580345466,2.0608982859603,1174.85043810513,56.083474000164,2445.256100383,127.443046311921,420.913427865873,0.0037327442293423,8.21475651285271,8.48596551996626,0.653903379125114,4.05749266236986,4.77231533022658,0.227601275739097,0.0108072964925678,0.0064000159438963,14.2070077092921,44.3269205998015,15
5.4375,29.9836412062704,5.45321621338883,1176.73676174218,63.852371926035,2447.81872438514,127.672789723645,421.008659304279,0.0476318893573417,9.41486304099127,9.86904350005225,1.26636638686593,4.43115955845011,4.66110606086403,0.2169561807622,0.0104029790669213,0.0057985220694893,13.1306749634478,44.4075904059601,15,3211.12267311543,107960.0,2,29.985243766046,2.25655427746976,1176.35383356765,58.8623042413007,2447.83230234347,127.604788092742,421.461934261372,0.0034733241883324,8.01389655309492,9.50532489342353,0.710137801089043,4.21612628359448,4.79292830682559,0.226169382197988,0.0107588534064961,0.0063458668243026,14.4526244147021,44.3833820782725,15
5.447916666,29.9798552473887,6.0721076108027,1172.42196950655,67.3139235201311,2437.30689030491,127.182205080972,419.240109184274,0.0428386543359863,9.38452906846026,10.5414761269662,1.35696521151718,4.63299236819318,4.65824354807409,0.216590740109785,0.0103915157322995,0.0057426445352066,13.3060467689439,44.2366573881487,15,3200.77631623874,114455.0,2,29.982379928592,2.47412894102864,1174.88735036714,61.981900952797,2444.0243404399,127.436068921402,420.812035903263,0.0032598983172491,7.8720696854649,10.3925484702474,0.76660367495211,4.39486100148367,4.80385267849051,0.224984208621449,0.0107184695519668,0.0062950514624257,14.6984971046201,44.3246848035633,15
5.458333333,29.988063618237,6.32965215207976,1168.61570125476,71.0459974638241,2427.92852269356,126.749780791805,417.597375563599,0.0379759663776719,9.38499662401175,10.9660139888185,1.39131864196375,4.84831560271552,4.65325972322779,0.216851389207691,0.0104024420521941,0.0057298679615785,13.4525009156686,44.0855033858866,15,3192.01716086508,115340.0,2,29.984593511164,2.62427186275974,1171.53350153058,65.3292028433393,2436.02557177339,127.052832759368,419.369418667502,0.0030808310539931,7.78142320279012,11.0528309830542,0.802558227927586,4.58827911262119,4.80788316796517,0.224324811734096,0.0106961108257678,0.0062640597515146,14.9240033764668,44.1910164124321,15
5.46875,29.9915236928099,6.22587392098071,1166.6381433102,74.7247813531197,2422.56191682094,126.530263042154,416.628184265309,0.0353033292087305,9.42654943274097,11.0078888443946,1.36689806400241,5.05716314598814,4.64337534776724,0.217080078255367,0.0104112859369001,0.0057433897406638,13.5266620941775,44.0078620110073,15,3188.31836310205,115385.0,2,29.9887286779658,2.69235779024045,1168.52534408001,68.6999423322949,2428.70316452464,126.713759312936,418.030215877006,0.0029971415529652,7.73781353404396,11.4036583231428,0.809834938370823,4.78152866881081,4.80613140502631,0.223988575244696,0.0106846696271773,0.0062493574415246,15.0961628893449,44.0722276222572,15
5.479166666,29.993939418494,5.90051938269066,1166.5404088234,78.2190105829732,2421.15473382645,126.520015939614,416.336280949135,0.0340633693357514,9.52093543884188,10.6435534387477,1.30629832710605,5.25462195413141,4.62875383797594,0.217424656969671,0.0104235725767938,0.0057763297481276,13.514373025059,44.0025023766857,15,3189.5797143737,114525.0,2,29.991837152942,2.70054426574171,1167.1135846989,71.9517279274676,2424.64567643432,126.555820150095,417.266807735699,0.0029706588900652,7.76241563828691,11.3540787075669,0.797073717014649,4.96708528408769,4.79697502453597,0.224142732321524,0.010689911246003,0.0062518811755313,15.1750881138504,44.0159255690276,15
5.489583333,30.0127023042293,5.39032529603438,1168.72465972996,81.5288659700334,2425.49878866877,126.799918698303,417.02068725563,0.0313699499866933,9.57084154618472,10.2977144363866,1.21984080385202,5.42627140864892,4.62066572513513,0.218739390313202,0.0104713285415697,0.0058471609088613,13.5458880249582,44.0977359264489,15,3197.75299218685,103810.0,2,30.001686483031,2.62093336151769,1167.4374629003,74.811846818477,2424.47890222887,126.601515577376,417.203728819625,0.0029272980156602,7.76808892872784,11.0696820667156,0.760135211906368,5.12776756399553,4.79055982190748,0.224551713065436,0.0107043579394533,0.0062702583472438,15.2511742177637,44.0300566166602,15
5.5,30.0076539657876,5.03879910986698,1172.90879000694,84.2297254199013,2434.42865212995,127.327673405051,418.51963328595,0.0309270628164304,9.65006506221773,9.96420719399606,1.14876681151208,5.56137541616782,4.6031846718741,0.219171993198644,0.0104861509056918,0.0058860452839992,13.5680705936918,44.2790847719139,15,3211.27016926478,100025.0,2,30.0066249043023,2.57501987690599,1169.81394104417,77.2875893559713,2429.21851067238,126.905288176079,418.013141091343,0.0029276636287352,7.75644800835528,10.7692101198267,0.724928799866233,5.2592060853994,4.7831467472278,0.224575518859591,0.0107053149140684,0.0062762156851152,15.3458351446505,44.1337243673562,15
5.510416666,30.0000823321798,4.78019637434688,1176.28966425156,85.898637262166,2441.39900577944,127.763326361302,419.698580697121,0.0317125771778124,9.81602866263687,9.48536650820747,1.09606492599988,5.6504216616623,4.57617828468773,0.219249593787587,0.0104871894122955,0.0059086533049427,13.5226565120314,44.4284935632746,15,3221.60828093615,100025.0,2,30.003934649017,2.56154964582567,1173.19437136456,79.3130677155583,2436.19379752514,127.333537137256,419.20419766096,0.0029415575828901,7.82392806014176,10.3781437520802,0.704721451929398,5.36643388274948,4.76503177643096,0.224955572035121,0.0107181102619185,0.0062858869063766,15.380426421159,44.2805857554014,15
5.520833333,30.0045385780903,4.5235608772631,1178.30965432311,86.7942835922854,2445.69594171153,128.056558733523,420.425887194834,0.0317588086899454,9.98903947450274,8.94807525115922,1.04771352384476,5.69805955965278,4.55135554690199,0.219685246559297,0.0105012787269021,0.005939784211927,13.4672295098517,44.5286216979511,15,3227.85821043992,96895.0,2,30.0032322349623,2.53013231911434,1175.97435980215,80.5811148686257,2441.91969823081,127.700847785569,420.187552512462,0.0029443601710165,7.94378042163851,9.89454605366961,0.686267418101446,5.43590203136988,4.74225757206296,0.225830630196605,0.0107478916477486,0.0063084512331285,15.3725728032641,44.4063432297061,15
5.53125,30.0017115188374,4.31753696801806,1179.81417296792,87.2736893610852,2449.02101762305,128.295581359738,420.996488131049,0.0328175363005093,10.1584571677948,8.43594042393684,1.0066623249871,5.72314257929248,4.52638603544041,0.219576472724364,0.0104955173319594,0.0059543369352436,13.3970292699664,44.6102179821434,15,3232.50837556874,96695.0,2,30.0028265686271,2.50317385298698,1178.02843379297,81.3074673040047,2446.26753229668,127.995866024596,420.943846512926,0.0029751119194197,8.08200812406008,9.37713298885437,0.670619989314089,5.47537813259798,4.71845460041703,0.226708041474824,0.0107775377979867,0.0063303843412491,15.3414355102997,44.5071795387329,15
5.541666666,30.0176545482084,4.0939658633881,1182.34792627427,87.5897135587896,2455.1335763456,128.666775358289,422.047602335556,0.0314027335021413,10.2486053179847,8.0116031170422,0.966385825570527,5.73183536439716,4.51254546746689,0.220716582202977,0.0105359613392552,0.0060005157521961,13.4090439954746,44.7381204491326,15,3240.39278574123,88005.0,2,30.0083895184249,2.44891476307201,1179.94123724501,81.5629045241225,2450.52415975099,128.278354196001,421.70465070816,0.0029496141920037,8.16132499590225,8.9113027924949,0.650142976351882,5.48971968463502,4.70206041738924,0.227580266833365,0.010807523333589,0.0063559626508069,15.3604273069574,44.6039704128564,15
5.552083333,29.9852946871039,4.1667346282291,1183.76087698065,87.4500748855502,2458.19935725225,128.883016617916,422.578157557605,0.0361453569187594,10.422304225114,7.59048262587819,0.969970239514608,5.72988744305291,4.48305787417755,0.218952076879241,0.010469929101444,0.0059512799503411,13.3037876182605,44.8124773195652,15,3244.26297046015,99695.0,2,30.0007728962882,2.47538352939575,1182.10320042142,81.7977425980394,2455.51687544839,128.599435002613,422.574957304643,0.003056494691846,8.30763410448527,8.44650190767968,0.650719687603591,5.49858253019102,4.67752836635263,0.227973783382506,0.0108200233143898,0.0063605331664483,15.3054721172896,44.7144526786288,15
5.5625,29.9989043840322,4.15969804941535,1180.74165807719,87.0772981303775,2451.85628388944,128.579669479838,421.43792945905,0.0362849688543708,10.5483059937895,7.26310374992422,0.975888374396803,5.7178546660441,4.47030661949438,0.219291954410031,0.0104814931656627,0.005958915278168,13.2109336842333,44.7065364508866,15,3235.79953161509,97880.0,2,29.9965478057876,2.48015208778038,1182.36770531413,81.8141400907155,2456.15010481064,128.681099688889,422.645011371471,0.0030513549393527,8.50940228955489,8.02264865436011,0.658003075363325,5.50344187400814,4.65116801482244,0.229266697900507,0.0108636361515266,0.0063877725701428,15.1731960314961,44.7420181759727,15
5.572916666,30.0088450174684,4.09746558056715,1179.6119622738,86.9785115945441,2450.26053699162,128.506745886846,421.118838794391,0.035883119559235,10.5351656026349,7.01299234675736,0.968337942896599,5.70743631977104,4.47177543184344,0.219817323548314,0.0105006761699237,0.0059768344698271,13.2192873386698,44.681040364179,15,3233.36822692903,93405.0,2,30.0021562419555,2.45580000827837,1180.55218830477,81.512449759733,2452.69178479244,128.52647615827,422.01862978965,0.0030470910296021,8.5668300266523,7.70901322388169,0.653262850370982,5.48878879620508,4.64304150262511,0.229896757615028,0.0108852067723442,0.0064045260421999,15.1444515096455,44.687790460496,15
5.583333333,30.0086576624561,4.06099384971009,1182.79131159462,87.0022339240351,2457.90933254842,128.914010807567,422.407809930176,0.0363445187340032,10.4834733306297,6.83972647285594,0.963155889275317,5.70325870296722,4.47533484186236,0.220072489792461,0.0105101786516568,0.005986334552585,13.2635790945583,44.8227512792162,15,3242.88558756303,90865.0,2,30.0062375528054,2.43606333479827,1181.02719428173,81.321384462479,2454.36176692347,128.628808382555,422.291242482312,0.0030553906393994,8.52858370996909,7.47196690448979,0.646665121789367,5.47701869378003,4.64486138781613,0.22982205052681,0.0108829321231427,0.0064054808231572,15.1879879950348,44.7232027500196,15
5.59375,30.0194561067598,3.93302273171193,1187.08324247036,86.749264594573,2468.2956326723,129.458848520419,424.191865174083,0.0353384737695494,10.388818720133,6.70197616590242,0.945783786765218,5.68016260765453,4.48489539649978,0.221216422018544,0.0105522675839658,0.0060253147030993,13.3696075105181,45.0124404128644,15,3255.59347038345,82870.0,2,30.0117026872619,2.39025909707928,1183.51294084591,80.9872398446188,2460.48100377717,128.956902853953,423.360300195018,0.0030261819534563,8.40833926587512,7.31258725732748,0.63357715889538,5.45789119896837,4.65498949308008,0.229456322093944,0.0108711920032523,0.0064035883289742,15.3109571324221,44.837322806381,15
5.604166666,30.0192049764684,3.78535174237653,1190.24727765977,85.9716971580971,2476.52194396675,129.892377614646,425.657489462732,0.03587948772761,10.2883071803255,6.56871441690258,0.920740668404344,5.62562828380872,4.49279605955993,0.221839606013424,0.010575222796485,0.0060541904789138,13.4887129103499,45.1634989086919,15,3265.09071357801,77725.0,2,30.0159604745316,2.33753358544441,1186.62423518085,80.3506781102812,2468.15454858494,129.364911372809,424.748005057379,0.0030353869841813,8.23246292878116,7.1827522608992,0.615546643201303,5.4208047905725,4.66992467788053,0.228557706666452,0.0108412695708768,0.0063908027168373,15.4947580213012,44.9793496663213,15
5.614583333,29.9727270861324,3.903166932141,1186.97589089614,84.5781018213661,2469.67411689938,129.552956347577,424.55648358146,0.0454168096786402,10.4301184669551,6.3392655186576,0.938094109005233,5.55679885335036,4.472730048365,0.21846446310466,0.0104508578258079,0.0059630120840985,13.3126834091303,45.0460378791175,15,3255.28769056878,96295.0,2,29.9995094962661,2.37107296426435,1188.10127142927,79.7947337679358,2472.24739639224,129.595539577104,425.499279848669,0.0032543481122721,8.29264127731961,6.98615114305577,0.624914494424283,5.38249861361183,4.66088528846664,0.227896388421227,0.0108174707847958,0.0063709949935281,15.4335422952616,45.0598933088554,15
5.625,30.0031482502198,3.76641415949794,1176.74725872298,83.3667643031002,2448.13021054347,128.426223888221,420.892810184119,0.0434197347225154,10.5296631768678,6.18142696950533,0.924309934385319,5.49228492566315,4.47372550397487,0.219118751828269,0.010474412313992,0.0059908523582567,13.1607824141047,44.6550200972459,15,3226.66371580435,89900.0,2,29.9950331381255,2.34310362318938,1183.80038905506,78.9149811520297,2463.41220998678,129.146232557105,424.006379426087,0.0032212939826712,8.47063557356759,6.77258205076137,0.627692905174066,5.33433524882551,4.64648053143394,0.229093338517953,0.0108579241912888,0.0064001421662452,15.2300824832011,44.904261369149,15
5.635416666,30.0120447525753,3.6109240057518,1177.80530785162,82.7724321647413,2451.13381661294,128.589886606567,421.505246582382,0.0425404062862987,10.4738419602717,6.12334464762123,0.893005540364655,5.45358997994317,4.48406168438958,0.219634105860114,0.0104934193117878,0.006018154199058,13.1411672626649,44.712675478059,15,3229.88952397223,85150.0,2,30.0033296470455,2.29410930123015,1179.14911925234,77.9305907910092,2453.97156743944,128.660364452058,422.468962106011,0.0032296048845886,8.48538577328261,6.64838765663651,0.612096218468305,5.27882892683952,4.6499163852652,0.229501047386601,0.0108720627389105,0.0064151495302742,15.1643800923595,44.7359714003076,15
5.645833333,29.9996397524219,3.57273736133023,1183.43976999815,82.2435417721009,2463.51385141733,129.251720618211,423.754101698668,0.0450077893295251,10.4437161935362,6.11278786178421,0.882127477094677,5.42675778612527,4.48745481188418,0.218866153431516,0.0104652943195668,0.0060037916235631,13.0981648866362,44.9435961518328,15,3245.35993624221,88345.0,2,30.0038053679193,2.27469798440986,1180.56044430652,77.2970549006438,2457.42364216192,128.85518082645,423.17872066276,0.0032981996521622,8.47421646381766,6.57249150512041,0.604347529271727,5.242692337437,4.65386694428617,0.229282219171275,0.0108644765892303,0.0064124786351548,15.1115679368071,44.8044310772619,15
5.65625,30.0247793980547,3.42220111595468,1185.99693844276,81.5756653969962,2469.97213263015,129.591344172702,424.983865456115,0.0405769055804971,10.340592637921,6.17584842331247,0.858320897607266,5.3830378782056,4.50361283137969,0.220971901778606,0.0105427050037445,0.0060685513355537,13.1730255707314,45.062418215935,15,3252.88677323599,76320.0,2,30.0103422874414,2.21880293651315,1183.03550117846,76.5481818084647,2463.15643708449,129.166296710513,424.311443437005,0.0031952888413921,8.37919860320639,6.5723865452576,0.589280824568944,5.20399276301689,4.6659799646196,0.229288652380746,0.0108655485994097,0.0064201745875847,15.1541946483825,44.9133173873209,15
5.666666666,30.0165817376876,3.3459512864761,1189.01164389314,80.6133657071392,2477.61247848049,129.996960074748,426.467193027744,0.0412504060668832,10.2110643341894,6.20115955342399,0.840144667312504,5.32080902630805,4.51491222865643,0.221334336536402,0.0105563298686369,0.0060851318586281,13.2831755321785,45.2041119884352,15,3261.67931487878,74130.0,2,30.0154318057174,2.17517963486541,1185.61385303653,75.6292817149108,2469.40253026729,129.50330640754,425.580628443815,0.0032138694392133,8.19565602555864,6.61040806567218,0.57257765133812,5.15339385260621,4.68471160555118,0.228330625430961,0.0108335841814085,0.0064049937516243,15.3028925143786,45.0311283052161,15
5.677083333,29.9979015504837,3.4186662133535,1188.51437700926,79.3582115474474,2477.27376156923,129.989075830603,426.583131456021,0.0446248192812248,10.1958095358892,6.18731347743726,0.853535878833344,5.24954486897003,4.51430828411857,0.220356418347738,0.0105207095089988,0.0060547713892258,13.2796284831569,45.2021174259837,15,3260.19050612891,79230.0,2,30.0095573478495,2.16891790483002,1187.51643367648,74.7576641161409,2474.26915303464,129.77137240726,426.60669266982,0.0032901301777866,8.11580015616983,6.61461946982493,0.571789466289268,5.10150470302618,4.69210861352612,0.227476683940097,0.0108042925449158,0.0063867106156648,15.3565830507629,45.1250168312631,15
5.6875,30.0006795430411,3.49708534304629,1184.55662026769,78.0486877198003,2469.4955645484,129.586065207568,425.397505541383,0.0443249901633451,10.1935929951385,6.24915865402609,0.874643292880238,5.17661633669736,4.51725462904768,0.220481318975158,0.0105254043122549,0.0060500484105381,13.2627723196834,45.0628001769753,15,3249.11043259636,79095.0,2,30.0039330055442,2.16316972261948,1186.92169444418,73.7986670551918,2473.70766082592,129.753127960477,426.67651385147,0.0032911454310312,8.11714207778686,6.62808364879503,0.577006401801237,5.04542492833147,4.69318886020231,0.227420621602406,0.01080230644934,0.0063860332787378,15.3334538271846,45.1194369757263,15
5.697916666,29.9996310508314,3.50442947646344,1181.6960624136,76.8716154956647,2463.99123555261,129.307869647449,424.622453448624,0.0451277841846371,10.1718235226855,6.32043513427021,0.882007076313664,5.11162345403699,4.52162390065104,0.220184035261719,0.0105145444853913,0.0060422771807111,13.251063437938,44.9668585181646,15,3241.09207130709,80345.0,2,30.0017043370669,2.15057966482622,1184.48177231947,72.7723198383473,2469.18075097063,129.525593304842,426.060719774416,0.0033254255759561,8.12160279402264,6.68466003264123,0.579935573293234,4.98615386734067,4.69535700276962,0.227405303362991,0.010801699887865,0.0063870618806035,15.3039215750171,45.0411096503687,15
5.708333333,30.0054192228645,3.42438567109832,1181.90381457869,75.9032919664972,2464.85230311108,129.376693950339,424.987618761432,0.0447901667676943,10.153503069116,6.31403538592176,0.870516322679137,5.05908045188477,4.52668161023816,0.220253591144189,0.0105171020819813,0.006051865342625,13.2397017630811,44.9915164434786,15,3241.51142910864,78595.0,2,30.0025808942113,2.12134908611859,1182.95407467053,71.8006780643471,2466.42763644098,129.398082045307,425.778293522264,0.003335561441799,8.12000677789991,6.72937346243839,0.575767885860253,4.93194738032839,4.69876287569325,0.227444060028509,0.0108030552139912,0.0063914132645164,15.2769204181609,44.9975385770499,15
5.71875,30.0074491609866,3.26883078076928,1182.56180692459,74.9751369424182,2466.60163495977,129.506397598523,425.556967800021,0.0454560160548607,10.1536084876028,6.21173609078861,0.841462497023263,5.0071082689649,4.52876167279083,0.220120271578617,0.0105119711739763,0.006063953131048,13.2189396557938,45.0372390410589,15,3243.17938744978,77090.0,2,30.0048779009012,2.08069466866833,1182.55699706434,70.8776626826196,2465.93774731427,129.400880075798,425.935058735679,0.0033686736744237,8.10779732894932,6.71715701000874,0.564846618417359,4.88137246727681,4.70275737677804,0.227383950879542,0.0108010254315935,0.0063949665300878,15.2627511181575,44.9992038219048,15
5.729166666,30.0066930285894,3.18414388805119,1182.93341481677,74.0479688034738,2467.63678683272,129.608373764859,426.034437682684,0.0462028967450347,10.1847854689453,6.08922944317371,0.821032089376698,4.95478712053871,4.52664041185489,0.22004854590696,0.0105090470234082,0.0060705122500806,13.1794657895646,45.0732548239495,15,3244.00067754335,76330.0,2,30.0060436152856,2.04766962442302,1182.70294893245,69.9975442809012,2466.46811926663,129.470120542654,426.313165660691,0.0034029548635441,8.11738408818176,6.6382536370897,0.553769981400508,4.83285773741543,4.70363792580749,0.227416991756773,0.0108020840071688,0.0063995745990974,15.234292393524,45.0238971882589,15
5.739583333,30.0026952735219,3.14384068869041,1182.44353718327,73.2116726139656,2466.76001407199,129.610555406955,426.17891864829,0.047715347367648,10.2320618933884,6.00988433152197,0.812473749318147,4.90767526680512,4.52210275827963,0.219802437930212,0.0104995780490264,0.0060682897186572,13.1296025740922,45.0745504925503,15,3242.45943631277,77295.0,2,30.0050253103643,2.02614276520983,1182.71667847595,69.1873595427214,2466.65921556033,129.528246368762,426.647854302732,0.0034516262318652,8.15885961421713,6.54333335991215,0.548292922270127,4.78714358050901,4.70056230333307,0.22760224847419,0.0108082033396666,0.0064060163972079,15.1822273816345,45.0446860870331,15
5.75,30.0021306653156,3.16338440212454,1181.20083418318,72.8023039647828,2464.17839039518,129.517749871042,426.008978833579,0.0482614955873501,10.2738164204654,6.01170226141954,0.815732162280015,4.88242165613435,4.51873439116806,0.21989030914266,0.0105024086732607,0.006067887116451,13.0875448515957,45.0428037908615,15,3239.06329577897,77640.0,2,30.003532986023,2.01489767419356,1182.20065878029,68.5487804866764,2465.65959460419,129.524681992222,426.771715798966,0.0034753393264596,8.22096438851788,6.47543567891394,0.546897177316578,4.74989940386155,4.69539072364617,0.227986334787356,0.0108211309721902,0.0064156501147787,15.1157530916304,45.0440018285856,15
5.760416666,30.0025749393405,3.20623246618725,1180.05250004814,72.6823997446296,2461.81789031988,129.429281739159,425.858455295853,0.0483313355349471,10.2797174831772,6.09748345786669,0.825311701497618,4.8721638671846,4.51899415540219,0.220176054993022,0.0105125932152602,0.0060700142022597,13.0776284132599,45.0125531540664,15,3236.13981022629,77655.0,2,30.0029084919145,2.01318446664999,1181.25273277455,68.1901848911986,2463.71773133721,129.466030696897,426.714536867393,0.0034804796135033,8.26505098267438,6.47559946293757,0.548595813179455,4.72707459883898,4.69206808240629,0.228346141463284,0.0108333614639433,0.0064237472741754,15.0691774747392,45.0241427201756,15
5.770833333,30.0028629220587,3.27247502859513,1179.62810916323,72.654302874145,2461.02387957318,129.419868716251,425.974719503136,0.0480890010536558,10.2556576342681,6.2291758336543,0.839549644120489,4.86744385439202,4.52224438452848,0.220498289452699,0.0105243299330787,0.0060708838428557,13.0937501101246,45.009784687737,15,3235.28299838827,77620.0,2,30.0028275216398,2.01774929418534,1180.4366400135,68.0051777262692,2462.07687256081,129.4174796592,426.695046821728,0.0034730048329484,8.27749159829539,6.54116820490708,0.551934826504028,4.7137953511412,4.69194333786957,0.228527941858194,0.0108396214072435,0.0064272607772915,15.0526611927347,45.0077791469213,15
5.78125,29.9779259934412,3.42285365673495,1176.40168145836,72.5166001884751,2453.6391600294,129.073014176402,424.945920233851,0.0547554696713054,10.3301473829005,6.39653667883772,0.869548243680876,4.86527400232082,4.51327559889614,0.218285150077742,0.010442434014667,0.006002483783226,12.9837038978966,44.8897311129408,15,3226.09958039957,90310.0,2,29.9933279703203,2.06265932906226,1179.11217937353,68.1107578831943,2459.2937800819,129.307992912832,426.434041266298,0.0036360254887864,8.37942829262861,6.64605461725918,0.569189850523554,4.71379985891242,4.68298506704692,0.228528074267456,0.0108386593588193,0.0064207503103519,14.9361497539553,44.9702812693677,15
5.791666666,29.9961337881374,3.44688268656836,1169.16877043513,72.3149355160528,2437.86640588173,128.284634079151,422.443634780847,0.0526225316005799,10.3958158247106,6.5466096072645,0.880530015440454,4.85741490348575,4.51402501034806,0.218612346343783,0.010454007765283,0.0060074482347325,12.8943791457891,44.6160982999337,15,3206.02085924463,88540.0,2,29.9911093884074,2.07835861833094,1174.97120462661,68.1394093397119,2450.22666653087,128.868866904776,425.062095622702,0.0035843222872959,8.5202263586019,6.79494849497534,0.581018411185505,4.71398733907048,4.67322970499706,0.229392109444882,0.010867715879989,0.0064375219628258,14.7735864070842,44.8181711440643,15
5.802083333,30.0020531105264,3.42527324468167,1169.52719927799,72.1725761777047,2438.58390441109,128.37090141208,422.823020969906,0.051330983743679,10.3856796479959,6.45154349573751,0.876584896459785,4.85185501259632,4.5186586803928,0.218745160205592,0.010459188578921,0.0060131788060367,12.8837665646976,44.6466204568743,15,3207.09316702923,87200.0,2,29.9964746602506,2.07546750829578,1171.03180351818,67.9887821830393,2441.69128706877,128.460345414851,423.809980451682,0.0035652888027372,8.56538986900633,6.87620752849927,0.580991381757573,4.70590349468227,4.67342079676664,0.229827827317497,0.0108825641231305,0.0064475125240667,14.7062126597425,44.6766395413976,15
5.8125,29.9985457960175,3.53684667966204,1173.23882043048,72.0338222650991,2446.46578085471,128.835414794858,424.433006412304,0.0505973625584525,10.3699807128588,6.39958299725191,0.894769564391755,4.84988762360877,4.5208436797759,0.218645636795229,0.0104561784138971,0.0060006559414437,12.8966922550958,44.808720234592,15,3217.36167374403,88505.0,2,29.9985169549623,2.0870899577256,1171.60520182723,67.8610125150336,2442.82586671123,128.566820445786,424.249121881032,0.0035533421030566,8.57664544919984,6.83254081916281,0.584406020763557,4.70140323575871,4.67525497513128,0.229872599813189,0.0108840500912645,0.0064470359575281,14.6802304917189,44.7142153115622,15
5.822916666,30.0197093233046,3.44298465403742,1175.81987833678,72.2557838335855,2452.46744646258,129.18667981456,425.685671174769,0.0453945358246901,10.2807508097598,6.49318721550199,0.885240777978702,4.85742491857297,4.53320432226331,0.220659725787274,0.0105303187387254,0.0060578153175616,13.0263176591756,44.9312870789335,15,3225.26006002591,78280.0,2,30.0061888365886,2.05411322273565,1173.33753746934,67.6864284707453,2446.59879871738,128.806724405819,425.151454296573,0.0034206033965819,8.4878799141847,6.86978413507247,0.577764586076688,4.69631465093462,4.6862362903366,0.22994361576328,0.0108873219814146,0.0064535332164737,14.7754215424373,44.7981285614523,15
5.833333333,29.99805841595,3.5121379230458,1177.19988074139,72.6341761024836,2455.56665182789,129.392462066376,426.455267369146,0.0486506108472222,10.2574059793673,6.53903136217923,0.891282272584869,4.87322595970397,4.53088116212089,0.219970435835359,0.0105049426389899,0.0060344517012684,13.0861557148029,45.0031637147316,15,3229.68870136651,83380.0,2,30.0060750437903,2.06157857210354,1175.35376873281,67.7890809908344,2451.11905262777,129.086448860501,426.186897939646,0.0034892610723219,8.39867051738701,6.92152813206443,0.575090145790048,4.7009488724847,4.69468010934931,0.229252784704581,0.0108638978604246,0.0064374610396429,14.8886269645176,44.895788889284,15
5.84375,29.9800796160501,3.7744146412115,1172.48484888139,72.9332582133658,2445.01974582006,128.87646584839,424.800249948904,0.0523750125266297,10.3560195925819,6.67939383553239,0.939018685196251,4.89389811250592,4.51882648352707,0.218680535233742,0.0104571926490604,0.0059781301608649,13.0138060485311,44.8241188409717,15,3216.70401566482,93230.0,2,29.9940714685895,2.12780641720154,1175.17246910334,68.2667491718092,2450.78582339199,129.109915429758,426.309943388822,0.0035666013481699,8.47408880588737,6.9780178018356,0.596646406871786,4.72271727739311,4.68589191726481,0.229141933165675,0.010859355355159,0.0064261721529187,14.8446278276894,44.9043622629294,15
5.854166666,30.0014112194102,3.89453902828364,1166.72685658176,73.574275481351,2432.68072214231,128.247127388351,422.773365694855,0.0480658258363195,10.3506289537414,6.97695185234853,0.969280517246232,4.92761058927412,4.52435563589337,0.219977740762713,0.0105048134552783,0.0059972196377552,13.0374225872042,44.6056603222087,15,3201.45600570813,88630.0,2,29.9938962692126,2.15910613979754,1171.2051152468,68.7115100299173,2442.25688343912,128.688569615266,424.954745972051,0.0034447940647705,8.53400274891916,7.15766241909151,0.612838062409667,4.74618333884992,4.6816407928329,0.229809876330971,0.0108822521615641,0.0064373043624866,14.8111513424535,44.7582601102659,15
5.864583333,29.9993528073532,3.97817143536063,1168.84856748822,74.2801757398159,2437.28392195887,128.516673368235,423.715877097224,0.0472978052579006,10.2783998112341,7.23228844643646,0.984821672508535,4.96659498855526,4.53135706859339,0.220107430929292,0.01050991489087,0.0059926970225277,13.1068258337279,44.6997839413851,15,3208.00874969531,89445.0,2,29.9976764654009,2.18543436092678,1168.91829556159,69.2514886951649,2437.47123626062,128.457709635597,424.246841237191,0.0034172180128051,8.49281686542576,7.4120588460187,0.620186124447408,4.77464125215115,4.68741498017222,0.229718287344199,0.0108793879157439,0.0064324099233223,14.8643330276558,44.6783687323176,15
5.875,30.0054469315592,4.01421689039296,1171.62579022222,74.4750865544195,2443.5557030667,128.879836738849,424.962254986914,0.0449244378400554,10.2047051034284,7.47031954952134,0.993637383079099,4.97876782329362,4.53925279592397,0.220721064212807,0.0105328845327651,0.0060041789299967,13.1938698713964,44.8264029592849,15,3216.24380589629,86555.0,2,30.0010388286125,2.19308653121252,1169.94323438909,69.6487293504782,2439.82422028515,128.60668105358,424.79550843577,0.003346501330116,8.41188966689496,7.65757777555957,0.62264001106703,4.79829764769679,4.69626593777149,0.229415317769711,0.0108694922360415,0.0064252801685336,14.9528889740087,44.7305412726751,15
5.885416666,30.0176930774979,3.94189722209976,1174.0181628002,74.5254736487995,2449.53086856443,129.22493351572,426.162644188305,0.0412162187293057,10.0870245027723,7.68653108521746,0.983967943667395,4.97597908079765,4.55094248457999,0.222020012659,0.0105809956049257,0.0060420730521539,13.3524371529541,44.9466035931706,15,3223.80651473297,78865.0,2,30.0079888312189,2.16278699392229,1171.66677916926,69.6617132849606,2443.90986103957,128.849768789406,425.682772607938,0.0032567047109731,8.25788482848387,7.90483247011605,0.61269089439937,4.8020313067673,4.71149314222415,0.228863166416516,0.0108515168824915,0.0064176502351997,15.1245209899108,44.8153450759933,15
5.895833333,29.9683118616958,4.32361398342306,1171.33431924361,74.8483616457176,2443.358910169,128.944467820998,425.229569302387,0.0489531785952662,10.1853480837317,7.74574744840278,1.03916850532411,5.00157067535828,4.5310720115098,0.219044303056443,0.0104717507781262,0.0059367442506386,13.2662466112125,44.8492636444603,15,3216.42366886963,99150.0,2,29.9939431594174,2.26023504980344,1172.58695319733,70.0420733016216,2446.3085027575,129.012438978666,426.231926628982,0.0034278258799701,8.27417894371392,8.06715026072061,0.636775120206417,4.81889360419079,4.7062940917672,0.228019600299837,0.0108217314853224,0.0063863640297398,15.1313846485707,44.8721559580382,15
5.90625,29.9997707421381,4.38504451305974,1161.13675354625,75.520522652787,2421.45932791271,127.811937573101,421.453041820791,0.0438800346804642,10.2510358834699,7.788539352957,1.06192981859261,5.04029223259125,4.52976893686808,0.220090794897918,0.0105103544859957,0.0059556697103727,13.2354585547582,44.4555776240094,15,3188.87787084724,93155.0,2,29.990661250606,2.29575766148379,1168.14818789001,70.6476894245912,2436.79264707328,128.538157909398,424.619088796407,0.0032899256459393,8.38447752075923,8.16410147539573,0.658259147129211,4.85357865364847,4.69501348235991,0.228856540135591,0.0108501798211216,0.0064004829926018,15.0492327715326,44.7074678563671,15
5.916666666,30.0056710711681,4.32251557427609,1162.62301178007,76.4578372909903,2424.94423362648,128.02986465592,422.141348756463,0.0417187551182732,10.2098860966647,7.84334407204645,1.04860009423615,5.08849709352377,4.53255593129957,0.220471929557936,0.0105246885439099,0.0059706886172154,13.2989429183842,44.5314492611871,15,3194.04580902833,90255.0,2,29.998677623978,2.29272320953642,1163.48730090817,71.1706822656002,2427.05141670256,128.048523074527,422.986786206155,0.0032514038388023,8.36568711460641,8.24173772697936,0.654267705492527,4.88164771243175,4.69721966953684,0.228975460765737,0.010854515556384,0.0064037984090967,15.0919734875827,44.537335402016,15
5.927083333,30.0057088340862,4.23643040593453,1169.41858360606,77.3975484117956,2439.60961505383,128.849869491519,424.807721288779,0.0406653934248175,10.1928170996128,7.88815794614716,1.0301008328728,5.1403634638276,4.53068671422695,0.220769105421677,0.0105355642527932,0.00598558904117,13.3595390857718,44.8165931942595,15,3213.67494828468,88325.0,2,30.0029549897803,2.28404927212391,1165.58450528319,71.8553403691861,2431.70013356035,128.328670481285,423.894547223373,0.0032225398777765,8.31437163340971,8.30578540954666,0.646269629570596,4.92051129016558,4.70016142354958,0.228756018010377,0.0108472810925168,0.0064002980718901,15.1722609672233,44.6348316243053,15
5.9375,30.0303341756048,3.92379568766238,1173.9645835952,77.8004316667774,2450.32734453438,129.456789039861,426.81031325853,0.0361262706714841,10.1117728786204,7.91450462775155,0.977498536760247,5.15191934288257,4.53792448516934,0.222886063696406,0.0106128528138014,0.0060644164730713,13.5276920799546,45.0274548154497,15,3227.54018768264,74400.0,2,30.0131033863283,2.21035576473186,1169.21875097698,72.1737296032915,2439.77214273867,128.793041850958,425.45747143074,0.0031231540718388,8.17155850024246,8.36694311854106,0.619280640778446,4.94143533628373,4.71119520801544,0.228457140999463,0.0108380952854168,0.0064035893816969,15.3621257241232,44.7962546550954,15
5.947916666,29.9665671328646,4.18816661660763,1172.20259695511,77.8816512468704,2446.12452290946,129.303603360399,426.241879313839,0.0466117041947405,10.309159402114,7.7858133953689,1.00438550409718,5.16244410495622,4.5031914503316,0.21939120622123,0.0104834889683491,0.0059564168195307,13.3763162480575,44.9739444937655,15,3222.54614870958,98085.0,2,29.9982008744905,2.28854542682669,1171.95385684928,72.6539371305058,2446.03283380035,129.179440546691,426.692422458766,0.0033525993048668,8.23599257837513,8.32117995957897,0.630463313963029,4.9617789613748,4.69709355275308,0.227764666841027,0.0108131371754537,0.0063776606166363,15.3578791691161,44.9304608250468,15
5.958333333,30.0014875061429,4.13926375158729,1160.66378290719,78.3138522531065,2421.22691161151,128.024720580532,421.947261552222,0.0425333887388345,10.4806013173175,7.68695348748137,1.00755456650904,5.18688817340455,4.49116340429827,0.220755124912847,0.0105325836469553,0.0059917951733157,13.2612467838449,44.5290223176828,15,3191.02916341668,90805.0,2,29.992486542813,2.30295368406889,1168.14174248926,73.1653526244029,2437.72462877374,128.790969660515,425.305974370427,0.0032439322931848,8.45864595991902,8.21975347225898,0.644464620824414,4.989981286581,4.67137667715555,0.229332019512355,0.0108662052533085,0.0064100241283945,15.1981627775208,44.7952016140936,15
5.96875,29.9964993850868,4.06461515672543,1160.2321234665,79.0583418215495,2420.24472091713,128.01681394349,421.864515514556,0.0435537207314362,10.5408638027269,7.52004956558571,0.988245231458031,5.2270018899226,4.4825870661764,0.220254650937207,0.0105138228761974,0.0059867738842638,13.207710946748,44.5261941216062,15,3190.45703233863,93230.0,2,29.9960821093613,2.30855662141099,1162.40994282672,73.5982574642891,2425.52428109898,128.186886790142,423.246549185926,0.0032874853734695,8.57135583426483,8.10835636476702,0.641475572896012,5.01074933021278,4.65864124422355,0.230012270492185,0.0108890218798366,0.0064239771536269,15.1231100554062,44.5849748109624,15
5.979166666,30.0081026338796,3.91773953590753,1166.70409651784,79.8672709691141,2434.00286973662,128.791888531238,424.371933434776,0.0417435088704716,10.5702781403242,7.30552595429714,0.960409997227633,5.27369159530207,4.47957969067137,0.220922927775302,0.0105381059393949,0.0060161539150325,13.2000464830405,44.7957185341171,15,3208.90033329278,88415.0,2,30.0009226480872,2.28851161184629,1163.58080948136,74.1691184136305,2427.89823504734,128.356845836004,423.754864905914,0.0032438407529779,8.62609535875965,7.94100872795155,0.632092216898395,5.0443227413527,4.65146626312712,0.230559619417789,0.0109077006816491,0.0064384885282348,15.0917802976857,44.6440094418567,15
5.989583333,30.0170247887446,3.73444177807041,1170.84091606045,80.2453613197059,2443.48809456701,129.336501322147,426.153512995537,0.0401019007071692,10.5477442869139,7.10722284709576,0.924426301405238,5.28699447018611,4.47997138497171,0.221981764929607,0.010576606194795,0.0060584499156931,13.2669767225361,44.9850416621813,15,3221.28707094527,81485.0,2,30.0084360295377,2.24622701594074,1166.84599326169,74.4743425224606,2434.99575674296,128.775661502413,425.132961695523,0.0032021908320749,8.57788275353807,7.76442570689306,0.613370188741879,5.06336466661588,4.65366384912465,0.230644806083423,0.0109110956670339,0.0064459791579144,15.1675366429404,44.7895872309346,15
6.0,30.0166017185866,3.52877401304245,1173.47254686468,79.9813309008782,2449.97777667342,129.72714445824,427.455101399557,0.040516529310605,10.5429190444217,6.93105476381461,0.88374868467658,5.26370442315355,4.47643947924615,0.222657876676092,0.0106006029109954,0.0060939379904847,13.3362170066387,45.1207889257117,15,3229.30101691686,76940.0,2,30.0130810085864,2.2007237404201,1169.99274006022,74.4120003366171,2442.14236043353,129.198527555906,426.561588745976,0.0032069373271578,8.48773875219233,7.5940209600682,0.593090236031046,5.05990583433722,4.65834093870992,0.230309797384322,0.010900168731631,0.0064445810434472,15.2985745153611,44.9365482532341,15
6.010416666,30.0061137401166,3.4317349549855,1173.85465649959,79.2258364657309,2451.3957821746,129.855444388374,427.903804110839,0.0432464555052214,10.6143465885963,6.77735717014846,0.861087454959722,5.21757266192352,4.4644004904626,0.222617108817099,0.0105980194954212,0.0061013864971577,13.3284474979736,45.1653392665855,15,3230.55064717929,77670.0,2,30.0113639845821,2.17402387890332,1172.13964737335,74.0343651170971,2447.24512288911,129.520197862871,427.660272674237,0.0032640726774418,8.46238144950731,7.42097579041885,0.580162331516435,5.03700243471401,4.65564188637814,0.230065474724103,0.0108918421310084,0.0064423889015715,15.3768830049889,45.0483128599604,15
6.020833333,30.0009478824118,3.39901617353269,1171.92856720656,77.3268256240563,2447.9395250035,129.727043411788,427.517061530819,0.0455034857958875,10.7165544072007,6.71815940799371,0.857045774877227,5.11721838451472,4.45184317784113,0.222637430530713,0.0105976021831759,0.0061038157250836,13.2711354038521,45.1207418560383,15,3224.66982347457,78895.0,2,30.0065698099843,2.1561385257085,1172.57536851758,73.2399448519831,2448.68551145298,129.652017754561,428.123354695425,0.003317699651245,8.52769796773549,7.27402259567885,0.576208956814749,4.99174427181099,4.64486692497406,0.230363594893463,0.0109016863225621,0.0064507607710813,15.3658086468028,45.0941113815353,15
6.03125,29.977406307985,3.52902371942923,1166.42938775436,75.6132679251895,2436.19668502193,129.156732702479,425.654457972137,0.0523482414162311,10.8908213278229,6.73313326845094,0.883610231805472,5.03426843060667,4.43209405737372,0.220538937532987,0.0105197770119013,0.0060400238141649,13.0832828437094,44.9226483523976,15,3208.47988479637,91405.0,2,29.9941146470359,2.17094417822585,1170.51583057304,71.9906908085596,2444.7786407321,129.506146743393,427.626512607936,0.0035073580012671,8.74968909106148,7.18116420445874,0.588517406065468,4.92159213510515,4.62077920721287,0.231017285347007,0.0109225828280754,0.0064618766267404,15.1786000608616,45.0434724154192,15
6.041666666,30.0007342931778,3.58977959444189,1158.65868076495,75.1794767612283,2419.74433562764,128.307314460471,422.887751247516,0.0489710758725981,10.9421492444734,6.896516669141,0.90251398594328,5.01180224264598,4.433900232187,0.221501780651377,0.0105547693798587,0.0060565513431923,12.9944599227105,44.6276143958044,15,3187.05387994321,87360.0,2,29.9930613250563,2.16763013361508,1165.32615690126,71.0939692399393,2433.86181183533,128.973448721722,425.856234750101,0.0034438165495392,8.95674866543731,7.20038902259904,0.598444412670277,4.87327099012676,4.6029285652835,0.232423972692398,0.0109698924189888,0.0064927572016658,14.9716778385076,44.8584656546396,15
6.052083333,29.9946748367208,3.73715055103945,1156.56798792044,75.3134413751525,2415.50537757262,128.099821005824,422.24820511238,0.0494026550992239,10.8914171400755,7.18551904750502,0.92829149464654,5.01974498799714,4.43963376436672,0.221199622373842,0.0105439515685413,0.0060353265255364,12.9782489988238,44.5558858421375,15,3181.71803912141,91075.0,2,29.9953917626972,2.18997139607458,1160.00913488396,70.7062881854902,2422.80736624554,128.415358967284,424.034736660936,0.0034719248191846,9.02639564252336,7.35853198237717,0.607711956739538,4.84996471322822,4.59927895767923,0.23286140470511,0.0109845062769015,0.0064994164732419,14.8683782897367,44.6647164334446,15
6.0625,29.9994859272656,3.87898417599806,1161.69588856215,75.8780942901407,2426.44947221994,128.696736224244,424.249518777219,0.0469875256913144,10.809222953149,7.62005253003706,0.957675154883689,5.05749519508395,4.45002776497052,0.221726164698244,0.0105637164962213,0.0060346273051895,13.0150095974037,44.7639646898656,15,3196.30025607267,90650.0,2,29.9969157553312,2.21600797015269,1159.7994389373,70.86196933065,2422.53538129616,128.41993420472,424.071166515124,0.0034050901854368,9.02005948288635,7.65192994455931,0.619676577880903,4.86021483163247,4.60277132432458,0.232993930669148,0.0109891531550812,0.0064993258032783,14.8283575737855,44.6667419017966,15
6.072916666,30.0473107241944,3.54950446130145,1167.6582901329,75.653854581292,2440.635556324,129.463448113653,426.87245955828,0.0369025811754913,10.5624481943273,7.98541404802555,0.911028586854218,5.03620078850196,4.48136900105837,0.225693500304149,0.0107088475508619,0.0061607320293524,13.2982014408276,45.0308280016432,15,3213.98582753382,67740.0,2,30.0143882375972,2.12533833534945,1162.52599449931,70.622355960412,2428.74951544031,128.762765185173,425.314481486285,0.0031753959715979,8.77052790682956,8.03242737031475,0.595047941846817,4.85479797192532,4.63018250815291,0.232826773104721,0.0109853470616622,0.0065087148223369,15.0589104503294,44.7862851640318,15
6.083333333,30.0222360260713,3.3666764263275,1173.19221761064,74.3039329431245,2453.84139350751,130.214638142337,429.472423056392,0.0396702174286469,10.4043294834085,8.05406306705163,0.864767212994551,4.95503724986005,4.48887654978823,0.225488802881951,0.0107012775434089,0.0061744006003861,13.5110951842857,45.2920379945316,15,3229.7374824409,68305.0,2,30.0233916608822,2.06475453715908,1166.82470520102,69.7753496721411,2438.72397908556,129.322136769903,427.333321493103,0.0032400931905534,8.44288146971871,8.29927044324052,0.565111683922352,4.81286567159339,4.66061335261008,0.230985642307799,0.0109239771657004,0.006476673744295,15.3997180803093,44.9809308791136,15
6.09375,30.0108041637758,3.26030598259395,1174.25442858363,72.5974825725213,2456.79544751972,130.442904151438,430.317306613712,0.0414721978894033,10.4601682371367,7.9807004879497,0.843738639433061,4.86015057572858,4.47841920827305,0.225542404328907,0.0107021600657942,0.0061854140607856,13.5510767003383,45.3713281293641,15,3232.33417317779,68380.0,2,30.0191811429734,2.02523270698377,1170.54229227783,68.6919104954546,2447.41268225848,129.83711271337,429.169819867138,0.0032818264991217,8.29790051889826,8.40136571494168,0.551870747160652,4.75437262717878,4.67053470167115,0.229856218588356,0.0108857833204172,0.0064567307387647,15.589658121467,45.1600357766047,15
6.104166666,30.0097115274814,3.09403410412372,1172.99168328287,70.8635401327889,2454.48882746634,130.40234634976,430.268671434816,0.0423422314659416,10.5846125208373,7.79883874050372,0.813740915871662,4.76415838128628,4.46352791297138,0.226064097943655,0.0107193748713854,0.0062132187127028,13.5328340779899,45.3570823779082,15,3228.27911328337,66695.0,2,30.0145470896949,1.97513006177827,1172.10240471654,67.3786440738813,2451.25168731611,130.111545812112,430.193907444022,0.0033182312234337,8.28489334977627,8.38702440222646,0.539090347119516,4.68302115783731,4.66791207433661,0.229737206448836,0.010881699918654,0.0064601541062523,15.6745381240274,45.2554118948963,15
6.114583333,30.0093371169243,3.00223633503375,1171.38496949664,69.188647045611,2451.30948993831,130.323095109099,430.094875722766,0.0428013397763351,10.7183181062193,7.61809000214747,0.792710070117517,4.67144742043778,4.44726603514808,0.22667485166507,0.0107400063315507,0.0062358413796403,13.4986280198981,45.3293408725824,15,3223.22281363875,65375.0,2,30.0119806164032,1.93003898906413,1172.09833972633,65.9542415013103,2451.51452385365,130.209118354827,430.628502106053,0.0033551401894763,8.34510119458664,8.27447124805103,0.526554938004754,4.60543268937488,4.65852312815923,0.230171327526538,0.0108963087435844,0.0064750933256106,15.6994491086659,45.2892202860281,15
6.125,30.0184564027343,2.742984586683,1170.698032711,67.5786604300039,2450.04500363277,130.352151479738,430.299276237834,0.0422668829211139,10.8209991698282,7.40729275814791,0.744902273556739,4.58217833948973,4.43539814864177,0.22783694175281,0.0107801187807295,0.0062893120947595,13.4939390454202,45.3391821605858,15,3220.73422998894,60210.0,2,30.0132672819494,1.86705870708381,1171.52602969196,64.470307309486,2450.39766305322,130.240267767122,430.859879338122,0.0033725124375687,8.39684863935362,8.14427196320815,0.509807410244328,4.52600414727015,4.65008477208044,0.230771287558602,0.0109167613811993,0.0064962323670264,15.7346355185471,45.2998722508715,15
6.135416666,30.0126032859858,2.66882118140795,1170.30303738102,65.9064655636108,2449.20687631557,130.416423834037,430.635845857396,0.0439746193986141,10.9403204297445,7.04968098483414,0.720035251115838,4.49029551329638,4.41869707124883,0.228146206254253,0.010790115279649,0.0063035568396022,13.4583656196268,45.361227876128,15,3218.87240762082,60210.0,2,30.0140452673849,1.82227117709888,1171.04735661782,62.9905638179256,2449.30759387004,130.284575304518,431.146997121461,0.0034377374353371,8.46431273960856,7.93412781901941,0.494330468298893,4.44651667413725,4.63954807953035,0.231261893819518,0.010933245622619,0.0065124690330596,15.7522991755631,45.3150306837673,15
6.145833333,30.0170138231552,2.52299548929983,1169.90740903715,64.1945718570288,2448.36635950954,130.479459677553,430.98599037534,0.044004017017218,11.0410413261967,6.6222656919787,0.694149519109095,4.39734332781276,4.4059147261095,0.22876435983588,0.0108116423850867,0.0063335730550233,13.439156697848,45.3829091257441,15,3216.98752468676,56985.0,2,30.0145450060211,1.77466149731231,1170.60173500141,61.5047120631576,2448.20721786778,130.333973205666,431.459347412208,0.0034664673083024,8.54093232463931,7.642750399222,0.48321402302133,4.36680223289509,4.62787533446879,0.231880818286749,0.0109541291161743,0.0065320266935414,15.7572638967533,45.3319495823638,15
6.15625,30.0146124386337,2.39173574664928,1169.52964257939,62.4681686811014,2447.3627068926,130.542756265554,431.36024739665,0.0458348183453868,11.1484691815127,6.14839906950767,0.664636304367683,4.30395338275385,4.39218077373874,0.228765321213154,0.0108111502759907,0.0063476519614472,13.4001882732461,45.4047231235926,15,3215.00118370417,56100.0,2,30.0150060749322,1.72749337611073,1170.20326825737,60.0063915419434,2447.09039002225,130.388722312434,431.806776974144,0.0035348007279401,8.61713848391894,7.28527587336757,0.470611697828509,4.28678302586488,4.61659756242154,0.232389063202792,0.0109711459549233,0.0065490171778517,15.756598010534,45.3507424308804,15
6.166666666,30.0151364781755,2.29285383680681,1169.03693985876,60.7944436907302,2445.96154332989,130.588251087719,431.696656982098,0.0467626530838654,11.2572536224427,5.71440579662922,0.642412826175013,4.21359323679994,4.3796086048482,0.228788913060103,0.0108120108889804,0.0063593614190906,13.3505992036432,45.4204342279102,15,3212.62370188283,54490.0,2,30.014953647533,1.68434876330752,1169.79396289417,58.5324057635198,2445.81524492266,130.441513205242,432.161121522766,0.0035878640148303,8.70863399460931,6.8864476300761,0.459744761295484,4.20783180950334,4.60432621146512,0.232955321926562,0.0109900619497683,0.0065667770202578,15.7338765765176,45.3688949983362,15
6.177083333,30.0151009129918,2.20715013924671,1168.5121690189,59.1845368791521,2444.39796169215,130.624613453682,432.029445068069,0.0477113015844545,11.3427381479429,5.35590532997454,0.624083299564642,4.12681779885939,4.37007738671539,0.228746671143287,0.0108107365265721,0.0063682995598217,13.3091982095821,45.4330606456775,15,3210.13634006823,53135.0,2,30.0150137505542,1.64374407823238,1169.34639769767,57.0968760983512,2444.33974558268,130.486939268421,432.510892295903,0.0036427411782791,8.79552182227353,6.49958568512261,0.450297711913243,4.13105114563841,4.59321213391853,0.233496671324093,0.0110081458677386,0.0065837284972786,15.7064666726787,45.3845490766917,15
6.1875,30.0039083183539,2.15334575571582,1167.02535964498,57.7288301317756,2440.57366936198,130.543788358691,431.981750893823,0.0529373061469132,11.4641906624924,4.98576354973772,0.613557184407388,4.04700919253477,4.35681807972364,0.227156059243036,0.0107542351105705,0.0063365548403721,13.2063420356761,45.4050555145703,15,3204.94384042936,56735.0,2,30.0121474834817,1.6120891114837,1168.67264578579,55.7661830617855,2442.30647188133,130.507349872355,432.776092396264,0.00378328990045,8.93455905181257,6.1111559896637,0.444891295061492,4.05724456160014,4.57802308835094,0.233992911855781,0.0110242340559304,0.0065980453252531,15.6161697433175,45.3915931924156,15
6.197916666,30.0111138867808,2.11317061221627,1164.66660249855,56.4601141849027,2434.85257449039,130.35684121881,431.60155712831,0.052260742074539,11.5634889015293,4.70154929673493,0.606154979060283,3.97619568329558,4.35033600599117,0.226876980376293,0.0107452451608521,0.0063356781039615,13.1144531820876,45.3402568915577,15,3197.45845980939,54380.0,2,30.0103679663169,1.58157279607868,1167.41252187968,54.5474384226417,2438.91048447144,130.455952058825,432.812639472394,0.0038096804141964,9.09152983477302,5.7375830364063,0.439881446023097,3.98847636454249,4.5628012354815,0.234783938961325,0.0110504285637215,0.0066190160330111,15.4938884479994,45.3737718616149,15
6.208333333,30.0064592243737,2.1024263248782,1162.54266435943,55.335866625751,2429.61814061178,130.189698034372,431.312850049667,0.0548188181774483,11.6061274436074,4.55261563561523,0.604913543059337,3.9132307057564,4.3481272692256,0.226121968836813,0.0107187294805244,0.0063192366199255,13.0465385047123,45.2824072817745,15,3190.71122022208,55930.0,2,30.009498413652,1.55767049142449,1165.64365248715,53.4349349905604,2434.38302764071,130.340349196793,432.65887084792,0.0039018692458112,9.21688163037394,5.44075803500066,0.436417041502371,3.92516736836691,4.5519023725138,0.235373965596956,0.0110698803131423,0.0066347277071407,15.3842695544537,45.3337135376639,15
6.21875,30.0055179786328,2.08538668211454,1161.53648113646,54.4300365906739,2426.62432803846,130.139904373978,431.426863891397,0.0565960324549713,11.6355074421031,4.46750740832892,0.604551010154279,3.86274830545261,4.34936173504813,0.225421643631162,0.0106940679299662,0.0063047571314638,12.9720612476419,45.2654096600009,15,3187.06726776823,56715.0,2,30.0078973205132,1.53741151217248,1164.02691028339,52.4785894675803,2430.13592023556,130.236461932037,432.554128813754,0.0039740426017181,9.33766879934386,5.21868712543361,0.43482154775952,3.8694037901927,4.54286425097003,0.235867958852958,0.0110860471270456,0.0066478136033829,15.2581496355474,45.2978145335993,15
6.229166666,30.0035715933397,2.0847885136801,1159.72971930002,53.6784356541719,2421.86253435937,129.992735561488,431.233550872746,0.0587049069481484,11.6453116824191,4.40818022881319,0.606181107240784,3.8196795266051,4.35359142655313,0.224630652538557,0.0106661420136611,0.0062862432194723,12.8959781011418,45.2145535221133,15,3181.28364695244,58120.0,2,30.0063061908693,1.52172565148691,1162.48835320873,51.6752747510073,2425.9950150529,130.134718794048,432.470100580989,0.0040500419071684,9.44379695094143,5.05982818546316,0.433841150515207,3.82151766265462,4.5367308333847,0.236264492503545,0.0110989512104629,0.0066581745332221,15.125197260234,45.2627148197414,15
6.239583333,30.0066535644558,2.06600512334748,1158.13160216271,53.0676096501628,2417.49885987107,129.864066306972,431.118483104222,0.0589919800825981,11.6239916810741,4.36652565392761,0.604494210561604,3.78428379106128,4.36263514731041,0.224337062474231,0.0106560679939651,0.0062818113520197,12.8398699536098,45.1701383665281,15,3176.13806959625,57610.0,2,30.0059020480696,1.50671481210206,1160.80445797515,50.9996857644282,2421.48616293117,130.008846102754,432.325487959143,0.0040811547696438,9.51503692920438,4.94922703385445,0.432401210346696,3.78087922829142,4.53529929210876,0.236596180885488,0.0111098720466761,0.0066672509648953,15.0077787722984,45.2192508681945,15
6.25,30.0034571137518,2.06516108891881,1157.40951160897,52.5910610797106,2414.8833987227,129.829735966289,431.327609272329,0.0611727816110946,11.5893580333672,4.33050621799727,0.604689990251948,3.7567338104529,4.37253118170108,0.223521465550765,0.0106273174098496,0.0062628217539537,12.7848170960031,45.1585545683517,15,3173.39990341376,59220.0,2,30.0053866733402,1.49645141150159,1159.38366233941,50.449188790851,2417.47436591329,129.906814395146,432.276435320658,0.0041511931845007,9.55852413762246,4.86917694254502,0.431340380176529,3.74724729579666,4.5374718665256,0.236686305704688,0.0111126662258729,0.0066703208797969,14.901794396024,45.1840989103033,15
6.260416666,30.0021936512241,2.07024517072992,1156.28482001327,52.2461712071424,2411.34902778558,129.745375682579,431.372927313973,0.0629308638961006,11.5575595798144,4.29452151195102,0.607294198541453,3.73579916208424,4.38319532539807,0.222635344944502,0.0105960621302388,0.0062416019995555,12.7237032289965,45.129597696251,15,3169.5959397741,60525.0,2,30.0041444182818,1.49026601002511,1158.21716605744,50.0325377303339,2413.9447406089,129.82876788195,432.314391463334,0.0042077170492328,9.59570021955329,4.80412199770205,0.431745966586522,3.72053111416717,4.54113639226883,0.23666633462494,0.011111725831736,0.0066703721190097,14.7889755799724,45.1573201794014,15
6.270833333,30.0116966476377,2.03947062110592,1155.42561801268,51.9294061855006,2408.43340388128,129.692761202522,431.536720062058,0.0600821014099455,11.4900409795692,4.27505776344471,0.601534855796791,3.71669203948268,4.39898931663639,0.223236351885171,0.0106181506724764,0.0062601846502805,12.7116128336245,45.1116493643943,15,3166.59716903132,57145.0,2,30.005832281523,1.47888420673678,1157.07174831475,49.6738859131136,2410.39326439471,129.746777502165,432.360596999043,0.0041551228857354,9.58090908703185,4.76125789637801,0.429123289356056,3.69887905972048,4.5503606098249,0.236767259963798,0.011115320270909,0.006674349251493,14.725378805373,45.1291634974206,15
6.28125,30.008887160811,2.02282949388983,1155.70625500096,51.5884313822385,2407.89036830654,129.770607602634,432.144765536418,0.0608414511852095,11.4084180850876,4.24993110517754,0.596174934501341,3.69745354848176,4.41341067534448,0.223075644118636,0.0106129525632102,0.0062587479145499,12.7175605599181,45.1390596116561,15,3166.67961558033,57285.0,2,30.0077390243651,1.46958981438992,1156.38553173053,49.3370089167066,2407.77905398106,129.714538980364,432.591542001392,0.0041825820944491,9.52152946240365,4.7325061732033,0.425711610275406,3.67989983428337,4.56350531316089,0.236555366015507,0.0111084488305774,0.0066711200863679,14.7088589601314,45.1182874140039,15
6.291666666,30.0032838393021,2.02711223518185,1155.14449236722,51.2803296017986,2405.48448878638,129.750408032878,432.420198222996,0.063291659923345,11.3644852689132,4.20855069822579,0.597283585372587,3.67917254092163,4.42394479429276,0.222055151694712,0.0105769581121289,0.0062344328454374,12.692168963652,45.1324030751607,15,3164.40924006482,59130.0,2,30.0067428220991,1.465623694197,1155.98425027992,49.0565186428681,2405.75384749822,129.715388442296,432.930400709775,0.0042463722893306,9.48238013409285,4.69543031420769,0.425233516103138,3.6628975831107,4.5745238508646,0.236121135223381,0.0110937856073455,0.0066618818271856,14.6734935313066,45.118935232228,15
6.302083333,30.0020502746486,2.03826084789431,1153.26650988635,51.0475526120209,2400.2810060186,129.578748587317,432.183251674654,0.0646592191533532,11.3432732250732,4.17162371942768,0.60089763795177,3.66372550961443,4.43329549967214,0.221248830707788,0.0105484925360376,0.0062144465539262,12.6515089553812,45.0730921452347,15,3158.57262069313,60105.0,2,30.0047974507432,1.46403183688562,1155.163907438,48.830410923098,2402.82587725975,129.668172197567,433.10278642454,0.0042864154696872,9.47121524395859,4.65254610202128,0.426167451027909,3.64760198602636,4.58313233611653,0.235812555367762,0.0110832492476171,0.0066550325608516,14.6138731014435,45.1028928689079,15
6.3125,30.0094257292316,2.02367752546014,1151.71188259483,50.8372899573001,2395.83238908219,129.445628400957,432.079970618494,0.0622325104159763,11.2965876480237,4.16056560044044,0.59854946227241,3.6499275960344,4.44608567408676,0.221787489474901,0.0105682156528799,0.0062295240032501,12.6486630502323,45.0271521119222,15,3153.70073457427,57440.0,2,30.0055386055702,1.45807547554009,1153.84680513462,48.6120238229468,2398.82620059352,129.561812546698,433.085375183853,0.0042386252350915,9.43950757136725,4.62269920129008,0.424804694131053,3.63372430606517,4.59381747366066,0.23576753842067,0.0110819467235114,0.0066550536216356,14.5832029233774,45.0662729361768,15
6.322916666,30.0060971529815,2.02460545441303,1151.60011612461,50.6335333754024,2394.39548508103,129.476537353088,432.528548428404,0.0632018473772044,11.240283395656,4.17171169783741,0.597743154979663,3.63788727190134,4.45728107490883,0.22167907178216,0.0105645595209622,0.0062269601834718,12.6555135393336,45.0382396757686,15,3152.75434502872,58065.0,2,30.0064129654883,1.45433933084783,1152.82990562941,48.4029628201722,2395.45817403949,129.489109386211,433.187080441412,0.0042681619204188,9.38832508199391,4.60904915763154,0.423320801648213,3.62119100233332,4.60582592806724,0.235546460707529,0.0110746905605635,0.0066508086439988,14.5789444949599,45.0413383254399,15
6.333333333,30.0053663796447,2.02717514799545,1151.07874810919,50.443262348655,2392.07020509371,129.459752113761,432.81544960124,0.0635714887437616,11.2000989889328,4.20642168750099,0.599061906891237,3.62627620391075,4.46727840686923,0.221600793634995,0.010561790961243,0.0062247763616198,12.6524894134681,45.0327127235254,15,3150.67509749256,58160.0,2,30.0060692865455,1.45195125229081,1152.17058596465,48.2261279049683,2392.84217559065,129.457356642896,433.422934364777,0.0042807903369701,9.3477547130944,4.6108410533098,0.423174985938761,3.61018070719545,4.61645689277142,0.235291219550276,0.011066178083881,0.0066455126525736,14.5684965482252,45.0306368710502,15
6.34375,30.0068493032874,2.02986955809358,1150.21160975394,50.2496338015586,2389.0401082156,129.40396065523,432.97402755652,0.0629056200426268,11.1560686013635,4.25912567167692,0.600049609870549,3.61432585545837,4.47774300517906,0.221963738390231,0.0105747446725873,0.0062330348595693,12.6581864589008,45.0135760574532,15,3147.66968703023,57410.0,2,30.0061482195192,1.44883639670721,1151.46012444235,48.0543309902569,2390.11143017589,129.419149879227,433.639274417576,0.0042690076648593,9.30482461947007,4.63388300196256,0.422638416160556,3.59972615322471,4.6270988399318,0.235140668809829,0.0110612873468055,0.0066427564474175,14.5656265388267,45.0176613754881,15
6.354166666,29.9972528356947,2.06717174412273,1148.70795117281,50.1302029457165,2384.60119267614,129.272390625913,432.869451089017,0.0670878917901697,11.1397594872626,4.31429569965059,0.608888964574099,3.6057161189957,4.48370580583351,0.220986771836353,0.0105394363926294,0.0062049344999164,12.6281690133372,44.968091112618,15,3142.91195971666,61350.0,2,30.0038023534269,1.45335462312956,1150.5411187945,47.9298743174996,2386.96789461459,129.358614622864,433.770538808664,0.0043690940635093,9.29354672890355,4.66667171107131,0.42532062171603,3.59011157989659,4.63448887780866,0.234839072660135,0.0110509205033115,0.0066351776243303,14.532053277388,44.996910173491,15
6.364583333,30.0040203458944,2.09193063586558,1146.15926704638,50.0874289879446,2378.03341365839,129.021419046708,432.359004025048,0.0651826510230769,11.1211072655744,4.39045558705224,0.616755797634808,3.60028417919173,4.49278722988416,0.221483565582145,0.0105570060795154,0.0062138628142824,12.6096319755158,44.8810461540193,15,3135.40618418887,59890.0,2,30.0026166686061,1.45608497191601,1149.0664974908,47.8537966725825,2382.6554489384,129.23310867327,433.677010392428,0.0043253216562291,9.29672390604691,4.71453124169923,0.428007362478904,3.58259419706382,4.64082327902399,0.234870137730001,0.0110519607319937,0.0066355003200212,14.4857502681464,44.9535504758171,15
6.375,30.0054333014882,2.1705352342939,1144.36964632957,50.0549943673956,2373.21914911668,128.859084964974,432.150013798205,0.0632758705261548,11.0525570837502,4.58675135868755,0.633243882150376,3.59617826642431,4.50472696568474,0.222586156598358,0.0105959497270464,0.0062307597167213,12.6377803710012,44.824776226247,15,3130.10824860231,59445.0,2,30.0036675885794,1.46252026806383,1147.16570311024,47.778849398997,2377.49296450063,129.05760466582,433.422340347778,0.0042864697080183,9.26321646333318,4.80350928074329,0.430591945041805,3.57610794468513,4.65042487846529,0.234962490861638,0.0110553652904419,0.0066370117567901,14.479005751497,44.8927557242947,15
6.385416666,29.9856524468072,2.47338850749706,1142.86931836284,50.2620252077283,2369.05789936203,128.718927284526,431.990659962555,0.0677747534411245,10.989411756969,5.06955096171719,0.698183889658209,3.60588314803238,4.512040821281,0.222219085596977,0.0105811096680135,0.0061867455857251,12.6367092015095,44.7762161868053,15,3125.75628477486,68460.0,2,29.9985705597924,1.503226424578,1145.48702063977,47.8532033019576,2372.98061228717,128.909858766983,433.23341535635,0.0044010888560284,9.26666829365154,5.01259644591942,0.447697123902338,3.57452516206519,4.65582584590316,0.234751785232008,0.0110479628742391,0.0066265359512195,14.4277311839487,44.8416136566409,15
6.395833333,29.9527532278596,3.0973397582318,1132.66167363913,51.1545990554254,2346.35835889664,127.544771888014,428.283769266006,0.0792298098450407,10.9969972596229,5.88430403714695,0.833321678146106,3.65268445717519,4.51201535066001,0.219522618361708,0.0104814542636756,0.0060549262093468,12.5189112746574,44.368033204019,15,3097.77840446192,90250.0,2,29.9788547940123,1.62868327574428,1141.21360057169,48.4194801059448,2363.32791968748,128.460615164448,431.941689139636,0.0047143056734468,9.41350028411188,5.50725696958869,0.501332230013046,3.59104370605435,4.64766493583861,0.234403331491618,0.0110346439816193,0.0066005619032069,14.203004633027,44.6856630894481,15
6.40625,29.97928827516,3.57181424740563,1118.90459198666,52.9225736218959,2316.37532628476,125.948884347222,423.102527994422,0.0719890530584856,10.9107595603022,6.82720173116819,0.944594513724102,3.74665706925178,4.5323971812067,0.220697898668457,0.0105232348568936,0.0060350589177041,12.5080486093932,43.8130901679486,15,3060.80024580218,92530.0,2,29.9734348169717,1.75521435537471,1130.69483375966,49.5688542855408,2340.61639593731,127.265624391054,428.08725951404,0.0044537257587322,9.51148579310723,6.31748858636458,0.560623088805016,3.64116022362479,4.64843592759439,0.235033039090445,0.0110556271619408,0.0065979781963735,14.0058337887491,44.2702982964704,15
6.416666666,29.986969020149,4.19857264409127,1117.62226086394,55.3816346856276,2312.77675296226,125.787537981487,422.694742017626,0.0637729314084561,10.6990199896597,7.85843104771188,1.05895257512039,3.88428824974798,4.5581783452296,0.221690384766121,0.0105608215198088,0.0060005714282996,12.6451459998546,43.7571547232001,15,3058.5150624256,95590.0,2,29.9803950097446,1.90421323036708,1122.12866185901,51.2556982789166,2322.08067026824,126.27976366017,424.919056006452,0.0041662824546333,9.41692989696589,7.26842183680939,0.610550077347484,3.72731708432535,4.66772350324945,0.235049367881974,0.0110568691869998,0.0065802350037316,14.0069409289769,43.9276004973236,15
6.427083333,29.980401043043,4.88879638445432,1125.80478558131,58.4342830621304,2328.80727459981,126.6979452657,425.797931483869,0.0580824088913083,10.4912587944306,8.88333787548102,1.18132284286593,4.0659369438759,4.57770214436539,0.22141131832328,0.0105532059932225,0.0059346531283291,12.8416119135919,44.0740674395029,15,3082.21221557424,102800.0,2,29.9819323406455,2.0980544702673,1122.29565020079,53.6362579893302,2321.93610826103,126.284569200488,425.020347851498,0.0039109966874478,9.21172980169553,8.33867247932729,0.672088290331575,3.86006756922489,4.69309239942631,0.234035948589002,0.0110234220358864,0.0065346712402532,14.1487401054197,43.9295295335195,15
6.4375,29.9781495134159,5.62405430196411,1125.87740589747,61.6764874812262,2327.74169701324,126.681080559194,425.667982929682,0.0518554693601501,10.369660071648,9.76788668969278,1.29917173153139,4.25707959369141,4.58672579409923,0.220972240118806,0.0105399219339019,0.0058651258143145,13.0348397923174,44.068230531136,15,3083.78466330897,109310.0,2,29.9799634781146,2.32087631438882,1125.2705668334,56.5530303087796,2327.55992075005,126.60275115244,426.076958395713,0.0036294217443968,9.00531107354693,9.37907987079826,0.737074004275711,4.0287818606436,4.71439911713499,0.23274846002708,0.0109805164084354,0.0064801972549728,14.3554829734947,44.0404162118694,15
6.447916666,29.9761948589695,6.29785286498423,1121.75829309403,65.2521566125973,2317.68136719388,126.176472398853,423.781891031919,0.0462968812766817,10.3276138236688,10.4542841768959,1.3971955910888,4.46822940951941,4.58535326006617,0.220527900413565,0.010525913460915,0.0058035034371841,13.1993516127293,43.8924260701983,15,3073.90695480111,116135.0,2,29.9778205167242,2.56571612165864,1123.79988107417,59.784672017255,2323.76040088645,126.408661788652,425.295099265479,0.0033853503900836,8.85162846334177,10.2862688127763,0.801291075659838,4.21604404162127,4.72666109245017,0.231648186720088,0.0109436367562298,0.0064278818976702,14.5794961334098,43.9728997369158,15
6.458333333,29.9854038902538,6.56476880054306,1121.26632651012,69.2154722924104,2315.302741148,126.089219615352,423.225058990416,0.0406433226832683,10.3100782066116,10.8933503277401,1.43260822796854,4.70038579334424,4.58218057947325,0.220796951639229,0.0105373025768275,0.0057904153817444,13.3498324492572,43.8613707214639,15,3074.22014195832,116895.0,2,29.9812063545913,2.72755591503386,1122.04676169742,63.2968948476116,2319.16161934269,126.17555406345,424.290649672469,0.0031781252820804,8.74190206653485,10.9621857714458,0.840396314174965,4.42189441116153,4.73267940188175,0.231013932031608,0.0109225460688236,0.0063960542831363,14.8016986748358,43.8914702412708,15
6.46875,29.989873996311,6.42850902008634,1123.36347662004,73.1497290119475,2318.57636161738,126.312375695242,423.681132709258,0.0374142596668811,10.3280386596028,10.9486472846195,1.4040576837793,4.92653879783441,4.5745462468314,0.221029611410681,0.0105465114304791,0.0058067665049422,13.4383556492274,43.9377567862789,15,3081.76562433011,116290.0,2,29.9863724173506,2.78867748343019,1122.1974987803,66.8690570222946,2318.52848548462,126.168057936361,424.000834110241,0.0030763740855618,8.67288616936402,11.3264136395253,0.845757922397652,4.62989397780391,4.73345233969946,0.230619730398474,0.0109094156354894,0.0063809598063389,14.9845444448571,43.8880497808608,15
6.479166666,29.9899134999234,6.0987885158528,1126.1075789956,76.8244717227345,2323.13228002957,126.608358609547,424.366195448768,0.0362065362313632,10.4092666182244,10.5896164225116,1.34206620982222,5.13790345218441,4.56055163832161,0.221143324035841,0.010550591237108,0.0058351068951652,13.4291353670838,44.0389750167829,15,3090.80839486725,116360.0,2,29.9888408297955,2.79687648294468,1124.26151759408,70.3416949480793,2321.803262677,126.385352028075,424.440028250672,0.0030452634148486,8.67941510277955,11.283639275357,0.831551641026117,4.83112632387609,4.72573235553199,0.230599835904853,0.0109086885683359,0.0063796808765685,15.0705413557058,43.9623124338739,15
6.489583333,29.9914784904287,5.79920389355254,1127.30345519901,80.1369802178791,2324.52004407818,126.723010922777,424.440389788716,0.0355087435945419,10.5111783023475,10.2342471922159,1.28232887416836,5.32767530033618,4.54527760880437,0.221426786700291,0.0105605077373462,0.0058652463067588,13.3673493599253,44.0767566121033,15,3095.400477614,115775.0,2,29.9902925581081,2.79463902280709,1126.12720800175,73.5551716909312,2324.57869455543,126.578376244361,424.785453811474,0.0030291881621372,8.74594766895825,10.9693538268784,0.812340878232826,5.01711094794798,4.71189601564859,0.230986930624715,0.0109216645357438,0.0063882802187654,15.0677403931918,44.0276828296444,15
6.5,29.9955721127792,5.52167085192342,1128.20135925057,83.0546992148042,2325.67768724317,126.811324987963,424.435430022135,0.0347711930261777,10.5857087853483,9.95848195690353,1.22888315839624,5.4915624766245,4.53318392061869,0.221766901903796,0.0105724340809934,0.0058954009537309,13.3156230705102,44.105240229967,15,3099.21430571146,113505.0,2,29.9930052760951,2.78463685538183,1127.30036089183,76.3991239713741,2326.08679990557,126.693105085362,424.874193705231,0.0030107745931656,8.8090562591203,10.6659848940585,0.793304305239297,5.18065137030947,4.69870323033633,0.231444766158146,0.01093712089502,0.0063993752887917,15.0429981689083,44.0655341982717,15
6.510416666,30.0138773572789,5.05150697945062,1130.99431384364,85.2551236393532,2332.01565044625,127.177078267752,425.391800960061,0.0324416819138145,10.6024055765099,9.58770337107535,1.1513502054116,5.6003015650181,4.52829601775636,0.222723402140476,0.0106066643012763,0.0059568163416638,13.3495992728054,44.2303552620223,15,3108.79824181431,102305.0,2,30.0028370407832,2.70054340306049,1128.87238466368,78.5512288746428,2329.03159422558,126.875667211551,425.23791991377,0.002967368563939,8.79085182571406,10.3630599516486,0.758414882327011,5.30129128889267,4.69454447612612,0.231727908238839,0.0109471259903085,0.0064156582375375,15.095439816288,44.1269674530656,15
6.520833333,30.0073405788028,4.72693806685631,1134.27690351904,86.4243087548391,2339.72275893113,127.636185944429,426.664241119407,0.0325213223228111,10.677613897768,9.08369705563869,1.08601796723587,5.65091695734652,4.51123329517303,0.222599219959653,0.0106011511735618,0.005981900833633,13.3646896671024,44.3881949191398,15,3119.33444489099,98870.0,2,30.007122198489,2.64049605086059,1131.56434069426,79.9364384003567,2335.03586357921,127.232764733279,426.214144947339,0.002983781801212,8.76310043160447,9.96712681875194,0.723729522730667,5.3717761026798,4.68888875119972,0.231581859716533,0.0109422598558806,0.0064195794372758,15.1797950479406,44.2492442966738,15
6.53125,30.0034362776991,4.48100573015713,1135.53085506801,86.8835440672836,2342.90454627025,127.854456832156,427.127954050634,0.0332067454617649,10.8278545955334,8.5593841009705,1.03773860779697,5.66939651387889,4.4867935857077,0.222440854623406,0.010593868524649,0.0059991585765055,13.3336041660651,44.4625583776525,15,3123.57293599949,96950.0,2,30.005507358457,2.60131908061499,1133.85687402428,80.7176193430369,2340.33044230634,127.561615937539,427.080324321888,0.0030063747388138,8.8161118531135,9.48083825496492,0.701116947559645,5.40927252929367,4.67308565525775,0.231798491801428,0.0109493733230172,0.0064286378934422,15.2157290967496,44.3618812934098,15
6.541666666,30.0017811182791,4.35537904946133,1135.53560320158,86.9679138502872,2343.41259296447,127.920715026447,427.10247197101,0.033953307630234,10.9861875449039,8.08417337857516,1.01047266365237,5.67000859489473,4.46248198273178,0.222401810969102,0.0105910077967499,0.0060085112364036,13.2871091651344,44.4843778396983,15,3124.06775614012,95830.0,2,30.0034125511449,2.57679565345926,1134.95320623472,81.0389327620432,2343.08045380884,127.754443033287,427.48655050184,0.0030289612658461,8.92882338455034,8.98120675572284,0.686620467836016,5.42316842987903,4.65143331708043,0.232386912755818,0.0109689435449152,0.0064439426968001,15.2083011574847,44.4274593986796,15
6.552083333,30.0018414136137,4.28059980436119,1135.21740110764,86.8577233872263,2343.3722831393,127.943434542879,426.9643636407,0.0347887251390028,11.1042946959486,7.68792122433305,0.996526992979466,5.66081721489455,4.44353405637906,0.222397976458088,0.0105897791911384,0.0060143213256482,13.2542824101535,44.4914052189359,15,3123.63495827751,94865.0,2,30.0023497434679,2.56033171915853,1135.20344161508,81.0703331834319,2344.11278338293,127.846104814186,427.567459654204,0.0030508884019539,9.04694259709524,8.52228263185981,0.679089173479706,5.4221624830147,4.63030237249989,0.233051503019893,0.0109911058926516,0.0064599955246361,15.1893220063155,44.4581568195771,15
6.5625,30.0099139294954,4.17751305236369,1135.71716406072,86.5084352854338,2345.49299179661,128.07180378392,427.228585528045,0.0346481087067723,11.1507258901783,7.35638858988819,0.981239537557886,5.63484083314021,4.43410391252746,0.223025188511944,0.010611891369313,0.0060377773558332,13.2726692478694,44.5354955868891,15,3125.66585703121,90015.0,2,30.0052196511888,2.52685651156694,1135.32906815922,80.8135937388052,2345.06941709533,127.92168408854,427.638513634333,0.0030495746577462,9.10567660960821,8.14101659599821,0.669436907340731,5.4059189205223,4.61689361029184,0.233601639008797,0.0110097397655072,0.0064759433396982,15.210768899964,44.4835869605781,15
6.572916666,29.9919499249012,4.23440446535269,1135.19523670773,86.0207200912859,2345.05456357114,128.057555015586,427.033895590789,0.0382915850406871,11.2272276328741,7.02958501804551,0.988917545961199,5.60841156190234,4.41909944642375,0.22186359540889,0.0105691167702604,0.0060050603629134,13.2202449608866,44.5302986927112,15,3124.41920225193,96320.0,2,30.0007980120813,2.53597155164647,1135.517077048,80.5011964960244,2346.30297509599,128.007385463121,427.753721644466,0.0031345761408329,9.18601111916428,7.78091275078562,0.67063973053805,5.38449053028865,4.60180622349009,0.233714144244105,0.011013026974625,0.0064767603485946,15.1876386911966,44.5128325443211,15
6.583333333,30.0016531719987,4.24568273727364,1132.35915429807,85.6426599114864,2339.74848291836,127.756581141195,425.921924796775,0.0385304108298629,11.2531372532459,6.82584168649494,0.997384409980881,5.58725161855956,4.41675007570538,0.222195318997488,0.0105810578799276,0.0060114722921026,13.1866872542161,44.4256997191683,15,3116.89087708879,93945.0,2,29.9991984299241,2.53322093339199,1134.32639108975,80.1847643433103,2344.45130480168,127.911660636568,427.281390589306,0.0031348180116939,9.26872094913412,7.47593084775121,0.674848946904755,5.36624497610101,4.58964710311552,0.23423163007317,0.0110303451167923,0.0064881644621795,15.13152387739,44.4793020348275,15
6.59375,30.0050941732521,4.21369275981469,1133.10140777103,85.3128015820162,2342.32511537836,127.87828180716,426.265937368603,0.0389503590966398,11.1974167696067,6.68048294998947,0.996018527660259,5.56523751416353,4.4223761922683,0.22243740287188,0.0105900986877443,0.0060201685113437,13.2047061183963,44.468305515527,15,3119.51388706702,91660.0,2,30.0021296139183,2.51541384136422,1133.06739319877,79.7814030493318,2342.60759780981,127.801995454401,426.82151051875,0.0031459512748008,9.25758979525038,7.2767449643926,0.672267568484881,5.34254396890786,4.58930546014127,0.23433366430345,0.0110339647730338,0.0064926652313687,15.1352917696705,44.4411957768132,15
6.604166666,30.0078360309272,4.12521030842877,1135.65503612908,84.8020195664612,2348.8676270575,128.216446606771,427.364869801386,0.0393539047248535,11.1197018828866,6.55788732593372,0.984616331725593,5.53274370133365,4.43066530921147,0.222695307535511,0.0105997915795424,0.0060347501515392,13.2411016908547,44.5863346417978,15,3127.11925035225,88565.0,2,30.0050194577111,2.48316825385248,1134.04794777511,79.3168621510552,2345.60805976156,127.951676272461,427.273293261768,0.0031546608400051,9.18508082090686,7.12435701854589,0.664604848003561,5.31576184217308,4.5959710816353,0.234089515002751,0.0110260671480661,0.0064915193891787,15.1799106192629,44.4934818059166,15
6.614583333,30.0049425006035,3.98026270073966,1136.81318618675,83.9964548544008,2352.39376376672,128.395860015598,427.957541660927,0.0410574665903461,11.0746746493521,6.40422246338675,0.961368658584398,5.48407856232018,4.4356469235773,0.222415305447765,0.010589686687133,0.0060419975046328,13.2441225517083,44.6492473869451,15,3130.6545404035,87500.0,2,30.0055961057077,2.44312355924359,1135.47459335838,78.6980698939877,2349.60860441993,128.157718483729,427.944202410286,0.003197665844576,9.1083135814009,6.99008949236906,0.65353791449481,5.27976243333499,4.60348059570812,0.233647052328495,0.0110113231733137,0.0064868272394586,15.2203958033061,44.5655083901118,15
6.625,30.001822317405,3.83478464233763,1136.73335625487,83.072666910232,2353.02280070393,128.424193420929,428.060936490194,0.0431490920765988,11.0807154780386,6.23911648416719,0.934870381532803,5.43061987953628,4.43663345628728,0.221907551708989,0.0105710543286085,0.0060439001030236,13.1926557543789,44.6597111279914,15,3130.48024868111,87475.0,2,30.0039911755694,2.40371363716149,1136.29418637339,77.9623133520205,2352.20134156033,128.293394586734,428.39499536161,0.0032559718509303,9.08091435762107,6.82913541923071,0.641694793074899,5.23702875656944,4.60683018561159,0.233356534090545,0.0110014566798312,0.0064851126317406,15.2072564344834,44.6131786533112,15
6.635416666,30.0042554800271,3.71634532202091,1136.35475568492,82.1281228937404,2352.99279035571,128.416796643723,428.064115155231,0.0439945118291328,11.0844779814153,6.14428437201958,0.912356521029184,5.37558479043335,4.43902473627393,0.22190255013846,0.0105706963769007,0.0060550707155811,13.1405244513951,44.6578129392536,15,3129.46079525443,85670.0,2,30.0036066892708,2.36426271607395,1136.41663607351,77.1344346325376,2353.17525776651,128.344725375723,428.582515967381,0.0032876041578374,9.07921498907032,6.68609184579496,0.62980495095373,5.18969481241314,4.60850437773044,0.233341451884624,0.0110009429219648,0.0064894729085332,15.1650531395225,44.6316058731833,15
6.645833333,30.0005296736172,3.66145643830397,1135.86896826094,81.1902669357556,2352.70063791061,128.39365395939,428.029006443709,0.0456009607755324,11.0791040802462,6.12324040122448,0.901008048133933,5.32179369677544,4.44118766909825,0.22158722122532,0.0105590478463472,0.0060528826544352,13.0886888225923,44.6504897282135,15,3128.12476742896,86365.0,2,30.0025712412636,2.33750798281471,1136.23160922107,76.287758730322,2353.46956577576,128.359562821702,428.662774548989,0.0033377368253071,9.08565263030617,6.59257848710214,0.622007491210218,5.14082613507413,4.60958814538623,0.233307135274311,0.0109996901948174,0.0064918021471564,15.1096860834727,44.6374124716149,15
6.65625,30.0041712518001,3.62410094515428,1135.37467832041,80.28929540315,2352.46362064019,128.369352361626,428.006224902887,0.0455328586596024,11.0470819189909,6.16266710159841,0.895421907018944,5.26971629950419,4.44719622948956,0.221871557387365,0.0105693919640782,0.0060632120400021,13.0655237791045,44.6427949224204,15,3126.85947491301,84490.0,2,30.0027244007533,2.31157313270223,1135.83433642857,75.4429569088804,2353.30016502213,128.34651156105,428.665345573665,0.0033449397903042,9.07958363275469,6.56368575124843,0.616359311578893,5.09267357691157,4.61232531778403,0.233360857713129,0.0110015916641583,0.0064961537140806,15.0634433494285,44.6335724100819,15
6.666666666,30.0041105068589,3.60366212962601,1135.44552282968,79.3704615130966,2353.50684652015,128.414388072606,428.231584441548,0.0457594268514422,10.9899145851027,6.18464190553525,0.893014528177114,5.21635869562882,4.4547389919379,0.222008720103943,0.0105745753837054,0.0060685662517878,13.0693389267443,44.6592258181355,15,3127.22102189642,83460.0,2,30.0035465031032,2.28767820106182,1135.57682602485,74.5841750578471,2353.49334894145,128.350631271321,428.745552757026,0.0033588768202797,9.04092312010204,6.57616877442589,0.611389574779722,5.04379641826346,4.61829409206606,0.233233596553418,0.010997463065083,0.0064963980116102,15.0494406573063,44.6357277949819,15
6.677083333,30.0045429793769,3.61816298158769,1135.53212649885,78.417985266332,2354.60994113538,128.46306103573,428.480430053792,0.0455128669068961,10.9230640997442,6.19819492529028,0.897359126520725,5.1614352502101,4.46305691888959,0.222202602574622,0.0105820485165245,0.00607207129005,13.09078164582,44.6769386612644,15,3127.63536198851,82225.0,2,30.0040263757942,2.26792968452368,1135.53303957495,73.7172036324002,2354.18437987758,128.381032066045,428.92818665299,0.0033610051291762,8.98389730308108,6.58951723613013,0.608142080377462,4.99463740006297,4.62593552439604,0.232992144181283,0.0109895245450054,0.0064936965886188,15.0566624034682,44.6470442177996,15
6.6875,30.0064577192944,3.65578776932721,1135.70281511937,77.4141985002005,2356.00034143503,128.526626107618,428.789878308418,0.0445641259410661,10.8347569687096,6.27644468745707,0.907349457260684,5.10339310199513,4.47317021922269,0.22265801876344,0.0105991129478949,0.0060794478353965,13.144079509666,44.6998155962494,15,3128.35025630017,80185.0,2,30.0050012955971,2.24906864779839,1135.58129482641,72.8120639040562,2355.13126922921,128.424391137412,429.169338990154,0.0033461069987953,8.90128609022337,6.62712518048994,0.606043353674073,4.9437849766913,4.63588556902143,0.232666375058818,0.0109788641897031,0.0064891786022479,15.0958706473705,44.6628722442082,15
6.697916666,30.0056637178219,3.61631167148403,1135.83219850004,76.3453128441311,2357.26679271443,128.589717766712,429.104138095686,0.0447086272701304,10.7564468590306,6.34956849273969,0.905381811552022,5.04208402895297,4.48172939769561,0.222756822377244,0.0106029394543576,0.0060858607267946,13.1966026203858,44.7224674654716,15,3128.89547053985,79030.0,2,30.0055324664025,2.22228980525428,1135.69953969145,71.8682152968058,2356.27721584386,128.479944094523,429.462216455448,0.003357471006737,8.80573788396396,6.69946864702046,0.602516349639407,4.89086304452773,4.64681337202294,0.232185166060844,0.0109628896053485,0.0064821563633221,15.1557544548708,44.6829192554451,15
6.708333333,30.0055973820041,3.52715537080229,1135.7401365103,75.2377056551016,2357.86272369698,128.629939887984,429.344123941326,0.0452093300577695,10.7229334328832,6.33333329155874,0.890990931241662,4.9790434456088,4.48618345297621,0.222722098677887,0.0106016721921791,0.0060938591738758,13.2147290488822,44.7370931267967,15,3128.66379211387,77825.0,2,30.005568114528,2.18734452127719,1135.75304350386,70.8943752769496,2357.19583666593,128.531528149197,429.746629760696,0.0033814231733115,8.73433519649352,6.74704404066864,0.59485439290863,4.83637579416266,4.65529541636802,0.231765805884371,0.010948859494975,0.0064773331395055,15.2002678383357,44.7015378019669,15
6.71875,30.0044268935629,3.37613687192439,1135.40616479119,74.1254065577112,2357.70590518263,128.644328362822,429.497205531032,0.0466455945915107,10.7400392118516,6.21789779772222,0.863551060771334,4.91611357219457,4.48560197521308,0.222413265663075,0.0105900715915394,0.0061012478403455,13.1890437644325,44.7426714462438,15,3127.59126140372,77280.0,2,30.0051654173865,2.14598489280202,1135.6519015963,69.905837858527,2357.61987476461,128.568481437178,429.983003369692,0.0034307818520693,8.70631598327954,6.72668036815281,0.584052181280664,4.78096330110229,4.65938450850549,0.231524474007125,0.0109406594297985,0.0064769964408146,15.2097774989822,44.7150136457669,15
6.729166666,30.0035274517465,3.2942919576212,1134.82210886007,73.0564508511038,2356.84755810795,128.630592709882,429.553913212461,0.0477423409865466,10.7900028566088,6.08591835922585,0.844486460523391,4.85590622794617,4.48152464778306,0.222222588229107,0.010582776379402,0.0061046109627696,13.1345157497528,44.7384278488347,15,3125.73678869272,77010.0,2,30.0044335828482,2.11189253056512,1135.3421568609,68.9308069281767,2357.40194160406,128.583747794669,430.143680126177,0.0034756036688153,8.72990988534426,6.63643426789678,0.573578044506577,4.72607392025221,4.65819556752013,0.231576654329311,0.0109422667553432,0.0064820906146229,15.174807351264,44.7208977951963,15
6.739583333,29.9974979104526,3.27130302291698,1133.55729573785,72.1335782923859,2354.40362198113,128.531823074279,429.317842445279,0.0501175209208067,10.8557997342567,5.99821867777175,0.839332804973439,4.80493667381745,4.47488314393149,0.221594152367609,0.0105594409086686,0.0060916029195408,13.0579094145112,44.7046088464428,15,3121.98657778303,79575.0,2,30.0017968421018,2.09384008543034,1134.6942947417,68.0532396340255,2356.35547557546,128.561052399243,430.164141584859,0.0035493267692889,8.80300734452379,6.52847947903195,0.569951991831642,4.67558884293637,4.65180552042067,0.231808761095241,0.0109497317468489,0.0064889310193199,15.0929382902254,44.7135640776801,15
6.75,29.9808917994746,3.41182957872983,1129.3299898538,71.6393719117336,2345.17146822941,128.060102861911,427.803377734749,0.0553313386885721,10.9764012129758,5.98138462392208,0.864146468402951,4.78190555119249,4.46211136164691,0.219650877699221,0.0104880447020036,0.0060310854699427,12.902493657362,44.5411430018207,15,3109.90909019506,89415.0,2,29.9929115665995,2.11789163640722,1132.78562615783,67.504020083035,2352.46895003809,128.386081100569,429.629645387914,0.0037005371688904,8.98284485432916,6.43025631497402,0.581005581508232,4.64093485661765,4.63512587093684,0.232197142303722,0.010961777804362,0.006493299740278,14.89712993647,44.6533195767174,15
6.760416666,29.998462884634,3.47767377026328,1123.94109307736,71.6218543643943,2333.7307994557,127.451903752247,425.831237973964,0.0527247349214355,11.0104602822102,6.08428305267068,0.882596582722937,4.78099826569835,4.46423870328403,0.220294453349221,0.0105114555108701,0.0060397427885902,12.8342712308644,44.3302033991616,15,3095.18031901712,86850.0,2,29.9924772177858,2.12975594904564,1128.77035932359,67.2499681157287,2343.93932127457,127.947319257534,428.201038933171,0.0036414815544585,9.13554366565446,6.42338795319503,0.591750985732979,4.62504775455997,4.62330377565248,0.233157224043873,0.010993957410773,0.0065126093080817,14.7189640251464,44.5013530132406,15
6.770833333,29.9965048020956,3.58459285561106,1123.05129022375,71.8648749915162,2331.97813872106,127.371059136458,425.63019157922,0.0527652153358208,10.9688363812627,6.23360558518164,0.902107603303347,4.79379813168672,4.46975601397334,0.220293714150323,0.0105115258177509,0.0060293236956617,12.8303862822596,44.3026446428099,15,3093.14864947111,88675.0,2,29.9953728610739,2.14972614173674,1125.23187948321,67.2129868835005,2336.56149991777,127.562456786819,426.969914690134,0.0036483974990523,9.17881624841285,6.50628390194461,0.599268912366338,4.62071713765989,4.62228547895086,0.233488532805447,0.0110050991526272,0.0065173720468192,14.6413008199363,44.368088324974,15
6.78125,30.0045830965129,3.54364521570445,1127.34772073835,72.2592159444269,2341.17840359491,127.892160591646,427.444800486626,0.050985830866049,10.9086836172469,6.43854653591207,0.900153828687837,4.81686775373783,4.47893884174835,0.221035843645983,0.0105384795099802,0.0060506106481379,12.8686898087609,44.4844159929283,15,3105.45503801167,85605.0,2,29.9991683261033,2.14631828478104,1125.37936984417,67.3784713080453,2336.98566533678,127.6008377705,427.165935238435,0.003592939284332,9.14894706880976,6.65241017222985,0.601129496812217,4.6303923963556,4.62814714606008,0.233587598904631,0.0110087493665829,0.0065202934733042,14.6385596683511,44.3820017890641,15
6.791666666,30.0091066705512,3.46931203248443,1130.23118090968,72.3093574647999,2347.64555595941,128.272084490149,428.79995798774,0.049488574611074,10.8507293054197,6.58405677492925,0.885327527479896,4.81642538927389,4.48662865883234,0.221927798155657,0.0105707680525156,0.0060787200705278,12.9301292579318,44.6169550592928,15,3113.90631890331,81775.0,2,30.0040024525717,2.12515477691197,1127.55725541984,67.4564317347072,2341.75000482371,127.881703017123,428.197585928629,0.0035452921935602,9.06499246719552,6.82687379489232,0.592656405397792,4.63628450513589,4.63865408332135,0.233443745366461,0.0110043876794623,0.0065202731900145,14.7051259322174,44.4801588769699,15
6.802083333,30.0177537831886,3.34594461660833,1132.4357238995,71.8771041603904,2353.01865800208,128.596363864467,429.98722646645,0.0468442076655557,10.7799235071133,6.49117217133439,0.862189722962536,4.78674835628464,4.49503252386774,0.223244341054757,0.010618899350284,0.0061223398790952,13.0341272377674,44.7300675831128,15,3120.483857982,74810.0,2,30.0097977423182,2.08678084461334,1129.74254506381,67.206348878533,2346.67289105815,128.176961646732,429.307235528647,0.0034761703534563,8.93504927251433,6.91994922077035,0.578067656564262,4.62422472195065,4.65239597727475,0.233147414200724,0.0109951255670963,0.0065192891761059,14.8385443685193,44.5832172396201,15
6.8125,30.0024612307279,3.42990856708676,1133.01254841397,71.1146787556618,2354.84905646844,128.731261286615,430.536616423344,0.0486867582910762,10.7553971484874,6.40669602075056,0.872538136305133,4.74175180391793,4.49380977027351,0.222905443083682,0.0106068878089455,0.0061062043483303,13.0923366284968,44.7773429821814,15,3122.26612824766,77385.0,2,30.0089044723027,2.08132442617259,1131.50280306905,66.7308344572233,2350.856775575,128.438672490188,430.304129910622,0.0035198859878779,8.83899980827579,6.88248518980485,0.573044351308836,4.59730952852431,4.66085562735854,0.232503854698223,0.0109735464421359,0.006505975340039,14.9538138979418,44.6745762162386,15
6.822916666,29.9799186448116,3.61720202331645,1128.87170331062,70.6227602290523,2345.99017560979,128.280047254704,429.075694329688,0.0542906592397967,10.8531611765887,6.41958748050712,0.911328452464896,4.71844148995068,4.48084621128619,0.221002324059222,0.0105371877405508,0.0060423792907156,13.01388096603,44.6208521348485,15,3110.59592465153,88115.0,2,29.9966574835434,2.12157845161007,1131.27095943068,66.4125126596384,2350.7900818835,128.469583460525,430.463769492778,0.0036579095113284,8.90689567469007,6.84685953468308,0.590778340148269,4.57540972214884,4.65267849167216,0.23221316016978,0.010962880449626,0.0064937149906897,14.9110046131798,44.6857468317747,15
6.833333333,29.9852096977882,3.77183089768061,1120.81255774379,70.7408402821526,2328.49957845084,127.349036492004,425.976831692952,0.0547885776370114,10.960818212854,6.4635905350025,0.944895473625918,4.72883559254278,4.47327641910541,0.220340273714907,0.0105128091834771,0.0060116709331662,12.9079779612426,44.2975015000018,15,3088.25725962131,92055.0,2,29.9884697884783,2.16459614785746,1126.95517413693,66.3886508090789,2341.71393608065,128.002742240649,428.90338585509,0.0036783994048372,9.07758038341476,6.84058882950754,0.612129652135578,4.57089263633628,4.63717602203039,0.232810481365848,0.010982307072362,0.0065007326667996,14.7593560439518,44.5238643315088,15
6.84375,29.9956125795283,3.91749804562369,1117.43095885532,71.3944229940991,2321.18071478823,126.966262996186,424.712816018599,0.052398962530182,10.9549929158849,6.65706596065427,0.972656190939017,4.76628185784833,4.47693791313731,0.220762554915549,0.01052841527861,0.0060079126302496,12.8908626386892,44.1648050072686,15,3079.38748549478,91780.0,2,29.9906597480205,2.20148739605331,1121.60566896292,66.6581180812901,2330.31596774702,127.399650619276,426.885867548918,0.003621364369609,9.17501930877711,6.9186230675064,0.626711160750575,4.5845020810247,4.63062551978214,0.23346709550233,0.0110043558391057,0.0065104972252578,14.6616758646475,44.3145803230572,15
6.854166666,29.9886810222658,4.14872877516849,1119.8057051477,72.4542811080117,2325.88373100039,127.238335382247,425.625460977097,0.0524316544552982,10.9087924936365,6.96079533267336,1.01265434046459,4.83188211937351,4.48102740276108,0.220353254874403,0.0105138259136725,0.0059770566636748,12.8970590442296,44.2598745530597,15,3086.45054112638,96975.0,2,29.9909605287775,2.26571276479597,1119.67074304905,67.3491914623786,2326.17227722425,127.186372561777,426.164227466205,0.003612078815283,9.20143591714541,7.11877496308392,0.646329497750171,4.6227571425279,4.63003299229679,0.233529990500494,0.0110063319064687,0.0065039376995464,14.6143047548096,44.2408668782469,15
6.864583333,30.0146799715798,4.10085376682443,1123.24199867228,73.3968295872232,2333.62464556202,127.667443378175,427.077670219662,0.0461626658131822,10.7778854823223,7.24311828008486,1.01361108013753,4.88185445597584,4.49857333763725,0.222320649570416,0.0105862891967351,0.0060279611464843,13.0264516146323,44.4094676084473,15,3097.06354127085,86760.0,2,29.9998414567071,2.25798171491784,1121.00174308285,68.0966878908901,2329.02274355412,127.347778564911,426.721771520908,0.0034286970714272,9.10211595895019,7.39763576286339,0.648104079966834,4.66871701486478,4.64231671937649,0.233642103210409,0.0110109981215452,0.0065082991340233,14.6940248710074,44.2974181245123,15
6.875,30.0179947550941,4.02244797967846,1127.36575772652,73.6144170156457,2343.52234353033,128.223444521134,428.978334972192,0.0433036292807439,10.6180989205167,7.48022562371365,0.99806367275291,4.88505811540194,4.51288989497758,0.223546589922408,0.0106314702446336,0.0060645561035609,13.2135026309243,44.603028522738,15,3109.73049471642,80300.0,2,30.0096760756335,2.22539019101735,1123.66604685865,68.4113912369293,2335.19163213026,127.693518469076,427.946587310183,0.0033520271387823,8.88611981636011,7.66004025533126,0.632590926919337,4.68806114924451,4.66414905921318,0.232934060745187,0.0109881234741803,0.0064978908598039,14.909375702664,44.4179362497131,15
6.885416666,29.9955853783251,4.15579507097518,1128.26333776252,73.4090264580371,2346.13105620165,128.391687502611,429.553505534904,0.0457723384212321,10.584890004192,7.65198857704469,1.0168686890913,4.87205000004202,4.50975061437461,0.222820640371495,0.0106051450322078,0.0060350663674272,13.2861977655704,44.6616696438608,15,3112.80771232769,85760.0,2,30.0061821382755,2.24775600626241,1126.32083210877,68.5217300094477,2341.59128065674,128.060876545845,429.220889351723,0.0033938231899042,8.74529828078956,7.88483270392344,0.63423951572641,4.69225074166322,4.67518986627986,0.231882939727275,0.0109527164522055,0.006472317562923,15.0692053564641,44.5458927994661,15
6.895833333,29.9679474154232,4.53705798206843,1121.53328226694,73.6164885197638,2331.24443522901,127.603018591774,426.848174271609,0.0507871311263978,10.7343128306837,7.71939497748019,1.08010637056971,4.89575700959789,4.48974536841088,0.220534178397067,0.0105214359312667,0.0059467406998755,13.1576151468166,44.3875702989217,15,3093.92472688352,101520.0,2,29.9878723361933,2.35857517842097,1125.51757181301,68.9047980032405,2340.33808166124,128.014198050578,429.00497254603,0.0035038202458484,8.84470544504493,8.03147520763829,0.669359939138184,4.71020740045302,4.661562144453,0.231562892288531,0.0109407655352194,0.006450860002798,14.9988639177553,44.5298764742186,15
6.90625,30.0010688988433,4.57422211684447,1113.75245435644,74.4668580638795,2314.66327810925,126.701196664236,423.752441457351,0.0450217314839899,10.764102419025,7.77862293540024,1.09672662942997,4.94482205859749,4.49239301167395,0.221690182480686,0.0105641359671438,0.0059705567104526,13.1475820644768,44.07409168808,15,3073.05774025443,94630.0,2,29.9889786649394,2.38724090608682,1119.67740348827,69.4595624200351,2327.91404983785,127.343562923544,426.670832806287,0.0033544322408404,8.95069819280422,8.13763880333416,0.6881138533328,4.7439551254585,4.65190293772568,0.232433330261988,0.0109702530335999,0.0064665095398923,14.917735986079,44.2968568089717,15
6.916666666,30.0017664476851,4.53610402051925,1117.09407450413,75.5258632458192,2322.09518579488,127.128217388081,425.106362194759,0.0434554620908848,10.7142339586789,7.83612901057377,1.08609225509069,5.00212502243617,4.49504126933122,0.221761778765259,0.0105672046015484,0.0059762704715804,13.2043922152737,44.2226901336067,15,3083.37929494596,93700.0,2,29.9969035656072,2.39149050245211,1116.62449575264,70.1131940977855,2321.66367912911,127.010507812447,425.494400565621,0.003326883359938,8.9252759476788,8.2197443171309,0.685261266450132,4.78053415680544,4.6548346908578,0.232450430369772,0.0109710464638855,0.0064666496909187,14.9564695003176,44.1811658453835,15
6.927083333,29.9971518656686,4.51972730706102,1121.64466880188,76.4533828598394,2331.86109776645,127.693294801512,426.899867619595,0.0432119404501469,10.7222332895174,7.88129202574724,1.07892546138732,5.05703318958488,4.4903743434284,0.221553543595755,0.010559626269014,0.0059729801543109,13.2226632949577,44.4191789824165,15,3096.72861812377,94985.0,2,29.9980955381208,2.4057049904542,1118.85853684964,70.9514556636781,2326.61822535654,127.301652985663,426.38846556826,0.0033126447883564,8.90412084973815,8.28093808032495,0.68440129264715,4.82864252812112,4.65461713334219,0.2322603798022,0.0109646155150958,0.0064608488596541,14.9938702708766,44.2824919622436,15
6.9375,30.0134210457964,4.32784359592958,1123.605989344,76.9506779923829,2336.75614992256,127.987517810464,427.800601056856,0.0401169662242183,10.7046661869306,7.90593739044321,1.04822820401239,5.07986378833776,4.49126504705085,0.222824660814213,0.0106057918281113,0.0060197473018774,13.2983216129707,44.5213301204458,15,3103.21669968503,86795.0,2,30.0038632001349,2.36576393983721,1121.24094126591,71.5075465546589,2331.98154558877,127.618435443068,427.383394015363,0.0032343099148192,8.84981809310693,8.33222326972605,0.670516243374704,4.8625165390278,4.65737457389931,0.232322294437227,0.0109672125420418,0.0064675169217359,15.0803965881966,44.3926079397112,15
6.947916666,29.9739761845619,4.49129194073224,1121.96654604649,77.3615843693778,2332.92194961739,127.819383594945,427.110665148391,0.0464198072086067,10.8496557312102,7.82546412657066,1.06175412485481,5.1109535878989,4.46720841907476,0.220353863730865,0.0105147696362154,0.0059468963727646,13.1820566823216,44.4626434443761,15,3098.73207916573,102720.0,2,29.9932747337574,2.42989951779367,1122.48240180564,72.1096509974206,2334.95433332622,127.81585245402,427.927655844771,0.0033856864696891,8.92847537807435,8.30680132544898,0.679568089106978,4.8938227829421,4.64409653400022,0.231974640004837,0.0109544651656454,0.0064512934961827,15.0416665410477,44.461118629643,15
6.958333333,29.9965691977404,4.46581027237948,1114.25392888039,78.1190277543079,2316.2269099258,126.9218902949,423.975561932013,0.0437967725882907,10.9639906695842,7.74894306296748,1.06194891170558,5.15732066135609,4.45899586977927,0.220957955208727,0.0105365135292226,0.0059628708357293,13.0961208098927,44.1503274787499,15,3077.73573469962,98980.0,2,29.9903924798838,2.45294417878206,1119.30084840614,72.8225797346995,2327.99881398806,127.462424181505,426.587553227723,0.0033122258507141,9.09186152981362,8.23698247058326,0.690504779842564,4.93705611011779,4.6253918715168,0.232929955928178,0.0109864238464946,0.006469043009705,14.9150725730598,44.3380393337641,15
6.96875,30.0025936380393,4.31303609919989,1115.84055528413,79.113174586125,2319.77776370378,127.136850642391,424.580524595259,0.0427820430204828,10.9820579894012,7.60241324352974,1.03305563252507,5.21046286772726,4.45669713604805,0.221172898025015,0.0105442118728236,0.0059817473548105,13.0884593938896,44.2249880957438,15,3083.00539268057,96325.0,2,29.9969108650083,2.43824741326191,1115.91048597229,73.4669068331933,2320.82291865553,127.087649854923,425.217116389154,0.0032998083279219,9.14344310228592,8.15036229922282,0.682305408350293,4.97357196030311,4.61949868151548,0.233391365770977,0.0110020318332745,0.006480905634083,14.884891058763,44.2075459900948,15
6.979166666,30.0032965326872,4.17962355123382,1120.87812100124,79.8994650114589,2330.71118335984,127.76413575222,426.567579957617,0.0424814629892795,11.0089573021656,7.380615358939,1.00466726691408,5.25352421818812,4.4518702774825,0.221322270313472,0.0105494580463932,0.0059974200749455,13.0884534508895,44.4430645693579,15,3097.6976622388,94310.0,2,30.0008006009582,2.41925724360368,1117.92941934047,74.157908427229,2325.20758213197,127.351622158285,425.997506572003,0.0032916207117339,9.15559344672234,7.99284381681399,0.669920534518938,5.01321415574384,4.61629322205309,0.233541776497249,0.0110071610459043,0.0064865365916542,14.8924278358242,44.2992452317411,15
6.989583333,30.0040124369005,4.06746592959014,1122.7137508611,80.2325872538991,2335.07727790719,128.029320634754,427.353800664587,0.0425236423372517,11.0478025173857,7.1604289081025,0.982037230501766,5.2691585551078,4.44551431551456,0.221573912697768,0.0105582819801544,0.0060133631346724,13.0931532469858,44.5351946060077,15,3103.45644894565,92045.0,2,30.0026288194015,2.39933597993616,1120.5201119751,74.6172959515845,2330.95778555081,127.692694820534,427.0467535221,0.0032868180769104,9.16017887228162,7.7920048280906,0.658691356929669,5.03942274502511,4.61282664084782,0.233648315046638,0.0110108316254861,0.0064913411239542,14.9178065109359,44.4177624836887,15
7.0,29.9719455725896,4.17527487252927,1120.19216595842,82.3335119546818,2328.1744115558,127.665814438688,426.004772918026,0.0493273215110781,11.2206475456318,6.94145443687078,0.990241138823075,5.39488163346967,4.42248920835986,0.218747917673106,0.0104541518405918,0.0059368951926652,12.928438174834,44.4087651547453,15,3096.58458148527,107385.0,2,29.9894264212621,2.4625906806686,1121.29616410916,75.7077319953729,2332.42628769507,127.800027069624,427.2579381019,0.0034601757813735,9.31577653610328,7.54239255300352,0.669824610426121,5.09790930859194,4.59316526918264,0.233546866986628,0.0110061330178082,0.0064802929082303,14.7916977911955,44.4550306642058,15
7.010416666,29.989497839743,4.22486314600526,1112.09031414039,84.6869723188445,2309.35996748899,126.619906607797,422.388214172052,0.0482788500931125,11.3271809674815,6.84725871461699,0.99629408584118,5.5331032609732,4.41733763640422,0.218577608358158,0.0104478530234985,0.0059283497991132,12.7982244914005,44.0451651630124,15,3074.39290491831,107370.0,2,29.9855914242003,2.53372741141557,1117.35081821383,77.9573861263219,2322.71770254496,127.269086301903,425.310914633323,0.0034093709928916,9.51934612061087,7.33695001715426,0.685800685916416,5.22654589944727,4.57279396559072,0.23445676302659,0.0110362117763964,0.0064911015241897,14.5947269061003,44.2704343598499,15
7.020833333,30.0118227285736,4.13574765890555,1115.3119756439,85.9881223589911,2316.49727478765,126.996484958005,423.568510573111,0.0441245110383651,11.2513887773346,6.90367911395121,0.981128411486496,5.59963499563597,4.4297290138796,0.220242445465282,0.0105091280991,0.0059756034310273,12.8418808083309,44.1764842770008,15,3084.40413944899,98100.0,2,29.9978901909136,2.53657974324818,1114.28309422365,79.3929684861037,2315.60020266659,126.862666862,423.856299099259,0.003285409016477,9.51095482411032,7.27906544150807,0.681542898565512,5.30912774758191,4.57597344334129,0.235062357107587,0.0110572380471477,0.0065046419554826,14.5830260289618,44.1292755214693,15
7.03125,30.0047466976781,4.09330582668585,1121.74588345516,86.5262823135624,2330.98763585544,127.780328646673,426.126089666246,0.0441659150949002,11.1633138821135,6.99202765561685,0.971033216047609,5.62415156199096,4.43662028140095,0.22060112589369,0.0105223105915567,0.0059879950077516,12.9160392914302,44.4495042552841,15,3103.21179314427,96670.0,2,30.0038613303045,2.53087848963637,1117.59927377987,80.2088099200565,2322.93783965118,127.250156788881,425.097740703815,0.0032683471265444,9.39238837292412,7.31960560045441,0.673162174391575,5.35354072068413,4.58770113079152,0.234687926181962,0.0110451578523524,0.0064977786488259,14.6800772356415,44.2643477871154,15
7.041666666,30.0027664937314,4.12707464885947,1123.68212672006,86.4858524183848,2335.92169757801,128.030568228251,426.909513535005,0.0437482197437988,11.1117429631868,7.13989889379026,0.977603390590544,5.61982470582156,4.44073112178264,0.221146994837131,0.0105422698669476,0.0059975090611452,12.9759190487573,44.5369795709496,15,3109.175053538,94890.0,2,30.003565956836,2.53098281151586,1121.07989709578,80.5269533877273,2330.94424935761,127.673324980654,426.46538812258,0.0032376020416291,9.28976162688886,7.4058253989811,0.670796028638143,5.3707577927838,4.59654256421473,0.234280132961502,0.0110318214027407,0.0064893427361222,14.7751716904739,44.4118947800076,15
7.052083333,30.0055275947561,4.1728412119727,1124.11563890164,86.1247494474372,2337.93731224229,128.108833760003,427.135679463955,0.0424008160839034,11.0369996697963,7.40390297353157,0.989370290991787,5.59635571706701,4.44750132929511,0.222074970482724,0.0105761992470367,0.0060147943441593,13.0638263563666,44.5646872537864,15,3110.99017580183,91605.0,2,30.0041198213709,2.52452799021103,1122.87269223467,80.4100139243632,2335.58264186874,127.903393000506,427.204262579064,0.0031914608812948,9.17977008268179,7.57823990390072,0.670016606926931,5.36435783621385,4.6061822357039,0.23394535501675,0.0110210619022022,0.0064833794729476,14.8888982335986,44.4923313189244,15
7.0625,30.005582698284,4.25925327003,1124.50100750048,86.112837255152,2339.88666983414,128.173522788305,427.329313816348,0.0411302389969353,10.9402181378462,7.79494549196082,1.00698265400001,5.58901425341997,4.45510056968534,0.222878402402854,0.0106056951445467,0.0060255244773322,13.1724811252672,44.5876729617361,15,3112.94326811712,89275.0,2,30.0049464781351,2.5211450268031,1123.75888249624,80.1406520396335,2338.48466832041,128.029642026047,427.612609678746,0.0031525764076122,9.05146403304274,7.85533159573466,0.670357740194677,5.34814239115516,4.6173531522009,0.233468157560231,0.0110055056499088,0.0064739684899385,15.025042980941,44.536685816994,15
7.072916666,30.0078555269189,4.22962420171158,1124.92348794477,85.7243168979422,2342.08062987664,128.256146730612,427.590012670777,0.0400377258744499,10.845105724261,8.09560269534211,1.0073789837716,5.56159691157197,4.46229379538792,0.223476191312461,0.0106276664605989,0.0060422910571891,13.2852969553554,44.6168415279012,15,3114.89357673648,86185.0,2,30.0061461179705,2.50575838782794,1124.34948432054,79.921383384637,2340.83881365142,128.119930672598,427.912874413795,0.0031205919232202,8.9085378380834,8.19383666091289,0.667990405797201,5.33353833845174,4.62945889320908,0.23285954609229,0.010985499674174,0.0064631188170118,15.1783990159608,44.568523609029,15
7.083333333,30.0111898628529,4.05891595540093,1125.58094364656,84.5177258512866,2344.9399384004,128.398624268409,428.055137335406,0.0393191981193255,10.7934006235831,8.15372524539062,0.980526078944122,5.49056821542599,4.46499434605946,0.223904001962945,0.0106431462269669,0.0060683516427065,13.3686524292715,44.6667133921448,15,3117.11931217065,82265.0,2,30.0083304806942,2.45769662958446,1124.88809384718,79.206997620988,2343.19237192983,128.221066034567,428.262396585513,0.003113596684353,8.77613660528974,8.426817202729,0.655082174517674,5.29288746215532,4.64012114046373,0.232225032253984,0.0109644968936883,0.00645543644728,15.3276911006722,44.6040697375658,15
7.09375,30.0043802782531,3.93954563418756,1125.71222710077,83.0161628724226,2346.40274242348,128.487534900836,428.32908656681,0.0403759129983686,10.8268318129849,8.09060078376113,0.956247141622404,5.40629309082329,4.456998013866,0.223682398058059,0.0106345382918415,0.0060740386250702,13.3753410289081,44.6978368045409,15,3117.48419300164,82740.0,2,30.0074611719985,2.41463044431022,1125.37635830775,78.1239321766565,2345.4079363836,128.335586563614,428.649092595731,0.0031561839254224,8.72021266782296,8.50376016972614,0.64152691039671,5.23179876950468,4.64227738825692,0.231788630984346,0.0109497428464291,0.0064510011484022,15.4102894234928,44.6441857449932,15
7.104166666,30.00536976841,3.75930280484421,1125.13365714353,81.5122121978567,2346.12137233001,128.494673220595,428.315711695615,0.040856614673178,10.9168498626475,7.90682104608382,0.924595391056571,5.32339453843376,4.44453695295712,0.223728892331219,0.0106352914733048,0.0060916601198969,13.3382454548882,44.7004070502013,15,3115.70852522835,81475.0,2,30.0060134337848,2.36264966969518,1125.39192637644,76.8717120832467,2346.43778286571,128.403347285986,428.861630454984,0.0031907929660755,8.74958666145463,8.46390968955646,0.628477524203329,5.16227415510664,4.63565912266836,0.231912046904071,0.0109537668233521,0.0064596675459425,15.4190600311178,44.6679475605825,15
7.114583333,30.0196570567137,3.5781011732193,1125.8746448627,79.8934320149068,2348.97751311022,128.679192155362,428.913948545405,0.0383915930810244,10.956434773436,7.75417116870253,0.889714304096638,5.2306175812353,4.43787142111988,0.22519499055851,0.0106878526397375,0.0061433857124204,13.3689948545428,44.764555776622,15,3117.82746484891,73715.0,2,30.0105007687483,2.29083362293138,1125.39633122438,75.4011812470166,2347.34336102702,128.476392284405,429.112717591335,0.0031643684325934,8.75680126828598,8.34477068825135,0.607579579462237,5.08293759381487,4.63109123072184,0.232315062790941,0.0109677117725598,0.0064773576223432,15.4608599158134,44.6934267905153,15
7.125,30.02288068332,3.2371210712855,1127.8282595855,77.8743715336869,2354.54878690381,129.026855989979,430.089192299893,0.0387648287413901,10.9779899703723,7.54312759922903,0.827693290632241,5.1154536343917,4.43025134246609,0.226123326024915,0.0107200406595823,0.0061983639726577,13.4293207884768,44.885305242164,15,3123.18957866628,68065.0,2,30.016268329392,2.2004948397913,1126.19000820825,73.6644585284084,2350.01890872248,128.655755781503,429.758275610524,0.0031991397815413,8.69953362988468,8.22513845561512,0.580728438316696,4.98980880800588,4.63147747232217,0.232285770237466,0.0109671192468026,0.0064880069163255,15.5762023602896,44.7557624586372,15
7.135416666,30.021881117678,3.08233038374432,1129.51691788966,75.4818576983135,2359.33557680463,129.347379586973,431.201037766167,0.0391815438289639,11.0419759661471,7.17341006946734,0.789201865115141,4.98245429246814,4.41744361813965,0.227096534237722,0.0107541972194731,0.0062364432134554,13.4583517049735,44.9965440051869,15,3127.4094853132,64035.0,2,30.0192157121432,2.12542385216508,1127.49272536608,71.6954100426043,2353.68631072921,128.906526891739,430.666173492675,0.0032356555837144,8.66038281197058,8.0138722829463,0.555314743116969,4.88441245116502,4.62886249018874,0.232232984623477,0.0109655836867051,0.0064961959368544,15.6841328004165,44.8428232036059,15
7.145833333,30.0202974851369,2.88743164001331,1130.45498552001,72.8801189353163,2362.41787020092,129.576170229802,432.038048938393,0.0404681809375496,11.105195950105,6.72540267920756,0.75460161110437,4.84011688551967,4.4051929304619,0.227753765715756,0.0107769236034597,0.0062716410259868,13.4861854192933,45.0759306746109,15,3129.33234337428,60865.0,2,30.0199959686057,2.05209808790394,1128.73435774885,69.5489429017894,2357.15802234552,129.155703242092,431.589121663537,0.0032884296811112,8.63945238061877,7.71596778208083,0.536555741725283,4.76990178744439,4.62394795237014,0.232247991739689,0.0109662569788908,0.0065056177516835,15.7804968238653,44.9292935516608,15
7.15625,30.0203259957721,2.69569813770139,1130.84872932731,70.1867730229983,2364.04390608892,129.735590727726,432.678557664416,0.0417059583915046,11.1896448363223,6.23661927444862,0.716078146647322,4.69400274005413,4.39262476881927,0.228281302281209,0.0107951737239893,0.006304096630462,13.4846425509688,45.1312428323348,15,3129.46859974778,57665.0,2,30.0201012105961,1.97638199713902,1129.6401346044,67.287703516965,2359.74165772387,129.365836504677,432.406214259315,0.0033475229626326,8.64258346364083,7.34873617923226,0.517159702319319,4.64980296949343,4.61740109264134,0.232368414097184,0.0109704009813433,0.0065176253708779,15.853460421971,45.0021896863991,15
7.166666666,30.0062895447496,2.60325267492891,1129.83664407539,67.5857938170994,2362.2992947709,129.719474301024,432.745974015644,0.0468020921244578,11.3357227200888,5.76428395164663,0.696460644056881,4.55301234969807,4.37333724202405,0.227258525314871,0.010757806129418,0.0062890815592901,13.3942991565176,45.1256294037666,15,3125.48460778786,60990.0,2,30.0163016348561,1.91794358255621,1130.00341473966,65.0536739352277,2360.99287456727,129.515097290938,433.019191143249,0.0034877804849359,8.73778219859158,6.91610311380294,0.504419676289208,4.52862237965404,4.60284812355725,0.23268456016451,0.0109805765999879,0.0065312171090953,15.830737977837,45.0539675880124,15
7.177083333,30.0126592357704,2.4928937407533,1127.67832575257,65.2235886544666,2357.96624618268,129.559896934057,432.356853875513,0.0472205643402322,11.471930525707,5.37748317848474,0.678100715604742,4.42407910834094,4.36034867482569,0.227397249193938,0.0107628160742138,0.0063045110864292,13.2991461111333,45.070249123859,15,3118.39137039236,58200.0,2,30.0133757481121,1.8586369744155,1129.41070679156,62.9050565155139,2359.99707668524,129.547399335806,433.248324806787,0.0035402238906133,8.88915012563183,6.48231602320703,0.493995922718004,4.41096882526198,4.58486662824513,0.233561724534,0.0110097987205468,0.0065574933982596,15.7414282126664,45.0651638912328,15
7.1875,30.006589523678,2.40000208240848,1125.64447922577,63.0859218998077,2353.71236702435,129.407643629335,432.020276945653,0.0511669244151511,11.5782214113846,5.00663465408118,0.660333030573487,4.30705359424769,4.34953571494644,0.22637707906831,0.0107264615803247,0.0062906088296252,13.1958660988427,45.0175335305624,15,3111.66616669161,59890.0,2,30.0113725548308,1.80583216926763,1128.04563223966,60.8830229001676,2357.19556615826,129.483476318717,433.177064101372,0.003668178754703,9.04388091712746,6.07946651003948,0.484202971933148,4.2992850800382,4.56834283973108,0.234305012993368,0.0110343174513233,0.0065799054339322,15.6298046865972,45.0429947094631,15
7.197916666,29.9932105722099,2.40652949083204,1123.04250031095,61.3625927983773,2347.89082417975,129.172013230244,431.402010766775,0.0581989483933258,11.7287185855566,4.69165211810276,0.663176973853479,4.21238317889638,4.33553877161226,0.223681096349156,0.0106303107022814,0.0062262608598143,13.0075525430281,44.9360177534612,15,3103.35446927967,66360.0,2,30.0050880521843,1.773732014258,1126.28609253393,59.1368403855271,2353.40820076466,129.371212889655,432.927542575669,0.0038744271136921,9.29292161936776,5.66213739184649,0.481905342688561,4.19851120677061,4.54463813591304,0.235025291406186,0.0110573393480298,0.0065984653026665,15.3991050150226,45.004176326492,15
7.208333333,30.0093695107887,2.36791070352453,1119.08682959545,59.9640463452624,2339.31367115264,128.773527223049,430.268386785905,0.0559640941633479,11.78923556081,4.54599884193232,0.66097823510875,4.13306730262982,4.33678802036729,0.223982531769131,0.0106418211281006,0.006238514945816,12.8925473363176,44.7978951101363,15,3091.65326715933,62260.0,2,30.0040148851327,1.73803388466992,1123.63050017512,57.6362083850673,2347.55581914828,129.140727647125,432.303443185327,0.0038696001214204,9.50652207546528,5.33851921672237,0.47898832908468,4.11172655561959,4.52708425923414,0.236177700165202,0.0110955835017562,0.0066278938209699,15.1746557373753,44.9243738324716,15
7.21875,29.9978910406898,2.36636890868273,1117.48302354205,58.858928846295,2335.56714067278,128.641329462092,430.04877216069,0.0616489038643331,11.7945418520175,4.46659187302409,0.661932469278002,4.07119816172895,4.33966563965587,0.222311006248633,0.0105820175562822,0.006198941130793,12.7898896584202,44.7524221840127,15,3086.51371265093,67265.0,2,30.0032187997607,1.71474232723302,1120.78962508737,56.3782023003678,2341.26710829208,128.880949591177,431.60929846561,0.0040442949350449,9.65355938894475,5.12060193920331,0.477044125907073,4.03777037273896,4.51735090504062,0.23665726850462,0.0111110465337236,0.0066407212042382,14.9854697183864,44.8344509756798,15
7.229166666,29.9986896153679,2.37457860003336,1116.40683897903,58.1088520838254,2332.70875954941,128.556846685961,429.995530235211,0.0640095340816093,11.8003490165627,4.40777368814765,0.667259296290004,4.02939807764026,4.34662932393466,0.221069399948729,0.010537817132598,0.0061690282831874,12.6741749051839,44.7235955388461,15,3082.87531730422,69075.0,2,30.0007602608482,1.69968514009409,1118.94002284263,55.4514170085752,2336.95286380964,128.72737478507,431.275285990004,0.0041343744326181,9.79626263121443,4.96409548706626,0.478338663556134,3.9815551156744,4.50982571232669,0.236995446287791,0.0111217121926843,0.0066493489750676,14.7702438351411,44.781555981875,15
7.239583333,30.0026881868671,2.36058367154748,1113.89699663639,57.520836396786,2326.83830725893,128.303227313135,429.395830841309,0.064813213109911,11.7607080188632,4.36855135762583,0.666920034218615,3.99426096978932,4.35951840291224,0.220529390172685,0.010518871627965,0.0061582318002309,12.5981779437132,44.6359187085703,15,3075.44333786634,69015.0,2,30.0009828401728,1.68497691369033,1116.86084195815,54.738019089213,2332.04906793291,128.536378536332,430.841958268593,0.0041781134434294,9.87566233393197,4.8624131284563,0.47786407319525,3.93793850895381,4.51007069358354,0.237281903514509,0.0111310299923118,0.0066572407884998,14.5986035127921,44.7156661723693,15
7.25,30.0179675210477,2.29830633495634,1115.73505822766,56.9964000137231,2330.25485609144,128.56223230369,430.543158403694,0.059759325999826,11.6516001303842,4.35409138053236,0.654181530990362,3.96470105015975,4.38055859807357,0.222101586217959,0.0105762320882404,0.0062034015984935,12.6139646103017,44.7265231690893,15,3080.11367115697,62570.0,2,30.006384098023,1.65977453182921,1115.69188239121,54.0994870414855,2328.98582545182,128.443147233428,430.78249047007,0.004072790945593,9.83844534576013,4.81136066891211,0.470932791095016,3.90214024032761,4.52209551005816,0.23760347901803,0.0111423427773122,0.006668210566456,14.5421868594453,44.6837449117353,15
7.260416666,30.0112785710595,2.26609098268383,1118.29635259387,56.3254164616305,2335.17280799681,128.909172617656,432.006491357716,0.0609029851960473,11.5310206271867,4.3349268671177,0.644797856125558,3.92809145542868,4.39818881396477,0.222086573751275,0.0105763348041992,0.0062071180746521,12.6486194506486,44.8476892419902,15,3086.66844770226,62710.0,2,30.0100427421714,1.63895312447993,1116.4617463902,53.4866196041102,2330.00299955376,128.576003764701,431.514642281287,0.0041117105319771,9.73204973063626,4.78369719321836,0.463724439663346,3.8698737285989,4.53983490829089,0.23728333548939,0.0111320606858486,0.0066643083897296,14.5607456058798,44.7304324318539,15
7.270833333,30.0153104604543,2.21563999305738,1119.4363965326,55.5330804712466,2337.04120100408,129.090535873179,432.925280547541,0.0587805728674526,11.4330633792658,4.31790549591286,0.63468028207845,3.88458417826097,4.41549011853844,0.222663003095137,0.0105977494753143,0.006227230948599,12.6863633228978,44.911238232308,15,3089.20329949572,59325.0,2,30.0117387020427,1.61560667541727,1117.65689195628,52.853137942945,2331.87878188371,128.758871145406,432.432016616833,0.0040724455011272,9.61468535874147,4.76274325580215,0.457180717699777,3.83707870321092,4.55817500979965,0.23686658838711,0.0111185647902891,0.0066586453533702,14.5997361567509,44.7944999829181,15
7.28125,30.0072198191104,2.19248722746984,1119.33293130233,54.6794843004891,2336.17301194128,129.125606470685,433.357817864186,0.0610513267120014,11.3647625640416,4.28695732107633,0.628889702496394,3.83731719820493,4.42772728237828,0.222062500632617,0.0105766835032292,0.0062158630146427,12.6989786882643,44.9238963093356,15,3088.19456114123,60590.0,2,30.0111532939514,1.5966002222914,1118.50451983565,52.1858239285555,2332.98326465743,128.902815469634,433.228436162253,0.0041369371046128,9.51243823070697,4.74173191135689,0.452059190492394,3.80176692995358,4.57474441462962,0.236269786501289,0.0110987437580206,0.0066481046998068,14.6340902928248,44.8450163745875,15
7.291666666,30.0080632847567,2.16590236519526,1118.20779611167,53.8653562712891,2333.0601217327,129.03878848854,433.379616197931,0.0609503630947527,11.3264117865399,4.24774187923761,0.624592154778317,3.79167323960084,4.4387848424563,0.221852175922065,0.0105696628936814,0.0062143906208146,12.6936061961558,44.8941632751801,15,3084.33438155798,59530.0,2,30.0095384242655,1.57822323068842,1118.63120544385,51.5192668648442,2332.50435188166,128.962635780507,433.742342349134,0.0041494164813537,9.44710323159754,4.71165472496552,0.448366660599197,3.76536971587987,4.58795791230496,0.235838526908276,0.01108436461749,0.0066410394015471,14.6403389228417,44.8662789936353,15
7.302083333,30.0046914283801,2.15715165420001,1116.72129156624,53.1162780621234,2329.12234196635,128.90837232427,433.254856083416,0.0624690791609229,11.2970850316231,4.21367384882907,0.623155470683221,3.74932766928617,4.44800107654757,0.221323982008054,0.010551086833714,0.0062031173386942,12.6779497253527,44.8492608552918,15,3079.47930064327,60295.0,2,30.0079082953436,1.56305900503627,1118.04781632982,50.8678781290094,2330.47318067153,128.939099747903,433.97680745727,0.0042024243614313,9.40571068651096,4.67808346264353,0.445549960602678,3.72894955225726,4.59899427407514,0.235497448858453,0.011072901967284,0.0066354242565504,14.6297055630674,44.8585481058546,15
7.3125,30.0005016369425,2.1640630856817,1114.82207259436,52.5043536518371,2324.2199536363,128.726030442738,432.947754045,0.0650307379094891,11.2899153724368,4.18937649549391,0.626398835060493,3.71411014861294,4.45501089501203,0.220376343495736,0.0105172673939022,0.0061799183653143,12.6365556462413,44.7862998252481,15,3073.50484814661,62230.0,2,30.0051841012422,1.55337805924867,1116.95943608026,50.2902855713653,2327.33802493682,128.856370758492,434.003080628099,0.0042807832061023,9.40453746742828,4.64189360632454,0.445338598768233,3.69492135146364,4.60636051136032,0.235214965873545,0.0110631602425003,0.0066301190686836,14.5809441717886,44.8302441638547,15
7.322916666,29.9969201341641,2.18586592911727,1111.77339226596,52.0707186797486,2316.81543747952,128.405471298081,432.164347948979,0.0681787294836382,11.3008660900401,4.18598152924843,0.633300581472715,3.68760836566021,4.46055573696912,0.219229033291437,0.0104759878418577,0.0061500725221321,12.5706982990885,44.6752411520068,15,3064.42845661822,64910.0,2,30.0018443397568,1.54969148310694,1115.13954013838,49.8262424906635,2322.62369405366,128.687024832622,433.723838016661,0.0043749967072099,9.44475571709891,4.61036842135263,0.447490008453956,3.66525339601526,4.61013023980642,0.235057396927102,0.0110574225215375,0.00662658876711,14.4893249664586,44.7718238175837,15
7.333333333,30.0012949317671,2.19329583289166,1108.85447610817,51.8088206185924,2309.69033004322,128.099346359215,431.425001069909,0.0683115435407768,11.2966589212968,4.21681519398685,0.637226886584586,3.6702792866131,4.46872755095446,0.219088962238328,0.0104708142263327,0.006145772352404,12.5201484843303,44.5691477774726,15,3055.83534148244,64780.0,2,30.0007232170525,1.54612673554626,1112.65416430448,49.4738991709355,2316.46339089585,128.436753796576,433.16619947148,0.0043926360156745,9.48794231003101,4.60045586798879,0.449107232671596,3.64145637771523,4.61396365294418,0.235170470734874,0.0110610131339805,0.0066293111940623,14.3933476081192,44.6852311830213,15
7.34375,30.0054904007012,2.19619249349843,1107.59551043188,51.6322380505496,2306.10983208541,127.989770486047,431.352237555731,0.067349473232834,11.2575721976233,4.26995665817642,0.638294504457105,3.65860019158537,4.47948591188472,0.219598589613694,0.0104890796762605,0.0061574627188635,12.5059832371918,44.5313615680341,15,3051.90821263324,63725.0,2,30.0022510959167,1.54172028677835,1110.3719639784,49.2002783391248,2310.70836340168,128.207914336623,432.686653974277,0.0043793007252588,9.49358268654579,4.62008926448147,0.448748093380489,3.62334189462156,4.62112164600246,0.2353540405804,0.0110672938511833,0.0066340647431664,14.3355371307709,44.6060338447815,15
7.354166666,29.9960286785751,2.23656929730067,1107.53663198664,51.5940172508545,2304.92833135548,128.015633009887,431.727224990993,0.0716920512612431,11.2353087401771,4.32568293243368,0.647259447191296,3.65575658193473,4.486132315066,0.218579210719092,0.0104521117126678,0.0061282059472488,12.4681723390572,44.5407015775493,15,3051.25690512855,67985.0,2,30.0009893899016,1.54740000556834,1108.9769134392,49.0542840451311,2306.82830474606,128.083399000098,432.550157156369,0.0044953346396837,9.50539124797643,4.6527063099053,0.451870996650698,3.6117445773749,4.62699729372702,0.235177302047303,0.0110610677089517,0.0066290558667168,14.2690323015019,44.5631011511959,15
7.364583333,29.9942047042306,2.30253059447743,1105.34805241892,51.7277593696627,2299.20230640986,127.786433555441,431.224986561762,0.0739656170523702,11.2378249825904,4.39534948726347,0.663431498176158,3.66092882668708,4.49215109581056,0.217794125309628,0.010423395937568,0.0061019246580124,12.409825732287,44.4613105921144,15,3044.81313668082,70855.0,2,29.9978447281843,1.56082128622598,1107.74195583589,49.077143347704,2303.25472191225,127.975228787539,432.449410578552,0.0045566707451091,9.55068364516623,4.69560900159608,0.458808917081964,3.60835360878769,4.62972212290003,0.235065921964544,0.0110568753363837,0.0066243235904595,14.166562246381,44.5258594507411,15
7.375,29.9649644492408,2.58026285091433,1098.44698211126,52.1766221833532,2283.19102458694,126.978769793254,428.720305246565,0.0880734212156908,11.3029534144688,4.59329621948012,0.721049812602012,3.68530222266756,4.48835782190416,0.213711383475748,0.0102739501541119,0.0059737166399105,12.2542621843124,44.1807685236642,15,3025.27085433377,88185.0,2,29.9849438139588,1.6240940788981,1104.31338782361,49.4126768493885,2295.06136897953,127.606020384344,431.411011947478,0.004992746040585,9.70442096717491,4.76902117329476,0.483340794017949,3.6167789656849,4.62196120988939,0.234391101764855,0.0110323716049271,0.0065991054960754,13.9408653120153,44.3978708917781,15
7.385416666,29.987536222193,2.95771663982747,1089.55187280941,53.2850919207729,2263.31710632651,125.923757753293,425.347351520507,0.079457357320805,11.2688972688442,5.1787613436519,0.804166490422426,3.74446324375132,4.5031817230162,0.216190126165985,0.0103615388553203,0.0059921681014791,12.2099527236027,43.8140545670229,15,3000.92942617314,88175.0,2,29.981700500909,1.70611913566278,1097.72237315799,50.0971207672034,2280.15411184524,126.843205901222,429.004331061035,0.0047353905454373,9.83728629036051,5.04877182930341,0.51833076082986,3.64648305326578,4.61878510553461,0.235162086579223,0.0110580965222078,0.0066053341172843,13.7265156480973,44.132964281059,15
7.395833333,29.9523551019559,3.72018258016229,1081.97378988908,55.4273840255567,2245.5100552428,124.958505529101,422.218729093604,0.0874032223135743,11.176328249119,6.07548076341222,0.94717125737933,3.87434315871907,4.51314648509597,0.214429084554476,0.0102950212166904,0.0058746589084304,12.1723376850209,43.4785849262977,15,2980.17528652983,112305.0,2,29.9696709383768,1.9078078353907,1089.16908227383,51.5585247428517,2261.23567537133,125.823275049517,425.672856570158,0.0049999327886977,9.90059814802406,5.68631200231817,0.586465770996621,3.71910932476805,4.62100460377716,0.234861969767996,0.0110470904175566,0.0065720155498602,13.5557813881456,43.7785508096225,15
7.40625,29.9526932919563,4.59527296529409,1078.78820495112,59.2227155853763,2235.19135934655,124.389545690508,420.323171737119,0.0836017804289013,11.0846070531771,7.08940002986945,1.10578568000175,4.1242114084793,4.53127915846022,0.213278280607766,0.0102521710447595,0.005769810928319,12.1519885567151,43.2812506173404,15,2970.89718594601,131380.0,2,29.9571752562252,2.21695527454858,1082.56638776727,54.4813725736817,2245.39459538185,124.934761586006,422.681532893769,0.0048185021991249,9.9235730987729,6.6553654277326,0.689036766422706,3.89153064947218,4.62844158072575,0.234329904626294,0.0110285103981448,0.0065215144087749,13.4025042025864,43.4700131840193,15
7.416666666,29.9871832921364,5.48153104852857,1077.24869251887,63.9361632110045,2229.43514919823,124.05033212373,419.123779583228,0.064072402049297,10.850622689026,8.26574884760902,1.25013558929222,4.40796653988883,4.56609359730264,0.216320463640307,0.010366873684715,0.0057688525568365,12.354686749013,43.163819591275,15,2967.71845216975,127990.0,2,29.9723506808519,2.50210326990789,1078.72043275656,58.3821056255676,2234.829589307,124.312210972476,420.544763363365,0.0040460713169269,9.73654730995302,7.77255714594336,0.772185896175683,4.1322927812163,4.65900739085469,0.234563281879531,0.0110380726656168,0.0064944236422844,13.5018998628647,43.2540761029163,15
7.427083333,29.9696294619747,6.50373413495061,1083.53147148205,69.1532756592198,2239.87822964407,124.607181454891,420.8369431287,0.0553506530177319,10.628664007786,9.41101071035767,1.39721779040044,4.73159380767546,4.58600768515389,0.216586630015926,0.010379870372188,0.0056983694066885,12.6035205026796,43.3579852938906,15,2986.02381499712,138900.0,2,29.9742601805809,2.87209003517618,1080.46075282732,63.0006187592333,2236.53966735922,124.355343620008,420.577821948267,0.0036453995607785,9.42355358906645,8.9884738887876,0.85998224509403,4.41122076554804,4.69420688377798,0.233342369211097,0.0109981742105191,0.0064267189254192,13.7924854433013,43.2696610619377,15
7.4375,29.9678316304167,7.59804780450317,1083.5343717793,74.7511343586355,2235.99176909857,124.337932401115,419.65336480501,0.047102783784776,10.4618883217628,10.4781900509927,1.54415948548738,5.09368073062771,4.60225339545623,0.217002337550921,0.0103986469784723,0.0056321319811886,12.8196572717885,43.2643306297619,15,2986.14967730429,147755.0,2,29.9696240881921,3.30916116839173,1083.37699424778,68.2809698716394,2239.89160910147,124.470369252315,420.726788399501,0.0032487770450505,9.14351526096699,10.1594199084971,0.957695690328208,4.74378964055193,4.72158314236671,0.232027600479646,0.0109548058761352,0.0063514124842311,14.1026908969585,43.3100226101577,15
7.447916666,29.9639107552124,8.62804195112139,1078.92429199291,80.7377566221966,2221.33997261774,123.424957056967,416.24560753228,0.0421157826244869,10.2749309667905,11.4391499909185,1.67125941152382,5.49446648978935,4.62150670357858,0.217078551500666,0.0104051016321979,0.0055685197968777,12.9667323495443,42.9459772855617,15,2972.71392233074,159305.0,2,29.9657855269089,3.80408408440252,1081.2095569064,74.03461436788,2231.56621158139,123.89929725558,418.469084788013,0.0029744681526041,8.8790073711328,11.2501712528226,1.05723107154777,5.11671601338181,4.74670633222432,0.230616329324864,0.0109078698562681,0.0062703475732388,14.3715148421519,43.11111823841,15
7.458333333,29.9773117469802,9.06113645477127,1075.72991060917,87.2981092172037,2209.8396674905,122.634609440487,413.25746934839,0.0378207315142937,9.99816651931681,12.2280427472656,1.72455081934618,5.92095811434394,4.65530719415059,0.218104434849107,0.0104466761502232,0.0055665076969057,13.08743114642,42.6690727742327,15,2963.57162915999,160855.0,2,29.9725374159077,4.13231465440055,1077.54660229497,80.1305307798765,2219.4124659948,123.07188337933,415.33156984395,0.0027727464684159,8.56605188440677,12.1811645325283,1.12053340992787,5.51743361452502,4.78051537620353,0.229154235472004,0.0108594440425411,0.0062077625195979,14.5913718091975,42.8220531040692,15
7.46875,29.9813713887,8.90426751161086,1076.2411244458,94.0163651678146,2206.46776245879,122.269446397924,411.705387138556,0.0357898528917272,9.71236369551709,12.5936183353763,1.70105001211194,6.3452368349355,4.68942423102704,0.219215254894794,0.0104908210207924,0.0056030761004109,13.1439066244839,42.538506056694,15,2964.92894374919,160900.0,2,29.978935725163,4.25527874185213,1076.07275607013,86.4272875503572,2212.00639743496,122.483628658829,413.020139769724,0.0026946530765489,8.23511131315253,12.8041896775025,1.13461373616422,5.91997321498248,4.81815351121303,0.227403789366892,0.0108009547591051,0.0061600850809589,14.7358082307475,42.6147932503527,15
7.479166666,29.9849503823062,8.39928044866202,1079.08169621229,100.509574261718,2208.02704410736,122.164398475028,411.023353681619,0.0346770410368077,9.47444679293855,12.4862107507052,1.63067113238239,6.75064785229123,4.7188166197352,0.220553540717447,0.0105422687423384,0.0056666976388819,13.1335511058242,42.4969510935903,15,2972.47726337371,159345.0,2,29.9829743616224,4.23380330164591,1077.64137606309,92.6443736075334,2210.90749513666,122.237238492442,411.865638744698,0.0026751098892101,7.96022442719194,12.9626171827422,1.11504212530501,6.3122855923989,4.85066261455568,0.225893921735698,0.0107503222762403,0.0061314023940181,14.7793718238672,42.5249463405891,15
7.489583333,30.0139957460662,7.58558917243231,1084.22157873719,106.471624406143,2217.56589075196,122.493728217426,411.825680749819,0.0306642502052934,9.20023986320168,12.3836991726773,1.52295614668265,7.06540524636979,4.75303589856198,0.222200623057501,0.0106044679259976,0.0057602931172455,13.2261503060777,42.605814265194,15,2988.8882378458,140235.0,2,30.0008227456144,4.00148063176823,1081.05798184926,98.0767518213672,2215.10892760171,122.280160386232,411.731573215048,0.0026048806005295,7.65036757030043,12.8855811010446,1.0534176115817,6.6337463991925,4.88744818187742,0.224289744814201,0.0106966268086544,0.0061214984884102,14.8818737288482,42.5348077235299,15
7.5,30.0045218241207,7.01390599049787,1091.7332363642,110.74945717349,2233.24687639795,123.193175684578,413.856470110972,0.0291047152837515,9.033046032656,12.1763067148807,1.43086031824673,7.27470857290493,4.76475431685375,0.222050023382889,0.0106007179686603,0.0058003280437939,13.2977856106127,42.8434387477427,15,3011.7169908592,133475.0,2,30.0053749138597,3.84531701941586,1086.89712011715,102.452848185429,2226.60982619529,122.745160060659,413.033196092709,0.0025982293721714,7.37113574006795,12.765494654426,0.992139080668303,6.86041739022293,4.91417792340565,0.222217098007898,0.0106258858598721,0.0060934394353761,15.0215764861997,42.6912083047182,15
7.510416666,29.994418161504,6.62761294856083,1097.4468039333,113.531921235702,2244.16250659431,123.643109588151,415.028403496713,0.0287547102970608,9.00243374087977,11.7521718493159,1.36364093515746,7.42700767887024,4.76144097485132,0.221511437237175,0.0105817831487867,0.0058183487795465,13.2757819505764,42.9944021870724,15,3027.60536027643,133450.0,2,29.9990161745635,3.78093189959741,1093.32870166701,105.747187618031,2239.32851215577,123.293699712998,414.572010244123,0.0026032108414035,7.24460205277871,12.4607865999597,0.955726346013525,7.03394746470656,4.92062503205055,0.221030540191081,0.0105849318908648,0.0060745165532072,15.0672916484494,42.876531122805,15
7.520833333,30.0033115785972,6.25718917887591,1101.27954759053,115.600063761352,2251.71645225156,123.90251821217,415.58420629675,0.0272810336504236,8.97155713756265,11.2745186982218,1.30236034878373,7.53285248313699,4.76134498731718,0.221145301418651,0.0105690638186093,0.0058397059727822,13.2591051602388,43.0793574833987,15,3038.37160919682,127860.0,2,30.0000643995004,3.69728675768873,1098.15831048594,108.035366087059,2248.5526823109,123.651686022549,415.468224049125,0.002582861230497,7.1819190367357,12.0271296109695,0.92331091853724,7.15895759359719,4.9212681725548,0.220486449240653,0.010566179345693,0.0060712796138077,15.0740199068098,42.9957056545117,15
7.53125,29.9981928357191,5.97467761459735,1104.87586913298,117.199262124227,2259.07316361312,124.154332260737,416.126208570466,0.0268081323659016,8.95706175757022,10.8218133416066,1.2504118352808,7.61192877245601,4.75659544740483,0.22009759610398,0.0105315234362088,0.0058396044741389,13.223153282099,43.1620374252299,15,3048.44315484507,127480.0,2,29.9997516416812,3.64003479841044,1102.06894327354,109.747306762432,2256.36852204119,123.932911841521,416.118512663331,0.0025894810973442,7.13853717429858,11.5631275730848,0.896300395443928,7.24627314379253,4.91926711753188,0.219929429306049,0.0105467231104239,0.0060648993954552,15.0656603408312,43.0884496376053,15
7.541666666,30.0233178253025,5.63325442609329,1109.82092580418,118.206551635279,2271.14801001546,124.665326995193,417.573918307968,0.0236165846671485,8.86387194793249,10.4553928026404,1.19518942436941,7.63174358342719,4.76314811331952,0.219657289651994,0.0105163960341393,0.0058585551919575,13.3123666643293,43.3354985125176,15,3063.56267345295,112005.0,2,30.0106863024618,3.52201611897117,1106.02394412158,110.698331666888,2265.04026900159,124.260265432648,416.972220938465,0.0025302835180185,7.01564513658512,11.1699961036568,0.859598663138541,7.2867347228581,4.92591100286824,0.219040280095264,0.0105162484146915,0.0060579777547886,15.1562187561128,43.1977946966904,15
7.552083333,29.9696883132466,5.79807389260746,1113.06096896902,118.343506247524,2277.22186806653,124.865880638939,417.924830733895,0.0266009629918691,8.96126831734303,10.032049189915,1.20202465857666,7.65499029209104,4.73690395823035,0.216859081008943,0.0104138684698323,0.0057823370150674,13.1910671430042,43.4016045561418,15,3071.11399440904,132775.0,2,29.9922628239526,3.59564487629925,1110.47632993905,111.499596275876,2275.08626678133,124.676041896264,418.063452140069,0.0026044802223721,7.04768596982414,10.7325028755567,0.860181391104296,7.31464077296665,4.91135704605929,0.218438216127206,0.0104942310315212,0.0060365117187048,15.1056116796105,43.3382646681345,15
7.5625,29.9952072338793,5.84383352306591,1110.90434537606,119.090709392271,2271.29283553022,124.364353895954,415.967208132289,0.0251345941400865,8.96715742091489,9.74506073822324,1.21311756653663,7.71795788739529,4.73855688243411,0.216649015465256,0.0104063422909132,0.0057741407617988,13.1163099424202,43.2239978454983,15,3063.63258762922,129525.0,2,29.9888840354715,3.63312000794967,1111.61046204778,112.236931804841,2276.27593883614,124.583955860738,417.420795405218,0.0025560230200543,7.15496922560468,10.3409346772113,0.87412188397774,7.37409431908364,4.89523367822178,0.219357853599888,0.0105260699972693,0.006052512495527,14.959996354692,43.3025538693132,15
7.572916666,30.0089653225456,5.77119247781842,1112.09885034023,120.04577538884,2274.87825802035,124.379118227916,415.794326486435,0.0232316950387159,8.81327399967945,9.52660034499324,1.20196615746525,7.74983675155056,4.75326594277842,0.215937072077204,0.0103817377448463,0.0057654833218421,13.1843981782161,43.2264553339454,15,3067.81708784829,121550.0,2,30.0006068542627,3.60234508103878,1111.2366243824,112.858573272278,2275.43556804786,124.360888984098,416.436366559177,0.0025162533293064,7.04358456984254,10.0852710571043,0.865664590829284,7.40850758880919,4.90478293431702,0.218570850043493,0.0104990906005476,0.0060389894891149,14.996997616984,43.2219778934955,15
7.583333333,30.0064471917913,5.72406272768345,1117.05467304523,120.352138989846,2287.04707340498,124.879015457098,417.238702707661,0.022167663243089,8.68054284959221,9.34817960582651,1.19178874097371,7.74338877621852,4.76084715308909,0.214867680234966,0.0103436266137787,0.0057464766970819,13.281875384986,43.3981209200413,15,3082.47729339365,117020.0,2,30.005340302204,3.5715914175364,1113.8946953613,113.234022134341,2282.19102132064,124.559273696792,416.898267255051,0.0024934712239288,6.85613984838321,9.88486729730122,0.852078743516607,7.41463901820681,4.91938622860532,0.216886049479909,0.0104406133604954,0.0060058372918856,15.123347184713,43.2884825155561,15
7.59375,30.0240498178441,5.50473236955733,1123.26069287655,119.718794438088,2303.0681054205,125.599742075079,419.436919848072,0.0200390242516962,8.52962698217507,9.16151405307698,1.16172435204028,7.67232809441514,4.77118988089514,0.214747552718281,0.0103402897658751,0.0057625468210438,13.4681117919998,43.6470867832345,15,3101.04850608114,102800.0,2,30.0138743849528,3.46961853609124,1118.4435583399,112.801677311943,2293.69475617913,125.027959272015,418.297911915642,0.0024550513344137,6.61305009005177,9.73336437058274,0.825271954875011,7.37328226183333,4.93791626026209,0.214891131249543,0.0103714333419229,0.0059732354970836,15.3521218593629,43.4495065936952,15
7.604166666,30.0235184364743,5.23260274957602,1130.83950412299,117.713887445319,2322.78366633512,126.550305804713,422.41327053944,0.0192524699120682,8.41596188988189,8.9216393339721,1.11837419149258,7.52345965711828,4.77140612922286,0.214264466310186,0.0103231164524242,0.0057747051882417,13.6717198927036,43.9764346100649,15,3123.20780164323,93660.0,2,30.0199708812754,3.34326552446581,1124.26206205955,111.35726838207,2308.79440264213,125.714651823571,420.4618047253,0.0024591772792965,6.34401822713297,9.56273987958408,0.788321663004059,7.26961895239934,4.95573208229317,0.212327459675681,0.0102816427707537,0.0059301125633209,15.6561063672355,43.6868120146879,15
7.614583333,29.9497765524605,5.49114908618862,1131.27502469851,115.244573624426,2323.156974075,126.473361252403,421.855319408288,0.0253811168010259,8.72021356489625,8.49821114375804,1.1470586053141,7.41984454134279,4.72152089685596,0.211204699481315,0.0102066378904662,0.0056809497214179,13.4013052302421,43.9489047376437,15,3121.4656183472,126600.0,2,29.9865713071692,3.43190820122015,1129.84667322138,109.942493891241,2322.59653392647,126.361694876919,422.332847514717,0.002591846307601,6.53097113961266,9.20778286698871,0.80505323084628,7.17500130669872,4.92299418957271,0.21275046837686,0.0102945336683322,0.0059285137269296,15.5296095903337,43.9105953430186,15
7.625,30.0053073173886,5.31487031294456,1116.67085186905,113.885996303263,2292.33828484176,124.639393566414,415.531644237906,0.0237308216857973,8.8131608083567,8.27850865890929,1.13438190357589,7.35069639700842,4.72230034795348,0.212641218281937,0.0102589733685635,0.0057269710560237,13.2391757778292,43.3108065819481,15,3079.78273305025,115230.0,2,29.9875583406471,3.38557376879145,1124.5015990155,108.437728503859,2311.1021334535,125.607316532285,419.509531186156,0.0025670573467494,6.8220480076106,8.85544253899682,0.814066996559088,7.10696969340793,4.89159223724215,0.215868653270228,0.0104042080575619,0.0060013531850046,15.2438491933079,43.6475318028471,15
7.635416666,30.0161862520934,5.05711443016959,1120.83689629737,113.595240009202,2303.41237305152,125.104270453119,416.942839586319,0.0228511967039396,8.68251013512818,8.17814947701442,1.09111090515028,7.30608493688627,4.73463674017898,0.212558234276836,0.0102568884387873,0.0057474195777384,13.270808681464,43.4718678649989,15,3092.52261544689,106785.0,2,30.0048794904146,3.28541258243161,1119.91759224247,107.27911551231,2302.5754946007,125.004955809886,417.344150041682,0.0025840731004215,6.77456472252583,8.68694622367719,0.788406113514804,7.03300601451522,4.89699573890143,0.215782017331366,0.0104016417156324,0.0060100524431372,15.2225536675063,43.4375289968711,15
7.645833333,29.9934706203852,5.00450673958829,1128.73628775481,112.835061174429,2321.45344682015,125.971017788973,419.656995915478,0.0245944753661045,8.67021156327684,8.07587093691006,1.07643918363791,7.25951085494597,4.72821580354079,0.211301498441118,0.0102100773520871,0.0057228788589486,13.2332866722403,43.772856620575,15,3114.31924955581,112435.0,2,30.002122483117,3.25664032316189,1123.98002042599,106.612547781986,2312.73828021361,125.436300231132,418.62665494183,0.0026310498665405,6.72890812950754,8.55367139344633,0.775398202557426,6.98275300136968,4.89764239949633,0.215051408223258,0.0103757046781906,0.0059966372472839,15.199827454741,43.5869915699517,15
7.65625,30.0358707150968,4.71065161855989,1134.69041577893,111.476148485829,2336.88177967198,126.690286398714,421.923313844606,0.0216254463395618,8.55441096813764,8.04983938590201,1.03778738232553,7.15742322683458,4.74185318013543,0.213254219360817,0.0102831474597867,0.0057933906743577,13.3843484310918,44.0227852932535,15,3131.76354710498,91105.0,2,30.0141467984551,3.12838384402381,1129.29228136848,105.355881814295,2325.61139801608,126.019536867385,420.462614687475,0.0025713453986738,6.58266566795341,8.49572252578772,0.747157427700523,6.90813614726464,4.90916349631303,0.214414699084372,0.0103544646903862,0.0059968433823643,15.3245213119188,43.7894574401828,15
7.666666666,30.0208776057519,4.52533025826873,1141.20052988686,108.80108060293,2354.315208479,127.546739493433,424.668011300879,0.0226876992504095,8.458168752118,7.92429960655101,1.00342042111912,6.97814665011769,4.73979100797527,0.212989133984378,0.0102736296482771,0.005803790060841,13.5591609063974,44.3205655129057,15,3150.63910145701,87210.0,2,30.021415724547,3.01976722319236,1134.89824573326,103.290224325327,2340.16348496834,126.71071347448,422.719104381601,0.0026093806482383,6.34294561371964,8.45070249869191,0.713232066720969,6.77740309902043,4.9261097033603,0.212153653503154,0.010275234278117,0.0059584986206624,15.5906152333187,44.0296005837293,15
7.677083333,29.9908631837498,4.60884597256702,1140.74537931273,105.358546503016,2355.64849932376,127.544100202073,424.512846972523,0.0263853498678037,8.58615331352934,7.72227099128708,1.01789144648897,6.78076909994658,4.71458063620251,0.212138571280661,0.0102401658930353,0.005774931198549,13.5197573518356,44.3199472653462,15,3148.59698968459,96230.0,2,30.0088380374311,2.99330956101923,1139.02131555659,100.823765352475,2351.62434917224,127.254348189002,424.415201778499,0.0026895914687722,6.34331426644001,8.30048634155108,0.708539414730566,6.62355829040987,4.91615504692894,0.21163600818057,0.0102562616386225,0.0059489865630165,15.6559413065659,44.2186520696823,15
7.6875,29.9984634225211,4.69733667659151,1134.24402571473,102.262566596322,2343.77576597887,126.809537110105,421.943547819718,0.0271733394249616,8.69540606083829,7.64765093440352,1.0430915110347,6.60517504016041,4.70086605159488,0.212743945389846,0.0102612281061536,0.0057798618047186,13.4574209956773,44.0650741201862,15,3129.82538800495,95985.0,2,30.0004848860562,2.96593622972476,1137.84572189641,98.0949810580647,2351.32813735984,127.159281386907,423.947849186294,0.0027166234299786,6.48898036903198,8.1505686823899,0.715581047991146,6.46271222946498,4.89510072113347,0.213052492145964,0.010306035383404,0.0059828315354921,15.5797300625133,44.1859024723668,15
7.697916666,29.997625357788,4.69811617263486,1131.90133926344,100.062720683898,2340.50872497942,126.54345881314,420.964978814667,0.0285041409175433,8.72751252026715,7.61454669283241,1.05076076840889,6.47903420279566,4.69485469969138,0.212448432899125,0.0102496578915678,0.0057723716658606,13.4096333685631,43.9730744998141,15,3122.96572279078,98185.0,2,29.9988216663078,2.9326893160085,1134.24422128565,95.6021563684016,2345.66329788494,126.767506923189,422.516615158562,0.0027688321059797,6.60222834541454,8.07953864915527,0.719182655486765,6.31610272081006,4.88057080677409,0.214093771727508,0.0103424503697948,0.0060089797270533,15.4975405219529,44.05014230054,15
7.708333333,30.0072376004405,4.56186923843298,1133.49109909373,98.4270631060082,2345.52198056414,126.738503229427,421.541987115122,0.0286768613386938,8.72213698455418,7.52096956122722,1.03340295867526,6.3822275912171,4.6951392565491,0.212547634687727,0.0102531550714339,0.0057862261958709,13.3861947427232,44.0413414019881,15,3127.32148088281,95070.0,2,30.0020824574645,2.86915734846828,1133.38503432726,93.6485282776834,2345.48115148456,126.678289901751,422.125033656916,0.0027947876365509,6.65740315467127,8.01743312039261,0.711277337575484,6.20251855055266,4.87381148602158,0.214723553608517,0.0103646099177073,0.0060295273029208,15.43750606737,44.0195804736409,15
7.71875,30.0096078473311,4.3175338148706,1135.56343365748,96.7243037912091,2351.69916350403,127.016774344783,422.407953149561,0.029662679912765,8.72953756707206,7.33386727329151,0.993877062916664,6.2775434847565,4.69277010119472,0.212399554791504,0.0102471442850216,0.0058038096222737,13.3646757142973,44.1385032547081,15,3133.16259877633,92400.0,2,30.0062971778912,2.78579478627566,1134.14691380688,91.9010803252912,2348.69564594891,126.78764767523,422.429228736321,0.0028418118165293,6.66347231109613,7.90759560451027,0.692459390037203,6.09942944451581,4.87196544866635,0.214815628338504,0.0103678451516722,0.0060403322084302,15.4157337684101,44.0580267693189,15
7.729166666,30.0077182059774,4.16700657462726,1136.9788010645,94.7609240381141,2356.39583231353,127.23146128724,423.063250134553,0.030947673265018,8.78340618856453,7.13507051448322,0.965299791691592,6.15973484231606,4.68479840733487,0.212425396873637,0.0102471380382071,0.0058169638895358,13.3205225424987,44.2135486829981,15,3136.98286314071,91040.0,2,30.007594644296,2.71538744977415,1135.58927320473,90.1491185469121,2353.29129279596,126.990469857107,423.055384289564,0.0028918812534452,6.69205804992576,7.73465676128543,0.673717685776807,5.99535664240282,4.86705632192186,0.215043046139896,0.010375712256734,0.0060527071335025,15.3813472231938,44.1289398279512,15
7.739583333,30.0010773345032,4.09041503080418,1136.79366144239,92.7997705999864,2357.42908967918,127.252698589469,423.072121672473,0.0330219422240985,8.87104548711545,6.9859598650841,0.952667500253212,6.0455703111667,4.67300676571192,0.212227115300553,0.0102384380617689,0.0058178907383408,13.2509204909346,44.2213918722264,15,3136.17655039179,92735.0,2,30.0049980221361,2.66715555500609,1136.4561543665,88.3621953704026,2356.59838484437,127.134695401581,423.477949187884,0.0029566336772045,6.77266112777765,7.55627586868893,0.663970667628298,5.88921881468742,4.8564585200375,0.215637385264733,0.0103962258713278,0.0060706648395245,15.3087244600414,44.1795018355136,15
7.75,30.0007882843245,4.08981647009336,1135.29814276454,91.1153601068623,2355.47594478579,127.110076259854,422.542877516291,0.0342793054399408,8.95127316724298,6.93224752911317,0.954298575707859,5.94792989359128,4.66382612217149,0.21236568410632,0.0102424677337329,0.005820079448418,13.1853566374496,44.1723426552667,15,3131.78605806646,93330.0,2,30.0024244527381,2.63383656514566,1136.16998178331,86.6946008666679,2357.27893227069,127.140021514237,423.4317524013,0.0030002792734126,6.88628741483369,7.42042775779818,0.660461275138527,5.79071492194646,4.84338819797001,0.216604154415054,0.0104298021558218,0.0060953597785526,15.2096948650677,44.1818289893336,15
7.760416666,30.0019227337816,4.11367282739349,1134.34781102544,89.7176479550706,2354.67087467458,127.026042047463,422.22429115724,0.035119934041495,8.98665768978799,6.97094094384205,0.962136690860236,5.86602360816815,4.65977658638977,0.212560336610976,0.010249021190711,0.0058217955241972,13.1548206198905,44.1437142261074,15,3129.09778581443,93350.0,2,30.0018623985619,2.60920868744874,1135.20201824994,85.2131450492018,2356.43401830566,127.06000316309,423.111435116941,0.0030306178341325,6.97474172139412,7.37312582657243,0.660274202654526,5.70318799774654,4.83379757292766,0.217421074804669,0.0104582233253992,0.0061159545232627,15.1330775044632,44.1545433664724,15
7.770833333,30.0025221203894,4.16825287378277,1134.53939145826,88.5430127222094,2356.26439344975,127.071464316567,422.349906286525,0.0356583813879743,8.98903250698872,7.05648462754053,0.97504187576359,5.79696906427725,4.65923131391998,0.212742505055594,0.0102554984781868,0.0058207940936461,13.1524282366239,44.1601268792194,15,3129.69622133439,93270.0,2,30.0021506898209,2.5920672570815,1134.73108530926,83.9505794876872,2356.6051631568,127.032549845205,422.980495050152,0.0030490154875069,7.02408627579469,7.40049142576263,0.661610325065833,5.6285407141041,4.82874786464258,0.217914074202793,0.0104753976866626,0.0061286680564642,15.0898349879688,44.1455753530105,15
7.78125,29.9624428520839,4.43798001264964,1129.88262026453,87.8917504955172,2345.62208224228,126.464094168075,420.254254817531,0.0425347810529337,9.14618742362909,7.18011007761485,1.01933416717261,5.7817101779057,4.63976802651236,0.209668950432987,0.0101392010228244,0.0057232208713978,12.9458036210829,43.9498357713841,15,3115.54847831949,115685.0,2,29.9838931701436,2.67585068188731,1133.23644424693,83.3232528231012,2354.09057406724,126.861805412893,422.304527629283,0.0032357032251886,7.23762423278812,7.45703365826349,0.690286206044604,5.58998348082379,4.80719755749379,0.218601782765446,0.0104976275958197,0.0061328707425254,14.8620665513306,44.086972281161,15
7.791666666,29.9948433351004,4.5117724906789,1118.12683646131,88.2051207883768,2319.92954060816,125.026534734997,415.397444262711,0.0394829793042412,9.20938018726826,7.33103133802393,1.0373278929052,5.80886207243176,4.64487245992196,0.210129738508314,0.0101563908102134,0.0057276198607144,12.8257451938714,43.4510604019515,15,3082.60240294313,112545.0,2,29.9844446450719,2.71248697735927,1126.04498036401,83.2614715251313,2338.3191749901,125.964855033259,419.19323964759,0.0031611250940525,7.45781076605182,7.58567650213628,0.711856163566493,5.5953919862442,4.79141607047534,0.220424593223145,0.0105606481271528,0.0061686982109931,14.6016754168355,43.7761066198943,15
7.802083333,30.0019686895789,4.50131915025417,1119.89088953823,89.3317053598543,2323.73464357423,125.187741603559,415.859204512192,0.0376291463819533,9.15763816774811,7.20858724791406,1.03264624709115,5.86910130284629,4.65447658699537,0.210187688325234,0.0101594509092357,0.0057307998260632,12.832919513452,43.5078290226506,15,3088.13401020803,110155.0,2,29.9950964247356,2.72102304591073,1120.19470560934,83.6666243279748,2325.75366108998,125.236639707925,416.692575598066,0.0031264730444122,7.47922159649591,7.64045010681637,0.712946744200031,5.61902967227813,4.79573869884237,0.220797951146322,0.0105737881654033,0.0061762066971229,14.5308905150777,43.5238080550614,15
7.8125,29.9944972644385,4.67767298533007,1128.49178026671,90.6251768566991,2341.75417902898,126.118172771763,418.848266602531,0.0367722731616792,9.12575936964198,7.16640069257356,1.05583357847113,5.9487393377211,4.65759028282,0.210109543825005,0.0101572782950854,0.0057146789732663,12.8644115863049,43.8318805849302,15,3112.25209208371,112445.0,2,29.9964120494213,2.76569944527365,1123.74472592715,84.6575358656338,2333.19989991695,125.592996837865,417.787809004038,0.0030879149031979,7.45203016544376,7.56027328293325,0.719707661533753,5.67704475831288,4.80121479595874,0.220572212363198,0.010566035449941,0.0061664659505893,14.5309084068041,43.6483976261049,15
7.822916666,30.0291854078186,4.48948753083437,1134.60914808884,91.2910839753278,2356.20444034396,126.844493413285,421.188001421658,0.0318657075870083,8.99325393498115,7.27454183947138,1.03561970889826,5.96915511541212,4.67546268923346,0.212598300553747,0.0102511089629914,0.0057898701622782,13.0665867134359,44.0848072863346,15,3130.66648089706,94380.0,2,30.0099157436659,2.70163440045438,1129.20737025027,85.2576992953288,2345.17827210257,126.186763542002,419.713207016167,0.0029442757134853,7.2838092327515,7.61972757851022,0.705822043634966,5.71435434954422,4.81995135161185,0.22016006633091,0.0105531600391546,0.0061658816031084,14.7170178766305,43.8553495588403,15
7.833333333,29.99203422369,4.56764876645952,1138.31280837222,91.0905375461146,2365.08821930462,127.294050749076,422.590909702419,0.0356445943101433,9.00302917567473,7.27197410262813,1.0397864572299,5.95057394925397,4.66527121763075,0.211335373788819,0.0102035160917405,0.0057531275832411,13.1266305526761,44.2414682724457,15,3141.46349546017,103370.0,2,30.0063793711066,2.71006982931403,1134.40868430868,85.464400815655,2357.33387666146,126.802832046102,421.708931771751,0.0030230553555332,7.16310303516134,7.66227465067446,0.698627446720142,5.71783502362174,4.82907315934796,0.21880326982844,0.0105057951710675,0.006134854434736,14.8884529601887,44.0699251564141,15
7.84375,29.9665102548691,4.99366298808996,1130.22954568349,91.0343927463226,2346.61820679546,126.253694804639,418.992899923372,0.0395553417074875,9.18097668571094,7.38971495502874,1.1068610495835,5.97369110257809,4.64415784466703,0.2097259978338,0.0101419443573505,0.0056781943544236,12.9764361960451,43.8804749239949,15,3117.75691115796,120725.0,2,29.9839356710436,2.84345457545198,1134.43397323713,85.8562746165513,2357.56691235771,126.777143848901,421.459863137737,0.0031005039612696,7.33371128122283,7.68203629064337,0.735416069287054,5.74030592254754,4.80822550151078,0.219317250796779,0.0105223442503635,0.0061303665737644,14.7743394522147,44.0615545782363,15
7.854166666,30.0039390409845,5.16759609713879,1123.09501783017,92.0445478638672,2331.15271765132,125.337345177183,415.844633786165,0.0351130895736102,9.13219157039552,7.72924722907473,1.14481749432474,6.03614610872429,4.65769996092222,0.211276397820045,0.0102007223657039,0.0057004952712546,12.9995716768397,43.5626525436667,15,3098.27768613928,112590.0,2,29.98968348115,2.89867942818253,1127.68255725783,86.3765765621783,2342.6771580393,125.905201371029,418.413771607478,0.0029667690058921,7.41868774333938,7.88778942779445,0.761433253595153,5.78133461968745,4.80296174708263,0.220517670176092,0.0105645031743673,0.0061512667956119,14.7033726963941,43.7591469859504,15
7.864583333,29.9978530273978,5.28465927617333,1127.27711489207,93.4577291941977,2340.3678879971,125.7584754121,417.1417525185,0.0343228044500031,9.00745848032826,7.99846492948272,1.16164125132776,6.11470437883757,4.66922357556656,0.210940917806413,0.0101895559030401,0.0056845592821743,13.0781591547326,43.7096178377847,15,3110.78443338882,114015.0,2,29.9968164328286,2.94128862525404,1125.99089460724,87.3341564570469,2339.24919296465,125.640125541681,417.430639001551,0.0029368806000854,7.32313661378267,8.18064643003315,0.770495113913742,5.8365832876027,4.81492828507927,0.219887257104265,0.0105429596371882,0.0061332664446978,14.7719666812961,43.6676362664889,15
7.875,30.0066398438765,5.32927989825811,1131.83559270024,94.5831946696474,2350.69405992029,126.241079596969,418.629844896151,0.0320223608967966,8.89599972359283,8.25449301183914,1.17020136316868,6.17516078069069,4.68078189706419,0.211518662703122,0.0102123969419213,0.0056954605668802,13.1860299126935,43.8778190783141,15,3124.39619314621,108900.0,2,30.0016316681887,2.95274385223651,1128.82681590448,88.3762493829312,2345.64312054859,125.905977537914,418.215329007305,0.0028595707287738,7.18349253297935,8.4460159780943,0.771980940500756,5.89747645233703,4.82946392794725,0.219027768316645,0.0105136957910244,0.0061138580693186,14.8886104137039,43.7605819754321,15
7.885416666,30.025800677171,5.1613634400016,1136.91808536599,94.9524937096593,2363.57747790271,126.863872142556,420.598757714464,0.0285920056884077,8.72791340734125,8.47602875358266,1.14882391125228,6.17556804472598,4.69661465859116,0.212904086285823,0.0102655745198487,0.0057426264277265,13.4062254769539,44.0945371082776,15,3140.25391795774,95335.0,2,30.0129717728287,2.88059623835761,1132.6152297488,88.8076040843334,2354.76837430523,126.322618182723,419.541120123828,0.002777324770494,6.9460760383684,8.71227725173563,0.751161202248869,5.91968329351274,4.85219664672993,0.217612618882409,0.0104655419015341,0.0060916394011188,15.1356305287504,43.9057588788552,15
7.895833333,29.9462149326769,5.81188894946495,1134.71828657621,95.0062988911222,2357.2634052915,126.480656591512,419.123773382267,0.0360677960944678,8.91647860066337,8.49697960558141,1.22902739835443,6.21811391007249,4.66189299735827,0.209106415967723,0.010122368209363,0.0056021901758991,13.2181194887554,43.9615517371635,15,3132.41547935234,131055.0,2,29.9823944277547,3.10153320776409,1135.66352591752,89.5420240153409,2361.9631479026,126.652895746261,420.449990916776,0.002927083906086,7.0228809651866,8.83620647977423,0.793624988138395,5.95751213800762,4.83656943339901,0.216768266719346,0.0104341208895315,0.0060479406190582,15.0817857712905,44.0208589430819,15
7.90625,30.002528651648,5.93142850454677,1119.09002396149,96.094214463134,2322.91580786646,124.53169725035,412.484051432654,0.0310448107926486,8.92058828507411,8.6199710324924,1.26180352716885,6.29743510972043,4.67345457840347,0.210850763405787,0.0101884427181516,0.0056334395911268,13.172367896736,43.2842272817036,15,3088.80001669185,120480.0,2,29.9846123858848,3.1768492821435,1127.74971001794,90.3833959793455,2343.90064387402,125.595525501486,416.703953931119,0.0027758067250915,7.16951982952735,8.9365360144188,0.830841542930652,6.0305033107889,4.82334708842794,0.218493322860298,0.0104946933244153,0.0060782731167536,14.9297904193911,43.6535804764425,15
7.916666666,30.0080340538863,5.81650513948406,1122.80767047434,97.9934352863837,2331.64570427969,124.909110050266,413.584521367834,0.0289273738475763,8.76172561758048,8.76566971876109,1.24174466192499,6.39230966756971,4.68940157502968,0.210919444986908,0.0101929122302245,0.0056457570926191,13.2656835901845,43.4152812846001,15,3100.76679205734,115355.0,2,30.0001440182417,3.15742929191718,1122.38759908225,91.5102207395347,2332.57793779744,124.889416149141,414.214847941451,0.0027421167700955,7.04988591058362,9.08103525418759,0.822263513276551,6.09558972990775,4.83825029471657,0.217812743891973,0.0104715722948259,0.0060660707917277,14.9995575150161,43.408176553581,15
7.927083333,30.0057806057102,5.67413240412132,1130.20362944363,99.3214823107683,2348.22964794316,125.724275938575,416.113495283369,0.0279312047804672,8.67417259710951,8.86615095202788,1.21645244699509,6.46079506693157,4.69498909880944,0.210925305837714,0.0101941011486765,0.0056579353259233,13.345961195856,43.6982872717716,15,3122.46811364345,111940.0,2,30.0045864322703,3.12940058019334,1125.8762740303,92.7741319072902,2340.60690113551,125.235815381759,415.221320227781,0.0027169267626021,6.89934787225202,9.2131594789373,0.807163243845791,6.1640085425688,4.85199933310633,0.216616502887144,0.0104301911133997,0.0060432197462615,15.1138587538242,43.5284040696529,15
7.9375,30.0461848215136,5.10721652000948,1137.8957568607,99.4624756981519,2367.49457478761,126.686996931539,419.172390646731,0.0235467782735302,8.49772993787231,8.91833835493372,1.13690238891613,6.43683917064005,4.71317193223061,0.213112931328697,0.0102769513720369,0.0057553867500479,13.6083248460933,44.0324583080912,15,3146.05848992462,87415.0,2,30.0216394175345,2.94463264560255,1131.36578031456,93.0155089914789,2353.59656621622,125.858312647593,417.209022276763,0.002646607362523,6.62998732607558,9.32794886023937,0.756999379664449,6.17427560147386,4.87654433272006,0.215031774562893,0.0103761580848715,0.006029106879661,15.3995647473189,43.7444350702928,15
7.947916666,29.9419620149523,5.58299250308145,1140.05937217988,98.8687805219822,2370.81007049729,126.846707741896,419.44422068953,0.0329757483104498,8.80378549414371,8.71949931386288,1.18136450350776,6.4392377362009,4.65969176175585,0.208720238653213,0.010109800002112,0.0056130506033241,13.3430615668405,44.0875124526259,15,3150.08749806241,129070.0,2,29.9881113336791,3.11178698581043,1137.33806894512,93.3386704807171,2367.54406420213,126.56855407373,419.346519859138,0.002847194011373,6.75093902561441,9.24373468260755,0.777521244498351,6.1809744549139,4.85281197823426,0.214329695635864,0.0103490558998265,0.0059938569068671,15.3305479043056,43.9908667782394,15
7.958333333,30.0055801794229,5.51840643512781,1124.34573718175,99.2128516441284,2336.27482753163,124.904639994869,412.814321836929,0.0291282647291721,8.92524953490491,8.67758464278887,1.18902065973061,6.47659676142928,4.6601467003826,0.211052294016243,0.0101962180170927,0.0056707109956482,13.2071728854185,43.4120091309043,15,3105.72329049016,116240.0,2,29.9863984620416,3.12720712718652,1132.86631825405,93.6552061687605,2356.850851737,125.933244676312,416.955909781685,0.0027365812447024,7.04283149176496,9.12589079410063,0.80215571450634,6.22325071585698,4.82218014627742,0.217434331943694,0.0104580098486216,0.0060605993313873,15.0714720965649,43.7695895895235,15
7.96875,29.9940237079466,5.4166090466701,1124.76869766851,100.540942561599,2337.24880255915,124.875464485506,412.550638278642,0.0297484479339339,8.8884234537564,8.56052780416453,1.16532681235344,6.54992684956517,4.66217649224932,0.210096469019572,0.0101611193613338,0.0056575647507376,13.1545937783966,43.4013859032176,15,3107.53944859247,120490.0,2,29.9945111003976,3.12769098559852,1126.05113180286,94.2824968179558,2342.23081636311,125.068322770033,413.904200540253,0.0027806788773628,7.08929341652631,9.05171599758012,0.796885403368534,6.25941243200275,4.81907471375324,0.217744278962342,0.0104686238500258,0.0060671688071917,14.9826679491414,43.4684900693081,15
7.979166666,30.0112065945029,5.19283961754016,1130.76827261282,101.82652844824,2350.47405289887,125.506648468237,414.470626028297,0.0279193562190124,8.83703554029089,8.38795352384634,1.13000728623127,6.61810057008415,4.66977203090907,0.210768401441441,0.0101867942564431,0.0056916571578299,13.1728541182433,43.6202616180365,15,3124.99979255588,112010.0,2,30.0024429580304,3.07813572432016,1127.73867933615,95.2748059955068,2345.79440415767,125.180340322133,414.110368981107,0.0027408424884016,7.05198042613882,8.92028296518013,0.781108032038941,6.31871014379279,4.82358131806795,0.217735675398251,0.010468764293811,0.0060726183600978,14.9679547477093,43.5069360883081,15
7.989583333,30.0239276991963,4.87845553086117,1136.99581952683,102.150389032315,2365.71237576745,126.256355327108,416.799838328412,0.0261012122797147,8.75592550248995,8.2010484644584,1.07888681544861,6.61200289939887,4.67617748274792,0.211727104389125,0.0102230038963055,0.0057404836566772,13.2961336354866,43.8803862301072,15,3143.84637315916,99810.0,2,30.0138065240641,2.97580382205548,1132.1141247491,95.6623028004213,2356.02192637754,125.656676300553,415.576637119516,0.0027108175420475,6.89922034214216,8.77639174646445,0.747961366200597,6.33526522778344,4.83747402183942,0.216860319169914,0.0104390009401623,0.0060649658892856,15.1113635358704,43.6720225208128,15
8.0,30.0226050920759,4.53437792476777,1144.02795392363,101.294819768295,2383.05403980622,127.141941261219,419.582565727226,0.0259776217820611,8.73935430823765,7.98669660588764,1.02028475305962,6.54123400535988,4.67090663613381,0.212267860524082,0.0102426071694273,0.0057820906073555,13.4208731009156,44.1878402800628,15,3164.46687057499,91815.0,2,30.0194973160789,2.86750013304938,1137.72093512071,95.2045359751583,2369.6317275098,126.331236906911,417.724853644908,0.0027233311992501,6.73395702980414,8.61189760928306,0.711150379176687,6.29860691078904,4.84856912918111,0.215576130345207,0.0103945616730714,0.0060486059509545,15.3231732743967,43.9060631142692,15
8.010416666,30.0060175762009,4.37016436579577,1149.68626678749,99.6769643885144,2396.73958603659,127.851455369474,421.772658081327,0.0281816642810116,8.85985437992718,7.75283959698767,0.988093697122253,6.44306317810455,4.64901084728135,0.212216373118605,0.010238705916605,0.0057934922993316,13.4295884774457,44.4342183497326,15,3180.12086175985,93090.0,2,30.0146329500111,2.80213650899059,1143.76190270704,94.1650566676371,2384.22173355208,127.080462984036,420.094170540436,0.0027789410580844,6.70640745324066,8.4001274746807,0.687806155682693,6.2303693547005,4.84288377854718,0.215110579317993,0.010378003288707,0.0060449691133299,15.4427800262991,44.1661358181743,15
8.020833333,29.9995015096335,4.33019776620949,1150.79363723579,97.8883375660187,2400.16402524392,128.006457945109,422.14247441724,0.0302406462035685,9.02715526321553,7.61578469024881,0.982972586267783,6.34387775521662,4.62596194179094,0.212496642990266,0.0102468542289903,0.0058013405989816,13.364347591682,44.4880288957016,15,3182.61222097784,95230.0,2,30.0064448962045,2.76455988301233,1148.23855277644,92.8299421399365,2395.1003939292,127.640354436056,421.802095579144,0.0028275046160076,6.8311770327813,8.18809384493796,0.680674410244409,6.15082662828281,4.8223830352064,0.216070376214167,0.0104112144283086,0.006069706829869,15.4266679767852,44.3605247283737,15
8.03125,29.9636782012056,4.61046011947217,1142.58599740064,96.5542104536195,2381.82908959487,126.985509864419,418.616001248341,0.0363621255305343,9.28592391670453,7.56892222493874,1.02759504962559,6.29455033576747,4.59376862840404,0.210093286162399,0.0101546619745638,0.0057182727237787,13.0973629445861,44.1333842381183,15,3158.02814460001,117165.0,2,29.9849133944988,2.83886140436407,1147.15269155559,91.7837967974764,2393.37192605726,127.522684322675,421.1958240476,0.0029856540879926,7.18635916495711,8.01897211816338,0.706769802910476,6.09064967137394,4.78092937780929,0.218107981801262,0.0104805347819752,0.0061047394702525,15.1453817259366,44.3196237736823,15
8.041666666,30.0039248091287,4.71818051741169,1130.30416059119,96.3713601542756,2355.56768454461,125.501954194613,413.624751989921,0.0331658004879119,9.29874512891035,7.76389309137474,1.05472770694054,6.28967677805302,4.60261149548067,0.211465681067992,0.010206191283566,0.0057412256915935,13.0046321611901,43.6181675774213,15,3123.74105928902,110055.0,2,29.9892516191773,2.86279958800083,1138.70008185934,91.1496162657087,2375.02084715418,126.484219766034,417.584078426801,0.0029091479103464,7.4360519379005,8.02801737473856,0.72766001350128,6.06535480446149,4.75886538905534,0.220573184467237,0.0105663122233649,0.0061563738326957,14.8857255605727,43.9589422371021,15
8.052083333,29.9908302488424,4.94143259371129,1130.96174044314,97.0375360151761,2357.12304405277,125.508383595565,413.551966328612,0.0335125735187619,9.2070047467605,8.09607837287638,1.08725272915028,6.33223793354692,4.61155196284983,0.210655042258209,0.0101770207097689,0.0057046637179605,12.9901304008375,43.6209124150072,15,3125.85268713771,116550.0,2,29.9933967220989,2.92497582729013,1132.3416072162,91.198945234049,2361.74064554796,125.698992500809,414.871894368156,0.0029236806964293,7.45763729131805,8.23384806196701,0.743827148419802,6.06783189033888,4.76009274639383,0.220681945248744,0.0105699588840431,0.0061519451327368,14.790508638017,43.6864332946548,15
8.0625,29.9975262188813,5.15078646427768,1135.69568819415,98.0808919568842,2367.09060487223,125.958002094933,414.919900774657,0.0315344119035158,9.10180048445939,8.59506312004654,1.12380365838646,6.40212789565114,4.62538096826918,0.211056379858044,0.0101933413501407,0.0056978462927706,13.0351980082688,43.777687214727,15,3139.14208133068,115790.0,2,29.9949497042943,2.98334414224867,1133.57532357184,91.9373432365787,2364.38735968731,125.756963629889,414.939252851461,0.0028488876633254,7.40075748872732,8.60309768173448,0.762295107251799,6.11713042002498,4.7688529058339,0.220431356086462,0.0105616232380155,0.0061405895501956,14.7704226879411,43.7070796751593,15
8.072916666,30.0758156572498,4.54250658441856,1143.57576672583,98.0251495490264,2387.58818794719,126.965949314929,418.211641307974,0.0227086042655313,8.74594397511912,8.98530050741072,1.04690550177808,6.35654300500932,4.67051522218593,0.215561166588296,0.0103636521198928,0.0058567427083999,13.4662075642618,44.1282388868293,15,3163.87120029883,75610.0,2,30.0263815144995,2.77644939895764,1137.29079401396,91.6604686232199,2373.46943431788,126.155006678321,416.265980404389,0.0026727181153205,6.99954153511158,9.0534458814967,0.714489200172417,6.10532839766407,4.81234368523469,0.218867258256014,0.0105100775033082,0.0061313618413552,15.1567137129544,43.845735984381,15
8.083333333,30.0312705673424,4.22354857649397,1155.30506466682,95.8906559102675,2416.3656606913,128.481717363951,423.179830839049,0.0255963542356985,8.56650785021844,8.96586840263624,0.975531806783214,6.20692644745249,4.67088180454353,0.21435221341903,0.0103197843025103,0.0058582240688154,13.7773120278008,44.6550528319821,15,3197.90848672753,76595.0,2,30.0383020595478,2.65294549257954,1144.19603997243,90.2374824169136,2390.80825397097,127.030071498129,419.239777784108,0.0027548490932755,6.52853668822666,9.30731553572281,0.659574327191847,6.01354007423201,4.85345935972375,0.214530083734755,0.010359155469743,0.0060494960161604,15.6776538230021,44.1499612610517,15
8.09375,30.013347197938,4.04955542603085,1161.14350142233,92.8641125574807,2430.93267728718,129.269597749281,425.695333852204,0.0279011033803617,8.70858292525056,8.77940828973859,0.946493482468723,6.0334988965209,4.64485004662553,0.214853040941234,0.0103358837677579,0.0058833821023888,13.8307307827627,44.9287586092262,15,3213.62548610828,76710.0,2,30.0281151571392,2.57991595286812,1152.63326561674,88.3526802663943,2411.24473990215,128.109494263793,422.802151670251,0.0028017009427775,6.37760659063635,9.32231566706098,0.636476975713512,5.89842118852681,4.8576233268635,0.212739534861434,0.0102959344339817,0.0060172161217309,15.9440435940388,44.5251177243828,15
8.104166666,30.0135662617205,3.79744709117945,1160.25465514581,89.5750490689342,2430.74410120442,129.277616601047,425.658349608212,0.0292237327168279,8.90715068742736,8.50410228565524,0.907908099990763,5.84628559558821,4.61781807174076,0.216090374542031,0.0103785202715151,0.0059328751440744,13.8131462392892,44.9312993350916,15,3210.33080322264,73755.0,2,30.0200103547897,2.48536208179335,1157.11564846209,85.8707749088671,2422.73057703909,128.733073918906,424.832870346679,0.002850464774002,6.41471657147485,9.20459422735795,0.61594945579618,5.75581069838564,4.84408099530102,0.213080313752979,0.0103078183793942,0.0060348156638809,16.0584129885682,44.7417262803824,15
8.114583333,30.0143357537626,3.63787399855777,1158.12509453163,86.3533950074337,2427.79251023456,129.145896774643,425.190796914167,0.0303057357201311,9.08313294190022,8.2585929344407,0.879038449635996,5.66217903271674,4.59326339122777,0.217264565831841,0.0104191816489242,0.0059731491981888,13.7801345611239,44.8852175230211,15,3203.61968323909,71435.0,2,30.0167438611803,2.39777951972238,1158.15240451871,83.0876422323753,2426.5018776237,128.958974027006,425.560994165305,0.0029065293953554,6.52388902806523,8.99929413627081,0.596266436004015,5.59813003967351,4.82479496727411,0.21422553184946,0.0103480216090181,0.0060697781101231,16.0992774554925,44.820020561067,15
8.125,30.030819897524,3.25969393343824,1157.55214894536,83.2651310009856,2428.25591827961,129.203338767836,425.399449225024,0.029832303275288,9.17464075824199,8.00389329874516,0.816079520341483,5.48434992386119,4.57973435489981,0.21909949919814,0.0104845007216505,0.0060516380256782,13.8150300549813,44.904819163182,15,3201.4356040365,62390.0,2,30.0203762537423,2.28161729724418,1157.88865657639,80.1779770309347,2427.28502872863,129.032121849343,425.834897299922,0.0029402930098696,6.57205061555434,8.80948560391635,0.569402189596046,5.43662789326714,4.8124756261025,0.21510523671664,0.0103792990051009,0.0061026575630649,16.1810018911169,44.8451572483161,15
8.135416666,30.0208028997268,3.12370938958115,1157.5535363036,80.0215685638226,2429.68780031509,129.332568742357,425.877316526195,0.0325153819721674,9.28863000675386,7.59488034685387,0.781370517059369,5.30048512610712,4.55915648961494,0.219662694741131,0.0105030387562153,0.0060766983089609,13.804157845441,44.9493462825021,15,3200.56660255018,62385.0,2,30.0224820996445,2.19672776068411,1157.74167079854,77.2849033885533,2428.14665306662,129.124685393175,426.208697919041,0.0030302100862725,6.61362268999401,8.55039644483535,0.545146088015447,5.27593002137985,4.80040987546943,0.215544525414639,0.0103946340291001,0.0061218669883821,16.2528375616915,44.8769799017293,15
8.145833333,30.0286208729935,2.89934643438114,1157.58906889062,76.6852699559985,2431.0940535014,129.463498603948,426.39384938608,0.0328158688808454,9.38520444442646,7.12632664028847,0.745129937528017,5.11478764712028,4.54428723407147,0.221048779117,0.0105521321205782,0.0061310941064461,13.8102492318564,44.9945349563821,15,3199.66520647082,56735.0,2,30.0237733858128,2.10779767993757,1157.65024309115,74.3686319045354,2428.99521348453,129.226294769453,426.63513239965,0.0030749477211096,6.66420787756316,8.21645450770452,0.526473692386311,5.11518348867259,4.78759831179939,0.21625941041652,0.0104198402081782,0.0061480828105925,16.3052183409497,44.911943889931,15
8.15625,30.0244732698837,2.7051290255316,1157.69360131985,73.3299458815529,2432.32962592239,129.599449358373,426.967909674896,0.0351902391139103,9.48545314927353,6.62155281295373,0.706286903157493,4.92969621984716,4.52840803840443,0.221615450455796,0.010571121491071,0.0061633052844602,13.7935976134702,45.0415244917621,15,3198.72154248662,55185.0,2,30.0248268168138,2.0215759115653,1157.65118049245,71.439829580494,2429.84180759562,129.338429481409,427.132182922657,0.0031624824287896,6.70550440405921,7.83094630710679,0.506450258688934,4.95542556700611,4.77652298641688,0.216732915624644,0.0104363936025369,0.0061685138422974,16.3553830511159,44.9505874110033,15
8.166666666,30.0254371977923,2.54877989329081,1157.63350001506,70.0833843528811,2432.91158006327,129.70861386276,427.487049265172,0.0363622418280578,9.59308502296334,6.16355159398942,0.675834301142338,4.75180987725198,4.51407438909511,0.222388059107108,0.0105980437724863,0.0061972928177898,13.7587198622742,45.0793068938828,15,3197.17757583977,52365.0,2,30.0248881054614,1.94130855070416,1157.66047516679,68.5672714450785,2430.47163643103,129.450260842838,427.653148202066,0.0032315556314428,6.76981183307094,7.4125598114433,0.489175262669469,4.79914498482383,4.76420406920826,0.217423502737274,0.0104604957981323,0.0061932321537374,16.3725956273576,44.9891742027047,15
8.177083333,30.0254480519781,2.41126924644166,1157.52480204407,66.981018386817,2433.15984862287,129.804146434911,428.000898255282,0.0374362623024607,9.67300085188536,5.78882512859287,0.64934508699226,4.58281021089658,4.50353088080011,0.223020159027193,0.0106201711553824,0.006226524781134,13.7336269179683,45.1124576960082,15,3195.43737857997,50000.0,2,30.0251005737528,1.86533635371624,1157.62469377788,65.7899384194211,2430.7651227467,129.551969827509,428.173930477203,0.0033020859860219,6.82801190183183,7.01619501977913,0.47355277583912,4.64901343206196,4.75367777923104,0.218071953496392,0.0104831286837647,0.0062166488395218,16.3837713199168,45.024313237774,15
8.1875,30.0056924542864,2.34227305661357,1155.77817370862,64.1422397912181,2429.51526495545,129.702863456415,427.865769845984,0.0443365943182646,9.84231447343731,5.38527134984708,0.638378835596295,4.42594330010112,4.48338408910099,0.22153843718934,0.0105648565223048,0.0061965765602526,13.5864332495715,45.0773692716933,15,3189.06126077203,56290.0,2,30.0202407853694,1.80592505449455,1157.24929696267,63.1839673590271,2430.19365558484,129.618698370842,428.568485088764,0.0034807429840152,6.99775690398726,6.60058537016949,0.465205068355266,4.50350602586983,4.73386785021605,0.219192001844427,0.010521322311943,0.0062479187711324,16.2732877839593,45.047402416804,15
8.197916666,30.0181348250092,2.26382920983052,1152.52537994255,61.6753771398312,2422.52513650838,129.421376234509,427.154861340499,0.0430816938173486,9.99146801340811,5.07539750475087,0.626964952546752,4.28765767045561,4.47271302510124,0.222186897080454,0.0105882233647703,0.006220672109994,13.4515376487759,44.97978515121,15,3178.71143723773,52180.0,2,30.017056145709,1.74523017162839,1155.90372715506,60.7759903058051,2427.32934193437,129.568704371749,428.583942600798,0.0035152333178045,7.21727954095501,6.1947245084014,0.457226232453627,4.36701126421898,4.71181316853843,0.221114790544833,0.0105877013351944,0.0062979752593143,16.0982395808246,45.0300588805703,15
8.208333333,30.0099702286657,2.23367364214689,1149.48214029075,59.5041468570066,2415.88115177138,129.157022609542,426.529881972153,0.0467259431914201,10.0711487757848,4.90420796381621,0.622700066929484,4.16559752418532,4.46599887470653,0.221566744320758,0.0105652021769398,0.0062083105649967,13.345447363938,44.888227093042,15,3169.08192794541,54880.0,2,30.0154677890522,1.69605614529334,1153.65468985073,58.5898148019772,2422.38323982682,129.407802311218,428.260888998366,0.0036436125744344,7.40192602560802,5.87061854563934,0.450544916466475,4.24234393844165,4.69482883260445,0.222568189929153,0.0106375049808656,0.0063360116143134,15.9367103449713,44.9742777589534,15
8.21875,30.0082964340105,2.20138305602504,1148.40041252306,57.7492691404293,2413.16427937628,129.104775769861,426.612790722567,0.0491810473474858,10.1518141221029,4.79556606753327,0.621481168576962,4.06741464965209,4.46211665740367,0.220955347988414,0.0105426773545527,0.0061966252631915,13.2176855310331,44.8704503776548,15,3164.92648343238,56250.0,2,30.0126050982376,1.65428888273928,1151.55598151208,56.6903707794228,2417.64051736231,129.25908857781,427.981016315418,0.0037467225373028,7.60791537751913,5.61447462108603,0.447167318340081,4.1315144484798,4.67759794962844,0.224036922491613,0.0106875311303094,0.0063733666018267,15.7308599139755,44.9228455964852,15
8.229166666,30.0049589738728,2.19244329960921,1146.0317117132,56.2952589167603,2407.56399140061,128.89936111127,426.20159748264,0.0522766849484103,10.2143397860777,4.71484002475922,0.623157268520342,3.98412596041906,4.46119031317623,0.220096088067187,0.0105112320118856,0.0061764698132399,13.0837987359815,44.7994528878184,15,3157.34353013422,58700.0,2,30.0097651752005,1.62066331904736,1149.60235223581,55.0847580520069,2413.06898783317,129.119855555098,427.741015054617,0.0038602624075997,7.81140612582227,5.4214771451427,0.445036277466135,4.03597346272462,4.66247697577014,0.225388713117393,0.0107333419475002,0.0064070630897924,15.5033981602417,44.8747871697779,15
8.239583333,30.0104073359334,2.15830708751853,1143.94235439699,55.1189926425202,2402.47153550188,128.720907748733,425.896922442725,0.0525914976640009,10.2326282473826,4.65786560117777,0.619867467136215,3.91606768367672,4.4670417163215,0.219968270260323,0.0105067062701307,0.0061772212163853,12.9850753300273,44.7378107731393,15,3150.6663926295,57810.0,2,30.0090596181892,1.5891140145006,1147.3891417682,53.7397322906252,2407.80718314811,128.942139336514,427.393838234581,0.003908739152574,7.97007246443371,5.28302580854977,0.442062510270316,3.95533258116835,4.65328744966487,0.226553997314615,0.010772941149331,0.0064366840413149,15.2993579456585,44.8133876368586,15
8.25,30.0049061118907,2.15357469886206,1143.47434148855,54.2044248560494,2400.64411254679,128.721356934527,426.194353854032,0.0558726163841346,10.2345951417952,4.60637896334717,0.61994930457673,3.86347439029821,4.47328951602326,0.218965597415906,0.0104703596219598,0.0061534876115034,12.8897053241638,44.7383483839651,15,3148.48270354794,60620.0,2,30.0081787190963,1.56675833680858,1145.64276393079,52.6472208985473,2403.41721764227,128.811120284021,427.217478802825,0.0040171911616617,8.09200604745561,5.17914178669985,0.439965224466427,3.88900133982825,4.64860990864373,0.227258949067025,0.0107965991795438,0.006454722547703,15.1145096368907,44.7682321122083,15
8.260416666,30.0028396955807,2.15888465742172,1142.26039629523,53.5297792473806,2397.09984752983,128.631513837507,426.191196632026,0.0585329861877853,10.2467247566913,4.5538261178354,0.623893159259796,3.82315123228954,4.48017056455669,0.217880973188727,0.0104311138142693,0.0061268708232109,12.784030587712,44.7075196182754,15,3144.31518987018,62890.0,2,30.0060416343034,1.55190933812565,1144.36718431249,51.8091684345749,2399.91911425781,128.728648692448,427.204334891529,0.0041064293234434,8.21257441250214,5.08982018921395,0.440427196336469,3.83610605273917,4.64511485394485,0.227815429339324,0.0108150476229779,0.0064683919605869,14.9172154968234,44.7399774702871,15
8.270833333,30.0193816028246,2.10260560223646,1141.47102232068,52.9268675236443,2394.54591739298,128.593963128513,426.381610211723,0.0541311396101605,10.1969623963559,4.52835892174457,0.613579312270979,3.78725067931285,4.49587521686172,0.219078383532229,0.010475314796961,0.0061628213155929,12.7654821421528,44.6947885722145,15,3141.46062686232,56995.0,2,30.0090967931855,1.5281982978626,1143.10664926995,51.1087020832462,2396.31764146381,128.639193300334,427.198988785923,0.0040271221209939,8.24578169168391,5.03341410978434,0.435463115423093,3.79424135162752,4.65066645686461,0.228392409051774,0.010835035975603,0.0064846337018558,14.8090867965261,44.7092568541506,15
8.28125,30.0144592187361,2.07244755679679,1142.7099708545,52.2989566823173,2396.23253184842,128.789636731603,427.362454473115,0.0553128037048678,10.1234184800482,4.49703074939108,0.604289123853995,3.75218417579292,4.50919205929045,0.219008823281721,0.0104732259980303,0.0061648185446483,12.7782802669882,44.7630730965617,15,3144.11746776489,57240.0,2,30.012437115544,1.50932018828758,1142.65005075036,50.4754796559981,2394.35253322469,128.638747143948,427.518159588557,0.0040708445925639,8.20422181905512,4.99811490074227,0.429223406929208,3.75880276554694,4.66257651510857,0.228303697691256,0.0108322815337997,0.0064853190079479,14.7840114261635,44.7094108417269,15
8.291666666,30.0047036963401,2.07852907166345,1142.48203467004,51.7239021440775,2394.65333251244,128.814505044189,427.765921759785,0.0591263730656362,10.1145814964119,4.44141784210478,0.606274452059336,3.71858928214287,4.51595114581536,0.217708273430303,0.0104262599774464,0.0061328919472898,12.7365923320506,44.7720367355842,15,3142.65879964959,60450.0,2,30.0106863852961,1.50005114156327,1142.70578717078,49.9415819093596,2393.45111893476,128.699304268535,428.032673481396,0.004170469565173,8.20056769159578,4.94867427355628,0.428284361651427,3.7269578370964,4.67046726463998,0.227969189212527,0.0108205497580019,0.006478621935997,14.7259098926204,44.7307755426884,15
8.302083333,30.002620656067,2.09215854422286,1139.91520791469,51.2797017549041,2388.05566033688,128.569490580661,427.26065725141,0.0613233035258437,10.1440137560282,4.38850281411721,0.611659813208179,3.68991726901767,4.52097588490203,0.216762852116319,0.0103920401923738,0.0061087107350808,12.6680865102235,44.6872364034992,15,3134.82596568153,62145.0,2,30.0072632228509,1.49447748029257,1142.01476056904,49.4986861973876,2390.92586461554,128.674807436238,428.252223829499,0.0042353672575481,8.24654051293175,4.8886120363242,0.429758003321772,3.69790444979983,4.67411519868567,0.227940401725233,0.0108191223303156,0.0064781726002381,14.6258452407005,44.722610723611,15
8.3125,30.0154434840585,2.05967503616487,1137.97123402623,50.8929970450832,2382.87842760614,128.3983460644,427.011165173795,0.0575773317588533,10.1275233710075,4.36997877492865,0.606113202567509,3.66515843432551,4.53233274428992,0.217842906027278,0.0104317241889366,0.0061389087677271,12.6634222079624,44.6280580535305,15,3128.83517097688,57500.0,2,30.0086240120611,1.48104128725857,1140.44143408104,49.0853306126203,2386.46632380263,128.545157708364,428.135608186153,0.0041611334770726,8.25589022976323,4.84768091235089,0.426910082780407,3.67221637664178,4.68159667014974,0.228254273251658,0.0108300913637718,0.006487203972989,14.5756820409965,44.6778799963504,15
8.322916666,30.0096372176802,2.05472814293242,1138.52521603539,50.5280081057819,2382.93289219679,128.512165654122,427.717921029492,0.0592489294027101,10.0939293191534,4.37257000573941,0.60320663236592,3.64409218212913,4.5411363413893,0.217757535334277,0.0104286925018147,0.0061372735481525,12.6733933736699,44.6678926299265,15,3129.66307173862,58585.0,2,30.0101701479884,1.47214997499214,1139.42086284972,48.7032946198557,2383.15682209183,128.477778380889,428.238513272799,0.0042108282364382,8.23069397372814,4.82628893011839,0.423820199227466,3.64976914256752,4.69157068344996,0.228186878628781,0.0108279378744818,0.006486964259029,14.5697510338101,44.6547568493826,15
8.333333333,30.0083510567915,2.05333514988767,1138.32613282947,50.1857939767273,2381.33910778588,128.538335042178,428.129555671127,0.0599884578155626,10.0866784486082,4.39626980249911,0.604123751190259,3.62376743526862,4.5481693832064,0.217667220877203,0.010425344042577,0.0061350586430885,12.6653733868015,44.6772455797981,15,3128.39712816389,58755.0,2,30.0095705977478,1.46581166262355,1139.01351614336,48.3788703699938,2381.13276751084,128.481129581431,428.572577628984,0.0042343406118584,8.22330891382247,4.81787801429932,0.423143343973317,3.63010047014865,4.6993394148791,0.228081104109497,0.0108242821481407,0.0064853330693675,14.5518460410187,44.6562084822188,15
8.34375,30.0109557769334,2.04730222066558,1137.50850572858,49.8424318413291,2378.45886499961,128.494437483633,428.312217892916,0.0591538391795205,10.071928361909,4.43962743694363,0.603510095425365,3.6031276676351,4.55628353987844,0.218188528112378,0.010444163419657,0.0061481153936708,12.6706789872579,44.6622022587265,15,3125.4589951536,57445.0,2,30.0097149034775,1.45793523492378,1138.49527627731,48.0685531324551,2378.84822089276,128.470793921201,428.865360038026,0.0042209686090678,8.21072779807547,4.83166243318291,0.421666211626011,3.61172126358932,4.70738895532784,0.22811158356168,0.0108254585886943,0.0064871599512668,14.5456305937064,44.6528728170554,15
8.354166666,29.9943862941335,2.10359734891611,1135.62118324511,49.6240921695312,2373.17798076492,128.322825706257,428.05288499169,0.0661554267945997,10.1062310216266,4.47822196465171,0.616539760636084,3.58809520242244,4.55662579825344,0.216535632186326,0.0103834772180472,0.0061009362577273,12.6126633974583,44.6028054241469,15,3119.55132922624,64295.0,2,30.0055516125309,1.46374276813426,1137.6092357777,47.831623513645,2375.81747947662,128.421205057895,429.009453132363,0.0043931323731293,8.25310419080477,4.84964820012909,0.425797744914975,3.59432593930072,4.70989447049781,0.227958986754536,0.0108196569238079,0.0064822921468526,14.4850982042313,44.6358984998327,15
8.364583333,30.0062409666707,2.12634693929251,1131.8881006348,49.5406570401906,2364.08512991888,127.939575983023,427.078424719779,0.0634694027864665,10.1357735503301,4.54306822379105,0.625663207647475,3.57866826847568,4.56262903898153,0.217216745293065,0.0104079257411965,0.0061146668128874,12.5728124005567,44.4698203633088,15,3108.75128149499,61750.0,2,30.0035884219154,1.46515034899391,1135.73201323833,47.6779447845392,2370.6708424291,128.255421757061,428.75409616662,0.0043301362406471,8.31979284802972,4.88257863212797,0.429639217467338,3.58053473207181,4.71080357601678,0.228383851592784,0.0108339840142802,0.0064914490764487,14.4017605269181,44.5785430876614,15
8.375,29.1210099841192,2.04133652560204,1119.41713621259,46.9490225634744,2337.02667087422,126.641715373555,422.945750874104,0.114832079889577,10.4631477386867,4.02305152508774,0.624946018714364,3.4267234017942,4.52935028649919,0.20229740101606,0.0098651422409368,0.0057631557867675,12.1637248756192,44.0193090833323,15,3072.74970373596,100925.0,2,29.7700528191193,1.49134571468209,1129.80862507278,47.163974572379,2357.39145617791,127.665151299715,426.966827709005,0.0059181344820458,8.69505142292225,4.74032147839212,0.4505903705396,3.53074655238785,4.68175354800393,0.226766330696684,0.0107735115877544,0.0064459233603799,13.9858884526701,44.3738118549957,15
8.385416666,27.8382612583293,2.26557823695849,1084.75019946972,43.5442969290498,2263.46225781098,122.850883391606,410.328509270685,0.162610780101556,10.9686198421203,3.3939437274075,0.669688216366925,3.21995786250542,4.49775746131204,0.176821527505073,0.0089016346949856,0.0051255261675545,11.5389049513769,42.7033394239805,15,2975.72961472202,140100.0,2,28.6883054348065,1.53572538434801,1108.23385709599,44.5865619909809,2311.71660951557,125.380996344373,419.310645489408,0.0084791155899322,9.57734697939646,4.05690270536175,0.484302886572937,3.35014130737436,4.61102944126545,0.220664668913303,0.0105495643498407,0.0062880523420896,13.0141700753204,43.5810956820732,15
8.395833333,27.511943387543,3.15184889208104,1058.89806416513,45.1994507915573,2207.0646069147,119.881825982424,400.403091398841,0.16411846302365,11.0102314537071,3.93354956969647,0.828715659656779,3.31382752479381,4.51657757462572,0.172873862852809,0.0087214222575841,0.0049371897281935,11.2427255833468,41.6726244585874,15,2904.83974778343,179275.0,2,27.7682647133298,1.79350052041357,1072.14874072629,43.6060024823731,2235.21763055025,121.377688353454,405.816713352318,0.0095511123011826,10.1861040737854,3.88786088559322,0.573618587742384,3.2632558625068,4.57565015848302,0.217127000636445,0.0104178666449108,0.0061681917076179,12.2005072737395,42.191358274928,15
8.40625,26.9168835146141,3.54940282597669,1057.11039189319,47.9279692525337,2201.41599462809,119.652107579809,399.607576641409,0.172837389808515,10.8742633343358,4.38641101771002,0.907671503276115,3.47908412953623,4.56281833775541,0.170887144043386,0.0086359207949159,0.0048516518366478,11.1411504562964,41.5940190732964,15,2900.48104430125,218450.0,2,27.2592863172021,2.08351369888786,1060.93090615911,46.1289123183929,2210.02910628819,120.075391983057,401.353344429339,0.0103996374280155,10.2408977965046,4.42670643862004,0.671338048748353,3.40522136131709,4.60199919119826,0.216472459830747,0.0103930722802264,0.0061181097621746,11.8706295418899,41.740076248499,15
8.416666666,26.2537306947545,4.27074519913512,1042.03607628257,50.6916660842705,2168.33022474056,117.906443606322,393.685093132325,0.140466470534985,10.7381710827366,5.01709611922149,1.01145384620304,3.6301213618635,4.61824601000517,0.177729051147183,0.0088979524503226,0.0049609528863916,11.1606736045145,40.9888933836991,15,2860.22879792231,223745.0,2,26.5202125801903,2.38144418283035,1048.038448773,48.5126803075272,2181.76050144291,118.595743305,396.310617565917,0.008595954809996,10.1274845783395,4.90785465698959,0.737925294066122,3.53519874092796,4.65469045167833,0.218380841150597,0.0104630852568396,0.0061310980086919,11.8113073344077,41.2274298357882,15
8.427083333,25.8255152441053,5.17419106772098,1034.39269860856,54.9047815862167,2149.93946220891,116.909488129499,390.185137265187,0.119191759044333,10.53564643677,5.91827557920201,1.14519241308467,3.88293124132782,4.6680294389641,0.184673068204746,0.0091706514677517,0.0050633256975013,11.2662918216304,40.6438458182924,15,2840.2315602125,236245.0,2,26.0004316178119,2.80318797317577,1037.46958442868,52.1052501791595,2158.01460596451,117.304084051837,391.839445799894,0.0072974624434486,9.88041202169745,5.75726204787523,0.832451184198934,3.74345294516201,4.71191331542166,0.221253870698705,0.010568205909655,0.0061540861525364,11.9496607632259,40.7800585017909,15
8.4375,25.4851001779642,6.13711089637059,1028.241135407,59.9887967296751,2133.9054913973,115.996899784088,386.921785121045,0.100668516568056,10.2673384288656,6.87233144244911,1.27951834148016,4.19999917829168,4.72447218807305,0.189756953556892,0.0093720384352794,0.00512013955398,11.387890119779,40.3279741489635,15,2824.03656194105,247520.0,2,25.6184065378921,3.29856793922783,1030.69140514621,56.745230222235,2141.36102439667,116.351886039174,388.444233557014,0.0061616038212949,9.56513864256425,6.71173471705861,0.93463899181358,4.02834277116282,4.77309642371643,0.222746757711339,0.0106241012531367,0.0061388639258023,12.1378688818017,40.450567234353,15
8.447916666,25.2051180421352,7.01481972987803,1023.56479797902,66.0237073755468,2119.88413858655,115.139759302008,383.808599929621,0.0866029413279555,9.92579631282754,7.80741523773017,1.39530616855885,4.58975814661633,4.78733391419647,0.193407550082933,0.0095187942945833,0.005151856190841,11.49930651226,40.0308193606722,15,2811.33886690006,259340.0,2,25.308076490192,3.82065190588532,1025.25784859305,62.3095133018706,2126.56457090549,115.450021473903,385.178121932062,0.0053296277839347,9.17639641922795,7.68473872925752,1.03197714371529,4.38211681405618,4.84034057164398,0.222969779393935,0.0106352849420204,0.0060945839730653,12.325225749873,40.138161877243,15
8.458333333,24.9240231022726,7.37034950020282,1021.26957774954,72.5746095934976,2110.90755453967,114.509329913721,381.436530167453,0.0753182517392427,9.53999888579004,8.53833495421229,1.44395444049078,5.00566197402825,4.85632324184722,0.196876864523727,0.0096582635424266,0.0052133122801012,11.5978972455124,39.8113947515314,15,2805.38174753656,260630.0,2,25.0311863397029,4.14850820398646,1021.92769058249,68.5164979457711,2115.6063749747,114.710441897557,382.440023095709,0.0047175864379398,8.74144364899412,8.5187187258444,1.08957076367005,4.77941652920653,4.91351322013653,0.22248265709444,0.0106216872103038,0.0060556397430882,12.4916757555958,39.8812472145707,15
8.46875,24.6214601474929,7.25126132191286,1022.83373657429,79.232552128103,2110.11660825746,114.29531133577,380.44107030087,0.0682383822315136,9.17893752572092,8.8774543308681,1.42836631839116,5.42302649604572,4.92041118591806,0.199463870059783,0.0097623970440038,0.005283955438828,11.6529300780002,39.7354440571454,15,2809.99104199023,259545.0,2,24.7337781823314,4.24663870830111,1022.16829770077,74.8950609999667,2112.15417402289,114.355105343154,380.977115811839,0.0044024021803353,8.34187652772051,9.01127252250233,1.09847122838079,5.18129616650683,4.9818090906078,0.221388325458882,0.0105862433613069,0.006025493850094,12.5928429182689,39.7566479130412,15
8.479166666,24.3171661600573,6.93402085858602,1025.22692284155,85.743227576267,2110.77905399758,114.139706795352,379.63756536114,0.0639053154672638,8.86554843871946,8.86532891578504,1.38244952894259,5.8319233707726,4.97797612518548,0.200976548319366,0.0098243716411567,0.005343024782041,11.6615901179735,39.6787856800053,15,2816.40394668892,259635.0,2,24.4294040868678,4.23531101744184,1024.36002846611,81.2248013695626,2112.50811839358,114.190361282688,380.144001141992,0.0042587244092174,8.01168295331968,9.11922303428754,1.08157454488757,5.57912717419051,5.0415105636794,0.220040148590413,0.0105411385161695,0.0059995711642542,12.6200771432572,39.6971694539726,15
8.489583333,24.0082304928048,6.65441738475681,1027.77957134979,91.9567055918643,2111.79799735761,113.985660450996,378.846267560831,0.0599823093470309,8.58208729305419,8.85925381021093,1.33900314626822,6.21941912001148,5.03155505417787,0.201681049415247,0.0098549015156349,0.0053816084480575,11.6560152585456,39.6221585078856,15,2822.99127061424,258595.0,2,24.1231862825585,4.21353899833556,1026.80917962564,87.3249996093766,2113.24612212806,114.029616449131,379.328628388182,0.0041288332237595,7.72515437958283,9.08501126396321,1.06032526551001,5.96154902588418,5.09568745258991,0.218603075297327,0.0104924187125401,0.0059722899147671,12.6139177772055,39.6383867376401,15
8.5,23.6865701046363,6.38124876528405,1030.93261803224,97.6349932188387,2114.68156573389,113.920459299613,378.36054758265,0.0561810757120288,8.32027336140785,8.77754409032203,1.29744326956352,6.56423934679653,5.0815045670367,0.201677551786193,0.0098582003522962,0.0054039834059166,11.6578523211577,39.5962935269086,15,2831.3448580456,254630.0,2,23.8079625668053,4.17883635012616,1029.71765323596,92.9713553007413,2115.35792383554,113.928673128547,378.724471417903,0.0039875721881659,7.45435513038081,9.03965005697743,1.03849774404713,6.30930653172203,5.14678122637656,0.217000223908885,0.0104375153465684,0.0059423371860659,12.616656755682,39.6001545222265,15
8.510416666,23.2876887344042,5.802995052215,1035.92160534257,101.694582529831,2124.4908825337,114.243273849333,379.177031434391,0.0514657194785629,8.09325996668728,8.45513373529401,1.21773440142615,6.76990006400184,5.12728116610219,0.201616792984697,0.009858604139583,0.005447199519608,11.6914324840921,39.7053552248528,15,2846.42454818601,235195.0,2,23.4518498259741,3.97868353643611,1033.816267873,97.3230827507977,2121.99852387548,114.078186270689,378.980272761827,0.003798751029982,7.19019914508308,8.82410916057588,0.989920238690758,6.55331863157073,5.19626310931162,0.21544264979952,0.0103841005818886,0.005928850134927,12.6664579038686,39.6490093832166,15
8.520833333,22.9016976619356,5.43920646529161,1042.03485949661,104.33679915259,2137.09949475845,114.733159040725,380.542153686588,0.0497705125525055,7.94859510088107,8.06736981269525,1.15699559590373,6.89863833771995,5.15522832772203,0.20012484352509,0.0098038091684984,0.0054420954292257,11.6895283358154,39.8728402113966,15,2863.96447975977,229220.0,2,23.0554358702695,3.82982782096263,1039.60542654882,100.175010750906,2133.86108735704,114.532481566102,380.246101881693,0.0037704912277032,7.01425390368559,8.44556671966492,0.942236462653308,6.692600837899,5.22921850290054,0.213819929139798,0.0103271646546642,0.0059080314903287,12.6827378487934,39.8040221270281,15
8.53125,22.5672021609571,5.1829492283172,1046.020312876,106.090359911468,2145.34377005215,114.990092302355,381.145718287562,0.0488367598896706,7.82821061586045,7.73310190867768,1.11326306319257,6.98280596922379,5.18070849782665,0.198147157896272,0.0097298480883344,0.0054173041871764,11.6752552121607,39.959916220966,15,2875.16262723788,225870.0,2,22.7080499728568,3.74328230897374,1044.39265198733,102.149367835204,2143.59918869491,114.873541803203,381.132546806828,0.0037562127331027,6.88632928775766,8.0890668747029,0.911752908589679,6.79070171034726,5.25526331041988,0.212379251411722,0.0102761281954146,0.0058847735239935,12.6733367497454,39.9201257984342,15
8.541666666,22.2559443738345,5.07025614973108,1048.69244192898,107.201454161113,2151.23202358332,115.121757779658,381.347969297686,0.0479825713464045,7.70912616314685,7.43567307741652,1.09030082844933,7.03081671234145,5.20502105762541,0.19607457426554,0.0096517121109882,0.0053788481446504,11.6617331566151,40.0040691299095,15,2882.6997869105,223915.0,2,22.3879864556054,3.70299260483187,1047.55445536322,103.43772754731,2150.3111895993,115.052875011974,381.492472985217,0.0037343803542361,6.76992537979942,7.77130882247893,0.892758488303541,6.85012781726125,5.27929531201601,0.210976738210991,0.0102262030377712,0.0058577405341598,12.6561708033268,39.980600091569,15
8.552083333,21.9662423231812,5.01100621287033,1050.7635505249,107.844862181262,2156.13302967596,115.199712891589,381.383924491136,0.0473254893702611,7.58620565476674,7.18297651485002,1.07793556806871,7.05389356848866,5.22914686999491,0.19409458525126,0.0095766181410616,0.0053380754861505,11.6571258650476,40.0301127614552,15,2888.51639439473,222220.0,2,22.0904541694865,3.68551286530511,1049.87576064436,104.231305349797,2155.59560335611,115.153282564001,381.601712802717,0.003709718739768,6.64595432297511,7.4973292261994,0.88246932804964,6.88267088876625,5.30342703842658,0.209538650640105,0.0101749243113163,0.0058277100771843,12.6504173176774,40.0142203237718,15
8.5625,21.6523154176197,4.88408298750677,1053.26054543317,107.637012289827,2163.00899161284,115.391558125822,381.810736652081,0.0459985409876369,7.46352301205909,6.89224292895261,1.05803735797494,7.0195666238204,5.25375768008827,0.192566332110542,0.0095184360612043,0.0053127064330652,11.673615817965,40.096230706857,15,2895.90380611545,213810.0,2,21.7936910631331,3.62913634047653,1052.1065950328,104.336520358046,2161.37866104987,115.284653166376,381.833019413529,0.0036453814211871,6.50697856003283,7.23404114188954,0.867177574708485,6.87272675155677,5.32932289207796,0.208171734917078,0.0101263410306503,0.0058031338002272,12.6744557794998,40.059115816214,15
8.572916666,21.4373828499392,5.02077135308126,1054.53833845452,107.785111799709,2165.88158544404,115.360846479626,381.496793452613,0.0476751401670274,7.37111709245865,6.69003342488427,1.07245543466994,7.03033615606748,5.26938092845691,0.190023866206896,0.0094203832754131,0.0052429469320561,11.6450244520244,40.0854793412662,15,2898.86111622883,224700.0,2,21.5215101054555,3.67211434215908,1054.15163854463,104.308631985923,2166.60072873689,115.387065753617,381.955556516151,0.003736567556738,6.42278907690665,6.97126932096498,0.869790422037917,6.86151643627399,5.34559739045751,0.206654569724778,0.0100712658494292,0.0057648330105363,12.6442457052618,40.0944287989149,15
8.583333333,21.22353292392,5.05060275890414,1053.71064592032,107.78313081464,2165.00606494231,115.123156419207,380.523700756789,0.046802890078305,7.23123008024531,6.55326987597486,1.07831588948368,7.02263019443475,5.29771271234302,0.188693403637169,0.0093697990980699,0.0052104804997436,11.6530125153015,40.0031381126167,15,2896.61237772442,220565.0,2,21.3241030740503,3.69755650640924,1053.9331619176,104.500331390992,2166.5477635672,115.191704223172,381.110280633029,0.0036748858546559,6.29692799740567,6.82309626018406,0.876125105785996,6.87179595184103,5.37076645026545,0.205411865125629,0.0100268594204138,0.005735198080079,12.6410525579676,40.0266536194829,15
8.59375,20.9669249651293,5.00958957052292,1055.57052597045,107.384412655304,2170.48023061356,115.23277759285,380.703294684757,0.0465054235985925,7.10694885822746,6.34081701735528,1.07194318851606,6.98708221740799,5.32063784255828,0.187201042591351,0.0093123977807325,0.0051790538532118,11.6648419271762,40.0417813682138,15,2902.05976716384,216600.0,2,21.0780126109934,3.67257854027639,1054.72590137691,104.214343978731,2169.57015917084,115.16915170817,380.857402537257,0.0036553379657857,6.15531414127666,6.64591204878006,0.86956350953154,6.84471039513678,5.39629034507752,0.203896502166541,0.0099723884037558,0.0057040400467106,12.6616474363548,40.019239409153,15
8.604166666,20.7081881673249,4.89611173973724,1057.97522333321,106.505341477292,2177.45373472285,115.429596126501,381.174901068302,0.0465434873740023,7.0099903192917,6.10880191742637,1.0552086049348,6.92357781386734,5.34010676689693,0.185742934449592,0.0092556673245352,0.0051531915472175,11.6741378552598,40.1109747301523,15,2908.98732859373,211235.0,2,20.8251330895277,3.61233436560911,1056.92957543794,103.539764683073,2175.88854594036,115.330176226333,381.217227733167,0.0036530924620791,6.03748960934502,6.42547211651541,0.856104594740191,6.79540526926668,5.41809703687229,0.202553503262236,0.0099238657974977,0.005679749660948,12.6825129607525,40.075874908136,15
8.614583333,20.4640131179772,4.72501987852627,1059.95967709609,105.297443235784,2183.55585962568,115.590251601911,381.532131320839,0.0480513307121925,6.95105977355179,5.82847637740109,1.02898067251533,6.84403215637675,5.35409379025278,0.183758211692917,0.0091772040647265,0.0051181341110497,11.6574689953774,40.1678916921369,15,2914.57744092933,209375.0,2,20.5739180554782,3.52993080815873,1059.0778563022,102.471520843535,2182.28098763067,115.506323857495,381.629652161801,0.0037308068166258,5.96468526082653,6.17105487487706,0.837630652346234,6.72375619534739,5.43395955800335,0.201359974154608,0.0098801037813154,0.0056602224866186,12.6745712389928,40.1380353196107,15
8.625,20.2463721468459,4.55942589041186,1061.10051887203,104.004515992296,2187.69880290053,115.654530662566,381.580294337319,0.050335454466385,6.91697083019152,5.57021340333788,1.00243628335604,6.76289380575717,5.36583036978842,0.181578300567894,0.0090901428931988,0.0050770721798949,11.619231215211,40.1916302474946,15,2917.67271975917,209315.0,2,20.3457103873877,3.44931390979926,1060.58778231767,101.262721968923,2187.18274979327,115.612403437176,381.813832914379,0.0038495056627256,5.93549415180788,5.89478484203799,0.819087308757147,6.64687252572724,5.44524644143442,0.200449771404043,0.009846205169119,0.0056464878310561,12.6294415999664,40.1761536574214,15
8.635416666,20.0214619606711,4.40652533899667,1062.07620127718,102.475690303777,2191.75009971574,115.722597364892,381.654978683799,0.0521821598751616,6.88641451505988,5.34206132332412,0.978085135100045,6.66600818117317,5.37815361840201,0.179812603280509,0.0090191208981267,0.0050449148861163,11.5879413267006,40.2169998787724,15,2920.42242541812,206180.0,2,20.1269042812068,3.36844947228234,1061.59350311104,99.8899287395064,2191.07715753956,115.67263985022,381.860293449933,0.0039386123309838,5.91308283875644,5.6546739367489,0.801019007265804,6.56087440885308,5.45650366229322,0.199771889560314,0.0098209147767836,0.0056381553167523,12.5845050648524,40.1986488649395,15
8.645833333,19.8187398960042,4.33794851616936,1062.93751278955,100.979670042153,2195.3370834859,115.770946794795,381.673085551411,0.0548636319628814,6.86718196243359,5.16942750142948,0.966250849776073,6.57482647571675,5.38752235886857,0.177974887923708,0.0089447229949449,0.0050042836154291,11.5535685769074,40.2358212187532,15,2922.70058991192,207365.0,2,19.9103828338669,3.31551246081292,1062.57252430056,98.4143087345186,2194.97267355137,115.739667025993,381.937243700508,0.0040673304325336,5.90325597902976,5.44892105455785,0.789192487488405,6.46924535483684,5.46543067700566,0.199109318832363,0.0097959463468299,0.0056273490954976,12.536711300286,40.2238195443981,15
8.65625,19.6132289094207,4.26978180187591,1063.54611190578,99.3390670653221,2198.60472699869,115.807575936385,381.667651884513,0.0564647900413523,6.8387822092952,5.02068000896466,0.956737176413192,6.47332884326353,5.39972130912701,0.176862151975072,0.0088996052201576,0.0049816121771524,11.5375659645833,40.2507893352065,15,2924.41194234443,204110.0,2,19.7116058639163,3.26480187452688,1063.22642505576,96.9155063055459,2198.14235885009,115.770958698018,381.91042355257,0.004129418579035,5.88315316190324,5.29425696199803,0.780275323895965,6.37781576718594,5.47636854989362,0.198660078596799,0.0097792214927712,0.0056216034850653,12.5079571932333,40.2368233182339,15
8.666666666,19.403447989331,4.21884317094533,1064.64865281262,97.5638378994469,2203.01916622971,115.912363413551,381.895960742733,0.0584444100729478,6.81583522421435,4.84260770739288,0.949761410962226,6.36444172386649,5.40976463966711,0.175764897622925,0.0088551066789137,0.0049580628311859,11.5255925815811,40.2896079679827,15,2927.49719179954,202315.0,2,19.5012789401905,3.21447152954622,1064.14209775655,95.2355946711495,2202.08517612442,115.850798013295,382.056664807697,0.0042132486202316,5.86018134448202,5.12986593334502,0.771556791586726,6.27467381259389,5.48690698080496,0.198154278838559,0.009760378764239,0.005614500048518,12.4914632306635,40.2668807909029,15
8.677083333,19.2017285400597,4.20424458406969,1065.65269789299,95.7008614792372,2207.27407813857,116.013738773298,382.122761578867,0.0600909201182496,6.79210759300084,4.6837528566593,0.94879739217166,6.25134954534539,5.4199012421884,0.174971480703604,0.0088230113130243,0.0049395070209361,11.5203111479727,40.3273648403859,15,2930.31862702751,200170.0,2,19.2982940301715,3.174033211667,1065.17909035624,93.4802559238739,2206.31987242895,115.95132409581,382.28000041549,0.0042772704064366,5.8387835471504,4.96254276984618,0.765800567061682,6.16825615494485,5.49698329606934,0.197755660639082,0.0097455805408626,0.0056090195226495,12.4813602607715,40.3042711722516,15
8.6875,18.9908245833292,4.2024572412315,1066.7931882338,93.6404249921431,2212.04794287583,116.148527826622,382.472044673974,0.0613103040712668,6.76143643764679,4.56915869284041,0.950847176109101,6.12626559222152,5.43061358696862,0.174567569714183,0.0088067999989035,0.0049297252192846,11.5265015593815,40.3768286654228,15,2933.60921795085,196640.0,2,19.0934576289666,3.13436926568765,1066.23022111272,91.5764237556076,2210.74695817608,116.067183276757,382.566873684332,0.004313592072005,5.80686817961495,4.83286079187443,0.761422488956012,6.05335713677048,5.50800955574025,0.197411635374015,0.0097330318824638,0.0056049574175246,12.4867445501648,40.3470919487786,15
8.697916666,18.7850667592483,4.1156189423034,1067.9931879914,91.481130443453,2216.92984728353,116.298202530529,382.880243667663,0.0639942555939287,6.74536306813109,4.4331523971682,0.941183596246167,5.99681519910879,5.43920479144014,0.173636778430976,0.0087688173449379,0.0049126727158443,11.5213425862633,40.4315298172394,15,2937.01060630036,194640.0,2,18.8851388972181,3.07096973256125,1067.41961426043,89.5319753755881,2215.56508301731,116.212044306676,382.959789065615,0.0044248381109443,5.78354778142632,4.71383600778385,0.753074058906998,5.93064368129129,5.51770737801362,0.196948345746215,0.00971575285815,0.0056000688712185,12.4874079487892,40.4000700673014,15
8.708333333,18.5874215248358,3.97530836749282,1068.9358596611,89.2644230189748,2221.19080796177,116.426650410469,383.228270814181,0.0674186078314476,6.74929680596921,4.25121962019986,0.921681382842104,5.86484871532373,5.44633680164747,0.172377057337199,0.0087172264688939,0.0048911454046235,11.4984166114524,40.4788863047319,15,2939.64367362842,192550.0,2,18.6857554820063,2.98710972613136,1068.46653028152,87.4305545656896,2219.98044273678,116.347699903252,383.331130419159,0.0045811882427816,5.78785261561443,4.55464958333212,0.738723361968996,5.80561471198818,5.52489732847785,0.196590719926405,0.0097020105559572,0.0055992045950401,12.4629463791219,40.4498965812365,15
8.71875,18.400311449756,3.77289028149016,1069.6181711402,87.0649565152053,2224.740597063,116.530266987094,383.50393341739,0.0725834898778985,6.77594449305884,4.03371065327075,0.891683722254879,5.73469931703624,5.45123058986318,0.17044026396006,0.0086375110653037,0.0048567144007376,11.455877484231,40.5176453995969,15,2941.48167789186,191595.0,2,18.4933860885168,2.88635292786093,1069.27919025175,85.3066347415384,2223.78089365882,116.464009971031,383.646915716413,0.004827845256823,5.82024326872077,4.35316322921706,0.719626744239953,5.67970563939603,5.52935318330222,0.19623725032539,0.0096879202266175,0.005599592223879,12.412617557861,40.4930355177117,15
8.729166666,18.2270661775504,3.65112975575554,1069.95225651874,84.9543472047567,2227.39673532814,116.594963612578,383.664860852214,0.077783107279105,6.80847682610377,3.85206246582034,0.872050562006903,5.61028110416563,5.45584224773645,0.168670014912701,0.0085645041633357,0.0048204531653673,11.4090276748108,40.5429420625198,15,2942.32957918421,191120.0,2,18.3140399725727,2.8056304216009,1069.78115207495,83.2432437112163,2226.74983179542,116.547286927481,383.863738989144,0.005076774651903,5.87253645786096,4.14745909199978,0.703038543442568,5.55777846807451,5.53202378721909,0.19605293962332,0.0096799755244992,0.0056019445611706,12.3448784141079,40.5247489523238,15
8.739583333,18.1008611690125,3.61565229927928,1069.33049858082,83.2665438543221,2227.58661828847,116.530348764127,383.414305472564,0.0844574550822507,6.83450884514006,3.7524377174869,0.867584025702274,5.51252571018359,5.46061143167002,0.166622244917945,0.0084796302779622,0.0047704261122049,11.3595500288672,40.5233798438925,15,2940.48877110315,195530.0,2,18.1617636024862,2.76390103449005,1069.6661784497,81.4429347471268,2228.1805933431,116.551544684146,383.82881930187,0.0054038839490631,5.92824009376195,4.00190635293048,0.697068985452747,5.45163292297123,5.53412698041059,0.195731390967527,0.0096667050633812,0.005597072168136,12.269347438886,40.5290981790424,15
8.75,18.1025153449412,3.82455487458237,1065.45363603813,82.8151481631689,2219.47896320423,116.015661145393,381.689185830388,0.0922802535497585,6.83897787694587,3.85305531079535,0.900421121377606,5.49619739116777,5.46725304693793,0.164232590724513,0.0083794724638315,0.0046933832415065,11.2944209563288,40.3474573473987,15,2929.35003879653,212455.0,2,18.0975238638186,2.82656660406582,1067.35028436122,80.5400043804312,2224.08276369135,116.254539564644,382.797158462507,0.005850377418522,5.99405299806859,3.99116918583792,0.714882957640356,5.40144084857153,5.53519487847782,0.195088609028939,0.0096408952759325,0.0055741217072625,12.1585805325659,40.428884988593,15
8.760416666,18.0377266916375,3.87154462405221,1061.13364043697,82.5007556053885,2211.07855905025,115.484798545189,379.924341826284,0.0903148036156916,6.78273288636336,3.95848719840631,0.91256041290008,5.47530178312106,5.48848826398534,0.16501033865102,0.0084120682387191,0.0047100731228371,11.2941273325113,40.1658661757682,15,2917.71597122989,208020.0,2,18.0780720531491,2.85729844689721,1062.87916194292,80.3021250815343,2215.02459438892,115.684067331026,380.889220824193,0.0057020544140773,5.9651758529265,4.11551622136197,0.728540977936149,5.39027103672778,5.5518928326064,0.195275627261695,0.0096485265752792,0.0055762171304898,12.1270423821901,40.2335705768918,15
8.770833333,17.9466655021691,3.98409850988352,1061.04268768012,82.50975880771,2211.44927130966,115.416802300184,379.66439272124,0.0901062294038987,6.74720226815471,4.05433033404709,0.928883662040391,5.47649442637347,5.50017087676,0.165207070106185,0.0084203083846445,0.0047072805478662,11.296895977312,40.1451785694313,15,2917.67106854126,211140.0,2,17.9820574061315,2.890481872778,1061.09328971155,80.1127282021702,2212.02143508028,115.438864338967,380.052240808056,0.0057026986181908,5.92301828598811,4.20238108267487,0.735912874211735,5.376966743545,5.56642307843222,0.194937304820611,0.009636230159111,0.0055654581829083,12.1262688106575,40.1512841866391,15
8.78125,17.8376917103731,3.91275469416337,1061.63938682612,82.4421496563827,2213.54333184348,115.443487710919,379.706662197225,0.0883059726254206,6.72215255586752,4.1565135537351,0.920429247487687,5.46935306536321,5.51334339155052,0.166015220900814,0.0084536076746663,0.004732538667432,11.3148694525159,40.1572552951778,15,2919.69920514698,205845.0,2,17.8925619363258,2.87197251458882,1061.39294335002,80.1277191051119,2213.29779734048,115.418335608473,379.945920089359,0.0055764253676622,5.88105291998223,4.31470783764726,0.734473714376957,5.37789807871204,5.58094445804566,0.194989079488895,0.0096389017561016,0.0055691635579624,12.1509597772843,40.1470052132679,15
8.791666666,17.6729488223946,3.79051378504609,1063.35989855052,81.8617986829356,2218.54012628807,115.6359548541,380.288378709832,0.0873331279702001,6.72369360747419,4.12622207898808,0.900011554756788,5.42869809959706,5.52098592417456,0.166498265757094,0.0084736500257336,0.004753511709754,11.3274738520468,40.2268370125066,15,2924.93474557347,199245.0,2,17.750839666579,2.81244949499145,1062.52740962597,79.7204276090601,2216.79187783104,115.529071583522,380.271014968493,0.0055083004792557,5.85935605870595,4.34900227213806,0.719396701117434,5.34995877853374,5.59170095421192,0.195061917079244,0.0096420550226685,0.0055770115963197,12.1771919537682,40.1881818033793,15
8.802083333,17.439854057008,3.57713649155933,1066.60130808205,80.3973454708507,2227.41313714435,116.047878773916,381.594289443797,0.0864092474075282,6.7461711501629,3.83401988234399,0.866187898180958,5.33581143848841,5.52594018750769,0.166778574901425,0.0084865388606391,0.0047773693276797,11.3477673472696,40.372685892589,15,2934.31998360567,187255.0,2,17.5576679389792,2.71042874081294,1064.97842154709,78.6483240141788,2223.5562347384,115.826407476869,381.215729604549,0.0054225135743015,5.84863952772528,4.19264509947014,0.695276552802133,5.28310230916144,5.59995266899723,0.195288401651972,0.0096509884053563,0.0055925700055833,12.217259776856,40.2941373216006,15
8.8125,17.2837954186024,3.6600294203531,1068.9031776425,79.1078826904122,2233.76508779128,116.32757715366,382.465476638923,0.0903165146329456,6.78867947208981,3.7254148840224,0.875879199172966,5.26054773093321,5.52231745682488,0.165908110977534,0.008450646317449,0.0047492298927359,11.3372313943637,40.4726070260188,15,2940.78135670709,191675.0,2,17.3552740542607,2.69036682131086,1067.86327512853,77.2563039746428,2231.3624695757,116.188163244129,382.361705628076,0.0056349870722074,5.89018417527299,3.96930146664385,0.688756318804203,5.19889663041381,5.59841953330983,0.195144016557846,0.0096448085813197,0.0055903114941196,12.2130866406734,40.4225633126671,15
8.822916666,17.3148693322368,3.94182304779668,1065.78628042506,79.1509112759286,2227.08199975316,115.902243142331,381.029925724056,0.097647922194534,6.79582049688248,3.87710422605774,0.922631350713504,5.2734952995143,5.52438027890332,0.164249448104112,0.0083806407193041,0.0046856493086647,11.2972876466207,40.3273731133746,15,2931.95905007544,210090.0,2,17.2979545439803,2.7896280836574,1067.34990660724,76.8239158541023,2231.00389750183,116.101316359887,382.013448894647,0.0060395228391771,5.95135811236169,4.00694033336899,0.717237733473725,5.1764479051557,5.59472441455645,0.194786792313761,0.0096299907168073,0.0055708353840904,12.1498276920409,40.3951022609907,15
8.833333333,17.3491374826879,4.15115110439523,1059.79902186034,79.8405263684332,2214.06511223194,115.134889447631,378.48460717605,0.0969747100876716,6.73384439762143,4.07372735091048,0.958351332343405,5.32068971785164,5.5417962811236,0.164331563190207,0.0083839580945547,0.0046731740530184,11.2831154118251,40.0632363660487,15,2915.54054508783,216845.0,2,17.3407527235073,2.90000642919912,1062.30820226375,77.3712444301816,2220.15081873929,115.444527082283,379.808428558614,0.0060049756895166,5.93543745116322,4.18850976324165,0.748148101002632,5.21455650886944,5.60569821742851,0.194671389232358,0.0096257704962033,0.0055577234896862,12.1056032660958,40.1694721253693,15
8.84375,17.3140767753457,4.31271911853561,1057.43846546373,80.737092248611,2209.15512159665,114.789751782725,377.308971368144,0.091508299174605,6.65750107343808,4.31213340579698,0.982806703471756,5.37424319675542,5.55924691671858,0.165847195306608,0.0084473066735409,0.0047009279024611,11.3049186048638,39.9458968436463,15,2909.53147447763,216350.0,2,17.3303731706814,2.97964280889621,1058.29882102542,78.1609533425015,2211.66815769927,114.909271749457,378.010480589449,0.0057222003566651,5.85733916102526,4.40817297193603,0.766302439289208,5.26321536515902,5.62392121677073,0.194598749134758,0.0096243004989309,0.0055497919110489,12.1190675796029,39.9860510452439,15
8.854166666,17.3317441622065,4.62784358265832,1056.91826273328,82.3676413828753,2207.2287132521,114.586889040254,376.570992470971,0.087764513021465,6.59293465434944,4.6570270262839,1.02686302622572,5.4822117883824,5.57072570734849,0.166922649958166,0.0084921198580074,0.0047071035023459,11.3270223344586,39.8779300454595,15,2908.16282169371,225250.0,2,17.3189926019109,3.11976126530055,1057.34472453715,79.4747782706211,2209.36378992644,114.688001102742,377.216192954922,0.0055483878736353,5.78609236556303,4.70740642404107,0.793794041674089,5.34616213236818,5.6375222103675,0.194299266168765,0.0096140016131794,0.0055306651873615,12.1443842536789,39.9117635240419,15
8.864583333,17.2209289695494,4.50726776480391,1057.2387895822,83.1160228358564,2209.05371564938,114.588534581804,376.500268964702,0.0784645240609353,6.51268322333736,4.78058439573458,1.01380001870585,5.51359269057084,5.59060906736485,0.169701030515543,0.008608376980925,0.0047864576724667,11.4036190536697,39.8808552493488,15,2910.28364014747,207700.0,2,17.282962164937,3.09889257148273,1056.85457924411,80.5849918295073,2208.52648320932,114.540228549244,376.667488813692,0.0050240725294299,5.66580594844549,4.96118436530835,0.792752651769477,5.41267962334246,5.65987599804058,0.194528929557183,0.0096250065242034,0.0055403717089151,12.2445046025559,39.862786816134,15
8.875,17.0154408718352,4.34429805519559,1062.01648307213,82.7511801504834,2221.22245357732,115.151570724601,378.254297723767,0.0742298797949248,6.49607979955264,4.76262253852146,0.986403753386141,5.47929777646808,5.59425704505004,0.171199155799736,0.0086704086106619,0.0048359285962287,11.4610472394991,40.0788588795678,15,2924.6061330959,196605.0,2,17.1084251430024,3.00624075610622,1059.83480773405,80.5186991840538,2216.53844995559,114.882266461057,377.725351254005,0.0048258663164335,5.5891791636683,4.99205802078235,0.767378778764459,5.39789793000368,5.67206054473872,0.194389275223782,0.0096210588997208,0.0055470374288108,12.3430165988864,39.9839364790463,15
8.885416666,16.9513805692348,4.53947320794979,1064.11286410989,82.8238748330153,2226.40398982649,115.343049158788,378.769775760772,0.0751805820653107,6.51555443740107,4.87342018822432,1.01025724018418,5.48796508923086,5.58889745174617,0.171104765529372,0.0086661044174055,0.0048195547159967,11.4671551341987,40.1474823079181,15,2930.70077699766,205950.0,2,16.9741740922729,3.05133564688909,1063.31523439221,80.3583802109424,2225.24557762058,115.263370375945,378.871321217059,0.0048969663774045,5.6015036776606,5.03549817025397,0.772260726946921,5.38587930639298,5.66913980598126,0.194290152603782,0.0096170155920338,0.0055401691901511,12.3656127881702,40.1185813770617,15
8.895833333,17.0939295491885,5.13369951837452,1058.88358177129,84.5769765170445,2213.38904543184,114.554276856628,376.063034570473,0.077287517564314,6.48772678295579,5.24035068365334,1.09274728834379,5.62195051730207,5.59095488231608,0.169953842779348,0.0086191711613372,0.0047511763611436,11.4325345540034,39.8750507441118,15,2915.50647441854,232955.0,2,17.0272942056582,3.32205761977054,1061.29308149215,81.551094638808,2220.36451695684,114.904590404662,377.546901917001,0.0050259830925655,5.63282489527301,5.2838262882752,0.828329247183764,5.4708152286934,5.66437278477911,0.193982738794088,0.0096046044726898,0.0055072538370433,12.3103942337961,39.9958529797778,15
8.90625,17.0889102537527,5.13790461023342,1053.90121477114,86.1271220607475,2203.01210653042,113.898911751407,373.809737484739,0.0696249334518133,6.36592424880301,5.42582116889819,1.10036110284666,5.70917831240671,5.61637222136507,0.171665580400244,0.0086922495648327,0.0047957973457051,11.4837183641969,39.6488852474673,15,2902.79848338444,221125.0,2,17.1083494823932,3.39740704055669,1055.58865877134,83.2996281669946,2207.4785171884,114.107263263693,374.817387205255,0.0046019962689819,5.5137689824978,5.5918038976208,0.851411058106332,5.58583284370627,5.68630199905747,0.193775976386091,0.0095989068559441,0.0054976954018043,12.3577863946773,39.7203886977006,15
8.916666666,17.0191633349868,5.08132240138413,1056.24289156778,87.4917230877824,2208.44507234889,114.074443529827,374.250596998419,0.0670007002429304,6.31261833127755,5.51325508373572,1.08862279944565,5.78651435241753,5.62321861309151,0.172055981435533,0.0087094743809442,0.0048104220227192,11.5085818644395,39.7116147073951,15,2910.16225668007,219510.0,2,17.0419350504736,3.38447083142807,1055.20848341269,84.5451841414535,2207.25348612235,113.988414957229,374.311291917011,0.0045067736206861,5.42283038552552,5.69278000998519,0.842422543742636,5.65374103777223,5.69962965322843,0.192973970314294,0.0095697528070247,0.0054811864160751,12.4046570130699,39.6807603963869,15
8.927083333,17.0089839935419,5.09629549894821,1057.81230091292,88.9998728868217,2211.56965980112,114.121551791086,374.25797603035,0.0656533799161269,6.2805035336142,5.6386079078721,1.08753568718117,5.88150393637977,5.62846038262766,0.17218787783858,0.0087156117550824,0.0048134209127409,11.5164709616344,39.7294537123021,15,2914.86811135096,221695.0,2,17.0130689978132,3.40998664316398,1057.29844490284,85.9764511022445,2211.6993284603,114.106841593804,374.556456928819,0.0044514058432123,5.38267385212393,5.80869651458753,0.842258337836205,5.74174766834104,5.70564353755223,0.192593631853301,0.0095558610883926,0.0054704803986885,12.4211877883654,39.7235023290689,15
8.9375,16.8953422055999,4.8184631389911,1059.58090467367,89.4811159565278,2216.79095287785,114.28915506197,374.671398487035,0.0620819150187748,6.2409464635629,5.59478907987297,1.0489286316977,5.89710837988528,5.63836235181623,0.173133097047426,0.0087551339638589,0.0048564632900573,11.5521870278274,39.7891054563035,15,2920.95197438502,207645.0,2,16.9541322317908,3.31382033919956,1058.61773081934,86.8292516603759,2215.14400792999,114.176722537899,374.658416293272,0.0042768808345896,5.31829476395332,5.85465488296471,0.821400318342218,5.78989904424509,5.71696504303263,0.192414325054159,0.009550215097856,0.0054760370130612,12.4717169294555,39.7491746022369,15
8.947916666,16.9720127143589,5.14129261740276,1059.2713886419,91.2271437814191,2214.29702492501,114.040860928893,373.693508603936,0.066624420558365,6.26504133063851,5.75213065085922,1.08411578087756,6.02967819466765,5.62864154640085,0.171092598878123,0.0086711590020611,0.0047838940368854,11.4865653605519,39.7039903276974,15,2919.17543790664,234890.0,2,16.9189191180983,3.45117733103107,1059.77809399513,87.9507889608318,2217.45534391851,114.19011722618,374.531507344821,0.0045597086251205,5.36732076452984,5.87269439866472,0.837801581446887,5.86237352452589,5.70776651545094,0.191872474780569,0.0095282763014587,0.0054496469892455,12.3993580795658,39.7551760701647,15
8.958333333,17.0195305972688,5.11727800788751,1054.86881315452,93.1285291873464,2204.16371341788,113.379507763814,371.391868066532,0.0629826571970809,6.18680217981349,5.87785987955198,1.08503721580785,6.14712999005725,5.64712278572248,0.17175799371318,0.0087004092210368,0.0048036842058965,11.496834623513,39.4750209943197,15,2907.30558943831,228465.0,2,17.0176516576312,3.51553287033427,1056.36576984518,89.9869347311804,2208.67752103257,113.594511426387,372.424952897346,0.0043491381412908,5.31805632720766,6.06073722739549,0.854412168530389,6.00089009420037,5.71922893620966,0.191841428003204,0.0095280811965202,0.0054442225446916,12.3887508002211,39.5491517961056,15
8.96875,16.9647709970382,4.92079826244168,1056.94066260566,94.6448311148864,2208.70348221531,113.48842543265,371.602262655906,0.0615998803829375,6.14609954599427,5.79641676708479,1.05534504389969,6.23203161576935,5.65394845007239,0.171724596344039,0.0087000606630959,0.0048170442199807,11.5012775326253,39.5140621509502,15,2913.67029463152,223895.0,2,16.9846072424948,3.46008511926864,1056.00235999073,91.4772530447341,2207.86612603237,113.425688573273,371.73660540321,0.0043062932839161,5.25343229442084,6.04724375497039,0.838255107605267,6.08613143138713,5.73001702367723,0.191183420834421,0.0095039082600995,0.0054344619151419,12.4035151765036,39.4915503251275,15
8.979166666,16.9187181631371,4.77318060234019,1059.51135675877,95.812327866031,2214.29912248769,113.652081994903,371.985350610259,0.060821659916378,6.13383167051812,5.66297298713058,1.03090886822074,6.2987037137554,5.65701202034341,0.171625020717958,0.008696413000283,0.0048251079543514,11.5004576971633,39.5720955916065,15,2921.12425148194,220430.0,2,16.9387980079293,3.40796055010287,1058.4948174656,92.7107216014879,2213.20088077436,113.578307602706,372.091441386875,0.0042831062910833,5.22846201298552,5.93418847708688,0.821280030176527,6.15763586108203,5.73454396505313,0.190899788622153,0.009493435113711,0.0054327220024055,12.4079854152129,39.5457493340155,15
8.989583333,16.8586690169051,4.64269322388396,1061.50419915137,96.4802877753826,2219.08031495232,113.776411695957,372.246814385137,0.0603743369023035,6.12685783528103,5.51014464531778,1.00979762338283,6.33306126216965,5.65924371989412,0.171388287750106,0.0086868621832471,0.0048284214985786,11.501008244936,39.6165540639731,15,2927.02843651811,216540.0,2,16.8858286961977,3.3605597315082,1060.61114272269,93.5082593242387,2218.03349153055,113.70618258552,372.368087432228,0.0042664530090501,5.2126592292671,5.78922796247657,0.806928630074825,6.20194860555085,5.73755846542383,0.190707193756096,0.0094863016685742,0.0054325952854636,12.4144508965193,39.5913810980239,15
9.0,16.7288589762983,4.33864178567133,1064.48381382403,96.1265380365837,2227.08978461069,114.081355729385,373.112107774617,0.0597608518551959,6.13296556710767,5.28861416107244,0.965148748781637,6.29837818481454,5.66126586419221,0.171312899175772,0.0086833717335854,0.0048475251722345,11.5104682202632,39.7240575017267,15,2935.96324310778,205085.0,2,16.7916575865104,3.24063188464608,1063.06616534922,93.5205564103992,2224.33045325453,113.919647558454,372.943129675241,0.0042335661722196,5.19342506251974,5.60745257108116,0.779697181466594,6.19535579579493,5.74155628871159,0.190606862222226,0.0094828063679841,0.0054412799148667,12.43910857469,39.6669409169169,15
9.010416666,16.6257860673685,4.20052486033832,1067.45582665052,95.4028751188646,2234.8185458275,114.379449338498,373.956210016448,0.0619097413791144,6.17752717228207,5.1044526464315,0.940347043882267,6.25017433751221,5.65423390654609,0.170411280122969,0.0086451280453038,0.0048336442819803,11.4883525043945,39.8293890570262,15,2944.38172200664,205070.0,2,16.668526507725,3.15974948135568,1066.15881947847,92.8676669625902,2232.40804543886,114.239336099762,373.865441480049,0.0043550005287365,5.22719708732609,5.39295273833606,0.757395294101024,6.14851904480447,5.73678735298971,0.190603023139211,0.0094819508138063,0.0054477904286531,12.4250371373917,39.7796732369293,15
9.020833333,16.491619660364,4.02744463416827,1069.61141449906,93.3234269398547,2241.70986641629,114.6460516805,374.718609993813,0.0618095528071444,6.20260557707696,4.95299623156061,0.915692084196165,6.12379687403015,5.65376367811656,0.170610532893638,0.0086525829713431,0.0048504506370065,11.4930733524007,39.9239550320338,15,2950.44999342116,195590.0,2,16.5615770889784,3.06862670804098,1068.5125654206,91.4873323834368,2239.11876913369,114.493007327752,374.587395051623,0.004334759585206,5.24760607598704,5.23892915465625,0.739092488078858,6.06501440440721,5.73533551371766,0.190997142026946,0.0094968281902203,0.0054653172003543,12.4304094516785,39.8696219683872,15
9.03125,16.3602638998421,3.94134769499759,1072.08448027142,91.4541029108287,2249.11568628986,114.945372005741,375.596502994123,0.0640307665703757,6.24562964111959,4.82893576349541,0.902420979999781,6.00937341580634,5.64715613176914,0.170174165893762,0.0086334879588189,0.004844594931388,11.4837488586879,40.030084895795,15,2957.41967202583,194235.0,2,16.4202513870734,2.98949409365087,1070.90444625846,89.4371563347494,2246.42807607693,114.790954271685,375.466027770289,0.0044477222532888,5.28247423521873,5.09566406202836,0.723581376862441,5.9410635940433,5.7306716241676,0.191173709848772,0.0095029483043603,0.0054761678798232,12.4268560582893,39.9751665801657,15
9.041666666,16.2601670556862,3.93116956612322,1073.47996992701,89.7367645759816,2254.03218569028,115.11844916414,376.074490863761,0.0653931906119032,6.27816201504144,4.79871007264336,0.902327056060029,5.90516175359188,5.64350067039572,0.170268547061266,0.00863650357682,0.0048468573685006,11.4810014330353,40.0923618642839,15,2961.40066656409,192545.0,2,16.3113922649694,2.94894814734105,1072.78823182749,87.7989918148281,2252.34740967489,115.016430993178,376.113315726958,0.0045015399072735,5.32241720555595,5.02228230979155,0.718069879527449,5.84152651832573,5.72584053728576,0.191603407993452,0.0095187839112503,0.0054896251249845,12.4188392863682,40.0556278675427,15
9.052083333,16.1465934171168,3.924099224526,1074.58666689823,87.7555332058209,2258.56894993998,115.280701927704,376.529432691528,0.0659734203611037,6.2969347989452,4.83214703879869,0.904083025678082,5.78533654083153,5.64177413385591,0.170748438667892,0.0086555450018451,0.0048587945905627,11.4905203984013,40.1508929138693,15,2964.65413318285,189430.0,2,16.2043107911714,2.90860632459564,1073.99845428818,85.972635667563,2256.96426937013,115.180760626997,376.574849685615,0.0045160519007882,5.34265599988233,5.02918676723286,0.714372259179467,5.73163043290436,5.7238718092802,0.19198293730364,0.0095330486217389,0.0055022329943022,12.4271272592967,40.114852842535,15
9.0625,16.031653753324,3.94815412663037,1075.77628072695,85.7535291412985,2263.31462630627,115.46089608207,377.047177095114,0.0661458585273957,6.31430293980336,4.94259162552923,0.910302193620833,5.66510113813286,5.63938205023393,0.171452458681368,0.0086836982811824,0.0048740569924156,11.5058794072221,40.2156316285272,15,2968.17610573517,187225.0,2,16.0895241305956,2.87427165831747,1075.1776940384,84.0533581647221,2261.62638016244,115.355127613788,377.07700823106,0.0045185185228861,5.35686114748741,5.10251929129465,0.712085513600331,5.61649277740949,5.72227413120767,0.192334051389314,0.0095463120571315,0.005513705629975,12.4437457042369,40.1775640733376,15
9.072916666,15.9142749764331,3.86902455981843,1076.87867548506,83.6758606131099,2267.8664519718,115.64340547781,377.572351043895,0.0668333605905982,6.3455951494205,4.95646995263809,0.901775292692773,5.54131980529041,5.63594463155462,0.171826023085743,0.0086981341822179,0.0048883636660122,11.5165264647843,40.2810726016504,15,2971.43836289499,184290.0,2,15.9754042091089,2.81436010199472,1076.30556633731,82.0989778855747,2266.17444810995,115.533197869404,377.593675574876,0.0045513111034942,5.37707035448429,5.17625412668419,0.705251716470143,5.50024709915341,5.72013931977339,0.19266143895681,0.00955851368466,0.0055268995760423,12.4609763500924,40.2414890037243,15
9.083333333,15.7824707620772,3.69199592780196,1078.22962755973,81.9280813357511,2272.7822133099,115.86027735401,378.20599768232,0.0683909065163093,6.41015923143502,4.81907066096657,0.874964284049019,5.43355135836036,5.62911822704248,0.171703938953567,0.0086919691453286,0.0048973071157713,11.5082564397328,40.3583562076625,15,2975.52341508703,180580.0,2,15.8518670520756,2.72211015481693,1077.51393774788,80.2368429285991,2270.76979988006,115.730368271322,378.172253843322,0.004639767861449,5.42806874141274,5.11204687662143,0.688157694865062,5.38842524962881,5.71493196773943,0.193098521677948,0.0095743513368546,0.0055453471639406,12.4585983116525,40.3119498418517,15
9.09375,15.6772460872046,3.57354111672544,1079.08307695507,80.0352075732776,2276.43478574907,116.027405936597,378.672192676471,0.0714972174946285,6.50226714538697,4.69006558598339,0.854612493521935,5.32149202123506,5.61793123487236,0.17111551106674,0.0086662211792554,0.004889650243762,11.4786135288575,40.4182372492141,15,2978.00317960477,181030.0,2,15.7315151763219,2.64949459375821,1078.6582847538,78.5143405647961,2275.0366784682,115.926315370534,378.738238132352,0.0048086023205809,5.52123266392541,4.97275888060803,0.672469379490341,5.28426580249836,5.70424097454816,0.193702526836119,0.0095958213507307,0.0055653289360248,12.4242372870154,40.3818938471451,15
9.104166666,15.5823496577878,3.39165360066674,1079.18088843296,77.9175478557735,2278.4026079574,116.121121668809,378.905634915812,0.0756238381025969,6.60353994627398,4.49103330192918,0.827047327694126,5.19884632870763,5.6078166140754,0.170163703063064,0.008625534675643,0.0048774515681574,11.4411185823236,40.4525507727643,15,2978.23526370264,179825.0,2,15.6347173523159,2.56282562377951,1079.09050367704,76.56976438622,2277.665013076,116.051384630943,379.072376689468,0.0050157482814668,5.63251462513169,4.8159903792097,0.656538633116399,5.17066223555676,5.69249682833643,0.194403446059448,0.0096206825452029,0.0055888326229868,12.3752818212016,40.4271177547514,15
9.114583333,15.4213037743168,3.19749799716073,1080.32753599761,75.5516964373572,2282.8156684401,116.353116274012,379.606929580453,0.078242789747433,6.70299676289569,4.24844531131718,0.795644029152368,5.06057282938314,5.59948700036895,0.169843980703709,0.0086114571777945,0.0048831017722618,11.4167243491076,40.5350770963733,15,2981.39251786943,172470.0,2,15.5101675038213,2.45858318416194,1079.67465452647,74.4152448539148,2280.62434194374,116.207516725966,379.527726872268,0.005131874731007,5.73596453843485,4.59093196877862,0.63446958382878,5.0458998356483,5.68306824958466,0.195271358706802,0.0096521525694394,0.0056185428116415,12.3396329391034,40.4831706506236,15
9.125,15.2271226508511,2.88119016214743,1082.70992887076,73.0159893342483,2289.73244388912,116.730523930122,380.796732807211,0.0858388630063801,6.83535721817461,3.88707057108573,0.744839615897863,4.91411477640434,5.58634589872421,0.167860550039943,0.0085290290661827,0.0048554466213312,11.3757663186929,40.6683077241679,15,2987.74044491672,167115.0,2,15.3332349499466,2.32390119146424,1081.44102907,72.0426182210088,2286.13342030356,116.510285575361,380.480038479363,0.0054616034522245,5.85152034328963,4.30291587838372,0.605115273110446,4.90915329689315,5.67175934360563,0.195743833802247,0.0096682273042544,0.0056415565801833,12.3049361103067,40.5903288840915,15
9.135416666,15.0438559548218,2.73337829027616,1084.92537628995,70.3363196846969,2296.09748660735,117.088871486774,381.947839462718,0.0934834021843901,6.97688491715373,3.4689727841416,0.717079852885281,4.76207712601782,5.57258441108361,0.165491587769943,0.0084327658711964,0.0048069301671777,11.325323620088,40.7950939297855,15,2993.39324059595,163300.0,2,15.1497750668884,2.22321747745454,1083.66978131912,69.5545480017518,2292.4101696636,116.867531316376,381.625469678532,0.0057992539968459,6.0027071280839,3.90908144761462,0.5803382244838,4.76743839403565,5.65668364112527,0.196209271321816,0.0096836146806506,0.0056607046630006,12.2433373380332,40.7165905062718,15
9.145833333,14.8671556784719,2.5456271118265,1086.60722606756,67.5441875619587,2301.19575072591,117.386618545205,382.938290527359,0.105107557240224,7.10050747204946,3.05175826236882,0.688926105298722,4.60515994397021,5.56222914563445,0.161544700127406,0.0082730123176528,0.0047221643583897,11.2769804067203,40.9010326650549,15,2997.42982956979,160295.0,2,14.9721814855284,2.1248378347578,1085.58563747161,66.9560902295173,2297.94029269232,117.190302336431,382.685926005074,0.0062907838510252,6.14216606216064,3.50057559171444,0.561899955426682,4.6209700787501,5.64373034529284,0.196178479699904,0.0096803467712312,0.0056678320517322,12.1847843219964,40.8310784257142,15
9.15625,14.6869852971236,2.36324503555864,1088.03102700394,64.6988574106508,2305.51531389501,117.651033746603,383.866712003067,0.12008722253831,7.21601757435709,2.64910745833585,0.659189280046348,4.44590469816086,5.55508732164189,0.155470565994718,0.0080263649975037,0.0045836990618454,11.2147566210993,40.9957031524782,15,3000.56898540881,157265.0,2,14.7958530157592,2.02550735009487,1087.14374852695,64.2921291483278,2302.49305623948,117.470815128055,383.647378310757,0.0069312741341518,6.28132899347906,3.08979183769894,0.541454175614025,4.47152584280101,5.63288354364409,0.195343324077937,0.0096464702869689,0.0056553809448287,12.1090140561403,40.9311389669382,15
9.166666666,14.5682422592164,2.27387822970781,1088.35765281571,62.1806263832806,2307.16496472858,117.77463646291,384.383482056387,0.140329987703832,7.30489815846607,2.36826296528287,0.645624787457856,4.30429184841054,5.55105656564967,0.147290038966317,0.0076887880618168,0.004382429091932,11.1391075762702,41.0417059176248,15,3000.67730127337,160415.0,2,14.6399384378359,1.95329731005698,1088.13591318787,61.7448007843734,2305.62086531452,117.67962244298,384.413666586453,0.0078965546792991,6.41965201786398,2.73194175915109,0.528233882349038,4.32767883595704,5.62337108851673,0.193380129196979,0.009569268247574,0.0056120663420411,12.0036219502004,41.00662448253,15
9.177083333,14.4433552448948,2.15987261689898,1087.89636740006,59.693207024269,2307.01517962559,117.804284021762,384.646739509406,0.15700327251616,7.34692594630006,2.14954645538882,0.629573136453087,4.16413842748726,5.55715056049393,0.139804152245291,0.0073772850685921,0.0042005659586516,11.0811080409584,41.055202317529,15,2998.58323492396,157770.0,2,14.5236025502946,1.8844226204752,1088.06400460294,59.4123641708093,2306.25706415157,117.755794115666,384.79739708186,0.0086330060599352,6.51387889892047,2.47918602671106,0.517170809457178,4.19552074431873,5.62195016902922,0.191465604918609,0.0094942839307512,0.0055701893579404,11.907924897053,41.0361957635956,15
9.1875,14.3244399725554,2.0673640349907,1087.74665880778,57.4602476151767,2307.26936403959,117.85665520697,385.02477697747,0.179070949567675,7.37145901743652,1.9390115897391,0.61460069877682,4.03775377686939,5.56432693763245,0.129573507802484,0.0069422262886485,0.003943239465303,11.0199935450113,41.0769779800691,15,2997.32601047029,159375.0,2,14.3934553685386,1.82072996921034,1087.85839248422,57.1569277876334,2306.43926320792,117.810279414873,385.15718947552,0.0097303618336651,6.57980041578931,2.2520336879094,0.50538710877402,4.06740996944139,5.62483070078982,0.188194861269719,0.0093664713409494,0.0054935678295327,11.8143173769252,41.0585208152089,15
9.197916666,14.2931453225156,2.06665393085504,1085.96898003315,55.7206935647952,2303.70992709543,117.710051865523,384.777059540054,0.200958899946957,7.37692069998121,1.8634220559247,0.61619678111092,3.93781811670959,5.57381133098131,0.120671322097566,0.0065511797144772,0.00370664438398,10.9590193421874,41.0295560571786,15,2991.6872011171,165505.0,2,14.3145092658829,1.78827453883003,1086.99310550963,55.2948327110898,2304.95331885752,117.776597906805,385.255404446319,0.0109960037209332,6.64058649786921,2.08893675133788,0.501851586800154,3.95946041750593,5.62894320351086,0.184422264837974,0.0092177993466678,0.0054003914907835,11.7052053276183,41.0504637770045,15
9.208333333,14.2098216473898,2.00853547023492,1084.06369727283,53.9625075753954,2299.90291252808,117.555028792499,384.525193840454,0.209388073658561,7.35386461443306,1.81885189238671,0.60923340080383,3.83647364153743,5.59032725006659,0.116870203496778,0.0063848655070358,0.0036107321014599,10.9313990782548,40.9789908619262,15,2985.74124815339,161615.0,2,14.2636700958105,1.74804512651326,1085.05681105363,53.6647685812122,2301.01884771658,117.615548057338,384.967217781003,0.0113567551748536,6.65280011720758,2.03169915411313,0.497304786471674,3.86483809888258,5.64058757115925,0.182962465272911,0.009160084533801,0.005366999935994,11.6379902147477,40.9978899540273,15
9.21875,14.1462941847432,1.99539253579605,1083.12641078247,52.6323258556214,2297.88522389443,117.495635461543,384.595385261002,0.227854468554406,7.33918081936951,1.7938689916939,0.607293026726066,3.75892329653271,5.60116740477499,0.110789575703623,0.0061147319129287,0.0034497623821038,10.8980478043996,40.9618932070659,15,2982.5226558466,166355.0,2,14.177491908405,1.71662263087529,1083.7702444709,52.1728775950278,2298.36821608765,117.525936724845,384.929804305793,0.0124738658013851,6.66086484145583,1.98167965208347,0.492802057305953,3.77757597328547,5.65110357505341,0.180140516530799,0.0090478981471442,0.005297608710773,11.5783376429167,40.9702425285806,15
9.229166666,14.1240424125727,1.98960071783812,1081.1071990866,51.5630803390708,2293.39302145656,117.312081204818,384.258470711841,0.239026026366132,7.3267301877321,1.78876139476089,0.608119442691749,3.69557884081708,5.61393796132066,0.10736187725783,0.0059613735578079,0.0033584819129486,10.8738982468936,40.9014210892112,15,2976.40145541608,168070.0,2,14.1418000999357,1.69781706933049,1082.24474059854,51.0815154347988,2294.98434429623,117.399225325853,384.773125892152,0.0131380899467223,6.67254874565791,1.96649662694547,0.492120436208158,3.71218911074476,5.66137017117622,0.17834021256146,0.0089757818678862,0.0052528205606557,11.5230051643928,40.9296580526336,15
9.239583333,14.072797821009,1.96067605765115,1079.4555263984,50.6040278876318,2289.62982917377,117.173007337492,384.066177246637,0.249041951875225,7.31969515964968,1.76258547288742,0.603855497465144,3.63821568381467,5.62577510601508,0.103830272269231,0.0058033421301071,0.0032665826242592,10.8564789734041,40.8564814319233,15,2971.3387871069,168020.0,2,14.1019080139966,1.6749363343302,1080.35041834775,50.1047146499991,2290.71990216632,117.232710768339,384.488811008902,0.0136944959448895,6.67794497028378,1.94778887015747,0.489243484862909,3.65348458010561,5.67233974924377,0.176816411597413,0.0089145308454789,0.0052155050213817,11.485061734844,40.8751524834708,15
9.25,13.9475393010616,1.89105983529873,1079.7239553484,49.6142161751121,2290.00652537465,117.254484768904,384.599998905369,0.252570622850444,7.32301936479818,1.68124038066215,0.590325194762186,3.57960435416191,5.63733384402594,0.100304405410045,0.005642151504901,0.0031763147693839,10.8494125623406,40.8885459881038,15,2971.56579492041,161910.0,2,14.0196065174789,1.64090331730924,1079.6284355647,49.1988784291067,2288.89386877745,117.199125564638,384.646778660509,0.0136983870553191,6.67661488318997,1.89962675975235,0.480582375924683,3.59997775996783,5.68397037237601,0.175902709650725,0.0088777738384102,0.0051951369079858,11.4706455984631,40.8670047023073,15
9.260416666,13.8326115902245,1.8596419508399,1080.57515552574,48.7674783110015,2291.48880835656,117.395825692986,385.335631128357,0.267158535107062,7.33679380257868,1.60365828485772,0.582548606516757,3.52955533534508,5.64430193891057,0.0940021001780612,0.0053504714674282,0.003007017787011,10.8333366349303,40.9416783601137,15,2973.37843303107,162040.0,2,13.8959127372382,1.61439560368052,1080.1873916848,48.3155927885667,2289.76631489218,117.310607808924,385.284657733533,0.0144931221286262,6.68973923453715,1.81674234187049,0.472850478116958,3.54808681741578,5.69206451820356,0.173517249419251,0.0087811744958291,0.0051354701175919,11.4517551467042,40.9096286788445,15
9.270833333,13.720644979802,1.80961527891103,1080.96386428342,47.8576579130629,2291.93860228253,117.48675601747,385.916794343408,0.276977930562945,7.34595320869286,1.5330955424843,0.573247527093475,3.47684993897517,5.65406532608154,0.0888013232449811,0.0051053666880576,0.002866706833686,10.8205930939457,40.9772425465941,15,2973.85568803987,158835.0,2,13.7906105540597,1.58814691434631,1080.69932467142,47.5147670685476,2290.44048189858,117.413496741258,385.901153648543,0.0148976425450973,6.70486650342273,1.74654631941193,0.466439060666358,3.50136731146312,5.70026173949909,0.171739243645163,0.0087087015035405,0.0050913105975537,11.4316178992764,40.9493356063324,15
9.28125,13.6241079127814,1.78707717243681,1081.01814667283,47.0272771420185,2291.56476856834,117.537146535391,386.377135157985,0.294524152698135,7.347952175591,1.47662450366215,0.568359807896341,3.42875048028537,5.66286168130103,0.082269767796486,0.0047944907241304,0.0026869507242909,10.8014239290423,40.9987819450117,15,2973.39244201619,160030.0,2,13.680300956431,1.56653804004925,1080.98570103653,46.6786712033135,2290.58167054614,117.49222255399,386.448391620629,0.0159067338996217,6.72094542064607,1.6771263392429,0.461325491375656,3.4528611023762,5.70802234549533,0.168987331012723,0.0085959103077957,0.0050208303793258,11.4030622668262,40.9807267133935,15
9.291666666,13.5355920389356,1.75881151464072,1080.57805786575,46.2349058354003,2290.08404970562,117.531700416841,386.663879549927,0.306523222583495,7.33961654670871,1.43121701013,0.563635335321995,3.38284614624491,5.6743950061703,0.0774043007358213,0.0045585333294343,0.0025516356971386,10.7861800730625,41.0008473680137,15,2971.57008055617,159025.0,2,13.5914054595114,1.54742175235616,1080.79349836708,45.937497072677,2289.61976338284,117.514449605224,386.81960968649,0.0165361511323636,6.72885982546094,1.62549065642628,0.457705834717857,3.4095515231856,5.71726561232985,0.166904307525049,0.0085100262281826,0.004967472581092,11.3736605376195,40.9924575686802,15
9.302083333,13.451307976432,1.74629000268429,1080.09489761718,45.5218539864846,2288.44190070117,117.519641819969,386.936397658389,0.320110569380633,7.324327296006,1.40047393876992,0.56136779921091,3.34144911507568,5.68572022118725,0.0729226045400645,0.0043400725201337,0.0024260509170904,10.7712310396457,41.0006351969744,15,2969.63649523512,159755.0,2,13.5011510069763,1.53122927948625,1080.38035316808,45.2198375234927,2288.13892693453,117.511835442744,387.117911302046,0.017353467983134,6.72909929570716,1.58260740566768,0.454751215213414,3.36763389958571,5.72729823953832,0.164709599097421,0.0084191590296553,0.0049107419685107,11.3453890228212,40.9955605371072,15
9.3125,13.396122745424,1.7470548922207,1079.05076775495,44.953147219826,2285.51694741002,117.441875545349,386.995494844025,0.332577324226582,7.30311768136303,1.39930199526728,0.562396482975219,3.30783611408684,5.69748247375457,0.0700374733408789,0.0042027359571688,0.0023468711078815,10.7581089270752,40.9774091260929,15,2966.20173142519,161585.0,2,13.4303670721688,1.52111792558258,1079.65692343869,44.6236598978424,2285.93159456543,117.471945028102,387.297207485571,0.0181740688217389,6.72549128563851,1.56259555440553,0.454248188981722,3.33208133654239,5.73756617901168,0.162871056514906,0.0083427694743929,0.0048628007882184,11.3162493170459,40.9856346802507,15
9.322916666,13.3659904569932,1.75879703425047,1077.29348064808,44.5170867729482,2280.99823372051,117.282910934635,386.785964625299,0.342461888890221,7.27687051114238,1.42802820568693,0.56578826950598,3.28127028615696,5.70956884312513,0.0689553146117883,0.0041586784159067,0.0023209034542639,10.7477592048082,40.9257122522017,15,2960.85254171525,164125.0,2,13.3852740840608,1.51625366681876,1078.28678443738,44.1480584792487,2282.28331445183,117.357975362249,387.232493764777,0.0188969405213992,6.71730965017035,1.57138499423589,0.455624952187371,3.30278009586982,5.74825068300608,0.161610506738115,0.0082903336108615,0.0048297507666203,11.2890329898321,40.9497509746874,15
9.333333333,13.3234314902959,1.75544713656749,1075.59438276783,44.139508461385,2276.59439750109,117.132589669015,386.601333983231,0.344489920092501,7.25036902341609,1.45861167465253,0.566146377827908,3.25777441974135,5.72227615034144,0.0694856254280977,0.0041924458855214,0.0023404887814184,10.7441530092064,40.8769284376396,15,2955.70435561514,164000.0,2,13.3495984363166,1.5096283833647,1076.55026816572,43.76777014464,2277.80704250916,117.202739905504,387.03091883302,0.019025270679956,6.70009280073811,1.60003547742997,0.456023767664382,3.278856142259,5.76011114439875,0.161451502600703,0.0082839444840261,0.0048262955477819,11.2734100035604,40.8993087159945,15
9.34375,13.2581572776009,1.74990328016216,1074.91024533103,43.8218972027799,2274.34533325431,117.0965680497,386.789259100481,0.343929332442562,7.23028911178541,1.47295668479331,0.564883955980423,3.23796371443772,5.73350001112124,0.0700099612024026,0.0042215890883966,0.0023576185605449,10.7439493325877,40.8680228713501,15,2953.37349435724,163000.0,2,13.2951978296533,1.50161596870498,1075.34778750845,43.4365997907996,2274.44730859473,117.108422280429,387.028622871542,0.0189593305232611,6.67999011284431,1.62209967747499,0.454610102033157,3.2581790471661,5.77179687447782,0.161557670468223,0.0082886302316817,0.0048300548903928,11.268704677054,40.8700506156161,15
9.354166666,13.2410640061053,1.78227963685512,1073.76261489806,43.712960653384,2270.99928795181,117.003690181085,386.780546368137,0.350718796129983,7.21487868487748,1.52275427938992,0.570979675548745,3.2297362254268,5.74185972803004,0.0705586092786071,0.0042611401761807,0.0023788310561983,10.7394562670021,40.8391467950441,15,2949.82368513564,167040.0,2,13.2500852458834,1.50507678050323,1074.48440762062,43.2306915957187,2271.77535615172,117.050603477997,387.137873479761,0.0195809935858659,6.67153326519725,1.64903945208791,0.456887592696649,3.24413456546484,5.78072062429935,0.161000741005702,0.0082656165027419,0.0048150934295015,11.2575525792166,40.8535026045966,15
9.364583333,13.2554874177472,1.83088817924206,1071.26717129954,43.6968317006096,2264.77055732732,116.761163819042,386.26675563735,0.348225457913846,7.19525671334227,1.60214278419786,0.581694629290816,3.22633213956899,5.75153638260272,0.074010859139044,0.0044397224665768,0.0024790128044961,10.7398058538723,40.757782370945,15,2942.6401966161,169760.0,2,13.2507588016346,1.51777857775244,1072.61145694359,43.1802316826853,2266.91084835078,116.877768944493,386.855360385688,0.0195708708732972,6.66296296975697,1.71347790135368,0.463032728037802,3.23826610673312,5.78952781956678,0.161787176994564,0.0082987699172111,0.0048351198330458,11.248060395026,40.7965915905435,15
9.375,13.4000862399893,2.05851832275191,1066.13429733596,44.1867065674531,2252.65211595564,116.203906603183,384.689075740139,0.348611981087013,7.15488160887788,1.89231010630229,0.625953125898745,3.25279018888355,5.75786342425734,0.0833075799078373,0.0049109327317449,0.0027375543399417,10.7349530839977,40.5659947083549,15,2928.32407268305,186175.0,2,13.3195410797772,1.58168828783281,1068.91944823514,43.3950299426201,2258.12278881408,116.495006031618,385.854089670263,0.0204308191982865,6.65717011895143,1.88280718669552,0.485803316451374,3.24615962840464,5.79531071654242,0.163128444106453,0.0083552553167329,0.0048653778278416,11.2237911775956,40.6661023475888,15
9.385416666,13.5066741193922,2.32998750892474,1059.70306856372,44.7494667594265,2238.1632518508,115.51441084085,382.644796380071,0.293788405010362,7.0743009668523,2.35944548426892,0.683224623682082,3.28113374331315,5.77367614721734,0.107159988669284,0.005991834724868,0.0033513692120275,10.7778670258647,40.3271070176812,15,2910.82657605942,186165.0,2,13.4616681321176,1.66726722126989,1062.80934682726,43.9505308988522,2244.24795292179,115.834036808936,383.910013080084,0.016955430035841,6.58519785085892,2.28349884526449,0.518897152225853,3.27413288059327,5.81008736206844,0.172605439984073,0.0087455420615289,0.0051072408152749,11.2607377656073,40.4375269888195,15
9.395833333,13.7227080220822,2.92761041935318,1053.53678470432,46.0220506857652,2223.75661323794,114.81484225953,380.505364039641,0.261286965091606,6.98263356568671,3.10231449816395,0.791644324175169,3.35863816121315,5.7789216443445,0.128327849824228,0.0069128848001038,0.0038604411513483,10.8261647225317,40.0842799168924,15,2894.03995113307,209020.0,2,13.6056997048684,1.85939092473774,1056.63184509291,44.837887143737,2230.33670745529,115.157241139294,381.862370180681,0.0155298492397855,6.48952566436599,2.90177258144757,0.579552341853966,3.32278050490607,5.82088169965465,0.180545436101951,0.0090652636587064,0.0052943006493376,11.3216913333615,40.2028303513219,15
9.40625,14.0430180923828,3.60626316759895,1043.18526018736,47.9128966618739,2199.99878631422,113.622861762138,376.631115724881,0.215486373033055,6.89834414564381,4.00461998314853,0.910259254472993,3.47839401721639,5.78801630111968,0.145928314782799,0.0076354278361621,0.0042492534676859,10.9007213122075,39.6693159121618,15,2865.76517742198,227090.0,2,13.9081789718895,2.14391942290577,1047.78813364099,46.5265854586349,2210.28287289922,114.141693644344,378.598283943763,0.0129128416343616,6.37357245344605,3.79294496116026,0.664041052609152,3.42531247540807,5.83377401553118,0.187927204359262,0.0093568312408149,0.0054542777633917,11.4191967208316,39.8495356035997,15
9.416666666,14.2232457763124,4.26757443825414,1037.40244010533,50.5309948207939,2186.54877863287,112.961316680441,374.408293711976,0.157724177679361,6.8183112799699,4.89418524961792,1.01408324356486,3.63164671193659,5.79759531279849,0.160506762583508,0.0082269651283276,0.0045645167864377,11.0371671187916,39.4393866583589,15,2850.96840795732,223880.0,2,14.1541940407985,2.4233707675346,1039.44027815263,48.7351953591346,2191.4139559484,113.184622320214,375.434866725759,0.0094008970145575,6.22763952954086,4.71910669681637,0.734131030752729,3.55801006739682,5.85087622210143,0.193694665051061,0.009582551978026,0.0055727925896288,11.5973576536431,39.5165438110427,15
9.427083333,14.4163616069522,5.09448165313762,1035.6484247015,54.2001146084675,2180.94238953638,112.69106932319,373.386066103134,0.126552305826614,6.75558168958951,5.80177700437582,1.12976486947735,3.85581837058754,5.79528744894681,0.168003316756831,0.0085330850972842,0.0046965353311495,11.1779935933254,39.3458438669744,15,2847.16043110473,234210.0,2,14.3282534268375,2.79372736941449,1036.59479949725,51.8690759714624,2184.19421822938,112.820750625032,374.135505366175,0.0076178478369263,6.09034936264609,5.63782211995501,0.810854494063756,3.74562990172989,5.85839843431898,0.196134755932791,0.0096785085868943,0.0055992430881419,11.8079835773072,39.3904555211261,15
9.4375,14.6447441894286,5.96919351031774,1031.69148510087,58.277856935389,2170.28198346012,112.130363280641,371.344022554905,0.103434134152393,6.65577560746843,6.75491809588876,1.2475039316704,4.11129079293006,5.79958394580152,0.17299628468548,0.0087393940805842,0.0047661439950561,11.3174338409587,39.1505710939138,15,2837.15721181938,242595.0,2,14.5550564757774,3.23595187255917,1033.30280659293,55.73180379257,2175.40129509355,112.34806974293,372.395962057964,0.0062662801864845,5.93533381811235,6.6034575836962,0.897251116340749,3.98514904625054,5.86692420515791,0.197132000804109,0.009719441595171,0.0055847388965348,12.021476412711,39.2261114232228,15
9.447916666,14.8809244946573,6.77916560520671,1028.01241840563,63.0105424677542,2159.47016778015,111.523427415231,369.11286571468,0.0887447625754962,6.51346581736391,7.66765120593453,1.35110835931308,4.41693189343008,5.80779020191303,0.175990998939807,0.0088655449295858,0.0047932280470086,11.4306120549596,38.9386168183219,15,2827.55102895132,253535.0,2,14.7882929060128,3.70298407759808,1029.38753793312,60.0982922614596,2164.76409714384,111.746611568162,370.183120653771,0.0054206168544775,5.74575028735514,7.55857348750754,0.980695968017651,4.26293388679446,5.87882573410682,0.196783358786401,0.0097096381440969,0.0055376841371617,12.2090529680078,39.0163362735191,15
9.458333333,15.0829042640452,7.10569906999003,1025.76595567041,68.3963474081989,2151.58464563255,111.030116524525,367.241194986833,0.0779337768582069,6.34268999201918,8.37518467143968,1.39300528675867,4.75733630872234,5.82237380160316,0.178483099453092,0.0089713330203945,0.0048375755183424,11.5229088913207,38.7654521822288,15,2822.08778430356,255000.0,2,15.0103425713219,3.99657117748959,1026.4790947223,65.1209920976452,2155.71357756549,111.191751387791,368.107034626918,0.0048336344074387,5.53074199739976,8.37055870604459,1.02966745520751,4.58341633571063,5.89639925030432,0.195750487776568,0.0096742135289896,0.0054915208197641,12.3635295086485,38.8220570513908,15
9.46875,15.2498694076344,7.00092812021589,1026.79038085457,74.2620648619432,2150.35238169016,110.857112607148,366.415767749476,0.0716709473349133,6.1994880644145,8.70559726980348,1.37652901834926,5.12379753187299,5.83310808952339,0.180231381012485,0.0090457729999421,0.0048887821848551,11.5687299939499,38.7030948880576,15,2825.53560198851,255045.0,2,15.1875495815169,4.08744702558112,1026.30603965775,70.6120829472207,2152.17901460755,110.903140595024,366.902589520669,0.0045564559409378,5.35500354145066,8.85006034733719,1.0359541012555,4.92790137927056,5.91027357753124,0.194535651300818,0.0096310689613659,0.005458263031081,12.4494732309843,38.7197252520185,15
9.479166666,15.3950522663274,6.65335359305963,1028.84832378604,80.2416568537606,2151.11385024928,110.770648153444,365.873138016638,0.0676237463715031,6.09512252762836,8.67597676766207,1.32586024632388,5.49285748297292,5.83998360503008,0.181432556625704,0.0090969376421886,0.0049411821906839,11.5769478992982,38.6701646798196,15,2831.63833630424,253565.0,2,15.3413748828584,4.05068201053832,1028.07539014856,76.3460202687173,2152.37801059829,110.793995063783,366.287012565787,0.0044251465012647,5.23618404511934,8.94884460268226,1.01557006897584,5.28436237677898,5.91848000721848,0.193613297615127,0.0095980055834978,0.0054417926308041,12.472978332651,38.6791602896752,15
9.489583333,15.4229514992465,6.02674143761366,1033.06470046433,85.7211684008739,2158.52001254883,111.027787281977,366.475380124132,0.0616601236230396,6.01803484714401,8.49721769780562,1.23823969703535,5.79285688625513,5.84644345479818,0.182640608675629,0.0091470336071856,0.0050119332832596,11.6067368234709,38.7569026855872,15,2845.17446362929,235465.0,2,15.4201119890586,3.83754251850872,1031.21887244272,81.6704700897037,2156.56765777528,110.888188051059,366.364489000636,0.0042009209170617,5.13412374156275,8.82242623915423,0.962946377917726,5.59436135113631,5.92704193349145,0.192948757317448,0.0095745108464206,0.0054462219731428,12.5099764178539,38.7091473998134,15
9.5,15.4225919873384,5.63181776824468,1038.98925934771,90.4472849539274,2169.77864415317,111.491570878596,367.753841144034,0.0587466688710075,6.01124999343409,8.21994022873827,1.17205436490779,6.04808617638181,5.83796463604145,0.182550571886322,0.0091438241218871,0.0050368890686174,11.6112283952918,38.9159594542861,15,2863.03241994879,229060.0,2,15.4188231555476,3.69756256568778,1036.62496569994,86.3181686585366,2166.70590739889,111.299971755543,367.489607398604,0.0041264452635895,5.09846529494494,8.57650024437006,0.914637247217543,5.84611928427921,5.92294829637132,0.192493060157306,0.0095576833368053,0.0054482259185038,12.5285194703723,38.8500201379868,15
9.510416666,15.4659565480279,5.39183226626712,1042.62601336054,94.2596979871044,2175.94032024662,111.688172380767,368.159109834113,0.057279714624207,6.02449066573062,7.90540207520795,1.12918949614599,6.26202143533264,5.82758380526244,0.181909892623103,0.0091184242495211,0.0050383467488278,11.5961896204286,38.9820648592974,15,2873.74153400134,229040.0,2,15.4463446215536,3.65064866531615,1041.19549101898,90.3098400903985,2174.859032337,111.60396370748,368.250751358432,0.0040970538608851,5.10593946677274,8.26675169080708,0.888642033954662,6.0682516196075,5.91255647221751,0.19236246983239,0.0095525106037782,0.0054491330337957,12.5206212230296,38.953500255156,15
9.520833333,15.4865866231971,5.1376649557496,1045.04289155707,97.1546272724344,2180.44225084276,111.796259665116,368.291417371348,0.0551661334113458,6.02374535343901,7.56486076426623,1.08779833650928,6.41531141321767,5.82120433373454,0.181325110915715,0.0090953835772402,0.0050425059671549,11.5895881039111,39.0176444930252,15,2881.30881840132,223740.0,2,15.4806523714677,3.58886673336923,1043.96444191016,93.4013889831589,2179.65444402476,111.729955823983,368.441098899295,0.0040253057501917,5.10452232797462,7.93484706465067,0.865064668513092,6.23848234540638,5.90502935221445,0.192232648516727,0.009547556344193,0.0054515470768637,12.5157996868904,38.9951875900612,15
9.53125,15.5129346840653,4.94816141772464,1047.43814123446,99.4582242311217,2184.98241025229,111.903682862344,368.428754046217,0.054647796575761,6.03324741894924,7.26441437119242,1.05501137982055,6.53935921605096,5.81167298182588,0.180224059616036,0.0090511839846615,0.0050292831759883,11.5706231807397,39.0534393836091,15,2888.44848900753,223385.0,2,15.4991984998877,3.54280610901913,1046.44624094721,95.7949189979521,2184.37104235291,111.850736855365,368.623381240859,0.0040324158747319,5.11121897799693,7.60507606794356,0.845063867838545,6.36621327755779,5.8956569991327,0.191979316001502,0.0095376439505223,0.0054494130660658,12.5001525173433,39.0354657582952,15
9.541666666,15.4543971190592,4.67254239712103,1050.61183547165,100.625834101894,2192.91383461585,112.191214227597,369.179423816528,0.0517729701716402,6.02535346336881,6.9124620394727,1.01257529386219,6.57951675071811,5.80836056640355,0.179884589439911,0.0090374465991925,0.005040971768457,11.5914009911164,39.1525899980291,15,2898.50604917366,208725.0,2,15.4875053413223,3.44159458343016,1049.08960501574,97.2950556297944,2190.27016803077,112.032636201806,369.033855328612,0.0038984485313346,5.0851410896892,7.29316968298318,0.817452060468684,6.43798869792033,5.89256550832505,0.19176028418192,0.0095297495955595,0.0054536788060031,12.5283113239327,39.0975560204515,15
9.552083333,15.5519729649871,4.87087684276449,1051.94774583142,102.101112952355,2194.4893171923,112.138013126554,368.796185175824,0.054867147266355,6.05932939190367,6.73833322663916,1.03282943098087,6.67982327752591,5.78957290817016,0.17772025152513,0.0089497043107022,0.004973260493266,11.5411741909218,39.1333384865851,15,2901.45428457378,228390.0,2,15.4931907329025,3.52240778384204,1051.6627969599,98.5457591098367,2195.77713913122,112.192625383848,369.346268178589,0.0040812029012356,5.13420142562716,6.99748441280322,0.823134347625501,6.5033033899891,5.87444584121912,0.191435349915915,0.0095161618774686,0.005437675935719,12.4769870594841,39.1524844246364,15
9.5625,15.6514912896121,4.91854549577821,1049.0873264697,103.003274658059,2188.08708846151,111.660212948236,367.054242761691,0.0533160555946197,6.00367520162026,6.62044651445153,1.04335879617287,6.73593282006905,5.79456926317552,0.177137953429209,0.0089272696494316,0.0049567067698391,11.5436122823353,38.9662699023439,15,2893.39381140116,225310.0,2,15.6220302661715,3.58685176038005,1050.09947609829,99.863106074499,2191.45450118079,111.819271858829,367.924649146975,0.0039799029316281,5.1105697406657,6.88486585106649,0.838620594361928,6.59138698120384,5.87244427766378,0.191204099922123,0.0095077412161288,0.0054269622547205,12.4607419615279,39.0217136735393,15
9.572916666,15.641506768808,4.84448453365242,1051.14973284551,103.952033964395,2193.29483934554,111.779437404766,367.281717081124,0.051702408938633,5.94737011708757,6.40349107430167,1.03314005046429,6.77702463537348,5.79613829337058,0.176643887862045,0.0089081550874459,0.0049507108131742,11.5660719991111,39.0078036408472,15,2899.84917321164,217760.0,2,15.6458946222944,3.56088732314479,1050.1373925973,100.599366362157,2192.05952457506,111.703746222275,367.386189515312,0.0038958797444592,5.03479757503301,6.70614355232532,0.831589131776604,6.6269390163925,5.87647492266594,0.19033881412805,0.0094758219455354,0.0054098663607441,12.4929141399588,38.9812228952183,15
9.583333333,15.6238014399592,4.81216543062379,1054.42223085036,104.654293458156,2201.15195163979,112.033319050881,367.950034398378,0.0509868003998625,5.91535354849842,6.20828477086428,1.02684478140032,6.80603669048073,5.79296754908273,0.176033688291053,0.0088837135434267,0.0049383654565721,11.5876019152995,39.0965625758066,15,2909.48129398003,213465.0,2,15.6305047809582,3.54177746374566,1053.06792978753,101.366137047576,2199.11588063323,111.918156169753,367.933974019161,0.0038488431914918,4.97694071907664,6.50289641959188,0.823283353250426,6.66071200277926,5.87632694417597,0.189568016305303,0.0094471448390826,0.0053940651232003,12.5320055035223,39.0561013314718,15
9.59375,15.5277578053821,4.62526545666154,1057.956874432,104.215281673238,2210.9345711283,112.397261796745,368.994772883347,0.0493546748381992,5.8875818404578,5.90982642096616,1.00038628308781,6.75804633744644,5.79196187147104,0.175841116365861,0.0088759801027401,0.0049470663170303,11.6288174169605,39.2240083254136,15,2920.29207767928,200005.0,2,15.5773514467616,3.45667057409692,1056.24218418294,101.323494059127,2207.42856412489,112.203150647687,368.730877063694,0.0037534789993268,4.91225926487738,6.27387793207477,0.804285009607172,6.64461684927012,5.87813214927685,0.18893238656263,0.0094238454743636,0.0053874305325047,12.5991154191736,39.1558616443755,15
9.604166666,15.3854783655157,4.41272604321707,1062.52466196682,102.860765452872,2223.46725899807,112.917672398071,370.558760242904,0.0495707839252434,5.90228639980591,5.55219534552005,0.967144420853039,6.65885310306434,5.7826682619655,0.175199777305347,0.0088490749754002,0.0049457663738612,11.6507735439364,39.4063673293454,15,2933.80161479106,191345.0,2,15.4524595809078,3.34076579623948,1060.3227680114,100.265267051041,2218.61919858168,112.653778490319,370.083708658712,0.0037635988063249,4.88149238196564,5.94528996623229,0.776831003737222,6.56500614260893,5.87426912685391,0.188427487860099,0.0094048553510666,0.005385950719087,12.6551048472786,39.3137052861555,15
9.614583333,15.5376891088101,4.69525947885826,1061.22707458947,102.322374710952,2220.17470204763,112.613232280972,369.402983260689,0.0570807548905483,5.97338191848949,5.42488349359859,1.00435845589288,6.65587102058094,5.76024402992662,0.171819491766635,0.0087093186371656,0.0048400727565819,11.5491319897718,39.3012921130161,15,2928.78124425205,222540.0,2,15.4514135063901,3.43643369808043,1062.16885002159,99.4802364553469,2223.65562593083,112.785864926302,370.338832986587,0.0041551358232629,5.0016864393625,5.67047346850454,0.794662261337296,6.52113805510333,5.84867755282955,0.188422092526536,0.0094019546108459,0.005374748682085,12.5363506067735,39.3608043911051,15
9.625,15.6030243417972,4.52059269973086,1055.69895317446,101.062812153749,2209.83908503064,111.949437161371,367.123437723637,0.0564591615856448,5.92293187097394,5.30451896541527,0.987921842106242,6.58175847840345,5.77237527536551,0.17119780521248,0.0086844161243226,0.0048372231784728,11.531265132891,39.0710771186215,15,2913.55860177186,211770.0,2,15.5970899086223,3.40626452923525,1057.64303725051,98.7917755146257,2214.28444678051,112.162906876548,368.161948139175,0.004096895962054,5.00439764773891,5.58253482577066,0.799801195657088,6.49508616123701,5.84986448805115,0.188594215439497,0.0094086073629528,0.0053815219199135,12.4768485610452,39.1447464340049,15
9.635416666,15.5173149516377,4.28603467044292,1058.80211053849,100.299583054296,2218.57429612839,112.270894475092,368.070852286484,0.0574540986168016,5.9167459654356,5.07392046136725,0.951612755988894,6.52232912548781,5.7701875984674,0.170368571479477,0.0086499203915215,0.0048327010690429,11.5194898018555,39.1848432844969,15,2922.90193482544,203775.0,2,15.550988475274,3.28441175203677,1057.39814228945,97.6160956676814,2215.74949533398,112.117067915143,367.918654582137,0.0041559710421203,4.97395387566811,5.38595816086932,0.772522974734896,6.41665603347604,5.85229291349193,0.188037487330635,0.009387524561658,0.0053792480391988,12.4666243183793,39.1302342775572,15
9.645833333,15.5299888986476,4.26731541036081,1060.93624904855,99.7862579014861,2224.04377117579,112.42312706322,368.455047647343,0.0610101486417498,5.95230581214145,4.94697235488906,0.946360635446446,6.49425171597798,5.76054632926191,0.168999986755685,0.0085922647759762,0.0047984314703043,11.4855319088811,39.2397094027063,15,2928.66312167932,209120.0,2,15.5189750875157,3.2556732156835,1060.17997339182,97.0827455222535,2223.01743993924,112.365382752999,368.620790256979,0.0043272154650364,5.00858862660647,5.2023785573711,0.76340503208551,6.38053337055203,5.84364944812362,0.187897914360175,0.0093812953134504,0.005377590896285,12.4273473489651,39.218553153022,15
9.65625,15.3990233834469,4.0023810366015,1063.01494397228,97.9177693945266,2231.31082493117,112.684186696793,369.228518570609,0.0591297013571287,5.94981254021238,4.71943524298226,0.910118383445572,6.36874573826821,5.7643186058858,0.169808174156701,0.0086254458796761,0.0048376232945224,11.5164063592989,39.3326740631643,15,2935.1166882214,188925.0,2,15.4750519528039,3.13741345294549,1061.76929939454,95.8177153698447,2228.16132166991,112.511466052569,369.021311964131,0.0041859640358516,4.98681975256044,5.05209343744795,0.741441825864658,6.30286111369361,5.84643535344083,0.188209523533808,0.0093939721158086,0.0053962878469014,12.4634655336669,39.2712936178546,15
9.666666666,15.2351626846936,3.85993931231375,1067.73830551795,95.7963215473267,2244.22484535219,113.246536545154,370.990570646268,0.0621202668807143,6.00009537342431,4.41788527518977,0.885721629642343,6.2326398971177,5.7516694527938,0.169094890663369,0.0085949872394667,0.0048289580767751,11.5175517315319,39.5309465777738,15,2948.64564463999,185235.0,2,15.3085292840933,3.02800073663639,1065.47593389057,93.6988599126896,2238.90326587832,112.965904379844,370.448236457245,0.0043183980809652,4.99582611199531,4.77607222392024,0.715387132611441,6.16669948597261,5.84084986246642,0.188061814937542,0.0093880139370568,0.0054022992284371,12.493917092533,39.4317711726244,15
9.677083333,15.2311517695916,3.95787530661256,1068.78277798522,93.8471915347587,2248.18963211794,113.348520546628,371.251978882351,0.0672926095939505,6.0588926650864,4.27933194493903,0.902059628803478,6.12301979930828,5.73885517197234,0.167716270061479,0.0085367825079999,0.0047856341666237,11.4838830649801,39.5687557853744,15,2951.2416426392,193775.0,2,15.2319278498463,3.02047334035181,1068.34893414432,91.8247456909047,2247.18394296724,113.292019685951,371.435428903743,0.0045580662447868,5.07576827188006,4.55079388122416,0.717280527893257,6.05383128024393,5.82594690042829,0.188363861750045,0.0093980860258909,0.0054086744523045,12.4530007184673,39.5477162749307,15
9.6875,15.2273146778182,4.02415107594196,1066.91032507199,91.5222944815142,2246.29366586284,113.154505489633,370.575739942118,0.0692639327389394,6.05642424282771,4.23887337641083,0.918708757810475,5.98995295135645,5.73929855735324,0.167377486871271,0.0085226122556211,0.0047720427027918,11.4742361325027,39.5034095021743,15,2945.9699552627,193540.0,2,15.2358708556975,3.01705860708151,1067.66134941196,89.8048268738337,2247.62926084519,113.214826859,371.122196609911,0.0046260246783158,5.11123672346342,4.47275896832437,0.72645781563836,5.93846930025709,5.82061821219044,0.188715718027527,0.0094110609466052,0.0054168618218036,12.4216358894023,39.5230878853872,15
9.697916666,15.2051869002978,4.00896130622689,1066.36511531951,89.5110289481448,2247.13293040049,113.104402448107,370.380579130954,0.0726327437593503,6.05284849207766,4.18226634221817,0.921411613860393,5.87429175037405,5.73852780863339,0.166381748204848,0.0084811125824358,0.0047475761097775,11.4563760889305,39.4883849709067,15,2944.48683091358,195625.0,2,15.2132196373736,2.98537389606967,1066.62679069074,87.7126542604984,2247.51274694875,113.115553701871,370.758829978883,0.0047854070159434,5.12014541926098,4.42262165107416,0.727837115733184,5.8172351206755,5.81914852010325,0.188486642504711,0.0094019034770415,0.0054138174939726,12.3949458332437,39.4908637570956,15
9.708333333,15.1673054351789,3.88219201057935,1066.30128774036,87.5969592476768,2248.99274945367,113.115365178814,370.388356873231,0.0751413522914257,6.06348058968585,4.06184172611732,0.905324096126518,5.76218122368742,5.73872588030629,0.165606465289584,0.0084487696296188,0.0047366249088636,11.4380320419046,39.4946497040145,15,2944.41702614832,192675.0,2,15.1882121588902,2.91647759369864,1066.33397372343,85.8748834249442,2248.78487571107,113.094527898783,370.661205650938,0.0049005438244612,5.13421109585286,4.33779532622206,0.718486917654682,5.71069161767149,5.81862181148621,0.188410086831831,0.009398603637747,0.0054178696300121,12.3671453501482,39.4859660675848,15
9.71875,15.108350754108,3.66925461930406,1067.08738441458,85.7404686026221,2252.60367518638,113.228893674464,370.733640673619,0.0796300370108326,6.10574449666486,3.87068379613825,0.873380749615539,5.65204864970653,5.73488018224824,0.164174095117648,0.0083886686789581,0.0047146144893292,11.4052951617528,39.5366784344646,15,2946.69805573959,190145.0,2,15.1369142084393,2.81575961655776,1066.71274260087,84.0269656324739,2251.47718235126,113.160138785278,370.85294599975,0.0051182384919065,5.17226022139804,4.17931928102182,0.698984711446078,5.60197920299868,5.81552256346638,0.188340336704596,0.0093950682150108,0.0054245859556142,12.3298731738251,39.511263049511,15
9.729166666,15.0554129069041,3.54282545889487,1067.81942696187,83.9240861616596,2255.94565226152,113.337129065932,371.06948505289,0.0844924230727237,6.16204562109103,3.7018462281506,0.852430167796613,5.54502514164542,5.72937853918134,0.162824262722185,0.0083319055172348,0.0046884838515936,11.3669600812459,39.5768814525611,15,2948.75449571733,188860.0,2,15.0818298518598,2.73643232441004,1067.4726289294,82.2608162308865,2254.83150173195,113.270452390531,371.194788871441,0.0053516250909218,5.23838697269472,3.99366298188047,0.681776472934644,5.49776059620453,5.80913712647002,0.188524869942695,0.0094009190221868,0.0054351098991191,12.2772707585339,39.5521650880407,15
9.739583333,15.0281417084081,3.4754303931264,1067.79531475662,82.2039865591617,2257.44504974996,113.355196160823,371.124331799824,0.0905899778267193,6.21250843438559,3.59226414014335,0.843196937988082,5.44550324718633,5.72448581737218,0.161316441973187,0.0082683686661872,0.0046538129441301,11.3289442870467,39.5856736617205,15,2948.63216451609,190465.0,2,15.0412644484894,2.68417507314826,1067.8161995111,80.5593595155373,2257.16953746129,113.332877718735,371.387549508097,0.0056411307271984,5.30829131084627,3.8522754324291,0.673258399712341,5.39805401418703,5.80226544984516,0.188672061216888,0.0094052437572955,0.0054421841686734,12.2216283220749,39.5764100785535,15
9.75,15.0085874974556,3.46359604807878,1067.11324928224,80.5192618407176,2257.46580195657,113.300655220859,370.958416141655,0.0951094700907128,6.24434125963737,3.5528327354609,0.843695230420129,5.34845759393257,5.72305943384014,0.160468395498623,0.0082325169053238,0.0046322715266461,11.3013462027181,39.5691715142139,15,2946.6949169672,191025.0,2,15.0195190070152,2.6511966645618,1067.42888734934,78.9434731832167,2257.80160639012,113.310450987437,371.31695163948,0.0058491448930742,5.36447874384351,3.77522722063954,0.670401105994757,5.3042571255288,5.79801670131301,0.188887162527444,0.0094125121503532,0.0054494823398505,12.1730912735652,39.571098574712,15
9.760416666,14.9822132174241,3.46792437291655,1066.64004796981,79.0282586544058,2257.88271987552,113.267897083712,370.874796072709,0.0983624749366651,6.26083879149797,3.55693017746078,0.847488722876568,5.26169892000101,5.72346161238055,0.160129838967144,0.0082180776484241,0.0046227878087324,11.286829521794,39.5602762245752,15,2945.44049691055,191045.0,2,14.9954345497702,2.62566800056854,1066.86344947532,77.421578456224,2258.02738610531,113.268708356183,371.197921042784,0.0059945868416351,5.3970240372243,3.75940959707123,0.670098954674371,5.21573868641092,5.79688487952994,0.189060358207469,0.0094186051519562,0.00545552377436,12.1432738193447,39.5590634835142,15
9.770833333,14.9549854152505,3.50147519720685,1066.36428342403,77.7316138704406,2258.64395544663,113.255401706979,370.861030635798,0.100080768194077,6.27060986589382,3.58741755864912,0.85523223487915,5.18579218843884,5.72440772467925,0.160263662692208,0.008223472737163,0.0046235026606673,11.2824143828528,39.5584144020099,15,2944.81102461442,190965.0,2,14.9685494590243,2.61087673441804,1066.5120077909,76.1052947898258,2258.63975111649,113.248392894079,371.156600508017,0.0060694498041645,5.41607154739957,3.7775380341775,0.671557987013379,5.13861609454572,5.79722054755445,0.189250522582035,0.0094256243204948,0.0054611750166716,12.1282069981743,39.5544876875556,15
9.78125,15.0977102793633,3.73123092106623,1062.65785913298,77.2747924230924,2250.53808914595,112.790245720742,369.346826492558,0.108422821170207,6.29542233943484,3.85242291560595,0.89234154466728,5.17404322948281,5.71917416216238,0.158408480710139,0.008142805073056,0.0045569161868529,11.2323823882941,39.3984445047717,15,2934.00469306507,212185.0,2,15.0216295171794,2.68831874433191,1064.5994922229,75.3503157760311,2255.20853770894,113.020683597987,370.408915719701,0.0066124142183721,5.47969994318288,3.91458014912435,0.694412615259894,5.09865910338378,5.78989141556898,0.188744123709646,0.0094044823829493,0.005439863953479,12.0530525215341,39.4775274462889,15
9.791666666,15.1897646760436,3.75087492397631,1057.14364648857,76.9156772525219,2239.07809121797,112.159688363354,367.286817254512,0.103996851766504,6.27512324587569,4.03850113315323,0.899681301372394,5.15676505142677,5.72978615186262,0.159663906107101,0.0081948272508691,0.0045871513170163,11.2312926999721,39.1805590708035,15,2918.82335973579,209210.0,2,15.1610407256732,2.7157017296676,1059.32356332433,75.0847401403702,2243.96168869935,112.393611888758,368.352008007634,0.0063774553881681,5.48709028067791,4.17015618609346,0.708356118258553,5.09104485526299,5.79532489326649,0.189332987462619,0.0094272142864377,0.0054516492252807,12.0212617711598,39.2609526923356,15
9.802083333,15.1900573537816,3.71777411483974,1057.35779358537,77.17787055891,2240.00908918025,112.161235655393,367.270054397438,0.101478447661168,6.28532696783773,3.93288774071924,0.8918966139353,5.16923520256631,5.73085118383758,0.159946863501964,0.0082074294371406,0.0045975534555097,11.2380086648378,39.1833778437032,15,2919.8695659158,206950.0,2,15.1862597532076,2.70089332370997,1057.28661291243,74.9904837499467,2240.11838821347,112.152923824135,367.55564477454,0.0062780579402889,5.48075873574217,4.18619880320564,0.70375825851494,5.08466786698991,5.79979700021754,0.189394331008785,0.0094297417440056,0.0054547162791285,12.0269510267727,39.1791848820133,15
9.8125,15.2243296049171,3.87358618324376,1057.66171940191,77.7751092370132,2240.74748096026,112.148377336943,367.186774816299,0.0991262445544892,6.30340793954894,3.98050957420922,0.912357012086285,5.20503265746789,5.72874875790589,0.160883487135478,0.0082466235486415,0.0046108863019031,11.2512760812129,39.1810727141903,15,2921.02540084996,209120.0,2,15.206839438384,2.75085549732194,1057.63954004283,75.462502175141,2241.1213744493,112.154586989218,367.526857169052,0.0061660882749146,5.49489620695152,4.14610097852542,0.711351786434534,5.11150981257493,5.79883789174126,0.189742519752307,0.0094431008032624,0.0054584840479737,12.0396367269729,39.1820088871563,15
9.822916666,15.1218149209701,3.68969457549368,1059.53349303903,77.6458292583073,2246.17911968437,112.379565841601,367.918410205723,0.0938400737597105,6.30076431384749,3.9074078896607,0.88860601438854,5.18406316343699,5.73447548725208,0.163048039146856,0.0083379115904925,0.0046798226681446,11.304222488567,39.2638967442071,15,2927.19023607993,192015.0,2,15.179800479916,2.68973886155134,1058.46788848965,75.5962548981132,2243.65193133612,112.233499285918,367.767934498732,0.0057857311922421,5.45772733125247,4.1710846040375,0.700722017531869,5.11558394811249,5.80617914104552,0.190540993312201,0.0094749014179588,0.0054847570269064,12.117397017747,39.2116423170957,15
9.833333333,15.0943621553491,3.78134518314228,1061.77437200768,77.8706387558674,2251.51937366222,112.605482636074,368.62403493369,0.098525171978481,6.34552238797984,3.87876448314694,0.897532520482806,5.19461538302928,5.72396037335034,0.162069539846505,0.0082964797278417,0.0046477311560325,11.2941396457857,39.344961145118,15,2933.80414735549,200520.0,2,15.0946764434271,2.69863851177169,1060.90315445222,75.5455303797684,2249.90634920924,112.510909081441,368.64971741879,0.0060532496109487,5.48829149170965,4.08615304170118,0.697032113539388,5.10464729248093,5.80023548080991,0.190285295625129,0.0094643821254511,0.005476989214702,12.1289623170625,39.3106489898768,15
9.84375,15.2431964484716,4.148270525812,1058.03492407632,78.3680303131057,2242.83166615273,112.10536710055,366.953323419039,0.100620004832082,6.34279716056831,4.17239306103213,0.954317719366528,5.23989419270874,5.72278148969502,0.161954240160183,0.0082902171190305,0.0046181828898796,11.2742708783742,39.1724400322156,15,2923.09931332047,216950.0,2,15.1758856915804,2.84675031885655,1059.83143631103,76.0931018324282,2247.50880189036,112.330364807418,368.005133610453,0.0061969452319615,5.53286331162898,4.23473042514671,0.732186087695128,5.14227316998794,5.79316501222173,0.19041753930561,0.0094686173662175,0.005465456785496,12.0890202724774,39.2498130209098,15
9.854166666,15.2746882026742,4.24643012755503,1054.67231393873,78.718115681586,2236.2225240567,111.706445963115,365.624889151728,0.0923771161836022,6.27010600425757,4.43285645354676,0.97510584610647,5.25828027513253,5.7370492350587,0.164474916219853,0.0083959520721768,0.0046761691385904,11.3179670710051,39.0352103294647,15,2914.48462434099,209250.0,2,15.2712310624495,2.90579245397985,1055.87377414444,76.5102259056392,2239.11206886537,111.835620350879,366.356214958096,0.0057235243080814,5.46605939480574,4.53984105596802,0.752754177989256,5.17291615318445,5.80482397152229,0.190919379160564,0.0094893546503748,0.005473580883741,12.1272927637056,39.0791481704165,15
9.864583333,15.275974172513,4.34508975931704,1055.86668339632,79.6956369644787,2239.12584319617,111.786510481179,365.834809413745,0.088570712406768,6.23857426028516,4.6001253265511,0.987492899245424,5.31339184357795,5.73861949631509,0.165520486838359,0.0084397381753677,0.0046962781111296,11.3493042232841,39.0651931720347,15,2918.53100746795,210600.0,2,15.2685242175298,2.9447581531478,1055.40137084573,77.1294868021103,2238.71427773698,111.749282311694,366.036361226683,0.005554586879688,5.40544917081132,4.73671486682253,0.75896451867768,5.20598270191757,5.81164363736636,0.190676936313714,0.0094811053908813,0.0054651846493742,12.1763952883024,39.0510456238507,15
9.875,15.2716094387329,4.38725685782944,1056.9730865449,80.491508894373,2242.10426066578,111.871686075553,366.044705822088,0.0829583061770436,6.21535618523032,4.76568999437399,0.992776182445346,5.35592356430608,5.74169122369147,0.167246648528769,0.0085117425406133,0.0047374936771631,11.3936118206135,39.0967400488413,15,2922.43649103865,205755.0,2,15.2775405993513,2.96846092545749,1056.48735727766,78.0181281872786,2241.46912073209,111.819452726013,366.208260023297,0.0052607702226315,5.35918587971452,4.9122437490841,0.762339536947338,5.25669713664154,5.8166072534494,0.190876907024072,0.0094897970200994,0.0054688555116257,12.2360880397949,39.0774413418683,15
9.885416666,15.1609981912574,4.24147780375098,1059.70875993298,80.5850499767902,2249.65041521539,112.198174605622,367.041501581049,0.0774192014313205,6.20352722307686,4.75918689893379,0.970895944370846,5.3479191372028,5.74323788479334,0.169108708045374,0.0085892154789493,0.0047951722337903,11.4529986998629,39.2124063612521,15,2931.29723075482,192910.0,2,15.2171794005621,2.9060565661311,1058.31773574688,78.3012722172452,2246.5739918796,112.018261320002,366.805092405113,0.0049706057226226,5.30529722722841,5.0000224130601,0.747200535168405,5.2667904701693,5.82236668132635,0.191113620353522,0.0095000744390216,0.005481563271125,12.3248032596216,39.1485440715503,15
9.895833333,15.3338572341672,4.84249736782961,1057.83653485949,81.7265492542868,2244.19453626232,111.853719587652,365.808354674381,0.0828727905992958,6.23989103499069,5.04910491549217,1.04923651439726,5.44356039482074,5.72635036800523,0.167264609158946,0.0085120640363649,0.0047070466625175,11.4056097642471,39.0936689998703,15,2925.38502272851,226725.0,2,15.2341881560472,3.13110986058904,1059.11554554834,79.0030765547757,2248.49652866974,112.053596208304,366.805249828137,0.0053253863918028,5.37163799131643,5.10482185241233,0.786756155674952,5.31263834426815,5.80584718421191,0.190676360202124,0.0094817664526259,0.0054488273811431,12.2762916101892,39.1625493828421,15
9.90625,15.4380609305349,4.88488444634204,1051.41538428595,82.364845364393,2230.72625454515,111.095813876883,363.249892656988,0.0751970333730281,6.15144392998478,5.26574985865357,1.06532647322159,5.48411543601427,5.74465712377364,0.169072736518811,0.0085888123615862,0.0047512130789565,11.4519126315091,38.8303806218632,15,2908.26192851342,216715.0,2,15.4171293539729,3.21850056784344,1053.68816538427,80.0707133091288,2236.22221950125,111.344937658493,364.387198752146,0.0048840594695181,5.30597201321567,5.42416812991792,0.816924917782031,5.39153694638183,5.81639589033341,0.190987324345307,0.0094951741479069,0.0054498631346521,12.3105008368824,38.9165504574131,15
9.916666666,15.4051490597285,4.77302430343896,1053.76919434464,83.6109079310786,2236.53743741625,111.312180945934,363.854142035672,0.0720195631421207,6.11688618707617,5.31370195281136,1.04645442592678,5.54908620007056,5.74644791245352,0.169694737051451,0.0086153225340608,0.0047750969786292,11.4797641443216,38.9073519667885,15,2915.99341098027,211860.0,2,15.4132828979275,3.17627314530839,1052.72452682746,80.8115248958502,2234.97818868139,111.208628418874,363.856504766945,0.0047627659061224,5.23549298844185,5.51512931193517,0.80433244252239,5.42998948603865,5.82441593569584,0.190452035790645,0.009475835441451,0.0054420287663642,12.3585172760234,38.8703469194171,15
9.927083333,15.3951960166086,4.67675132554076,1056.29995494288,84.784021010644,2242.48213214588,111.535796431468,364.466065666343,0.0702307309211194,6.11795096136263,5.34614679946676,1.02899529328917,5.61332363602056,5.74418220669161,0.170222418050647,0.0086371232969516,0.0047949645165002,11.4975883571661,38.9866535568595,15,2923.91596781555,208625.0,2,15.3999635770684,3.14846270251306,1055.28678018241,82.0258760444042,2240.96876828365,111.43437627512,364.487969972137,0.0046806260178653,5.2127349880893,5.56295212945953,0.792442408544967,5.49724960269587,5.82470582940679,0.190384700887395,0.0094736941576901,0.0054433933302491,12.391586660004,38.9504646259011,15
9.9375,15.210713295163,4.19444429041049,1060.44113827603,84.4238451272596,2253.79308262112,112.051033395889,366.046121871109,0.0659282221742949,6.12921360506311,5.11316731140332,0.958786314551034,5.57154382871907,5.7456512660832,0.171746172193085,0.0086996612081886,0.0048669598238342,11.5485679292546,39.1677582300067,15,2936.94223464106,185415.0,2,15.3097611443742,2.96370142436424,1058.25033603484,82.1947280454298,2248.71452618503,111.763139803067,365.479514267035,0.0044614520493986,5.17296554594768,5.47798828774429,0.75082694295607,5.49890631187784,5.82964109165073,0.190685994242588,0.0094862260717767,0.0054685398999148,12.4717655996697,39.0664092979817,15
9.947916666,15.3637118614407,4.67569255168487,1060.10683396101,85.4038321626512,2251.63302252445,111.877624615635,365.337628297839,0.0755140229103147,6.23499308483938,5.24872601719843,1.01488606090627,5.65739612912364,5.71675081846394,0.168520890996517,0.0085646553292905,0.0047504638484796,11.4470335967189,39.1083416814379,15,2935.10046243227,224840.0,2,15.2632027071751,3.12149423939803,1060.77913329312,82.5031983107118,2254.7231582003,112.014683455059,366.151245465078,0.0050294903130393,5.31634884767705,5.36137615783531,0.770570689150026,5.5172146804397,5.80224653495567,0.190471941438779,0.0094749466055388,0.0054458874396983,12.3619918441682,39.1554642353437,15
9.958333333,15.4662807154031,4.59204397589721,1053.21882842299,85.5659988228896,2237.32143779819,111.082374782687,362.650876524457,0.0705210851089666,6.17868431712123,5.36412420935717,1.0140026492656,5.66860625124489,5.73323149145121,0.169755460117016,0.0086168326951609,0.0047881429471293,11.4645189087041,38.8316943283981,15,2916.5034080097,212700.0,2,15.4518774833341,3.16146422702561,1055.68990420285,83.3501070956408,2243.0869638543,111.343629866603,363.836617987455,0.0047186497538079,5.31048219689675,5.56585561911794,0.791693217979455,5.58305223442962,5.80630369899231,0.191228197356185,0.0095044224187634,0.0054609099341209,12.3449758891578,38.9222215922799,15
9.96875,15.4701650888448,4.4995653522684,1054.75573726017,86.5583403021982,2240.84504976824,111.185847433964,362.878692221715,0.0716240144655642,6.18248003743552,5.28886758082231,0.996174808483713,5.72690139323184,5.72897188274344,0.168917077340589,0.0085823129636017,0.004773578011635,11.442567490373,38.8691459777777,15,2921.31960972305,216715.0,2,15.4556089729647,3.12779928533523,1054.13940820653,83.703120396888,2240.44708621861,111.143502573943,363.083030997356,0.0048320656438728,5.29987338013968,5.52744998200371,0.77991618144383,5.60060506141723,5.80687573624921,0.190702974221488,0.00948424500302,0.0054513265064404,12.3269986333699,38.8535607381042,15
9.979166666,15.4656518732692,4.32120250071655,1056.27078690288,87.4164942404679,2244.59587717682,111.299112964812,363.135400521777,0.069859093585842,6.19055866200255,5.1560894248888,0.968829616342356,5.77191787846894,5.72996148286865,0.169339502964228,0.0085999290788958,0.0047968310005296,11.4476561273534,38.9099368060022,15,2926.22070645957,208690.0,2,15.4745673692276,3.07522815637768,1055.62929316324,84.7134354032637,2243.76605242501,111.234308665699,363.272066227282,0.0047354701626404,5.29878067498044,5.4382203683217,0.765473904357542,5.65986808770781,5.80734319838815,0.190920506608424,0.0094927344901442,0.0054615269622551,12.3296802639363,38.8865246552195,15
9.989583333,15.3627440751862,4.06223703666671,1059.45728889762,87.5008306221013,2252.98884858657,111.657908189911,364.200665882667,0.0687442838742865,6.21909322747728,4.90667505944056,0.927612704269949,5.76147685845048,5.7264821777626,0.169710545690221,0.0086149283921446,0.0048243507110668,11.4625903904306,39.0365885301936,15,2936.1315980318,197145.0,2,15.4123493901263,2.96899029343822,1057.89718439087,84.9394601721853,2249.70899222974,111.469102742282,363.946754837842,0.0046720854892062,5.29515054142242,5.24306369816805,0.737638305667068,5.66443098507441,5.80733082683524,0.191115123008551,0.0095003802640625,0.0054761964237913,12.3618909928961,38.9697818693044,15
10.0,15.2338021760148,3.79220727142493,1063.50565435727,86.943003361118,2263.41971704557,112.130050803238,365.642706501842,0.0704096835623001,6.28673396866503,4.62431774474673,0.883396541017768,5.71667647896177,5.71628416780366,0.169331351899051,0.0085981326176463,0.0048332257055396,11.4601599938583,39.202994216836,15,2948.13309471441,189575.0,2,15.2957644073436,2.85495539082421,1061.55735167141,84.5935535835702,2259.09339036087,111.888661809044,365.231209664712,0.0047417679337481,5.32857345266028,4.97804843221901,0.707268383765305,5.63365505934104,5.80099858701395,0.191381243642161,0.0095100373581795,0.0054927115472176,12.3830135311113,39.1177113350629,15
10.01041666,15.1645793239448,3.68577255972487,1065.8542063545,86.0104394110748,2269.84427897002,112.405702272551,366.45656799059,0.0745978527032632,6.37114105614919,4.42558646339968,0.863849578007897,5.65898121172711,5.70289427550546,0.168219547767278,0.0085508009081247,0.0048113352127153,11.4287609603166,39.300930313345,15,2954.90409398406,190780.0,2,15.1968801374001,2.79246537337163,1064.71903743101,83.8136385210985,2267.33630160123,112.258579750409,366.352451486414,0.0049432290291256,5.41336234595846,4.73045259695827,0.689747987371889,5.58199674199543,5.78772651083815,0.191786349889743,0.0095240587729787,0.0055068808455279,12.3565363432122,39.248479348931,15
10.02083333,15.140227568105,3.67269782995338,1065.92543165307,84.871951578812,2271.2628489806,112.428301205364,366.469401004624,0.0781457856398018,6.42379226676243,4.35935567252737,0.863038073693266,5.59337032861438,5.69542483585392,0.167453871108682,0.0085180898561661,0.0047916673577782,11.3999928369256,39.3106343814028,15,2955.2014266029,192805.0,2,15.154114220136,2.76889014718143,1065.84787530484,82.8359756956545,2271.02830667679,112.397701717156,366.732019957927,0.0051063680461168,5.49347005043961,4.59611930889442,0.686556854571116,5.5237173987743,5.77647422323497,0.192271379109428,0.0095412709019882,0.0055194712419758,12.3135380963956,39.2988127421146,15
10.03125,15.2712675791717,3.92690104537005,1062.2701835514,84.4413198001545,2263.15038974682,111.962130280999,364.894937064954,0.085086172743573,6.45370082574633,4.53278538734918,0.903461917356334,5.58630603037225,5.68771716027272,0.165382184868654,0.0084307237294624,0.0047190640134693,11.3375564748982,39.1496899713869,15,2944.40148781178,213565.0,2,15.2022770612252,2.85418197422777,1064.1047286252,82.1776018267207,2267.85496603856,112.184162234362,365.955488910643,0.0055150656126403,5.5849663829286,4.63690566995165,0.709758716788762,5.49121285065398,5.76328509214414,0.192092839012895,0.0095325655454378,0.0055052090436118,12.2152517711878,39.2261388745149,15
10.04166666,15.3226630733261,3.97768906276473,1057.35720749647,83.9255562105267,2253.33682703679,111.408087532415,363.052227107876,0.0808499483820531,6.40564456299804,4.7258904046003,0.917826455054014,5.55745618060701,5.69998304758139,0.166803408433054,0.0084902312874511,0.0047521670944402,11.3502547024029,38.9580153715941,15,2931.02844056675,206830.0,2,15.3129685981007,2.88627644562814,1059.32022837188,81.8471717545366,2257.77519977488,111.611946426778,364.038535336524,0.0052669136813065,5.56794265387555,4.84880325516991,0.725764581634635,5.48064285215487,5.76958094359377,0.192595856757412,0.009552314861849,0.0055148171772774,12.19642703436,39.0281434470914,15
10.05208333,15.3599140004055,4.15594313792543,1057.40645266191,84.246830460661,2253.69673989686,111.358353839065,362.827941005442,0.0797336190813985,6.38403400429051,4.98028666255726,0.943379441649842,5.58117132883307,5.69964874744748,0.167326127655903,0.008511845048673,0.0047528688199986,11.3586256294082,38.942544088235,15,2931.35914646413,212980.0,2,15.3337700604019,2.94134649784523,1057.40574244335,81.7145010900948,2254.34521051946,111.375697386215,363.213806800058,0.0052438296619142,5.53941703309866,5.05553765827847,0.737767380112404,5.47359787675168,5.77270616065583,0.192381019965214,0.0095445188362233,0.0055048944521422,12.2024824844386,38.9475143277023,15
10.0625,15.4146733290139,4.33017490679238,1056.97779901041,84.7237793472867,2253.00451647741,111.251265260108,362.403430926823,0.0753004253447429,6.34785140542564,5.34215059277609,0.971160178580913,5.61351921511595,5.70440510315348,0.169055204262965,0.0085837539373229,0.0047847230362303,11.395810564739,38.9068063384012,15,2930.45069802033,212260.0,2,15.39445669642,3.01296048984807,1057.25285194239,82.2325556520971,2254.20256180217,111.292708189688,362.870498322738,0.0050006409088798,5.49853161152429,5.38680815043936,0.755715018881656,5.50927637501393,5.77739111243517,0.192631091215977,0.0095549512440875,0.005505131657116,12.2398585175462,38.920310811638,15
10.07291666,15.1266845975679,3.7575989377414,1062.03162234924,83.3822562201908,2267.07998356665,111.912250374354,364.492595083383,0.0660268248597298,6.32102133724061,5.11564209423105,0.891394876051684,5.51130391034839,5.71524796685145,0.172588317037778,0.008729857890664,0.0049162659872821,11.5050400892431,39.1392582400199,15,2946.02847437539,174235.0,2,15.2847686232954,2.79727473024295,1059.22253375087,81.5766046262649,2260.1060775312,111.531445335423,363.617405359527,0.0044901731518148,5.38382017351087,5.48416557823713,0.71314144785779,5.46620028210588,5.79451947830339,0.193190125560378,0.0095787599577267,0.0055413301963627,12.396991083966,39.0052073374219,15
10.08333333,14.8883404155466,3.542531956438,1070.01465494026,82.0007063940673,2286.59577543888,112.870929557,367.515881198655,0.0703101554490544,6.44695063623872,4.75508813430176,0.84517311977408,5.41955922847461,5.68854719397398,0.171741023578618,0.0086932115008171,0.0049092205786444,11.5026809855169,39.475618636654,15,2968.85517462414,175165.0,2,14.9974963695741,2.65451584244618,1066.03845668628,80.0017730882793,2277.40215967744,112.381015401814,366.333307378978,0.0047360843479239,5.42249822580175,5.14936021742573,0.667626674808657,5.36085513814678,5.78352686485229,0.193070946007442,0.0095733993319096,0.0055512850940879,12.4590997971134,39.3034297573995,15
10.09375,14.8130676485806,3.43512711194208,1072.59758851796,80.1193105002856,2293.76801389652,113.218542060845,368.55599286921,0.0740409892830173,6.57962056402744,4.5741246097377,0.828262408928057,5.31363129992411,5.66962048957058,0.171279839934795,0.0086722361612664,0.0049035370619486,11.4770315170336,39.5983444212889,15,2975.89334419958,175275.0,2,14.8652427068943,2.59011560836003,1071.09359435901,78.5729484157522,2289.99799347798,112.99876356161,368.253962698512,0.0049024296251714,5.56111607040403,4.89868856707066,0.653671133771535,5.27583759766427,5.76152264478585,0.194173283895989,0.009613228623635,0.0055819726511941,12.436746241482,39.5205946552169,15
10.10416666,14.6979917855559,3.23029150977995,1073.23008918177,77.5988134145614,2297.05319725882,113.387239360427,369.049133089852,0.079071786174676,6.68711206006566,4.30316340268642,0.798215265669217,5.17012208044572,5.65648413738116,0.170085528302551,0.0086219034602687,0.0048872593967829,11.4398957032739,39.6586787166206,15,2977.48286326654,172480.0,2,14.7635117995007,2.49233106464138,1072.67264294461,76.3945555547601,2295.1252758606,113.256657394175,369.025947711599,0.0051308121702392,5.68762192974324,4.67191253437107,0.636405451566732,5.15213651542877,5.74486172409187,0.195021355306897,0.0096434678477006,0.0056100249006031,12.3958217300521,39.6120197701094,15
10.11458333,14.5644042089169,3.09754154506154,1074.38534378935,75.1210955065056,2301.4240706321,113.616916680988,369.763068804795,0.0842068490903351,6.78730985898293,4.06234498599698,0.776738813475116,5.02869541180653,5.64409854181641,0.168843011410417,0.0085701673346092,0.0048648221644934,11.3986228437844,39.7405282298734,15,2980.53826773271,170280.0,2,14.6371872890889,2.40354344780074,1073.73111763793,74.0234369252548,2299.17055439069,113.472352417647,369.687837203788,0.005376141657436,5.80765359972982,4.4025896044942,0.618628910620578,5.01681638037059,5.73023400212833,0.195644177946838,0.0096652420782907,0.0056320072610175,12.3403635824508,39.6888681969565,15
10.125,14.3730742226188,2.76340686676621,1076.55460708626,72.2436340750071,2308.00448074919,113.971636945033,370.908866905274,0.0912120321225436,6.89690874582236,3.69889582991897,0.725075167040965,4.86619164324725,5.6341235814477,0.166906832079842,0.0084907802433178,0.0048408145940025,11.3612490624203,39.8661882704483,15,2986.16206052341,161725.0,2,14.4842894475858,2.26770084168267,1075.31188562955,71.4872209952846,2304.28712063366,113.751176835918,370.585779719418,0.0056502127001182,5.91032405560813,4.1256504671858,0.591260735838087,4.87392302023576,5.71942237824248,0.196124980822976,0.0096819039244638,0.0056556974849018,12.302098193421,39.7878967889017,15
10.13541666,14.2142424621619,2.64983391708798,1078.75807956724,69.4528422497763,2314.33225108209,114.322488144771,372.063529782175,0.101240155145964,7.02601661990702,3.30671066728199,0.702366189265832,4.71007985656511,5.61898714275,0.163476430231214,0.00835126905614,0.0047627609087965,11.3000581290038,39.9907313211196,15,2991.68994161038,161720.0,2,14.3037559185822,2.17181315591282,1077.5315335373,68.7499438644207,2310.62369150484,114.107600801139,371.754868355027,0.0061267136285301,6.05285618844176,3.73158029443242,0.567787781240675,4.72029879998331,5.70376714935435,0.196058514977663,0.0096771241859772,0.0056614819328133,12.2283733854621,39.914230102159,15
10.14583333,14.0558113407478,2.45168869903267,1080.26694235817,66.5890052492112,2319.04894844396,114.595970076522,373.006113285434,0.111894207720599,7.12862396935643,2.91757599582677,0.67337088955877,4.55064285135816,5.61169278639065,0.159564138587397,0.0081936456349132,0.0046804974635384,11.2555917807957,40.0884550227659,15,2995.19657582704,156370.0,2,14.1559944104379,2.07351227092078,1079.29059022936,66.1197504001865,2315.78469012697,114.405853445105,372.763753727169,0.006554896657967,6.17615147630607,3.35894115439262,0.550348524933227,4.57369900750918,5.69224292650363,0.19596586618817,0.009671804451786,0.0056674097945624,12.1665762741608,40.0204595032812,15
10.15625,13.8923056644497,2.28527043969927,1081.77208389359,63.6849092431008,2323.50032658375,114.864581189075,373.976987868199,0.128312170909068,7.23063843038465,2.53815773329018,0.645244201839226,4.38952829226551,5.60439206813233,0.152612687336487,0.0079102658188912,0.0045183111625411,11.1914537170052,40.1848444458128,15,2998.48779991765,154905.0,2,13.9899153067718,1.97677867993643,1080.84837918105,63.3697242138793,2320.32099019271,114.682702364629,373.742890903318,0.0072837628786691,6.30033408966936,2.96705495564621,0.529914273117687,4.42078618107541,5.68218877189811,0.194684451275568,0.0096210485180055,0.0056438538405685,12.0890293790296,40.1194991646974,15
10.16666666,13.7392564433337,2.14845866285005,1082.92806974276,60.8260975874279,2326.9919943952,115.08542859449,374.842143518321,0.145239198630942,7.30624426126006,2.23796335094395,0.623140330304529,4.23156308400969,5.60288232087354,0.144704193636012,0.0075842313365273,0.004328639690354,11.1296181026476,40.2648955614181,15,3000.70397204971,152240.0,2,13.8366061646548,1.89176486818826,1082.17834290293,60.6810279023691,2324.13768032527,114.926397712513,374.657554125651,0.0080271343472503,6.41277900959648,2.62501386344182,0.513054841719148,4.27160085133198,5.67538693546633,0.192896642643915,0.0095509309288579,0.0056066674891501,12.0016896360978,40.207318870429,15
10.17708333,13.5796071084414,2.02624773981511,1084.01459164847,58.0392641050306,2330.1330676931,115.289435659872,375.703511462999,0.163979556773028,7.35297861749459,1.99329306526608,0.603332200969697,4.07783789574568,5.60592191810375,0.135460366948857,0.0071965681514506,0.0041014145298989,11.0719981275175,40.339395035687,15,3002.63944920387,150000.0,2,13.6802318243335,1.81205980855481,1083.31089966647,58.0291576913982,2327.34113894401,115.140371745194,375.525036763215,0.0088685769937138,6.49762957409151,2.34629739096162,0.497619023103608,4.12489709802046,5.67342398874161,0.190409422006269,0.0094538217949629,0.0055514612894908,11.9172529088252,40.2850899681028,15
10.1875,13.5154166109086,1.97195926015343,1083.56554157558,55.7768861916799,2329.55867761954,115.306435651832,375.993229699116,0.19131256761426,7.3823501278618,1.82409480017942,0.595781093148359,3.95091203394129,5.61015409239986,0.123498079125087,0.0066799087856395,0.0037921258023714,11.0008789177142,40.3488205658549,15,3000.4121934777,155950.0,2,13.5576055486089,1.75498737941544,1083.801650272,55.6380559979163,2328.92206711286,115.272767422363,376.16268916439,0.0103183623794418,6.58168811470605,2.12050078429746,0.488701877885554,3.99053374831584,5.67233115539986,0.186253773428559,0.0092907101043345,0.0054512519261738,11.8055413754781,40.3347338587632,15
10.19791666,13.4223297770943,1.89747506034483,1082.28422821447,53.5157802564588,2327.09742646962,115.233244137809,376.023475148574,0.204177158312967,7.37774610091471,1.71067308067762,0.584863659195773,3.82394102428532,5.62366302787507,0.115830665744515,0.0063397495779858,0.00359263607106,10.9563965263453,40.3267481545193,15,2995.86067678609,152060.0,2,13.4874125634504,1.702401812256,1082.91301693513,53.5501815129528,2327.26680801501,115.242466657801,376.308947357223,0.0109136948249393,6.62539700224883,1.97259272942298,0.480404740906678,3.87224206721702,5.6787913468484,0.183525170555939,0.0091828550931993,0.0053865314619035,11.7146800563951,40.3276514288942,15
10.20833333,13.3248949610868,1.86486467826737,1081.96651756993,51.5715703394866,2326.50703192276,115.257131948332,376.391974077752,0.223358257007801,7.36318025852943,1.65516194876623,0.57996940499793,3.71435422943551,5.63421023165894,0.108116790960429,0.0059929001556563,0.003387188159191,10.9163696384486,40.3386843999447,15,2994.02468269365,154615.0,2,13.3800138640639,1.65607086419991,1082.24091294325,51.5341270497125,2325.95707601816,115.234079008053,376.557069854407,0.0120055239521282,6.64482603725871,1.87483676112232,0.472958084170996,3.75817625368942,5.68733953461953,0.180259336468322,0.0090530807438851,0.005307141200251,11.6407244534192,40.3283008271625,15
10.21875,13.2714009112188,1.83148269295875,1080.853476773,49.9451830938204,2323.98017555104,115.188185705908,376.467690737573,0.238789720540619,7.34712040747113,1.63454441729548,0.576318329019365,3.62153152890781,5.64641743643608,0.102569258550498,0.0057410906040074,0.0032391383660786,10.8851567686177,40.3180479824239,15,2990.06456988282,155910.0,2,13.3088548733898,1.61871498288601,1081.5262035382,49.8877535345324,2324.34839210623,115.212210188843,376.775444594536,0.0128854633011175,6.6599921627749,1.83128647466926,0.468669001317413,3.66358398895816,5.69645729049923,0.177656554003739,0.0089488095424413,0.0052433463091714,11.5728079069454,40.3242147384592,15
10.22916666,13.2312317427212,1.81667747198149,1079.17581387325,48.5347465905212,2320.0659121638,115.056644579466,376.34257417442,0.254041495405655,7.33329928159703,1.61973663039858,0.575052116121142,3.54019980452874,5.6577338242362,0.0975342419159392,0.0055101055810168,0.0031029924530561,10.8579938421154,40.2755079377514,15,2984.58839948941,158230.0,2,13.2567531515827,1.58882751567555,1080.1407495351,48.4418399486858,2321.12245714198,115.114866976651,376.755148701811,0.0138190934635309,6.6731424674134,1.80583926367927,0.465423562702099,3.57959229651917,5.70576733108019,0.175139338884994,0.008847242709074,0.0051805984545533,11.5131333538644,40.2936841358116,15
10.23958333,13.1712931766624,1.77703511716474,1077.79351887728,47.2797659451497,2316.68938448392,114.959326245644,376.329156824017,0.265183103363119,7.32592032665166,1.58890961839542,0.569095850882276,3.46745114530366,5.6691509609139,0.0932324496442129,0.0053117795125147,0.0029885464287695,10.8394216137619,40.2449578491981,15,2979.97208266891,157390.0,2,13.2087728413695,1.5579643406815,1078.62371309836,47.1999954548673,2317.47006089592,115.002080055035,376.688374751779,0.0144297776801169,6.68152743992174,1.78293577720045,0.461137387966448,3.50702314882417,5.71570033745893,0.17325725700158,0.0087708718178951,0.0051342580306832,11.4690975969951,40.257724016765,15
10.25,13.1284331394398,1.76698270739459,1076.58649143866,46.2889784883291,2313.5296468879,114.87808198715,376.365261506129,0.281712157254199,7.32852058925978,1.56660688723367,0.567266888219043,3.4090742308019,5.67736131186838,0.0880337909208078,0.0050692517632371,0.0028467088495399,10.817778070143,40.2200805972723,15,2975.90140567908,160045.0,2,13.1525602365339,1.53574997749132,1077.35299049596,46.1282941573213,2314.22986514614,114.916577024229,376.70911414166,0.0154754497940863,6.70010878897033,1.75046079693983,0.457820736692724,3.44364391749733,5.72343540256772,0.170690675972724,0.0086660386129585,0.005068761484763,11.4257664286497,40.2313696897074,15
10.26041666,13.1135177883515,1.76359410022962,1074.65728635258,45.5047360163048,2308.6974644582,114.716298172082,376.134350103381,0.296098113706777,7.33091364033487,1.55956706695096,0.567957794459591,3.36167293999759,5.68617430092567,0.0842064967945496,0.0048917661958114,0.0027431973201958,10.7993999713057,40.166926047689,15,2969.90779586268,162195.0,2,13.1250040804418,1.5216356412183,1075.78167798753,45.2978790797919,2310.22128099556,114.795450383266,376.608618403334,0.0163879949204866,6.72303631833191,1.73336125256617,0.457358364233363,3.39306894901808,5.73039635733532,0.168642805162405,0.0085818109292205,0.0050158025385934,11.3837053234318,40.1925209078234,15
10.27083333,13.0173087313246,1.70224684081706,1073.99011035842,44.6363807682426,2306.62289255901,114.6991365572,376.381355790159,0.299990214207375,7.33440906818324,1.49886977078818,0.556721753770192,3.31041106475637,5.69717948897078,0.0807916115300009,0.0047272581516296,0.0026514408018453,10.792823561174,40.1644963432152,15,2967.37077928218,156615.0,2,13.0753416199245,1.49452845525593,1074.36785176316,44.5239911876135,2306.47742326769,114.692718748747,376.574196235308,0.0163749427517564,6.72935805249456,1.70447312131677,0.451361243521935,3.34690215249016,5.74014279320301,0.16780799778581,0.0085472804075607,0.0049960978583042,11.3661039770837,40.1600556947878,15
10.28125,12.9156248319921,1.67366110779076,1074.55034730714,43.9326582163988,2307.0777821148,114.811453578582,377.057322899993,0.317001041378341,7.34564647475548,1.4289783303279,0.549167361223681,3.26876756351105,5.70378128716906,0.0742057833843724,0.0044072078961308,0.0024680281972054,10.7781522128736,40.2076303748196,15,2968.2278958688,156850.0,2,12.9718189261097,1.47208607160449,1074.36348316181,43.7692873699158,2305.7258233641,114.74572517535,377.055442139504,0.0173525262226744,6.74280250526742,1.63569577647022,0.444503344890401,3.30253128921095,5.74759802206778,0.165173346348734,0.0084381705212078,0.004928117028966,11.3470185157434,40.1823218003257,15
10.29166666,12.885482640766,1.67708405521802,1073.69182729585,43.4132490975267,2304.34490119558,114.763240542601,377.208204514851,0.336534226269722,7.3508728467831,1.40689369984633,0.550142717691298,3.23693319192269,5.71117545535559,0.0691054125467124,0.0041609056721629,0.0023258756806067,10.7601230732491,40.194442034143,15,2965.21189851042,159885.0,2,12.9070846913968,1.46346936552949,1074.18980799623,43.2017751322708,2304.52156480871,114.77567181994,377.458852074545,0.0186258493190101,6.76749269020454,1.58526849135456,0.443575317086706,3.26764109719915,5.75317479633817,0.162380925694676,0.0083217386464245,0.0048542391837366,11.3130395061962,40.1966055611372,15
10.30208333,12.8685877117069,1.6815106718382,1071.69205659355,42.9428702059635,2299.11512136033,114.590554981702,376.954351431363,0.349640333992446,7.34054258413978,1.40657944137055,0.552431050155804,3.20747720721197,5.72147102383626,0.066424097705656,0.0040357480957277,0.0022540696822502,10.747025245877,40.137538244222,15,2959.07436961284,161490.0,2,12.881994010209,1.45811526486078,1072.77556473047,42.7273579224089,2300.58299898328,114.667978096629,377.412145932094,0.0194815183580476,6.7808668507786,1.56959198339977,0.444714651492257,3.23746739955301,5.76073328004808,0.160669430337861,0.0082500402640016,0.0048088221008139,11.2811128697606,40.1625697527918,15
10.3125,12.7790021801089,1.64301674761287,1071.0273730487,42.4102654648387,2296.8104120376,114.567609426288,377.199089990572,0.350898549967865,7.32549252403122,1.37028011427169,0.545468565786248,3.17528754181137,5.73388208363112,0.0644934143421658,0.0039362593547152,0.0021992389321832,10.7438183348055,40.1331856410438,15,2956.61095170678,157095.0,2,12.832215959924,1.44196224331794,1071.41634040966,42.259701203494,2296.73422412824,114.56676412447,377.396591652857,0.0193214972048806,6.77036852161853,1.55376347339601,0.44116615174442,3.20877496975429,5.77190013149367,0.160266203937843,0.0082331117701529,0.004799455669231,11.2703527932018,40.1307370584886,15
10.32291666,12.697363030873,1.6369602985218,1071.26279404819,42.0304189817256,2296.35719285666,114.63821613103,377.753576841788,0.363211128060382,7.31446906809082,1.35079542751173,0.542836920646435,3.15190734715455,5.74250160590567,0.0612719229895823,0.0037781097606506,0.0021092105219219,10.7353730014854,40.161665233939,15,2956.65289807,158120.0,2,12.7423455311409,1.43066043575641,1071.2524678748,41.8181646660763,2295.43904747376,114.596386736611,377.815953861034,0.0201231179480257,6.76268633076969,1.52090737020817,0.437626684227834,3.18202944433643,5.78136000744729,0.158542761247839,0.0081607657290071,0.0047543287446616,11.2584689260509,40.1448594447371,15
10.33333333,12.6490310803477,1.6330839071015,1070.65333995729,41.6970350670679,2294.04286988367,114.615643214768,378.00078127397,0.369311010626526,7.30088808453128,1.3630498021913,0.542498962200495,3.13119312700667,5.7523401562586,0.0604391430029931,0.0037436382752354,0.0020898343789752,10.7301518986437,40.1573008912627,15,2954.37522771602,158280.0,2,12.6816154000904,1.42413345959671,1070.99593391704,41.4967124818379,2293.8938261953,114.612742639184,378.190195522995,0.0205002834266646,6.75747513568881,1.51683551307952,0.436871133109086,3.16176905406321,5.79023902982399,0.157758060018076,0.008127874228609,0.0047339622507365,11.2447510785438,40.1542390937953,15
10.34375,12.5818683410547,1.62354367025834,1070.06420687598,41.3226037813461,2291.77810756119,114.597669264161,378.265970934685,0.370643610462944,7.28389045131987,1.36866439948868,0.540718132006592,3.10859626933407,5.76271653488909,0.060255343317563,0.0037381003065414,0.002087343378671,10.7286176408998,40.154518546204,15,2952.13730772268,157045.0,2,12.6229499667556,1.41524960295797,1070.38692226404,41.1594007870757,2291.57075486892,114.591533290602,378.443324430176,0.0205175195246942,6.74513814459502,1.52440432647065,0.435231905411471,3.14115934108304,5.80009387011146,0.157604462530418,0.0081215695798316,0.0047307591242889,11.2385422413046,40.1503362158148,15
10.35416666,12.5869065932412,1.67144823030199,1068.46688842662,41.2109078195639,2287.22114248472,114.462647566155,378.139496591727,0.383456355763938,7.26320440837188,1.43279419388243,0.550206187571977,3.09988210801909,5.77022081928335,0.0605628710204702,0.0037783749196299,0.0021087393343733,10.7205060852245,40.11056433943,15,2947.20873542117,163520.0,2,12.5831945058093,1.42116169500151,1069.43672550876,40.9177274543452,2288.49293645913,114.532078096407,378.564963436797,0.0217102614399597,6.74125276563753,1.54928035178662,0.438979807955855,3.12481020413078,5.80754763376564,0.156369770538005,0.0080698298968666,0.0046973573840748,11.2197297202862,40.133005467204,15
10.36458333,12.5688606232508,1.68084780738314,1066.24142533842,41.0283880920222,2281.40348091437,114.265989038302,377.802250320426,0.370516180215152,7.2395330735889,1.4855309848047,0.554216408714483,3.08707346803254,5.78197350175611,0.0646804868170331,0.0039841050806039,0.0022255174141491,10.7261796988084,40.0448248484529,15,2940.589768914,161115.0,2,12.5854317955502,1.42369868102921,1067.42360977546,40.8005629767003,2283.10125517355,114.354790285767,378.292419498839,0.0207816588001807,6.72240743241743,1.61369070896709,0.442380910811966,3.11539089206218,5.81781466188462,0.158146610583143,0.0081451142073576,0.0047450936588524,11.2171118200724,40.0740981710106,15
10.375,12.5058233138788,1.73591037437389,1065.81848785714,40.9002970430488,2279.52431943493,114.267824280228,378.115208745619,0.352164310322805,7.21499067390788,1.58599534208143,0.564424588071625,3.07816361377237,5.79040405897282,0.0711934534441454,0.0042965438901663,0.0023996779058185,10.7361368699741,40.0485252139006,15,2939.00599693115,160380.0,2,12.5385310432049,1.43018064418009,1066.15897496113,40.6332948326194,2279.38253618008,114.264012525076,378.304088066576,0.0197215174875939,6.69300142362693,1.68308433455294,0.444960045139716,3.10427959655305,5.82820650721945,0.16048198184269,0.008243720113667,0.0048074800556327,11.2309813275479,40.0454109751821,15
10.38541666,12.8358964058464,2.14283550911526,1067.92959935945,42.0398459501277,2282.91252069607,114.502741082577,379.200473762862,0.249996367623284,7.10749330965835,2.21414386236734,0.641072226909446,3.1422884863717,5.80480714036459,0.110694795269137,0.0061090874687695,0.0034307922607263,10.8147393089481,40.1321828798849,15,2945.03802279823,150222.5,2,12.6419484550133,1.5048857794586,1066.74063299933,41.0575661216252,2279.60059645385,114.355007529277,378.921738393411,0.0137378748088839,6.59016243840019,2.01731404815756,0.466983570414288,3.12921505189063,5.84432218443071,0.174315313144779,0.0088153750560476,0.0051678362933094,11.3190602481174,40.0795157692218,15
10.39583333,13.936620941452,3.15171682867859,1073.60634667151,45.2379051982151,2293.10953143715,115.01005011298,381.201202860628,0.150622746005957,6.78696400380879,3.8869857270731,0.834326546684598,3.33961815128663,5.8326167863891,0.163887542660738,0.0083824495459714,0.0047417981795991,11.0846571199298,40.3091556470577,15,2961.35564394565,140065.0,2,13.2690435561147,1.70496939315899,1070.19650593462,42.9403466787767,2285.7349301936,114.687353742881,380.355263059114,0.0083600883004678,6.28454763783894,3.08101614216234,0.534805413688997,3.24610314084608,5.87613960619638,0.194268205493996,0.009605577211585,0.0056612537891647,11.6038685475409,40.1961444746533,15
10.40625,14.8487737978403,3.75773554852068,1079.12660279624,48.1972869209952,2303.30622714455,115.515517036058,383.152915776275,0.117450120286286,6.44904682486153,5.52264721457677,0.967149903663759,3.52445072327241,5.86042395168162,0.180322759504796,0.0090389585998897,0.0051010088213543,11.4349659215484,40.4860241091219,15,2977.33843033744,137233.3333,2,14.2553898003183,1.89366868008471,1075.52887475328,45.7748042103241,2295.72508937783,115.164392268514,382.255855882306,0.0065138165546495,5.83147439430919,4.74582877739489,0.609238547472195,3.42622968942467,5.91966649096594,0.199682239240504,0.0098180265322219,0.005781915509493,12.0546081806849,40.3627618112817,15
10.41666666,15.4213140672269,4.62199750503569,1083.05619260037,51.6920994844596,2310.01265656734,115.874078036347,384.494178594637,0.0886849965578047,6.23364095053365,6.95754389827953,1.10470289102069,3.73308259887342,5.87354574686036,0.185514731396667,0.0092456424199929,0.0051649659672115,11.7571242056783,40.6120159138054,15,2989.30591589771,134401.66665,2,14.9712036740077,2.12165685746683,1080.11539466292,48.5876761935387,2304.26570624914,115.58746825626,383.897062461124,0.005208859977814,5.46022890843378,6.25356947669944,0.667196648890075,3.60105526922437,5.95254653344336,0.198237417537976,0.0097697491165465,0.0057291327371259,12.482856583346,40.5110275863683,15
10.42708333,16.1743563301396,5.8195184735138,1087.16676011106,56.7724606970871,2316.22234220818,116.192895743392,385.558988280502,0.065506287352982,6.01263485398801,8.64476717006846,1.28256973003571,4.04321519732243,5.87931628048967,0.187983438774145,0.0093493049805722,0.0051446870454564,12.1679408455729,40.7236558386936,15,3001.97782715919,131570.0,2,15.6355218249925,2.45560039944433,1084.15235388509,52.4569692506319,2311.3397959425,115.931465882526,385.152734951463,0.0041762762284391,5.09774961872939,7.84116852408865,0.742734508819506,3.83797743571525,5.97777584699094,0.195179306777153,0.0096604884553034,0.0056277317750427,12.9763301099235,40.6316924306672,15
10.4375,16.8322015210567,6.96466193240291,1088.84615298845,61.716520037268,2316.62058728136,116.235403645634,385.559913819748,0.0558232381107112,5.90666522751875,10.0602607707842,1.43886461086478,4.3580892818713,5.86410399088892,0.187665719712586,0.0093410703759224,0.0050654796525339,12.5060382622586,40.7377363456005,15,3007.28723558854,142235.0,2,16.374219377081,2.90261846563328,1087.51062218988,57.2181647861265,2316.32706466682,116.162899483044,385.873283388995,0.0036565489856956,4.78877302736155,9.48714330669789,0.837550465765259,4.13483484587594,5.98776463987552,0.191076440463011,0.0095094615628155,0.0054911522272325,13.4829791199403,40.7124519885604,15
10.44791666,17.3310466658035,7.97148558811298,1085.72226587787,66.6564123295996,2305.90118458924,115.724916616652,383.619507117831,0.0483682417994909,5.91488656596153,11.0541418205166,1.56049359085129,4.6828851293064,5.83942442543053,0.188018261427229,0.0093571789299613,0.0050143513338037,12.7014391994518,40.5572791468204,15,2998.63617425851,153410.0,2,16.9832438153674,3.37758942239917,1087.2392758824,62.0393581101824,2312.8212105408,115.981130679884,385.062583552753,0.0032707403138375,4.64072457566687,10.7979501647133,0.930230099876366,4.44329183188919,5.97715098082876,0.188786014699431,0.009424205418348,0.0053958674559298,13.8529511934221,40.6476880026128,15
10.45833333,17.8107936091844,8.40868037042832,1082.99193677401,72.6951876686289,2295.85295254401,115.207223969634,381.633990899955,0.0419981142001925,5.86276630015306,11.8378458686322,1.60779422041515,5.06478786977571,5.82593727028434,0.188844622639608,0.0093926466585574,0.0050105000115679,12.8543849777158,40.3734839025803,15,2991.56608181911,154630.0,2,17.5047706216046,3.6874309034293,1084.45045199142,67.3268398869674,2303.22405042412,115.480770968935,383.133012848504,0.0029927174043463,4.52633069730807,11.7802273978966,0.985134945990742,4.7826806560415,5.96592056779379,0.18728354216523,0.0093684850274941,0.0053354206226293,14.1263150061627,40.4704893335423,15
10.46875,18.2507487277567,8.26613073281821,1084.22576823353,79.7297866629744,2294.13627774496,115.076223444139,380.931710058401,0.0388994253931321,5.79372504267703,12.2224136706363,1.5801790809977,5.49524683539307,5.81490514942124,0.189519364184076,0.0094216632365457,0.0050361938878916,12.9380417006099,40.3242219946084,15,2995.81799110396,153600.0,2,17.9731706409553,3.80385505488061,1083.67035012311,73.4389215054947,2297.61720956915,115.158961569114,381.79765236153,0.0028756027614216,4.40755714500074,12.4269930591919,0.993459061244814,5.16308655058307,5.95787085254475,0.185626784978088,0.0093065977369122,0.0052883314512406,14.3096541586539,40.3549696741788,15
10.47916666,18.6448044587199,7.84560336370624,1087.3836458856,86.9599175353939,2296.01545664791,115.110618850436,380.769498132085,0.0378964205861002,5.77538288630193,12.133418713821,1.51515457841907,5.93755651852042,5.79955714835699,0.19048806115463,0.0094606136852336,0.0050839567692867,12.9313477937675,40.331962811921,15,3004.92832489751,153685.0,2,18.3947601216762,3.82233200597553,1085.69630034663,80.116233824361,2297.45656910093,115.097356018493,381.32213908907,0.0028470516532593,4.34462760200162,12.6112765380138,0.977523638603095,5.57332373426232,5.94531926263918,0.184742831559816,0.0092734828604125,0.0052669316944656,14.3752634167731,40.329664211771,15
10.48958333,19.0035572304867,7.46008410328927,1090.2126851989,93.9443325141308,2297.11372497068,115.08758447655,380.417285074093,0.036946934323516,5.77771720157934,12.0422022407057,1.45355542757078,6.36292980766191,5.78369642093238,0.191734316694475,0.0095096267885339,0.005136330261239,12.8904970557503,40.3188955451179,15,3012.82088083461,152700.0,2,18.7756491186103,3.81924743136901,1088.47235708364,86.7733008439227,2298.51702131403,115.083580709499,381.002540542405,0.0028243200659809,4.32925074502141,12.5199993283315,0.956441368093067,5.9816000378946,5.92919194734771,0.184681232115345,0.0092714690061682,0.0052661914502133,14.3640805441542,40.3202886196038,15
10.5,19.3334829527577,7.11196098037681,1093.48253503142,100.73257432615,2299.70873450255,115.118483193847,380.253875412063,0.0353429930021316,5.76463265546382,11.9573636808376,1.39792526420583,6.76496181050985,5.77014613962639,0.192688958984203,0.009547331727413,0.0051808902763086,12.8760903170797,40.3244297061555,15,3022.21547412914,148950.0,2,19.1212988986981,3.8065569863654,1091.41248229177,93.1808335111282,2300.17212399686,115.07946615474,380.726887853191,0.0027802542260224,4.3019965839407,12.4469995264147,0.934709460005947,6.36921969173744,5.91532953345047,0.184446634420755,0.0092629595859071,0.005262327650252,14.3605434137877,40.3138155196052,15
10.51041666,19.6377631572821,6.49507966596698,1099.55835474964,107.520408305643,2310.93873923066,115.571185457414,381.513073489354,0.0311352104273776,5.69708884341396,11.7015519925985,1.30808529692078,7.11560760727254,5.76487830739485,0.193291268521088,0.0095723083073899,0.0052371506137496,12.9800730107212,40.4778679760045,15,3041.68472190654,130565.0,2,19.4297183110534,3.65730933719209,1095.60808302434,99.0895178346579,2305.96610350179,115.268349284141,381.142071168139,0.0026838352654967,4.18499736915458,12.3033906663883,0.885587409210559,6.70553254509587,5.91291803057929,0.182818994028701,0.0092018628657681,0.005238016391674,14.4781770486124,40.3750110499942,15
10.52083333,19.8842199397489,6.09095435980166,1107.74218439818,113.040957448576,2327.43806215691,116.307868079698,383.696757678854,0.0296505584526437,5.72074921922864,11.2649915701305,1.23412642668517,7.38981639132605,5.74016373953354,0.193328769248514,0.0095733700996392,0.0052657501282898,13.0585667496416,40.7310258068519,15,3066.7176416768,124915.0,2,19.6927022120392,3.57615061997101,1102.11393320791,104.446451801902,2318.41126057996,115.799473809046,382.704582052489,0.0026582226187789,4.08465677224685,11.9922002941331,0.83811158392701,6.98312056916477,5.90404400761786,0.180968440768898,0.00913127967698,0.0052019854368552,14.6344720114798,40.556283738358,15
10.53125,20.1208575313891,5.79426598705227,1114.23239163823,116.547636361169,2340.21352479989,116.865966086454,385.279461117473,0.0286459134179541,5.82449069446098,10.808862761511,1.18114711847398,7.56986116240208,5.70776827422399,0.193918716448931,0.0095942178525128,0.0052988995537191,13.0885334224886,40.921854288065,15,3085.54562571846,121745.0,2,19.9345159941602,3.5427078737534,1109.1628409959,108.666377879131,2332.24038361234,116.407151047097,384.489572354736,0.0026302677938529,4.08343359024842,11.5655556006907,0.810280872130027,7.20232585431314,5.88132062966438,0.180811260224252,0.0091250780083163,0.0052010039963781,14.7399840688065,40.7644618460902,15
10.54166666,20.3510425880286,5.65297469938404,1118.52532355686,118.625121301964,2348.76042697941,117.207930623852,386.162519365368,0.0276258682899531,5.93233575028698,10.4011095825221,1.15260639138367,7.67559243248984,5.67564033162958,0.194492834543193,0.0096144555459039,0.0053208872999472,13.1006793298298,41.0373155084316,15,3097.73897800191,119895.0,2,20.1671744086141,3.52623454527304,1114.72772011664,111.406216172701,2343.22256264772,116.87368339454,385.798225965744,0.0026040884897435,4.13763447671194,11.1316389027264,0.794045785267599,7.34509455089058,5.85270469642311,0.181685044488697,0.0091582812767358,0.0052225675562254,14.8040881100894,40.9234022910276,15
10.55208333,20.5763774511604,5.58498390432547,1121.7406987201,120.065361704539,2355.48591921624,117.445697212828,386.722447392982,0.0265738286418984,6.00408263411106,10.061798147705,1.13853011489505,7.74704682446743,5.64783733592483,0.1946977288458,0.009621130388804,0.0053296150414926,13.1238928243371,41.1167128071463,15,3106.93262779038,118290.0,2,20.3941977758463,3.52181488583626,1118.83225829807,113.184636949104,2351.53460922368,117.19759108206,386.643766888069,0.0025766145404189,4.18879938954939,10.7426527822557,0.786449319977823,7.43681089301693,5.82508007544062,0.182534409814816,0.0091905514556296,0.0052425799585136,14.8595654505336,41.0327135615651,15
10.5625,20.7985259708871,5.47088159620854,1125.54870430065,121.234864735912,2364.62600971104,117.794457197359,387.678462490031,0.0244776314672224,6.00650587223778,9.76511024105949,1.11946459178618,7.78956574075743,5.62931990161182,0.194758228533891,0.0096234857637442,0.0053396387108495,13.2128004662913,41.2355043846372,15,3118.58850211472,110340.0,2,20.6138253253759,3.48283304659421,1122.35390432082,114.308178964566,2359.28422626731,117.48336460142,387.400060615081,0.002529317015495,4.1693150953264,10.4263748491557,0.772812692922422,7.49015379070834,5.80645238336099,0.182313094459617,0.0091823410857927,0.0052409753978688,14.9708652643142,41.1291584077687,15
10.57291666,20.9930070004944,5.60003504777222,1128.28049742989,121.48648159659,2370.43942102459,117.983435977774,388.087187778339,0.0257777598362404,6.10196688447547,9.42724993193154,1.13238460044507,7.80858053552103,5.59421175986239,0.194088593016584,0.0095957711781316,0.0053127616336211,13.1876482106025,41.2987705503316,15,3125.68184576814,120635.0,2,20.8232498792812,3.53418782553898,1125.89685225485,115.193569318432,2367.41842840693,117.787218376132,388.193761536562,0.0025529744484987,4.21934033226699,10.0888831329419,0.777633547231333,7.52786031386954,5.77826204979088,0.182765759873774,0.0091989114896786,0.005246494339499,15.0043293426727,41.232293068614,15
10.58333333,21.2220918680239,5.63525001277927,1128.35640546758,121.354183100909,2370.76656138784,117.88016402938,387.562025926417,0.0244120394766507,6.13500939798907,9.23211046936045,1.14304761149985,7.80705096715039,5.57636384296922,0.194540264525227,0.0096127383459432,0.0053202869265214,13.1958333739721,41.2600706028106,15,3125.3845578862,116725.0,2,21.0421355602411,3.54515838003165,1127.7168488251,115.437177977664,2371.31729174337,117.868674567262,388.249557878027,0.0025131722141969,4.28914397299943,9.79911239508156,0.785953665600174,7.54667464625328,5.75138583258827,0.184074245594003,0.009248742373062,0.0052759673010126,14.9983027370872,41.2579267010516,15
10.59375,21.4334184909405,5.60964514936894,1130.03679343169,121.596734024359,2375.59003743054,117.995339145302,387.787120864001,0.0234020459384255,6.09113783574865,9.07109010867304,1.13945547691811,7.80699491735651,5.56436082549677,0.194150088466682,0.0095984233748283,0.0053138077843475,13.2624313413187,41.2982478506603,15,3130.72820455991,112975.0,2,21.2561357305527,3.5215419094295,1128.67203863082,115.384913283714,2374.06720050692,117.885362301704,388.144591905277,0.0024951615151438,4.25282683848543,9.61920003150307,0.780816650380416,7.54105811784594,5.73807190486613,0.183543344224736,0.0092287722468233,0.0052658695413926,15.0702305115739,41.2613442377303,15
10.60416666,21.6337053181819,5.5094540224105,1133.88671360198,121.842302570046,2385.44334794837,118.364866936512,388.856042985862,0.0225172859316058,6.04821940453891,8.90312663204612,1.12404409696855,7.80256320061284,5.55195537465259,0.193819730697142,0.009586301504346,0.0053141127652346,13.3492168835466,41.4258022013421,15,3142.36430718308,107900.0,2,21.4588770404626,3.480407985439,1131.10395962667,115.463930347459,2380.45006146595,118.082853736943,388.662734370519,0.0024797004633259,4.17132985245173,9.45619049190149,0.768240892386255,7.53660100868668,5.72943181631978,0.18218687527747,0.0091773394433573,0.0052380750799165,15.1846422788393,41.3284375508137,15
10.61458333,21.8193468735689,5.32539070005949,1137.81349304705,121.399270879908,2395.46996015178,118.757689348752,389.999016136273,0.022700388140447,6.06737621406173,8.66561735316797,1.09550745766294,7.76388922616196,5.53204486409801,0.193595710174973,0.0095769760227072,0.0053219208518013,13.3931100267361,41.561777213029,15,3153.75090508259,106140.0,2,21.6500537310671,3.4264782085674,1134.55746380849,115.310512099177,2389.2929349074,118.411715237223,389.618022704374,0.0024922191316191,4.11779734893825,9.27526215677569,0.75205960871917,7.51703174457581,5.71723941898375,0.181137309895248,0.0091371754294197,0.0052181105558066,15.2847565592057,41.4418184041966,15
10.625,22.0007176868933,5.12961982681601,1140.55792055311,120.279373975541,2402.67021260419,119.02294166153,390.722695589903,0.0234075407525177,6.15648180975927,8.40370505954857,1.06502273967212,7.695407342054,5.50621428819584,0.193854136940805,0.0095850031934433,0.0053410000461032,13.3685644739441,41.653300067477,15,3161.17983333882,106085.0,2,21.834875967591,3.36651940433839,1137.89528692386,114.686861829223,2397.79882646437,118.736721344867,390.549985052437,0.0025209946521535,4.14885557462769,9.03134650986611,0.737105599251012,7.47399596026132,5.69644890938429,0.181535180593704,0.009152098548969,0.0052321934266205,15.3116458704575,41.5540742187424,15
10.63541666,22.1826443114864,4.95570320913364,1142.56487347349,118.905859786579,2408.50427038897,119.222648230793,391.24936937812,0.0235506727818137,6.23564534326479,8.22003954310928,1.03839448866949,7.61090854963449,5.48369975188475,0.194484334635362,0.0096076587028075,0.0053676813284561,13.3457826707165,41.7220772056856,15,3166.62682384773,103115.0,2,22.0163637341039,3.29574488459678,1140.45262374049,113.565720105529,2404.58565008135,118.984330892706,391.235688048466,0.002540566632786,4.21071092446123,8.80383669032755,0.722242867740398,7.40608791857403,5.67379027095765,0.182632072342695,0.0091938630560202,0.0052637528995657,15.3076334593243,41.6394465623757,15
10.64583333,22.3522210165211,4.8743119885116,1144.26071160963,117.418564511269,2413.64248832279,119.38952882047,391.678288367414,0.0244393992448162,6.31507984870673,8.10500299366455,1.02539488364682,7.52260039517783,5.45964590578171,0.194729658567639,0.0096153774411796,0.0053782210101096,13.3107132783229,41.7795749523257,15,3171.12686743792,104240.0,2,22.1920096627051,3.24807099454163,1142.52977225276,112.249227901055,2410.47093769648,119.190524264662,391.793199453759,0.0025737744879483,4.28520812571325,8.62800475394258,0.713132953334078,7.3261861223804,5.65015598977256,0.183825834735521,0.0092390217843242,0.005295437703291,15.284365676577,41.7105213494323,15
10.65625,22.5254111936423,4.80608371732713,1145.77677003748,115.904343265144,2418.58666341974,119.544401091417,392.086027403076,0.0244281615218282,6.36109659078804,8.05133076648461,1.01753022301045,7.43136679292371,5.4417586493918,0.195317918440836,0.0096370478204413,0.0053965135987251,13.3080918801627,41.8330717836532,15,3175.29845775038,101160.0,2,22.364487467401,3.19773830991435,1144.24655517169,110.806125165389,2415.6083029358,119.35898649653,392.24031704778,0.0025834458706337,4.34454419301489,8.51912336965651,0.705979942901849,7.24116722612114,5.62919462668469,0.184921114740156,0.0092806013640261,0.0053253555710477,15.2706632004303,41.7685926923438,15
10.66666666,22.6866247471678,4.76027934474365,1147.65855265143,114.366337594465,2424.54143689785,119.752145014136,392.68346459133,0.0247810070834697,6.38450421674206,7.96717224772824,1.0124222623667,7.33615634908646,5.42516000141283,0.19556912415788,0.0096460718727671,0.0054055120139057,13.3307110869953,41.9052582285711,15,3180.68039623333,99465.0,2,22.5301711387696,3.15098392172671,1145.94939872295,109.295662354694,2420.93340706381,119.537573707856,392.743258424031,0.002600551516076,4.36573173985044,8.44538618372384,0.698375369650249,7.15093059636008,5.61272628145424,0.185322408931911,0.0092958170786282,0.0053388217578196,15.293138515042,41.8304047014751,15
10.67708333,22.842292613911,4.75885670484611,1148.55185375606,112.649120846841,2428.45895686512,119.862217889291,392.971608522868,0.0250026299214748,6.40291468802068,7.87474192945986,1.01493282503567,7.23056726634342,5.40952337967328,0.1959101992229,0.0096587281466406,0.005413247270802,13.3670360858905,41.9434048404893,15,3183.3278720405,97435.0,2,22.6890111333261,3.11213487292496,1147.4301209187,107.731658663133,2425.90071647422,119.700881632858,393.20964950165,0.0026118321971394,4.37391522539578,8.36027888997409,0.692751381666414,7.05697988557886,5.59786406408177,0.185512150518357,0.0093030514826485,0.0053467176850196,15.3325550314868,41.8870375023854,15
10.6875,22.9923877327495,4.78035879367845,1149.24815179128,110.776553090318,2432.20654759544,119.965957028551,393.253743008628,0.0248808774959733,6.39523831546603,7.85898583586333,1.02244788508608,7.11448235664507,5.39697769825448,0.196311706928858,0.0096741955704658,0.0054210580958119,13.4375578267854,41.9794271757794,15,3185.5727847675,94095.0,2,22.8411273200044,3.07327921563316,1148.3779761213,106.012020424649,2429.88108126707,119.817667819662,393.541198996514,0.0026151926934093,4.35469362087331,8.30483756917903,0.687625659204948,6.95404707624516,5.58622214151678,0.185309232857611,0.0092955676401186,0.0053456159246788,15.4054108612551,41.9275193783876,15
10.69791666,23.1321901618493,4.70466313491135,1149.99663135424,108.749576022184,2436.08011238884,120.08496593988,393.596504114819,0.0255028606623278,6.39989847245337,7.83234525081756,1.01618391593709,6.9904970503645,5.38293260844166,0.196444356205067,0.0096789021347231,0.0054298671777402,13.5004090621477,42.0208370758434,15,3187.89647017185,92205.0,2,22.9854787654717,3.02251250722848,1149.19570185861,104.182915520611,2433.72138673718,119.932503706003,393.880047503115,0.0026387407563928,4.32527563503866,8.28786377397925,0.680154115525585,6.84434275532405,5.57584512215064,0.184838572537371,0.0092778080093692,0.0053392032157001,15.4940746878926,41.9674026903756,15
10.70833333,23.2672478897671,4.5599649943352,1150.50413645869,106.539935923,2439.25489732541,120.184375646618,393.884304668789,0.0263701605363243,6.44844882892648,7.71193091705025,0.996760526911131,6.85808934461392,5.36571308756288,0.196829543943592,0.0096925158915865,0.0054494626900082,13.5213616859861,42.0554001769843,15,3189.31728764961,90225.0,2,23.1234577485319,2.95585490068751,1149.87557733526,102.225152753588,2437.19594829718,120.040817176127,394.205368832198,0.0026745593433791,4.32834091753071,8.23546639084029,0.668150325986539,6.72796840517555,5.5627704590553,0.184870520623251,0.0092789592542722,0.0053458474408841,15.5543613307301,42.0050455308334,15
10.71875,23.3960747930519,4.33795709935204,1150.71681311139,104.199362967384,2441.55546321128,120.256574726115,394.091028481857,0.0278655493443916,6.54462623418148,7.49571124837721,0.963722372650745,6.72025229931189,5.34439874298025,0.197277450733757,0.0097075909240698,0.0054762605379929,13.490611028638,42.0804422516216,15,3189.67476356224,89320.0,2,23.2560067702074,2.87695494113583,1150.3478731051,100.130668111647,2440.07346770171,120.133948681104,394.486699273147,0.0027311524240609,4.37964652667458,8.10698397644202,0.653253750551475,6.60444208563397,5.54542858021703,0.185646036354723,0.0093080774895383,0.0053708708561097,15.5671162018184,42.0373946487444,15
10.72916666,23.5215889859501,4.20218793987532,1150.56500784902,101.824163207779,2442.8638639216,120.290736746861,394.179734357896,0.0292103508463182,6.66807403048478,7.28025551980321,0.941122468149672,6.5824442988102,5.32100856480712,0.19799967487437,0.0097328836916109,0.0055025200165778,13.4258923837159,42.0921833106332,15,3188.86176704534,88875.0,2,23.3845148276801,2.80689904209207,1150.53195273278,97.9446851338321,2442.12387872719,120.200402118696,394.682972136457,0.0027864666538453,4.4845714389908,7.9117576712575,0.640019907655502,6.47637636955698,5.52326737195064,0.187294101033043,0.0093699664901425,0.0054154861301142,15.5239766158572,42.0604168802934,15
10.73958333,23.6407737747623,4.15590975179343,1149.28544992672,99.4474500490952,2441.39131024827,120.192050568416,393.829142551369,0.0316001834635311,6.81495962290139,7.12223857284975,0.936079488568663,6.45032713104363,5.29459541117821,0.19827208638536,0.0097405023234529,0.0055101350544769,13.3201208540086,42.0574819406414,15,3184.65216396338,93040.0,2,23.5104021984771,2.76438568093173,1150.1823749632,95.7729509907124,2442.8709415811,120.210205054605,394.680297331645,0.0028628814853485,4.6504493748253,7.71222682683622,0.637032813284543,6.34909845227533,5.49518004051116,0.189701474339402,0.0094597417905006,0.005474913561394,15.4131587748152,42.0636409854394,15
10.75,23.7585600390126,4.34880722533604,1142.94813672609,96.9672376603454,2427.78869913381,119.497239675438,391.492636940432,0.0361840540219575,7.0449428143869,7.05475093490403,0.971296708784464,6.33137327025506,5.25956880148383,0.197500339712967,0.0097069301797501,0.0054717430973406,13.0819823491087,41.8142901890629,15,3165.38118024388,109040.0,2,23.639108733767,2.7936909938074,1147.48835725087,93.7219588612392,2438.09510148774,119.951071138453,393.733542700882,0.002998814465557,4.97732265224335,7.53154410794557,0.657800175930367,6.2305556591162,5.45137011261805,0.193837365305432,0.0096121926410538,0.0055663263296975,15.1202085046968,41.9728254327152,15
10.76041666,23.9227073596251,4.40601370794549,1135.40143797777,95.4315050395777,2411.94252152592,118.672846732546,388.756474292939,0.0341129309317071,7.1115364456342,7.1601775412039,0.991233699114618,6.25405021817873,5.2525009390943,0.198624272022759,0.0097493746214791,0.0054931335809203,12.9833107898935,41.5258638778033,15,3143.79798708491,104845.0,2,23.7859654165702,2.78161801192027,1141.21464729801,91.7790305859415,2425.01240848708,119.271316033704,391.416062876665,0.0029699925871022,5.22894119501751,7.49791303563575,0.673538157711177,6.12806530511721,5.4206771873374,0.197561121296779,0.0097494021988847,0.0056529886224077,14.8668863755408,41.7349321603846,15
10.77083333,24.0562872615119,4.5302134940221,1137.00110395882,95.3804526331551,2415.89938700204,118.822652143538,389.222295579269,0.0342902261340577,7.09309031140537,7.30669386206942,1.01113117828448,6.25364615011781,5.24708186581662,0.198338509418039,0.0097386508470223,0.0054763793854277,12.9672067247441,41.578400390554,15,3148.42821878053,107795.0,2,23.9304339748706,2.78989501136445,1137.34994555131,90.7249423018656,2417.30462046522,118.849315061176,389.986685634236,0.0029904139369412,5.30976419714491,7.58525226955712,0.681479551887448,6.07008426295139,5.40794147495668,0.198659322779,0.0097895312674054,0.0056771726965507,14.7614678085457,41.5873116943019,15
10.78125,24.1984756513087,4.45886295209578,1142.94213381561,95.9225506730803,2429.26095060624,119.43746875595,391.211089945752,0.032961400745522,7.06078232409144,7.50803465584416,1.0044821786719,6.28276916379397,5.24602831730591,0.198872394689793,0.0097594957926198,0.0054952724994714,13.0144815656774,41.7936390858995,15,3165.4258746619,102790.0,2,24.0707976574704,2.76687946114225,1139.52727948668,90.6401210059313,2422.4798500489,119.059103413262,390.647080924623,0.0029515452654815,5.29927396841801,7.73962507733459,0.680311840781363,6.06807931310214,5.40409253122104,0.198785402645864,0.0097945018438157,0.005682676165667,14.7606270488306,41.6608150652855,15
10.79166666,24.326412871084,4.33527673528342,1147.73144688181,96.2460381398845,2440.63950900359,119.965802615815,392.923766145132,0.0319470564772756,7.03887177472225,7.62370487394214,0.982305855260841,6.28771594333038,5.2417253978561,0.19959219310399,0.0097871628717426,0.005522788727555,13.0995494005273,41.9784950399181,15,3179.61379336961,96550.0,2,24.2019702036797,2.71915908984155,1143.556350093,90.7016344413514,2431.84554655533,119.483238703436,392.040520066185,0.0029234995138826,5.22649574759231,7.90980412860446,0.664765883745773,6.07020766035407,5.40557665443839,0.198099816196257,0.0097698777261949,0.0056721754335024,14.8572597412583,41.809264891881,15
10.80208333,24.4471334227129,4.13360714205232,1152.90281693409,96.2107776359174,2453.51268544711,120.574914701958,394.920021256413,0.0299981818013018,6.99460931592739,7.46730562000081,0.947440078669429,6.263436818631,5.23892913329891,0.200876592243572,0.0098368493356178,0.0055710969243489,13.2558838006212,42.1915109848329,15,3195.23454522024,85215.0,2,24.3211871539189,2.64667061602253,1147.91142675425,90.5297873297571,2442.24484194881,119.966984322203,393.66575080461,0.0028782139541936,5.09275702884209,7.9646500640141,0.639882551967658,6.05565739653265,5.41144233600795,0.196742866684172,0.0097209067979466,0.005649022842438,15.053697597101,41.9784790419086,15
10.8125,24.5311059716795,4.23003351251276,1154.68877230204,95.2375487784315,2458.81485330721,120.824225452366,395.723870118013,0.0322493147019915,7.04226087273129,7.31440983744567,0.956987737680385,6.19612340107901,5.21864995668819,0.200728916733228,0.0098302000332763,0.0055583931594902,13.32957423172,42.2785817761957,15,3200.6758888007,89390.0,2,24.4244822105145,2.64130064874391,1151.74515908617,90.1063303964933,2451.84344136884,120.422489326141,395.187410084226,0.0029202589751284,5.02388227174275,7.85537710614747,0.630933415980619,6.02143823688132,5.40714761704572,0.195579755809103,0.0096779242941999,0.0056225774967177,15.2161361536446,42.1377430227783,15
10.82291666,24.6181561822377,4.50598857665468,1147.87024517427,93.1592573027277,2443.99822246072,120.090699093337,393.248320999406,0.0375070294178324,7.28121877591751,7.26644760673239,1.00961885932632,6.09689120274088,5.18035686506976,0.199819953786401,0.0097915768348397,0.0055097581341892,13.1782619400498,42.0217809816496,15,3180.29139450908,106800.0,2,24.5236089958071,2.71867883688881,1151.58415020347,89.3443177888237,2452.50572132257,120.443853250998,395.179727884568,0.0030367872781348,5.22932488019538,7.73966793015672,0.659781859550055,5.96961205750582,5.37339862113033,0.197524124755058,0.0097479367640681,0.0056581182338333,15.1199827042215,42.1450945087425,15
10.83333333,24.7520273730623,4.70775721654241,1135.69403343696,91.3474397784252,2417.04773085952,118.748571559425,388.776851043743,0.037779494973789,7.46545700904373,7.30596326420147,1.052766652757,6.01905511127855,5.15906995042533,0.200132138020181,0.0098012399832207,0.0054984982598706,13.0058291629895,41.5520945391423,15,3144.87504091291,113180.0,2,24.6428820999529,2.77352766148641,1143.90162478028,87.9348510241951,2435.99103342428,119.616734075948,392.335614432564,0.0030628058248258,5.55755295899777,7.68464273664417,0.693333687152233,5.89631195193022,5.33298264173171,0.201413871888362,0.0098890270696113,0.005740537456499,14.8660065317694,41.8555905785184,15
10.84375,24.8895023984692,4.87970675704534,1133.11148167288,91.5804959162219,2411.27493446164,118.429132817634,387.681194112651,0.0355883201684692,7.4544299493899,7.54845892819694,1.0831866821251,6.04257757193079,5.15787048555255,0.200571209611631,0.0098185534172035,0.0054955548745302,12.9717908661394,41.440320620518,15,3137.63816970116,112710.0,2,24.7760774111565,2.80388920838242,1136.47758172148,87.0845806592799,2419.8080700831,118.793253196929,389.542424313245,0.0030238072510938,5.71604040840667,7.78184245641157,0.712204728521585,5.85772763054632,5.3140480035892,0.203523592652387,0.0099654849795364,0.0057853576573377,14.713169893814,41.5674115483336,15
10.85416666,25.0052763689706,5.20096437102737,1136.05825199318,92.916690058141,2416.84904363278,118.658349222752,388.363263866989,0.0356610011753173,7.41435751131067,7.90284688139997,1.13075824552523,6.13591114031004,5.15421834277239,0.199831838058242,0.0097910955884546,0.0054535866590376,12.958193437741,41.520533449481,15,3145.77459916749,121125.0,2,24.9043996232367,2.90000098790633,1135.44951156153,87.6689141640115,2417.32381394738,118.629701500152,388.917559081003,0.0030087714334098,5.76007838979666,8.04085561039948,0.738195432603286,5.89893536044294,5.3049736860828,0.203906607007972,0.0099790832351994,0.00578417275748,14.6343197043885,41.5101878976716,15
10.86458333,25.1563841870843,5.10308283215098,1138.70325119493,94.6548269696016,2423.25971227707,118.914166604783,389.150232247707,0.0305233561797096,7.2616264860234,8.22762748296076,1.12457149544366,6.22156481755538,5.17051880232507,0.201396504786222,0.0098533949570544,0.0055002990689664,13.123998727688,41.6099310164647,15,3154.71909023292,104535.0,2,25.0381748727435,2.86630674834776,1136.86798008145,88.6957378853534,2420.24311051971,118.717613919832,389.159001613705,0.0028599363470118,5.63081514717575,8.38298667454086,0.734909056710153,5.96595578945865,5.31537667421958,0.203185540053964,0.009954303874773,0.0057725556569545,14.7427234956461,41.5409101903345,15
10.875,25.2612052414045,4.96305147583734,1144.80460042468,96.3284213158201,2438.30934649577,119.608620400118,391.383609715433,0.0282320608227659,7.09890749069508,8.46820812177397,1.09697920904697,6.28262377711654,5.17752262002167,0.201869185159705,0.009873733774832,0.0055247866894432,13.3668430946894,41.8526123691045,15,3174.2154080407,94045.0,2,25.1539918035305,2.80385258254279,1140.10857968297,89.6877597399486,2428.20867219274,119.059472490221,390.292572902309,0.0028068747780111,5.36556140423551,8.6755418001784,0.70644137064405,6.01329307814654,5.33637063347407,0.200390426305054,0.0098539502015962,0.0057164776089766,15.0331244390419,41.6603423087487,15
10.88541666,25.3315867228421,5.16113836054449,1149.83979315641,96.8539711633344,2449.8438559202,120.154265846751,393.074573407001,0.0304584361519371,7.13806118124118,8.60195151926674,1.11981721214524,6.30778038812864,5.15616052253391,0.201195210233797,0.0098472544961939,0.005492535497111,13.4389478341165,42.0430876461193,15,3188.85716035486,102880.0,2,25.2476547828734,2.86295552179588,1145.23824813012,90.8010873175197,2440.44845574299,119.62515250273,392.104405252054,0.0028254348526571,5.24672911305683,8.88704280782884,0.708350407644186,6.06208460714987,5.33606905439424,0.1984652087741,0.0097833709214731,0.0056665104671445,15.2255466741069,41.8579501813804,15
10.89583333,25.4137675117354,5.72441159609402,1143.58682877976,95.6761370195365,2434.29543597989,119.377775688156,390.361173973849,0.0347150799720102,7.40272570722205,8.65485761445248,1.20553515564535,6.29167654449761,5.11562678281273,0.200158566644221,0.0098040878969438,0.0054218340372552,13.2215742063825,41.7708661310363,15,3168.80116317917,128400.0,2,25.3381313616683,3.07411356704763,1146.80749308978,91.4091580170648,2443.76183287057,119.762613101829,392.359222302121,0.0028866755190279,5.48866540865422,8.9872991185306,0.765043645685836,6.10136735823484,5.29716464225401,0.200536819271918,0.0098572635525238,0.005691377397573,15.0716884923277,41.9056009633155,15
10.90625,25.5764460594901,5.73678543780918,1132.44149052377,95.6311201742037,2409.74727975115,118.115198206105,386.114511524647,0.030019736549846,7.38627846805749,8.80860594489623,1.22247065294133,6.30389154686824,5.12239896809791,0.201798945744148,0.0098676945666087,0.0054598219823729,13.2043260260578,41.3284564534153,15,3137.53354247497,117220.0,2,25.4666852976596,3.08652331994541,1138.91108477015,91.0310233714368,2425.69291669959,118.83015361779,389.127775365807,0.002771473303339,5.64437556378311,9.11844039938102,0.789819740988408,6.1057796849788,5.27797888784047,0.20300656766489,0.0099474185035943,0.0057464351679817,14.940989436415,41.578792644664,15
10.91666666,25.682978495669,5.68347773208242,1134.2966558588,97.749480604288,2414.13931069017,118.272294323428,386.524845777593,0.028816232646837,7.27609237665976,8.95804525362568,1.20789324929652,6.41292811238019,5.12593418763433,0.201370121136069,0.0098531784498185,0.0054556836978417,13.2684820097096,41.3826114287193,15,3144.27389901225,115695.0,2,25.5888223633226,3.07343802663519,1134.6694093046,91.6967931502869,2416.60238154258,118.32855087882,387.384874501934,0.0027614852284042,5.57015780101056,9.27454293860263,0.781934369980441,6.14533801862725,5.28205664284882,0.202289382590754,0.0099217935855664,0.0057319285601924,14.9858455595207,41.4026110665818,15
10.92708333,25.782408770993,5.69160177743152,1138.00238257568,99.8032627397613,2421.72438675032,118.593319394104,387.434605748893,0.0286702735798213,7.26244151915929,9.07120329125666,1.20277510915868,6.53244287519216,5.11807867045219,0.201141482127825,0.0098448173321204,0.0054500769249926,13.2815109991622,41.4939190345335,15,3155.28890718247,117755.0,2,25.6967020964183,3.1100935104682,1136.11841136346,93.4748517117544,2419.64541695729,118.422415157466,387.570091570425,0.0027439408267184,5.51458011488755,9.40806392102112,0.78192167859622,6.24500858023925,5.28002314619536,0.201538697396277,0.0098945724039842,0.0057114959249204,15.0206137283704,41.434594000261,15
10.9375,25.9029204142029,5.40901406441723,1141.30280116474,101.366477698473,2429.72364230362,118.933119341562,388.420763318592,0.0260125326884882,7.19958699285756,9.15212946987088,1.16259855498849,6.60410849499312,5.1202881676958,0.202267241240523,0.0098886283545503,0.0054986529390831,13.3953534128375,41.6116722879977,15,3166.01885708623,104475.0,2,25.8057002833364,3.03818966799908,1138.66029542423,94.8452082962299,2425.23273571357,118.642373702112,388.188397845947,0.0026841663545848,5.40868032717376,9.52475662731849,0.760742841330209,6.32336815404174,5.28379472239541,0.200677039376672,0.0098640320476521,0.0056997920002507,15.1403089030501,41.5105535278242,15
10.94791666,25.9538900981974,5.69163678660731,1141.20339038356,101.925132205515,2427.78352335662,118.812457350809,387.834487255992,0.0310152286343126,7.38834533159128,9.08292677005222,1.18844484470137,6.66665546955556,5.08292957999531,0.200411034235503,0.009815119896108,0.0054314593671907,13.2239100632559,41.5682049627647,15,3164.34539663645,130220.0,2,25.8919460086824,3.17575893223021,1140.8760535581,96.2722016428447,2429.94496002916,118.835514695248,388.63979870352,0.00278712974066,5.51456798376885,9.51933550708605,0.779478173277038,6.40075527088991,5.2605531050901,0.200982244631456,0.0098736261225521,0.0056919641014891,15.0642227950322,41.5769503021429,15
10.95833333,26.0942419325468,5.63618929051384,1135.33904694767,102.45130615307,2413.61567580373,118.055990890552,385.20270250392,0.028944380158121,7.45350813523158,9.0928943195334,1.19001379422612,6.72260855279583,5.07952456208191,0.201805407877117,0.0098678114268338,0.0054674748004574,13.1315234628861,41.3022068109996,15,3146.97519683246,124150.0,2,26.0023759244513,3.20009328135106,1138.62606028717,97.1026727811165,2423.43642471912,118.465756046632,387.216873154771,0.002723555633798,5.68983599557986,9.49375606362564,0.797336630290593,6.47375677486577,5.23714432071631,0.203374585943921,0.0099604582519952,0.0057435710808466,14.8953224371627,41.4462829265934,15
10.96875,26.2007185193139,5.42727914842128,1134.63637582349,104.311847574521,2412.07358673508,117.90978505773,384.598954212838,0.0280302161665888,7.40034818269021,9.01939530133548,1.15517415884083,6.81779368314653,5.08125957527292,0.20181087679363,0.0098688653988507,0.005484386546197,13.1390837002335,41.2496941841674,15,3146.08518269087,119830.0,2,26.1153050686418,3.15507411890815,1135.47860692171,97.976569722012,2416.06130582272,118.040582449284,385.69261888304,0.002722842125535,5.67449804390956,9.47919050822143,0.783601452835321,6.52926828540877,5.23591395988729,0.203397492855092,0.0099615650285966,0.0057487569607429,14.8782124936696,41.2962183272444,15
10.97916666,26.2953832337568,5.27322183696194,1138.17519054366,106.505101235457,2419.5583735656,118.210732782107,385.440605671055,0.0274569993692923,7.38764750172215,8.83901134730126,1.12460025382831,6.93200551409928,5.07591983435067,0.201915961429161,0.0098730797750293,0.0054990067026088,13.1563555461345,41.3536004393768,15,3156.93270317794,116555.0,2,26.2161307307707,3.13217652849556,1136.33264559784,99.638537327511,2417.61584791359,118.051202687483,385.606711837028,0.0027125212412125,5.62483234062245,9.36984733797507,0.76753292695363,6.61937250548329,5.23535355960091,0.202885489712252,0.0099432390660372,0.0057397055516196,14.9075113087354,41.2985923198631,15
10.98958333,26.3863072633795,5.13378582663138,1141.65517897074,107.951058642388,2427.20981074203,118.52569014942,386.320845499079,0.0269662834144071,7.40358325466424,8.64181154386456,1.09886633453591,7.00420768267642,5.0667826265458,0.202230742721751,0.0098847662443324,0.0055171052899633,13.1868358207291,41.46245676549,15,3167.34378057687,112880.0,2,26.3093679324561,3.1109000550374,1139.08999543383,101.141904130026,2423.48994237336,118.276230324822,386.218131195477,0.002697319200381,5.58330730400546,9.19959496512164,0.753472742899152,6.69941461173129,5.23186881806678,0.202459497015243,0.0099279905589984,0.0057323928753053,14.9646296880042,41.375984574139,15
11.0,26.48158304549,4.82560862376762,1145.90956160476,108.91267054604,2437.54488825352,118.977072218993,387.666126050277,0.0255551779259903,7.39688133554091,8.47368336993344,1.04983213274816,7.03474263078143,5.06102872368614,0.203093104386514,0.0099173216311182,0.0055619322668272,13.2780138786038,41.61917263928,15,3180.47211848465,102055.0,2,26.3997300538308,3.03248366886681,1142.40824810916,102.016485617835,2431.06936523932,118.589355269304,387.142916089895,0.0026713366530185,5.50201371422593,9.03828680956422,0.727571394774178,6.74141389991232,5.2319394187476,0.201774327097783,0.0099036864383251,0.0057251309588285,15.0954146947872,41.4842899713333,15
11.01041666,26.5463568161039,4.67752505214811,1150.56272481084,109.109316610265,2448.69321731142,119.484653466994,389.190580964671,0.0264886294500203,7.46412258130154,8.2898338747645,1.01784745808345,7.02884136633894,5.04143452253755,0.203077893884657,0.0099153777677768,0.0055724462334626,13.3116838590943,41.7957149281872,15,3194.12715606928,102040.0,2,26.4776166652006,2.99091776298794,1146.5027688322,102.466100495453,2440.83297767748,119.022137408485,388.461692125339,0.0026970364258494,5.46139303426275,8.8660519477684,0.706110857198515,6.75306420795485,5.22517057204882,0.201149717717899,0.0098809063154815,0.0057149779026284,15.2125005202752,41.6345706639187,15
11.02083333,26.6299516371704,4.48853295842524,1154.44844981345,106.506881462345,2459.41154437439,119.983684980448,390.709132518841,0.02546161830734,7.50556494232204,8.20216965522476,0.990730715777331,6.87630950146228,5.02880081861631,0.20433241980815,0.0099619654261753,0.0056169475469976,13.3873604352295,41.9694497749214,15,3204.7718571933,93080.0,2,26.5530313435101,2.92123428062515,1150.57007801704,101.69220756032,2450.86325454156,119.477386759062,389.861937771348,0.0026787406470066,5.43728742780979,8.72349889158777,0.687060227781419,6.70371462978988,5.21637227101786,0.201112575412026,0.009879940146762,0.0057213287343943,15.3318793202993,41.792862409842,15
11.03125,26.6892926245151,4.36166735512187,1158.29838714637,103.267530705157,2470.31951473997,120.501631543215,392.307123840712,0.0264525215838987,7.55967435149267,8.15662696110255,0.972121863006613,6.68979522629267,5.01088571410295,0.204615489648287,0.0099713530453941,0.0056331560912105,13.4427117474489,42.1499673053126,15,3215.13311646056,91795.0,2,26.6215271498163,2.83895120441569,1154.30918229573,99.2046527877439,2461.01870707652,119.955065552546,391.354990664427,0.0027212647662031,5.41797323989252,8.64465713654282,0.668724736451401,6.56167395548929,5.20680805616315,0.200850728726666,0.0098703977559169,0.0057234152366679,15.4522881902444,41.9591572320125,15
11.04166666,26.7520765119709,4.33708914229007,1161.68748439045,101.185431230304,2479.49209982969,120.924238978736,393.60655174458,0.0270661077723909,7.62914826340844,8.18560768119193,0.971757164237058,6.56872099421703,4.99320447586386,0.205337410107097,0.0099972617806035,0.0056509739109883,13.4738002621665,42.2972768885949,15,3224.39481229676,90200.0,2,26.6851831415044,2.77715012996219,1158.00055245222,96.8561072597942,2470.93914136162,120.424612056363,392.818383334653,0.0027479327840037,5.45619573421726,8.60700261061664,0.658905443236779,6.42738826640741,5.19173688708282,0.201359132137997,0.0098888273278131,0.005740994272501,15.515953179173,42.1227431753753,15
11.05208333,26.8160118662056,4.33417584370277,1164.49750481087,99.3099566329831,2487.46578050684,121.281742438765,394.721366944891,0.0271669376479912,7.64902090238553,8.34826746883043,0.976933099416813,6.45780753365487,4.98169247512729,0.206141698772024,0.0100269517489756,0.0056694634008609,13.5358352739841,42.4219177083926,15,3232.27370178206,87260.0,2,26.747852456025,2.72407745158486,1161.20664096342,94.8342088369015,2479.64953876918,120.829007078739,394.087269386796,0.0027588080807625,5.47874420142846,8.66340262256103,0.652169099551442,6.3115731704734,5.17920094138679,0.201805536204153,0.0099051894127104,0.0057565569540792,15.5852760444247,42.2636668288846,15
11.0625,26.8746442259786,4.37490878691405,1166.36719470977,97.9037686981402,2493.36579244429,121.535873791247,395.522346633503,0.0272983044088007,7.63310693339931,8.65373555814437,0.988044653523545,6.36895789556996,4.97353454817761,0.206705138873105,0.0100480382656888,0.0056791109914993,13.6199880215993,42.5104454842777,15,3237.90406632091,85170.0,2,26.8082163189456,2.68281744953205,1163.92251406656,93.0763553574572,2487.28236687431,121.176601094968,395.194373833512,0.0027669124807961,5.46523086745816,8.83722463169878,0.647131922831173,6.20933439324398,5.17088347032053,0.201792536722734,0.0099049178366157,0.0057605654836701,15.6770203311649,42.3848107196643,15
11.07291666,26.9321488625431,4.31169611561468,1166.21080838341,96.1725519800229,2494.96425992081,121.589621912473,395.687417031661,0.0275280400813938,7.61307052075166,8.88985021337392,0.983908868727223,6.26140487700174,4.96669123025375,0.207111216859429,0.0100631897452861,0.0056939592022938,13.7061238013433,42.5288674137251,15,3237.86514498158,82400.0,2,26.8661175689058,2.63681501701868,1165.340692304,91.5477933454591,2492.07796905412,121.385094305863,395.86885585828,0.0027789665338882,5.42485907073815,9.08926129139318,0.640263195206121,6.11789175780423,5.16573804547839,0.201423369631948,0.0098917312478192,0.0057569798493268,15.7860466115242,42.4573388474082,15
11.08333333,26.9874202497972,4.11867993975806,1165.9122773663,93.7633195670283,2496.29128970964,121.655118104679,395.902970802953,0.0279268479215686,7.63091591167505,8.90150971707226,0.955348680003463,6.11857117489796,4.95698127133872,0.207581702480727,0.010080158043674,0.005721251937646,13.7616225131553,42.5513304783796,15,3237.05722952173,78890.0,2,26.9216218095674,2.56587470945227,1165.72171457786,89.678294641392,2494.63025516294,121.497489347474,396.251019233975,0.0028089894883878,5.38517568653038,9.25925036199443,0.625003488118149,6.00858579394914,5.16116713812203,0.201009496258298,0.0098768325465533,0.0057548293080804,15.8914684955062,42.4962411622245,15
11.09375,27.0325181012217,3.97585337998545,1165.33877833163,91.2020853845074,2496.64547737943,121.696973227207,396.036063413819,0.0293614505973298,7.72922623784943,8.80003911744864,0.930150023504204,5.97037651810025,4.93794812233946,0.207921843657708,0.0100910843615482,0.0057403060857639,13.7421573013083,42.5654361210282,15,3235.11361039321,79315.0,2,26.9727603356356,2.50204806590701,1165.67262855101,87.5457890219983,2496.13756371176,121.58037791134,396.536819530801,0.0028664609811612,5.41277533848031,9.2899388607378,0.610329195692682,5.88457839588502,5.14986859999819,0.201259300693838,0.0098856885151519,0.0057667714179793,15.9335259599546,42.5247690603553,15
11.10416666,27.0828657750499,3.77713855517065,1164.37729653815,88.7768746084974,2495.81965791799,121.696375268726,396.023449910721,0.0303567919382601,7.8780098020859,8.58728004028297,0.898232856284633,5.83145139661473,4.91557095961351,0.208676185079763,0.0101169171437322,0.005773827921341,13.6806219977225,42.5645986602482,15,3231.94368967825,78180.0,2,27.022233266816,2.43135772930962,1165.18286538654,85.3327710087236,2496.44200141502,121.6232591393,396.681409111536,0.0029204847144922,5.51658355184023,9.2138942737102,0.596900350047323,5.75667789745753,5.13129884820005,0.202514405023361,0.0099309483385744,0.0058024183984315,15.9065181844227,42.5392310733255,15
11.11458333,27.1409290802415,3.58091366390847,1164.85143828562,86.3934164912876,2498.30568932295,121.864992473418,396.583348260183,0.02929091828182,7.97354871891128,8.40828854118788,0.862935232259745,5.69316390983969,4.89980361822525,0.210297087458914,0.0101760252304975,0.0058290662391228,13.6858758985946,42.6228647064202,15,3232.96631215491,71230.0,2,27.0730406307917,2.34569700807509,1164.8074277967,83.0560872363717,2496.7798337876,121.6808525403,396.898755549419,0.0029370108515284,5.59234736656887,9.06633177390939,0.576734555725359,5.628302125458,5.11605573910469,0.203727290134497,0.0099750223895308,0.0058392502328904,15.9130780423377,42.5587664620168,15
11.125,27.185736810995,3.24522347740405,1166.5529172177,83.7555455988107,2503.51442325136,122.181343453265,397.652584231233,0.0301553282853662,8.05132757264333,8.17444538515899,0.803538580511474,5.54163405496126,4.8835529966413,0.211309358120577,0.010211775228632,0.0058833105495043,13.7224987924812,42.7327143188018,15,3237.29214605337,66170.0,2,27.120605932107,2.24774436232871,1165.28827584956,80.6830970336149,2498.94653550436,121.838333223499,397.480611873343,0.0029923080575299,5.60227212775754,8.92062469246958,0.551392949354559,5.49699355407549,5.10663162871515,0.204060881462489,0.0099872648721838,0.0058574087121094,15.9917344976264,42.613174026042,15
11.13541666,27.2238488761783,3.08743190090666,1168.05923759236,80.8473905890238,2508.05145235705,122.480442229165,398.686734065201,0.0310523425864353,8.17039700488256,7.7832773835825,0.76743304750539,5.37788996844434,4.86232530501687,0.212597937790102,0.010257651282063,0.0059276342082944,13.7322437140558,42.8364895793896,15,3240.72130980914,62565.0,2,27.1627387391091,2.16633063991546,1166.33237738281,78.1934570976451,2502.19039095018,122.064962353232,398.309193126325,0.0030450125065774,5.62687364691901,8.68784892587961,0.528070108079751,5.36044220018283,5.09490129666647,0.204471378380684,0.0100021298588325,0.0058755213099274,16.0666355230919,42.6916963797636,15
11.14583333,27.2590263724733,2.88999914839097,1168.87981073222,77.8074771884112,2510.95653859154,122.702989523285,399.497103010545,0.0326823724871741,8.29132417131375,7.31193481475606,0.73431468721009,5.20891055583185,4.84146394980682,0.213659813926687,0.0102948598593495,0.0059705762553369,13.7421185752135,42.9135470619237,15,3242.06809958094,59730.0,2,27.2006460129,2.08764652962466,1167.38304432963,75.6031281504559,2505.34805087453,122.297019635191,399.171854646561,0.0031094714711136,5.6687691240133,8.36952190327991,0.510797698476117,5.21911663266407,5.08112831193742,0.205067803481815,0.0100236212332721,0.0058976339488853,16.1333193087154,42.7720984817333,15
11.15625,27.2933917677405,2.69654053166214,1169.18101187213,74.7393259596786,2512.40689992085,122.864380500822,400.139509689745,0.0343518989249426,8.43513247767935,6.79751748591032,0.697716189391811,5.03962029489121,4.82016863047978,0.214736397948161,0.0103324515351044,0.006014041687184,13.7226483036607,42.9692764486762,15,3241.72530329392,56865.0,2,27.2358085394221,2.00765552507034,1168.15290465935,72.9563385999191,2507.69855650562,122.499218175687,399.957601596942,0.0031799910484436,5.73453643532964,7.98038868259937,0.493083148842383,5.0753838114559,5.06577535741718,0.205919132439936,0.0100541752296576,0.0059257666548763,16.1792731433217,42.842072755676,15
11.16666666,27.3158724939077,2.59661401204028,1168.1600366105,71.8019692392915,2510.58802822716,122.874517469881,400.301063376828,0.0388153245395425,8.63991345795186,6.29940234512198,0.679068967154778,4.87720208033048,4.79233246916144,0.214800109681818,0.0103319998609198,0.0060228243712483,13.6194552466012,42.9722218948377,15,3237.52337761387,59840.0,2,27.267420461964,1.9435884797818,1168.42346914187,70.3459342294212,2508.78066717809,122.650834802868,400.575958164587,0.0033063099329117,5.88871831577503,7.52515745609775,0.481727477642064,4.93078950758227,5.04263990276646,0.207474352951286,0.0101093490145128,0.0059677998210574,16.1369881080216,42.8943917588166,15
11.17708333,27.3547613146499,2.48168256098579,1166.07405288701,69.1426882033951,2506.26385037767,122.761012953547,400.082752466435,0.0398294572940505,8.83180840194712,5.88727308850547,0.661341577039626,4.72915010413543,4.77088295749748,0.215786406107209,0.0103664818040858,0.0060566834447823,13.5125669115235,42.9320663668601,15,3230.44231744118,57340.0,2,27.2994133019354,1.8788233362031,1167.81096031037,67.8355414798571,2507.72048333891,122.703598214472,400.877877837444,0.0033720859624603,6.09561692335143,7.06755350501044,0.472575787313244,4.79010744767941,5.01625543096198,0.209796795492587,0.0101918945753824,0.0060277707423948,16.0341435111668,42.912223239611,15
11.1875,27.3828201726373,2.38403617602343,1164.07090276589,66.7493433244126,2501.91031068671,122.6484150498,399.895821707351,0.043479363692161,8.99468071731222,5.49261608909179,0.64423282760317,4.59552837641005,4.75180496792595,0.215692012656084,0.0103613499868457,0.0060628433553096,13.3985794807557,42.892363584445,15,3223.62536783896,58855.0,2,27.3314558425747,1.82085245799874,1166.4735243391,65.4847186575625,2504.89483698185,122.672676843947,400.927240561194,0.0034925311495577,6.30507330243713,6.6401200890088,0.463951060615269,4.65723988016405,4.99142482770257,0.211918796283822,0.0102667146618393,0.0060822006432835,15.9112272567487,42.9008968299913,15
11.19791666,27.4064466950741,2.38005646653536,1161.53849734742,64.7880439745583,2496.04693646447,122.464442892328,399.475381521431,0.0493426074883773,9.1986925112641,5.15522550250957,0.646497555075885,4.4848599015614,4.72972503546166,0.214422904866574,0.0103131107765256,0.0060307609644453,13.2061611430379,42.827885562205,15,3215.35589082181,64645.0,2,27.3617235462355,1.78145992685562,1164.75212972693,63.4013743634669,2501.08571492506,122.599118874792,400.822918644795,0.0036673978127054,6.60371283189702,6.20020443044445,0.462120264769123,4.5345432648164,4.95969302393824,0.2144307855315,0.0103542838849876,0.0061426575123393,15.6786741651193,42.87479084957,15
11.20833333,27.454503780115,2.33660213767917,1157.76555836453,63.185381380756,2487.54714381245,122.141217074809,398.630356500799,0.0481583177922721,9.3114171173634,4.98671712552196,0.643711671510973,4.39204140172421,4.72275993183935,0.2152228706055,0.0103421958656487,0.0060542789088924,13.0846139809934,42.7148149873607,15,3203.98835409054,60975.0,2,27.3962733446082,1.73993163004863,1162.20844412499,61.6016227507984,2495.30009539842,122.424799770805,400.410769672273,0.0036884164352933,6.86773975719076,5.85232079737937,0.459501474138704,4.42788511627111,4.93397290855712,0.217017724599663,0.0104447272026063,0.0062058036759106,15.4524498455311,42.8136019475292,15
11.21875,27.4796862863754,2.32804236994476,1156.06566432221,61.899763537928,2483.39627493538,122.031309704287,398.505974477891,0.0530493753613262,9.37153322274863,4.88552345990416,0.644084482903464,4.31807759067819,4.7176219749461,0.214189717449812,0.0103035133298586,0.0060292301426976,12.975943998171,42.6764171515226,15,3198.43155309691,65450.0,2,27.4308875444905,1.711051062637,1159.45424328973,60.0873512485094,2488.97552617467,122.219486147231,399.925598161346,0.0038401256792684,7.0677605938501,5.60921505158299,0.457593918491296,4.33690636067636,4.91596383689323,0.218619960991677,0.0105000700782997,0.0062447714427165,15.259353077448,42.7416885375796,15
11.22916666,27.5160599533324,2.32906367261245,1154.96221880328,60.9844368020188,2480.31018700963,121.972751252581,398.557541329588,0.0553369614387816,9.42950657053331,4.80635582161883,0.648378876608711,4.26495067646995,4.71651799077551,0.21352084035574,0.0102786628453128,0.0060125765476458,12.8555305367829,42.656056177916,15,3194.58239353126,67070.0,2,27.4653540203535,1.69014989222363,1157.57781125891,58.9201497832236,2484.42517306385,122.099413111464,399.725247192748,0.0039270319377117,7.26350139430882,5.42814304596537,0.458445063895132,4.26456475262362,4.90008000607417,0.220064204013411,0.0105496900198009,0.0062791609581386,15.0421148027147,42.6996936629933,15
11.23958333,27.5550460156223,2.31053547062885,1152.51192220583,60.252540543418,2474.29036145679,121.766921770537,398.148165589701,0.0564167809406412,9.44114263203058,4.74781071807143,0.647335952514507,4.22006778658865,4.7214545008397,0.213243059151766,0.0102685097316142,0.0060078045612807,12.7733446090168,42.5842256183687,15,3187.16560288848,67020.0,2,27.5018973234938,1.67090631717589,1155.529184802,58.0054641805338,2479.37187839744,121.95020656472,399.455941380688,0.0039782623645472,7.39742423373025,5.30286124575621,0.457617763185643,4.20730040158689,4.89186286771369,0.221137156679748,0.0105866195619532,0.0063053265288969,14.8655736486107,42.647585899472,15
11.25,27.6014433568723,2.25029162851754,1154.00748526306,59.6056484482156,2476.90252269937,121.985642417966,399.158433807429,0.0528870651671019,9.38093701967578,4.71515545401627,0.634904668270717,4.18260519200385,4.73496151304265,0.214436787608777,0.0103132159315784,0.0060440125674402,12.7786735263409,42.660858638512,15,3190.74044345592,61250.0,2,27.5406415523311,1.64441938483792,1154.27196371618,57.2221978157583,2475.91859092923,121.875715696312,399.477191667545,0.0039149748498333,7.41587795978482,5.22974293391103,0.451030974169039,4.16153882791632,4.89560604313565,0.221709583131133,0.0106068882963909,0.0063219216409653,14.7974535939672,42.6216337789629,15
11.26041666,27.6277876978503,2.21801130500541,1156.31740939503,58.8412036336741,2481.24455314366,122.293368559852,400.481472242168,0.0542169263691415,9.30735702304967,4.67911138095075,0.625969234776694,4.13998271691163,4.745773887082,0.214288601210196,0.0103082852398573,0.0060443212762029,12.8031762357061,42.7686128418992,15,3196.45996486221,61375.0,2,27.576142496155,1.62299844883873,1154.81160363321,56.5052727467114,2476.31964628461,121.991125406377,400.154315843236,0.0039586969752815,7.36377692120703,5.18207933070519,0.444311806114805,4.12220441865392,4.90556701352069,0.221445370338616,0.0105980078435608,0.0063188457993153,14.8010177932194,42.6620980186361,15
11.27083333,27.661763214775,2.1690493616217,1157.32830151402,57.9724311867486,2482.71612843323,122.461781525244,401.359394262607,0.0529091808936419,9.25181592568085,4.64619692356061,0.616247342047323,4.09142836719837,4.75667187466411,0.214689179128675,0.0103236485621267,0.006059989042341,12.8311482397475,42.8276440158705,15,3198.49926070329,58345.0,2,27.608868894745,1.59974965954949,1155.80224839544,55.7928301979301,2477.64681205239,122.154007061641,401.005195461722,0.0039405918246305,7.29738784133117,5.14289189745612,0.43816808915058,4.08401419941156,4.91665630769346,0.221053904641536,0.010584755417457,0.0063131769744729,14.8251810858372,42.719171334236,15
11.28125,27.684811633721,2.14489770354262,1157.17071838582,57.0544727420536,2481.54563814347,122.503794277169,401.828247817565,0.0550884239886585,9.22371734955054,4.60039884662112,0.610674588265142,4.03972381053197,4.76296871657541,0.214187846175343,0.0103054493029731,0.0060505294045764,12.8361694949211,42.842477630297,15,3197.20901174728,59475.0,2,27.6388278782614,1.58055997735192,1156.5062482925,55.0609072903669,2478.30796872633,122.286890251783,401.768271204634,0.0040024416990947,7.24229577250975,5.10503233804836,0.433348756875085,4.04429427347712,4.9264825595371,0.220540820675562,0.0105669977829678,0.0063039435990856,14.8463630638056,42.7657582881469,15
11.29166666,27.7148816024748,2.1177707610062,1156.05799147741,56.182768399289,2478.21613624649,122.44103690871,401.95297758163,0.0553160484050583,9.22229791887917,4.54712567947384,0.606396724228482,3.98999053387548,4.76829848632947,0.214091290768843,0.0103021610491244,0.0060513523079401,12.8248245152468,42.820683087027,15,3193.25369527541,58525.0,2,27.6675580952798,1.5619025798482,1156.55795621917,54.3337913790447,2477.4943332925,122.349725682523,402.302737973126,0.00402299210205,7.21995120197986,5.05932122338841,0.429822930104904,4.00370344418949,4.93337911682188,0.220298232956806,0.0105585611876638,0.0063007003246498,14.8425083048659,42.7878631344678,15
11.30208333,27.7410107279354,2.10744785646899,1154.58858219858,55.3833151142692,2474.04944657312,122.338479837466,401.947798239702,0.0568290584228668,9.22894312727123,4.49949032280683,0.60489227754986,3.9439955227579,4.77199285498378,0.213738758566426,0.0102892918013276,0.0060438987357898,12.8045015348354,42.784970575456,15,3188.31944440394,59215.0,2,27.695796032669,1.54624509776091,1155.95319911829,53.6264652543926,2475.2035006675,122.341524788833,402.605648773834,0.0040751225935544,7.21852268890994,5.01091109823731,0.427150638483263,3.96335567497527,4.93842239379653,0.22019614194902,0.0105549112719155,0.0063001644684588,14.8239116070194,42.7851341170454,15
11.3125,27.7666738658962,2.11111320147154,1152.71749102825,54.7227583361422,2468.92221641217,122.189639152985,401.784078912587,0.0591661992417059,9.25611945317197,4.46211351648237,0.607673516592632,3.90515188826306,4.77361878259192,0.21309772847111,0.0102656206242808,0.0060276894113601,12.7608465741719,42.7330747958498,15,3182.30194397848,60945.0,2,27.7233396456815,1.53528854845066,1154.86807315877,52.9879046102497,2471.83611421598,122.281683045299,402.731266266409,0.0041468369135868,7.25403115029619,4.96054539857713,0.426828120210773,3.92506296564486,4.94007538500056,0.220285660180436,0.0105577078113754,0.0063031631344196,14.7708896262385,42.7643598914305,15
11.32291666,27.7934149775051,2.12823293397481,1149.78509389563,54.2415119938563,2461.41983724814,121.923628905512,401.225317148062,0.0619687680390065,9.30042481446517,4.44575915473138,0.61378135902954,3.87502172816894,4.77379480800921,0.212328684038689,0.0102370014169779,0.0060066789834523,12.6948115818438,42.6401899567797,15,3173.42668436099,63345.0,2,27.7509728447872,1.52947376098747,1153.10118229522,52.4552404506464,2466.95971617032,122.1479393541,402.601600320415,0.0042307789022594,7.32807999303494,4.91514287718563,0.428604510885701,3.89059954331222,4.93831700605711,0.220619979047205,0.0105688419512613,0.0063109014993655,14.6789426407026,42.7177508148317,15
11.33333333,27.8269515919216,2.13291479007959,1146.9458235849,53.9341809140471,2454.1159317138,121.666510087707,400.692509583563,0.0622952030787753,9.32979686516648,4.46359997849536,0.617089828519711,3.85431520166659,4.77649280599601,0.212334684710771,0.0102369289827965,0.0060059434134251,12.6432928056931,42.5503692580999,15,3164.92899385659,63225.0,2,27.780536193019,1.52406694792088,1150.70974673025,52.0365232097959,2460.68731610247,121.944314125956,402.237292619503,0.0042533989887727,7.40454670408458,4.89114139945813,0.429899793802012,3.86207002833248,4.93663083092995,0.221169484426508,0.0105876560733995,0.0063237181501807,14.5834058230546,42.646688430086,15
11.34375,27.8597506232424,2.13472916989503,1145.60937495533,53.717475463817,2450.09934113446,121.572037721156,400.700388764203,0.061712630874848,9.32516265182505,4.50430804958836,0.617921741597286,3.83978378016318,4.78181927362572,0.212774943054087,0.0102529771944573,0.0060162201102018,12.6262577986858,42.5173731648732,15,3160.66199340288,62280.0,2,27.8116352147204,1.51862748941922,1148.46969872526,51.7087536801322,2454.71088196373,121.754170779507,401.923769259665,0.0042503320710214,7.44478809345592,4.89667900793178,0.429497621294026,3.84001302361541,4.93822616546857,0.221619481497302,0.0106032886986211,0.0063345997919074,14.5236800892168,42.580297544364,15
11.35416666,27.8813740233689,2.16980922261484,1145.39927611838,53.6379122831303,2448.40264827566,121.59452745225,401.086340934541,0.0655068302663916,9.33649030744093,4.54832492858351,0.626133087116497,3.83379222276141,4.78325995557311,0.21198849427452,0.0102235891704745,0.0059926650955345,12.5877296252155,42.5252818900166,15,3159.48449021548,66095.0,2,27.8407650288692,1.52200743009664,1147.01341199148,51.5047257231684,2450.43400149206,121.64850323997,401.881508014065,0.004349995587111,7.49049634265297,4.91583179259135,0.432216260560143,3.82431429024071,4.9386529754245,0.22178880085927,0.010608806354026,0.0063376047020884,14.4564365539505,42.5434221881525,15
11.36458333,27.9103308411437,2.22820564277912,1143.31220538782,53.7298192673806,2442.5924576593,121.410675525149,400.776927773642,0.0675391412372685,9.37054500415917,4.60636286022635,0.640895712883891,3.83564328833187,4.78402939747821,0.21146975892444,0.0102039853921937,0.0059732775256971,12.5302921075584,42.4610317813677,15,3153.212338046,68660.0,2,27.8693616345039,1.5319602402045,1145.73440098029,51.4591306717696,2446.51711532891,121.560313535293,401.879755437164,0.0044039603373811,7.5678980225613,4.9455623441111,0.438237988364129,3.81607965428622,4.93600479438922,0.222133812443121,0.0106202732160253,0.0063436351644633,14.3560747425216,42.5126551274065,15
11.375,27.9195510485014,2.4774257603914,1136.8269837677,54.1283550335163,2426.97144478525,120.733801449937,398.794823873347,0.0792218021001465,9.46721640940524,4.78794534778489,0.694213855581283,3.85464988458137,4.77491529196787,0.208348201339663,0.0100869520882931,0.005869817478319,12.3825717256294,42.2244355241942,15,3134.75988332546,84160.0,2,27.8935685478915,1.58377331406973,1142.5144275689,51.6888866571893,2438.42939546736,121.262053910885,401.133113742857,0.00475070026533,7.75049646382759,5.00347488948913,0.459698053847005,3.81701599443675,4.92293505367413,0.222376675049206,0.0106269536706306,0.006340770770198,14.1409809830375,42.4084595211528,15
11.38541666,27.9750861954903,2.82120575482054,1128.42102604685,55.1674151707061,2407.51170119202,119.838362556867,396.062172572128,0.0719275614250958,9.46738978726599,5.34728701456189,0.770888767601099,3.90748955216901,4.7833434006732,0.210457084586648,0.0101635807026896,0.005885019555484,12.340475242669,41.9113194566026,15,3111.68399774638,84150.0,2,27.9280408123093,1.65203652498342,1136.40506673116,52.2566991304547,2424.0666463995,120.635280305995,399.266333805119,0.0045401723237938,7.91777124710846,5.2558001217682,0.489981933095801,3.83752837962984,4.91344708290697,0.223725501718185,0.0106732910476058,0.0063624506243363,13.933657569944,42.1893931919196,15
11.39583333,27.9857810395714,3.50921231185672,1120.68807230443,57.2217317836167,2388.93336794494,118.964438959995,393.348826106444,0.0784018397472125,9.41271558446801,6.21423838675223,0.903386727204292,4.02658106632931,4.78704861604808,0.208894931692221,0.0101040777233201,0.0057799739061039,12.3091773809189,41.6057228687863,15,3090.57161997616,105740.0,2,27.9596099589922,1.82108222150437,1128.26052455803,53.5592633470802,2405.4543729729,119.768770618093,396.557215953725,0.0047362416876768,8.02494337869268,5.85000274206894,0.549047596717192,3.89749347361519,4.90850157439549,0.223968724508898,0.0106807329407601,0.0063461510542348,13.7654703934346,41.8864418634159,15
11.40625,28.0332458346659,4.29224710349003,1117.0054707569,60.9131131278643,2377.54317210496,118.431575152681,391.671356525315,0.0755253910350666,9.35794033893294,7.1997984755176,1.05029110029606,4.25976925433872,4.79786202943459,0.20793666857693,0.0100684393512358,0.0056877005701219,12.2921051121361,41.419557830058,15,3080.23818412333,122800.0,2,27.9974007516238,2.07929601160353,1121.34029280203,56.2609173182559,2388.67267967997,118.96008328489,393.947055337081,0.0045800461358064,8.10086045513089,6.76987018425177,0.63794365274112,4.04844911735284,4.90733752184676,0.223986163736172,0.0106806127743033,0.0063149278461723,13.6090699113981,41.6037941906934,15
11.41666666,28.1127522650747,5.08523795698177,1115.99253484227,65.4995160497609,2372.84053834179,118.212722497514,390.968376547843,0.0591485735871965,9.15683551581943,8.34200199191877,1.18302248334977,4.53034086842772,4.82593338810114,0.210301520076184,0.0101601699590378,0.0056798966627248,12.4894057253974,41.3431464302885,15,3078.6426260321,119765.0,2,28.0598535060098,2.32041160612197,1117.49299817399,59.9765207869886,2377.99414746325,118.431383233639,392.230316433685,0.0039349641010549,7.97032952587114,7.84511608709546,0.70968709128332,4.27005035304002,4.92875691611884,0.224028760860538,0.0106835666782098,0.0062894794113773,13.6896337915646,41.4190955608918,15
11.42708333,28.1477971651677,6.00763724081269,1119.33421179788,70.4677845611844,2377.48727362286,118.455845541337,391.694949579122,0.0518958893690448,8.96221029633063,9.45608131961627,1.31954254935268,4.82920406826284,4.84062465614701,0.210203902202817,0.0101599873649852,0.0056082995071868,12.7371147661341,41.4280771745895,15,3089.15110670773,129520.0,2,28.112979514639,2.6349912853443,1117.94642843672,64.3619296985924,2377.08384621469,118.374442769822,392.01209240857,0.0035853783354209,7.70451169300628,9.02305508310977,0.785850540106936,4.52815595963546,4.95682964168783,0.222398365957169,0.010628368542055,0.0062192343615999,13.9608800000658,41.3992639504735,15
11.4375,28.1972496832287,6.99461067829921,1117.58747358879,75.8452651152866,2370.19208952751,118.085399150333,390.290233304266,0.0447717326630938,8.83444665096355,10.478211625157,1.45642436084737,5.1646114267545,4.84962455077983,0.210393705312181,0.0101703433013788,0.0055434459490542,12.954021469172,41.2980665147048,15,3084.97389540067,137440.0,2,28.1618158150113,3.00779611972018,1118.55242102339,69.3677652160084,2375.908442875,118.290717017943,391.592170536164,0.0032316957143004,7.4683521501105,10.1584815724343,0.871707358442825,4.832576985512,4.97726577781581,0.220728297936322,0.0105713882977805,0.0061431982834477,14.2581686036759,41.3698097340009,15
11.44791666,28.2467620759339,7.92230082011691,1112.38394886198,81.6504585025052,2354.48768746402,117.26397965842,387.336605571158,0.0402758576362496,8.71001539927946,11.3778910514851,1.57440055041723,5.53823151117697,4.85851887457605,0.210299230428806,0.0101699352770125,0.0054810800189307,13.1071741278571,41.0097694203398,15,3070.59933710882,147765.0,2,28.2126814223807,3.42779721256875,1115.32370836627,74.8762333747762,2365.62362961671,117.72825218819,389.498963721153,0.0029747172229072,7.26130212016424,11.2030022711386,0.9592844203244,5.1762286825603,4.99330315110242,0.21911668751067,0.0105160301046002,0.0060653469304798,14.5236618956793,41.1724716834562,15
11.45833333,28.3122593281665,8.31720820482182,1108.6307036546,87.9787618775829,2342.07340459012,116.565600004648,384.786270821212,0.0363197936811748,8.51754904341577,12.0980280038636,1.62281152571854,5.93613144288537,4.87923112201268,0.210772102892304,0.0101910744210081,0.0054689038989999,13.230912249419,40.7636295381252,15,3060.59877786472,149145.0,2,28.2728780600145,3.71256497310632,1111.00519795535,80.7319759140145,2352.36337153834,116.98570531707,386.78483513902,0.0027834152959199,7.02690358124648,12.0779759142282,1.01494899536785,5.54731795948054,5.01486450644083,0.217457383020514,0.0104590958917268,0.0060020674136916,14.7453554429002,40.9114444036539,15
11.46875,28.3684376347669,8.18775245439404,1108.29269487607,94.4225336583479,2337.39652156318,116.231284919677,383.440300437303,0.0345127801739175,8.32076085641184,12.4134099443061,1.59947489560139,6.33083763904781,4.90017725084983,0.211127453373273,0.0102074552102137,0.0054876999005853,13.2857540925045,40.6436674405377,15,3060.32025217134,149185.0,2,28.3320873822495,3.83262041902875,1108.73651116624,86.7577224564074,2343.64909051868,116.450221604223,384.767699020795,0.0027065951886831,6.78118355493328,12.6548796665408,1.02738255166839,5.92093072752567,5.03939988899992,0.215523794988204,0.0103922017039013,0.0059494575594154,14.8942657463973,40.7218418689047,15
11.47916666,28.4220268224242,7.74463469117574,1110.27951320455,100.620291276483,2337.80938752387,116.139274953687,382.888404425451,0.0336608067584026,8.16927068218205,12.2735266080174,1.53258136855565,6.70695379784849,4.91696227888665,0.211715884324824,0.0102316398624491,0.0055317846704287,13.2684085918562,40.6073205718288,15,3066.2581439669,147790.0,2,28.3873169903852,3.83446396998937,1109.3221886888,92.6869495903501,2341.05732856234,116.212708532035,383.738809664133,0.0026866699025644,6.58695562527246,12.7884719820525,1.01048544337186,6.28455561147924,5.05936874296905,0.213935108420862,0.0103369941986045,0.0059155490146169,14.9417812007988,40.6353290871147,15
11.48958333,28.4935206099547,7.01723140331614,1114.53784878622,106.177189803795,2345.91803497118,116.421681625569,383.592090934562,0.0301848195835924,7.97231268598525,12.1418899747159,1.4301022460754,6.99801876204072,4.93998257905325,0.212801008212759,0.0102743208925646,0.0056083206525006,13.3453365843336,40.7013104523491,15,3080.51111743026,130695.0,2,28.4492987731123,3.65845770924924,1111.8430811219,97.8240580875079,2343.83253796746,116.237130661589,383.61690707616,0.0026272408267454,6.35371146258507,12.6870865276751,0.955838895341045,6.58431808721982,5.0843641280099,0.212192810436508,0.0102765789005855,0.0058956013926765,15.0359044972649,40.6396735587579,15
11.5,28.5264612238401,6.50867665599028,1121.04368512494,110.118244601084,2359.98622644749,117.024014372071,385.336738808152,0.0289806059414109,7.86284781827644,11.930413739278,1.34358287529097,7.19002416556131,4.94364987457798,0.212597656914668,0.0102681824597206,0.0056422580178953,13.4065727142271,40.90710580693,15,3100.8120113705,124650.0,2,28.4958328337951,3.54226010895377,1116.65137549658,101.903587308568,2353.50967897746,116.61731963655,384.685191232467,0.0026234310862184,6.13441575472823,12.550549545388,0.901854230269967,6.79655268635365,5.10222165497988,0.210011427971364,0.0101997162753573,0.0058595172915799,15.1668664420576,40.7681276354284,15
11.51041666,28.5561154089639,6.15943806650563,1126.12760824149,112.67840019701,2370.09295923284,117.441352637557,386.451029866002,0.0289171883418429,7.88177624242457,11.5114637964831,1.28101472210516,7.32902665050701,4.93311630405637,0.21232408705736,0.0102578977847119,0.0056624438225102,13.3795707482183,41.0483026454219,15,3115.37973961524,124625.0,2,28.5303306315473,3.49582609066912,1122.22743793718,104.974329948154,2364.9226722003,117.097207471545,386.041989296512,0.0026306590331019,6.05252107193723,12.2493993326532,0.870433329518168,6.9578791186555,5.10177272311055,0.208986537952508,0.010163195365527,0.0058414310174319,15.2115979920799,40.9312752934792,15
11.52083333,28.600802514803,5.82187311832892,1129.4832150411,114.52544763216,2376.91723354494,117.690797068285,387.032414652976,0.027753975677294,7.90238386201269,11.0317572598903,1.22379690701176,7.42461856324667,4.92555968444567,0.212322682195163,0.0102576850892942,0.0056884533482641,13.3558599302081,41.1310411670095,15,3125.08511182986,119620.0,2,28.5686570646019,3.42923438152716,1126.52765898821,107.086299485451,2373.44413136697,117.435724613777,386.92770245714,0.0026154561037538,6.03409278583792,11.8209131729885,0.84254158562466,7.07340218887177,5.09546985187987,0.208787569767601,0.0101561381108007,0.0058435623054303,15.2169783434821,41.0450889308439,15
11.53125,28.6319458283362,5.5642343008169,1132.51851105515,115.934212777749,2383.31800808095,117.920539721425,387.56103991063,0.0275265918804275,7.93504856714703,10.5737245266436,1.17554268984114,7.49528363175032,4.91426719222915,0.211718085495442,0.0102349920351204,0.0056950248536371,13.3150603840457,41.2072216609679,15,3133.84464990516,119285.0,2,28.6045857530342,3.38298573849982,1129.93536372738,108.618958373742,2380.45859612595,117.69939439641,387.576942889129,0.0026253662813225,6.0348597646439,11.3557588410702,0.819488777090334,7.15292583317295,5.08687664811757,0.208650378929044,0.0101510644183588,0.0058448812345866,15.2071074382595,41.1329703145311,15
11.54166666,28.6866788963607,5.25498011589407,1136.82165174156,116.740218684108,2394.12780448454,118.366339247176,388.835436068301,0.0245662287048159,7.88512512645229,10.201178857683,1.12389925181571,7.51134243195421,4.91465198540583,0.211768556224259,0.0102374345824791,0.005721981872655,13.3935057654571,41.3594538536208,15,3147.18817805948,105440.0,2,28.6470013595064,3.28551164002876,1133.34624381418,109.438353443601,2388.12069816014,117.992571469908,388.368282639711,0.0025723064740215,5.95805883117292,10.9542543380085,0.787563155745996,7.19032325782186,5.08689333358046,0.208041191519954,0.0101297471152719,0.0058413591403281,15.2879171353993,41.2316312858751,15
11.55208333,28.6722368978613,5.39975109925812,1139.63153220673,116.852631426983,2399.65101816807,118.566990181281,389.254226746449,0.02767968519741,8.01147029299995,9.77933623366711,1.131077613461,7.53077659771838,4.88466569056214,0.209647813633271,0.0101572286195743,0.0056605354796325,13.2793874753217,41.4264538662562,15,3154.03713944682,124010.0,2,28.6653580256079,3.34598552666698,1137.1787389994,110.100733567489,2397.06342733371,118.359581804464,389.352121659099,0.0026469436591772,6.01940525400209,10.5165936132735,0.78891856764051,7.21367814155544,5.0682731192721,0.207939622551403,0.0101250520330746,0.0058321369366711,15.2429840688091,41.3563890606378,15
11.5625,28.7276118824003,5.43412112646298,1137.74393671492,117.558822942262,2394.35469059036,118.195681349598,387.828091341893,0.0263377958403139,8.06124037834374,9.47830721244965,1.1413238430757,7.58915722564981,4.87938678826502,0.209854994393127,0.0101645451410371,0.005662152797005,13.2031030661071,41.293938538064,15,3147.73137110783,121100.0,2,28.6958640492636,3.37432153823482,1138.32621995823,110.773360003259,2398.62115234629,118.344449983071,389.04639340289,0.0026037541351326,6.16034046941814,10.1166374225179,0.801886055107671,7.26530596385616,5.046615631518,0.209496269046844,0.0101804144767943,0.0058636993319022,15.103895783988,41.3479206285979,15
11.57291666,28.7718177862006,5.36788017165468,1138.37502368613,118.348102471355,2396.69767389388,118.194388995501,387.672643473862,0.0245264097708741,7.95118736538587,9.24773679427951,1.13069947769345,7.61618513054361,4.88793527555086,0.209434721366864,0.0101502171438801,0.0056592056466482,13.2651726816499,41.2912510867483,15,3150.4343127056,113970.0,2,28.7378844317621,3.34851880526486,1137.85182382577,111.295490366796,2397.54958129692,118.180233863761,388.337824680454,0.0025670127498673,6.09778347108394,9.84417503792242,0.79459512758556,7.2958233314182,5.04911668732063,0.209042301615585,0.0101646257801525,0.0058565823328795,15.1333296036719,41.2879525423904,15
11.58333333,28.7993720628451,5.3256670383043,1142.62756369046,118.528762150484,2407.52980566672,118.624316904997,388.932250988114,0.023529812673286,7.84912214364891,9.06348689178307,1.12125483629592,7.607171044383,4.8912956656027,0.208670838139516,0.0101228503095956,0.0056462826319195,13.359053057253,41.4396922551552,15,3163.26179374195,109915.0,2,28.7724989458847,3.323515071059,1139.86843799882,111.563344823871,2402.94106556296,118.337473385097,388.722674858533,0.0025467751724083,5.95206800534614,9.63119594079438,0.78269890876525,7.3003089565447,5.05810527971131,0.207481585308695,0.0101091920851706,0.0058247132360128,15.2507339019218,41.3408028294665,15
11.59375,28.8412905617727,5.12855764926618,1148.25539302882,117.797914464869,2422.41708959974,119.262764591546,390.892095147796,0.0214474416318235,7.72406188910718,8.87864786887243,1.09328264845786,7.53831071589649,4.89802733691445,0.208760955838239,0.0101274979935142,0.0056656055292216,13.5371695569226,41.6613914191881,15,3180.21498618897,97205.0,2,28.8070804783745,3.23861308996321,1143.77295683075,111.098147809932,2413.10860810144,118.738303936509,389.941414844514,0.0025100927712274,5.74467009830077,9.47225702907235,0.758953770565813,7.26272072440563,5.07199505147959,0.205403806793214,0.0100353793166735,0.0057873928641894,15.4660881434881,41.4792119367563,15
11.60416666,28.8642259793655,4.88495755848674,1155.14064090163,115.761278209438,2440.72291520113,120.09315406792,393.493582478609,0.0207323945163738,7.62931974379956,8.64998767129443,1.05347161369892,7.39665938805527,4.89620593063475,0.208474643598368,0.0101175823981773,0.0056799734420759,13.7324436122435,41.9504969132574,15,3200.37155082899,89030.0,2,28.8364332836634,3.13227067185558,1148.94276910374,109.690257640029,2426.80716384184,119.330631277714,391.823588114674,0.0025146763721486,5.5059806411594,9.30357706610151,0.72629648859291,7.16904488149637,5.08632975880508,0.202634696113666,0.0099359792469614,0.0057361213294408,15.7538907230577,41.6849056259561,15
11.61458333,28.8242459995513,5.10421274118892,1156.71993936784,113.535025806307,2443.69047453857,120.193527388978,393.609165382773,0.0270781067888562,7.93206132354116,8.24969896570196,1.08069496324736,7.30285494751505,4.84683799917392,0.206085464071201,0.0100238364486162,0.0056028045292005,13.4835036205284,41.9847405814238,15,3202.29965479942,118475.0,2,28.834496668267,3.19922071213774,1154.18033199849,108.298421773643,2440.04963938255,119.928638834749,393.584286699579,0.0026517577891303,5.68629891131583,8.97181928066158,0.741420328302022,7.07883042629368,5.0545154792493,0.203503297700867,0.0099653966184931,0.0057470990618015,15.6485035141009,41.8927463352043,15
11.625,28.8991608722565,4.91973927029665,1150.8370332979,112.740456772578,2430.53415134709,119.453320438551,391.04736754068,0.0253487768086286,8.05318665118991,8.02719586905112,1.06657393948032,7.27228616145523,4.84254230872169,0.207805535560419,0.0100869677071472,0.0056562386938516,13.3271248341127,41.7254540141145,15,3184.75333755819,108310.0,2,28.8610061548839,3.14757471124425,1153.72258880557,107.129044634861,2438.80537496673,119.79783942005,392.93224140605,0.002621036073247,5.98164612016643,8.63198005774627,0.748880689632756,7.0293406431905,5.02114100788916,0.207254519420466,0.010100307841019,0.005836057369521,15.3852350112954,41.8461678017906,15
11.63541666,28.934237553758,4.69488583666882,1150.65985962506,112.119903205581,2432.24336493857,119.451246898507,390.976822851279,0.0245610025552678,7.95492383097126,7.92822197020325,1.02662663462341,7.21249746634216,4.8509101132928,0.207804634369274,0.0100878511574145,0.0056759763740961,13.3521639793344,41.7242418783973,15,3185.38157954804,100760.0,2,28.9006773407391,3.06037154963284,1151.19325726465,106.070754670446,2434.16367411295,119.487269098397,391.828447088727,0.0026346719172309,5.9651198972358,8.45966518080929,0.725766596790923,6.9666636613614,5.02200874877155,0.207419000394799,0.0101066395852683,0.0058488447957034,15.3642301129069,41.7370208455437,15
11.64583333,28.9384049208424,4.65599504358894,1154.37638930951,111.149457879517,2441.65784509596,119.84764487921,392.182890602207,0.0263923538441219,7.95767505082946,7.8392512668121,1.01476960927202,7.15262899656655,4.84285030689147,0.206768784493393,0.0100486363730407,0.005654858136035,13.3111447710591,41.8624191524324,15,3195.80748518912,105805.0,2,28.9234408694985,3.03780041434489,1152.32258865547,105.220856107924,2438.04071109688,119.606166848822,392.138909779255,0.0026869468934234,5.94342335587235,8.32973178537465,0.715389921991847,6.90794937033883,5.01973306205667,0.206914177010208,0.0100882555152591,0.005839481228393,15.3388121482328,41.7780863511547,15
11.65625,28.9970711737826,4.39761401887276,1158.90414522752,109.717662841298,2454.04528294334,120.386562097788,393.895689844889,0.0233449159251674,7.85697847818655,7.82769885870737,0.979552279214136,7.05199751097722,4.85407773501431,0.208614114629474,0.0101187661810016,0.0057209545168958,13.4470145731977,42.0505143906473,15,3209.24989300911,86740.0,2,28.9557178496168,2.93227875259091,1155.16073669472,103.899960299475,2445.69272379672,119.913977182225,393.112536315552,0.0026298822663852,5.82238367008418,8.27771028432499,0.691289456312781,6.83109732969861,5.02811686600313,0.206232720171383,0.0100648860289776,0.0058358398203311,15.4464797158422,41.8853110803428,15
11.66666666,29.0029631116607,4.23476291042578,1165.51929256282,107.13276580177,2471.6388258101,121.204699705736,396.546018495126,0.0243714335664184,7.76392265293005,7.73100582452363,0.948525674617642,6.88604062950623,4.8523447416209,0.208351559292175,0.0101094958784632,0.0057296456350041,13.61215929818,42.3362470963628,15,3228.28338710394,83255.0,2,28.9815079138316,2.84100427293609,1159.46245748674,101.890706021814,2457.37179820288,120.433171442794,394.836236216699,0.002667267754297,5.60441827606473,8.24667631716876,0.661773008695376,6.70945809981106,5.042961812416,0.203768488699321,0.0099766528930935,0.0057899381328326,15.6902611283262,42.0664884261367,15
11.67708333,28.9951372543527,4.29926493996582,1169.33876241692,104.098896673666,2481.79854552606,121.671299580175,398.012053689224,0.027941727998507,7.87479750565472,7.56574647297364,0.961568732603433,6.71801917876159,4.82955180218043,0.20773418854489,0.0100844334953211,0.0057076365958461,13.5825114451404,42.4992902775779,15,3238.06413612272,91320.0,2,28.9903789504265,2.81223308573343,1164.78499315513,99.6325128827619,2471.25756763881,121.079161425384,396.917929218709,0.0027436394453223,5.59881388858039,8.12782235114828,0.657408839161029,6.57377509022964,5.03421480889108,0.203234012119914,0.0099567299304681,0.005780041541656,15.7551899577399,42.2920703159986,15
11.6875,29.0204834308715,4.37153220522978,1164.6830249745,101.24682863148,2473.26749019693,121.205362724897,396.445318331561,0.0286285799504251,7.97685195424021,7.51653180314308,0.984438427124345,6.55906671622046,4.81636457177366,0.208461518355379,0.0101102415020306,0.005716909601962,13.5285901124406,42.3366771281162,15,3224.38852649061,91100.0,2,29.0024458712346,2.78074964557754,1166.21030733202,97.1830265599894,2476.18751061925,121.285524317021,397.529229623195,0.0027664179362423,5.72751558082893,8.01032707674001,0.662904768173218,6.43307600697879,5.01504917879048,0.20474177506616,0.0100108873258756,0.0058169746593423,15.6913483054028,42.3642004371622,15
11.69791666,29.0387789796463,4.37029198172431,1161.56634565786,99.1114214658146,2467.95195587307,120.897572660951,395.421878011007,0.029905669326018,8.01496079428391,7.50355061627645,0.991792572723821,6.43765955934819,4.80961879436154,0.208313287970079,0.0101039505387139,0.0057127853573847,13.4847431653426,42.2293625830853,15,3215.38390218884,93065.0,2,29.0200541179844,2.74674424783433,1163.80486145212,94.8589286182276,2472.623170002,121.069076577651,396.775916190464,0.0028161059258946,5.834868488602,7.96289452533744,0.665746618203968,6.29868665260486,5.00097257525309,0.205946057348082,0.0100539498722782,0.0058472967885778,15.6188004755707,42.2887209476213,15
11.70833333,29.0660427326001,4.24929975089042,1162.32630463385,97.5220395818875,2470.96912759462,121.009853742162,395.790439052569,0.0300133960783247,8.02050481525951,7.42844504023178,0.976159463465978,6.34524599855962,4.80842916832547,0.208496471828628,0.0101105386161537,0.0057273690021746,13.4604320571666,42.2687889984606,15,3217.41491520266,90280.0,2,29.0416658381985,2.69030277088688,1162.71595485402,92.978272082529,2471.6368150255,120.982740752062,396.474925574214,0.0028416085528061,5.89538416953666,7.92118644396663,0.658955473919979,6.1907169184751,4.99335782644356,0.206738794309314,0.0100824012779354,0.0058709348280673,15.5623634196212,42.2587362397477,15
11.71875,29.0862492429848,4.03114676594553,1163.68229035707,95.8800236218413,2475.38496458503,121.208814910792,396.454360272265,0.0309049782341035,8.03583067927604,7.26043774016058,0.939892106755174,6.24648128647259,4.80497935158822,0.208437582790236,0.0101077531172005,0.0057448476735262,13.4373695222067,42.3384493382785,15,3221.21167731396,87890.0,2,29.063589814795,2.61859730246343,1162.89650097252,91.2945600166802,2473.34249051214,121.040491424221,396.675995370525,0.0028866708062969,5.91083859995375,7.83170564938945,0.642769205887935,6.0931540589962,4.99024800849642,0.206951355765949,0.0100900110880679,0.0058831169445571,15.5397559723008,42.2790753938155,15
11.72916666,29.1018729667837,3.89826027187786,1164.70138802708,94.0076748217588,2478.97976874434,121.382548040068,397.036668450262,0.0320368484915431,8.0929798289795,7.07818300165977,0.9139528956393,6.13612078052249,4.79636621812694,0.208572936109307,0.0101117932095474,0.005758941461427,13.3932745887763,42.3992616060854,15,3223.88048226719,86675.0,2,29.0824526208651,2.55797539658901,1163.76368457003,89.6195860544565,2476.46746596256,121.184130097123,397.168522210798,0.0029338455074253,5.94482641315586,7.6792634230173,0.626760574389111,5.99546609880786,4.98450023453104,0.207297442579603,0.010102282214852,0.0058970997141854,15.5055560864231,42.3293890843219,15
11.73958333,29.1128368242913,3.82936977765473,1164.41870001941,92.1536957378787,2479.50348789409,121.410214367281,397.137121605596,0.0339242382394021,8.1817981407482,6.94332818641245,0.902660604316104,6.02944747777068,4.78407521911875,0.208538574625242,0.0101090605793648,0.0057629996005398,13.3264245524452,42.4090565240857,15,3222.77420711126,88190.0,2,29.0975986491268,2.5149631210494,1164.29035256041,87.9209825316406,2478.78931545986,121.298729762102,397.558344595519,0.0029948894844182,6.02594558695495,7.51853799251061,0.618598388045666,5.89600090401496,4.97352916620535,0.208058609360003,0.0101291772398681,0.0059184316465165,15.4362261328397,42.3695502432999,15
11.75,29.1291486145025,3.82945157825396,1162.97053290238,90.5696498981691,2477.30288615846,121.302256680151,396.797628147824,0.0350081203023097,8.26555080815316,6.89986610699998,0.904593769158455,5.9384137776485,4.77390201028568,0.208824574110697,0.010118533479549,0.0057685206382957,13.2637873647952,42.3715078518043,15,3218.48584622909,88720.0,2,29.1124073405447,2.48431430759086,1163.90588539685,86.3389391606838,2478.97104860104,121.311844520378,397.608683875357,0.0030356338205782,6.13906443089731,7.39590277928727,0.615836566014577,5.80337391738268,4.96000415057824,0.209227518257101,0.0101706114320884,0.0059477294787328,15.3421842824794,42.3742733427338,15
11.76041666,29.1465370922214,3.85197674929238,1161.93591847511,89.2524485580035,2475.99545072218,121.234534087001,396.602313307634,0.0356949627636435,8.30764149727247,6.94672954004739,0.91230267676486,5.86194261739082,4.76846231313421,0.209124210947655,0.0101289889987189,0.0057727737488908,13.2351602914757,42.3480567845918,15,3215.52654145089,88735.0,2,29.1285951034041,2.46126447734761,1162.91135640877,84.9328809323091,2477.75246400652,121.254006966058,397.433489365437,0.0030637530502229,6.23091640439623,7.35640758772561,0.615934685339171,5.72089335747885,4.94941421421341,0.210233256272156,0.0102062732939675,0.0059726779938121,15.2687689011004,42.3542388372881,15
11.77083333,29.1632119083576,3.9030850890853,1161.98450178616,88.1480916555514,2477.02175819804,121.280523770649,396.790823561499,0.036097634798553,8.31746695049587,7.04000695387961,0.924790463801519,5.79771644833677,4.76644028232616,0.209374739394174,0.0101380283465232,0.0057736877073088,13.2342431878637,42.3643666986863,15,3215.69254925293,88665.0,2,29.1452492160978,2.44507313606238,1162.32830482574,83.7329089722829,2477.39187043609,121.235920554806,397.399919863703,0.0030806530561181,6.28703039660724,7.38935589655153,0.617343441172467,5.6504691444296,4.94296266192177,0.210880394295803,0.0102292225719306,0.0059889081884588,15.2269335965651,42.3481241261232,15
11.78125,29.1450728502673,4.13854662852423,1157.66334481548,87.6123071826027,2466.82401293175,120.78356435187,395.155870318224,0.0427037822192852,8.4754692636486,7.16839613536448,0.966062937094159,5.78394060542986,4.74623881615653,0.206859901842404,0.0100414868566418,0.005690949818966,13.0420806278357,42.1911298906674,15,3202.67267211794,108690.0,2,29.1476797307977,2.51105448629729,1160.87540107354,83.125180139749,2474.73311264306,121.107197792749,396.942124336162,0.0032551657984044,6.49651119784522,7.45277917064253,0.642625411367568,5.61148490943088,4.92113923956905,0.212013870749321,0.0102677994721659,0.0060055711584272,15.0155580983337,42.303465253408,15
11.79166666,29.192022731596,4.19967450151648,1146.64541356107,87.9727184716359,2442.0195253901,119.55591436078,391.125896268675,0.0399992163353653,8.55503881831373,7.31552143020964,0.982624567795132,5.81015493629202,4.7476754839837,0.207501999752743,0.0100651990205091,0.0057003549947946,12.9224015298736,41.7626751377107,15,3171.81160739248,105880.0,2,29.1662208235391,2.53920923623431,1154.42254531144,83.0874182358615,2460.1697227826,120.386642395452,394.525247979736,0.0031910554852864,6.72252348894266,7.58073822870579,0.661614814213946,5.61348298999448,4.90314036251733,0.214233451919653,0.0103458319020488,0.0060518727623096,14.765891943907,42.0521561586539,15
11.80208333,29.2168686077914,4.19463725944725,1146.24191578436,88.9517694224758,2441.08436785008,119.503106110833,390.947437586516,0.0383368127491721,8.52059525083149,7.19874862687033,0.978811225515556,5.86019705611735,4.75437266240695,0.207592782713486,0.0100693364019809,0.0057037007440518,12.9243963041037,41.7445453785298,15,3171.35485659959,103745.0,2,29.1936326022151,2.54828771583937,1148.16598522321,83.433076052246,2446.29674810116,119.694862385615,392.247132600261,0.0031615468128228,6.76430248758598,7.63915483076809,0.66293728666025,5.63154416649233,4.90391626155013,0.214820043286822,0.0103666314603509,0.0060641736858942,14.6903714812921,41.8108546437732,15
11.8125,29.2280286202818,4.36075391605748,1152.68475483464,90.1116085589556,2454.82040241487,120.172253127449,393.106345697317,0.0375014412911605,8.4978208007726,7.15164842487139,1.00140505090103,5.92917015812602,4.75567577062676,0.207536056143524,0.0100678887136548,0.0056886250541805,12.9528178039486,41.9785687951103,15,3189.65545007126,105790.0,2,29.2131972671145,2.58951719482813,1149.53229901753,84.2729719474289,2449.10190967771,119.824259645345,392.650750980369,0.0031283367655353,6.753996454234,7.56512486627642,0.669665807124725,5.67838729289974,4.90668440271111,0.214720043831745,0.010363159034871,0.0060575467007292,14.6833299088826,41.8563736731749,15
11.82291666,29.2747517553233,4.19824061521647,1158.04117249278,90.6879615559385,2467.67559695987,120.788899895284,395.118537893211,0.0326805134235559,8.37606851759537,7.25676869309863,0.982968286109349,5.94725243807296,4.77126701795788,0.209684962976449,0.0101497766588397,0.0057546919890252,13.1446740061851,42.1940984882721,15,3205.87970046402,89650.0,2,29.2411822800466,2.54035799831885,1153.49154244439,84.802416098448,2457.94109148374,120.24363378302,394.040601943262,0.0029930785046786,6.60515565367551,7.61658254324229,0.657928065183392,5.71092670459586,4.92244366859252,0.214146398986766,0.0103442561570193,0.0060514140870842,14.85334135536,42.0030861508577,15
11.83333333,29.2570233056171,4.27108185443748,1162.24888073188,90.5297874342753,2477.62670852954,121.28374576871,396.716270424043,0.0361612422658842,8.3841160161598,7.264546115623,0.987294743846315,5.93256884519648,4.76130379033566,0.20857467389342,0.01010764624078,0.0057215914091602,13.2094805134706,42.3669962178044,15,3218.0792918297,97675.0,2,29.2541319656191,2.54930048291766,1157.95349054308,84.9824743697366,2468.50720688239,120.758590850135,395.741148723759,0.0030637954295339,6.49124269542084,7.66085517078695,0.651912734479767,5.71496977524782,4.93049363587608,0.212732611567644,0.0102942077060464,0.0060186540065846,15.0191389871217,42.1830707440406,15
11.84375,29.2498009590453,4.64142010350023,1158.05136470569,90.7164576786255,2467.14980367461,120.76623379499,394.948322112733,0.0398424588224519,8.55814539679445,7.38309916414302,1.04885177998321,5.96539882207464,4.73967790202177,0.207396247994224,0.0100615791760461,0.0056602929749781,13.0764267206504,42.1863897011817,15,3205.36392875087,113180.0,2,29.2514862196914,2.65619642483207,1159.92423708892,85.4515364410308,2472.8565758076,120.972932417831,396.354498085769,0.0031315531683245,6.64914193486084,7.68735808709952,0.683829626687524,5.74072500959662,4.91047502932093,0.213472454528187,0.0103191128867161,0.0060224656549504,14.9234258964414,42.2580830635709,15
11.85416666,29.2994110711628,4.79502563383148,1150.51615494318,91.6579222265827,2450.36958251468,119.904661208969,392.087079738521,0.0356942847331949,8.53090598072044,7.70987802626477,1.08385553320931,6.0211793155928,4.7492749907817,0.208876878194102,0.0101178301976376,0.0056825757842338,13.0987710548748,41.8856612468981,15,3184.81579640912,105910.0,2,29.2721566116408,2.70025485664034,1155.09532194188,86.0318725582916,2461.76345207549,120.404300278333,394.412305463181,0.0030070139875715,6.74284890082254,7.88271988753255,0.706129996574046,5.78165771089,4.90285404633216,0.214810840663906,0.0103666537088561,0.006047992542336,14.8599816613123,42.0596566934455,15
11.86458333,29.3106124759662,4.90876605764186,1151.67949492693,92.8660473377351,2453.17810763843,120.008227625115,392.391825741536,0.0350068192645287,8.42548688485693,7.97432873294718,1.10054684755724,6.08560365254348,4.75817384144907,0.208524848666847,0.0101058900467553,0.0056660722869981,13.1744551690819,41.9220279476031,15,3189.03429841301,107180.0,2,29.2947272487668,2.73950470907679,1152.22590700572,86.8687598383055,2455.5825412451,120.064374531725,393.261498190063,0.0029812011311937,6.67092619781707,8.16380085927471,0.7144830070977,5.82834050451015,4.91134983111684,0.214271362937531,0.0103479602906793,0.0060321420881621,14.9242843278682,41.9411168169527,15
11.875,29.3339952246989,4.95617387948198,1154.67601130865,93.8663501037554,2460.23894969789,120.32276808381,393.376372128759,0.0328070511463934,8.32638695153692,8.22396240870092,1.10931315476929,6.13795361468864,4.76762194645613,0.208978450471611,0.0101242094514368,0.0056739366553709,13.2778923484077,42.0319962302231,15,3198.38433566482,102610.0,2,29.314900699418,2.75414809534154,1153.04079005578,87.7722191397307,2457.63909603859,120.128797086489,393.440308592053,0.002910910827618,6.55185644421564,8.42242984868812,0.716496706418879,5.87942594536396,4.92297744022401,0.213394451241641,0.0103176002089075,0.006011667089644,15.0336318651987,41.9637762042528,15
11.88541666,29.3650365596901,4.81416025587755,1159.0574682271,94.1506167875035,2471.57584964796,120.849582944351,395.070576277255,0.0294601607611833,8.16904662597798,8.44344731122465,1.08996388808156,6.13716262421623,4.78175825007182,0.210087749058523,0.0101675579478328,0.0057133475241596,13.4887734969529,42.215945488202,15,3212.19002952928,90490.0,2,29.3390831466451,2.699122258393,1155.56077809204,88.1460848625926,2463.99495472658,120.406863320803,394.356500498304,0.0028324356718048,6.33402244529112,8.68233873442496,0.698626442992043,5.89928495290495,4.94305484841469,0.211787747784755,0.0102618806250358,0.0059827611501734,15.2667106322695,42.0609405979335,15
11.89583333,29.3085187625732,5.38957732393715,1158.76204239827,94.3829661629605,2469.42332294257,120.74053983288,394.585919497089,0.0367021759396356,8.34714778813636,8.4693609143708,1.1647456026663,6.18251693404544,4.74833144783044,0.20684996065341,0.0100441810322923,0.0055895674469826,13.3220177816509,42.1777156841483,15,3210.05437988844,122395.0,2,29.3287371109967,2.88130702838112,1158.29527126675,88.8315770140103,2470.58219204712,120.713068552441,395.249806882654,0.0029743283789101,6.4015786835243,8.81406375168306,0.736113589293755,5.93311568183811,4.92854703882091,0.211128446923976,0.0102367658280119,0.0059472448317409,15.2279191168193,42.1678455136688,15
11.90625,29.3737816172861,5.47790228700266,1146.68445594648,95.5962138027796,2441.93105919235,119.341841326351,389.897773167461,0.0319168306598937,8.37326227515789,8.57240021538067,1.19337999179293,6.26619185010906,4.75525294583829,0.208558274162455,0.0101088563812372,0.0056222885870621,13.2783798764524,41.6889020442311,15,3176.35518410974,112950.0,2,29.3450448632305,2.93766713793067,1153.76945353,89.8092311730146,2459.58545968231,120.13705487065,393.201035528815,0.0028303351100634,6.55215281313957,8.91060544807246,0.767902368955852,6.00778523419863,4.91343264668944,0.213021928420083,0.0103040555389702,0.0059838143455334,15.088210672172,41.966519079396,15
11.91666666,29.3945061540803,5.38685013624502,1146.79274464212,97.1911677372497,2442.90275571946,119.343866984045,389.819471899596,0.0299347063493161,8.24323810979404,8.69970843562569,1.17536285658098,6.34288642324233,4.76737976906823,0.208547284061409,0.0101101870681311,0.0056309496681914,13.3648614631212,41.689215794555,15,3178.30441708277,108365.0,2,29.3736276893017,2.92640840254764,1148.20778399189,90.8327744549211,2447.43612431137,119.492429320143,391.00874847088,0.0027982560655314,6.4613691900119,9.03832118844132,0.760340462807596,6.0662848253306,4.92399414778361,0.212439896790418,0.0102840214500309,0.0059726495518706,15.1522884647593,41.7410751872448,15
11.92708333,29.4068466784257,5.26872470284479,1152.15210652536,98.3455673609586,2455.34794595717,119.922628732365,391.607983222477,0.0289724103635452,8.17170480443706,8.79108636360711,1.15268527254989,6.40089206360796,4.77060376515241,0.208519551589508,0.010110039181819,0.0056406810094303,13.4403026275998,41.8908277254499,15,3194.45029464284,105315.0,2,29.3925130017308,2.91002731599208,1149.39980098562,91.9115391942488,2450.53541689716,119.604138598761,391.297456920851,0.0027757878345532,6.33447257583149,9.15606206111944,0.747968665989696,6.12355480076412,4.93446383955024,0.211277682171155,0.0102432350969294,0.0059489009900601,15.2595028701438,41.7796783146182,15
11.9375,29.4548682808721,4.77014256672387,1158.99152486903,98.3698595952049,2472.79177532377,120.74963656848,394.246492005234,0.0246731042356663,8.01220412601658,8.8420254638919,1.07904920419096,6.37665915498794,4.786178342207,0.210402275254165,0.010182140053785,0.0057271691314484,13.686013408239,42.1790428105013,15,3215.49624837917,83415.0,2,29.4198055176533,2.76250989269688,1153.40703408907,92.0948772613876,2460.35586835736,120.05280800321,392.748949629492,0.002706384001353,6.08932619317926,9.2619353859142,0.704397011750027,6.13255502088673,4.95568875432855,0.209504476595518,0.0101816271887139,0.0059260041992747,15.5272095112702,41.9358651742369,15
11.94791666,29.3743011593801,5.19013552235531,1161.22495258587,97.8864285478648,2476.53277803685,120.952311160108,394.730611086964,0.0339671735230444,8.30221185599129,8.65808960721815,1.12082282048626,6.37824615617987,4.73521043604617,0.206668254000166,0.0100383756356815,0.0056023043798721,13.4444491096855,42.2491106321218,15,3220.18214403733,120610.0,2,29.4049797047445,2.90007275044156,1158.44255438983,92.350441939642,2472.43474017258,120.64455373106,394.545551865033,0.0029011633432828,6.19697293932564,9.19090694012866,0.722852056710162,6.13648198604036,4.93366165641739,0.209011134025214,0.0101618219707868,0.0058985187613369,15.4749500360341,42.1418885281989,15
11.95833333,29.4437017591123,5.11167540281379,1151.11874148487,98.488987273655,2453.26895034677,119.77455545724,390.739645453117,0.0302106634833295,8.44456072909091,8.60130996942787,1.12600571915789,6.42979743582715,4.73101392626371,0.209045186244837,0.0101264302991601,0.0056624310088058,13.3104884058435,41.8370065990519,15,3191.42091496103,109155.0,2,29.4155589138918,2.90640646177833,1156.83085609132,92.8057814121134,2467.86903430093,120.406264325714,393.554021891683,0.0027939182697376,6.4845522704947,9.07614874478001,0.744055362651332,6.18094767982321,4.90203662433779,0.212362625852985,0.0102808833489093,0.0059726302666573,15.2333481986589,42.0579366103135,15
11.96875,29.4475031596409,5.02530830184159,1148.55038722299,99.5753544721081,2447.72198204388,119.46700050177,389.631632494388,0.0309579008118728,8.43485281796213,8.47444900978678,1.10420542538054,6.48701060005783,4.72952539178646,0.208231108599303,0.0100961131299414,0.0056509230377403,13.2558874124179,41.7288958564543,15,3185.00643944369,112945.0,2,29.435993549733,2.90711717792133,1151.11151695793,93.3972888372243,2455.17847874768,119.751584591891,391.28812717957,0.0028357408177483,6.55365240487907,8.99303518317817,0.739233061733666,6.21499366703736,4.89519730069071,0.212969104589254,0.0103020940195985,0.0059858386010564,15.1468416501543,41.8285615667344,15
11.97916666,29.4759521013868,4.83224555603553,1152.16456035606,100.659521194007,2455.99943685066,119.839392098487,390.74522511536,0.0292039888073694,8.40390047599921,8.2945661794067,1.0720487283175,6.54280028404558,4.73388342636559,0.2088728163609,0.0101206108386208,0.0056823208477079,13.2658096747424,41.8582948295533,15,3195.9498228331,105370.0,2,29.4561647963242,2.87098128938123,1150.77815676917,94.2140701868861,2454.39148570582,119.67911839109,390.94939339854,0.0028000325372209,6.54150423013631,8.85438448467394,0.726233550662493,6.26236100368936,4.89591535642168,0.213129540764255,0.0103081228891621,0.0059935668517575,15.126376967532,41.802572552336,15
11.98958333,29.4990449679937,4.55605118666181,1157.3933511302,100.863869107076,2469.13677294138,120.458655482317,392.683438144982,0.0274193344377382,8.33439018003212,8.10765291827077,1.02479548139542,6.53414550221211,4.73845357456747,0.209749967521063,0.0101539856675311,0.0057267716970917,13.3790861964239,42.0739558986157,15,3211.95753202843,94475.0,2,29.478155144924,2.7903135485407,1153.52576934333,94.4957702547557,2461.12412062818,119.97940146991,391.88080142145,0.0027710518838658,6.41053083022127,8.7054278571946,0.697718290092927,6.27445479696481,4.90668700439104,0.212260976085862,0.010278176429523,0.0059834661725444,15.2560727004538,41.9068133549685,15
12.0,29.5127199046602,4.16566278585051,1163.43350788679,96.5295494118336,2485.62327550683,121.285497086983,395.312272067915,0.0269776753247483,8.30779232270886,7.90972446207867,0.962226854532891,6.29019144853009,4.73498277754873,0.210453634961837,0.0101799067935945,0.0057771460644302,13.5142067544191,42.3621695356284,15,3228.40970362199,84950.0,2,29.4956232026152,2.67468474105742,1157.9579591129,93.0804369732187,2472.49526114055,120.526778826335,393.655713573837,0.0027845175074394,6.23949417438413,8.55011672646623,0.661490333465926,6.19318505299706,4.91820505318271,0.210796493981457,0.0102269121286203,0.0059635199376833,15.4738124632545,42.0974005989399,15
12.01041666,29.5066085200457,3.91034861821463,1168.84908658919,91.3745860542138,2500.14054335909,122.044248721834,397.712906818154,0.029454836298098,8.43594779279007,7.69327328050965,0.919798746311198,6.01141809469766,4.71304290996222,0.210540473896691,0.0101807667394499,0.0058000882735165,13.5220264544313,42.6266445989719,15,3242.06101210609,84950.0,2,29.5029492890861,2.55032405134417,1163.01973722954,89.275419010937,2485.90760861318,121.214597125766,395.878672049039,0.0028793515949016,6.20107120246393,8.36269238018954,0.631226875345079,5.98680425263855,4.91456153759751,0.210190857610984,0.0102051655849675,0.0059627479553729,15.602516181816,42.3370642210711,15
12.02083333,29.5204946759387,3.7368934564655,1173.27896341734,88.5534498272164,2511.43549813865,122.624980505487,399.557917430058,0.0300600497079518,8.57329747440267,7.56915016695186,0.894241077457331,5.85445238967707,4.69429743186352,0.211975303286729,0.0102319432056667,0.0058476481369647,13.5204835333612,42.8290385387263,15,3253.7098858931,79820.0,2,29.5096665808914,2.4370939281563,1167.87404396389,85.7853062908423,2498.35498144284,121.866813657427,397.97943713633,0.0029274260956393,6.27362798320524,8.1865769205562,0.609098115853895,5.79795496943338,4.90055877761831,0.211067117710726,0.0102362583163723,0.0059944632076487,15.644741458905,42.5643434644237,15
12.03125,29.5238528926184,3.65371425101954,1175.05729113535,86.7158207406596,2516.63645271076,122.895766169864,400.43068427668,0.03196249401962,8.67355932794488,7.51984377762769,0.881301548688829,5.7451059425375,4.67773026611546,0.212715728649549,0.0102575415436927,0.0058710712570806,13.5232426164499,42.9232705198639,15,3258.49446416489,79030.0,2,29.5166068570969,2.35931742491516,1171.68409813227,83.1785666507982,2508.1005040468,122.380370838483,399.64773649952,0.0029914496649026,6.35913039415311,8.07422803603898,0.593982328575223,5.65368581821779,4.8857466763981,0.212010192158814,0.0102695594970226,0.0060239296724965,15.6718269716183,42.7432684161329,15
12.04166666,29.5310479347266,3.64793497757997,1173.78397595437,85.1717621900138,2515.05948748284,122.830405282365,400.237307493564,0.0333078190344275,8.74976967860961,7.56226788540675,0.883341187748208,5.64927945929555,4.66524661132833,0.213518305548461,0.0102859000302114,0.0058890632326338,13.5217057628698,42.9001844046884,15,3254.98734210588,78050.0,2,29.5228563988713,2.31221442234544,1173.23565763183,81.2625779053083,2512.68343981596,122.632702515953,400.478343896729,0.0030330834896576,6.45421033693194,8.02220104604034,0.587015396042541,5.54262496442203,4.87061823661524,0.213060961542676,0.0103066159249369,0.006052580457759,15.6740489240217,42.8310350869718,15
12.05208333,29.5407865393159,3.66405257079327,1172.13719970459,83.7542850864442,2512.69993404718,122.727126353928,399.951050488654,0.0338822263616746,8.77178737441205,7.74042829783589,0.890949728457506,5.55958311680086,4.65947453677375,0.214345341983655,0.0103157745469062,0.0059062203901963,13.5499944469424,42.8639188372783,15,3250.60013588856,76235.0,2,29.5304614415092,2.27691455327486,1173.00493369728,79.6563536644314,2513.31021207204,122.684944737653,400.682437518794,0.0030558780994689,6.51347052971634,8.070347697237,0.583277260704708,5.44663152931078,4.86013614683603,0.213831284713879,0.010333870324893,0.0060738339167767,15.6901435470906,42.8489944826782,15
12.0625,29.5484855769036,3.71400034287183,1171.03875929728,82.5142165151331,2511.50366039792,122.684797146859,399.885812315346,0.0341638334633142,8.752732592619,8.06163322468053,0.903985416344554,5.47971194712349,4.65794768374954,0.214980006938815,0.0103389825599804,0.0059161238718197,13.6046634431864,42.8489691795344,15,3247.85716113905,74945.0,2,29.5384576676152,2.2517227612671,1172.1692581694,78.2783067228551,2512.59406494384,122.669498750538,400.691886716709,0.0030702455484633,6.52731662948073,8.23773549819772,0.581318574445655,5.36233629014384,4.85501504836016,0.21414800415207,0.0103451847275872,0.0060838670164306,15.7316368331808,42.8433685673291,15
12.07291666,29.5568482184457,3.66684353389592,1170.37126916189,80.7249730555756,2511.28959570879,122.704825049157,400.037222875797,0.0344931500552233,8.72737794744604,8.33166846450629,0.902555747635831,5.37418241954965,4.65791016777499,0.215398880850409,0.0103541861001015,0.0059301326366519,13.6638386474891,42.8557824820683,15,3245.98775124996,73235.0,2,29.5464166355442,2.21839502672795,1171.34656420208,76.9214654936666,2511.89155371838,122.658408597701,400.73616582481,0.0030878207550925,6.50806119050171,8.49343729156448,0.577485513505346,5.28027170501242,4.85389113930406,0.214112590889309,0.0103441120641608,0.0060869263747538,15.7932530604579,42.8392902082296,15
12.08333333,29.5654024164303,3.51387772550699,1170.11430166813,78.4706740511382,2511.82777485804,122.7850895868,400.392395127064,0.0350121277427965,8.74248859883222,8.39076732467707,0.879179267091994,5.24649612627382,4.65469204826475,0.215769691360469,0.0103671093721474,0.0059527974070854,13.6910255979148,42.8835698265104,15,3244.85535383826,71060.0,2,29.5545127504478,2.16364513739838,1170.73735155904,75.2254893784585,2511.58308038507,122.681465113896,400.909329654865,0.0031224629137946,6.48818080398376,8.69449715906259,0.566423586282571,5.18278296108802,4.85358496465966,0.214009753211273,0.0103405824776371,0.0060907978612885,15.8513568350942,42.8471229661223,15
12.09375,29.5679136700612,3.39523328123551,1169.71829607862,76.3030492468311,2511.69941242303,122.852531035524,400.698778314415,0.0363625457046747,8.82580567207913,8.33302608153744,0.856802493549239,5.12455055008554,4.64374842482895,0.215973719082488,0.010373163872024,0.0059676910636404,13.6593348614457,42.9068055899537,15,3243.13415451628,71330.0,2,29.5608359762296,2.11097314292601,1170.31281957716,73.3799273341602,2511.48224223022,122.734670303629,401.182202580838,0.0031813171703159,6.52093118409635,8.77492597157759,0.554487428351582,5.07798221297757,4.84827126861915,0.214278462311915,0.0103498647932885,0.0061025459044221,15.8606207014604,42.8654411859392,15
12.10416666,29.5745460723089,3.2315205553293,1168.97086713069,74.3171844998721,2510.5281879181,122.88267535259,400.871227302347,0.0374104025135132,8.95894660542118,8.15712918476676,0.828051054464541,5.01312014694996,4.62853075980211,0.216419203773753,0.0103876163496028,0.0059924149696208,13.5922942419059,42.9169323647198,15,3240.36530592624,70630.0,2,29.566474885845,2.05449595721999,1169.79135133518,71.5535298323352,2510.92457946529,122.782832835628,401.429504097196,0.0032376139159393,6.61637018871152,8.75063697006679,0.542911743882809,4.97444075905998,4.83685741211608,0.21516645834253,0.0103808171615143,0.0061286376625348,15.8163148617719,42.8819411250231,15
12.11458333,29.5885783937103,3.09552471352874,1168.96518655445,72.50734535982,2510.96751224941,122.99799873429,401.328472064173,0.0364900174818811,9.06970374904108,7.99360668920848,0.800392505189503,4.91073485794193,4.61579854736673,0.217633780693238,0.0104308842852194,0.0060335481185126,13.5642322184189,42.9567153609576,15,3239.79242274232,66320.0,2,29.5747676818546,1.99374886083771,1169.32822945899,69.7726218001114,2510.25980435292,122.838048085937,401.709959826777,0.0032554323137966,6.71046005207635,8.64077644784165,0.52770162347964,4.87526909757438,4.82545418304099,0.216249915264104,0.0104188385018172,0.0061599928120167,15.7840486756965,42.9008307635838,15
12.125,29.5961763511016,2.83691183979175,1169.68083034837,70.7384510516767,2512.88943944193,123.195995591533,402.070975871876,0.0374851346080296,9.17444406549368,7.78023020599968,0.751826561847614,4.81063524000247,4.60205110413511,0.21846194442761,0.0104591564548913,0.0060776361946758,13.5539379639278,43.0252580028342,15,3241.20071273116,63180.0,2,29.5836500237578,1.92544165967796,1169.32957065495,68.0595327064345,2510.48360394451,122.944793444754,402.178509277282,0.0033090305046644,6.77092239421047,8.51451584428886,0.509574089909889,4.78127817721127,4.81645912187273,0.216989646921372,0.0104447667082686,0.0061845849420321,15.7953172169099,42.937636994437,15
12.13541666,29.6009519059067,2.73538716564387,1170.28206506037,68.9041707767358,2514.35659537162,123.38298105418,402.790087256521,0.0381014022415641,9.30984273629846,7.41862780697976,0.724039017455652,4.70785556824657,4.58434407011722,0.21942995799884,0.0104929727586298,0.0061097735227753,13.5237317568624,43.0898961559256,15,3242.10434675652,60945.0,2,29.5908463141297,1.87160739688796,1169.66743650262,66.389513768548,2511.25993210445,123.090899031012,402.785916855114,0.003353718783584,6.84857084127777,8.3023557178827,0.492805402433492,4.68992028903865,4.80487279086206,0.217801472530894,0.0104730652534602,0.0062090674084044,15.8005504141447,42.9881008064098,15
12.14583333,29.6051027746672,2.58950592107967,1170.43417090215,66.9972924333223,2514.7973048896,123.520472516556,403.364168980201,0.0394919853948663,9.4381251149904,6.97746731058629,0.697975267915587,4.60212960969321,4.56751245084958,0.220107966934708,0.0105161206670317,0.0061396462352348,13.5021519506691,43.1372962586013,15,3241.68802948532,59180.0,2,29.596575102605,1.81991485899623,1170.00878478258,64.7249634418593,2511.96283200893,123.239563391992,403.410300106168,0.0034100278936307,6.93615677192248,8.00521289798517,0.480977969918561,4.59894592741941,4.79176033368545,0.218673193623681,0.010503360895446,0.0062346568374121,15.8041143022787,43.0394263825913,15
12.15625,29.6098984204006,2.44456105089166,1170.23562243401,65.0861145859527,2514.23709795186,123.617205036692,403.825186988469,0.0410227941239019,9.58713456044178,6.4874985300869,0.667876977434103,4.49659769783797,4.54986369325323,0.220668558346849,0.010535051983562,0.0061670764400892,13.4568218315286,43.1705025651578,15,3240.12879717161,57405.0,2,29.6016371039858,1.76725130657682,1170.16218688333,63.0522844891672,2512.11913947236,123.368341321784,403.98154568228,0.0034731847048818,7.04100866303404,7.6334801587605,0.468223276332768,4.50767297166829,4.7773192598273,0.219636721919343,0.0105367089201813,0.0062624013344686,15.7943495767707,43.0838077890216,15
12.16666666,29.607002757401,2.36666421120921,1169.17567392844,63.2162682922214,2511.56880172282,123.616210285438,403.976925951458,0.0445908371421311,9.76932710721494,6.02076762712354,0.651141152125944,4.39322732762576,4.52867761880914,0.220428473045309,0.0105247845192891,0.0061679597070224,13.3627652020555,43.1696771197971,15,3236.04266797513,59255.0,2,29.6044965330642,1.72529782165125,1169.96790313343,61.4190665162384,2511.38364171233,123.461621104748,404.43594743493,0.0035799172898229,7.20083845990135,7.20238733547807,0.459536583692789,4.41674061255036,4.75803241509091,0.220833660645547,0.0105777319498234,0.0062937731966813,15.7302608203059,43.1158213591235,15
12.17708333,29.6153351369668,2.28090950315675,1167.44207627636,61.452199979051,2507.34055030388,123.53717832025,403.891653859299,0.0456949947361862,9.93782793116171,5.63277036315856,0.636207598177536,4.29543235449104,4.51212932985435,0.220759394587865,0.010535959096208,0.0061843435913489,13.2698912757443,43.1417117345787,15,3230.10402785507,57700.0,2,29.6077775739282,1.68311278812263,1169.19062866376,59.8260990756998,2509.24310658984,123.490152676687,404.684162553856,0.0036398795980195,7.39080464663523,6.77124596728487,0.452490018451277,4.32721234663188,4.73705262761557,0.222368450279816,0.0106304344128025,0.0063329199665892,15.6305678599066,43.1252933082952,15
12.1875,29.6167914910767,2.20216930787041,1165.7830180896,59.9059690065458,2503.12453821619,123.458485359648,403.830952350835,0.0488189528483114,10.0827506659697,5.25788543779023,0.621085186343258,4.20900682883446,4.4979524287561,0.220348194527081,0.0105203684043252,0.0061821760670762,13.1735107522089,43.1139761086951,15,3224.41270434863,58645.0,2,29.6115040169919,1.64448608373366,1167.95006760608,58.3188270085623,2505.97715884079,123.464762066696,404.771759921571,0.0037433560510156,7.57912815808768,6.36638798944056,0.445774438954923,4.24183946253362,4.71752092439822,0.22375301868988,0.0106776889742142,0.0063681664526046,15.5197160549363,43.1160223605679,15
12.19791666,29.6142642810666,2.19652988197451,1163.78146261893,58.5573460272143,2497.97776615979,123.333356175669,403.625662037704,0.053329833146965,10.240347876289,4.94765226099418,0.620932309409909,4.13311216403759,4.48349016968481,0.219068734872663,0.0104735682469148,0.0061514978870794,13.0349742336229,43.0701851803313,15,3217.75933364973,62250.0,2,29.6131288315366,1.61859491279423,1166.47374819942,56.9855823764103,2502.09931172669,123.411882003571,404.765763072758,0.0038823147387631,7.81352061104038,5.96200287746206,0.443482827563386,4.1633151672921,4.69490811799427,0.225146075639682,0.0107247065379803,0.0064016027469603,15.3462266244553,43.0972650847532,15
12.20833333,29.6281059622723,2.16772320573965,1161.01981104612,57.386630149312,2491.24674279085,123.120187185181,403.158766399715,0.052839893165142,10.3300375983622,4.79165761029119,0.619293642274447,4.06619045045637,4.47985410418494,0.219351666816899,0.0104839623366572,0.0061615452895941,12.9448690472631,42.9957393642031,15,3209.19590770154,59970.0,2,29.6174445747338,1.59115056959053,1164.48943363661,55.7784086052548,2497.03014525543,123.295843101085,404.572126202008,0.003909071864613,8.01802145857056,5.64162056593067,0.441307386517857,4.0921385605825,4.6771394878995,0.22663245575989,0.0107752677302921,0.006437862485373,15.1801586048543,43.0565796799984,15
12.21875,29.6267379274492,2.15742655383616,1159.47327256621,56.4271716339083,2487.05641786012,123.029166255907,403.115629856906,0.056607293517082,10.3758860937544,4.70189154850963,0.619099008834604,4.01150052752397,4.47895411242002,0.218528658209971,0.0104538511650644,0.0061424011085138,12.8656729191889,42.964005429526,15,3204.04924770193,62760.0,2,29.6219869889441,1.57064806937516,1162.35470943921,54.7318865373494,2491.59802628131,123.156169163038,404.325674454512,0.0040286071972827,8.17362230349096,5.41717025832881,0.439664597920645,4.02977190163047,4.66546612089332,0.227578432497933,0.0108071272680634,0.0064610323528152,15.0377098267054,43.0077343896703,15
12.22916666,29.6321373471078,2.15550691062378,1158.36263906035,55.6728836582279,2483.67947531886,122.97579119545,403.208556645497,0.0585192812983283,10.4125071778295,4.63402679499637,0.621663756456499,3.96835451647604,4.48169910093104,0.217916353215544,0.0104316779550667,0.0061278537268176,12.7803574955817,42.9454810998085,15,3200.13362023365,63775.0,2,29.6257356778709,1.55481264445338,1160.73376923705,53.877258748802,2487.21310806776,123.064619508807,404.248521417942,0.0041012666049917,8.3168261609384,5.25470025170147,0.439631630257774,3.97761746834908,4.6565156436994,0.228360997386769,0.010833337744165,0.0064799538725203,14.8834200577006,42.9757798983906,15
12.23958333,29.6394122055441,2.13797980761196,1156.3935503967,55.0281822441362,2478.42798116699,122.826017412043,403.004434482654,0.0596064973429683,10.4140747088533,4.58288529216477,0.62039586958626,3.93023570595025,4.48913915646416,0.217598693535018,0.0104203457387925,0.0061222568101955,12.7189055120385,42.8933282740422,15,3193.93012048243,63745.0,2,29.6308703953684,1.53963286356076,1159.03209105784,53.1650969704868,2482.58183865884,122.955742315887,404.13803329423,0.0041489639979576,8.41427638655288,5.14188319838205,0.438593608419267,3.93400575854571,4.6534200561129,0.228958577187846,0.0108534433600991,0.0064949270785076,14.7549473431308,42.9378366870867,15
12.25,29.6528984296065,2.09889533960918,1156.81807734196,54.5567276363976,2478.34502053735,122.930315161329,403.658500295653,0.0573699758352303,10.3666570489001,4.55054408762907,0.612164099356987,3.90283005912984,4.50247058995565,0.218337209972343,0.010447767830357,0.0061449884636077,12.7117742979642,42.9299057196037,15,3194.42891001922,60150.0,2,29.6386698569293,1.52087704028069,1157.76672557335,52.552808053878,2478.80957266609,122.88467858658,404.18698567969,0.004113996375414,8.43383038335113,5.07132147746086,0.434074503058583,3.89838399019103,4.6586188353592,0.229350619640771,0.0108670242197782,0.0065063265899531,14.6935239153835,42.9131276248888,15
12.26041666,29.6539727453357,2.08162152458195,1157.97844227168,54.1844503313688,2479.78938103889,123.11052144941,404.578647070049,0.0583810957525833,10.3040720486528,4.51717619183759,0.60677051924007,3.88093206277376,4.51480211382887,0.218223096061603,0.010444116784303,0.0061445619502481,12.7204048064652,42.9930024958115,15,3196.97583349291,60230.0,2,29.6455204878674,1.50731118093434,1157.65960351001,52.0681400876749,2477.48666784832,122.93262463015,404.653766826365,0.0041489685930421,8.4013870209371,5.02282707980723,0.429832383448433,3.87115048153139,4.66862741470269,0.229252367173082,0.0108638624573374,0.0065060428567193,14.679685941317,42.9299945227864,15
12.27083333,29.660726552862,2.05380585396693,1158.33309720978,53.7818855780539,2479.45707232481,123.202996241662,405.219065726818,0.0575769682323685,10.2498530672017,4.48698512001803,0.600839788523908,3.85704892828858,4.52736240080558,0.218425184841797,0.0104520378031807,0.0061531214620858,12.7339651786783,43.0254686394268,15,3197.26468929041,58340.0,2,29.6511731325293,1.4944828444681,1157.91871093471,51.6662207650011,2476.90836302148,123.016432596679,405.253944125606,0.0041373637255244,8.35188550728658,4.98330953943018,0.426182680052184,3.8487088003612,4.68016350335139,0.229024058424129,0.0108563103367597,0.006502810921309,14.6835507048742,42.959402139613,15
12.28125,29.6606231898714,2.04050525877933,1157.9219998739,53.3139700664228,2477.41016108517,123.212891157701,405.591598614138,0.0591838975579272,10.2124417015075,4.44669203756655,0.597331287471367,3.82944211775323,4.5370255463088,0.217995248442492,0.0104368228730476,0.0061445385519942,12.734526161469,43.0291047692037,15,3195.3597941749,59050.0,2,29.6554289276436,1.48477520739703,1158.03363545781,51.2821912911367,2475.98719571014,123.083571954448,405.808533408817,0.0041810515647426,8.3037683042482,4.94666531414056,0.423396953763676,3.82691895142883,4.69142757754023,0.228662179667807,0.0108440475848919,0.0064960070631278,14.6896976210463,42.9830008510125,15
12.29166666,29.6653875046453,2.0262757682884,1156.89493241635,52.8956646199993,2473.97688014615,123.15487044766,405.740135682759,0.0594493767316073,10.1929068073368,4.39937895806076,0.594759794074809,3.80391862371987,4.54585778666906,0.217785611772798,0.0104296515870648,0.0061415136525345,12.7255017078524,43.0090358416236,15,3191.75363936591,58460.0,2,29.6590083335416,1.47566081189542,1157.74107518638,50.9097816465061,2474.14885717415,123.10612435554,406.218593139495,0.0041952085369552,8.27306517799461,4.90463756310498,0.421405414681305,3.805050499903,4.70110603022226,0.22839784165541,0.0108350566434063,0.0064912634287002,14.6830352563144,42.9910457327952,15
12.30208333,29.6677670444156,2.02595370634012,1155.64343496991,52.5725939920449,2470.01825165819,123.070829127696,405.803184164738,0.0605067370294298,10.1782680252155,4.35821521392595,0.594542569968545,3.78317936149876,4.55355778489252,0.217434551648072,0.0104172458971548,0.0061333974878998,12.7125498935773,42.9798851295355,15,3187.56613428159,58890.0,2,29.6624828301383,1.46923046422713,1157.03662800896,50.5755984468574,2471.38659951026,123.083214618469,406.480637356017,0.0042288449493393,8.25385599687561,4.86095188616213,0.420074403048617,3.78461241771602,4.70968931938108,0.228191923477004,0.0108280053266499,0.0064874256083873,14.6693838069318,42.9832261746455,15
12.3125,29.6696893482495,2.0334342634415,1154.10807350364,52.2707791793624,2465.41614172585,122.955125941036,405.757683657832,0.0621173655224394,10.1754644223674,4.32938798095111,0.597151751441022,3.76382032122669,4.55995569082392,0.216894041339642,0.0103978112313482,0.0061196766910308,12.6871499473958,42.9396818227124,15,3182.58561437283,59970.0,2,29.6653534892436,1.46612640225822,1156.02234557602,50.2968722876881,2467.93967832747,123.026410021874,406.626572144498,0.0042747109318537,8.25553819142588,4.8182536666858,0.42032715232366,3.76617621745299,4.71627258179083,0.228050365468112,0.0108230215127541,0.006484463936245,14.6371892627568,42.9635847680774,15
12.32291666,29.6719407583099,2.04681595369772,1151.91040790633,51.9668573946803,2459.36572777886,122.767820907612,405.46962309,0.0640677605733574,10.1844336723077,4.32287033972101,0.601643043740028,3.74434416815235,4.56530364200733,0.216281983190296,0.0103755527784793,0.0061033430606045,12.6476839135717,42.8744619928071,15,3175.76617430272,61470.0,2,29.6679146037303,1.46518178333451,1154.57619407586,50.0425544132626,2463.55673536081,122.923178061263,406.611803635339,0.0043296655318774,8.28037668772151,4.78346279164388,0.421769728208167,3.74819979431369,4.72076084921459,0.228019519168489,0.010821712526244,0.0064835935760394,14.5824271126788,42.9277391935472,15
12.33333333,29.6786398509072,2.05097561335754,1149.7282775863,51.7200479807787,2453.36113062539,122.582170588783,405.184767929996,0.064376086202876,10.1864701473788,4.34795505852581,0.604232574182433,3.72811378728685,4.57194823664262,0.216242332294898,0.0103739929811297,0.0061017431952956,12.6158245964107,42.8097811555379,15,3169.03963190009,61400.0,2,29.6716204005381,1.46311691851342,1152.73001900037,49.802382151595,2458.29988643621,122.776009516551,406.448911227015,0.0043453064361479,8.30864664158711,4.76925580050843,0.422754957488546,3.73108741247985,4.72507387524585,0.228152446979878,0.0108261267599818,0.0064866918673097,14.5245423882661,42.8765385100782,15
12.34375,29.685266299045,2.05559303925354,1148.43149937419,51.5206661666841,2449.29631154814,122.492498039952,405.220262196594,0.0640055864693603,10.1679490096062,4.39356625487893,0.605709913086429,3.71530864328608,4.580090267322,0.216573178808469,0.0103859199703957,0.0061090344421486,12.6052042769775,42.7785711649014,15,3164.80485636785,60810.0,2,29.6767104926007,1.46033208284668,1150.93178792188,49.5804751883297,2453.1376408745,122.63277130431,406.302824147243,0.0043435573583602,8.3171255583112,4.78128849011446,0.422670032675831,3.7160005853508,4.73111474048273,0.228301056867914,0.0108312598636569,0.0064904373696453,14.4872262953568,42.826675307702,15
12.35416666,29.684239704071,2.08109160467246,1147.86267124915,51.4346795370346,2446.74061282907,122.478351050885,405.500928092338,0.0665392064468228,10.1582572620944,4.44580073295451,0.611974370497208,3.70911996018652,4.58587255204973,0.216104982724071,0.0103686187617037,0.0060944625444625,12.581943389121,42.7737322089943,15,3162.5932312256,63200.0,2,29.6803915669912,1.46252413776587,1149.58492989559,49.4204887135696,2448.96150037975,122.538515359658,406.314241298242,0.0044096153459326,8.33007774665236,4.80836528510229,0.424543927727983,3.70406609581022,4.73632223950938,0.228281319633256,0.0108304212981039,0.0064895089556908,14.4445934084926,42.7938934441238,15
12.36458333,29.6874240432995,2.12589437749379,1146.21021410542,51.4167265900614,2441.84880371952,122.34524316144,405.378097176705,0.0678105701585951,10.1616997373287,4.51225313446967,0.623406716208287,3.70587490328863,4.59124263164052,0.215824898497519,0.0103581009809357,0.0060824156442884,12.5477888959532,42.7273480504033,15,3157.44482460266,64810.0,2,29.6830931899158,1.46903308243672,1148.37282244177,49.3538368266092,2445.07888730337,122.458060619752,406.360435333473,0.0044431338318634,8.36318139030559,4.84798128958429,0.428573986724549,3.69641878549331,4.73956929642164,0.228351667475688,0.0108325741976212,0.0064899634775212,14.3809535103088,42.7659236918456,15
12.375,29.6747894482291,2.30516096693335,1141.73276642979,51.3535949940958,2430.85078336036,121.902540826376,404.199989961036,0.0752990298105853,10.200610583055,4.69848665982028,0.663408577116849,3.70020021253465,4.59069745851973,0.213960262590547,0.0102889065984504,0.0060168220352489,12.4591587329621,42.5728866779705,15,3144.45942168722,74515.0,2,29.681041585233,1.49971548067201,1146.04989181022,49.3763533567654,2438.88755983457,122.259845491313,405.983592410617,0.0046547130870298,8.4624375058013,4.91787689161138,0.442456846482163,3.68995352553365,4.73644161609778,0.228319756642428,0.0108305119501664,0.0064841919383245,14.244852324821,42.6968510093234,15
12.38541666,29.6916896708253,2.57840056219249,1135.88467114228,51.5914538278164,2417.25290081845,121.308073304793,402.498576940711,0.0696464492239457,10.1680474149695,5.22592513884883,0.727240772013723,3.7101400593595,4.601996449359,0.215938236557126,0.0103596228750362,0.0060342662303974,12.4474196730177,42.3653327385655,15,3128.17575657946,74515.0,2,29.6831892925193,1.53975245804673,1141.96680364459,49.4563441198161,2429.03245873568,121.867038074507,404.937703996088,0.004510389373236,8.55422704686511,5.15147852775931,0.463182992730169,3.68678342900408,4.73529360597574,0.2290788500335,0.0108563160787127,0.0064959408589771,14.11102828973,42.5598179816658,15
12.39583333,29.6757966325187,3.08497206057197,1129.56321168658,52.6651482713786,2402.57735440097,120.637237345666,400.508601625575,0.0735162835935517,10.0789110913952,6.04425618695983,0.833303420196811,3.76682259417068,4.61229685802015,0.215613259313034,0.0103462162459391,0.0059731687356733,12.4598935704969,42.1310526125511,15,3111.06195445703,88040.0,2,29.6818758315195,1.6364636353049,1136.32762240801,49.931034614023,2416.12841939702,121.299597686963,403.278210859442,0.0046167007301509,8.60429273074716,5.67705433499031,0.502916378953087,3.70282110470763,4.73780079379892,0.229285642111812,0.0108629752258147,0.0064877455770808,14.0050903381313,42.3617370395775,15
12.40625,29.6797075387656,3.63532652150856,1124.98274419793,54.6323095645783,2391.17697581845,120.118843814362,398.958843539504,0.0723294386634746,9.99198598414221,6.96866305926679,0.949479942794733,3.88051660294474,4.62663580625066,0.215241292846546,0.0103322599919872,0.0059108068782918,12.4776174230244,41.9500749406826,15,3098.86484390663,98740.0,2,29.6793111338257,1.78080459616854,1130.3519865425,51.22384014418,2402.50148546901,120.669288571396,401.345532942228,0.0045348155682169,8.63530652887542,6.48829263761587,0.561665444842383,3.76502386581451,4.74276233677215,0.229254020719143,0.0108615119206232,0.0064684752264293,13.9027041504373,42.141700673538,15
12.41666666,29.7076094495804,4.21240237773588,1123.94651113852,57.1031447738759,2387.88219290501,119.998969840983,398.684581059215,0.0605863837418254,9.80345192000587,8.01445274881512,1.0593767411966,4.02023355201533,4.65288363029893,0.217019974879032,0.0103997821280394,0.005901507007595,12.6452080647894,41.9082380370671,15,3097.142728316,96850.0,2,29.6911583628993,1.91718377429726,1126.30246713201,53.0536963341326,2392.93229439193,120.226164154226,400.008084537646,0.0041130681619187,8.53057114191586,7.45075983796541,0.610893737522634,3.86490803886498,4.76213308104401,0.229237403840233,0.0108618869769019,0.006452318770452,13.952101602978,41.9870240277659,15
12.42708333,29.7052134264101,4.86085001360316,1127.88097861179,59.9925390809111,2395.38690213556,120.425422858861,400.149311739973,0.0550358967591302,9.60282679281151,9.03428627005308,1.17107437798876,4.18656513735251,4.67122579568372,0.216875380809336,0.010397175146397,0.0058436052301992,12.8743605738275,42.0570852367786,15,3109.41917974791,102980.0,2,29.7005851453253,2.09191516760425,1126.07117743384,55.3575953899868,2391.86376201273,120.200997525805,400.016530529505,0.003864354113653,8.31062803230165,8.51440300955863,0.663387107168858,3.99365457349971,4.78875445497102,0.228053058955288,0.0108223356557444,0.0064058695019294,14.1539488383925,41.9782540220585,15
12.4375,29.7094858472874,5.53738888459465,1128.07628023073,63.1659472964106,2394.62214984552,120.441381737837,400.145000996267,0.0489392274950532,9.48536254451854,9.91551912145434,1.27972715667742,4.37070422265364,4.67978672092452,0.216720525382383,0.0103941374535158,0.0057860551654611,13.090403781582,42.0623403326824,15,3111.38482532958,107960.0,2,29.7053021393432,2.29340873205755,1127.81004125118,58.1466095842742,2394.99264685653,120.387182287688,400.636159758077,0.0035895518508291,8.10190255019865,9.54032158072607,0.720807471344878,4.15307758400808,4.80991892812678,0.226631507364264,0.01077435117007,0.0063514020181362,14.401505712193,42.0431659510873,15
12.44791666,29.712198335386,6.16649161329115,1124.32116886803,66.6403010272148,2385.0781839441,120.018411082245,398.582480928074,0.0441937698037515,9.44296712785736,10.6028860526094,1.37149142134911,4.57351852107854,4.67836517451568,0.216417452665184,0.0103849501677878,0.0057312010358135,13.2637645160661,41.9139606040086,15,3102.41587984025,114455.0,2,29.7090685686465,2.51783526512451,1126.34355645095,61.2660813056466,2391.09523602824,120.22182427655,399.983254659617,0.003366720164546,7.949349184113,10.4384096071888,0.77859108136976,4.33175725155147,4.82189457894876,0.225419555145993,0.010733145617074,0.0062993647245848,14.6478857640388,41.985047092863,15
12.45833333,29.7268493430026,6.41722893947339,1123.51521102167,70.4708006521649,2381.87697592663,119.914041180641,398.01673965802,0.0393814581425277,9.42565174035399,11.0484844723971,1.40536166127046,4.79656867575384,4.67567308663408,0.216729931743512,0.0103978296665549,0.0057203035808742,13.4094077602156,41.876412829894,15,3101.75263595177,115340.0,2,29.7179183881448,2.66946079935171,1124.48781125854,64.6628634430224,2386.09808757164,120.005211524705,399.079456565819,0.0031789871880191,7.84396023224168,11.1154690766355,0.814932248288671,4.52905053120471,4.82768757886294,0.22469773012424,0.0107087293577865,0.0062669747980112,14.8731478167282,41.9086626567985,15
12.46875,29.736660266515,6.2965686683061,1124.84257005708,74.2664661260847,2383.42011400392,120.051462960856,398.228301616134,0.0367968408282187,9.44653027384047,11.1145968043819,1.37922621602818,5.01449398515608,4.6685247747506,0.21695623343149,0.0104066908204284,0.0057351107355795,13.4841961914435,41.9228008802918,15,3107.04878673328,115385.0,2,29.7285342141527,2.73312529562873,1124.23426663171,68.1298193628696,2384.45912992652,119.96627335874,398.72793949725,0.0030902634623746,7.78191139837221,11.4882925717352,0.821179778129131,4.72986014321707,4.82835007833081,0.224252459154106,0.0106936085724533,0.0062504733417765,15.0455440783271,41.8938699527132,15
12.47916666,29.7452574834221,5.95612909974268,1126.82131545798,77.8390397232612,2386.39241066568,120.262511602735,398.672959205424,0.0356428613305805,9.52140047592902,10.7739813082278,1.31687991763302,5.2179557799594,4.65653481593474,0.217260915433884,0.0104176340725085,0.0057682380226522,13.4729467739354,41.9944408814365,15,3113.98700815238,114525.0,2,29.7379495285652,2.73540191236023,1125.52829206726,71.4818036738602,2386.04866312188,120.099880041182,398.930655382052,0.0030609102767121,7.78683387631441,11.4627905018444,0.806806933908134,4.9232514005673,4.82186013913308,0.224269971203618,0.010694197753269,0.0062507140222013,15.1253280443622,41.9388574371781,15
12.48958333,29.7696202708151,5.43740161349337,1129.79562933903,81.1809104096495,2392.49362091304,120.620983814823,399.626777792801,0.0328469086259485,9.55595208078532,10.4483828112368,1.22932644361599,5.39201859924331,4.65057475139971,0.218546956415797,0.010464482450556,0.0058390561205263,13.504835284886,42.1172817192932,15,3124.37640299148,103810.0,2,29.7535903321922,2.65085473720302,1127.4714388181,74.4050173550565,2389.30356958279,120.31700820986,399.440064781333,0.0030115933513837,7.77557780261349,11.2004173932489,0.768459996426455,5.08882883804803,4.81780538996614,0.224558391600779,0.010704537392718,0.006267009799768,15.2018235823115,42.0126707916487,15
12.5,29.7698645740029,5.08046241427425,1134.32167854007,83.8960154976492,2402.31880448687,121.175838545631,401.229228056792,0.0323239550766982,9.62241783303262,10.1316923539947,1.15732922316275,5.5282456878067,4.63481461429095,0.218954148288834,0.010478526479632,0.0058777550921489,13.528021117385,42.3086095022952,15,3138.93763097198,100025.0,2,29.7638496131036,2.60187068735462,1130.69473122161,76.9160239740724,2395.92537519169,120.705426583452,400.539146238454,0.0030093960435267,7.75033091909172,10.918751169677,0.732146447775281,5.22299174390091,4.81231894271891,0.224483647931618,0.01070213798931,0.0062711691398184,15.2965604714639,42.1461032420032,15
12.51041666,29.7673968322336,4.82246542494683,1136.0297897593,85.4912619278701,2405.8586741669,121.423263060867,401.796654196205,0.0330914160640548,9.77879842155826,9.66617844120243,1.10436847997246,5.61183911294531,4.60906817205026,0.218995352066922,0.0104783676548557,0.005899495120764,13.483247562884,42.3926608461888,15,3144.744227968,100025.0,2,29.7663294276523,2.58780305179265,1133.886448356,78.9344706416732,2402.62445898126,121.105190779563,401.647630851561,0.0030236001325481,7.80645087959396,10.5436690137608,0.711346767014875,5.32974825283153,4.79577896744991,0.224777346446487,0.0107119893398426,0.0062790274546162,15.3313624172718,42.2833916315315,15
12.52083333,29.7766788435423,4.56898407478887,1135.89782613082,86.2893306195818,2405.64942586158,121.479379194218,401.745948677863,0.0330601712669668,9.94621688804201,9.13821785193193,1.05627882456478,5.65223181664978,4.58495439749641,0.219403263324807,0.0104915549652911,0.0059297624812316,13.4273707403764,42.4101443899652,15,3145.10404115552,96895.0,2,29.7705948871108,2.55740323687876,1135.2191923783,80.1409882725672,2405.37423825976,121.309755637729,402.101399862617,0.0030274212656025,7.91871833710099,10.0723882684321,0.692875594782199,5.39458752992287,4.77406126174853,0.225593209575934,0.0107397607698675,0.006300169030491,15.3225762904394,42.3525960858088,15
12.53125,29.778551921842,4.36474366190837,1135.66661988573,86.6875286662173,2405.33111348231,121.527742176351,401.688804871847,0.0340469520147452,10.1124787131361,8.63193397569989,1.01532512762821,5.67132794146319,4.56028065998948,0.219267389686399,0.0104848816842365,0.0059434575635473,13.3571261406348,42.4252157701811,15,3144.99526863948,96695.0,2,29.7749699269206,2.53154738406108,1135.57534421091,80.7933908830913,2406.18543878003,121.416741433743,402.240768850727,0.0030610692003529,8.05290271035953,9.56371299787021,0.677339683769222,5.42846913579942,4.7508181256131,0.22643875192221,0.0107683310526747,0.0063212619748609,15.289683269682,42.3879291202417,15
12.54166666,29.798766544849,4.14291149084968,1136.76604698796,86.9396280901852,2408.49457705594,121.73959974733,402.215501652227,0.0323933578261914,10.202462423831,8.20987176671225,0.975128213502632,5.675269027575,4.5463008267976,0.220380642895748,0.0105244320490555,0.0059887670426341,13.3690156261054,42.4976968364727,15,3148.98978777759,88005.0,2,29.7849603638784,2.47772871425096,1135.90855056515,80.9798232275527,2407.15576001982,121.524882506453,402.426943191842,0.003033641646634,8.13141864790691,9.10303954182188,0.656899327481639,5.43755934779406,4.73452106663612,0.227300907937158,0.0107979850583897,0.0063465339587087,15.3064866453481,42.4239639314336,15
12.55208333,29.7709925294038,4.22071486405002,1136.00264097456,86.7063439833929,2406.96645996669,121.719888199253,401.961102455535,0.0370906799163466,10.3785633394877,7.78664133384578,0.978831162234856,5.66633359611247,4.51615322803508,0.218557417482624,0.0104562461078281,0.0059378635285229,13.2650513309306,42.4896370942247,15,3146.88455450525,99695.0,2,29.781849516832,2.50641418922472,1136.42047758619,81.1448946908007,2408.72124990378,121.664281872332,402.696501622511,0.0031461584114635,8.27889003036519,8.63987481701276,0.657644870084274,5.44111168630234,4.7096881727621,0.227690973368048,0.0108103527171249,0.0063507626138293,15.2504080258506,42.4711483445027,15
12.5625,29.7889984848991,4.22217308957373,1130.31501475295,86.2165590777836,2394.78410177676,121.136236030333,399.873601464694,0.0371265634821135,10.5114892465096,7.45316784184716,0.985753206094085,5.64548336154191,4.50214705727247,0.218859811429356,0.0104664211662522,0.0059438197900996,13.1719520962701,42.2850685728476,15,3130.95793625653,97880.0,2,29.7822444862033,2.51495369130095,1134.14486581979,81.0530310866224,2403.93832790853,121.47276943196,401.854570850718,0.0031430352959233,8.48494049409472,8.21321110941345,0.665704817959567,5.43774085160124,4.68247659082129,0.229000213015815,0.0108545209736841,0.006377888057369,15.1173948700936,42.403111526725,15
12.57291666,29.8031351724895,4.1583793201405,1131.27953250598,86.2227439856353,2397.5766456063,121.295108682996,400.2974057563,0.03646305631304,10.5050917372164,7.19543284915634,0.978110419522567,5.64265094382138,4.50227578832946,0.21941080886557,0.0104865230194895,0.0059624311801947,13.1819417567636,42.3400339938096,15,3134.25860289827,93405.0,2,29.7921672961357,2.49125221279947,1131.46356063979,80.7193475648021,2398.54321566403,121.230393817057,400.918107339854,0.0031361703450111,8.54961062479262,7.89387185085476,0.661369035165903,5.42043303269038,4.67310122812106,0.229677740916184,0.0108777025703669,0.006395566426283,15.0874364537771,42.3176917191709,15
12.58333333,29.806979231967,4.11849863176707,1135.99285001183,86.3334841769246,2408.61282996274,121.867128522472,402.116092473224,0.0366927557545421,10.4595871675775,7.01273321470341,0.972139796432914,5.64476521762455,4.50441951207842,0.219673447242635,0.0104962731728381,0.0059723285762061,13.2307046878519,42.5394491804496,15,3148.09637574574,90865.0,2,29.8003320821875,2.46965723409708,1133.18795042851,80.5945504080451,2402.87790710359,121.470463182956,401.627536176482,0.0031385695426598,8.51752940400966,7.64968285644504,0.65435617151704,5.41340946401499,4.67366389870151,0.229646584942701,0.0108768988962299,0.00639767104325,15.1329126337568,42.4009789046107,15
12.59375,29.8214347473728,3.99249005466404,1138.97049290233,86.0450289953689,2416.38922669326,122.267443083416,403.40904475194,0.0355389835339777,10.3756158852154,6.86222530724735,0.954935834324441,5.61871974053959,4.51203468662484,0.220801830719642,0.0105377659374822,0.006010652410975,13.3387326033974,42.6790645384783,15,3157.32022572359,82870.0,2,29.809565594066,2.42283103617046,1135.887197601,80.2833803676804,2409.55293158305,121.821508524979,402.757258422732,0.0031059308429722,8.4045630007513,7.48088554229135,0.641002563286135,5.39581562083819,4.68231616844485,0.229325211816581,0.0108666453435815,0.0063968299325238,15.2585446133519,42.5232136217892,15
12.60416666,29.8245694499048,3.84486358978938,1141.44828829487,85.261460695725,2423.30782228752,122.627129289197,404.609236401984,0.0359980694787156,10.2891870963636,6.71333029712671,0.930052936077017,5.56335360302158,4.51756022057445,0.221423425798584,0.0105605878689073,0.0060393801873479,13.4584707382581,42.8045780024975,15,3165.04388622885,77725.0,2,29.8172521166355,2.36939179631326,1138.45814584708,79.6391604854422,2416.22111955235,122.170491830119,403.933077732835,0.0031157744750713,8.23938388152867,7.33910820444305,0.622884852554819,5.35786148159999,4.69537445681065,0.228495177605237,0.0108390235676001,0.0063855871143428,15.4432387391752,42.644855812438,15
12.61458333,29.7819943967701,3.96348208558966,1138.33304238363,83.8883358667584,2416.63955254674,122.317497946257,403.565118507444,0.0456716220653491,10.4448597661299,6.46722652865735,0.947251933463276,5.49587618501905,4.49502778975384,0.218021536503799,0.0104350493316431,0.0059474760636242,13.2844795456954,42.6966568381883,15,3155.58015306676,96295.0,2,29.8045848759137,2.40454685721406,1139.5765820661,79.0841248729372,2419.6189612342,122.365900086903,404.542046529344,0.0033421777094501,8.31196719128561,7.12703317492039,0.632416701632331,5.31938844970338,4.68405837366803,0.227890834485413,0.0108171131142174,0.0063668123136396,15.3844159535649,42.7130360419263,15
12.625,29.8160036812587,3.82397084188285,1128.70336127902,82.7014574036138,2395.91902110794,121.278585113322,400.138576337732,0.0438331701461295,10.5529795868463,6.29898205501925,0.933582630682478,5.43314434343978,4.49439678292291,0.218724588680101,0.0104603080665677,0.0059764490736792,13.133365055589,42.3343693929163,15,3128.30652797591,89900.0,2,29.8039975791035,2.37636210177725,1135.41749558993,78.2177186534461,2410.88952080466,121.945853264403,403.104455841186,0.003310787212707,8.50083500141698,6.89872416576269,0.635479887011345,5.272128846658,4.66753004658392,0.229156988442912,0.0108599033970359,0.0063974482559727,15.1838520350134,42.5665987452181,15
12.63541666,29.8283339263465,3.66429836696086,1130.27926578414,82.1391789350927,2400.08505108181,121.5007868585,400.922813158609,0.0429974959844269,10.5029380053251,6.23456529048708,0.902027567151582,5.39669699342797,4.5036107805981,0.219266681104095,0.0104802489603337,0.0060045833900037,13.1131836686021,42.4123208925581,15,3133.00456253304,85150.0,2,29.8158027124675,2.32562758300147,1131.09028865918,77.2490341976332,2401.94203582268,121.508165403922,401.687952971412,0.003320749560495,8.52407526963528,6.76470293008671,0.619715882655257,5.2177099024425,4.66939229393275,0.229626730689606,0.0108761377872441,0.0064139820891601,15.1185705483417,42.4140961446156,15
12.64583333,29.8194013787602,3.62444915073561,1135.51711896047,81.6066353965724,2411.87383276424,122.114752201194,403.00308390584,0.0455645012610285,10.4775182096509,6.21841765863611,0.890882307531448,5.36946721933926,4.50601258470473,0.218486271679219,0.0104516169296685,0.0059901207970154,13.0699528244191,42.6270684876239,15,3147.55686878696,88345.0,2,29.8197382002814,2.30536446530088,1132.70940882459,76.6315067584488,2405.90686634015,121.727827277524,402.458098002066,0.0033927104226777,8.51913689374237,6.68152341898438,0.611719138507705,5.18268634292774,4.6721177088342,0.229445017459803,0.0108697987749084,0.00641220526936,15.0659001008108,42.4911298271644,15
12.65625,29.8475531063876,3.47219483230837,1137.8321880577,80.9367347738012,2417.95088587659,122.428042274176,404.127950111867,0.041126783656774,10.3795300440146,6.27616476156421,0.86716046764592,5.32547012729824,4.52119643651859,0.220630431639742,0.0105304276781931,0.0060558040756217,13.1434101651517,42.7368224219717,15,3154.50946763708,76320.0,2,29.8294654202835,2.24814746659916,1135.0565951988,75.883110546427,2411.49043855923,122.025389477265,403.527678501357,0.0032873971193351,8.42976411525363,6.67538978813217,0.596511140250016,5.14392048620387,4.68315583523777,0.229506026128005,0.010872724922926,0.0064212350962638,15.1076293764464,42.5953660865891,15
12.66666666,29.842240853572,3.39405003947963,1140.70369746177,79.9758250492466,2425.45188230448,122.817353893993,405.539468711953,0.0418651188824553,10.2563671900091,6.29523969786349,0.848863378748086,5.26324216451677,4.53137860235154,0.221007642870302,0.0105445419015607,0.0060727496409629,13.2518277965487,42.8730581563383,15,3163.02096418333,74130.0,2,29.8374273191162,2.20320314038292,1137.48456490577,74.9614069143539,2417.55814146537,122.345918599188,404.724392117258,0.0033084866312422,8.2525313477957,6.70781489516721,0.579554204029046,5.09299531526768,4.70081910502418,0.228609496954565,0.0108428624960559,0.0064075650204661,15.254216656259,42.7075698896877,15
12.67708333,29.8265246057011,3.46715429548079,1140.26511398858,78.7252851383769,2425.23960207982,122.821375887332,405.667514196263,0.0453756795148774,10.2469988604057,6.27508729079479,0.862270966911142,5.1923327598931,4.52968516698643,0.22002474941997,0.0105086768964456,0.0060422863862028,13.2472706214593,42.8748854865982,15,3161.69533258273,79230.0,2,29.8344976217783,2.19689057770716,1139.29792092003,74.0889064116809,2422.34647747959,122.60553080932,405.701881191881,0.0033892736864006,8.17869342140069,6.70588821171116,0.578723822148062,5.0409936580202,4.70712601477589,0.227796175680081,0.0108149562390475,0.006390180906738,15.3065632746605,42.798549626819,15
12.6875,29.8321791820018,3.54690764858537,1136.51824614202,77.4212028828572,2417.75723649632,122.452163118927,404.559679454166,0.0451251330346331,10.2488315711242,6.332290710895,0.883663408318002,5.11988041293429,4.53179477937966,0.220171325842776,0.0105141268751586,0.0060378928408588,13.2297002211948,42.7464994418964,15,3151.09127065214,79095.0,2,29.8318609747564,2.19132820676823,1138.74971572882,73.1317859786761,2421.88135443479,122.597871867599,405.779900424386,0.0033908949317795,8.18494986832571,6.71346890840934,0.584114307025047,4.98508596275259,4.70721050890232,0.227773326909088,0.0108140951893793,0.006390202827551,15.2829428203467,42.7963112283569,15
12.69791666,29.8340037105555,3.55440501077328,1133.7942129541,76.2467885742441,2412.44051488997,122.197334145372,403.832364632793,0.0459722481130572,10.229261581853,6.40074874502228,0.891204733790978,5.05514473126646,4.53559236816402,0.219878069363554,0.0105033974782771,0.0060301827238435,13.2176313902845,42.6580226771672,15,3143.37692840524,80345.0,2,29.832570723995,2.1786314980512,1136.43748388985,72.107839166339,2417.54251027905,122.392487853048,405.207283450047,0.003427026196571,8.19293100214979,6.76549426280897,0.587205205455988,4.92605975096739,4.70858204566339,0.227781032524033,0.0108142674637132,0.006391741561954,15.2532167440029,42.7250846045542,15
12.70833333,29.8425664279166,3.47300146972404,1134.02995234927,75.2794262960003,2413.39508468545,122.272296736467,404.196672797771,0.0456396994933005,10.2119360316515,6.39285106889918,0.879676855655459,5.00270264825029,4.5402652156851,0.219949591035551,0.0105060236128627,0.0060398727131857,13.2061556624352,42.684603374337,15,3143.89352717947,78595.0,2,29.8363096057866,2.14871971538631,1134.99856449228,71.1373216950296,2414.93501599195,122.281023380778,404.951300824521,0.0034379903014418,8.19356838435309,6.80719233972137,0.583045264476051,4.8719949402629,4.71139913955306,0.227835165574063,0.0108161417836712,0.0063965023692617,15.2261218293279,42.6866251140734,15
12.71875,29.847290275641,3.31449696416814,1134.69628244303,74.35139357567,2415.22167666896,122.405012881925,404.756396522012,0.0463291773889521,10.2126553115696,6.28953222581316,0.850328952601488,4.95076417363298,4.54202927972259,0.219803574034677,0.0105004320528535,0.0060519811301256,13.185457685253,42.7312459737215,15,3145.62150604899,77090.0,2,29.8413555659658,2.10688426131224,1134.65076140816,70.2142092535091,2414.55979350911,122.293344415323,405.116635866938,0.0034732173614665,8.18291830639144,6.79309037963299,0.571936144439393,4.8214535024514,4.71494247839717,0.227785622414079,0.0108144693983476,0.0064004190853424,15.211716212688,42.6913101374568,15
12.72916666,29.8491592163052,3.22776174978074,1135.08222845283,73.42408185399,2416.33541631263,122.511102283557,405.227194369811,0.047094287866954,10.2446694376249,6.16594940577423,0.829543011297341,4.89846769592766,4.53957710170766,0.2197167586908,0.0104969571006826,0.0060583923693892,13.1460428615842,42.7685309423912,15,3146.5114156614,76330.0,2,29.8451916432868,2.07282546254159,1134.82264113309,69.3333426194304,2415.18151571223,122.36846922711,405.49307720879,0.0035094970277859,8.19379606881889,6.71282491319003,0.560573360284386,4.7729208685503,4.71543470377794,0.227822948479623,0.0108156665794055,0.006405233416645,15.1829800461626,42.7178474806111,15
12.73958333,29.8477646729036,3.18645907176038,1134.63998362198,72.5881376177044,2415.56765015371,122.522537234906,405.379816946306,0.0486359765409939,10.2929640504592,6.08518779600886,0.820770200567165,4.85143552625785,4.53467345203165,0.219451658864116,0.0104867966696111,0.0060556572458693,13.0963756134274,42.7727564609197,15,3145.10316152664,77295.0,2,29.8468151034697,2.05071994864136,1134.86565862547,68.522763359472,2415.46529030845,122.433013809751,405.827700061911,0.0035604855799687,8.23639582488414,6.6165427596271,0.554904800678282,4.72722657004561,4.71198527130133,0.22800608220246,0.0108217001054256,0.0064116851587935,15.1308411490436,42.7406512900373,15
12.75,29.8497645346277,3.20614307766321,1133.47616348222,72.1795439081966,2413.12335800008,122.443763376912,405.231956642893,0.0491847954373093,10.3359478342609,6.08534955405116,0.823965718508506,4.82630157583606,4.53090915088285,0.219529213422418,0.0104892567380294,0.0060551340912257,13.0545105127318,42.7454827976721,15,3141.90020115598,77640.0,2,29.847945802736,2.03922227935432,1134.39967931221,67.8845155437985,2414.57679213566,122.439052622508,405.960771983874,0.0035850853411933,8.29953506693654,6.54713437983365,0.553423030888898,4.69006868523286,4.7064372293795,0.228385885682168,0.0108344633920238,0.0064212347225666,15.06453791322,42.7430099052449,15
12.76041666,29.8527315811245,3.24980681999253,1132.39856492357,72.0601996592187,2410.88465029949,122.368336528597,405.100458967484,0.0492443182673067,10.3434058326043,6.16917585537026,0.833624170961369,4.81613865063543,4.53073064187789,0.21981411562752,0.0104994177719243,0.0060571754716754,13.0446540437486,42.7193710534265,15,3139.14868607385,77655.0,2,29.8499025771861,2.03753702993637,1133.51782114925,67.5265694673424,2412.75828400247,122.392534119531,405.920136885154,0.003590113959101,8.34478947546538,6.54557518372938,0.555135241328919,4.66735349449744,4.70271611275883,0.228747173513278,0.0108467295309177,0.0064293475206755,15.0181725607418,42.7270064664559,15
12.77083333,29.8555074312728,3.31727925980831,1132.01935870003,72.032375841345,2410.18943724884,122.367993883213,405.224326036659,0.0489867128259674,10.3212133556502,6.29865647512409,0.848017550268542,4.81148179336806,4.53350571905275,0.220142378704523,0.0105113756636761,0.0060580816397963,13.0607008878933,42.7194661428587,15,3138.41471838971,77620.0,2,29.8523570419233,2.04228593562968,1132.76095166265,67.3420294482974,2411.23054141713,122.355190758909,405.914443561151,0.0035819882410618,8.35862054983202,6.60919717713174,0.558548742294903,4.6541618926758,4.70216396095158,0.228936766646861,0.0108532464296114,0.0064330033890203,15.001823157089,42.7141942559359,15
12.78125,29.8333212747651,3.46954893987971,1128.97057860925,71.8979992204589,2403.04810642017,122.049460739959,404.2605786128,0.0557960617529601,10.3963370719101,6.46426671706784,0.878107984434547,4.80965790534066,4.52416580119156,0.217861399697464,0.010426994997314,0.0059880609057857,12.9516370399312,42.6085351694088,15,3129.62644407904,90310.0,2,29.8455967850843,2.08848845664239,1131.52439918464,67.4508512335548,2408.59033200741,122.261038166938,405.679648363076,0.0037521201143758,8.4610594500395,6.71205407468346,0.576052254446378,4.65449646857274,4.69282345720918,0.228905592105914,0.0108511976417411,0.006425631766369,14.8865654670818,42.6815896463047,15
12.79166666,29.854195940563,3.49449711795293,1122.09397738314,71.7016836403905,2387.72564886944,121.314682657932,401.900288574739,0.0536116868442992,10.4610858365936,6.61425735014807,0.889266788607823,4.80230673010422,4.52477650147773,0.218186577840593,0.0104385259013875,0.0059929760613967,12.8632764401896,42.3522663748487,15,3110.31641062536,88540.0,2,29.8462033622899,2.10489967685197,1127.60179018314,67.4855374121713,2399.81170728267,121.855997763953,404.390384448414,0.0036972827996022,8.60115866842562,6.85963429655075,0.588161221597899,4.65524940826472,4.68281601111315,0.229743900315041,0.0108793526690315,0.0064417273456958,14.7258566581018,42.5404753335619,15
12.80208333,29.8627450071072,3.47269428288782,1122.43922705649,71.557905492589,2388.44977963351,121.401463061263,402.264181453354,0.0522616960688284,10.4497412018973,6.51985287965689,0.885329287754216,4.79665140462605,4.52934753051342,0.21833316729009,0.010444208267074,0.005998983953792,12.8531071353441,42.382780795164,15,3111.37150311928,87200.0,2,29.8542561211526,2.10188511955978,1123.86225416769,67.338623278875,2391.54177542012,121.478633972497,403.213357165269,0.0036766794183748,8.64546389682634,6.94070452017863,0.588175197229361,4.64751353249061,4.68285556736697,0.230174027388196,0.0108940057349314,0.0064516054611593,14.6594688461604,42.4089750574375,15
12.8125,29.8618557131108,3.58608919100378,1126.01052406009,71.4166971766043,2396.21189153398,121.847257243346,403.802389747633,0.051465056540319,10.4329893381713,6.46847740121518,0.903606895192225,4.79448484604985,4.53145278291287,0.218250805223281,0.0104418088973796,0.0059867333992305,12.8662890686396,42.5386501998948,15,3121.37055747116,88505.0,2,29.8589498573098,2.11385935614189,1124.42625806107,67.2107492461552,2392.69694954307,121.585890536359,403.63785544123,0.0036630533809207,8.65566603305884,6.8973739051188,0.591611478486896,4.6430234585889,4.68459227198965,0.230213982667836,0.010895332237285,0.0064509871112882,14.6341056625085,42.4466580782286,15
12.82291666,29.8853587525784,3.4920863847559,1128.5095148901,71.6369950898192,2402.17697941863,122.187845339272,405.007296499026,0.0461141061463148,10.3436717892808,6.5618566701981,0.894299461170831,4.80186779899233,4.54362686299362,0.220315429792804,0.0105178241825584,0.0060449871145564,12.9956133249715,42.6576583265253,15,3129.13221717253,78280.0,2,29.869067607611,2.08018696989284,1126.10584693686,67.0340320375734,2396.45498452882,121.819819656356,404.505983613458,0.0035238674967125,8.56653919137272,6.93475906916082,0.584987475725503,4.6377555802209,4.69542581845778,0.230311001904529,0.0108995025352188,0.0064581498876892,14.7291240572837,42.5285101987099,15
12.83333333,29.8661169736824,3.56165866311828,1129.87646223898,72.0160791654168,2405.32783028956,122.392993618794,405.758133686694,0.0493961904943251,10.3214222698984,6.60616991612626,0.900235924768696,4.81771934072931,4.54093901350103,0.21959934152787,0.0104914667784529,0.0060210585835919,13.0554256952974,42.7292906776026,15,3133.57559225779,83380.0,2,29.8713165176592,2.08754855631009,1128.06527191797,67.1346719398047,2400.96701683647,122.092723091205,405.504630521168,0.0035952448640083,8.47782246112866,6.9860730641053,0.58220276482165,4.64221587853047,4.70362750222434,0.229628363105691,0.0108763708992039,0.0064422847013061,14.8418860902069,42.6238709899418,15
12.84375,29.8506804191261,3.82786045469411,1125.41453133301,72.3206958370787,2395.10847634696,121.915696962053,404.201042518618,0.0531909304589035,10.4205515736506,6.74496095984197,0.948174390414744,4.83889365791993,4.528545181639,0.218275496945153,0.0104424635055516,0.0059637804509507,12.9837770149233,42.5627639090289,15,3121.14240518006,93230.0,2,29.8618986289307,2.15570676381572,1127.93709009022,67.6155939666955,2400.74717095418,122.125394324724,405.638313603072,0.0036747923311221,8.553058561886,7.04132094928209,0.604013361646982,4.66427344517505,4.6945732721441,0.229491403917857,0.0108709306287704,0.006430189871697,14.7988752294875,42.6353722379667,15
12.85416666,29.8744422044269,3.95115513247523,1119.91522469832,72.9652057860109,2383.0665499765,121.326689321337,402.277341397895,0.0488085888300967,10.4149117948732,7.04214263725047,0.978953383896012,4.87292731221322,4.53388511822452,0.219617129312827,0.0104917273378732,0.0059835824697141,13.0074573221524,42.3572519982909,15,3106.43119738377,88630.0,2,29.864282861385,2.18822600744764,1124.17597229314,68.0656139536602,2392.48272168753,121.7361032879,404.361637218837,0.0035468647651693,8.61241068451393,7.21984037487361,0.620623155675222,4.68820267637445,4.69009161804245,0.230159759389023,0.0108938355689795,0.0064411848738355,14.7665090727299,42.4995894073452,15
12.86458333,29.8747958217187,4.03640690680763,1121.98361788539,73.6705043263506,2387.65567246325,121.589629591433,403.18518916225,0.0480129706412045,10.3421973493406,7.2976332459133,0.994754998328532,4.91184421187795,4.54075131752303,0.219763239362129,0.0104974274668184,0.0059793486156914,13.0766590249684,42.4491191977953,15,3112.90029946985,89445.0,2,29.8705037508348,2.21518913522799,1122.01332634246,68.6080106151208,2387.86522777167,121.525299062609,403.697180097232,0.0035176261308634,8.57080017239354,7.47385963053477,0.628198670906783,4.71686298209506,4.69568717893528,0.230076283032313,0.0108912565806099,0.0064364075001821,14.8200007290394,42.426091599564,15
12.875,29.8832008919726,4.07354054715698,1124.6852198566,73.8645861426216,2393.90222098419,121.942393454328,404.386265365455,0.0455892650420556,10.2678927734777,7.53604080831953,1.00378052612104,4.9239269617687,4.54854442525458,0.220403479380127,0.0105213686897051,0.0059913699461831,13.1634013758933,42.5722801516525,15,3121.01472446613,86555.0,2,29.876234254748,2.22306462318043,1123.03240221132,69.0054020570836,2390.25916972469,121.67460502292,404.23167602162,0.0034437733504801,8.48935829222171,7.71944517767926,0.630777734920028,4.74051468988484,4.70440267745448,0.229786472327321,0.0108818250751429,0.0064295577379837,14.9085354510432,42.4782742711652,15
12.88541666,29.8975504639307,4.00078922586069,1127.00773048444,73.9137235926132,2399.86014495002,122.278050822973,405.543819771717,0.0417949485056123,10.1502303038691,7.75222988628238,0.994262653827797,4.92100537831907,4.56007144597614,0.221743075038332,0.0105709571833648,0.0060301605642459,13.3212751878472,42.6893446728213,15,3128.46961072094,78865.0,2,29.8853549474937,2.1918489675946,1124.7173817747,69.0163515766782,2394.35825409987,121.913017408186,405.090084857557,0.003350500967307,8.33544684471813,7.96684787752237,0.620772181087237,4.74405447579927,4.71947020554781,0.229265595603614,0.0108649416451849,0.0064227455469733,15.079400937618,42.5614782972382,15
12.89583333,29.8506380702951,4.3866662722643,1124.49608988628,74.2409013217529,2393.92887139139,122.023555293545,404.673598363113,0.0496735938595192,10.2474627833158,7.81189662685627,1.04942552993632,4.94698136874911,4.54013296369452,0.218699681502576,0.0104592323587055,0.0059231824872746,13.2356859069006,42.6003867760561,15,3121.47255227411,99150.0,2,29.8736866503676,2.29172262135168,1125.64022525967,69.3982962526316,2396.81346487867,122.076893252935,405.628180575199,0.0035277422943763,8.3508305312884,8.12935972303322,0.645027132727695,4.76105241900958,4.71417549449226,0.228391387295764,0.0108341212110046,0.0063905270243785,15.0866521038919,42.6186084150956,15
12.90625,29.8843802130136,4.4505175022764,1114.7626357979,74.9192849847125,2372.55760394164,120.959807877192,401.089792464353,0.044580594349965,10.3095484987602,7.85802838269448,1.07266830588017,4.98626601470316,4.53915158535742,0.219799640740133,0.0104997902042562,0.0059430889732384,13.2050253648652,42.228919045185,15,3094.88853308324,93155.0,2,29.8728762898342,2.32883984677843,1121.44258847864,70.0105616385277,2387.6050986117,121.638535769141,404.108972095149,0.0033838911784479,8.45819914143466,8.22753953890071,0.667020052709978,4.79631482493715,4.70300949900631,0.22921004573058,0.0108619426738693,0.0064040589227771,15.0058371500127,42.4655100905723,15
12.91666666,29.8925085316919,4.38644449977848,1116.53635069805,75.8680671262067,2376.72740614836,121.208011587275,401.869157831082,0.0423706321157547,10.2642010386014,7.91746976842322,1.05933060686474,5.03530772073541,4.54240237068021,0.22020346581254,0.0105149711208253,0.0059587693908094,13.2681583818556,42.3153344086521,15,3100.89324584972,90255.0,2,29.8831597982755,2.32528437053385,1117.04464934673,70.5385298865803,2378.21927277134,121.186758082224,402.57845650101,0.0033435421928712,8.43627673193004,8.30835510930593,0.663062829608037,4.82478209158145,4.70549846673221,0.229321933063587,0.0108660528878895,0.0064072945912664,15.048531609877,42.3076466436374,15
12.92708333,29.8946966451343,4.29891632542781,1122.88453666394,76.7961193605241,2390.74428370539,121.969739710907,404.34366790815,0.0412787807586383,10.2432577287258,7.96653769171118,1.040622957001,5.08622369646123,4.54095456594167,0.220494503219202,0.010525659950327,0.0059735984202703,13.3287044848029,42.5808873778186,15,3119.48942604505,88325.0,2,29.8896152624265,2.3158673941092,1119.21423828521,71.2273157055619,2383.11868570203,121.472998046014,403.497580574876,0.0033132124006557,8.38155459492886,8.37646253021853,0.654843256479193,4.86392486068908,4.70881253139138,0.229089686441134,0.0108583997969736,0.0064036175211712,15.1284647880492,42.4073280152342,15
12.9375,29.9211436005752,3.98274517973753,1127.14037107702,77.1919951352656,2401.07141967359,122.539028485023,406.216826657814,0.0365980133696351,10.1606841433893,7.99500365992575,0.987861325113827,5.09715454267372,4.54831268583401,0.222631878444472,0.0106037328977583,0.0060530188467325,13.4962003533346,42.7791122502897,15,3132.70406495926,74400.0,2,29.901690623458,2.23996262694119,1122.65598642559,71.5395996448523,2390.95656172593,121.912014661825,404.970275426692,0.0032101682345534,8.23697264522644,8.44087085548918,0.627468628010248,4.88429820849695,4.72006054054883,0.228805535318631,0.0108497375406755,0.0064074994421223,15.3169911656793,42.5602211086063,15
12.94791666,29.8596380577651,4.24870010961928,1125.48675843368,77.2774359603427,2397.01675861509,122.403207384254,405.685240639312,0.0472152462124499,10.3570657246425,7.8667737445728,1.01419956789122,5.10803476444536,4.51353201027453,0.219024750423603,0.0104703072573104,0.0059426176175357,13.3461119939983,42.7311574138207,15,3127.95041883487,98085.0,2,29.8888857682179,2.31977368823507,1125.24503171107,72.0180416672212,2397.0381008673,122.279835970473,406.134533363855,0.0034476521940532,8.29973739032823,8.39722196569811,0.638442672610703,4.90447139656857,4.70607666020456,0.228065004834195,0.0108231352692762,0.0063803389306811,15.3126880928503,42.6881380186928,15
12.95833333,29.8965669928157,4.20000250105121,1114.48187055891,77.7181450083176,2372.73549370965,121.202941911284,401.613562150208,0.0431542881391019,10.5259452716527,7.77019905941784,1.01755797816911,5.13323356183323,4.50169423339656,0.220421145666394,0.0105206092286283,0.0059786736520797,13.2317257879628,42.3117238015674,15,3097.54780285495,90805.0,2,29.8853873301297,2.33511577215841,1121.61898314327,72.5359033792427,2388.9463512216,121.920039951792,404.820109941543,0.003335016319542,8.51963128993233,8.29731808121602,0.65270904192732,4.93321932092127,4.68050319763185,0.229600467314733,0.0108750947095781,0.0064118669396594,15.1544581523646,42.5620631012414,15
12.96875,29.8936479911902,4.1228883806966,1114.35630659425,78.4740997022879,2372.38581649958,121.230844616019,401.635503216081,0.044193489744959,10.5833163947039,7.6065344266738,0.997990529138175,5.17420585793011,4.49340264258602,0.219910799363115,0.0105015022552742,0.0059736028130346,13.1783871986729,42.3210816609558,15,3097.80273921688,93230.0,2,29.8910665183069,2.34031310151477,1116.17317597558,72.9753448682647,2377.09832529027,121.358071532636,402.87478202997,0.0033802327106751,8.62997683816099,8.18841424771511,0.64963913953659,4.95451999063502,4.66796151484223,0.230257282519482,0.010897107033735,0.0064253463873186,15.079767691425,42.3654536397419,15
12.97916666,29.9071990655281,3.9735404748192,1120.47790686051,79.2755522777386,2385.68240941392,121.959083918525,403.987454490785,0.0423388443686226,10.6101311092424,7.39493973427051,0.969862277263943,5.22026940327546,4.4906449070639,0.220584027155481,0.0105259893987058,0.0060032051709746,13.1709153444332,42.5749433959243,15,3115.46801276805,88415.0,2,29.897919256314,2.31929898402542,1117.4649483893,73.5529486584151,2379.77760886076,121.54122165001,403.415634966389,0.0033344879066861,8.68229776743476,8.0240121129245,0.640003054304335,4.98858506693582,4.6610210921292,0.230790687957876,0.0109153121901975,0.0064396590472416,15.048507182114,42.42900639801,15
12.98958333,29.9179175706168,3.78789103768542,1124.36155005293,79.6489411197406,2394.82682485905,122.471263613315,405.654854012617,0.0405937126303876,10.5871960951005,7.19738398099749,0.933620272856142,5.23313459044915,4.49098515690553,0.221643296707707,0.0105645360961802,0.0060456860897984,13.2376498193364,42.7533485894997,15,3127.28758668536,81485.0,2,29.9072702350445,2.27562360484055,1120.57226088797,73.854960398598,2386.69005050496,121.939350161796,404.71765399893,0.0032907677581545,8.63317638344956,7.84952305758372,0.620933328931691,5.00731280400603,4.6632962584586,0.230880075583429,0.0109188544610587,0.0064473997504059,15.1234391698846,42.5676115891915,15
13.0,29.91916855595,3.57914439731121,1126.89242761249,79.3860293178212,2401.24317624531,122.849212592702,406.901654109377,0.0409259018629935,10.5844289106961,7.01892876421435,0.892527119633073,5.20986208218163,4.48701992845318,0.222296406122474,0.0105877268050697,0.0060807240808268,13.3070830772219,42.8848784859576,15,3135.11803377274,76940.0,2,29.9136072414319,2.22866137135537,1123.56640475092,73.7894454815759,2393.6690657917,122.342538108313,406.071610395766,0.0032953123819587,8.54404795528847,7.67935608899745,0.600237862650546,5.00352605628147,4.6677910418808,0.230558687927046,0.0109083923891205,0.0064464689059356,15.2533380780031,42.7079699060145,15
13.01041666,29.9103199989816,3.48006561219981,1127.2992452882,78.6345591991492,2402.75295752712,122.982945912887,407.34841544021,0.0436526348924993,10.6600867957136,6.86029081084313,0.86943934394681,5.16402454244788,4.47420690694118,0.222215862920932,0.0105837051862458,0.006087455787422,13.2998826450064,42.9312008459243,15,3136.46199316012,77670.0,2,29.9135346464298,2.20108579601279,1125.63094036865,73.4111288542541,2398.71366624115,122.654338006401,407.123916990143,0.0033544893892837,8.52131457076914,7.50420901031977,0.586949350576476,4.9805169364009,4.66463147266153,0.230324361641546,0.0109003950611184,0.006444585419262,15.331057583293,42.8164231181636,15
13.02083333,29.9067714282839,3.44655140414728,1125.48992200296,76.7400077423969,2399.48546687007,122.873780299257,407.000335982943,0.0459610805094209,10.7674967357201,6.79499706251734,0.865229934099051,5.06405509886639,4.46072461921284,0.222211971235777,0.0105824002587671,0.006089442890456,13.2430873451589,42.8928604476175,15,3130.86178000894,78895.0,2,29.9103880993182,2.18284023337946,1126.07473689105,72.6184622208085,2400.21218467309,122.789424702639,407.578912439938,0.0034104301569615,8.59039630494971,7.35301829883195,0.582836770602076,4.93539645041234,4.65316172186364,0.230632213128775,0.0109105468742215,0.0064531855130273,15.3201628809549,42.8632425840699,15
13.03125,29.8850078761709,3.57759875658257,1120.25691930679,75.0319143154629,2388.07452649414,122.344807624309,405.243333544742,0.0529652681191985,10.9457470496952,6.80470130232776,0.891780436360425,4.98164698511433,4.4401863671376,0.220053828989477,0.0105023564660979,0.0060242771302818,13.0562176780823,42.7081617334337,15,3115.24474726416,91405.0,2,29.8997157574775,2.19834589461355,1124.13333806762,71.3739548083077,2396.48235604913,122.663074615975,407.122206359312,0.0036075504652391,8.81594751882911,7.25475799391599,0.595250508018666,4.8657007913402,4.62830292005139,0.231263642967154,0.0109306462361353,0.0064636881405623,15.134455975659,42.8189177287832,15
13.04166666,29.9100228768467,3.63959592696599,1112.83897575627,74.6030427119199,2372.03311715043,121.549009717884,402.621504531885,0.0496100539608972,10.998911300367,6.96561457120575,0.910999082062745,4.95965921686019,4.44155676723235,0.221052076902375,0.010538642233365,0.0060415123776123,12.9675055191829,42.4304634456885,15,3094.55708498556,87360.0,2,29.9004621152535,2.19535568959071,1119.19613072218,70.4831613173039,2385.87896667084,122.169499518922,405.451818057762,0.0035421366515523,9.02551193108881,7.26947820014535,0.605434385707497,4.81795979275907,4.60981779337343,0.232670711471515,0.0109779412560381,0.0064945032333303,14.9290807619644,42.6465713210303,15
13.05208333,29.9057064213228,3.78897842463267,1110.82891569885,74.7371766200617,2367.87607515418,121.356226117543,402.009804658217,0.050076019018202,10.9488665382795,7.25368729886968,0.937016417977721,4.96764887782961,4.4470453188136,0.220759575895648,0.0105281592459502,0.0060204032398097,12.9509486721949,42.3633068387948,15,3089.37862881573,91075.0,2,29.9045439578585,2.21829966224667,1114.1186463736,70.0994207180477,2375.10544615403,121.648811124005,403.726021521253,0.0035713468534776,9.09670724132185,7.42500882577102,0.614893917078753,4.79504494499868,4.6057405099738,0.233112242914145,0.0109926836097159,0.0065011731629559,14.8263810153849,42.4648625154041,15
13.0625,29.9122282736913,3.93346006838814,1115.80628701721,75.3005980237355,2378.72116070531,121.93149578787,403.932373133587,0.0476468084711494,10.8662891137876,7.6884011152375,0.96678354478979,5.0052840672851,4.45735107557385,0.221319072083749,0.0105491234660019,0.0060202148068842,12.9871786030541,42.5642791316065,15,3103.69214534949,90650.0,2,29.9078198180145,2.24525112343163,1113.93901180797,70.2560087729863,2374.88745394575,121.659859001177,403.766149962205,0.0035018268152082,9.09069482178484,7.71719762827106,0.627140561497507,4.80539919496595,4.60899249791323,0.233253705382908,0.0109976355387559,0.0065011765927856,14.7866490614845,42.4688434266155,15
13.07291666,29.9613842903694,3.60076191362836,1121.56532550701,75.0729572511897,2392.7740016668,122.66850472483,406.452019686556,0.0373857155962808,10.6201636911833,8.05351456211526,0.920389891168341,4.9836510526827,4.48852044453601,0.225385669263069,0.0106978763326741,0.0061486379049388,13.268751371264,42.8214719711134,15,3121.01571060563,67740.0,2,29.9267462870977,2.15217291118937,1116.59756911572,70.0129825983474,2381.09437887287,121.993470125596,404.967209559521,0.0032641585808484,8.84234974852664,8.09727128667577,0.602419748235204,4.79967220692774,4.63617598868358,0.233151642243418,0.0109960559196639,0.0065122891425187,15.0156130391623,42.5853347204052,15
13.08333333,29.9376275919671,3.4134967984904,1126.90132753799,73.7198814854804,2405.85544240545,123.391669017609,408.950820258321,0.0401791915008054,10.4649688779765,8.11972808629741,0.873577156131589,4.90219671673816,4.49554923681228,0.225151189947938,0.0106892402263016,0.0061619231701266,13.4803114170933,43.0735905902877,15,3136.41954847135,68305.0,2,29.9369966713175,2.08929832421661,1120.75003624035,69.1588751382254,2390.98819758684,122.532264797691,406.908686408148,0.0033329725986729,8.51765157076379,8.36333884698287,0.571910521017738,4.75712173534533,4.66624439742064,0.231362971337194,0.0109365018154639,0.0064817085800958,15.3535795793907,42.7732671315294,15
13.09375,29.9274608179908,3.30478887046649,1127.95226993478,72.0132567013658,2408.87345127522,123.619844402704,409.777475361236,0.0420498627509769,10.5241681475985,8.04292699490732,0.852165235117688,4.80734794711061,4.48451369734517,0.225176096192278,0.0106890959314071,0.0061724683325112,13.5196509960948,43.1528666928923,15,3139.04187327615,68380.0,2,29.9340584826427,2.04870174091089,1124.34793580659,68.0701898432332,2399.62897148874,123.030749823606,408.679032859776,0.0033776942880519,8.37580975559716,8.46338663905224,0.558307609368112,4.69821593651513,4.67569869278743,0.230261220247168,0.0108992658113914,0.0064625143341014,15.5416677651088,42.9470134470194,15
13.10416666,29.9275770713819,3.13530202933277,1126.75891103326,70.2792654303395,2406.69804093714,123.591482731087,409.747633576532,0.0429873220668363,10.6514601969784,7.85808722754141,0.821833378266992,4.71143760997669,4.4691183144101,0.225678291380333,0.0107056286653644,0.0062001010043517,13.5009122169017,43.142554794355,15,3135.16341637703,66695.0,2,29.9306655562158,1.99728222232158,1125.87196634893,66.7533618599709,2403.50160822257,123.301370160231,409.674351687968,0.0034170557160718,8.3660242291828,8.44633165605836,0.545255815585766,4.6266347270584,4.67255839749025,0.230161964609401,0.0108958468698946,0.0064665209116786,15.625260014449,43.0411452756754,15
13.11458333,29.9283652344442,3.04127604789278,1125.23020810592,68.6038336949698,2403.65325131471,123.525663558128,409.596875701112,0.0434890681748352,10.7875854933708,7.67511039632849,0.800461042684574,4.61877284293016,4.4524393609588,0.226276439000685,0.0107258234430886,0.0062225668994957,13.4660944522174,43.1191312190391,15,3130.29672269541,65375.0,2,29.9292902973935,1.95096729589723,1125.88842689295,65.3261933458037,2403.84880923882,123.403713696803,410.105847018406,0.0034566148378355,8.42938235254353,8.33117473303265,0.532419944597394,4.5489043092615,4.66266901582258,0.230608649343948,0.0109108591357475,0.0064818644648184,15.6489873575471,43.076480917149,15
13.125,29.9385472147098,2.77771807013452,1124.58129151019,66.992059882068,2402.48451075328,123.562176884543,409.806539860844,0.0429909624844425,10.8925281452709,7.46233070989503,0.752248434201555,4.52943593851886,4.44018988304506,0.22742630325371,0.0107655384889678,0.0062760703685057,13.4607377901008,43.1313506466293,15,3127.91844715317,60210.0,2,29.9316844007803,1.88635670885932,1125.35466840222,63.8390309508843,2402.83144845127,123.442361098939,410.342450921163,0.0034761109805672,8.4843277295345,8.19863478074139,0.515346581396583,4.46929713872098,4.65375139119564,0.231227569080588,0.010931929280409,0.0065035998998653,15.6827390951745,43.0895358810369,15
13.13541666,29.9337390335357,2.70116872615994,1124.21662956709,65.317917010554,2401.74020578424,123.63268716107,410.144475315863,0.0447743827056215,11.0147591746395,7.10250383710736,0.72685922950945,4.43747871641982,4.42304657879972,0.227713081054191,0.0107747302914706,0.0062899553916657,13.4242847823865,43.1553971814704,15,3126.15548401522,60210.0,2,29.9335116769545,1.84025560146523,1124.90862883037,62.3556799743868,2401.83484714045,123.493291664308,410.632186232923,0.0035455098438739,8.55518239930049,7.98631577477233,0.499453189927706,4.38960136945734,4.64273835741294,0.23172950690237,0.010948768965591,0.0065202266394716,15.6987753825646,43.1068136669902,15
13.14583333,29.9391315940563,2.55283437922885,1123.84938708016,63.603959420106,2400.99098018725,123.701797217654,410.495186507477,0.044862839638915,11.1187007599788,6.67232901380727,0.700699245002648,4.34444730054417,4.40976438182808,0.22833756879648,0.0107964725760338,0.0063203879086734,13.4042055152794,43.1790229702526,15,3124.36525003717,56985.0,2,29.9350206097532,1.79150409784661,1124.49449446183,60.8664127320177,2400.82816015779,123.549145972782,410.946548632563,0.0035765815976323,8.63534901872961,7.69248737174724,0.488058177700912,4.30969800205427,4.63056099097099,0.23236490323123,0.010970180916574,0.0065402666455706,15.7021573657141,43.1258014549471,15
13.15625,29.9376761384727,2.41868008810131,1123.49828797997,61.8751602389877,2400.07816449434,123.770988552935,410.869204526767,0.0468116296321816,11.2296747058558,6.19548558727573,0.670786141530143,4.25095762232958,4.39549392165777,0.22832888190947,0.0107956080516313,0.0063344167538314,13.364323482497,43.2027238965087,15,3122.47089726712,56100.0,2,29.9364438425693,1.74308224243913,1124.12421596763,59.3644385141763,2399.80227102921,123.609926377474,411.294513291969,0.0036495257086917,8.71540747579207,7.33236035628685,0.475158035738638,4.22947272727743,4.61874600181214,0.232888272564757,0.0109876800448296,0.006557728713968,15.6998337980007,43.1465255910779,15
13.16666666,29.9391120871306,2.31758877574361,1123.03624303976,60.1990777284154,2398.77137335306,123.823012412904,411.207179961938,0.047840875665469,11.3421956214854,5.75836124228989,0.648228088143361,4.16050482114845,4.38236338881845,0.228355170024064,0.0107965279402361,0.0063463365255251,13.3137509867017,43.2205244442249,15,3120.19305820523,54490.0,2,29.9373226950482,1.69884363226284,1123.74309317666,57.8869689296458,2398.6185667447,123.668793134385,411.649357741452,0.0037062974730589,8.81094973007534,6.93066461108772,0.464012154465024,4.15033315355034,4.60591054618701,0.233468570562714,0.0110070384490243,0.0065759155308833,15.6754869825115,43.1666239305844,15
13.17708333,29.9399535189945,2.22998259636773,1122.54202364319,58.5867644861653,2397.3012666465,123.86591369168,411.541550653107,0.04889478482189,11.4314835748559,5.39666650682159,0.629638116989014,4.07363035048701,4.3722662818865,0.22832110853374,0.0107955079875192,0.0063555966847426,13.2712708808289,43.2352397331009,15,3117.8045691403,53135.0,2,29.9382785966045,1.65722985061741,1123.32422600335,56.4479742215827,2397.23493131701,123.720417987123,411.999881060053,0.0037649394615164,8.90206122805531,6.54076426331263,0.454326552407283,4.07336530937537,4.59420996911552,0.234026650184021,0.0110256563471784,0.0065933457978954,15.6464049219536,43.1842616131834,15
13.1875,29.9296775054166,2.17463467744669,1121.12632021337,57.1301860631277,2393.61093005768,123.797541851644,411.513538285343,0.0543468634527464,11.5560843702092,5.02350491675457,0.61887694995504,3.99385638848494,4.35850181223294,0.226691691003128,0.0107375749482764,0.0063230837630752,13.1679285961348,43.2112427837168,15,3112.79231944116,56735.0,2,29.9363236255274,1.62481422443083,1122.68821190696,55.1152881489616,2395.30152860004,123.748378655567,412.26988476136,0.003914023484729,9.04491886770747,6.14921175484608,0.448751350159554,3.99949759667217,4.57845764805155,0.234517115589755,0.0110415134780609,0.0066076043704732,15.5549766052682,43.1937246401387,15
13.19791666,29.9377502052586,2.13352453169132,1118.87100860728,55.8611956118949,2388.05301508644,123.62777760177,411.167721277575,0.053710389490999,11.6581021953893,4.7366620860149,0.611357855305007,3.92311793718961,4.35157276784699,0.226416225073876,0.0107286789756714,0.0063223419892189,13.0755879050899,43.1519802820904,15,3105.54952385029,54380.0,2,29.935452362048,1.59363034253393,1121.48960506666,53.8958075499052,2392.02831699057,123.708012851421,412.32190918765,0.0039420363432545,9.20528310348792,5.77262499070074,0.443613549715409,3.93076917435672,4.56271098430083,0.235302606343019,0.0110674802362979,0.0066285106219368,15.4319181901484,43.1794494802564,15
13.20833333,29.9339755000335,2.12220169900139,1116.8234875444,54.7362002706074,2382.93453626631,123.474381797203,410.902713113387,0.0564010187978457,11.7031787319285,4.5853817267459,0.610046049448482,3.86017540859382,4.34895757672144,0.225651890910053,0.0107018062085816,0.006305732692658,13.0072057093557,43.098507369469,15,3098.97736977103,55930.0,2,29.9354717383497,1.56919063992714,1119.79761726187,52.7828823613677,2387.63371745615,123.605805652027,412.190883222346,0.0040397205591171,9.33376469747774,5.47301659700515,0.440049330041697,3.86751629002613,4.55132379611865,0.235890868617293,0.0110868408742658,0.0066442310906579,15.3215627218155,43.1436923718436,15
13.21875,29.9339115940901,2.10467002198776,1115.86093364708,53.8299774242778,2380.03373063428,123.433077233199,411.025043959304,0.0582867824532826,11.7345080065282,4.49824220457748,0.609667363164656,3.8097337288404,4.34984381772512,0.224928867915373,0.010676322105307,0.0062907680079666,12.9325193408314,43.08420730559,15,3095.4502276528,56715.0,2,29.9347693314922,1.54853052026414,1118.2460268324,51.8267384445623,2383.49944574352,123.513751507993,412.104184116516,0.0041163599930497,9.45709999818878,5.24841794860913,0.438412200308197,3.81185237771022,4.54185708979587,0.236373965910915,0.0111026113288391,0.0066571052430529,15.1950873440834,43.1115695089114,15
13.22916666,29.932850686058,2.10376433008861,1114.14166656866,53.0790592071362,2375.42193663286,123.300344844286,410.858796904181,0.0605067344501752,11.7458398419595,4.43724736940143,0.611280783548754,3.7667888597028,4.35378089465016,0.224112421536087,0.0106474730027013,0.0062716942292615,12.8564067038346,43.0380191595835,15,3089.87986748753,58120.0,2,29.9340831290913,1.53253481958042,1116.77599285012,51.0243673553236,2379.48048495968,123.424054366806,412.039302580564,0.0041971295736628,9.56524057014802,5.08736161629521,0.437407205870326,3.76411850091955,4.53535666199669,0.236756969085376,0.0111150353812901,0.0066671867319557,15.0620747498609,43.0803328532584,15
13.23958333,29.9368057377771,2.08460692789551,1112.60260775128,52.4681496339689,2371.15698127869,123.182579331045,410.75967540186,0.0608382768541449,11.7258472989313,4.39421316028666,0.609592925635559,3.73144380326412,4.36256740711507,0.223809898314369,0.0106370718378406,0.0062670803947127,12.8002386504652,42.99707609252,15,3084.87530211702,57610.0,2,29.9345769491785,1.51723414142911,1115.16490891056,50.3498042042992,2375.09552922844,123.310848236236,411.915949087159,0.0042302191039168,9.63814544660644,4.9748928081068,0.43594852417237,3.72362985466116,4.53360652748653,0.237081938040384,0.0111257112071665,0.006676137736575,14.9446807999499,43.0409332236064,15
13.25,29.934492382823,2.08349045138353,1111.91781668248,51.9916528389883,2368.63178674697,123.155458512278,410.974077721907,0.0631221942342452,11.6922795036008,4.35707590115127,0.60975528045147,3.70394673656732,4.37224332220338,0.222973681018508,0.0106075659674553,0.0062476390350282,12.7452271733274,42.9878012288841,15,3082.24394529863,59220.0,2,29.9349570041702,1.50674982755464,1113.80346432443,49.8001375460737,2371.19012548019,123.219550593946,411.882424416447,0.0043048115510539,9.68298251424228,4.89329286514584,0.434863977069943,3.6901229150326,4.53550592213258,0.237165025306907,0.0111282572903585,0.0066790697044459,14.8388052383687,43.0092136315029,15
13.26041666,29.9341171106691,2.08849632657902,1110.85317529012,51.6476037808612,2365.21646790829,123.081390219337,411.034457312853,0.0649594234430117,11.6612001561317,4.32019207816435,0.612359136927735,3.68312693423268,4.38272734878825,0.22206411936648,0.0105754454490049,0.0062258787633578,12.6843706850638,42.9621738118127,15,3078.59645124245,60525.0,2,29.9346224675476,1.5004619717446,1112.69256554241,49.3848249554369,2367.76867497767,123.151422284746,411.933838383998,0.004364910217045,9.72103386531286,4.8269684194749,0.435274871112224,3.66356816195807,4.53895062803436,0.237132983737048,0.0111269029946282,0.0066788566835886,14.7263821809039,42.9856208903006,15
13.27083333,29.9444619573692,2.05737302828066,1110.02400301658,51.3302727720704,2362.37069165593,123.035251461566,411.201240221168,0.0620226464688703,11.5946682539326,4.29991752131362,0.606597475927851,3.6640077343102,4.3983293544479,0.222689638231264,0.0105984098523063,0.0062450389235142,12.6721126052658,42.9462706421346,15,3075.68079732709,57145.0,2,29.937184524612,1.48883707007363,1111.59932829737,49.026590657986,2364.31983123094,123.078885490248,411.992194673707,0.004308799200219,9.70725388254831,4.78303129682019,0.432627430685708,3.64199108231132,4.54796024662171,0.237244362237823,0.0111308438940721,0.0066830961556289,14.6628440725885,42.9604975609027,15
13.28125,29.9424815827517,2.04027245194699,1110.3077672509,50.9885052037708,2361.89249708097,123.114930769144,411.798721847929,0.0628267957068286,11.5141642029534,4.27399764807255,0.601158592102383,3.6447308836283,4.41255103532141,0.222539421234364,0.0105935790466817,0.0062438853325653,12.677707871196,42.974270667165,15,3075.8075196149,57285.0,2,29.9399302720174,1.47925925512873,1110.94495191428,48.6889173197156,2361.78739331769,123.053118644881,412.226270438089,0.0043382338330513,9.64916466994137,4.75332724832364,0.429146779393599,3.62297745205259,4.56088102849769,0.237051475265139,0.0111246155616325,0.00668032969637,14.645966662098,42.9516867977111,15
13.29166666,29.9377204686289,2.04438766620951,1109.79038045557,50.6810740399514,2359.59934591887,123.102370975094,412.081619087484,0.0653818618921606,11.470995693832,4.23185933061314,0.602222295732718,3.62653695668393,4.42291548657488,0.221496369815097,0.0105567505022933,0.0062190618041821,12.6523399509033,42.9701090934335,15,3073.6686746778,59130.0,2,29.9397834935613,1.47516970618673,1110.57227082966,48.408327329883,2359.84907020331,123.059648629864,412.566209341556,0.0044063374251117,9.6109590629976,4.71538894819489,0.42864127451713,3.60599861937953,4.57170730120245,0.236618646555894,0.011110005851316,0.0066711382082261,14.6105356806354,42.9541657480553,15
13.30208333,29.9373308958945,2.05559424514276,1108.00187643914,50.4499092608094,2354.54405883813,122.945221298876,411.873057755098,0.0668064262413894,11.4502635181012,4.19425123770105,0.605847174452073,3.61125648966031,4.43212259994087,0.22066888586309,0.0105274987782317,0.0061985736835502,12.6119389681527,42.9155044764345,15,3068.04722105136,60105.0,2,29.9386991653586,1.47355115264503,1109.80005649128,48.1832276000045,2357.02928133398,123.020867939038,412.748301213175,0.0044488585237247,9.60031128292065,4.67173037096765,0.429590141626758,3.59081960109429,4.58016003165037,0.236303087221911,0.0110992371076393,0.0066641339531418,14.5512217388607,42.9408567271925,15
13.3125,29.9455048552904,2.04090629622975,1106.50843732236,50.2400529741115,2350.19978870134,122.822937444175,411.786586638495,0.0642947069255328,11.4043283347634,4.18251241619116,0.603520443305159,3.59751697229534,4.44474899743522,0.221229483991194,0.0105480061147366,0.0062141530446276,12.608985211649,42.8730393191518,15,3063.32313179973,57440.0,2,29.940272750726,1.46746320642763,1108.54654723569,47.9655500895209,2353.14890564486,122.925338660923,412.747900860817,0.0043976430176008,9.56926923323025,4.64114918898615,0.428222821933073,3.5770286196305,4.59068251331867,0.236269054429116,0.0110983053218388,0.0066644182605592,14.5206288664361,42.9077387322477,15
13.32291666,29.9429766851589,2.04169208735392,1106.40794472891,50.0360862740483,2348.82565356959,122.857093102371,412.228989860202,0.0653095773298169,11.3488809053865,4.19296194716664,0.602685869513186,3.58547722146249,4.45577384025886,0.221125717653529,0.0105445183766964,0.0062117168941904,12.6156200815758,42.8851553074726,15,3062.43069213194,58065.0,2,29.9419545226673,1.46358603248213,1107.5759857413,47.7564201881486,2349.87782934526,122.861086393504,412.85926017046,0.0044291589611686,9.51895849922126,4.62678601649454,0.426708927373201,3.56451194470586,4.60251669526249,0.236062516470734,0.0110915445627659,0.0066605187089845,14.5161922951467,42.8855208335416,15
13.33333333,29.9430343254996,2.04423321797721,1105.92331978,49.8463862242084,2346.59802204153,122.846970721427,412.52052834548,0.0657047098378747,11.3094676072245,4.22695339940858,0.604007790304522,3.57393310626501,4.46560650390528,0.221040672624201,0.0105415087501083,0.0062093799248022,12.6124929072771,42.8817917818924,15,3060.4627641709,58160.0,2,29.9424157205373,1.46112710605973,1106.95289201983,47.5797494708838,2347.35264444655,122.836146294127,413.099953179906,0.0044427406175392,9.47914115060985,4.62787048133767,0.426558869923721,3.55353634977899,4.61298306262901,0.235813543849506,0.0110832474173339,0.0066553716170305,14.5056733772443,42.8770145010388,15
13.34375,29.9452865623227,2.04694224362672,1105.10050467285,49.6532412059842,2343.66676861293,122.799136870587,412.687614859123,0.0650230928290871,11.2662773426699,4.27892998834603,0.605011977430103,3.562041242435,4.47590129081677,0.221409548483186,0.0105546852321779,0.0062177752829245,12.6179879570446,42.8652257465469,15,3057.57936897601,57410.0,2,29.943284179439,1.4579245738892,1106.2819573417,47.4081241109275,2344.71748301617,122.805175949189,413.32254387195,0.0044302979380893,9.43700531759189,4.65019656218439,0.426019622459139,3.54311543884592,4.62345768738896,0.235673715444758,0.0110787204154068,0.0066528662036103,14.502673332647,42.8663766573088,15
13.35416666,29.9364929707316,2.08453902901364,1103.66695152827,49.5354376858487,2339.34994590837,122.679316700339,412.603292459796,0.0693695239407139,11.2503763115764,4.33346416329449,0.613878114105921,3.55358777247754,4.4817325208291,0.220392523180021,0.0105179419300144,0.0061887460138692,12.5882063791431,42.8235413637436,15,3052.99386423477,61350.0,2,29.9417442508246,1.46253253299303,1105.40978230057,47.2848159764528,2341.67429113162,122.75296808657,413.463485360611,0.004537267494612,9.42612773785029,4.68232564763566,0.428739749370495,3.5336181291256,4.63071270420544,0.235363714397494,0.0110680724979059,0.0066450833228949,14.4693555826448,42.8483145098638,15
13.36458333,29.9440387580094,2.10980980972201,1101.23083266358,49.4947522214521,2332.94720558505,122.446244577368,412.132226443343,0.067385736799577,11.2321390090566,4.40903646442657,0.621858511318773,3.54834969381337,4.49068464787994,0.220891332838747,0.0105355853392427,0.0061976671053655,12.5698360204794,42.7422991103905,15,3045.74517045089,59890.0,2,29.9413682381532,1.46539234333536,1104.00534412317,47.2107342307034,2337.48516587951,122.639170025551,413.39017386923,0.0044903333681421,9.42944487825168,4.72957543007064,0.431499289512009,3.52628849584178,4.63693377572541,0.235389045150882,0.0110689141589224,0.006645255476762,14.4235348735335,42.808744316117,15
13.375,29.9462200998555,2.1895753316879,1099.50136848121,49.4628796471911,2328.22201129063,122.294845640287,411.940635614447,0.0653838973028718,11.1643631928442,4.60472312890444,0.638513760316877,3.54430232626074,4.50246658363475,0.22203135892083,0.0105758882408593,0.0062153419165065,12.5976929976415,42.6895126544279,15,3040.58343999615,59445.0,2,29.9432013450921,1.47198977973832,1102.18593439139,47.1371319615907,2332.45165989393,122.477176440642,413.161212734516,0.004448505508516,9.3963689003575,4.81795815441464,0.434146689711765,3.51993109420511,4.64640277270501,0.23549693958365,0.0110728422986378,0.0066470927997914,14.4169193263237,42.7523126171257,15
13.38541666,29.927294962262,2.49642388643703,1098.07383533097,49.6729105859366,2324.17911264975,122.16678506817,411.803066452881,0.0699815410327276,11.1014712511392,5.08696126227603,0.703926965533208,3.55426664128257,4.50966134913671,0.221647153306925,0.0105604313197617,0.0061706685322263,12.5968317179082,42.644862963324,15,3036.40542978827,68460.0,2,29.9389433615829,1.51375170148916,1100.57496130534,47.2145159825702,2328.04490428274,122.341107157576,412.992377297559,0.0045698221676192,9.39944608352892,5.02652117684837,0.451529481817109,3.51861993783206,4.65173192427883,0.235269344497817,0.0110648706979822,0.0066360920967152,14.3665399607364,42.7049195658412,15
13.39583333,29.8954454586414,3.1288697068349,1088.31290332516,50.5771200642518,2301.97380251166,121.05891002953,408.286114435254,0.0817256148154576,11.1073045380242,5.90177836774615,0.840080794788398,3.60206463374955,4.50969423150048,0.218850263634178,0.0104570938301154,0.0060360478717579,12.4810241244062,42.2582322955495,15,3009.35031199605,90250.0,2,29.9202774016754,1.64260387616236,1096.49308629486,47.7920263514604,2318.62601588447,121.921116466101,411.775888730772,0.0049002982859673,9.54302784433228,5.5209713808153,0.506066844600857,3.53610892783497,4.64371699999189,0.234824394184586,0.0110482837548967,0.0066075023963492,14.1454594991141,42.5584597225502,15
13.40625,29.9230408456048,3.61236161421642,1075.0844032777,52.354219790229,2272.49030010026,119.543180631517,403.337152765783,0.0740839471259269,11.0185440785609,6.84599149150801,0.952697575427286,3.69681423226269,4.53026330937325,0.220115367855851,0.0105020866764336,0.0060175405120939,12.4717357612559,41.7291649838952,15,2973.40381616204,92530.0,2,29.9160104796086,1.77316727926785,1086.40418664059,48.9564091371979,2296.35569970748,120.790818556711,408.10627818484,0.0046184926855325,9.6362262662764,6.33165142226965,0.566656692368674,3.58750721740176,4.64477875715885,0.235418815485373,0.0110680815252062,0.0066036339924825,13.9528905820255,42.1640426168129,15
13.41666666,29.931833675073,4.24942926667083,1073.91540372807,54.8156312979601,2269.06520036014,119.398069789519,402.968566075911,0.0654583719626532,10.8037649554922,7.88015337054085,1.06824458900265,3.83461247013392,4.5563773822676,0.221261413225154,0.010545145026024,0.0059858918270619,12.6092599896157,41.678508357785,15,2971.38103470704,95590.0,2,29.9241092089051,1.92621425799402,1078.20101920653,50.6530704235673,2278.20283186446,119.859313574265,405.0925441373,0.0043097649717307,9.53718159321589,7.28430744182602,0.617675560157994,3.67448181975725,4.66442325647968,0.235465141711111,0.011070376895211,0.0065860987180418,13.9571754765716,41.8389383953421,15
13.42708333,29.9264406484283,4.95151774100783,1081.79138773618,57.8641373290302,2284.7851332049,120.264618922057,405.925658656474,0.0595228191768946,10.5909565228424,8.91004156119524,1.19189733320535,4.01586408251383,4.57652139320285,0.221105345269567,0.0105418902834878,0.005922061107738,12.8058942856183,41.9809733819665,15,2994.45893192296,102800.0,2,29.9268319661153,2.12544065656796,1078.39283487151,53.0371280712663,2278.10378076292,119.868490401501,405.195754390842,0.0040373445057544,9.32651666261832,8.35782264619445,0.680440904580969,3.80749100774993,4.69032503847639,0.234486667229515,0.0110381824259117,0.006540729716806,14.1014335071542,41.8421847518352,15
13.4375,29.9254084962468,5.69835653740622,1081.96380898866,61.1082981636756,2283.89613131367,120.259634473025,405.827710460634,0.0531639582450469,10.4610345881063,9.80329670080861,1.31092213146475,4.20713005405858,4.58666348938185,0.220768422553148,0.0105322423935518,0.0058542070656232,12.9988644226661,41.9789840463625,15,2996.27592558451,109310.0,2,29.9261084309154,2.35431034282003,1081.30910401223,55.9559288288538,2283.70688021396,120.177457308814,406.215467519873,0.0037404960582552,9.11233849906919,9.40412454191378,0.746699510667493,3.97632487085831,4.71251316579679,0.233217012413865,0.010995970662094,0.0064860407209888,14.3101739837568,41.9499828674332,15
13.44791666,29.9247173073591,6.3815833928206,1078.04226838945,64.6843195944741,2274.01999047531,119.782316980051,404.024054853003,0.0476437319004219,10.4067841306932,10.503645411394,1.40994606294301,4.41829320137342,4.58706020191192,0.220394019060449,0.0105207411520599,0.0057936998790591,13.1619918899965,41.8117903679829,15,2986.7735554952,116135.0,2,29.9252574091147,2.60550011124776,1079.96300470912,59.1912450407219,2280.06299030437,119.999783757243,405.480007690382,0.0034865808751399,8.94778024327255,10.3214406284588,0.812109277073064,4.1638477010072,4.72618022377654,0.232104538933438,0.0109587703284551,0.0064328606933536,14.5351545412451,41.8876684699559,15
13.45833333,29.9351825378821,6.65141927046362,1077.64742253093,68.6455653770714,2271.77285955815,119.704677461083,403.501588760113,0.0420866679729083,10.373956831181,10.9616141357848,1.44600943779865,4.65025038220969,4.58623344661929,0.220709625671368,0.0105338286882223,0.005781526306977,13.3096979904894,41.7836835091105,15,2987.29184789734,116895.0,2,29.9299357440961,2.77130336071044,1078.33627892185,62.7054144440986,2275.6016736549,119.78240289704,404.524393575058,0.0032733018149604,8.82435073480617,11.012552781644,0.852066522723312,4.36980680110512,4.73416952756879,0.231429151169848,0.0109363637266665,0.006399810422388,14.7564778475491,41.8111387489236,15
13.46875,29.9408847368643,6.51085752481019,1079.86561851412,72.5803085700298,2275.35072865373,119.935608622386,403.993300067373,0.0389818029410024,10.3752645018833,11.0382545877912,1.41744303271779,4.87638030770259,4.58122135875104,0.220943831846958,0.0105431428455913,0.0057982824793249,13.3953480489061,41.8627863537153,15,2995.19126308601,116290.0,2,29.9363595313364,2.83285100646054,1078.57562898378,66.2784815314217,2275.11261762714,119.782550068671,404.263707695536,0.0031707201941163,8.74020183418224,11.3959950417572,0.857613530499637,4.57780557912194,4.73730736110971,0.230965079598749,0.010920923769132,0.0063832359810224,14.9367415453366,41.810087176238,15
13.47916666,29.9421303033742,6.17264636572601,1082.73284537627,76.2565876940798,2280.24374475842,120.238533703489,404.713100385558,0.037907311297183,10.4400393213764,10.7005739781303,1.35478832104797,5.08780335161718,4.56983964573518,0.221025198258405,0.0105461172002858,0.0058264211178396,13.3844097531478,41.9665648747763,15,3004.61353259444,116360.0,2,29.94005565665,2.83910214457,1080.85185876047,69.7584820785745,2278.87818679138,120.018040434893,404.773158891682,0.003141564447447,8.7312325352203,11.3743584071611,0.842954281973916,4.77952014321771,4.73211939723033,0.230855089398703,0.0109171803203176,0.0063802712366687,15.0198234477646,41.8907090292968,15
13.48958333,29.9448663365644,5.86781796532726,1083.65927918857,79.5546142551754,2281.06681640017,120.318377248759,404.678589595948,0.0372972892066395,10.5281167234912,10.3646042848203,1.2945372877507,5.27639897912371,4.55685537189986,0.221267213229942,0.0105545997860236,0.0058559117397499,13.3211330388466,41.9921622365179,15,3008.45237919385,115775.0,2,29.9427034908828,2.83546961529313,1082.60679443335,72.9672176463095,2281.45089311003,120.193137750283,405.067698190209,0.0031274323599906,8.78360050561151,11.0807182036659,0.823196974132338,4.96504753627777,4.72068709707596,0.231150617994422,0.010927074787555,0.0063870676423956,15.014205439302,41.9498450073392,15
13.5,29.9500823856775,5.58566712267856,1084.55760238555,82.4696034748065,2282.21930322669,120.402812712046,404.667417910818,0.0365633951313526,10.5911449488551,10.1057342413066,1.24056784407314,5.43999806940621,4.54670772205327,0.221585552138693,0.0105658162176305,0.005885889120403,13.2687481452937,42.0192510056032,15,3012.25199303664,113505.0,2,29.9465665833664,2.82420973223188,1083.68727210424,75.8074132148742,2282.76472536871,120.29306791149,405.114313181103,0.0031089214478612,8.83477573655746,10.7959690866654,0.803656750894689,5.12818581386024,4.70959647188231,0.231534163910913,0.0109400363414887,0.0063967118893203,14.9870950210888,41.9824991211183,15
13.51041666,29.969404065945,5.11006468682454,1087.32148794339,84.670498130987,2288.59903205214,120.758590540443,405.599033350546,0.0340698544496555,10.5985487465579,9.74906582632742,1.16247650489497,5.54865606996237,4.5434156666452,0.222556985058357,0.0106007022817838,0.0059478614689039,13.3026480403154,42.1411638055784,15,3021.81735436731,102305.0,2,29.9574449611563,2.73735527887116,1085.23358904508,77.9597933652194,2285.68844793655,120.468011709734,405.459103261874,0.0030607414561945,8.80736110179042,10.508711566581,0.768118686615817,5.24870295196917,4.70714030072806,0.23176930744839,0.0109484430056304,0.0064122596861624,15.0376547704733,42.0413422154472,15
13.52083333,29.9638235257776,4.78050356475716,1090.54732707623,85.842471291145,2296.32296864749,121.204101784855,406.833787824046,0.0340572744520135,10.6653939835516,9.25701238931251,1.0963862790734,5.59935596914964,4.52773237742156,0.222436473962875,0.0105954395767424,0.0059734470960044,13.3186957157822,42.2946054641603,15,3032.28394656594,98870.0,2,29.9626916254675,2.6747416340236,1087.87909467625,79.3472090049434,2291.69664940381,120.813594842384,406.403833848933,0.0030766031065183,8.77219566279653,10.1260682529495,0.732628881756874,5.31919377792432,4.70289478854964,0.231583633524416,0.0109422567502847,0.0064156177580448,15.1207288518163,42.1598622747546,15
13.53125,29.960828657048,4.53151888015748,1091.81785915417,86.3078300717187,2299.57997080012,121.420619633223,407.293763799241,0.034625846263493,10.8085082792209,8.74206799052502,1.04744702508019,5.618192018165,4.50440409209377,0.222266922082776,0.0105878691584106,0.0059907330155065,13.2895388015495,42.3683805059345,15,3036.59131797331,96950.0,2,29.9620016048927,2.63414064973806,1090.14642487299,80.1330935836368,2297.02463341169,121.134156710543,407.247393377323,0.0030979579005473,8.81836432365723,9.65104331502296,0.709374978579885,5.35690389141887,4.68831925017685,0.231758419024921,0.0109479692959394,0.0064239308116028,15.1565961956557,42.2697994133835,15
13.54166666,29.9600472605842,4.40497022928743,1091.87775494647,86.400713397895,2300.18505835924,121.492241089809,407.282921629887,0.0352003480775785,10.962047263195,8.27262776924241,1.01967727661424,5.61934918838563,4.48078379078561,0.222204486811602,0.0105842594840798,0.0059997031033822,13.2455986779983,42.3918883809133,15,3037.22293335316,95830.0,2,29.9607994231009,2.60888887357372,1091.26059041938,80.4615160789609,2299.84367505433,121.325856207428,407.650826199047,0.0031181592733618,8.92527331789271,9.1599835046212,0.694402475466223,5.37121804024975,4.66763006659211,0.232307717130624,0.0109662277237997,0.0064384637269533,15.1502719699766,42.3349829459083,15
13.55208333,29.9609518842,4.33088780753941,1091.61989907966,86.300780490154,2300.23682941691,121.522592752825,407.162322554442,0.0358114237887538,11.0783949854548,7.87778590396711,1.00541872293526,5.610833026043,4.46200160310624,0.222170527657172,0.0105820108962729,0.006004868684951,13.2158104803662,42.4013250238545,15,3036.93281198838,94865.0,2,29.9606003760677,2.59230375004022,1091.55507108485,80.5017943845618,2300.96127047046,121.42149074887,407.741461221193,0.0031365109343973,9.03945218504877,8.706097866051,0.686585194483154,5.37077827587553,4.64707836969484,0.232942763472807,0.0109873991813796,0.006453878040256,15.1333506371075,42.3669198326734,15
13.5625,29.9698176017696,4.22900519295477,1092.13799623172,85.9625883359659,2302.40494093485,121.653948109512,407.425074669397,0.0353653892663583,11.126649556064,7.54294799082242,0.989922650297065,5.58557767050757,4.45214872931532,0.222764930679408,0.0106029850829396,0.0060273865920372,13.2374264152623,42.4463159108011,15,3039.02314814418,90015.0,2,29.964286023577,2.55854959277088,1091.72165060667,80.2546692851331,2301.99380925921,121.501985030251,407.821094972813,0.0031296784493165,9.09705338036555,8.32572433706543,0.676720880133832,5.35515267966936,4.63375462361447,0.233479141576449,0.0110055697774976,0.006469536696502,15.1573174281007,42.3938844465011,15
13.57291666,29.9526664671839,4.28834593212386,1091.68498031159,85.4879415702017,2302.06545875255,121.651582593602,407.25164030981,0.0387909743759693,11.2083109357931,7.20774397169408,0.997386875018754,5.56005148406211,4.43611722587915,0.221563043541532,0.0105587389661673,0.0059936602141188,13.189206467861,42.444935467222,15,3037.93990425373,96320.0,2,29.9606800408178,2.5683544691766,1091.9455491851,79.9528191682822,2303.29531752238,121.593242035973,407.942650657704,0.0032127997227494,9.17892099103912,7.9619527353181,0.677818328528871,5.33443345325949,4.61823540484887,0.233587403959868,0.0110086986241241,0.006470167970298,15.1378322975823,42.424876083111,15
13.58333333,29.9631545832806,4.30193356266257,1089.00730891872,85.1229244880944,2296.94282554231,121.376729239375,406.201985262691,0.0388546480347815,11.2420660688641,6.9925760418881,1.00591278123872,5.53982517569773,4.43233457588736,0.221884521994898,0.0105702759633294,0.0059995683214152,13.159285048254,42.3487740090717,15,3030.7504105952,93945.0,2,29.9598931539611,2.56627931607487,1090.85104483376,79.6478276386804,2301.57071583892,121.513234600695,407.504085197585,0.0032092867357867,9.26591183329964,7.64890441443459,0.682109746168921,5.31699975968793,4.6051327138482,0.234121880069993,0.0110265778756595,0.0064818373962525,15.0861184140952,42.396404079311,15
13.59375,29.967350615721,4.2709360681336,1089.74534959859,84.8021670857711,2299.52793231269,121.50168358187,406.535520784997,0.039150354356932,11.1956160705295,6.83465974184931,1.00460572349293,5.51842466051847,4.43634570165886,0.222122251595484,0.0105791102665069,0.006008057102378,13.1797874577032,42.3923291959617,15,3033.37873691991,91660.0,2,29.9635958115651,2.54844751211961,1089.67836640733,79.2539222922078,2299.83595325457,121.419051590543,407.07421036517,0.0032184497138679,9.26160073114639,7.43919044077562,0.679577968860627,5.29396222912058,4.6034921275882,0.234258099782128,0.0110313305273953,0.0064870521173094,15.0933870764695,42.3632556328595,15
13.60416666,29.9708123047407,4.18203263798222,1092.24554415133,84.2993397787385,2306.06314457065,121.835375010945,407.599401396915,0.0394877145745278,11.1277278667263,6.6991115954631,0.993205252717287,5.48645905379997,4.44295409634055,0.22238095646707,0.0105887732905177,0.006022568668094,13.2178679066948,42.5088619900932,15,3040.91375017401,88565.0,2,29.9672204001038,2.51566773030954,1090.65801969753,78.7961370426408,2302.86694913667,121.571832657704,407.515898227904,0.0032264857630204,9.19743831126453,7.27505864078639,0.671899291344442,5.26763114640905,4.60866484564542,0.234059437996553,0.0110249424778145,0.0064869225674628,15.1405201193752,42.416479935887,15
13.61458333,29.9686164264169,4.03488185372544,1093.3995175132,83.5004723755969,2309.63013116319,122.017915412107,408.179629565997,0.0412033883712264,11.0924340325734,6.5327798203916,0.969819665292221,5.4382674117342,4.44628412650474,0.222098573777241,0.0105785082837069,0.0060298781599127,13.221981939354,42.5727460426582,15,3044.47530905456,87500.0,2,29.9685042391019,2.47467745381416,1092.06915111544,78.1823294057488,2306.89353202988,121.779027437066,408.169469308091,0.0032711177055553,9.12975900830173,7.12857258536568,0.6607354024423,5.23196765626775,4.61459636367732,0.233666511540217,0.0110118426772462,0.0064833816330859,15.1827532610782,42.4888289366814,15
13.625,29.9661750550623,3.88637428979745,1093.36156841462,82.5818125456039,2310.34311884601,122.056181949722,408.291866608696,0.0433762553894506,11.107263904,6.35641885696294,0.943086597574666,5.38520702727841,4.4457882776944,0.221589138139246,0.0105597358102147,0.006031916094136,13.1709653999107,42.586381004396,15,3044.41569702679,87475.0,2,29.967591810822,2.43417005818682,1092.89650630943,77.4502018479746,2309.53730116373,121.919484554065,408.613469223033,0.0033325853850282,9.11144224071882,6.95566553065939,0.648734713469014,5.18950567902927,4.61638848426665,0.233424520516354,0.0110035878961004,0.0064828153272858,15.1707770554888,42.5380017089889,15
13.63541666,29.9692647209023,3.76527256934341,1093.03212504311,81.6405138642573,2310.40203960091,122.05955567903,408.307458864462,0.0443171153644988,11.118361180825,6.2524555557191,0.920380922508081,5.33044765653265,4.44695483548277,0.221588152995496,0.0105594659891035,0.0060433265001112,13.1185445396047,42.5879126396803,15,3043.52220426858,85670.0,2,29.9678786498524,2.39359953580441,1093.05171928418,76.6244983862031,2310.58606336802,121.979264411307,408.805745918444,0.0033670390666695,9.11812110963046,6.80192380137398,0.636672677200562,5.14236338234247,4.61664683146182,0.233456186539795,0.0110046299000902,0.0064882906974277,15.1289858074121,42.5591156112411,15
13.64583333,29.9661840265211,3.70868102284415,1092.5996912742,80.7046877361011,2310.2034737048,122.047530061825,408.286680715343,0.0460249441600528,11.11890368575,6.22404807928423,0.908902252572872,5.27685606273962,4.44812140025371,0.221270303786725,0.0105476798935959,0.0060411108087606,13.0660945084798,42.5841306919539,15,3042.31964563817,86365.0,2,29.9674987990981,2.36607576082554,1092.90900214178,75.7788093141642,2310.96371530711,122.003804724015,408.895242963896,0.0034204053148127,9.13179920521602,6.69931389645534,0.628744693877504,5.09361657241477,4.61651218496801,0.23346041673004,0.0110046583992401,0.0064915246153024,15.0734752994086,42.5680089928734,15
13.65625,29.9704459554415,3.67029708904273,1092.15628128109,79.8046124701861,2310.05643662386,122.0337763744,408.277229649378,0.0460340028061402,11.0915406933496,6.25766830225897,0.903301852706172,5.22489840818455,4.45333566824941,0.221561350549331,0.0105582420884232,0.0060515792874892,13.0420874291818,42.5797881342675,15,3041.18109339989,84490.0,2,29.9682899279142,2.33950391628177,1092.56133740289,74.9341029795368,2310.88470172376,122.001316296771,408.91045392449,0.0034293397289283,9.13168752488288,6.66293282231791,0.623031566701075,5.04552977363178,4.61823903573068,0.233548990611359,0.0110077212156073,0.0064966899726094,15.0267478756503,42.5675317019217,15
13.66666666,29.9709884535344,3.64912992273721,1092.25484130507,78.8856608903238,2311.16932698826,122.085762298806,408.505219524424,0.0463264340226077,11.0382033202872,6.27488161334958,0.900914427249056,5.17158326413813,4.46021924672729,0.221706832804707,0.0105637003935316,0.0060570907337234,13.0449809747599,42.5984063921906,15,3041.6244130493,83460.0,2,29.9697271724995,2.3150202023401,1092.34516453852,74.0744019548914,2311.16020451455,122.014594295651,408.999587513936,0.0034450127894699,9.09792294388674,6.6693646284582,0.618018979511402,4.99664224560085,4.62337787018247,0.233453439094658,0.0110046535861631,0.0064976823471341,15.0119724909948,42.5725913594293,15
13.67708333,29.9720051368856,3.6635330271973,1092.36886912721,77.9325308517149,2312.34404698406,122.141149215845,408.756419261547,0.0461239632093118,10.9745309182081,6.2844875681601,0.905331761466556,5.11666736579676,4.46798371475989,0.221915537065844,0.0105716836554743,0.0060610097715424,13.0655157592421,42.6182352468626,15,3042.12093801543,82225.0,2,29.9708035609515,2.29482558348709,1092.33405551192,73.2058395294526,2311.92720580417,122.052675665307,409.187084303374,0.003448115545924,9.04492435463281,6.67774682345467,0.614755802102991,4.94742417849953,4.63033046400041,0.233241429521794,0.0109977050820424,0.0064956676894896,15.0183398607029,42.5863355756324,15
13.6875,29.9744819080638,3.70167085000045,1092.5612682477,76.9275527891639,2313.80076176093,122.210456268128,409.065601287626,0.045189095893119,10.8889474408424,6.35940711724959,0.915474353810625,5.05859249647408,4.47762150364331,0.222391571636433,0.0105894756631358,0.0060688623054948,13.1178958508692,42.6429138158048,15,3042.90641562701,80185.0,2,29.9723525523847,2.27560548190463,1092.41011946795,72.2984844688183,2312.94672088018,122.102829425614,409.43081646953,0.0034332010206666,8.96567932758214,6.71124183047704,0.612676572230632,4.89646542619955,4.63970146704742,0.232945733197772,0.0109880619635205,0.006491846582562,15.0566452800087,42.6043062885458,15
13.69791666,29.9742311704299,3.66167577743803,1092.71300945241,75.8571948825926,2315.13616289505,122.279258727824,409.379820542624,0.0453593366766073,10.8128673008393,6.42963971004035,0.913590366255321,4.99723352019668,4.48577387016239,0.222497337395849,0.0105935423424077,0.006075429568753,13.1697584870035,42.6673627022725,15,3043.52460690208,79030.0,2,29.9734373939424,2.24828282398913,1092.55187885998,71.3519568053907,2314.16242580641,122.164404117815,409.724259693906,0.0034455891014709,8.8729548706741,6.78012073359671,0.609166527191291,4.84340296465159,4.65013706334671,0.232490707916602,0.0109729773287907,0.0064854621883208,15.1156955959034,42.6262481594804,15
13.70833333,29.9746907644443,3.57094094704038,1092.65070934085,74.7479364565826,2315.80891329825,122.326184525234,409.623179722123,0.0458921988289651,10.7811511353662,6.41098674296142,0.899105932821432,4.93413665555383,4.4898879887774,0.22245919245648,0.0105921429289167,0.0060834068984968,13.1874836660025,42.6841096374459,15,3043.38077473536,77825.0,2,29.9740099043295,2.21248145794148,1092.63043909363,70.37526540889,2315.15331012121,122.222116554949,410.009910544824,0.003471235606557,8.80392213048739,6.82479640043837,0.601424871865684,4.78876697045593,4.6582014149699,0.232090524111995,0.0109595988915484,0.006481158900584,15.1595238370465,42.6467996105621,15
13.71875,29.9740332122383,3.41730070904879,1092.35478153945,73.6339343883693,2315.73710766355,122.348404821299,409.78348452827,0.04737707251042,10.7996340040117,6.2935356844355,0.871406592922815,4.87115278402413,4.48902729935762,0.222134128740689,0.0105799505090439,0.0060906374643211,13.1616779386932,42.6921753044248,15,3042.41241618402,77280.0,2,29.9741297594945,2.17005374163327,1092.55922498416,69.3839388092818,2315.65443832103,122.265816396778,410.249769563916,0.0035233590678656,8.77790525125759,6.80199623720751,0.590447038830404,4.7332162216228,4.66193381992331,0.231860234537538,0.0109517703946949,0.0064811837942663,15.1685025803533,42.662410420388,15
13.72916666,29.9736339347888,3.33362991289629,1091.8174444822,72.563360264132,2314.97049162955,122.343710375659,409.851493343607,0.0485052041610938,10.8507950981852,6.15983833305563,0.852044182426923,4.81090167038868,4.48470543489628,0.221927676670596,0.0105720789610164,0.0060938159222058,13.107113556761,42.6908094970207,15,3040.67798219413,77010.0,2,29.9739095260584,2.13502761093927,1092.28661446919,68.4064455509833,2315.5198252945,122.288802957952,410.417285716567,0.0035704987238838,8.80319249232547,6.70968837228912,0.579737556710877,4.67821906060818,4.66043838568199,0.23191599526414,0.0109534893489423,0.0064864549103962,15.1331523231982,42.6707452816479,15
13.73958333,29.9681122345144,3.30989539790653,1090.62774347094,71.6395661620916,2312.64379773744,122.25807965084,409.639837457959,0.0509223976159001,10.9175113795225,6.07051653938884,0.8467044734675,4.75994882897905,4.47784697051914,0.221275500401139,0.0105478788485609,0.0060803118086213,13.0307257118481,42.6611997959148,15,3037.10266820639,79575.0,2,29.9717852454986,2.11654389255152,1091.6890647349,67.5273318845497,2314.56752610195,122.275699708458,410.450719837693,0.0036472118623038,8.87756092598737,6.59984887287072,0.575964829274213,4.62770472078967,4.65378529717134,0.232141737019302,0.0109607239759963,0.0064931915285757,15.0512466719633,42.6664682972609,15
13.75,29.9520381422683,3.45173560496924,1086.5989860858,71.1467353135506,2303.64174474104,121.817468750552,408.206776965907,0.0562172386531865,11.0380476169047,6.05257939097067,0.871466156735627,4.73713988641848,4.46496192574132,0.219283754217836,0.0104747023336796,0.0060187026315045,12.8761791226713,42.5077803696759,15,3025.43961916989,89415.0,2,29.9634490423402,2.14121126052711,1089.88438665671,66.9793164392588,2310.82286845606,122.118112899754,409.953982986263,0.0038038146488552,9.05759355342302,6.49996202308053,0.587060309788655,4.59325885298783,4.63693450077267,0.232495921988543,0.0109715889790713,0.0064967141190546,14.8563901204816,42.611809220133,15
13.76041666,29.9701462365692,3.51917905306538,1081.44711812973,71.1307071921541,2292.46043986378,121.245860458433,406.334344004003,0.0535316378200914,11.0714041467437,6.15520267512569,0.890117683454501,4.7364369667184,4.46708197692186,0.219937353993745,0.0104985065881621,0.0060274153736454,12.8085936317904,42.3086529355877,15,3011.19534193776,86850.0,2,29.9635683984693,2.15363927094066,1086.05700324529,66.7279818364818,2302.50996528942,121.708907105401,408.602099907248,0.0037411006792781,9.2096548680554,6.49198989896006,0.597990098529473,4.57769254510537,4.62503919044731,0.233438479830207,0.0110031585780343,0.0065155555340221,14.6794802756157,42.4693758936919,15
13.77083333,29.9687191241707,3.62773655459206,1080.60728020843,71.3727867741838,2290.77368647786,121.174574768863,406.148064603364,0.0535309856599858,11.0293589490207,6.30416770944006,0.909772436118651,4.74920529367919,4.47256438259191,0.219936309763892,0.010498576651042,0.0060169453038685,12.8050624701205,42.2840801614913,15,3009.27035474565,88675.0,2,29.9670018228428,2.17408802923492,1082.68125160828,66.6926358608928,2295.3188990773,121.349878977378,407.436658490718,0.003747203466591,9.25226537328711,6.57430366743672,0.605634290354377,4.57356220446115,4.62398714394371,0.23376252822415,0.0110140508715721,0.006520099395797,14.6026365103725,42.3444213138113,15
13.78125,29.9773050515344,3.58690211002941,1084.76664794804,71.7645005365453,2299.87531173701,121.677512362556,407.890460457199,0.0516996292152121,10.9691630842276,6.50836774042078,0.907934673545434,4.77207282034311,4.48165911480526,0.220682815206686,0.0105257228988004,0.0060382681236645,12.8435631846572,42.4598473483448,15,3021.32571029227,85605.0,2,29.971320418733,2.17071408422483,1082.84312553093,66.8574209469705,2295.77959762018,121.392558261861,407.630791625405,0.0036892735256463,9.22197734817558,6.71984835883081,0.607594392329497,4.58321514873758,4.62979805332656,0.23386491142223,0.0110178148264578,0.0065230904913228,14.6003963555967,42.3596179079442,15
13.79166666,29.9823118827159,3.51151133469781,1087.58015621115,71.8131960430202,2306.33420407853,122.04849855335,409.202485391339,0.0501663690056022,10.9119445739022,6.65260273746377,0.893034257265335,4.7715210009716,4.4891694860501,0.221575428872401,0.010558063567729,0.006066444198794,12.904877081206,42.5894500140802,15,3029.6759927186,81775.0,2,29.9766468303121,2.14888201481454,1084.96936555649,66.9333695584888,2300.53747258504,121.667549883195,408.628847530999,0.0036402413311629,9.13839269311036,6.89352489204445,0.599029313302975,4.58895497220111,4.64018484536934,0.233733687585035,0.0110138833711094,0.0065234288994961,14.6668477182521,42.4557959578684,15
13.80208333,29.9913992057431,3.38653721159434,1089.72828519263,71.3793325114014,2311.7088544013,122.366113611891,410.353095494641,0.0474743598924623,10.8429030119407,6.55761792332711,0.869788860965842,4.74172065961779,4.49726295185255,0.222915776598661,0.0106070589623028,0.0061106746416501,13.008345085988,42.7003626463347,15,3036.17703289365,74810.0,2,29.9828937601051,2.10944168796581,1087.10210506211,66.6802708286348,2305.46192690806,121.956688733659,409.703935227659,0.0035691142297367,9.00987369154942,6.98530700277944,0.584235735660707,4.57665505122789,4.65369697200092,0.233466698426745,0.0110056210178183,0.0065232213970633,14.7994724059614,42.5568192074393,15
13.8125,29.9765442045849,3.47104345142623,1090.31383857475,70.6165592886351,2313.60391967615,122.503990405763,410.895636823888,0.0493404399844585,10.8208495722096,6.47022335167407,0.880069133655429,4.6967273624481,4.49562168128644,0.222577886664915,0.0105950511454463,0.0060945709210523,13.0660836598261,42.7485840109223,15,3038.01189658508,77385.0,2,29.9824379728849,2.10368253302131,1088.82383701541,66.2020367145893,2309.66344651848,122.214390905684,410.672489562744,0.0036145966807311,8.91589082745107,6.94584482578668,0.579051055298248,4.54953772772571,4.66183229541383,0.232843680250312,0.0109847452460249,0.0065104022827386,14.9138991896324,42.6468403428125,15
13.82291666,29.9544826421415,3.66069052630874,1086.37508201831,70.1277029973967,2304.98717041425,122.08394473737,409.517339126934,0.0550344916862656,10.9199545524963,6.48048258799656,0.919007616606829,4.67374285024251,4.48234265884848,0.220634405831186,0.010523861832709,0.0060296889417563,12.9881122635037,42.6021984572335,15,3026.77007831362,88115.0,2,29.9706682087958,2.14507358166728,1088.63677676785,65.8846924412504,2309.69187415272,122.253499841989,410.84210422549,0.0037570652997507,8.98510463058911,6.90755588930793,0.596970908019535,4.52777523038216,4.65333645403431,0.232537190644384,0.0109735370066732,0.0064976535262353,14.8715321935543,42.6606450660824,15
13.83333333,29.9602561871862,3.81766693481983,1078.65115342793,70.2495988608009,2287.83367321292,121.20379871096,406.564820018097,0.0555438236150475,11.0270456452165,6.52368332096543,0.952821758893928,4.68452969889631,4.47472041511827,0.219964906070448,0.010499206731743,0.0059986666495688,12.8829681811204,42.2952831846386,15,3005.0987455615,92055.0,2,29.9629859451444,2.1893747931791,1084.52457234132,65.8653655566885,2300.84897405107,121.818109164034,409.365764817231,0.0037772750709964,9.15567968411842,6.89913024661989,0.618665446844752,4.52370726126366,4.63765210579965,0.233109393053952,0.0109920965650557,0.0065039540472356,14.7213114507531,42.5089329166427,15
13.84375,29.9711358768721,3.96571604975374,1075.43653516874,70.9047177072186,2280.7060718081,120.846462086459,405.368680107317,0.0530979254043865,11.0197878481103,6.71773415000533,0.980851231250645,4.72213061230926,4.47848766103947,0.220409287313922,0.0105156286128679,0.0059953237372725,12.8661406595605,42.1707710408263,15,2996.574928439,91780.0,2,29.9656726858443,2.22724032732511,1079.41333333432,66.1390415906326,2289.70631444658,121.251388717237,407.449185594815,0.0037169236601426,9.25208654834663,6.97638705209749,0.633520609575623,4.53771528961461,4.63108352598267,0.233756487331491,0.0110138178049477,0.0065133916968109,14.6247610718685,42.3113898954796,15
13.85416666,29.9647108765971,4.20026595920376,1077.74459389783,71.9630628843183,2285.35307192661,121.110339319896,406.243095388368,0.053112897612832,10.9717236638606,7.02257223585471,1.02112951106307,4.78761086286861,4.48275380801245,0.220005173435051,0.0105012304479091,0.0059643522459325,12.8725512587611,42.2630194344663,15,3003.50788713862,96975.0,2,29.9664747590286,2.29301017011433,1077.58617201784,66.8325368276204,2285.68945460789,121.055172001336,406.768622524305,0.003706082323453,9.27672063678672,7.17682456357515,0.653427663306202,4.57619024495406,4.63060232297115,0.233807516783298,0.0110153981616989,0.0065064051897639,14.5782892516865,42.2431179470003,15
13.86458333,29.9911506349019,4.1532170108554,1081.10441194112,72.9046052017508,2293.08109586838,121.528354714094,407.649019196536,0.046732591117926,10.8392027982673,7.30601900474497,1.02242788887866,4.83747047587806,4.50045687002736,0.222026524405338,0.0105756797359988,0.0060163668743906,13.0016002129511,42.4089660738161,15,3014.00733974677,86760.0,2,29.975827246266,2.28530795792591,1078.9027991681,67.5797651434956,2288.55616257913,121.215530298449,407.310639065246,0.003515768794217,9.17569468465921,7.45646626814735,0.655415150236277,4.62211385424937,4.64302739182887,0.233937108821604,0.0110206704261226,0.006511157755703,14.6582287639162,42.2992244187049,15
13.875,29.9948817592436,4.07398079087201,1085.08879459294,73.1199317403626,2302.88442515306,122.06511036504,409.475904990823,0.0437949070872312,10.6791607420814,7.54311952258504,1.00691845667434,4.84044953503537,4.51475848787548,0.223277410486366,0.0106217755926417,0.0060534936393861,13.1880308748094,42.5961882811632,15,3026.42276634254,80300.0,2,29.9860813973207,2.25159083882056,1081.49965607413,67.8919014747037,2294.70724778808,121.552188482355,408.494424360397,0.0034366344656093,8.95922502995604,7.7195475602981,0.639766741866691,4.64120928406053,4.66490865185323,0.233257754528533,0.0109987894850968,0.0065015321256521,14.8727158235359,42.4167233413619,15
13.88541666,29.9728946629896,4.20872413840769,1085.98496057901,72.9151950265694,2305.53725151501,122.234258568547,410.040332494824,0.0462772795718415,10.6462814620761,7.71393176127449,1.02571344863456,4.82749181359818,4.51149699105633,0.222531862312812,0.0105947409907565,0.0060235610482355,13.2605948024165,42.6550807130432,15,3029.52530917275,85760.0,2,29.9830072882661,2.27431704251547,1084.08049170842,68.0003420192201,2301.07908761314,121.909778363573,409.72482572584,0.0034796029407244,8.81835768983244,7.94428811761,0.641350138142808,4.64522193262742,4.67591731987639,0.232213584629554,0.0109636387605936,0.006476092546311,15.0319458420252,42.541438519056,15
13.89583333,29.9457246726182,4.59430021040035,1079.57269645566,73.1279052809105,2290.99425358124,121.492526658555,407.471941640002,0.0514063099945974,10.7941313607592,7.78179740554684,1.0891205564267,4.85168908934607,4.49160367101014,0.220210471195685,0.0105097418350058,0.0059343242220429,13.1326831333533,42.3962068508474,15,3011.29164785041,101520.0,2,29.9651726080854,2.38790519825282,1083.35199231523,68.3868243479197,2299.93868831579,121.874838214957,409.533493043261,0.0035925871459652,8.91635220031765,8.09062035611516,0.676825787197653,4.66348481015975,4.66233546367493,0.231859113475193,0.0109505221608802,0.0064535758441964,14.9625948887732,42.5291881411798,15
13.90625,29.9792903005951,4.63305405674541,1072.11821531811,73.9810469540471,2274.73394313072,120.638692364295,404.519639229386,0.0456238812098444,10.8200036847209,7.84466035299578,1.10614818780651,4.90102096685724,4.49475486118557,0.221422705278091,0.0105544875846952,0.0059592904845193,13.1224622047588,42.0982005914721,15,2991.06730319102,94630.0,2,29.9667514965623,2.41767756952124,1077.78126371789,68.9469731895444,2287.79956990087,121.244087705099,407.315002452207,0.0034379839399326,9.01933965042016,8.19806976027501,0.696015515185708,4.69771136298957,4.65294842425135,0.232718487120511,0.0109796380466561,0.0064688584409714,14.8825092245768,42.3090583940434,15
13.91666666,29.980423303533,4.59402156939347,1075.36982871545,75.0381586214068,2282.11395130598,121.05213791963,405.822995065627,0.044036880473343,10.7655855828317,7.90690869655075,1.0955161013883,4.95813762786013,4.4980335749387,0.221507150235246,0.0105580393674981,0.0059652681140208,13.1788510157125,42.2422669360823,15,3001.22950392313,93700.0,2,29.9751157197641,2.42160804222337,1074.88033701143,69.6025886106757,2281.7200838353,120.933353527993,406.20032931497,0.0034095132497717,8.99042191306218,8.28352947590187,0.69319258310707,4.73444744306885,4.65633747940588,0.232725918656941,0.0109801195371251,0.0064688429628254,14.921086447676,42.2005198518287,15
13.92708333,29.9762355650958,4.57708253294185,1079.78910053333,75.9640343734318,2291.78947107393,121.597621620929,407.546680734532,0.0437858249842827,10.768992860612,7.95675196250867,1.08822773364342,5.01287847720449,4.49399684053274,0.221290406450434,0.010550182282394,0.0059618671659248,13.1970416185141,42.4322755706286,15,3014.33938793009,94985.0,2,29.9767437083644,2.43588320104669,1077.06766345856,70.4407387076005,2286.66025454227,121.217467725656,407.063981759727,0.00339468372541,8.96519089777069,8.34902805928021,0.692258712728845,4.78251311994636,4.65668764307819,0.232514705216959,0.0109729875793866,0.0064625931460539,14.9581873676744,42.2994454276357,15
13.9375,29.9928954268311,4.3832128050938,1081.70935998896,76.4610177351748,2296.68426661189,121.885546311756,408.419097753132,0.0406165064992532,10.7478003528312,7.98516380140161,1.05742054365526,5.03564515798474,4.49538522149194,0.222570740540383,0.0105967265156514,0.0060090001952516,13.2725020188881,42.5322986912941,15,3020.76869031916,86795.0,2,29.9829201114101,2.39485651947972,1079.39771741779,70.9963483347744,2292.00968953405,121.526321473633,408.025545801306,0.0033135462445848,8.90727773437686,8.40444798780901,0.678194992991984,4.81630149227789,4.65996859539137,0.232567059141456,0.0109752747836156,0.006469183682988,15.0441534203742,42.406888295974,15
13.94791666,29.9538926713451,4.54691992365586,1080.19214275599,76.8751644511445,2293.01186450786,121.734844068817,407.775789622995,0.0470101306127989,10.8893090386752,7.90773750885659,1.07059055301494,5.06699934701299,4.47176704516275,0.220038690122865,0.010503495420475,0.0059349284725686,13.1570472922654,42.4792436864926,15,3016.55178681997,102720.0,2,29.9727604901505,2.45996813157728,1080.6342826718,71.6003146861494,2295.01500891677,121.722676720809,408.558132917777,0.0034698154918055,8.98221585777586,8.38279730160202,0.68710802182285,4.84773225706781,4.64719687210385,0.232175199225162,0.0109610332286337,0.0064519033435317,15.0055662516972,42.4749787640859,15
13.95833333,29.976905604827,4.52123104104566,1072.82826290889,77.637246783749,2276.68159062288,120.887570678788,404.793275278836,0.0444215029288038,10.9995253827161,7.83539874580267,1.07082292453899,5.11376970372515,4.46411601455471,0.220660036235725,0.0105258855576301,0.0059512449784877,13.071319828436,42.1832021886532,15,2996.25836134634,98980.0,2,29.9703195944777,2.48369787001892,1077.63421615829,72.318477033218,2288.27174670466,121.395078775611,407.292489839535,0.0033942303194124,9.14127883329176,8.31667836184208,0.698157162919911,4.89139205835645,4.62903468683292,0.233099560734548,0.0109919468446905,0.0064688995009647,14.8797540388293,42.3602481567672,15
13.96875,29.9833345321301,4.36610395809468,1074.3635250228,78.6301667964668,2280.17650125859,121.095496428203,405.368481309728,0.0433944467357599,11.013727594615,7.69314928817234,1.04176663926526,5.16678212493159,4.46236899748422,0.220877126355471,0.0105336867629368,0.0059702833185978,13.06346776246,42.2553815962702,15,3001.41716430904,96325.0,2,29.9772502203917,2.46823976873705,1074.40524886917,72.9658616672374,2281.26412018734,121.043775565976,405.989175918038,0.0033815101535581,9.18917884663589,8.23414896136115,0.689845876584575,4.92813879798904,4.62366737879108,0.233542065716704,0.0110069235576448,0.0064804404317912,14.8494255938901,42.2372726960811,15
13.97916666,29.9844271485449,4.23058942898777,1079.27279396597,79.4169811329609,2291.04756144128,121.703053562628,407.285318427737,0.0430442100957793,11.0375926275395,7.47454129105537,1.01308578125388,5.20981844439977,4.45795835130353,0.221018197909635,0.010538658421609,0.0059859232503931,13.0635744055965,42.4669968546263,15,3015.8945290389,94310.0,2,29.9815356550807,2.44841433450352,1076.3870423929,73.6577897803797,2285.64141998645,121.301996466398,406.743791851881,0.0033725333228914,9.19825064531018,8.08048393196752,0.677204098062986,4.96780040497004,4.62092884484225,0.233675581982998,0.0110114887887905,0.0064858024807404,14.8565136879687,42.3269947212773,15
13.98958333,29.9855154835547,4.11704506876698,1081.08729337617,79.7524540849892,2295.44012974035,121.964977231998,408.051816211424,0.04301551961682,11.0747454569919,7.25577278045185,0.990195894820306,5.22558758627258,4.45179750001982,0.221258104382044,0.0105470817966538,0.0060017702906953,13.0687230550485,42.5580172528482,15,3021.64101592333,92045.0,2,29.9837442437578,2.42780792261482,1078.92787427003,74.118638391468,2291.38736311151,121.635357499664,407.760256223762,0.0033665109240855,9.20061874390082,7.88239214300806,0.665715109546271,4.99406257862988,4.61778950142981,0.233769375995358,0.0110147331234201,0.0064904074822591,14.8816050518355,42.4429368367854,15
14.0,29.9538681325971,4.22486712798502,1078.74701687277,81.8591496220566,2288.74780160023,121.628103014739,406.777432512068,0.0499019982246277,11.2461415831183,7.03716152048918,0.998075884878928,5.3517687378552,4.42887630628783,0.218381673413745,0.0104410797396843,0.0059242239491137,12.9054572452336,42.4402086043815,15,3015.14978416969,107385.0,2,29.9709496938699,2.4920931070953,1079.73506332807,75.2134815557693,2292.92487478087,121.747056580158,407.976287803299,0.0035447966484829,9.35398689628346,7.6342971423672,0.676754957010211,5.05287331249816,4.59836812490105,0.233630396868722,0.0110087589403751,0.0064784349694233,14.7564906496844,42.4815680763703,15
