Time [days],S_I,S_S,X_I,X_S,X_BH,X_BA,X_P,S_O,S_NO3,S_NH,S_ND,X_ND,S_ALK,S_NO2,S_NO,S_N2O,S_N2,X_BA2,Temp,TSS_influent,Flow_influent,Kla,S_I_reactor,S_S_reactor,X_I_reactor,X_S_reactor,X_BH_reactor,X_BA_reactor,X_P_reactor,S_O_reactor,S_NO3_reactor,S_NH_reactor,S_ND_reactor,X_ND_reactor,S_ALK_reactor,S_NO2_reactor,S_NO_reactor,S_N2O_reactor,S_N2_reactor,X_BA2_reactor,Temp_reactor
0.0,25.766168459282,12.7273296332356,985.347518851434,76.7737585310223,2056.86684727648,111.65682149613,360.824946186067,2.73296380306679,11.2128581914011,5.84364367188163,1.56245280549103,4.97346109857159,3.69211041217312,0.0047141245477537,0.0004025567054179,0.0002109380930435,9.16815724741095,39.0801886751782,15.0,2722.91256076223,107385.0,2,30.0,4.06143517918095,1147.25732746208,82.1380023105773,2402.72549288692,130.009187824777,420.744284883682,0.0430799038399979,10.6072834333906,6.99862175615977,0.985751519270136,5.465448959133,4.47223486239392,0.220050249255557,0.0105065922098807,0.0059826025546913,13.1440556051609,45.4983239685937,15.0
0.010416666,29.9997462399833,13.2687319535781,1130.44195081054,93.8364215147589,2356.99675383202,127.892795737938,413.267699251176,3.04659909199248,12.9610432148121,6.60923452039755,1.66604055896519,6.02365806683132,4.31078981763158,0.006349242622041,0.0005400725773756,0.0002850626475051,10.6786401446925,44.7627707727647,15.0,3125.3987939394,107370.0,2,29.9849510217656,4.12897867613307,1140.00264377012,85.4740426252407,2385.29002130104,129.062623903912,417.606380969239,0.0484939053389073,10.8340447699049,6.79202607509903,0.986660040124125,5.63728336172924,4.45188560187415,0.216828709153189,0.0103875825231607,0.0059005296310738,12.8685336816133,45.1671733679713,15.0
0.020833333,30.0256880272809,13.2948767264905,1140.56745239527,95.0114921019887,2380.27613672604,129.156519003879,417.311754066566,2.98724670724408,12.9479766505312,6.80239163261028,1.67052375290125,6.05369393515196,4.31820220558059,0.006620879098008,0.0005567052834299,0.0002936668301566,10.6861885133933,45.2050507370022,15.0,3155.64630377306,98100.0,2,30.0112872100208,4.06804579115318,1135.5563241952,86.6688538262514,2376.06642233005,128.547414736606,415.916141513228,0.0435848248264399,10.7876820300856,6.84151989896697,0.97256011495673,5.68540074804781,4.46271991646481,0.218472914227732,0.0104484263945461,0.0059449887691949,12.8797161926788,44.9869603590802,15.0
0.03125,30.0013922258057,13.3768599993846,1151.81087481528,95.2145587641519,2404.39762691018,130.465561020716,421.507595436206,3.00847724949841,12.9690790852776,6.9020714677922,1.67941065111745,6.06959559346631,4.31200574411179,0.0063817302647842,0.000535685959834,0.0002820946388174,10.6758749576341,45.6633027971878,15.0,3186.79463980779,96670.0,2,30.0053126449411,4.03144030319154,1143.81474058382,87.3008646103705,2394.26902861773,129.527445236251,419.072334234501,0.0430160869334819,10.7050541062815,6.95072057477939,0.96230663062869,5.71359077559947,4.46937609181602,0.218857022957242,0.0104627315033208,0.0059576261312543,12.9482151508612,45.3299882349311,15.0
0.041666666,30.0024995743826,13.860770745038,1150.56185453339,94.8701853808245,2402.36120937352,130.343336293744,421.092855816803,3.04656759407218,13.0013709394482,7.17475083600468,1.72858601193211,6.04250480860653,4.30946658801463,0.006117096568824,0.0005143526807011,0.0002706211049496,10.6759230955295,45.6207122052241,15.0,3183.63761520263,94890.0,2,30.0034515616901,4.05958198635908,1148.45376081794,87.3510034448049,2404.75421620388,130.083319886933,420.857883380778,0.0423097646832609,10.6571042339957,7.11995379166695,0.967178679131293,5.71369487936117,4.47304756502785,0.219444411978876,0.0104843144910023,0.0059687190949873,13.0122343663796,45.5245788004448,15.0
0.052083333,30.0082604528352,14.5179750918651,1150.13978239514,94.3580333754362,2402.53169522532,130.339777121631,421.073800198556,3.08883127718402,13.0326175783922,7.54433190235241,1.79470550687311,6.00043703541568,4.30733767226192,0.0058588218846161,0.0004938107414734,0.0002595564444294,10.6775131976951,45.6196996120321,15.0,3183.04709094608,91605.0,2,30.0060831245873,4.10185198732366,1149.57998712207,87.0040986084354,2408.11585861433,130.241683546142,421.371092904733,0.0409633725317139,10.5915999401311,7.39708550189949,0.977708881089316,5.6887666216663,4.47876838385051,0.220378557336143,0.0105185774154043,0.0059865726699093,13.1039414928577,45.580079406568,15.0
0.0625,30.0065351805652,15.3718428511275,1150.18008815523,95.3723506955939,2403.06431791582,130.344947206555,421.090268104383,3.12893936731346,13.0611716012622,8.07329038844964,1.87980481082733,6.03873323722248,4.30318451799649,0.0056431781757141,0.0004771295386104,0.0002505678133351,10.6764467889807,45.6217092607326,15.0,3184.25526100373,89275.0,2,30.0060359240139,4.18556196166812,1149.92308420889,86.9895281040618,2409.88382835982,130.303330394145,421.582642340898,0.0397921080966377,10.5069338145741,7.79410957343778,0.994497221318001,5.67871251070634,4.48510951738673,0.221181241984637,0.0105481169140166,0.0059975476834036,13.2145562868913,45.6017322354336,15.0
0.072916666,30.0104082087974,15.4429739411068,1150.37166390594,93.8121174608863,2404.96280280332,130.448783049005,421.425384146293,3.16060588621535,13.0985948115289,8.06743780612299,1.88613366162749,5.94338595913995,4.29807354702791,0.0055040857150109,0.0004667328878821,0.0002449111849957,10.6774866837045,45.6581454649901,15.0,3185.00917262283,86185.0,2,30.0082882356178,4.15551516601333,1150.12264720442,86.5968901193502,2411.52130848612,130.362012685685,421.791118442453,0.038826451050328,10.4241089425629,8.09623041481933,0.994394413263954,5.64878066010687,4.49111305528812,0.221776835401752,0.0105700423725399,0.0060143366913576,13.3277795403233,45.6222952546604,15.0
0.083333333,30.0146125231738,14.9025105855185,1151.37647629046,92.1566600097347,2408.78081149223,130.665895404292,422.121894021873,3.18972334096943,13.1536692440652,7.85729863290244,1.83074415238409,5.84041360751992,4.28985567901528,0.0053893449094658,0.0004583025283766,0.0002402364220199,10.6784607167136,45.7340757638634,15.0,3188.12685973684,82265.0,2,30.0116601172258,3.98776598969755,1150.59602935101,85.3882479555036,2413.90819669999,130.484369818475,422.210100585278,0.0382256333099593,10.3835448021713,8.15319742446878,0.967555604174362,5.57579997214629,4.49278753723973,0.222218113748214,0.0105860018598166,0.0060402250768659,13.4104654159984,45.6650256675509,15.0
0.09375,30.0002636899026,14.4340141694084,1149.97786522359,90.3119488092553,2406.7351560895,130.56890116212,421.796557225198,3.20403108916931,13.2068253861869,7.77526220974812,1.78204225140565,5.74298181244344,4.27732828827499,0.0053615647121702,0.0004574667114198,0.0002397294596087,10.673248143375,45.6998936042189,15.0,3183.81774158541,82740.0,2,30.0049092183958,3.87128755598664,1150.60549651926,83.8845170844419,2415.01919564668,130.560524624838,422.467140323415,0.0393367587070195,10.4269397473437,8.08732918047396,0.943659953897735,5.48990314121314,4.48389863069986,0.222053274877069,0.0105793077735779,0.0060469484170885,13.4158518657324,45.6914626483323,15.0
0.104166666,30.0072806838982,13.5024203420163,1149.23407472756,88.7631727590924,2406.35509317107,130.568690156961,421.776227227186,3.20483584154552,13.2674211231704,7.36601133482759,1.68723588432929,5.65490923931835,4.26740552371222,0.005396925714246,0.0004612695650418,0.0002416728416747,10.6757104161425,45.6994279282867,15.0,3181.79751447762,81475.0,2,30.0059642374287,3.69433717913739,1149.95404134006,82.3781071762127,2414.47587591938,130.561035466043,422.464892455894,0.0398914006757105,10.5256654873131,7.90014254170925,0.912426584376879,5.40564285336418,4.4706947975854,0.222167202715947,0.0105823774664563,0.0060656862122404,13.3771331796169,45.6913079535521,15.0
0.114583333,30.0335856296786,13.4210221948702,1152.95628364067,87.128967446249,2416.52652173712,131.157019534511,423.666855392968,3.25108352300057,13.3590829578617,7.40540547300271,1.67723003444291,5.54261291752742,4.25737996097851,0.00516293063537,0.0004420039268871,0.0002309441062598,10.6834496876081,45.9049030233169,15.0,3193.00541308113,73715.0,2,30.020301098398,3.51623135074981,1150.69862819897,80.7604911722935,2417.25178287141,130.746529817364,423.081135826933,0.0375731115468438,10.5714519747865,7.74451236099886,0.877853390504067,5.31205103549305,4.46356048945179,0.223653028961133,0.0106357631130383,0.0061175023792105,13.4070397844142,45.7557705553621,15.0
0.125,30.0274440301584,11.6732910257583,1155.67792205136,84.6508110653723,2424.18427828545,131.619503562261,425.186093024212,3.36659096074104,13.4571990341443,6.83952890319913,1.49951624477727,5.39523488612482,4.2407956348899,0.0046301627135896,0.0003985975286274,0.0002072804544029,10.6789453604505,46.0663970423478,15.0,3200.53875377325,68065.0,2,30.023567389655,3.18187111260053,1152.6966245151,78.7448886853693,2422.84705097168,131.098668028301,424.269436340922,0.0380150439516392,10.5976622067027,7.5312957461607,0.816431728637798,5.196429876751,4.45566913323675,0.224581378103814,0.0106680504014203,0.0061718535476384,13.4667231828119,45.8784158004799,15.0
0.135416666,30.0223583352937,11.777584053952,1156.51069693454,81.7388730426835,2427.44886377378,131.847631247759,425.993930121805,3.51675187189913,13.5480291770283,6.35356927962529,1.50653277492843,5.23027587336599,4.2261081929606,0.0040674922332071,0.0003523451574779,0.0001822721529578,10.6753404874262,46.1459645151014,15.0,3202.26446972675,64035.0,2,30.0225954875749,3.03117797428989,1154.42304544511,76.3550301682368,2427.64364275635,131.422874715961,425.394257277924,0.0384724089728031,10.6646843071602,7.16001455872033,0.778700287703941,5.06301174738876,4.44275872849405,0.225572075347961,0.0107029217654476,0.0062100017738584,13.4955956902232,45.9912348009964,15.0
0.145833333,30.0200243594528,10.891669621254,1156.35633275395,78.6882183202632,2428.32003580412,131.948641133623,426.437675692177,3.67267142773113,13.6181296935331,5.74437498397305,1.41429969714898,5.06086724139561,4.21521909667234,0.0035871278286541,0.0003117980976481,0.0001604398059794,10.6730845270065,46.1811423874277,15.0,3200.94903456867,60865.0,2,30.0210340118228,2.84017236192103,1155.38066026189,73.7549235039849,2430.68799274205,131.653638982306,426.247162210915,0.0397718773875642,10.7300161902479,6.71140367462896,0.744579058772503,4.92024894857076,4.43054382080307,0.226238104758051,0.0107260234284037,0.0062449463294555,13.5234088318391,46.0714327878675,15.0
0.15625,30.0206800530759,10.1291362396278,1156.12645895781,75.6276492157657,2428.84438245468,132.034467649652,426.877744249662,3.82328468213485,13.6644030906112,5.23467671686323,1.33430290542076,4.89160404290524,4.20848202586073,0.0031976261932045,0.000277643848309,0.0001420897649887,10.672021369609,46.2111053247656,15.0,3199.29135588926,57665.0,2,30.0210864872061,2.65289731224936,1155.78098599441,71.0627864281491,2432.24157089722,131.81380575657,426.905615948882,0.0410003156841005,10.8158837433775,6.22248987203254,0.706678320358616,4.77374061316049,4.41809136743292,0.226779879880509,0.0107448255753324,0.0062772727382001,13.5219239326196,46.127006384518,15.0
0.166666666,29.9918115704177,9.70073718596571,1151.45327076455,72.7398692781122,2418.95463895023,131.552287060388,425.512482500586,3.93400209861634,13.6570431608171,4.94341207092889,1.28760448507913,4.74501744707278,4.2029570890268,0.0029600707161077,0.0002564034901444,0.0001307008138295,10.6612566151645,46.0423310110545,15.0,3184.69115967369,60990.0,2,30.0070521012214,2.56319613115661,1154.74020772469,68.4598655301848,2430.33239807672,131.795387169645,426.997732274628,0.0460015127797416,10.963603997914,5.750160204082,0.687681975250755,4.63214063919619,4.39891001315715,0.225807430613952,0.0107090789903789,0.0062629626503178,13.4311908653222,46.1202357739996,15.0
0.177083333,30.0218310073679,9.33957793429324,1148.72173080991,70.3878689384099,2413.76747276163,131.331110463195,425.015921567606,4.02425367556719,13.6416774498547,4.69452809308539,1.24855768068384,4.61132454029976,4.21034850354048,0.0027940386203519,0.0002411615853388,0.0001225268435145,10.6714318273276,45.9649539187256,15.0,3176.39179384461,58200.0,2,30.0134276361036,2.45513517285431,1152.52921381374,66.0948160281576,2425.76869805169,131.631564423079,426.640076440489,0.0464090582088503,11.1010645854771,5.36376113498548,0.669647631617894,4.5025795651496,4.38608343784381,0.225988815026922,0.0107155633189718,0.0062790473920347,13.3356293063409,46.0627378663782,15.0
0.1875,30.0006932147146,8.80553669275631,1148.18197859067,68.2472415341433,2412.4948870698,131.325282386157,425.24596837556,4.10120322779146,13.5769973641619,4.30345948905516,1.19188311005739,4.50227668822428,4.21446930117934,0.0026522745857047,0.000227694561786,0.0001153294571644,10.663270372857,45.9630182692688,15.0,3173.5937821692,59890.0,2,30.0073673705227,2.36465143204608,1150.45734060221,63.9552189682654,2421.31709874048,131.476631504349,426.338409634568,0.0502677021629048,11.2086107448127,4.99344063020852,0.652277324581909,4.38505332780912,4.37543371897803,0.225004938780977,0.0106803477579378,0.0062656069359823,13.2319314566942,46.0084867548521,15.0
0.197916666,29.9803691531753,8.86139975114433,1141.45926421909,66.5899994213242,2397.45347319576,130.566919931801,423.048699392986,4.13884575695713,13.4686985060693,4.33700773020707,1.19478575085445,4.42345394394464,4.22471624013561,0.0025989109302448,0.0002233339325556,0.0001130451031556,10.6564134621398,45.6977251900708,15.0,3153.61206101327,66360.0,2,29.9939982239654,2.3716675266328,1147.79174697494,62.2266955765492,2415.23757822473,131.235912057469,425.755063174485,0.0571432657092008,11.3612217639465,4.6788629739219,0.655419586067916,4.28965005878935,4.36153034414163,0.222391265160789,0.0105867587991355,0.0062028847265064,13.0423572205949,45.9244221550131,15.0
0.208333333,30.0271269767863,8.94437202519528,1138.9989873888,65.4258334383689,2392.49173544477,130.364148741665,422.667512477619,4.18098801219906,13.3723636329798,4.37284575049437,1.20143899098946,4.34793247938887,4.24769508884615,0.0025386070260482,0.0002179814241309,0.0001102105958902,10.6727322540904,45.6269312223013,15.0,3146.68136153514,62260.0,2,30.0101502453031,2.3334962539623,1143.75046725223,60.8240311956031,2406.33718114981,130.830725237945,424.665660480976,0.0549427519100576,11.4230353012923,4.53407928273608,0.653153043168878,4.20973783460486,4.36295524553177,0.222729335354761,0.0105995659513906,0.0062159034090915,12.926577266511,45.7828683899518,15.0
0.21875,29.9869138682106,8.86376359703872,1142.18874648458,64.4917093603,2398.2442640215,130.745399578608,424.200332980254,4.21655704359003,13.2321031640046,4.36859792072122,1.19101061135914,4.31161335830481,4.26035270537135,0.0024723713461416,0.0002119234559893,0.0001070346641488,10.6580449356397,45.7606112993104,15.0,3154.22329779342,67265.0,2,29.99866581647,2.33242348112471,1142.14138411403,59.7179127747438,2402.46884135167,130.699386745354,424.488559457392,0.0604870108270331,11.4298542422719,4.45556902024529,0.654195162410808,4.14757412865809,4.36597920046102,0.221081078365714,0.0105404032596844,0.0061767213504398,12.8232515555303,45.7371718954941,15.0
0.229166666,29.9999394706522,8.93431281488687,1137.1515873283,63.7886948316754,2386.88376372371,130.193232122683,422.708138540717,4.23742670101257,13.1042534109905,4.35121643566037,1.19662772287026,4.27148582395966,4.28315998802341,0.0024475344414525,0.0002105773621829,0.0001063650484831,10.6628437259757,45.5676319943839,15.0,3139.7197864061,69075.0,2,29.9994587448588,2.34057142373241,1141.0103918343,58.964312595349,2399.39156074739,130.60977209299,424.453524843905,0.0627737261053515,11.4374032759188,4.39775926860806,0.659495061470102,4.10530834934782,4.37306945837793,0.219877237247549,0.0104973994939749,0.0061475996307133,12.7065907409157,45.7061266625737,15.0
0.239583333,30.0065304332282,8.85887489918213,1136.65471501776,63.360284186834,2385.19855759892,130.172405394087,422.944080927112,4.2569215836347,12.9857221023956,4.33895054891202,1.18776762726081,4.24543471906357,4.30464923610338,0.002415567218681,0.0002082814845313,0.0001051370408266,10.6649629598687,45.5606540413182,15.0,3137.91802287453,69015.0,2,30.0034454755065,2.32689232615846,1138.44313120676,58.3735541496757,2393.27728179008,130.351689904086,423.889593899899,0.0635338922617255,11.3993017642196,4.35973876413646,0.659104415934077,4.06979180479406,4.38609363515465,0.2193504994703,0.0104788658829023,0.0061370399751774,12.6299832543647,45.6161282997641,15.0
0.25,30.0353031158494,8.86809283216988,1146.12776594562,62.9653478445676,2405.17666358894,131.343021674465,427.065649729184,4.30180027522824,12.911305659957,4.32248391436773,1.18741861714585,4.21541485393414,4.32581567124558,0.0023423212124328,0.0002008687923103,0.0001010897533919,10.6743548949236,45.9707245135883,15.0,3163.98687997228,62570.0,2,30.0187139668868,2.26574456941047,1140.33844327117,57.8524755227255,2396.74927371378,130.616238423319,425.055767177148,0.0585661693408469,11.290734405837,4.3468313170309,0.646323665197506,4.04040345060128,4.40734006965535,0.220887347835415,0.010535148335365,0.006181363043319,12.6462101594469,45.708981335215,15.0
0.260416666,30.0041682366116,8.85554835680005,1145.27273929404,61.9253442734243,2402.64297307697,131.284747683892,427.206083737502,4.34856119099003,12.838429434672,4.28997866973404,1.18406391278934,4.15828944720387,4.33533759511065,0.0022590269982876,0.0001923554922118,9.6493212625873e-05,10.6627159076302,45.9507070314436,15.0,3160.71194632295,62710.0,2,30.012018817244,2.2346471274033,1142.92783658344,57.1840870495322,2401.67188453527,130.964798798272,426.516373727624,0.0596553983902891,11.1708067784648,4.32923202187282,0.6370687020243,4.00392010738799,4.42514331473803,0.220834487342863,0.0105339207157373,0.0061841039681592,12.6816338417517,45.8312127449402,15.0
0.270833333,30.021414719714,8.81094494252791,1145.40175912713,60.9249002769074,2402.49118767261,131.360372007876,427.788205421391,4.39495744814729,12.7996750533704,4.27917516740523,1.17794283547695,4.09687801152701,4.3501424678,0.0021912325338004,0.0001856311741723,9.28316426871095e-05,10.6685533476414,45.9775497848872,15.0,3160.4579807181,59325.0,2,30.0160330292724,2.1853068110222,1144.07505898089,56.3931396364847,2403.48264721229,131.146370683697,427.443219735094,0.0575544942702224,11.0735824974962,4.31386854256093,0.62701806818496,3.96044209597777,4.44259560952889,0.221383933812906,0.0105544512932299,0.0062035060257398,12.7201584721414,45.8949983185599,15.0
0.28125,29.9984617330133,8.75810473373141,1142.61229141382,59.841189718949,2395.65645477294,131.071181876451,427.18604748421,4.42842012619625,12.7495436447953,4.22252827210942,1.17064103786193,4.03922584556095,4.35807505249418,0.0021323458728611,0.0001801169609506,8.98390876316524e-05,10.6601999371091,45.8766779692587,15.0,3151.68288242672,60590.0,2,30.0079341100025,2.16302898937897,1143.95783924287,55.5392924811836,2402.49733492289,131.180144785717,427.892487482618,0.0597423456622785,11.0065956602835,4.28444192977317,0.621366070729282,3.91307115326536,4.45491412155548,0.220773570401127,0.0105329665154693,0.0061917826505046,12.7333389717384,45.9070681603914,15.0
0.291666666,30.0100729723799,8.74067727437825,1140.53519656689,58.9553119424673,2390.50660739853,130.876980280599,426.892014569566,4.45694025085473,12.7121487424754,4.19331129449715,1.16737665674669,3.98764181858734,4.37076407908777,0.0020860197881861,0.0001762224101487,8.76996765446793e-05,10.6641632013543,45.8090079797153,15.0,3145.18133905333,59530.0,2,30.0087605378648,2.13709484708444,1142.80081797955,54.723540369247,2399.21636413097,131.090714025996,427.938069538132,0.0596171234232059,10.9698981779176,4.2467088522818,0.617127287811029,3.86721535781871,4.46600843539262,0.220569995476684,0.0105261523262547,0.0061903672040795,12.7282927013825,45.8760355690203,15.0
0.302083333,30.0016854261326,8.79040080292055,1138.9407572866,58.1704675273253,2386.14500522596,130.728006482976,426.745737710058,4.47937593214489,12.664296981668,4.18231771696866,1.17076228313901,3.94573592801693,4.38026927332965,0.0020399349977365,0.0001724507029591,8.56363930598537e-05,10.6609343773924,45.757123837134,15.0,3139.86532355254,60295.0,2,30.00537620088,2.12875415983384,1141.28072953316,53.9725719219834,2395.10269642096,130.957781300709,427.841295105827,0.0610725193506985,10.9425480351786,4.21401832921882,0.615748839729952,3.82464365218816,4.47521651693328,0.220053153467873,0.0105079046242698,0.0061792689592729,12.7128530336263,45.8297776313919,15.0
0.3125,29.9967098102815,8.83196095825731,1135.53240437477,57.5711262442265,2377.81299546013,130.362332798677,425.886980220472,4.49432026856984,12.6107998309162,4.19834285510155,1.17357729033535,3.91437184812345,4.39068908466059,0.0020031868518978,0.0001700897588099,8.43442204434845e-05,10.6590485419382,45.6293435980285,15.0,3129.59638702223,62230.0,2,30.0011713393008,2.13569919994362,1139.3371731247,53.3576061871087,2389.99704469839,130.772047635379,427.56415038403,0.0635445740104329,10.9378766382275,4.19097428911883,0.619003778128341,3.78911049481609,4.48215757889044,0.219134539374662,0.0104749870457002,0.0061566675410083,12.6713257401938,45.7650441980844,15.0
0.322916666,29.9939140724234,8.88903754860682,1131.01314440807,57.234328114963,2367.02993952954,129.862660923502,424.580985911708,4.50072070760011,12.5499631545981,4.25575481854183,1.17823183763401,3.89720317809439,4.40210346456224,0.0019758213627182,0.0001691212228198,8.38043890057513e-05,10.6580415142378,45.4546169358514,15.0,3116.38175686773,64910.0,2,29.9975766640228,2.15720321714272,1136.22187920865,52.9195488408262,2382.32798262719,130.446419074533,426.818185765684,0.0665862237272892,10.9518440359776,4.18870160454956,0.625870970826106,3.76218130499469,4.48757455900625,0.218029743172767,0.0104350666097376,0.0061277566220674,12.6049781995581,45.6513381569183,15.0
0.333333333,30.006523664602,8.94376993761771,1129.68880551376,57.1396066417127,2363.20566662854,129.747540343168,424.526131813688,4.50938844972024,12.4953849313468,4.33805707309793,1.18296702751861,3.88954546677836,4.41568599747913,0.001944536100343,0.0001675331966318,8.29056305654311e-05,10.662348291666,45.4144670914491,15.0,3112.29166352424,64780.0,2,30.0019348818674,2.16444011399748,1133.24256978926,52.654168973835,2374.95279939589,130.135875911581,426.116903825066,0.0666940452915499,10.9505836750682,4.22065303393989,0.629713128789668,3.74451197055621,4.49561244745379,0.217915512152411,0.010430788572168,0.0061240599820638,12.554044443978,45.5428536206705,15.0
0.34375,30.0100683282693,9.08024005744872,1131.78532305568,57.0715279033533,2366.63745437251,130.033978702242,425.786704288442,4.5264045539652,12.4475210074105,4.40415542027367,1.19577884090331,3.88430858844303,4.4267717064813,0.0018976407011692,0.0001637424279824,8.08139271902813e-05,10.6632450830007,45.5148760975942,15.0,3117.62239831486,63725.0,2,30.0061197476226,2.16730862561048,1131.9555059601,52.4765026853308,2371.21116824402,130.024409117535,426.07179667652,0.0657391389143428,10.9141054009714,4.27492888972058,0.630719327689005,3.73270454803453,4.50625477966389,0.218422520253345,0.0104490154553135,0.0061357254244076,12.539915458923,45.5039650157361,15.0
0.354166666,29.9873102178251,9.1823754130463,1130.95705009675,57.0798490046006,2363.35717516184,129.949945958433,425.827914854682,4.53393444243464,12.3928834929349,4.48681052365764,1.20500214751108,3.89158271513459,4.43361990465475,0.0018626876071658,0.0001617580998051,7.97318195412526e-05,10.6551388830664,45.485609598051,15.0,3114.49315850577,67985.0,2,29.9966382629765,2.20715382369729,1131.89375665442,52.4369843149802,2369.93740375706,130.050518641658,426.468849908404,0.0699433823917066,10.8950519554572,4.33160953299274,0.639653032413094,3.72972146314277,4.51271598468183,0.217423412365784,0.0104126333015154,0.0061069386951319,12.5018416518125,45.5132220610023,15.0
0.364583333,29.9939985166734,9.48545759708328,1124.48149960173,57.2902652808788,2348.33562609719,129.21870495035,423.729950252977,4.52990971194462,12.3500687184692,4.59135081835228,1.23488013347643,3.90140353277823,4.44492800223383,0.0018520876105821,0.0001629537771718,8.03265089645082e-05,10.6577159699156,45.2297789941196,15.0,3096.21436888293,70855.0,2,29.994788428666,2.27186031617813,1129.63655277102,52.566241368228,2363.95455832379,129.815593521697,425.993087426441,0.0721367602198283,10.9012863259744,4.40214272501254,0.655659466915424,3.734486840939,4.51849576401696,0.216677580442053,0.0103852189977724,0.0060816533949256,12.4428914341239,45.4311306082467,15.0
0.375,29.9467006332312,10.4300737579507,1112.10075474184,57.6229245170959,2319.36144809864,127.71269116713,419.046468162484,4.47125042093143,12.2676899747826,5.09614753038957,1.32914142776847,3.94829174226528,4.45038494121904,0.001926010564333,0.0001752137448402,8.69643474659458e-05,10.641779032104,44.7026908163139,15.0,3060.41023312763,88185.0,2,29.9655595050384,2.54487907731705,1122.58873824429,53.0045193706263,2347.46405277086,128.996868629797,423.551924461625,0.0858053565808796,10.9720995667588,4.60045761056347,0.712926884694489,3.75793147604994,4.51427412776192,0.212715212531473,0.0102396019532904,0.0059564778918698,12.2855701164441,45.1448195261759,15.0
0.385416666,30.0031557640687,12.6655279734055,1104.55645534683,59.5952019813385,2302.09643213945,126.848433825901,416.420006735108,4.39434785635858,12.231000261653,6.10857785240959,1.55433501938746,4.04441812778875,4.47114571930695,0.0020599391837317,0.0001922996650213,9.59120315656372e-05,10.6620166698022,44.400164302141,15.0,3040.43752074808,88175.0,2,29.9881038529348,2.91401617093557,1113.49861696116,54.1034589395558,2326.98346730994,127.926821518272,420.252622666577,0.0774401230579955,10.9426372434605,5.18670482173712,0.794823127980967,3.81626205022765,4.52876966666506,0.215203527634835,0.0103279069739874,0.0059762102432209,12.2406370563642,44.7704309103622,15.0
0.395833333,29.9382712317721,14.9580229327593,1101.49605012242,62.2369723389536,2290.83330288142,126.300347162859,414.766733675939,4.24331494375783,12.1596511123492,7.04479165243641,1.78521168319116,4.25001536192613,4.47281275044745,0.0023911539449921,0.0002288020026089,0.0001152644238214,10.6394896492337,44.2082406425618,15.0,3029.88123511812,112305.0,2,29.952899323112,3.66256629165676,1105.7620297154,56.2372156667761,2308.65913835886,126.950417129588,417.202724550015,0.0851014850798128,10.8558383543921,6.0836563405485,0.936344799609182,3.94540374079895,4.5382658445284,0.21347690657058,0.0102625126327589,0.0058606849825511,12.202606195568,44.4287999878286,15.0
0.40625,29.9539026868476,16.700168242822,1099.40504455523,66.6743296759792,2281.10568642806,125.822539285941,413.218100985904,3.93044784322088,12.1446191221902,7.88406556019068,1.96468329008452,4.55719106245231,4.48451197761747,0.0034254418585461,0.0003285677300329,0.0001680917658779,10.6462212305012,44.0406945956778,15.0,3022.69979664509,131380.0,2,29.9532170335984,4.52031971734886,1102.46906234016,60.0267329548174,2297.97164133847,126.374225754135,415.363782302598,0.0813121535411158,10.7706671642007,7.09723978146199,1.09303890469052,4.19479108801583,4.55581698721808,0.212378723812179,0.0102215509676128,0.0057583909679808,12.1822881841844,44.2274252960058,15.0
0.416666666,29.997593007779,19.7206730825859,1102.90752587065,72.2769775387766,2286.32142497931,126.168901377725,414.2429822658,3.56911220915021,12.2426215826812,9.14562871015955,2.27446629952978,4.86209690007499,4.48757906778811,0.0051773424232752,0.0004736684835179,0.000244548447522,10.6631726968456,44.1612721581672,15.0,3034.55931314282,127990.0,2,29.987694003078,5.38776234154946,1100.7444958976,64.7362098732633,2291.70442596659,126.017809629756,414.16808838144,0.0622971166439157,10.5419019189952,8.27288117822188,1.23508841978033,4.47826634215085,4.59012636482318,0.215333800066559,0.0103333936291641,0.0057570214196547,12.3875937148665,44.1028880676923,15.0
0.427083333,29.9636377806533,21.9120038945461,1104.94517740934,77.4138982204726,2285.74512860247,126.168626411568,414.026648328202,3.21660706534817,12.364661668916,10.0284941130312,2.50167214008051,5.20606875075797,4.4705455466703,0.0079680750316785,0.0006897582866216,0.000359347791024,10.6559679899609,44.1601360914216,15.0,3039.34471129761,138900.0,2,29.9701185102624,6.39991362803953,1104.06684138868,69.846897342102,2295.93002491867,126.231928425856,414.73564286986,0.053848730676422,10.3282963129052,9.41575735038944,1.38106223203396,4.79369131248197,4.60919068214374,0.21551071871671,0.0103431396546926,0.0056849941207007,12.6375125576378,44.1777550194617,15.0
0.4375,29.967919143967,23.8442752550296,1098.73903468637,83.162256458308,2267.68071996179,125.148343039735,410.404502474757,2.85417399229058,12.4238027500699,10.977593303303,2.70605455944148,5.58314917297317,4.46655425478666,0.0132557387351438,0.0010793649658733,0.0005687436421107,10.6662859597679,43.8014976127868,15.0,3021.70226567531,147755.0,2,29.9683044434815,7.48759726057806,1101.84743445673,75.3553703445938,2287.28188120058,125.710819241916,412.782816627655,0.0457702080626017,10.171790107413,10.4791414079231,1.5276117727642,5.14896818379333,4.62434977622283,0.215887300587469,0.0103604623113884,0.0056179970679877,12.853399328906,43.9948880524223,15.0
0.447916666,29.963606245583,24.8593514661448,1093.44131976668,89.2388467831858,2250.44919656483,124.104301211146,406.699245276637,2.54852986706614,12.3206991630556,11.7573368332573,2.82173403854892,6.00880827170223,4.47860763563977,0.0229253095710939,0.0017447621248592,0.0009280530941182,10.6774988393465,43.433781622187,15.0,3005.5250184185,159305.0,2,29.9643679317603,8.50699467718029,1096.56743603436,81.3072232466774,2271.04482818293,124.72951436641,409.268212364235,0.0408545207521372,9.99345898482664,11.4368652192756,1.65387475912179,5.54721506216102,4.64267915180278,0.215939365771417,0.0103659885113887,0.0055543392656577,13.001369445633,43.6502354021237,15.0
0.458333333,29.9804621719131,24.7324102940506,1092.00941170999,96.4243262954901,2243.02127163003,123.540679888694,404.571470521059,2.33943193488332,12.0932282698175,12.3715534439167,2.82552395074974,6.45849257651458,4.50837138787078,0.0385643605316756,0.0027264213270715,0.0014569262988098,10.697698387116,43.2329228143785,15.0,3002.10006214473,160855.0,2,29.9777541421903,8.93389656149312,1093.09731560125,87.8536621852252,2258.79512248289,123.915340076562,406.307404037436,0.0366906372398688,9.72381191735035,12.2243201864109,1.70643235227142,5.97269431229556,4.67580863333406,0.21686395783888,0.0104039777878446,0.0055505062230358,13.1224711478728,43.3628585046373,15.0
0.46875,29.9827148527183,23.4284945651358,1094.65541101042,103.512178212225,2244.26411520096,123.417205330327,403.871014503572,2.20288200771029,11.8184906776588,12.4041345576072,2.71058578298691,6.9029522272437,4.53936459074783,0.0587168948811031,0.0038853278463132,0.002084522957645,10.7108018176958,43.1845551176909,15.0,3009.6783595314,160900.0,2,29.98180019793,8.78060062002249,1093.40538078943,94.5662503252239,2254.86690017596,123.531764889508,404.761221390201,0.0347434016211931,9.44504164765213,12.5896789342569,1.68291486997822,6.39651316366042,4.70936383567619,0.217823428424456,0.0104427900477812,0.0055838183476871,13.177784600347,43.2245793959901,15.0
0.479166666,29.9866936135017,21.5588474732154,1097.64367101536,110.231954088171,2246.63613711211,123.330751402444,403.283410215823,2.09756858597915,11.5434127852907,12.0422513821951,2.53719033074616,7.31651931214593,4.56977054824449,0.0798004772961557,0.0050121379883671,0.0027055070095881,10.7211197593218,43.1479187396983,15.0,3018.20538193021,159345.0,2,29.9853672969382,8.2860645024913,1095.98341771321,101.051064130079,2255.77116447999,123.399755847091,404.033433847395,0.0336796226146575,9.21437904799183,12.4822640770486,1.61315298836508,6.80127201099647,4.7382059829165,0.218992114323626,0.0104883198262555,0.0056434932713653,13.1652734970735,43.1728528112264,15.0
0.489583333,30.0249215698303,20.0957919732874,1105.73796872239,117.137627806035,2265.29278868758,124.162356014135,405.673186074616,2.01628630404832,11.3991885504133,12.0244968721181,2.4003309822754,7.61767866215504,4.59018582697553,0.0939248288746659,0.0057357787921465,0.0031139146560796,10.7357938449634,43.4321395149126,15.0,3046.07705011475,140235.0,2,30.0144001406799,7.48416460016241,1100.91994738525,107.005468221933,2264.82376292476,123.706328033347,404.764085845127,0.0298064270665106,8.94632032970661,12.3799013959268,1.50602416003841,7.11552101442046,4.77197562934248,0.22047477215587,0.0105448993419212,0.0057330653508249,13.2561793923299,43.2738984835215,15.0
0.5,30.003496273878,18.8248782374787,1113.50090508369,120.772657838842,2281.19210709206,124.867846263587,407.633193540879,1.94475217397576,11.360754378142,11.6509091038075,2.2776887107137,7.80384763038241,4.58487586602117,0.0982372986344504,0.005959112773967,0.0032468560133362,10.726686929456,43.6725658291638,15.0,3068.72945673617,133475.0,2,30.0049153150168,6.92366384594359,1108.25138677078,111.273470161281,2280.1061118467,124.383632255324,406.692547530848,0.0282947578325886,8.78508909579836,12.1721490795168,1.41482360407337,7.32420384327208,4.78322102141441,0.220254958981795,0.010538647843795,0.0057707932792466,13.3262918771931,43.5046399293761,15.0
0.510416666,29.9928451546067,17.4321415252945,1116.85030937576,122.891795628869,2286.90400424758,125.0079617474,407.77733521302,1.87170762749487,11.316094579528,11.1090350040168,2.14255707804915,7.93455055494929,4.58201371719223,0.0987569468190675,0.0059981372615083,0.0032770842690193,10.7239474857739,43.7155287993597,15.0,3077.36020125899,133450.0,2,29.994802102008,6.54500767938113,1113.87284206574,114.049745002623,2290.78399493053,124.822931993046,407.822914218308,0.02794916104112,8.76003527527275,11.7474020635678,1.34849248944766,7.47612422813105,4.77944374707574,0.219723903629111,0.0105198512725289,0.0057882998403452,13.3030742472195,43.6522297473393,15.0
0.520833333,30.0078031925905,16.3638429190533,1120.44397236202,125.05444569649,2295.32185696002,125.297426728897,408.434403237065,1.80061230212226,11.2709191375401,10.6258280632864,2.03996096152726,8.02371495439016,4.58398528972252,0.097212769922384,0.0059424055478957,0.0032534870487966,10.7297231394916,43.8110371959842,15.0,3088.77235663536,127860.0,2,30.0036856311025,6.1802681658969,1117.64336591216,116.11403605665,2298.14511569685,125.076051256148,408.368007265561,0.0265162938985342,8.73388549501526,11.2693938976584,1.28787730882833,7.58176364136142,4.77896267057714,0.219388092476198,0.0105081191500398,0.0058097676308947,13.2856455423603,43.7349611960536,15.0
0.53125,29.9969008608007,15.3040051443577,1123.63280026409,126.509197235062,2301.78932087803,125.481686866364,408.760178586189,1.73389940482738,11.2316339503827,10.2226136690402,1.9372079751214,8.10321052311184,4.5802810387129,0.0931570680229082,0.0057610179350838,0.0031577577957306,10.7258419093911,43.870244542634,15.0,3097.53257127928,127480.0,2,29.9985568432701,5.90284578967526,1121.15959474973,117.708420101596,2305.27232022856,125.319497154802,408.893009498738,0.0260515268868756,8.72391707926204,10.8163951561706,1.23658654571519,7.66056443970378,4.77384622509102,0.218391323794576,0.0104721992340007,0.0058101635306993,13.2489943190626,43.814677603147,15.0
0.541666666,30.0364097131493,14.9149606567789,1131.45365102125,127.874733921286,2322.51724460281,126.477606205905,411.719485402171,1.68731051833156,11.2889459494456,9.82861413663856,1.90072282846593,8.08718417841432,4.57476414756149,0.0850638226834877,0.0053643687387971,0.0029379044651433,10.7362584073854,44.2140689238783,15.0,3123.19259255798,112005.0,2,30.0236748508389,5.56500904176128,1126.01876067747,118.710492746318,2317.13297012354,125.819927464133,410.292801427097,0.0229617857681348,8.6340502465646,10.4500122936604,1.18172273037436,7.68011364501765,4.78014404200512,0.218006195919094,0.010458980928538,0.0058299268048464,13.3381876290478,43.9849336387052,15.0
0.552083333,29.9520949694237,14.6419533318483,1128.78687057258,126.422289428862,2311.85504054917,125.731874305801,409.045535594503,1.63682400214871,11.2451232418455,9.50951926030383,1.87424183924614,8.12669260461936,4.55788742783804,0.0776383760373846,0.0049757204434862,0.0027221726633486,10.7076940614655,43.949596482776,15.0,3109.34340520027,132775.0,2,29.970034420954,5.73129392078154,1129.17746461518,118.841686335167,2322.97297756198,126.012270705651,410.632355406848,0.0258393862359051,8.73602665570132,10.0261660942594,1.1891450324545,7.70295819332184,4.75350897339485,0.215329622155962,0.0103603773748836,0.0057559629167378,13.2162113918873,44.0480065789632,15.0
0.5625,30.0042842814486,14.6387829982109,1125.33230690952,128.061095016772,2305.33645002486,125.192004191791,407.098908026408,1.58531447792299,11.1244471767541,9.30199679881513,1.878627965738,8.1891597473491,4.5788191413914,0.0748953092024748,0.0048344643451456,0.002645333750736,10.7294341119313,43.7573757637562,15.0,3101.08360494983,129525.0,2,29.9955446402224,5.77521012759683,1127.06833466811,119.594429099643,2317.01163111647,125.520776644141,408.783698064258,0.0244122513990181,8.74530395586213,9.73928041527831,1.2001726111895,7.76628090272419,4.75490416529546,0.215188828254813,0.0103553055859152,0.0057493748801932,13.1414965786931,43.8723919268787,15.0
0.572916666,30.0141993624264,14.7245519876759,1131.42296005472,129.357835702092,2320.37425505671,125.850704412749,409.023631575696,1.55112952072278,11.0772013757856,9.05904956293443,1.89062418408058,8.2141479601575,4.58280841839615,0.0700206880898156,0.0045650321158335,0.0024959216787786,10.7301985238587,43.9847455937028,15.0,3120.01059929675,121550.0,2,30.0092930135723,5.70282159406657,1128.18891028756,120.5468429534,2320.363194003,125.528882360836,408.618505141241,0.0225703192477651,8.59440803402097,9.52123076965099,1.18893575804445,7.79801655152839,4.76940987483841,0.214493499916594,0.01033124063119,0.0057409547594817,13.2098364174658,43.8720574140422,15.0
0.583333333,30.0056500846448,14.9315870881496,1137.27517075378,129.262690092584,2334.26836231823,126.461400141967,410.772254329588,1.53766599316156,11.1011004417075,8.90966285369722,1.91303428700587,8.18624317665546,4.57442077346648,0.0636127174774388,0.0041899051801066,0.0022865307926766,10.7238515721173,44.1959379220322,15.0,3136.67686166863,117020.0,2,30.0067675889632,5.65632559841522,1133.06712348899,120.847957686099,2332.33778001226,126.019135243863,410.018387307999,0.0215434234951646,8.46474870377605,9.34307310537528,1.17877619898658,7.7912654529558,4.77677117727092,0.213448266406232,0.0102939014450374,0.0057223777392876,13.307450286389,44.0408326507942,15.0
0.59375,30.0353615433768,15.0736766460036,1145.74666013589,128.593660450468,2356.58156170078,127.55400607468,414.076578451052,1.55217573992066,11.2108529611162,8.5724756263329,1.92769594106075,8.07293538231862,4.56204838950873,0.0562884236861948,0.0037410723112149,0.0020362419764286,10.7289936414182,44.5761713980141,15.0,3162.84647865817,102800.0,2,30.024361388759,5.43838267879929,1139.19669868533,120.209124489226,2348.18749916058,126.729177033152,412.149232317699,0.019493772539404,8.31646055200101,9.15672470528998,1.14869403019302,7.71989626621938,4.78693260183524,0.213328474210357,0.0102906076806004,0.0057384196102751,13.494003889004,44.2869828577451,15.0
0.604166666,30.0256227444964,14.9762943715744,1154.70710738028,125.664878317429,2379.38257717066,128.70033113479,417.552194930203,1.59996331020473,11.3792200869249,8.25890577592441,1.91570433917265,7.86862505852192,4.53312176090677,0.0485749326248759,0.0032480505709458,0.0017628684963945,10.7186207233008,44.9757081143391,15.0,3188.23709778578,93660.0,2,30.0238242596457,5.16964462953351,1146.64741467973,118.196085324595,2367.64418916618,127.662030269791,415.015395755391,0.0187501265759317,8.2056265557574,8.91699103089898,1.10560498528207,7.57051934478844,4.78694189156335,0.212847120587529,0.0102734723245001,0.0057502705473907,13.697673505785,44.6115135852382,15.0
0.614583333,29.9254846216823,14.3025725322366,1143.74325515527,121.890544076688,2350.1551090528,126.95910976107,411.751292921454,1.61630929320415,11.2917087776272,7.90533089531506,1.84588787910927,7.82137712757218,4.51811660186386,0.045968514149465,0.0030831910273756,0.001675483699431,10.6880327168633,44.3659829476759,15.0,3149.14897043622,126600.0,2,29.9500657874784,5.42775527283746,1148.14945455548,115.795055104686,2370.14406819428,127.707464890985,414.893662050063,0.0246761790018223,8.51444724359749,8.49293254721031,1.13483331503126,7.47156798511482,4.73665340115402,0.209957123260471,0.0101627285027251,0.005659997031575,13.4262540887628,44.6260673134082,15.0
0.625,30.0290291178639,13.6578857330278,1137.72556244934,122.871888174384,2341.3579515538,126.317366567736,409.573560804526,1.59832437368515,11.115931316398,7.87432209320913,1.78367504873401,7.79591142698174,4.55495245252281,0.0464535516561428,0.0031134238834175,0.0016943670411475,10.7286168777224,44.1406428304861,15.0,3136.49022928521,115230.0,2,30.0055978476055,5.23271417256448,1141.7630666473,114.965381221295,2356.15192585221,126.808676877364,411.793709943926,0.0229441210963394,8.60274486957278,8.27529341288194,1.11990982715323,7.43970485696654,4.73788971602709,0.211493214183109,0.0102189064272843,0.00570994587649,13.2715662558318,44.3107221574207,15.0
0.635416666,30.0213598484793,13.2722736315085,1146.42996558032,122.507618271722,2363.07700565646,127.371325810509,412.840658170489,1.61841793802307,11.0726716877339,7.77512603771809,1.74444584567749,7.7305040088469,4.55429208586323,0.0440281782241917,0.0029499290359067,0.0016045325583278,10.719790155357,44.5083251441482,15.0,3162.55117397524,106785.0,2,30.0164696527674,4.98316395867418,1142.1515165867,114.423381723206,2359.34021304997,126.847740785127,411.813395899896,0.0221646679007333,8.47270153036782,8.17580196961832,1.07691185637074,7.3776774716697,4.7502343029012,0.211326273080595,0.0102137661085184,0.0057278688356864,13.3053881761633,44.3234464220444,15.0
0.645833333,29.9828023233762,13.0842621217932,1148.83229932983,120.728300577441,2368.07244409045,127.524237085983,413.181737823473,1.65824840739387,11.0663188643467,7.7234313596184,1.72384859520125,7.66126137072542,4.54436358646304,0.0412083973623921,0.0027643692923623,0.0015032705516099,10.7035110451082,44.5613469006295,15.0,3167.17527435586,112435.0,2,29.9937449935167,4.9424083370586,1146.33682580947,113.424282462808,2369.65911482173,127.29434741086,413.119330504224,0.0238910067709549,8.46759525278027,8.07208629928786,1.06394686104966,7.31423341870979,4.74317906354528,0.210081329666166,0.0101672032074211,0.005702462877053,13.2633961545038,44.4788410188263,15.0
0.65625,30.0649527377814,13.1926816367114,1158.26196557677,119.886318362573,2394.0568900264,128.842242760381,417.296937566847,1.73843609286316,11.17798966614,7.65351642383655,1.73375341206301,7.5093179893672,4.54367133951782,0.0377221691455036,0.0025268069884766,0.0013719169618311,10.7269845616791,45.0218282070781,15.0,3197.52463687504,91105.0,2,30.0361464131887,4.65358748182812,1151.19189677357,111.98882619426,2382.78693010629,127.888332319697,414.94646460743,0.0210422711627557,8.35606109335167,8.04517809840042,1.02588072353185,7.20684044891031,4.7564390078962,0.211995535128553,0.0102390753771224,0.0057718326256188,13.4121745642447,44.6859439951414,15.0
0.666666666,30.0120487839666,13.3075036776264,1166.90329838988,115.995496232361,2415.03009545889,129.913668554648,420.625108911427,1.88091700935674,11.3253404681227,7.35820963963167,1.74077893433954,7.28427982335423,4.5112710444712,0.0334304815822207,0.0022369687295287,0.0012132931307555,10.7014548588902,45.3963639518847,15.0,3220.39802362431,87210.0,2,30.0211436248147,4.47076662522284,1158.39266234639,109.345477357259,2401.65359618501,128.819716791939,417.889818694234,0.0221057182166745,8.26247462738873,7.91914473252278,0.991878455491191,7.02997784605334,4.75413888676501,0.211718405583745,0.0102291122615181,0.0057817070709641,13.5862912010224,45.0111348303785,15.0
0.677083333,29.9742890085464,13.7084660621234,1164.95118471911,112.049367675831,2410.96096189706,129.614225303102,419.576823912055,2.00975949889187,11.3751474202428,7.24187666360364,1.7765629941073,7.10411302542803,4.49405915500188,0.0306487103839344,0.0020570168385393,0.0011163862977444,10.6873536600853,45.2918363387829,15.0,3211.83329988445,96230.0,2,29.9911216566035,4.54471507762486,1163.23996219315,106.199029894953,2413.95217638779,129.414030451636,419.699590434572,0.0256500820752819,8.38911548448947,7.71793975306359,1.00542691866867,6.85389626740475,4.72906220803208,0.210968359069658,0.0101992534729269,0.0057558597017661,13.5501223678954,45.2186614021969,15.0
0.6875,30.0040492347844,14.3924340584816,1154.15462705469,109.195604873691,2390.20461836835,128.411934454719,415.646383893972,2.08421976416439,11.3510097240495,7.33804747752194,1.84207361283069,6.92852601632626,4.49899674074153,0.02897369650626,0.0019530777472448,0.0010604009812549,10.6984395919048,44.8718457857254,15.0,3181.86376082336,95985.0,2,29.9987190605409,4.62151705929309,1160.08637653787,103.277669563358,2408.91581004503,129.060388492652,418.458077502652,0.0263875434696855,8.49418404949284,7.64549113648017,1.02893976982453,6.691035787845,4.71578505511577,0.21162631766906,0.0102223169571469,0.0057631125364107,13.4937099547261,45.0950491422202,15.0
0.697916666,29.9977769404254,14.3329340139969,1157.39777419871,107.587132399434,2398.16553170532,128.762296885134,416.749281762605,2.13230972837874,11.2929298190465,7.25679845991691,1.83291250785649,6.84421720041987,4.50109419415071,0.0275104820669655,0.0018642145486665,0.0010122433287078,10.6955954712042,44.9944622917104,15.0,3190.24235943219,98185.0,2,29.9978750531854,4.62214616909374,1157.00483418698,101.024702065024,2404.01041787767,128.714055387824,417.271867026394,0.0277013295466533,8.5264525342238,7.61357024376312,1.03632456232483,6.56117636375641,4.70983272827932,0.211339493122724,0.0102110270893886,0.0057557902917144,13.4476407000321,44.9740827537667,15.0
0.708333333,30.0129529477923,14.0052133580422,1158.56508915963,106.02541677243,2402.86186437942,128.950913364263,417.321593231812,2.17847418923347,11.2639576483352,7.07762658910523,1.7971166336381,6.73753538049305,4.50443406353803,0.0260403031210574,0.0017732015731518,0.000962355013609,10.6996657815531,45.0605777082749,15.0,3194.08909096187,95070.0,2,30.0074823566619,4.48966785123465,1157.84523602119,99.3386335507318,2407.40158017657,128.825422789521,417.589685809236,0.0278805482113311,8.52338280142085,7.52031374489885,1.01931024983398,6.46080190368559,4.70996263816137,0.211441916347504,0.0102146361748406,0.0057694686788019,13.4237122584334,45.0130881700868,15.0
0.71875,30.0110414003178,13.1007785079789,1161.12894256917,104.159547861016,2410.36692371651,129.304412291021,418.422806294932,2.24584484908105,11.2721160732036,6.78923900440801,1.70304954782082,6.6195468757088,4.500574498645,0.0243634198920144,0.0016667530030765,0.0009038713084794,10.6968051089852,45.184316709947,15.0,3201.42521208195,92400.0,2,30.0098475774659,4.25117853329726,1159.30522759869,97.5904898141726,2412.24469147446,129.035076994113,418.238466665194,0.02885224037842,8.53348927168677,7.33300461722748,0.98043844600074,6.35297924606094,4.70737260922524,0.211303244500762,0.0102089403957257,0.0057867092462362,13.4011583236377,45.0864185663348,15.0
0.729166666,30.006733706977,12.8336550951032,1161.03870665247,101.760164161416,2412.03878490723,129.354443140654,418.549439384476,2.32802605435173,11.2992267322229,6.6740391674504,1.67245136934507,6.47801792235465,4.49453831347024,0.0226332232357879,0.0015561963248625,0.0008432150184832,10.6932717590624,45.2020147806925,15.0,3200.9576647702,91040.0,2,30.0079532326827,4.10455148505085,1160.41698852763,95.5954315761204,2416.24355844705,129.216160273136,418.796167495775,0.0301162566142671,8.58974237792994,7.13376531238019,0.952505362631503,6.23305313302735,4.69918534981915,0.211356504072821,0.0102099156536128,0.0058001398813667,13.3560791489285,45.1497463935467,15.0
0.739583333,29.9972766528169,12.6117679045205,1159.0354339713,99.7680904096972,2408.83956408187,129.142892080855,417.845989479412,2.40669966782671,11.3139886576287,6.59968303522599,1.64644256655335,6.36877602678931,4.48956749667254,0.0210049843156626,0.0014532132788479,0.0007868395216529,10.6885305875818,45.128331108605,15.0,3194.8202258488,92735.0,2,30.0013071792727,4.02967712726472,1160.12400279459,93.6122002128831,2416.97003194752,129.226732581083,418.798696387724,0.0321480701985212,8.67957096921967,6.98434457945403,0.940257633118782,6.11743804467566,4.68720064869086,0.211199328286868,0.0102026728755195,0.0058018281237619,13.2856250965166,45.153516677243,15.0
0.75,30.0009748956792,12.8640579664014,1156.82042048135,98.1725226535842,2405.22723393568,128.912819440557,417.098888185561,2.4746609228404,11.3155409679982,6.69344159619087,1.66835502298376,6.27636636999874,4.48934295820837,0.0195062744625251,0.0013588215270207,0.0007351207553382,10.6886275153894,45.0482327930467,15.0,3188.46008811734,93330.0,2,30.0010141914638,4.02898803872848,1158.58750989917,91.911035905883,2414.83567891295,129.08172466062,418.303697060882,0.0333857413154137,8.76168239663618,6.93056478665174,0.942020215161898,6.01868532860473,4.67786677812518,0.211375603846696,0.0102080651199765,0.0058048416881798,13.2194499046618,45.1029801719442,15.0
0.760416666,30.0028615094199,13.2056482900903,1157.59271550305,96.9228739013206,2407.8539949615,129.023431654591,417.46660849705,2.54006416973438,11.3115502324371,6.79691428116594,1.69942447841119,6.20334434498839,4.49002779379162,0.0180699718255946,0.0012678825498453,0.0006852399923495,10.6878116976067,45.0872551313725,15.0,3190.46015973666,93350.0,2,30.0021441520554,4.05191950862937,1157.65895260903,90.5025221165149,2413.9855310113,129.001980992842,418.035582031424,0.0342203997223262,8.79869355312876,6.96948716156252,0.949794871304716,5.93606518413575,4.67370483038412,0.211592039942476,0.010215414653352,0.005807106263139,13.1885975063429,45.0753189468298,15.0
0.770833333,30.0033174196531,13.7464800011293,1158.14381987872,95.7759664096843,2409.93993116156,129.110448460524,417.764761237194,2.60220757780227,11.3109487406048,6.91770995911018,1.75055772452977,6.13562519085025,4.49054925610787,0.0167275523454058,0.0011829685745145,0.0006386304333871,10.686591722167,45.118070089896,15.0,3191.88974792818,93270.0,2,30.0027351789786,4.10505879854151,1157.8919438358,89.3204197001678,2415.58604848561,129.053190851172,418.205217587868,0.0347603479315764,8.80255420544961,7.05545215629612,0.962541336531859,5.86651173580449,4.67307127023896,0.211786074212323,0.0102223308716344,0.005806527730228,13.1861075422473,45.0934768025818,15.0
0.78125,29.94757578126,13.5482762990847,1144.01604531095,94.6966434421387,2376.48702809287,127.268636519454,411.811556732197,2.55893985566189,11.2221633603784,7.17525127139569,1.72823678522842,6.1544651342796,4.49168977663484,0.0160981141649183,0.0011579968293963,0.0006254009234175,10.66959513,44.4747902423103,15.0,3149.06602525494,115685.0,2,29.9626495912358,4.37201016210527,1153.12946160686,88.6555391552812,2404.59138019414,128.438566423439,416.166174910457,0.0414041588865159,8.9630447736684,7.17880798296022,1.00684528853962,5.85015947891842,4.65333014709215,0.208820086808613,0.0101097097510542,0.0057113955685343,12.9780455906391,44.8791140845905,15.0
0.791666666,30.0088554068066,13.5470290749656,1133.16313185876,95.9604815846894,2354.29810555691,126.036032957521,407.790947765106,2.44407794624815,11.1608962435136,7.22467963544789,1.72860245592216,6.19642660658863,4.51306903958575,0.0160588424141036,0.0011712661189891,0.0006323170444178,10.6927461709051,44.0442812825743,15.0,3120.96973575417,112545.0,2,29.9950503452278,4.44367649713894,1141.06466468009,88.9518330057952,2378.05184064218,126.975270700202,411.373767797766,0.0383963754078269,9.02916181196313,7.32909921631341,1.02456175946485,5.87591904992507,4.65816682026213,0.209319553248444,0.0101283025970619,0.0057167974273643,12.8573469367254,44.3682419438051,15.0
0.802083333,30.0044310306421,13.5050948899372,1147.31740397533,97.7095503867981,2384.42986513913,127.624000439069,412.858859724489,2.38661626270547,11.168480500372,6.7526037166007,1.72403644865042,6.29230653790928,4.51363180833569,0.0157026445196211,0.0011551091146231,0.0006225496381241,10.6890039803323,44.5993481917859,15.0,3160.90427089246,110155.0,2,30.0021722127767,4.43534929508766,1141.4134055993,90.00547330399,2378.81983194908,126.978467148782,411.33905455408,0.0366205877559366,8.98059978291327,7.2056622297183,1.02004597353812,5.9308465513322,4.66746247883841,0.20936185985169,0.0101307548404415,0.0057194392711385,12.8640397680712,44.3697148941078,15.0
0.8125,29.9907053088229,14.3687150128954,1150.73118001832,98.6411744542156,2390.92261210947,127.941810094921,413.796103758382,2.35917489343927,11.2140799562171,7.06759315126649,1.80990969279392,6.35804419264949,4.50806213735972,0.0152687992998133,0.0011325943542243,0.0006095711309604,10.6832753138024,44.7104645541286,15.0,3170.05750874207,112445.0,2,29.9946936135075,4.61567800248916,1147.35860461384,91.1646329239113,2391.26687145014,127.607833951135,413.305706277079,0.0358484294633244,8.95400742270955,7.16179116119289,1.04398115513958,6.00063074858943,4.67006719170898,0.20927009006363,0.0101280135634838,0.0057025506641202,12.8930754237715,44.5899127954671,15.0
0.822916666,30.0515587009865,14.5537853045367,1158.65127731099,99.6178478946557,2411.30924551053,129.023678755042,417.19955465857,2.40861635040389,11.3466836100974,7.02448325477112,1.8282744732465,6.33648518189126,4.50549403657936,0.0141325030938974,0.0010511616934839,0.0005636945861657,10.7021547204353,45.0886232043305,15.0,3195.66767050059,94380.0,2,30.0293780391489,4.43073118394504,1152.34613311062,91.7736526149773,2403.32271157684,128.205432690128,415.197279351501,0.0311427982845847,8.82545900994844,7.26909673010935,1.02402251178338,6.01683511350546,4.68759153604595,0.211700407408427,0.0102198579687011,0.0057762672615486,13.0937103104666,44.7988369204568,15.0
0.833333333,29.9727745094619,14.7606399138717,1158.78188192881,98.4899517650027,2410.13727680678,128.937509139052,416.850832242408,2.49134794321138,11.4180689945549,7.02000251516892,1.84640647171201,6.31647082858601,4.48222115026557,0.0128008733510931,0.0009619392758557,0.0005151429064022,10.673180072091,45.0586685963015,15.0,3193.69209035876,103370.0,2,29.992223085581,4.50933889440722,1156.5925123219,91.5985625435177,2413.29403612593,128.7153261829,416.787366129198,0.0348548363676886,8.83860864499919,7.26614851873336,1.02853634472716,6.0000004448605,4.67711892973415,0.210474513099257,0.010173520984977,0.0057402226232866,13.1525995762415,44.9770311270075,15.0
0.84375,29.9580975969407,15.4332494264532,1147.07353873973,98.4994685438922,2381.79736305123,127.356144005463,411.689403035124,2.45768695431046,11.3661324630433,7.39856728645347,1.9133245293341,6.38816563941658,4.48650066442794,0.0127676534859326,0.0009728822822106,0.0005221804531764,10.671969672846,44.5062013789693,15.0,3158.19158906581,120725.0,2,29.9666983416863,4.91958217929227,1153.72398658075,91.7952000801035,2405.58728650237,128.267263992304,415.219981533127,0.038509571765272,9.01572492572819,7.38485314496895,1.09416093702573,6.04149126238196,4.65611249617338,0.209014799188875,0.0101173583473273,0.0056698897639438,13.0053999936902,44.8206457250837,15.0
0.854166666,30.0206232008637,16.2226602716594,1144.30002809592,100.582445892576,2377.52889899146,127.069158854433,410.69723868568,2.38588039468774,11.313287813511,7.78613140247012,1.99400261624654,6.45999083245488,4.50551753848305,0.0131452498588106,0.0010043482356203,0.0005392108622026,10.6950630813945,44.4060507626109,15.0,3153.43786596201,112590.0,2,30.0041189991576,5.08319769655842,1146.81749412359,92.8209995283523,2390.44909414158,127.382522330369,412.277451979813,0.0341909198597647,8.96488343521296,7.7258242839169,1.13042439466844,6.1050190843327,4.66989523673522,0.210536964436008,0.0101751831968293,0.005692453989007,13.0329294875306,44.5117477369135,15.0
0.864583333,29.9945603533033,16.5748844685088,1148.27401712288,101.722666899228,2385.6122022298,127.450485673405,411.836530389463,2.34940398770466,11.2944177454724,7.90824788303566,2.02947992741037,6.53411378290695,4.50289503800311,0.013235429448589,0.001013836465504,0.000544087365646,10.6852702543525,44.5393607113161,15.0,3164.57644726957,114015.0,2,29.9980286868137,5.2093335631956,1146.80157500222,94.0333455646858,2390.81795743088,127.332067744736,412.042590171596,0.0335000835878268,8.84484752989325,7.99422093942267,1.14821238037847,6.16874251232897,4.68101870456726,0.210138242767347,0.0101616361067511,0.0056742185460309,13.1092945615283,44.4943018964362,15.0
0.875,30.0109180527133,17.1118170147159,1151.71852227013,102.830652635741,2394.00638912484,127.852512301098,413.018960261442,2.32444636393466,11.3300523894108,8.19870173757815,2.08364305450307,6.57570833328688,4.50158180334479,0.0133803265555162,0.0010257595619887,0.0005500729695417,10.6912770279401,44.6797462461911,15.0,3175.58008712958,108900.0,2,30.0068103636092,5.25992545251696,1149.24925949356,95.0567088915182,2396.67576581924,127.577334222848,412.751429745681,0.0312843113095678,8.73855131844382,8.24890753408957,1.15761620354151,6.22161068016724,4.69210473737054,0.21068319015935,0.0101832785738201,0.0056839381099222,13.2142789153209,44.5800616935304,15.0
0.885416666,30.0368734892124,17.625290929627,1159.7935789363,103.208164656416,2414.37206680098,128.916431204733,416.321608485059,2.35030295860301,11.4448218943142,8.25956351994492,2.13436426813956,6.54114008880094,4.49102468474092,0.0128429048295659,0.0009851545312472,0.0005267816980628,10.6982945317792,45.0513144503855,15.0,3200.74737340041,95335.0,2,30.0259802322911,5.09494709233139,1153.78723860644,95.3981968217698,2408.3809910676,128.137861706557,414.496517569784,0.0279692649281732,8.57355142931617,8.46969268717397,1.13645123325465,6.21998141408141,4.7076602044821,0.212019474042141,0.0102347568172678,0.0057298143691127,13.4334092227416,44.775783543739,15.0
0.895833333,29.9206130857996,17.8084153557631,1147.4236851721,101.932367779313,2380.77873136293,127.039235929264,410.144934822421,2.28645508592881,11.3764686280277,8.28842468354102,2.15141921660233,6.63878664095362,4.47484356869339,0.013882511458214,0.0010745041195855,0.0005775321924585,10.6630261886818,44.3948243903683,15.0,3158.7853345923,131055.0,2,29.9463842579975,5.73925949616095,1153.30716742724,95.5366181174112,2405.56275049462,127.951381635703,413.718156007751,0.0351784152490979,8.76512013499193,8.48950757298905,1.21669967419892,6.26854614525243,4.67262180785175,0.208353188449021,0.0100960783078091,0.0055924725189821,13.2446472677075,44.7103824027468,15.0
0.90625,30.0245272699284,17.9650255115803,1138.04485446486,104.884820972583,2363.11276268299,126.002705630046,406.6798504465,2.1438193243306,11.2755144379698,8.41744184091826,2.17109058822453,6.74115863232399,4.50575162826977,0.0167442130413788,0.0012771720250095,0.0006885448549147,10.7052858955083,44.0318925517123,15.0,3137.06766506152,120480.0,2,30.0026876205833,5.8323829049375,1143.98272640572,96.9520141955948,2384.21163155958,126.720307162736,409.58265785326,0.030136135985675,8.763935686461,8.61393137022998,1.24626464406938,6.37159467312709,4.68464979902568,0.210143369982562,0.0101639834372992,0.0056268622988206,13.2064214371655,44.279862896255,15.0
0.916666666,30.0097018446664,17.7985688336097,1146.58878607382,106.811201707332,2382.38352428116,126.963712277259,409.619957127601,2.07806668913329,11.2536187871823,8.55643146495749,2.15589451578841,6.83186619526942,4.50358563746922,0.0182068973367744,0.0013733499421542,0.0007398908593338,10.6984888720187,44.3668950995421,15.0,3162.55055742504,115355.0,2,30.0081900416289,5.72865903688992,1143.31729423827,98.629559735372,2383.69498475498,126.606447905149,409.094509996563,0.0281655456273955,8.6076111945704,8.75913557074071,1.22680027033892,6.45041941952917,4.70037774061444,0.210114452454727,0.0101648449375276,0.0056361350595058,13.2996205989866,44.239512218368,15.0
0.927083333,30.0046683848401,17.5239464894547,1151.399792087,107.728546810995,2393.46776407905,127.492901093911,411.146202204003,2.05538830129306,11.2958878579616,8.57828179397504,2.12904516906194,6.87491618217614,4.49550905798995,0.0187566378510955,0.0014074476229723,0.0007574298786888,10.6961644750384,44.5508960516522,15.0,3176.83957674496,111940.0,2,30.0059362580956,5.59988771761765,1147.7394347753,99.8073310146801,2394.01857236873,127.086513675804,410.503895096767,0.0272303324644649,8.52607622815446,8.85767016770977,1.20319606470013,6.50790147762767,4.70538976074182,0.210092875957691,0.0101649846314688,0.0056466595611526,13.3760192499839,44.4064909591563,15.0
0.9375,30.0776923000684,17.1873470246311,1164.54734637942,108.136854389034,2427.3061350148,129.277305247197,416.699611066103,2.10380975614996,11.4854399693414,8.45686062844102,2.09503455487245,6.79239637094419,4.48310787814592,0.0172457660186288,0.0012937819129329,0.0006928798975058,10.716949377746,45.173626250912,15.0,3218.3556587606,87415.0,2,30.0463247026062,5.04162982841672,1154.607862486,99.9051188647823,2411.54064924321,127.954341917029,413.207328998052,0.0230005020427,8.35302103802981,8.9087054669326,1.12439324831101,6.48084830946251,4.7232434849579,0.212218324495962,0.0102457166110592,0.0057422673773678,13.6366539093986,44.7088628180665,15.0
0.947916666,29.9056694829103,16.6130427161862,1152.07723018134,105.427862767408,2392.49452907745,127.336321496646,410.295768489618,2.09864506933391,11.4381803251305,8.33494618977606,2.03496169831581,6.84356741209761,4.45200248619311,0.0173591092092614,0.0013166924759394,0.0007082088151992,10.6606733501116,44.4944134067498,15.0,3174.09459406441,129070.0,2,29.942114014702,5.5184261588933,1156.73512137957,99.3043428727522,2414.71028060169,128.111428584515,413.489026139091,0.0321684651503898,8.66340784611298,8.70795177330712,1.16981591976508,6.48264582917361,4.6693003218831,0.207964067851805,0.0100832697127556,0.0056025155514948,13.3691309864922,44.7628102150606,15.0
0.958333333,30.0325056166709,16.271396950683,1143.37120082067,108.008459976489,2377.0775396066,126.412162577649,407.208579581931,2.01504974406898,11.324782369604,8.36374634765619,2.00457071484293,6.91154474853468,4.48809364188271,0.0199493599172372,0.0014952581652087,0.0008066192368116,10.7111937710592,44.1704572894699,15.0,3154.68629988961,116240.0,2,30.0057203405291,5.4323902763467,1148.91258162254,100.069948066106,2396.51973428179,127.063450539379,409.923940722625,0.028258015652875,8.78069041277869,8.66697275625995,1.17506440840867,6.55040366120691,4.6701045513776,0.210387364750567,0.0101732170299399,0.0056641392548438,13.2388427829665,44.3956875973445,15.0
0.96875,29.9884970008784,15.5104344668816,1146.65128255832,109.080068696523,2383.31986230158,126.661074621814,407.867107008071,1.96542347248478,11.2458281926398,8.1381965683852,1.9295791542196,6.9972041137924,4.48711405525032,0.0212130607272952,0.0015798489141201,0.0008530398839541,10.6941985078965,44.2564423877229,15.0,3163.37687818053,120490.0,2,29.9941612381536,5.33624255127403,1146.10969182822,101.224924508536,2390.6417576715,126.675225327243,408.534290556299,0.0289303257305098,8.74397105979459,8.55019579734153,1.15142986323216,6.61135798025485,4.67214162020336,0.209382930319078,0.0101362518491781,0.0056493856456796,13.1879345972703,44.2591167175986,15.0
0.979166666,30.0189163498416,15.046626025747,1151.51107431067,110.475247999545,2395.65905369292,127.248469682075,409.592536731251,1.94650606849427,11.2633361356893,7.91601224865083,1.88471769457652,7.0375043327623,4.48983864172683,0.0215200779482088,0.0015957402422883,0.0008608626237185,10.7036142117078,44.4607351628807,15.0,3179.21033818451,112010.0,2,30.0113406885742,5.12641761153734,1148.54587427799,102.323402228194,2396.35108244494,126.906769966128,409.143889567162,0.0272051572819056,8.69808566769136,8.37615808543253,1.11782053842743,6.66591875053432,4.67923409623422,0.21001889852366,0.010160593870997,0.0056816356126523,13.2022011766277,44.3390821555519,15.0
0.989583333,30.0322023063606,14.6571273245943,1159.86065123726,110.632816209697,2416.5659401434,128.319548071914,412.855301912643,1.98127348112077,11.3860017533819,7.66420681621764,1.84562552149513,6.99460748300991,4.47574922119675,0.0197832533063544,0.0014708821033979,0.000790942889355,10.7038978476145,44.834247237956,15.0,3204.80137860966,99810.0,2,30.0240597151872,4.81960751141439,1153.66260945328,102.586343631614,2409.22929487426,127.530713355712,411.036453942471,0.0254660366715538,8.62061891839146,8.1881281532768,1.06763125296051,6.65542383439407,4.68529357184732,0.210954357213196,0.0101959975025174,0.0057293525836115,13.3231888071984,44.5562154735544,15.0
1.0,30.0235576727807,13.8707696454835,1167.85800072618,109.191351489523,2436.13287282188,129.336243677733,415.95344534196,2.06906728310403,11.5592712966779,7.39789377289682,1.76517684223264,6.88704027992575,4.45020420336632,0.0169107056745959,0.0012695304770956,0.0006800549366195,10.696238610074,45.1889915731988,15.0,3227.74567922286,91815.0,2,30.0227309276688,4.48070982335214,1160.46302217773,101.714186969517,2426.06398102805,128.388117872462,413.687429525264,0.0253927249600393,8.60640388448671,7.9730695214246,1.0096784122442,6.5835083302589,4.67979713534411,0.211491578258413,0.010215497333966,0.0057705273325712,13.4467700145309,44.8550201790291,15.0
1.010416666,29.9967959769392,13.4480696686007,1170.41306417119,106.912050046958,2442.40414577539,129.638314816773,416.801338602372,2.17953578276991,11.6820065426226,7.21770766968923,1.72038221739053,6.77177300877039,4.42698470517123,0.0144410282794512,0.0010989026335571,0.0005875442646132,10.6844119575412,45.2942272530092,15.0,3233.59735549927,93090.0,2,30.0061438039676,4.31945457893172,1166.06328740048,100.090489184393,2439.59587417454,129.089478284969,415.825042063503,0.0276000088430606,8.72886877364877,7.73904021911779,0.97808009314787,6.48488172857667,4.65774038485035,0.211474676565788,0.010212833944169,0.0057824085715897,13.4544284619478,45.0994169831638,15.0
1.020833333,29.9971224483163,13.4422925182897,1169.27489126476,105.056863718369,2440.73597337887,129.505129464286,416.306147406364,2.2742431264334,11.7216213990222,7.27401759150658,1.71782548253176,6.67672676369445,4.4193341314225,0.0129377963303436,0.0009956753832418,0.0005322660355489,10.68405423483,45.247555669103,15.0,3229.59492067631,95230.0,2,29.999620777901,4.27855413960403,1168.46056043286,98.3708297320713,2445.66354501998,129.3892245433,416.677097263802,0.0296319967906621,8.89704368448522,7.60281257850546,0.973093153019715,6.3905588187352,4.63467735547335,0.211809482282983,0.0102229777984934,0.0057915791672904,13.3887790836119,45.2036621555892,15.0
1.03125,29.9513593580902,13.509312282767,1157.53868540163,103.69210143203,2412.20165798914,127.908896570528,411.154021971164,2.27242976218313,11.5860871603444,7.39748366393875,1.72327721130213,6.68967631383314,4.42512144792501,0.0130647821217035,0.0010136440988246,0.0005441821896351,10.6720502125807,44.6898159861709,15.0,3192.888884513,117165.0,2,29.9637964360287,4.54881394769306,1164.51490692138,97.2620454744679,2436.14577996766,128.850321251114,414.80884557929,0.0355039360777637,9.15399835339642,7.5578876495303,1.01681156588836,6.35740167874402,4.60273574324214,0.209538619881224,0.0101355428557106,0.0057122072958515,13.1240669093513,45.0151612973455,15.0
1.041666666,30.0219805760342,14.028043649851,1148.00632841664,104.657551569328,2394.11576504968,126.878617872713,407.809461453208,2.21552295437862,11.4652840263123,7.76682046656272,1.77664376656412,6.69440053896383,4.45313748601178,0.0138942648609561,0.0010721097372397,0.0005764923675851,10.6986697612787,44.3299212851268,15.0,3169.34823423502,110055.0,2,30.0040395439657,4.6447478380143,1155.27609199342,97.2450505911286,2416.11598663948,127.714576450649,411.077886789484,0.0323046641209873,9.16232267484844,7.75535754039777,1.04219054542562,6.36445437136746,4.61206979764659,0.210935294819642,0.0101880526208863,0.0057368375669908,13.0366241282095,44.6183893614709,15.0
1.052083333,29.9842020471929,14.6682914336304,1152.67648095434,105.215835150361,2402.85038579634,127.282625339452,409.038746553309,2.17572224175474,11.3897321996469,8.1874391721869,1.84090518114423,6.75954329030596,4.45602101519533,0.0144468877382877,0.0011119168786015,0.0005984932856456,10.6847936056388,44.4711533667544,15.0,3181.15142037041,116550.0,2,29.9909437187107,4.87166481267764,1152.08715814974,97.7136014693395,2409.51390856373,127.292723782446,409.653667718176,0.0326973255397071,9.07204031280624,8.08784340704951,1.0750135516118,6.39264529743871,4.62092488531361,0.210068209573134,0.0101567510916883,0.0056985251747525,13.0219944785038,44.471131117304,15.0
1.0625,29.9997142402815,15.5390085402008,1154.15198409976,106.25365812542,2406.04265293835,127.39227094724,409.294159760766,2.1259950641704,11.3708903786159,8.80485722237935,1.92936919903269,6.81527893092464,4.46344496445488,0.0153755694038322,0.0011776280325556,0.0006342836515657,10.6913161602275,44.5094171281302,15.0,3185.73310724975,115790.0,2,29.9976368820488,5.08718948381737,1153.35893619458,98.5752548410366,2412.15774387457,127.355408515469,409.76881786542,0.0307945104974896,8.97181155076011,8.58552618572809,1.11244835262958,6.44929869473199,4.63430214116302,0.210421273105616,0.0101712727911189,0.0056900476679072,13.0634571289167,44.4931431774601,15.0
1.072916666,30.1501513480512,15.6795461365223,1175.00657858908,107.112161462572,2459.3106889273,130.221933164529,418.243459025452,2.19838775440326,11.6082252455853,8.76870345332662,1.9441439576711,6.69237630965045,4.46336179082935,0.0142242860220661,0.0010828554592423,0.0005794176683465,10.7384431990842,45.4979960205968,15.0,3251.54461289215,75610.0,2,30.0759315969985,4.48541932412351,1160.32967346766,98.4677303737878,2430.72866287479,128.258846745956,412.672544501965,0.0222353284728138,8.61782891313243,8.97534056039797,1.03572899412784,6.40010899605105,4.67927735543175,0.214803481149098,0.0103373899859701,0.005845994981708,13.493580041214,44.8086483563029,15.0
1.083333333,29.9941125678765,15.0349178583145,1186.92632155359,102.808311000998,2485.72119830399,131.644727316472,422.693417841137,2.39012247667193,11.8395759066486,8.34218961943418,1.87365064118074,6.48172765073658,4.40213967929837,0.0117542762273809,0.0009067434489553,0.000483378440665,10.6775804864271,45.9949723720608,15.0,3281.84171129118,76595.0,2,30.0313789161696,4.17381792673863,1171.75796873114,96.3146444447751,2458.88702848661,129.735375669543,417.425328623659,0.0251259863545627,8.44008247000574,8.95564818464858,0.965292420452453,6.24924216265584,4.67950152889006,0.213559925058748,0.0102922256074269,0.0058459918173404,13.8038139893349,45.3241272873825,15.0
1.09375,30.000092618093,14.5591183801991,1190.1084373804,99.202578694463,2493.64180473937,132.07039230693,423.996923099439,2.55118525736703,12.0337619075732,8.17002883560616,1.82193633822164,6.29327651619846,4.37642036782534,0.0105236944696075,0.0008209416286774,0.0004371319080757,10.6792724110428,46.1433677277655,15.0,3288.87262796127,76710.0,2,30.0134537227388,3.99718536229698,1181.42887240756,93.4736072700242,2481.49041989736,130.948730541038,421.275932134815,0.0273580301930777,8.58140828733267,8.77019168014412,0.936188309074525,6.08941846384032,4.65358663006604,0.214115369815989,0.0103103637707784,0.0058727539318513,13.8581819306374,45.7475180634683,15.0
1.104166666,30.0156790850791,13.6160261754963,1184.37779649504,95.6640816386021,2483.41941806088,131.536456973257,422.256751977233,2.66931867375116,12.164536986428,7.69930295273679,1.72362039682472,6.0852158996628,4.35892473100552,0.0097878241749415,0.0007687923173381,0.0004089034710098,10.6838157866436,45.9564034717616,15.0,3272.40818146258,73755.0,2,30.0136710505762,3.74104593032096,1184.46755617814,90.367019527466,2489.49041389249,131.396302782284,422.679563284114,0.0286099135807678,8.77534334367647,8.49745647512907,0.896724809913673,5.91580495125148,4.62706207977645,0.215394077277176,0.0103546118131283,0.0059237232996768,13.8452151818656,45.9032626296838,15.0
1.114583333,30.0165216596156,13.4668871277861,1180.16710286465,92.255981637162,2476.35299272983,131.180348207399,421.116135075753,2.77727591388236,12.2554370640618,7.69989776036228,1.70437983037795,5.88749316284998,4.34254829615918,0.009148060575811,0.0007221172709534,0.0003835767666969,10.6822578355274,45.8315541437066,15.0,3260.17808599388,71435.0,2,30.0144380368808,3.58290737630402,1183.07249963718,87.1748348627556,2487.99935753276,131.348191181127,422.518917912328,0.0296691845185627,8.94794530533302,8.25398205757402,0.867870661636086,5.73397760067335,4.60288923834119,0.21658080897885,0.0103958074010132,0.0059642668804494,13.8155538033052,45.8857866954382,15.0
1.125,30.0510079286817,11.7713049012187,1182.34720151477,89.3963700076127,2483.72098457459,131.605198228695,422.516902980505,2.92792800849465,12.3648916469083,7.11924065143618,1.53046249527264,5.70057581719736,4.33056995598993,0.0083185885647053,0.0006580530500204,0.0003487080283339,10.691487022278,45.979630703904,15.0,3266.67471600756,62390.0,2,30.0309194758807,3.21153729902475,1182.14403727204,84.0688513936497,2487.63927921662,131.366592432518,422.624286912122,0.0292308109498649,9.03767988709151,8.0009198947451,0.805527272338327,5.55485483263277,4.58960163220465,0.218395062332931,0.0104604964482261,0.0060417672899693,13.8521070387592,45.8915100853633,15.0
1.135416666,30.0100240208495,11.8533307420698,1179.98131146214,85.2681597533238,2480.06404343201,131.455255753735,422.120461368656,3.10615004861294,12.4334503428481,6.60567686484129,1.53306753660367,5.47741929897799,4.30985553193323,0.0075036571833779,0.0005946611260414,0.0003144554183336,10.6745306509302,45.9270013297138,15.0,3258.61217482469,62385.0,2,30.0209022986952,3.08029331669313,1181.56320356406,80.7987100796788,2487.77729705981,131.431043004742,422.909857971913,0.0318705620646463,9.15070263486665,7.5931044799801,0.77178348301541,5.3689634018415,4.56917514221578,0.218958615608443,0.0104790960261414,0.0060663515893943,13.8419330772571,45.9133149917061,15.0
1.145833333,30.0397119236799,10.9729363573474,1180.99595589819,81.5936520361458,2484.09141669135,131.721142392233,423.103134570903,3.2870597484962,12.5106115108031,5.98851285672249,1.44019900757993,5.26456053490567,4.30280068950483,0.0068463974095605,0.0005417008880578,0.0002858437678032,10.6833712157957,46.0197419214187,15.0,3260.64378263268,56735.0,2,30.0287198032163,2.86028334043929,1181.08306042239,77.439416228356,2488.03001485476,131.50452966539,423.256898227187,0.0321804432025844,9.24663975561409,7.12598260909439,0.736141367142442,5.18147509751787,4.55445144752039,0.220335184693511,0.0105279259149068,0.0061202323359374,13.8482302541745,45.9383664639553,15.0
1.15625,30.0195213684887,10.1968550594415,1180.2193973562,77.7793420429713,2483.50405259807,131.747059383318,423.363681879051,3.46537613065863,12.5503599478433,5.4617954791851,1.35714665434523,5.05618944933785,4.2917617625606,0.0062888067128229,0.0004953230871361,0.0002608355024343,10.6745617143315,46.0287635180484,15.0,3256.98172258324,55185.0,2,30.0245714262952,2.67060015920034,1180.8221335199,74.0679141297587,2488.42751966724,131.599674895946,423.714007313364,0.034505520282123,9.34632015966351,6.62249738816542,0.69804354597923,4.99509913182353,4.5387023663143,0.220897349794153,0.0105468007786183,0.006151898526517,13.8316314803695,45.971063352122,15.0
1.166666666,30.0274479834775,9.77358584895839,1180.0649518671,74.2514543911249,2484.11083662023,131.841680945136,423.88644643125,3.62537683158495,12.5781026747888,5.16145856763227,1.30981959136317,4.86092247315815,4.28860682217286,0.0058719403496186,0.0004595608225189,0.0002415552008753,10.6761700813206,46.0618786272937,15.0,3255.16293666161,52365.0,2,30.0255340746063,2.51759520201601,1180.53079593887,70.8107429122647,2488.4523672966,131.683070191754,424.166092015292,0.035646212427472,9.45326778458017,6.16579558374608,0.668191536580044,4.81634172994486,4.52450766728028,0.221669745600986,0.0105737606833288,0.0061855295635115,13.7968608337538,45.9997773619541,15.0
1.177083333,30.0261652477644,9.39478736129597,1179.92578030542,70.8571223513921,2484.42947279532,131.926275145032,424.418215350549,3.76782075520886,12.5829254701654,4.89419711540119,1.26696778688515,4.67493843200364,4.28741098216977,0.0055409365235177,0.0004302549172656,0.0002257537265463,10.6745438758525,46.091579808326,15.0,3253.23633431703,50000.0,2,30.0255444824444,2.38289539735436,1180.29821997519,67.7025653005383,2488.36825845469,131.764819697352,424.651786176796,0.0366855327067782,9.5322981918289,5.79239367304685,0.642184892065522,4.64683727611904,4.51411990717442,0.222296655778078,0.0105957439138112,0.006214395037363,13.7721229771849,46.0280437689398,15.0
1.1875,29.9806636319974,8.84835822099669,1172.85267502368,67.8730761788883,2468.89811535215,131.168097871363,422.256293636551,3.85445663048672,12.5295326627597,4.49610383668054,1.20743572814585,4.52366281053073,4.2852208829945,0.0053390559382149,0.0004131109680109,0.0002164665790906,10.6583291873739,45.8268587761956,15.0,3231.65633762912,56290.0,2,30.0057954358923,2.31580146490662,1178.46368496969,64.857649627351,2484.45755357817,131.654706681787,424.519012501277,0.0434106027643356,9.70183799070228,5.38984603114051,0.631635964323507,4.48939732235649,4.49402512555187,0.220844850423066,0.0105414104995406,0.0061848946747119,13.6243397362187,45.9894542709411,15.0
1.197916666,30.034348902,8.9203507844918,1168.61277165862,65.5382132188965,2460.28194235972,130.785767118274,421.318043647313,3.92622944861875,12.4895228639021,4.53208891676688,1.21136130129843,4.3852316516384,4.30112802602751,0.005184473544738,0.0004003486078324,0.0002095360331357,10.6771856671819,45.6934561652624,15.0,3219.17264562606,52180.0,2,30.0182380598516,2.238647356954,1175.14053945496,62.3857835830424,2477.22854595656,131.367186809609,423.832216547021,0.0421713377008487,9.85118959337464,5.08088685912977,0.620414912996797,4.35062493616764,4.48340049181083,0.221526095940691,0.0105659421615781,0.0062095892686983,13.4889340885891,45.8890374035595,15.0
1.208333333,29.9991512166903,8.97285613120745,1169.01218494351,63.4799627063162,2460.5525345586,130.879816381271,421.93830799268,3.98719013424865,12.3994634997973,4.54866972131179,1.21268509166661,4.28097185679164,4.30675697418348,0.0050167760139546,0.0003862563786248,0.0002019192035652,10.6640367437567,45.7265226581907,15.0,3218.69199693042,54880.0,2,30.0100626147169,2.20933536294919,1172.07203359143,60.2119740731628,2470.4420875939,131.101765627617,423.245160728493,0.0457182569784624,9.93107330166811,4.91042137577813,0.616332326274227,4.22827792917954,4.4767182235863,0.220921536041664,0.0105434357006242,0.0061974800471235,13.3825665527416,45.7964262125328,15.0
1.21875,30.0063228137263,8.90182275060393,1168.59025359478,61.8850553731043,2459.04800674986,130.883327152102,422.277964313986,4.0338730808209,12.3052604403929,4.54676814115476,1.2025651308243,4.19668199295698,4.32187144283901,0.0048843002038618,0.0003760908526666,0.000196402455088,10.666467793772,45.7279512277037,15.0,3216.30941880865,56250.0,2,30.0083879519726,2.17764393327482,1171.01381550504,58.4555608573043,2467.69806239892,131.052997826901,423.364496496304,0.0481036708011,10.0124130439439,4.80233456609268,0.615189425196413,4.1298972148534,4.4728230407241,0.220335501722771,0.0105217685828447,0.0061862928113401,13.2541663141581,45.7795643426228,15.0
1.229166666,30.0006991180415,8.96201235318415,1163.66927443386,60.5109372317781,2447.80278808701,130.371139689036,420.960701707902,4.06637361774636,12.1934084525066,4.5196928914864,1.20583926921068,4.12184221903194,4.33753259412574,0.0047603442634119,0.000367270079966,0.0001916029767964,10.664429785516,45.5491913431851,15.0,3201.64802436958,58700.0,2,30.0050500916587,2.16904673861636,1168.62701819596,56.9987775091382,2461.97572725369,130.84711752074,422.987767582344,0.0511144023866684,10.0759029187984,4.72196102665285,0.61692833493142,4.04630658616684,4.47184858316229,0.219501310844297,0.0104911609334043,0.0061666525330972,13.1194559211863,45.7078377148954,15.0
1.239583333,30.0167733228107,8.88493402294368,1164.91719245932,59.5363848947931,2449.75875701778,130.568298845241,421.940305754721,4.09927479925421,12.0931922789883,4.50197986743283,1.19587529111628,4.06659901951116,4.35693568527273,0.0046326959110328,0.0003581397682113,0.0001866162310377,10.6698396797696,45.6182530438846,15.0,3204.2543940118,57810.0,2,30.0104974282464,2.13541732839845,1166.53802804862,55.8210951304485,2456.80188240914,130.670148638436,422.721234531909,0.0514163937935035,10.0949937515528,4.66529557311517,0.613670578862472,3.97806597616157,4.4776610779277,0.21938730114164,0.0104871125803827,0.0061676590972202,13.0201052727631,45.6462028369527,15.0
1.25,29.9983286658271,8.8778938863343,1165.48176464531,58.7258943020599,2449.80030204026,130.666684600637,422.60393938448,4.12506400887801,11.9883083578185,4.47581301478748,1.19277545428926,4.02664442954869,4.3710805491875,0.0044995987444329,0.0003488330975726,0.0001815382829601,10.6630419703247,45.6527948212781,15.0,3204.69853484552,60620.0,2,30.0049941033855,2.13100419636574,1166.08373638964,54.9055215032427,2454.93143403499,130.672773208804,423.045456144819,0.0546102699504343,10.097868133282,4.61397713883436,0.613835951291129,3.92533401299265,4.48385218186438,0.218397983380907,0.0104511880633869,0.0061441763430914,12.9240903654882,45.6473084220177,15.0
1.260416666,30.0000529550013,8.87516653434126,1161.54115466645,58.1299620836648,2440.2954311505,130.258663895283,421.621401794256,4.14234667717285,11.8985808207989,4.4465825227745,1.19062125812863,3.99264763196778,4.38801259070456,0.0043770593917486,0.0003412406736449,0.0001773649455674,10.6636932589424,45.5103797706564,15.0,3193.01774502061,62890.0,2,30.0029290260206,2.13632745962544,1164.84718529942,54.2282657128666,2451.2639949221,130.581468307022,423.063805664417,0.0572013474931143,10.1111825912307,4.56149985275234,0.617797761745737,3.88473986231468,4.4906499383651,0.217336172979201,0.0104126952821178,0.0061180529936702,12.8175299002174,45.6156154084723,15.0
1.270833333,30.0400716349311,8.83720430617943,1165.30352892025,57.6176604563945,2447.74288871439,130.764030366665,423.599667975653,4.180170059756,11.8532271898495,4.43349569835099,1.18533515937494,3.95428839440253,4.40753860644933,0.0042264298281928,0.0003298009576,0.0001710852537223,10.6772359577237,45.6870968004506,15.0,3203.03615492535,56995.0,2,30.0194657598099,2.08071596579228,1164.05757577608,53.6251881608319,2448.63547059916,130.544676760721,423.278632400768,0.0529142764266588,10.0617603461873,4.53629680900437,0.607501396171532,3.8487861265761,4.50634652179583,0.218524831382167,0.0104566416887577,0.0061537500426142,12.7989034295584,45.6028973760761,15.0
1.28125,30.0079780245503,8.78074082319218,1167.14002735927,56.808544070733,2450.50492832613,131.021240224641,424.785859221089,4.22329838980409,11.8071279766545,4.36723674937207,1.17734270238408,3.9111065216398,4.41344997242482,0.0040526363536279,0.0003155913075961,0.0001633675084246,10.6651075691793,45.7771393577795,15.0,3207.02830391973,57240.0,2,30.0145434292156,2.05132419481781,1165.31255529139,52.9981298469348,2450.29355647432,130.74182243101,424.268794500633,0.0540671821328108,9.98827002243476,4.50523045916268,0.598376747296074,3.81376284628235,4.51967722481509,0.218435897196028,0.0104538628515808,0.0061552220791299,12.8120346230017,45.6718622886216,15.0
1.291666666,29.9932044989297,8.75507116726556,1162.65893627585,56.1341049581094,2439.62194530373,130.548050785571,423.597536198229,4.25277813110323,11.7717515163677,4.32750583455228,1.17279419539078,3.87486599317679,4.42154981165329,0.0039055664083503,0.0003051437169806,0.0001576771541707,10.6598205343736,45.6119748609173,15.0,3193.62941128681,60450.0,2,30.0047877282019,2.05755307607707,1165.06037222548,52.420972303154,2448.5941848045,130.764454606965,424.682192142608,0.0577832072102266,9.980178372314,4.44977063472856,0.60045767027198,3.77995645189511,4.52639058904624,0.217148132172428,0.0104072796028191,0.0061235413233955,12.7700658700602,45.679904647001,15.0
1.302083333,30.0009592920915,8.80968096489933,1156.98076066404,55.7570566256837,2426.30370115635,129.945202414598,421.976012904942,4.27161401461011,11.7440343374202,4.31286607002195,1.17680100386781,3.85050022959771,4.43300500125224,0.0037716516485893,0.0002966521407968,0.0001530108971579,10.6626299968968,45.4014746171288,15.0,3177.27315628706,62145.0,2,30.0026993814142,2.07101069428307,1162.43004564958,51.9725627752476,2441.78124399891,130.514063393649,424.196480316958,0.0599252819790759,10.0107619055266,4.39694873608612,0.60583494721973,3.75089313382536,4.5313345031268,0.216228951511491,0.0103739378833204,0.0060999515118909,12.70089865731,45.5926056770827,15.0
1.3125,30.0313915186119,8.86072088730871,1160.17889778826,55.5052856877877,2432.21605733574,130.377716794751,423.720611447758,4.30579072232427,11.736206725577,4.32484586622582,1.18072091052035,3.82889752512488,4.44626230398788,0.0036169516296829,0.0002849313856095,0.0001465858852982,10.6728726357413,45.5527150085233,15.0,3185.66346304712,57500.0,2,30.0155243970133,2.03882809238361,1160.45244710217,51.5840423779286,2436.4541577653,130.340526333273,423.970562382961,0.0562797207137007,9.99474894761416,4.37867733985215,0.60026861273868,3.7259551756539,4.54267353186036,0.217306571997087,0.0104135870415484,0.0061300781319757,12.6962089965942,45.532107228066,15.0
1.322916666,30.0025655251734,8.90764574909371,1161.78063918157,55.0665326058506,2434.22637251721,130.601103301618,424.795499378791,4.34185126675715,11.7142245969784,4.36788415907993,1.18358491570686,3.80742720089927,4.4495046953486,0.0034500571184751,0.0002715933323117,0.0001393493017383,10.6620406468766,45.630901765323,15.0,3189.07578656277,58585.0,2,30.0097176752876,2.03416019318587,1161.01414406575,51.218845152326,2436.45975680099,130.455274850765,424.690727761209,0.0579117703713879,9.96146960902279,4.38149701360447,0.5974480000295,3.70485436978527,4.55146930740455,0.217210818092309,0.0104101776352421,0.0061281749935646,12.706383921627,45.57228690036,15.0
1.333333333,30.0068068761374,8.95720808671232,1159.41019950812,54.6608269146566,2427.94445029426,130.37939418011,424.422273029972,4.37497303694569,11.7037607013021,4.44003693356379,1.18711310634022,3.7824343350959,4.45765460979258,0.0033006350787159,0.0002604678964179,0.0001332926507775,10.6632767615571,45.5535699597236,15.0,3181.77803541513,58755.0,2,30.0084302836902,2.03282273933761,1160.79909587621,50.8750732771166,2434.76379665693,130.480121140439,425.114842338513,0.0586348794015544,9.9547621610304,4.40542965996433,0.598387872498732,3.68437957077062,4.55847753156818,0.217122418112256,0.0104068912161018,0.0061259984021578,12.6983285497921,45.5810429686656,15.0
1.34375,30.0142128741141,9.0923317365442,1158.8658261619,54.2925559751608,2425.61191911214,130.371132338769,424.746112167128,4.40849405695122,11.6966116057799,4.49913103131474,1.1992668954754,3.7587253411346,4.46580347616192,0.0031529166452187,0.0002492008316605,0.0001271419995583,10.6655398482999,45.5508108580513,15.0,3179.57876745987,57445.0,2,30.0110326264947,2.02687147453391,1159.96062938787,50.5302611145894,2431.76774904186,130.434661999613,425.314157252359,0.0578245816911302,9.94042597870844,4.44906736632583,0.597776508791089,3.66360017984391,4.56657994359939,0.217637719533778,0.0104255233068405,0.0061389229209222,12.70372085241,45.5651992541881,15.0
1.354166666,29.9776818370987,9.1881459331459,1152.99627242104,54.1155615125003,2411.33818248065,129.717057439849,422.954557044508,4.42151099344162,11.6636070620703,4.57296353517122,1.20727917945365,3.75524601093074,4.46820987784071,0.003024726314592,0.0002410231072632,0.0001226792046652,10.6525659288588,45.3223763159395,15.0,3162.33300541086,64295.0,2,29.9944656383186,2.08256131277433,1158.03189621697,50.308253022221,2426.32351989491,130.259815440626,425.075419566053,0.064648423035735,9.97592821704372,4.48771584424099,0.610800034622273,3.64823657801935,4.56683699515827,0.216004199606774,0.0103654297933007,0.0060922216965722,12.6450972500834,45.5041863672846,15.0
1.364583333,30.019591423227,9.49946276361568,1147.81284885954,54.1706923428145,2399.34870643276,129.188510462024,421.558075856005,4.43780226724389,11.6574818605941,4.67445461592357,1.23781692145569,3.74695207487429,4.48244575080643,0.0029086015170537,0.0002339571373845,0.0001187338831921,10.6673144199072,45.1377587637429,15.0,3147.91244453767,61750.0,2,30.0063310243392,2.10464493534824,1154.21992269682,50.2204128102788,2416.97860321123,129.870096084577,424.126332117053,0.0620381564735479,10.0064928871098,4.55271874078522,0.619755930281844,3.63841703044936,4.57277681125121,0.216699883890121,0.0103904392054015,0.0061063747947192,12.604699204612,45.3680819436778,15.0
1.375,30.0120603945799,10.4518135371993,1152.32471477626,54.2849843705178,2407.52833112247,129.748966391924,423.716718230171,4.4622453668439,11.6445780953316,5.1679621386764,1.3319268739801,3.75387944899804,4.48763767940136,0.0027711243925505,0.0002234226348681,0.000112951744361,10.6640913626388,45.3336273416461,15.0,3159.70300667474,60970.0,2,30.008713443625,2.18036215185208,1151.92952280388,50.1621494074081,2411.04111346545,129.656978128959,423.762681154152,0.060164491419758,9.96450944450505,4.7434330077818,0.635008639085528,3.63169599165634,4.58271343689859,0.217904585709109,0.0104337476782834,0.0061265812729797,12.6301437661338,45.2936047543841,15.0
1.385416666,29.9457398256266,12.6319350948611,1142.92162877895,54.7521463603271,2384.92501249925,128.641083403591,420.394849404803,4.44183497593322,11.5942853041833,6.14055590461008,1.54866974201475,3.79927480748981,4.48562249673839,0.002697741946728,0.0002222473074339,0.0001122365687722,10.6410914911826,44.9465164283161,15.0,3132.43592765642,76645.0,2,29.9751830923344,2.5641683736702,1150.10501369649,50.4992198519709,2405.933609239,129.476812293096,423.465064251506,0.0696509528983757,9.97022527604391,5.22855932177731,0.71533644537093,3.6483443095294,4.58173253156997,0.21604234458848,0.0103640004821895,0.0060384683497337,12.5721264205095,45.2306840144761,15.0
1.395833333,29.910641955435,14.930173273648,1106.96266889832,56.6864610611182,2303.51655420026,124.336771591541,406.512762106099,4.26529264979005,11.4938162337775,7.07759699834087,1.77937440657351,3.96191358966811,4.49560475761846,0.0029637276430216,0.0002629285910011,0.0001338251579197,10.6317894625263,43.442347159952,15.0,3031.09317376297,114505.0,2,29.9257130793093,3.47454869324143,1131.77448217443,51.982440285918,2364.70393026987,127.319260014616,416.575998309542,0.0888245078670957,10.1125054552513,6.09727056053199,0.900464517139318,3.73586713760164,4.56826719043884,0.210491464829326,0.0101569721671939,0.0058128248802279,12.307465766313,44.4771394504601,15.0
1.40625,29.992296948067,16.7013613915953,1106.47058861294,61.4439419584788,2299.47035451805,124.216884456736,406.181304600463,3.95327545985412,11.4667944829039,7.91357495705569,1.96120977442731,4.23412265461538,4.5203935512353,0.0037655888493233,0.0003471900762563,0.0001777006187345,10.6617062080457,43.3999100622845,15.0,3030.88723815672,118450.0,2,29.9736144648116,4.17286657564125,1112.12466388732,55.1833702422872,2320.45986036015,124.965517917777,408.963110384374,0.075973323710167,10.0623488127796,7.11806068163823,1.04482782666464,3.92368579182952,4.59205815098553,0.211680908774641,0.0102007214729766,0.0057779532183948,12.2508386204461,43.6550198150815,15.0
1.416666666,29.9823312642042,19.6818607543629,1126.30551804791,66.7850644727748,2337.67949368221,126.3838281729,413.204643193237,3.6352797552589,11.5553659199561,9.1203080158539,2.26420991913521,4.56263648838992,4.51411655253781,0.0050365199813136,0.0004575706199047,0.0002350378367851,10.6582846264052,44.1562474386094,15.0,3085.88609625573,123745.0,2,29.9818028671855,5.04976818466451,1117.12791202553,59.6871524946407,2328.57047974643,125.436029137446,410.522938718886,0.0630312564344061,9.84757382734121,8.24413152656284,1.18480274623183,4.19378834244664,4.6200737186629,0.21298121503248,0.0102517799318103,0.0057363356227054,12.4122623249845,43.8194581546518,15.0
1.427083333,29.9632444185099,21.87677957006,1124.87570868699,71.8783140285465,2329.80341149141,126.030242840387,411.862232332245,3.27694203844503,11.7155271725382,9.98584421971685,2.49024863615561,4.8975178129254,4.49717699462262,0.0075103357656952,0.0006562858572757,0.0003397417624729,10.6551016445698,44.0316408338996,15.0,3081.36116266011,136245.0,2,29.9686050492623,6.07978942134544,1124.3660730835,64.7776613169464,2340.669951511,126.113370307876,412.633144433479,0.0546764794477344,9.681472101002,9.37381151118105,1.33853521229646,4.51361896165962,4.63620249735373,0.212867199392507,0.0102508796546277,0.0056551247504148,12.6261830745496,44.0560002056953,15.0
1.4375,29.965329971389,23.8022938694966,1114.87702924583,77.6828677056021,2303.48498799131,124.62409643524,407.006063183122,2.89230613874094,11.8248207143178,10.923240410181,2.69267918857829,5.27732740431963,4.48905964399472,0.0124798892367233,0.0010288737242279,0.0005386080138751,10.6633820489018,43.5388676493674,15.0,3053.41043415785,147520.0,2,29.9661260127054,7.22193053481874,1119.89799135592,70.3085017530265,2327.072356537,125.37721978472,410.000415776069,0.0467244013201959,9.58111291442012,10.4285793278874,1.49296653935574,4.86839045610362,4.64692529253321,0.213003191756101,0.0102592345209188,0.0055778507249457,12.8200224256287,43.7983881961259,15.0
1.447916666,29.9643809630626,24.8161271396808,1108.29719189632,84.4254123494953,2283.28571844837,123.475117925783,402.981427619915,2.57027838294225,11.7751780570688,11.7086347231181,2.80742358780575,5.73615107035065,4.49797166752871,0.0217818863038434,0.0016760502010687,0.0008865101605481,10.6748163355659,43.1352784434502,15.0,3034.2001100125,159340.0,2,29.9647220226442,8.27770767044024,1112.37202550929,76.6073007514202,2305.85578588218,124.183522208816,405.813055490037,0.0413969193496916,9.45509742079612,11.3887024247016,1.62417215955725,5.28342620717808,4.6618285008571,0.213162294773116,0.0102685383272489,0.005513473569329,12.964419319536,43.3802814847294,15.0
1.458333333,29.9817439446426,24.6862851608294,1106.85623678078,92.2293146053319,2275.49450822447,122.93636518995,400.95182610565,2.36085629213268,11.5977029000574,12.3284994020272,2.81023754099946,6.21883940518977,4.52435707038647,0.0367712163437749,0.0026246773236863,0.001395552413665,10.6944041523109,42.9437195866781,15.0,3031.05897786965,160630.0,2,29.9789328166346,8.71844398084461,1108.05927831669,83.6743003659711,2291.56021739101,123.308155624663,402.672512009501,0.0370862513434887,9.22939577014049,12.1816164786748,1.67776131560846,5.73566991113541,4.69198742727945,0.214154436852735,0.010309079815754,0.0055101099141376,13.0911999012643,43.0722508331278,15.0
1.46875,29.9857581044554,23.3815654051993,1110.08657921245,99.9555820143349,2277.8621327083,122.909025452448,400.573965908529,2.2321202343922,11.3733245461875,12.3570587349979,2.69463147247983,6.69249517060819,4.55186389456094,0.0559180141609004,0.0037324164138771,0.0019923022120449,10.7074010758905,42.929385385403,15.0,3040.7375030111,159545.0,2,29.9843947916032,8.55431192972964,1108.61737124427,90.9238770272707,2287.99359400291,122.982908472934,401.332387926733,0.0350320083618228,8.98853365323847,12.5489317690071,1.65240009721974,6.18574681878004,4.7230361893401,0.215182625194884,0.0103504546947533,0.0055457057565772,13.1582325255253,42.954901626439,15.0
1.479166666,29.9851369252974,21.5081298308917,1112.56024356183,107.122075122103,2278.32208557082,122.747468913861,399.75203469235,2.13322169838797,11.1334554064214,11.9918161370023,2.52063100704849,7.1413233032652,4.57906054894191,0.0763287076504306,0.0048279106692731,0.002592655504733,10.7160341996272,42.8669838844668,15.0,3047.52816880907,159635.0,2,29.9844839224007,8.11158899948724,1111.13351229926,97.9012062679114,2288.26690552446,122.849698210703,400.608841668047,0.0343913269263378,8.8063766762932,12.4333513489174,1.58689593345966,6.62068767331104,4.74741645972828,0.216290391436874,0.0103937014939995,0.0056006974183939,13.1384047353532,42.903216293493,15.0
1.489583333,29.9889814472713,20.0324963204981,1114.96415440896,113.929491712297,2279.02090352861,122.577972302777,398.911084789023,2.04037294047559,10.9022461151687,12.0622190060514,2.38528103293577,7.55925045267099,4.60591352505094,0.0942001135356952,0.0057357729702105,0.0031039861300079,10.7232462502521,42.8011479801992,15.0,3054.1535660414,158595.0,2,29.9876052102517,7.71061506352603,1113.47052482878,104.496578135359,2288.17439945185,122.676280507462,399.755439180411,0.0335292950897919,8.64797996431092,12.3275221728535,1.52401223480507,7.0302862702519,4.76955487157161,0.217444961808872,0.0104380253094173,0.0056547232776623,13.0883835696547,42.8365113314779,15.0
1.5,29.9959761451242,18.8019290539462,1118.71379173152,120.283426455929,2283.64630602474,122.614206893206,398.744588335064,1.94838259315689,10.7161722745881,11.8730710228609,2.27330847326305,7.92676379241204,4.62829956736706,0.106281594301702,0.0063325779370744,0.003451586730967,10.7289279060149,42.8069997782935,15.0,3065.10698941406,154630.0,2,29.9937750200605,7.34264977321933,1116.48461074095,110.625893940181,2290.33097261123,122.60533236359,399.248256630982,0.0319420862484648,8.47906194507962,12.2296994942248,1.46621782159235,7.39810358981003,4.79210011060147,0.218058987643343,0.010462503464978,0.0056957550800911,13.0690683758376,42.8051907268919,15.0
1.510416666,30.0313401677985,17.4479575349377,1127.60725196574,126.097396638902,2304.66828815968,123.564891184404,401.530041658385,1.86980033524257,10.6684993758446,11.402103268619,2.14615121913346,8.14958868816486,4.63864117806431,0.110158438546438,0.0065349692138965,0.0035765974778598,10.7401553263123,43.1323768037021,15.0,3094.95018480811,135195.0,2,30.0207406592885,6.68060358790185,1122.1875222822,115.821045788788,2301.611362208,123.02539581409,400.36968954191,0.0279803260764135,8.26748542129504,11.9617457149186,1.37234083892734,7.65354295515725,4.81896828096018,0.218211357648047,0.0104704146725222,0.0057498675440333,13.1772476900159,42.9455080216616,15.0
1.520833333,30.0059460285492,16.3570464721253,1135.53213179484,128.543503778755,2321.11263734616,124.289537234674,403.567175237381,1.80057451220927,10.7018736005815,10.8619699920866,2.04103854885129,8.26590152321465,4.62555046655116,0.106859669834089,0.0063958481652577,0.003505425607717,10.7292685646512,43.3793700520418,15.0,3117.31826658289,129220.0,2,30.0086872441429,6.23112440953978,1129.92096474975,119.089165285026,2318.16644266742,123.761422260588,402.504581027812,0.0265497940001817,8.1707538603529,11.5147342009598,1.29258417124027,7.79708135065026,4.82267202408921,0.217191470560539,0.0104344845027714,0.0057630790977322,13.2504040131609,43.1965019296368,15.0
1.53125,30.0037417079215,15.302057451971,1140.10474173683,129.977486298161,2330.67479892109,124.641973695749,404.422949709972,1.73682305574404,10.7302223099419,10.4308974884756,1.93878635221046,8.330318528342,4.61667598720527,0.101281347540916,0.0061450986244572,0.0033693084162511,10.7282931881823,43.4969662047544,15.0,3129.98918742492,125870.0,2,30.0040406219343,5.90296980427995,1136.17677039338,120.958176201562,2331.03710629417,124.30961852548,404.01651001158,0.0255804432805969,8.17202825499001,11.0530263328646,1.23379751279423,7.88335832447231,4.81625682908467,0.216334454923797,0.0104033139754159,0.0057701240473297,13.2649343900602,43.3822770532921,15.0
1.541666666,30.0029308418637,14.899970853369,1143.23075270867,130.840410692498,2337.57182838295,124.850177082526,404.840640595262,1.67807013026143,10.73300166422,10.0608417981292,1.90132068475204,8.36348431354376,4.61068338198634,0.0946899832897405,0.0058369702438545,0.0031998967817422,10.7278561272601,43.5648192896396,15.0,3138.67397156366,123915.0,2,30.0026509593147,5.74709795821524,1140.43330801718,122.066100000269,2339.85894727996,124.637972350688,404.826468072304,0.0246202550890112,8.18367791888912,10.641377539988,1.20084452787859,7.93168673878682,4.80882841254306,0.21544497281461,0.0103707808765061,0.0057628524112966,13.2611237923633,43.4917946520954,15.0
1.552083333,30.0032483221034,14.6714888788327,1146.02594944898,131.317206422577,2344.14343839213,125.043351468088,405.230470492501,1.62681677103381,10.7233531051787,9.7669545127489,1.88089091174615,8.37387159494904,4.60650359446688,0.0875545169413616,0.0054872750030248,0.0030061786363242,10.7275826659198,43.6280725891182,15.0,3146.54136661004,122220.0,2,30.0028691667796,5.6668211897783,1143.67262138284,122.713512166442,2346.96705655303,124.867768737335,405.334787482645,0.023669087444587,8.16585362686847,10.2977170667156,1.18307509833621,7.95478049338767,4.80450905517493,0.214376292008746,0.0103318641251016,0.0057457519896352,13.2704003614875,43.5674906497793,15.0
1.5625,30.0207153949254,14.6395537556775,1151.33504435668,131.521165319599,2358.15377664785,125.652073947466,406.967331071333,1.59167567934385,10.7570065493808,9.41690817281874,1.87951290150398,8.32998998117432,4.60043500149946,0.0791094560382126,0.0050480461270893,0.0027610456521438,10.7312850315469,43.8370857672655,15.0,3163.09985783265,113810.0,2,30.0148564057888,5.53212896812864,1147.47616983008,122.876221395119,2356.51196589304,125.226941954772,406.29190041418,0.0218160735324019,8.08771704879786,9.99488934743109,1.16047432609239,7.9365828165917,4.80750952805115,0.213503622844955,0.0103005290104729,0.005737862139597,13.3508098656109,43.689032715322,15.0
1.572916666,29.9741655123814,14.6930532036836,1150.7655260829,130.208719157351,2354.89532778541,125.322850809663,405.691682584261,1.55938838881704,10.7284254604223,9.11447334235351,1.88569626593504,8.31514030277438,4.58987351015743,0.072338781334498,0.0046744131234197,0.0025530567551541,10.715192087604,43.719338873637,15.0,3157.95258396992,124700.0,2,29.9853818973032,5.65709690885572,1150.20379775788,122.486347992706,2362.5224860442,125.408495257684,406.647901312022,0.0230172722098403,8.11656344152145,9.64719905854524,1.17068941456227,7.91660061047978,4.79316130563877,0.211652947424909,0.0102319077505259,0.0056858365033687,13.3074781805323,43.7491545229581,15.0
1.583333333,30.0089284833646,14.9271330665581,1150.45618049882,130.565026984773,2355.94942754327,125.217326761359,405.171024850598,1.53175715015642,10.6650418724408,9.04089033613353,1.9117723335992,8.30128079883664,4.60026749210166,0.0684536809017538,0.0044522903605959,0.0024303659901778,10.7284494808428,43.6799682428968,15.0,3158.27921616128,120565.0,2,30.0022906906345,5.69100168156239,1150.35694055888,122.35310629124,2363.06306684299,125.277584583427,406.019046845188,0.0218203864569016,8.08118261513035,9.44739793435767,1.17975817179935,7.91038846449917,4.79596414584636,0.21136607294237,0.010221658079609,0.0056770290945914,13.304588820096,43.7006544650215,15.0
1.59375,30.0078912134739,15.0642002712331,1154.70720063597,130.359118525039,2366.76432532232,125.645775832382,406.368024195031,1.51812849722932,10.6366508723229,8.78721573149046,1.92699264297928,8.26355592932471,4.59950854604499,0.0638950286663699,0.0041808417918794,0.0022801941404238,10.7257870540257,43.8273902047567,15.0,3170.75387603663,116600.0,2,30.0064445992887,5.65722986322138,1152.10509555799,122.158480909906,2368.23165208377,125.393475913776,406.221374874147,0.0209631322331743,7.96951548794218,9.27829988576167,1.17462665709828,7.88162863296726,4.8037322775594,0.210516762292903,0.0101913124980944,0.005661624522627,13.3668725205957,43.7387496469855,15.0
1.604166666,30.0116813697386,14.9900357132057,1159.58489013597,129.531662917368,2379.45123407977,126.18624862595,407.919755784993,1.521963869831,10.6560304977852,8.60613458725651,1.92012808191164,8.185989202707,4.59378353467302,0.0589676561978743,0.0038765928929044,0.0021116844071616,10.7240910409886,44.0143359237474,15.0,3185.01609560085,111235.0,2,30.0099067172771,5.53723343994476,1155.93818879403,121.527525694007,2378.33226646007,125.78280125103,407.315673511653,0.0202462001544432,7.86980492450409,9.09917140651068,1.15676786222238,7.82520657644047,4.80927437097629,0.209790230156602,0.0101652272150311,0.0056555249180739,13.4484503749435,43.8726711569574,15.0
1.614583333,30.0032155109969,14.3603497959052,1162.90514905339,127.94798950002,2388.23191226615,126.524612456853,408.825378292471,1.53919669070634,10.6855631221026,8.23328923866134,1.85665000225008,8.0859696542932,4.5841031048662,0.0544077778770624,0.0035873146584505,0.0019521643118156,10.7182932804129,44.1311174240375,15.0,3193.92461924469,109375.0,2,30.0051422759001,5.33743911592484,1159.82040069416,120.337651660279,2388.4497072835,126.190856026523,408.466895341604,0.0204979245312685,7.84280546550439,8.8463245330523,1.12541075064377,7.74227934996695,4.80580051748981,0.209024450290812,0.0101366701616229,0.0056540612135457,13.4829838216168,44.0134801002236,15.0
1.625,29.9994967344184,13.6515127028363,1164.37927459676,126.228491939857,2392.8345066114,126.640761609555,409.03482276411,1.5624860537281,10.6925934841082,8.02264002124854,1.78485804858336,7.98559916819558,4.57797207348892,0.0508188576534513,0.0033560206616732,0.0018256073626014,10.7150925196842,44.1706182427885,15.0,3197.46635682335,109315.0,2,30.0010282164423,5.1352630103567,1162.56258308186,118.846292415385,2395.70834164917,126.460730405975,409.170137862657,0.0212266029904955,7.89128213988617,8.56846259121887,1.09229854026528,7.65010182474831,4.79561339163579,0.208574119892142,0.0101188981549372,0.0056592671478862,13.4465137350405,44.1063458100521,15.0
1.635416666,30.008664124808,13.2707621749294,1166.51851564096,124.665291416234,2399.66889084772,126.883023015627,409.668765055611,1.59396394928004,10.6969554882458,7.89613878372294,1.74562229712982,7.87686703497441,4.57473973330087,0.0475811237457619,0.0031452735162627,0.0017105889720608,10.715756995091,44.2543741068759,15.0,3203.74414506228,106180.0,2,30.0058593491714,4.95730029105142,1164.60896885164,117.265288202919,2401.66456403528,126.664984606667,409.679663094823,0.0214590085382937,7.93025527750012,8.36946133656479,1.0634647143768,7.55059439798399,4.78816059228678,0.208591910332243,0.0101186984085613,0.0056735572798016,13.4146858385473,44.1765614852625,15.0
1.645833333,29.9974496752832,13.0938841776634,1167.58329919201,122.767699319573,2403.26658692383,126.959229372829,409.782664166565,1.59396394928004,10.6920753176731,7.84342011790774,1.72618516189535,7.77221597584117,4.56908101595818,0.0445354997819664,0.0029473606347075,0.0016029300578168,10.7093552122239,44.2804651471592,15.0,3205.97995809148,107365.0,2,30.00010113963,4.87378878377375,1166.34283262192,115.592333064334,2406.91404304357,126.836451333566,410.092525111633,0.0224057235699607,7.97264052474839,8.23737782868531,1.04866346973755,7.44898006328812,4.77859494822337,0.208233433066521,0.0101043991547473,0.0056714105207984,13.3707347837209,44.2355941789567,15.0
1.65625,30.0098102912084,13.1771091271267,1169.53622486271,121.165878557933,2409.6796426236,127.194343709533,410.423363409228,1.59396394928004,10.699634883472,7.80097493910907,1.73290876442818,7.66146758065854,4.56710468292962,0.0416886326951859,0.0027619449430508,0.0015018882605423,10.7111854762194,44.3622243233407,15.0,3211.77125811476,104110.0,2,30.0064187579675,4.80113840785942,1167.9072946452,113.931176925124,2411.97955064965,126.997839832813,410.491276502239,0.022542390181959,7.98415503800936,8.16590294717363,1.03927309265681,7.34661343315781,4.77451867121938,0.208395495551172,0.010109966424815,0.0056807834250564,13.3615845320952,44.2913477216226,15.0
1.666666666,30.0060281088988,13.3280582570966,1172.01059201935,119.242049309554,2416.86722152899,127.481287370448,411.239983181399,1.59396394928004,10.722362058179,7.61935357868469,1.74582465472842,7.54186265116094,4.56051621330646,0.0388372048300004,0.0025771231552676,0.001401138238814,10.7069572665887,44.4622562443068,15.0,3218.47754224053,102315.0,2,30.006103923194,4.74941675159616,1169.9273185889,112.16246767258,2418.24958217121,127.228490822354,411.130316070041,0.0230403483386784,7.97648053281172,8.06179898567856,1.03279046639659,7.23614711603763,4.77095583710215,0.208312287156134,0.0101065960710341,0.0056829719025267,13.3786116862241,44.3714778423918,15.0
1.677083333,30.0074218982133,13.7554939931559,1174.3657634283,117.222297794373,2423.86649888237,127.766565903206,412.062581649215,1.59396394928004,10.7551011886824,7.53870598384474,1.78612939133966,7.41571452730614,4.55398899503755,0.0361829533135034,0.0024065034964879,0.0013081440016794,10.7050399346406,44.5618185114986,15.0,3224.88414462672,100170.0,2,30.0068470968119,4.73870006399719,1172.1919915598,110.276306205006,2425.08650024264,127.494285161718,411.893837595865,0.0234132726223027,7.96667681649245,7.95026556713054,1.03381639874207,7.12032974029775,4.76769405558053,0.208383604093887,0.0101091030335567,0.0056854418550514,13.4101210830748,44.464028027674,15.0
1.6875,30.012277635724,14.4279636633788,1177.36478719229,115.091975991999,2432.54838069111,128.150652235227,413.214838062572,1.59396394928004,10.7996595468347,7.58364292073607,1.8506021636152,7.27806810693322,4.54672350275829,0.0336075074628747,0.0022409871611374,0.0012177485943651,10.7042503063278,44.6959265718743,15.0,3233.2999205588,96640.0,2,30.0100705834115,4.74807086214127,1174.68706355191,108.260483430023,2432.64899355293,127.801194849409,412.806219456024,0.0234695370703193,7.93133256131846,7.91797775874646,1.03979103462844,6.99607192289963,4.76697489327589,0.208628720190753,0.0101184353308647,0.0056904503942836,13.4780450092766,44.5710254160411,15.0
1.697916666,30.0084158808877,14.3656106961383,1180.02603485911,112.699738166282,2440.24869189043,128.490227117936,414.237893295686,1.59396394928004,10.8439883741251,7.44095058382886,1.84109290282042,7.13393923413572,4.53774507067351,0.0311342349715453,0.0020828386108351,0.001131396740951,10.7006470643886,44.814566989708,15.0,3240.38786423936,94640.0,2,30.0088454715512,4.65947675821354,1177.35496180439,106.086372765003,2440.58022109453,128.138022283418,413.827228413136,0.0242421503755438,7.91076216568326,7.8745942011766,1.03157961392622,6.8641140812124,4.76416950583876,0.208565912075962,0.0101159345754075,0.0056962953724986,13.5375624553849,44.688514653625,15.0
1.708333333,30.0095183523684,14.0266440451527,1182.34213944678,110.278886782021,2447.2593712737,128.799492648019,415.17944686322,1.59396394928004,10.8824440759827,7.20807879354639,1.80366475863072,6.98791624961049,4.53039986620566,0.0288748712045934,0.001939464762079,0.0010530975681268,10.6991923952775,44.922665201889,15.0,3246.58650166172,92550.0,2,30.0090420767429,4.50465999515088,1179.86315021113,103.81146251986,2447.95651635035,128.461815050533,414.817283699422,0.0252405525059288,7.93650204652091,7.73757213945122,1.00995040642777,6.72832835072748,4.75770107651381,0.208651444372217,0.0101183723962223,0.0057108018366033,13.5538571364757,44.8014816881873,15.0
1.71875,30.0066689674373,13.1197397327326,1183.9864131498,107.837077896587,2452.62685161114,129.028084659173,415.876068629344,1.59396394928004,10.9098232094351,6.89669822106774,1.70913354682317,6.84562229699185,4.52362347834699,0.026814624561145,0.0018098116388561,0.0009822744885855,10.6964837812581,45.0026372956934,15.0,3250.7678499313,91595.0,2,30.0074168755468,4.27695462511077,1181.99093993172,101.499849609539,2454.25205073719,128.74579280352,415.688983068786,0.0268325734241764,8.01134179759977,7.50589771821693,0.974620856302355,6.59212127793687,4.74681285935532,0.208670749827338,0.010117629593085,0.0057296359596418,13.5173368420546,44.9005749814547,15.0
1.729166666,30.0056758521938,12.8535455042859,1185.00173938285,105.518441289731,2456.51292560529,129.185022393026,416.356081821573,1.59396394928004,10.9272079629251,6.77517525447407,1.67858373186856,6.71175791162096,4.51861288640093,0.0249151739712351,0.0016907271743614,0.0009171547253192,10.6945161781421,45.0576325894122,15.0,3253.22388231141,91120.0,2,30.0062406621392,4.13932930067241,1183.59152891925,99.2431451360734,2459.19660622652,128.970198902592,416.377227330327,0.0282693746457013,8.11325265411761,7.27793284058829,0.950201585058381,6.46060750358795,4.73370654969087,0.208915355234162,0.0101251182925976,0.0057459444823709,13.4472306641547,44.9789129613122,15.0
1.739583333,29.9912591320832,12.6305487636805,1182.4293178521,103.358279484178,2451.76801078089,128.888138893434,415.388783477789,1.59396394928004,10.9132712817184,6.70377977771031,1.65241792019394,6.60406052775476,4.51539711495729,0.023245728037976,0.0015888096052866,0.0008615364849303,10.688650069528,44.9543715773279,15.0,3245.09017654929,95530.0,2,29.9967334738021,4.09777216158219,1183.79149579542,97.1988665805576,2460.75505286128,129.020008010804,416.499587907956,0.0307141205075437,8.23763295326282,7.10926001203613,0.944169553627454,6.34598380002316,4.717792183394,0.208612666090751,0.0101119019073232,0.0057407070576083,13.3356277771996,44.9964217433728,15.0
1.75,29.9607874689485,12.8765577774376,1167.23737796487,101.714849945246,2417.60997146407,127.026377066768,409.388615323026,1.59396394928004,10.8111275072092,6.84386033378181,1.67408854639295,6.56853681439329,4.52117340520767,0.0222585011937866,0.0015411376040471,0.0008360917346165,10.68041316342,44.3053204326972,15.0,3200.46188414751,112455.0,2,29.9714371220902,4.31911332215163,1177.02567575238,95.7234843098508,2446.0547792283,128.211553483946,413.819594252755,0.0351778136811117,8.44130398928,7.03280351091125,0.980720157496198,6.28018859203404,4.69462522197221,0.206929008303434,0.0100463136808397,0.0056792184326809,13.0896506168797,44.7147511521029,15.0
1.760416666,30.0146922024911,13.2531985684425,1164.1062791531,102.354469154395,2412.45258623771,126.702014067703,408.329978080344,1.59396394928004,10.7374722104142,7.02073459491484,1.71108929073749,6.57442757201979,4.54158037953496,0.0214694575873647,0.0015013261464335,0.0008139449812241,10.6994676377338,44.1925938794028,15.0,3193.60344042949,108020.0,2,30.001097178873,4.40466961729644,1168.21045534818,95.3002696071272,2427.39977132207,127.172103010231,410.420837713809,0.032960358033493,8.46936634963765,7.13266278081567,1.00271296519187,6.2602582960974,4.70048282799541,0.207701488731562,0.0100753324893573,0.0056899423315821,12.9963371520917,44.3526498347642,15.0
1.770833333,29.9921856233247,13.793709376116,1168.83425545646,102.69723646773,2422.07054745623,127.162139303934,409.779525801508,1.59396394928004,10.7068097911461,7.16776241387611,1.7637181239362,6.60838058810378,4.5433500230815,0.0203527980618891,0.0014365867436051,0.0007780470084644,10.689446710682,44.3535706945726,15.0,3206.17295638533,111140.0,2,29.995704178164,4.54677489044091,1167.40724975095,95.492087182034,2426.07917822975,127.045679791975,409.979870297584,0.0331486503268335,8.41455736578601,7.27152152161216,1.02439498115551,6.27034498495206,4.70755019541449,0.207166567348752,0.0100558647661106,0.0056658829312176,12.9858972044664,44.3090475714954,15.0
1.78125,30.0130873548698,13.629443551285,1172.36634045765,103.174522393834,2430.78404705045,127.581400325665,411.07932898607,1.59396394928004,10.7419227329763,7.4002795668214,1.74647496564106,6.6110309815574,4.54613016037246,0.0191817625885642,0.0013649302093479,0.0007380578213662,10.6951739565889,44.5002863186894,15.0,3217.11444414926,105845.0,2,30.0075778275029,4.48015635257528,1169.89078447758,95.7955008819645,2431.94885308447,127.300114138556,410.767815337922,0.0319144467787812,8.35585632131276,7.46575590472006,1.01872093303107,6.28313803912029,4.71777295271972,0.207582924965517,0.0100719933005316,0.0056817605848364,13.033529808755,44.3982571598216,15.0
1.791666666,30.0175310793836,13.5889103673747,1176.8469094256,102.948284173607,2441.95517790688,128.140741114359,412.820493499902,1.59396394928004,10.8263192944404,7.32505293994014,1.74077586236561,6.57123070862208,4.5388366280762,0.0177425565126307,0.0012715954593659,0.0006861955831153,10.6942532118588,44.6958151269434,15.0,3230.55556593547,99245.0,2,30.0137905642771,4.35048186916116,1173.18406891911,95.6686127989694,2440.155113061,127.689546056129,411.999138198847,0.0310240553841714,8.31065444030738,7.57284844914384,0.996431721982059,6.26216781772594,4.72376528508672,0.208244402541189,0.0100969856210277,0.0057086726922814,13.1174702209979,44.5344311295568,15.0
1.802083333,30.0385890686392,13.5412906842754,1185.01323489759,101.964339897363,2462.21363797645,129.195324983111,416.161714210923,1.59396394928004,10.9670190113689,6.74354487907674,1.73350310646228,6.47107889113772,4.52638673465649,0.0159792659103357,0.001151657021406,0.0006199194233682,10.6983074456432,45.0640316452083,15.0,3254.70921270798,87255.0,2,30.0276825828761,4.12589202360856,1178.24257007994,94.8277658795584,2452.8791448866,128.325129750137,414.045894429153,0.0292941373679324,8.24546322642631,7.4059601940979,0.959792890405743,6.19522784605965,4.7301263294045,0.209618941365776,0.0101489178303515,0.0057611715981819,13.2725853036267,44.756338954061,15.0
1.8125,29.9870517879005,14.3697432557091,1186.58157465879,99.7656591858569,2465.56519010118,129.357435748807,416.653118351974,1.59396394928004,11.0640782703996,6.95681947351868,1.81236853149062,6.37089631886793,4.50411508648547,0.0143896492408672,0.0010467157521361,0.0005627173651085,10.67831910597,45.1208857079264,15.0,3257.28289781589,91675.0,2,30.0026310196848,4.20484479320871,1182.99447229768,93.3723224342779,2464.52388106841,128.917352320435,415.939211080655,0.0317522777351087,8.27643786050316,7.24796628073363,0.967660972257371,6.10605590460813,4.71846823168892,0.209257476615103,0.0101346950516436,0.0057450084296814,13.3381748990984,44.9630906532249,15.0
1.822916666,29.9549770309491,14.5085707472473,1175.43685409964,98.4269275309659,2439.1287388603,127.925849817717,412.02876167478,1.59396394928004,11.0379399660231,6.94918124560932,1.82369180300185,6.36555011296578,4.50034669000781,0.0138692778139866,0.0010247150045624,0.0005513648426361,10.6701676584677,44.6217432552022,15.0,3223.17665642896,110090.0,2,29.9689829430104,4.49261690078198,1181.38298020244,92.2868797165985,2460.57367322486,128.68970169269,415.125534373021,0.0368854482834782,8.49399989672904,7.19856233260748,1.02033891498959,6.06618849240953,4.69022267501149,0.207618172209171,0.0100706240076653,0.005678840026581,13.1761355754042,44.883980097524,15.0
1.833333333,29.9871999470917,14.7827729346314,1161.69631228081,99.1209730064687,2409.08040391192,126.292702839041,406.749130416477,1.59396394928004,10.9346738823802,7.10610557064537,1.85118422056955,6.41899345497006,4.51873929881074,0.0141995815263836,0.001062060424103,0.0005722013244045,10.685174004373,44.0522718229265,15.0,3185.24384570823,116845.0,2,29.9812205040898,4.73243199297908,1170.73105656235,92.2956572451759,2436.6064824869,127.390334647042,410.852390537356,0.0367808355330125,8.63611062808991,7.23916293921254,1.06546987104166,6.08920084685371,4.68135250715864,0.207361234865905,0.0100599377890846,0.0056515269835183,13.0090735919525,44.4311651024812,15.0
1.84375,30.0023220645913,15.4750464743365,1162.77411628248,100.872813863566,2411.42457511839,126.36639365819,406.941026967697,1.59396394928004,10.8565723575204,7.51982752219124,1.92102804595659,6.51188438606449,4.53207781636452,0.0145118126670078,0.0010910092039221,0.0005877230332711,10.6905882710304,44.0782103432273,15.0,3189.34285217516,116350.0,2,29.996852895886,4.94074515109175,1164.6352888463,93.3424013423859,2423.17409142154,126.626830847687,408.334038815308,0.0344645904410686,8.58041475757416,7.48323356913425,1.09916276180971,6.15432539608934,4.69254492412452,0.207572010361892,0.010068924088771,0.0056402028457104,12.9864273370645,44.1652727898247,15.0
1.854166666,29.9776519784123,16.2195751899672,1161.56663466842,102.291441350054,2406.53723174463,126.049146735449,405.847152157412,1.59396394928004,10.7963895798709,7.89994235784093,1.99625642491335,6.63541522233373,4.53724099647018,0.0150371378147151,0.0011358021300443,0.0006122012700666,10.6829826262351,43.9677605574439,15.0,3184.69452541006,125250.0,2,29.9835378950008,5.29440365073538,1162.94537302075,94.8641221929379,2418.60651699733,126.322218758143,407.274535125584,0.0344745688242178,8.50957617305922,7.83641270461027,1.15043524951023,6.25672032828134,4.70028323387792,0.20659204941807,0.0100332205852464,0.0055899779547388,12.9743061769738,44.0594279399407,15.0
1.864583333,30.0432210240282,16.6223453809339,1167.17096622466,104.629526234864,2421.80092339836,126.807175943594,408.180619588717,1.59396394928004,10.8496135453297,8.05040820970024,2.03833436719874,6.68485070490587,4.54595102316832,0.0152107812157077,0.0011459464045567,0.0006161467045652,10.7049121013903,44.232311601673,15.0,3204.6161422439,107700.0,2,30.0236266379693,5.19468357603906,1164.00012710663,96.4312115647895,2421.68826968714,126.404483298093,407.48084817159,0.0293422034793578,8.32553679438725,8.15833085715111,1.14545626017382,6.33113702254916,4.72724294377206,0.208384532811464,0.0101029007625365,0.0056415475392112,13.1480181692648,44.0883874736117,15.0
1.875,30.0288090833244,17.1329320371607,1177.07796168065,104.684788231626,2445.32596401116,128.02306768771,411.964264397952,1.59396394928004,10.9924740040789,8.24792768959936,2.0881724154751,6.64719497125513,4.52590682186942,0.014159582324095,0.0010693648451576,0.0005728672767057,10.6963464406347,44.6564720279766,15.0,3233.79938852781,96605.0,2,30.026310463908,5.02424990870242,1169.72185091101,96.9100647015816,2436.30149157869,127.110919313721,409.711788316894,0.0272270733950657,8.13672800345189,8.39472179738532,1.11631416196746,6.32670783367779,4.74319797942216,0.209063157495003,0.0101303192302408,0.005673140045925,13.3960109619084,44.334829737077,15.0
1.885416666,29.9730881807187,17.5963939219994,1176.46805136199,103.449606059007,2442.54415821447,127.84216601705,411.267166958019,1.59396394928004,11.0799588254039,8.28749381640596,2.13239328514334,6.62675658892247,4.50322450085531,0.0135732559653385,0.0010343363958753,0.0005540436131909,10.6771866373183,44.5932205085408,15.0,3229.6232768393,105950.0,2,29.9904294882132,5.20787039728866,1174.56086638499,96.5951863588152,2447.55879598961,127.663778958327,411.39209354582,0.0295794899966318,8.16354289759218,8.52358722810055,1.13819126315392,6.30801749065092,4.72972655343204,0.208135478242553,0.010095032707122,0.0056362093384519,13.4559714111164,44.5275791907838,15.0
1.895833333,29.9428000930893,17.8351686770437,1160.86738604009,103.428408305259,2403.71047847685,125.715146551504,404.336300902507,1.59396394928004,10.9678104868202,8.4014391608176,2.15684847115058,6.7491527710956,4.50953466685766,0.0155408561533834,0.0011890370406305,0.0006405836920258,10.6748932331731,43.8508273332697,15.0,3181.43141070711,132955.0,2,29.9521750803857,5.81937649673867,1169.49602653846,96.8669091825575,2433.92859232175,126.904499029582,408.76280453649,0.033511324651722,8.40670020458661,8.57576962208879,1.22728573487054,6.37816197671441,4.69928387316325,0.206372469289493,0.0100264785759215,0.0055455395938405,13.2225767600125,44.2626288411595,15.0
1.90625,30.0279889950184,17.9812179434926,1156.75304997167,106.76461094591,2397.49315475289,125.301498117559,402.899176735748,1.59396394928004,10.8491770862207,8.53637842137722,2.17536896546933,6.86923224676017,4.5392261025918,0.0187144675704254,0.001408769350815,0.0007605696459465,10.7087251159074,43.7058733453344,15.0,3174.68802290184,121125.0,2,30.007362995815,5.86320966013334,1160.57629973147,98.6255073355986,2413.82146127902,125.756513287988,404.938260821475,0.028557203519477,8.33511265467884,8.73753679321417,1.24617167249457,6.49178670356916,4.71899767580679,0.207936233495304,0.0100869475715103,0.0055794776866882,13.2209567043317,43.8619383678021,15.0
1.916666666,30.0007185921021,17.8079004478505,1162.40022848206,108.511962619176,2409.71831832702,125.871890471583,404.578255048376,1.59396394928004,10.8221108254617,8.68506037567645,2.15937441976014,6.96688884501782,4.53616225723944,0.0204842513858032,0.0015254192246131,0.0008232397027133,10.6980938812852,43.9040101894126,15.0,3191.23849885322,119510.0,2,30.0034859394077,5.81748210472869,1160.05429932173,100.456709538481,2413.37235693968,125.649691481521,404.480252202133,0.0273659417506195,8.18419010353394,8.8892448632514,1.23250334202859,6.58239012418179,4.73337358698296,0.207411120617284,0.0100693070294464,0.0055729165384949,13.2950049779978,43.8241346483994,15.0
1.927083333,29.9906085291455,17.5347381596995,1163.98605715594,109.785135415062,2412.27348484682,125.927243531782,404.588982514399,1.59396394928004,10.8205317090789,8.7579416414277,2.13344561955296,7.05796081677684,4.53380786362243,0.0220190591082284,0.0016274576544649,0.0008784526489154,10.6960417555183,43.922337329247,15.0,3195.36243059494,121695.0,2,29.9945044557974,5.81912408943407,1162.65985978844,101.978265484866,2418.7034096681,125.855618314689,404.990844508995,0.0272072794236529,8.1471335782509,9.00195338827031,1.22719059964759,6.67398376594436,4.73495176156244,0.207011912322792,0.010054962365313,0.0055643525644184,13.305135469931,43.8951795884041,15.0
1.9375,30.0338767442626,17.1927813072224,1169.54635503848,111.307941987083,2427.30162374644,126.651133634553,406.735436187288,1.59396394928004,10.8876415951747,8.7439347710689,2.1005888464775,7.07773288085386,4.53251373446632,0.0223961855383413,0.0016467473303465,0.0008874297763434,10.7096821237246,44.1738635082342,15.0,3214.28726557656,107645.0,2,30.0204372967454,5.51761132612231,1165.67051979111,103.083092559422,2426.2365702892,126.171207278012,405.872387241324,0.0246177938522895,8.05646001289929,9.08226274606809,1.1858475794362,6.72035378910692,4.74639427257048,0.208148744112695,0.0100986955391612,0.0056147227962566,13.4213052566719,44.0043375467167,15.0
1.947916666,29.9399980697706,16.6722577473174,1161.92333550718,110.76161945732,2404.72249498957,125.366207629571,402.458925791887,1.59396394928004,10.8123979861204,8.71724150810324,2.04878340903035,7.19405731776999,4.52201954611991,0.0240197885272282,0.0017623764149832,0.000952426528132,10.6808023085222,43.7245422633349,15.0,3186.71784422914,134890.0,2,29.9588469553534,5.819684238383,1165.5392704158,103.813886759412,2423.9992996231,125.999348668282,405.116333954405,0.0293813293828402,8.22376140844244,9.01024535233663,1.21255601022841,6.79767904002385,4.71820204765455,0.205709515083705,0.0100051612811519,0.0055337954098887,13.2369367879119,43.943381729213,15.0
1.958333333,30.0122851123031,16.3056586057981,1156.25674484317,113.769656360604,2393.69394447876,124.667853993217,400.091167163337,1.59396394928004,10.6857816091144,8.75630152428933,2.01658283788985,7.32527284377304,4.55113707893064,0.0277133288576258,0.0020052202329012,0.0010862697273205,10.7110122900609,43.4796386701061,15.0,3173.9692541319,128465.0,2,29.9984945896174,5.78681846614504,1159.80245342276,105.5649553839,2409.71427723815,125.150718037313,402.217587370151,0.0272155941182017,8.24723855367166,9.02728630385772,1.2156492370171,6.924395230548,4.72631154261452,0.206913591956628,0.0100507405913978,0.0055640513473405,13.1469527134912,43.6462382768024,15.0
1.96875,30.0066249239649,15.5687714746643,1161.4047136522,115.950705757511,2405.23719592461,125.169033855062,401.536070984753,1.59396394928004,10.6398672307651,8.5501445894463,1.94558042257477,7.43125842252059,4.55525090771214,0.0294888251310067,0.0021165382310688,0.0011469211221138,10.7075454259076,43.6531068181329,15.0,3189.7131202442,123895.0,2,30.004872762166,5.57866434878997,1159.23591515252,107.522684806137,2408.55040501434,124.986933920845,401.555165133825,0.0262578897991179,8.15172259459349,8.95644569049249,1.18084543533202,7.02505211096376,4.73878408823,0.206783715250571,0.0100471452964893,0.0055783345052318,13.1626500491853,43.5878797913433,15.0
1.979166666,30.003777580488,15.0903405396684,1165.61228218882,117.252122103479,2414.56415308756,125.562523644631,402.616692805764,1.59396394928004,10.6607192078733,8.31443288685826,1.89951726439899,7.49564989326365,4.55177567037771,0.0297319932007734,0.0021288056291923,0.0011530214195935,10.7052856349774,43.7890637387888,15.0,3202.04762817678,120430.0,2,30.0040597515616,5.40509604953246,1162.72384979432,108.997152776905,2416.18424916895,125.294214465105,402.391283776977,0.0257111407038191,8.11116272280194,8.77574017033694,1.14865993706618,7.10037532805092,4.74257841707516,0.2067129620192,0.0100450130371273,0.00559087324514,13.1806690204592,43.6937778535471,15.0
1.989583333,30.0060927634619,14.7045801598124,1168.69865669639,117.980797314029,2421.85573976953,125.853725467135,403.371997784735,1.59396394928004,10.7071621186928,8.11948849194498,1.8621474984065,7.52280354767474,4.54572044781,0.028852434552082,0.0020692880394308,0.0011198919944559,10.7045663957687,43.8895132762019,15.0,3211.23782273102,116540.0,2,30.0050810333416,5.24927121845129,1166.10140523247,109.8660707519,2423.77600321913,125.603288412721,403.226965997476,0.0252529288288563,8.10414602382015,8.57801422191347,1.12147759069975,7.14156966747702,4.74183389494174,0.206845114659443,0.0100499824746792,0.0056063588459463,13.2084775341429,43.8003700635142,15.0
2.0,30.0294968946536,13.9450967670514,1174.91518510349,118.21893354333,2438.0800131884,126.628334560616,405.678327487543,1.59396394928004,10.8083214470865,7.92372793250956,1.78656559780015,7.48133289206685,4.5360078928665,0.0264149738854214,0.0019057473619735,0.001029242099996,10.7092313300164,44.1588586864336,15.0,3230.75973942736,105085.0,2,30.0203199276265,4.91526126762164,1170.2577999618,110.044300675049,2434.13764098671,126.062770768915,404.567799163299,0.0239590287009861,8.07518132509061,8.40898584864199,1.07009251483432,7.1290573834797,4.74380669692154,0.207576873893321,0.0100774357639876,0.0056504921013887,13.2983958835828,43.9595854039316,15.0
2.010416666,29.9997952349532,13.5293398198071,1178.50784258906,116.889802957209,2446.48324348101,127.000229497081,406.710869251687,1.59396394928004,10.904181610203,7.75498473847067,1.74364553632834,7.41218053530496,4.51580513423202,0.0234170964953511,0.0017058702652344,0.0009196469877593,10.6956770049546,44.2880235938994,15.0,3239.91000852746,105070.0,2,30.0062946844707,4.74617268385864,1174.81314678947,109.36933687937,2445.29664880797,126.583555599699,406.101492337352,0.0249718444827589,8.12836583245099,8.22178457822537,1.03581214348868,7.07570577131113,4.73076393343666,0.207313123396118,0.010066410214862,0.0056574852270136,13.3245072520442,44.1403924189981,15.0
2.020833333,30.0302132801048,13.5386634676132,1183.35041865848,113.460719577227,2460.71876093433,127.702030038417,408.825309618717,1.59396394928004,11.0162099417285,7.76335303668793,1.7433860426997,7.18622722881883,4.50481866249886,0.0205220438171282,0.0015087428628221,0.0008116010170876,10.7032570446007,44.5324900063369,15.0,3253.94229662513,95590.0,2,30.0204770942165,4.55302020105324,1178.9855331803,107.354941496818,2456.3340458206,127.10226827344,407.651973468197,0.0240774089616247,8.15534387553098,8.13246443600532,1.00757245788705,6.95059858197843,4.72437019428776,0.208496001612831,0.0101099835193179,0.0057006719935889,13.3964440595021,44.3206825095231,15.0
2.03125,30.0073224142169,13.6009369908461,1187.56890371337,112.541400812515,2470.84122412065,128.171166022519,410.221891398761,1.59396394928004,11.1107937705378,7.71363811681486,1.74701090277089,7.1252846145057,4.48524940634557,0.0177929550025787,0.0013222104297647,0.0007100925968799,10.6919407826165,44.6960276539999,15.0,3265.53046029136,94235.0,2,30.0118839138774,4.44522621536044,1183.25146487936,105.243127062222,2467.6445538702,127.641293174372,409.286490895267,0.0251091895691309,8.18888731882911,8.08316712536032,0.989963678404017,6.81945248778193,4.71257551174981,0.208670026027386,0.0101154909319612,0.0057131143172227,13.4560928989034,44.5082485797944,15.0
2.041666666,30.0097864779614,14.0654868770279,1190.01893721885,110.668760140788,2477.7022270176,128.479033018799,411.138529698617,1.59396394928004,11.1761153790078,7.87905048996736,1.79085986248278,7.01126009259902,4.47437066019698,0.0158757532380017,0.0011904251895982,0.0006388119454282,10.6911839685953,44.803436071391,15.0,3272.10819237453,92545.0,2,30.0102076280132,4.43018539712624,1186.87054797304,103.583210616528,2477.10363742541,128.079571045158,410.611012346545,0.0258181083014198,8.23760716384395,8.11055337160586,0.990307280119444,6.71780915563761,4.700949441202,0.209266290907663,0.0101367617329358,0.0057273096233119,13.4931396284454,44.6608343590688,15.0
2.052083333,30.0154828507273,14.7041029889866,1192.8813862731,108.858138610717,2485.77188186202,128.857413220492,412.306097349775,1.59396394928004,11.2253314736723,8.17062945078433,1.85182090939538,6.89351219433483,4.46620521512575,0.0144995065123385,0.0010945289395307,0.0005869747202331,10.6916141917166,44.93550966275,15.0,3280.20782023414,89430.0,2,30.013115624209,4.42831149180259,1189.79182996606,101.806192102837,2485.27006157311,128.448138985538,411.741099058464,0.0260312149289456,8.23851936721617,8.27503534557228,0.995520616431392,6.60919471248189,4.69528922130438,0.209999740245875,0.0101637306652564,0.0057441408825399,13.559690702131,44.7892185384586,15.0
2.0625,30.0132617680232,15.5414152751933,1195.83443627407,106.854232793013,2493.89669443613,129.248274638504,413.529786269781,1.59396394928004,11.2688275555778,8.64198328024105,1.93225375397248,6.76985069520922,4.4572741654629,0.0135137152245387,0.0010253756241682,0.0005496343829507,10.6894680170982,45.0719503627242,15.0,3288.32653108066,87225.0,2,30.0130484252779,4.46063507738361,1192.65809565877,99.9438144614187,2493.46170940209,128.820771683387,412.907637809271,0.026263896845877,8.20534431202252,8.58471125806712,1.00604152031984,6.49586630135706,4.69270921737627,0.210517509429355,0.0101830460802885,0.0057533007259761,13.6462578794751,44.919076059704,15.0
2.072916666,30.0163140892681,15.5981667064667,1199.09288903647,104.730468612126,2502.83275626333,129.692261426462,414.931940134217,1.59396394928004,11.3190584191248,8.59420622415204,1.93448367684288,6.63773150913491,4.44845990985182,0.0128510503451268,0.0009786485637511,0.0005243621406915,10.6895079509895,45.2268661127667,15.0,3297.38038618902,84290.0,2,30.0148138108135,4.37818539916424,1195.6292777147,97.9822434709096,2501.88021094335,129.215345525231,414.161210055973,0.0265211116024309,8.1699813464688,8.82368421561907,0.999732463290575,6.37781038937132,4.69120871705875,0.210899326649609,0.0101972641199488,0.005769426676242,13.732655486746,45.0565800206666,15.0
2.083333333,30.0197670166873,15.0451330804623,1203.4609768196,104.543501232025,2513.69344809323,130.234998238685,416.65210936361,1.59396394928004,11.3868744505622,8.35265251512231,1.87546566772476,6.60032831795842,4.43725297337241,0.0123592478776761,0.0009437212851071,0.0005053603196707,10.6895425748739,45.4161145682619,15.0,3310.50086123655,80580.0,2,30.017465593377,4.18502536452914,1199.03552026186,96.5309226600267,2510.92351508801,129.658575940872,415.584434084238,0.0268214437150461,8.16755313994769,8.83526976576801,0.969807069209197,6.28471208378576,4.68691598051095,0.211332280953399,0.0102129566439704,0.005796277314025,13.7934745753647,45.2109876729104,15.0
2.09375,30.0052200950772,14.5657441675732,1205.22409756689,101.413218837075,2518.99269064187,130.51675415732,417.537736642379,1.59396394928004,11.4525758482742,8.24818009726909,1.82350023481742,6.43186842853414,4.42244148102021,0.0120729752992955,0.0009245512085275,0.0004949852974523,10.683791105063,45.5141971827945,15.0,3314.39902127125,81030.0,2,30.0104727261519,4.05306622184516,1202.15186012984,94.8631856748463,2519.00136300434,130.074646714842,416.91567161871,0.0280855513285152,8.23861228179826,8.73309237383926,0.944525634693121,6.18398872458761,4.67351217278425,0.211519566326539,0.0102186028464194,0.005811332906449,13.7860469695143,45.3558427228594,15.0
2.104166666,30.0114481685727,13.6249698333086,1205.41408012766,98.574414495541,2521.19292027692,130.647044394423,417.937087643685,1.59396394928004,11.523911008601,7.82291165656016,1.72585706415976,6.27124387649053,4.41062896567683,0.0119289830096445,0.0009152644145396,0.0004898646744616,10.6856966631038,45.5593109946502,15.0,3314.49364344966,79825.0,2,30.0109375497385,3.85010401510138,1204.21713111014,92.5867520616299,2524.72158521817,130.390093720209,417.917312755104,0.0289425133911964,8.36190207454528,8.51929616570549,0.911400724909093,6.05499568384389,4.6565680474798,0.212070037220015,0.0102371500339307,0.0058409492338616,13.735534955215,45.4655084691905,15.0
2.114583333,30.036638873191,13.4911341281526,1206.57255495886,96.6184551778745,2526.26058596055,130.936463222453,418.853134860816,1.59396394928004,11.6312909591772,7.84422481664608,1.70903718851826,6.13130826993048,4.39803962787616,0.0114698477973847,0.0008801641142486,0.000470445897614,10.6925932486847,45.6598919657169,15.0,3318.6758146097,72470.0,2,30.0241808319025,3.64838559279065,1205.17367457803,90.2525219183325,2528.37867189741,130.606880704563,418.627911505184,0.0278855738892573,8.43326386115104,8.34091903718845,0.874772341743238,5.91757741857785,4.64590929358308,0.213561822057758,0.0102913664620576,0.0058939455316614,13.7520305660497,45.5406658389745,15.0
2.125,30.0305313663246,11.7815982351081,1207.86853109376,94.2829070388897,2531.1186602579,131.225332285693,419.797813194084,1.59396394928004,11.7545116974779,7.25532948978493,1.53384140672702,5.98044775646528,4.37796200704556,0.0106316094675542,0.0008160115445731,0.0004353722651119,10.6874984462861,45.7603607244246,15.0,3322.54020344606,67115.0,2,30.0270363346951,3.31472949128099,1206.25287174347,87.8997887546806,2532.34299538776,130.852254683566,419.462675462392,0.0287254191559543,8.48628494641379,8.10554890296842,0.814737090283995,5.77649128612781,4.63442852964772,0.214471517822786,0.0103234103440925,0.0059460676496934,13.8003841034261,45.6256934394989,15.0
2.135416666,30.0252744929915,11.8804834877804,1207.97015313368,91.0667291336792,2533.13920839492,131.37593262472,420.345042839223,1.59396394928004,11.8727373277711,6.7451185171694,1.53918837488167,5.79190564110647,4.35944737227327,0.0097515798535245,0.0007480527600535,0.0003984296103205,10.6832990176696,45.8127115920454,15.0,3322.28233328871,63300.0,2,30.0258771382831,3.16364115614694,1207.06650019494,85.2852636187333,2535.50338916988,131.07062566826,420.236067914053,0.0296259939265437,8.57848835518446,7.71189867251513,0.778906862384791,5.62379304468765,4.6179359875224,0.215637765649535,0.0103648455498751,0.005987187463844,13.8225181585683,45.7012727127016,15.0
2.145833333,30.0229008625256,10.9895984337337,1207.51036775317,87.5341382410628,2533.67488608013,131.454397204109,420.709922709279,1.59396394928004,11.9694126244086,6.11320038788493,1.44546310015304,5.59161831692735,4.34490095524511,0.0089762101452963,0.0006870180627738,0.0003653446914281,10.680597613752,45.8400152989222,15.0,3320.04279546501,60295.0,2,30.0241862749744,2.96943949960771,1207.36283560767,82.366433832489,2537.45335191594,131.229862346494,420.849244255265,0.0311950253275889,8.67069369289546,7.23991728340914,0.74579456215482,5.45806357714914,4.60192905868777,0.216559235767368,0.0103970649480714,0.0060268726507707,13.8445487756754,45.7562993189608,15.0
2.15625,30.0246250581616,10.2232996552768,1207.24620157706,84.024986784722,2534.40761968205,131.546810972206,421.167174324627,1.59396394928004,12.0406407109546,5.58339303711035,1.36421947036939,5.39438478445797,4.33497778011783,0.0083207847079802,0.0006341191116018,0.000336705129522,10.6795502071226,45.8722972067146,15.0,3318.19881791054,57265.0,2,30.0240334894405,2.77653692895755,1207.35432801495,79.2883908638829,2538.44283603972,131.350776471644,421.374067462909,0.032747702050608,8.78501169375403,6.72728846527808,0.708914016698791,5.28623128165151,4.58554864880657,0.217484777610474,0.0104293209895409,0.0060670530924986,13.8361009126664,45.798035684177,15.0
2.166666666,29.9949943100182,9.79070305865593,1202.49782906353,80.140011710257,2524.67050139791,131.097376652355,419.924610079138,1.59396394928004,12.0559540533426,5.27456360702172,1.31627262139144,5.19521316285943,4.32634787984015,0.0078495364609491,0.0005961674579977,0.0003161706749258,10.668270790077,45.7157066735351,15.0,3303.03452668254,60415.0,2,30.0105651829008,2.67630296781055,1206.08714085582,76.1427834474841,2536.35658050966,131.323404520505,421.436430833644,0.0370795990746145,8.96575641727524,6.23182234564376,0.690170938425553,5.11251539808523,4.56225434963705,0.217344356740132,0.0104218007546904,0.0060715360849122,13.7357269170671,45.7882056370831,15.0
2.177083333,30.0244456576061,9.4261109515132,1199.78775203216,77.0105455314358,2519.81967404687,130.90569208093,419.534244591551,1.59396394928004,12.0586962670271,5.01056887283733,1.27616772038174,5.01983393011789,4.33113428495322,0.0074753080053049,0.0005658435190515,0.0002997305285796,10.6780380813854,45.6490679305388,15.0,3294.53023216011,57770.0,2,30.0164590185158,2.55504864549944,1203.76338717708,73.114504652296,2531.84166887782,131.171236758492,421.121683983327,0.0379674634582407,9.1368853696829,5.82398385771247,0.671699870020978,4.94578135396656,4.54524430577186,0.218185942601008,0.010451109336104,0.0061028363977579,13.6279728198838,45.7350163413537,15.0
2.1875,30.0036417139198,8.88889632470967,1199.2827880198,74.3971407973939,2518.82780584405,130.914828087769,419.818024401201,1.59396394928004,12.0143298463029,4.60484614377901,1.21848436350271,4.88442283028257,4.33270898512489,0.0071242338677908,0.0005373744294105,0.0002843002549187,10.6697617094372,45.6525527450983,15.0,3291.66985492149,59375.0,2,30.0105984699264,2.45163622182862,1201.63610473518,70.3730225447463,2527.52307012671,131.032772153249,420.87951184369,0.0414781976114334,9.28086125594227,5.43372971977604,0.653801054653966,4.79460139141471,4.53042157197066,0.217936125154242,0.0104405855918802,0.0061062989466613,13.5099712302753,45.6867484737839,15.0
2.197916666,29.9845242154677,8.94208769932815,1192.58925079264,71.4945080270115,2504.19665547191,130.217844843477,417.848630276885,1.59396394928004,11.9264843128281,4.62484033623196,1.22043998576879,4.74273200510326,4.34059523739877,0.0068654137468426,0.0005181942227302,0.000273885026822,10.6631876405052,45.4098433619433,15.0,3271.3175495804,65505.0,2,29.9977914320853,2.4418393863633,1198.97289750152,67.9239865425154,2521.70620975146,130.82101924275,420.399716206697,0.047266560441593,9.47372881810931,5.09979506213248,0.655660136809776,4.66015514344213,4.51212354256487,0.216490368157431,0.010386288739221,0.0060708888573788,13.3039485341502,45.613138604172,15.0
2.208333333,30.0296990568083,9.02144389640883,1190.11138974131,69.8466980875651,2499.38556171428,130.033781106883,417.540839694017,1.59396394928004,11.8471657149653,4.64671814062437,1.22603983870332,4.64144843804932,4.36094992499687,0.0065984660725103,0.0004980635067192,0.0002629470370422,10.6787326606735,45.3460523636858,15.0,3264.19824203081,61615.0,2,30.0130438359236,2.38684246208881,1194.94026677868,65.8054001426122,2513.05067296719,130.452963922649,419.44619863264,0.0460851973887003,9.57505237398981,4.93614926771359,0.65159635627892,4.54201851388926,4.50910067647345,0.217206134550451,0.0104122596205586,0.0060937008130328,13.1707055691332,45.485127299456,15.0
2.21875,29.9906688040032,8.9375562500739,1193.26330913368,68.6025958301685,2505.21522338231,130.403665435571,419.032189895629,1.59396394928004,11.7302821817021,4.62789623194524,1.21452150502574,4.58726973136113,4.37099890595885,0.0063090948848782,0.0004762259868297,0.0002511087575923,10.6641891745933,45.4754986116306,15.0,3271.49436171674,66355.0,2,30.0021236590813,2.37233253995068,1193.28241289982,64.184874270741,2509.25582015812,130.33702876188,419.326961183294,0.0509615948904055,9.62388616377844,4.83872776537849,0.651196578703474,4.4516225498003,4.50773842021837,0.216042701503076,0.0103690530135609,0.0060663561880021,13.050108358807,45.4450808800985,15.0
2.229166666,30.0033081973421,9.00409933295682,1188.1780585328,67.0460919390225,2493.99926680874,129.891438233202,417.693149269947,1.59396394928004,11.624096992819,4.59585868618108,1.21890744599168,4.50320944203847,4.39104260182624,0.0060604057200077,0.00045899060566,0.0002417293180314,10.6686121445026,45.2973435267476,15.0,3256.57901123285,68070.0,2,30.0028201956359,2.36689294435491,1192.1246980909,62.8935061570033,2506.30081287228,130.264615021722,419.354748634992,0.0532679709801945,9.672955935983,4.76214211987286,0.654880776880652,4.38010092169942,4.51034194525709,0.215277848423657,0.0103408483824198,0.0060482116947774,12.9169827556863,45.4202798947954,15.0
2.239583333,30.00936249555,8.9242592908579,1187.54987240391,66.3205784362099,2492.12852131287,129.867732963852,417.92864769062,1.59396394928004,11.52872937006,4.5686299414812,1.20870562540125,4.4604004907365,4.40966797715192,0.0057999396908734,0.0004406873329795,0.0002317424174008,10.6702423282468,45.2895562997841,15.0,3254.31368183043,68020.0,2,30.0065835255596,2.34025519680535,1189.50827100781,61.8022511686574,2500.2286384761,130.028737023532,418.875485556836,0.0544093198310831,9.67660696164846,4.70566779038295,0.65288059046067,4.31738299306623,4.51889368428277,0.214919845607181,0.0103278274300746,0.0060424438247284,12.8242333434917,45.3384862135057,15.0
2.25,30.037477166376,8.92901945076625,1197.1014657079,66.3275056736968,2512.16490294502,130.991526803862,421.871775855296,1.59396394928004,11.4764958298785,4.53761366212738,1.20700478420436,4.44821218172677,4.42812034040471,0.0055064460432578,0.0004181569398145,0.0002194409938826,10.6790023076726,45.6819581036937,15.0,3280.6043513171,61910.0,2,30.0211329071734,2.27503489972203,1191.31077378505,61.1143193165374,2503.5413097803,130.280517963539,419.998508270828,0.0508639181740881,9.60588775240961,4.67512526626777,0.639380660365264,4.27759644012916,4.53602184344204,0.216129280598058,0.0103730031993944,0.0060795812111941,12.826348896061,45.4266814025471,15.0
2.260416666,30.0070436126876,8.91242851627194,1196.23816625619,65.5213863739527,2509.5534331248,130.937633554454,422.037352916354,1.59396394928004,11.4289194008758,4.49108653140315,1.20234652618751,4.39981549172975,4.43506209250661,0.0052088306945195,0.0003949473360225,0.0002068094264422,10.6672166323343,45.6636629918716,15.0,3277.46372641322,62040.0,2,30.0148406475456,2.24527054456564,1193.87863510217,60.5123605774413,2508.39436179293,130.615859065127,421.412814635231,0.0521233578934491,9.51999303660534,4.64023641946514,0.630236121059019,4.2423810655604,4.55025165663976,0.215970089285959,0.010367770100736,0.00607947429987,12.8520558802952,45.5439816213449,15.0
2.270833333,30.0234060280686,8.86366719463389,1196.32149801444,64.4139098397353,2509.28530585208,131.013322224749,422.627441285929,1.59396394928004,11.4125848275849,4.467060907126,1.19495679312273,4.33102897159575,4.44730174936146,0.0049420267622985,0.0003745236967533,0.0001956655818852,10.6724116873951,45.6905380303786,15.0,3277.01401143548,58835.0,2,30.018646268277,2.19813342134746,1195.02156320883,59.7668350580513,2510.17057573831,130.794168071089,422.331623266625,0.0507274715437576,9.45207106936778,4.60824454423392,0.620410913367953,4.19926418904539,4.56446529052624,0.216382503074069,0.0103836147298428,0.0060953458059259,12.8842440760414,45.606509778169,15.0
2.28125,30.0017492675488,8.80759862709455,1193.49517831545,63.1599163449858,2502.3526958745,130.743037313731,422.106163780626,1.59396394928004,11.3873886184519,4.39795284258388,1.18655467241262,4.26307404569709,4.4529475294857,0.004691308586478,0.0003557663555562,0.0001854388282676,10.6642412645895,45.5967208042164,15.0,3268.09028432513,60030.0,2,30.0109600470869,2.17498524645968,1194.8865369574,58.8663237327352,2509.12914941237,130.831780567943,422.801158427015,0.052859995085881,9.41390517757596,4.56291018897172,0.61478711268609,4.14784526738767,4.5737586989851,0.21584712363614,0.0103643110577925,0.0060850877411681,12.8924944522163,45.6199736616902,15.0
2.291666666,30.0128921252436,8.78683044774698,1191.3571082181,61.9499478006504,2497.06718817817,130.563060145704,421.87598440991,1.59396394928004,11.3725377491762,4.35671837386337,1.18224837683046,4.19411795775762,4.46325297840354,0.0044634729909946,0.0003393004625264,0.0001764394613824,10.6678081729635,45.5343487253883,15.0,3261.26072810845,59025.0,2,30.0117102629224,2.14629252776578,1193.70239301413,57.9122564509206,2505.77383580169,130.752646507963,422.892535413166,0.0530719065334128,9.40570703282581,4.51000744885245,0.610261120720845,4.09355760860091,4.58183907214893,0.215732145238913,0.0103604167772914,0.0060857182696238,12.8825261846907,45.5927320599994,15.0
2.302083333,30.0047429448707,8.83374251391825,1189.68804715371,60.9693988109116,2492.51701352153,130.422599776886,421.774615213606,1.59396394928004,11.347734525232,4.33421629480724,1.18472245744782,4.14151020023289,4.47050846136589,0.0042425940855796,0.0003234374930912,0.0001677809328941,10.6644522501624,45.4857134232327,15.0,3255.6430409249,59755.0,2,30.0084584781452,2.13346841223459,1192.13914483682,56.9817990668879,2501.54498279753,130.631169480575,422.847420214273,0.0546093314616319,9.40804046391718,4.46271166635112,0.608415198170855,4.04070625203978,4.58804541621302,0.215346662342215,0.0103464107056908,0.0060777931664103,12.8614444239195,45.5507170861634,15.0
2.3125,30.0001655387265,8.87274323729159,1186.18496342826,59.9599876991268,2483.99597568033,130.076410375725,421.003869098163,1.59396394928004,11.3167184178178,4.33912849182806,1.1867049492253,4.08914804693275,4.47876971813763,0.0040367538227166,0.0003093083207531,0.0001600683813335,10.6625196398087,45.3652830266745,15.0,3244.93986698121,61585.0,2,30.004444825268,2.13415085324687,1190.13166378152,56.136022028764,2496.28253201183,130.458094423303,422.628330980002,0.0569994485051415,9.43378523958292,4.42546439494735,0.610930636698267,3.99249372602096,4.59197612656966,0.214666082865727,0.0103213736281827,0.006060984337428,12.8139441983872,45.4907099784526,15.0
2.322916666,29.99739858886,8.92722715653753,1181.5783768741,59.1380720149363,2473.06312269682,129.604613300124,419.818222867619,1.59396394928004,11.277803867545,4.38560311815165,1.19054477217252,4.04743251583834,4.48801175480859,0.0038443158846632,0.000296791663707,0.0001532290922335,10.6613497741009,45.2010033587319,15.0,3231.30255833425,64125.0,2,30.000988703111,2.14652238987722,1186.95138318578,55.3761927559902,2488.468250723,130.153217203917,421.971841701126,0.0599120382596452,9.47934190819895,4.40921673298952,0.616690305965242,3.94847136329373,4.59431392675009,0.213845639444805,0.0102909404158868,0.0060392386071397,12.7408402479545,45.3847297296048,15.0
2.333333333,30.0094949159207,8.97924640555712,1180.15402477644,58.8149332100955,2468.99952075333,129.493560672073,419.795884989728,1.59396394928004,11.2436253659864,4.45732812045798,1.19446282326347,4.02790115480771,4.49945692449996,0.0036550982781125,0.000284225286178,0.0001463492410463,10.6652928197943,45.1625146152641,15.0,3226.8153292627,64000.0,2,30.0051022987821,2.14511861956674,1183.89347614471,54.8025605812945,2480.90825019549,129.861051874714,421.352837094721,0.0603535069192791,9.51025239283632,4.42756179695654,0.61937900905589,3.91446132550482,4.59921421269317,0.213823264211165,0.0102897938810305,0.0060384201183966,12.6818079753159,45.2831301629077,15.0
2.34375,30.0132679498793,9.11322113175207,1182.2089410421,58.8494241594893,2472.23950081269,129.766484387791,421.020485163215,1.59396394928004,11.2157451410632,4.51354003337581,1.20649083830731,4.02708822900042,4.50861629984965,0.0034598947917771,0.0002702512273651,0.0001387121320627,10.6660650763562,45.2579473557906,15.0,3232.00708719081,63000.0,2,30.0090803177789,2.1431135027901,1182.51052433828,54.4668972677375,2476.90675387561,129.754006059304,421.33959384791,0.0598389243756744,9.50490357647503,4.46891577890137,0.619643640707422,3.8938644148886,4.60686012262474,0.214259136650899,0.0103056087692304,0.0060489488245186,12.6594254297276,45.246016918054,15.0
2.354166666,29.9908582564653,9.21284163350222,1181.285561925,58.5385345598812,2468.76342611536,129.688931507328,421.102610795606,1.59396394928004,11.1819959620649,4.58666744319331,1.21490301365986,4.01747811209207,4.51353438951183,0.0032823550834354,0.0002583390826936,0.0001322120047479,10.6578934761782,45.231143636704,15.0,3228.45765640491,67040.0,2,30.000072959206,2.17740537654278,1182.35392351829,54.285121759094,2475.38230501766,129.778354602102,421.745303104979,0.0637310371969729,9.51526510965754,4.51300304129123,0.627850429182767,3.88278261473421,4.61057491998615,0.213429555376825,0.0102747176096563,0.0060244173197404,12.6151600417263,45.2547251010167,15.0
2.364583333,29.9975550268558,9.51307083118809,1174.71480042862,58.1402436390049,2453.59834468156,128.998928648175,419.17900637846,1.59396394928004,11.1593223005316,4.68199033913416,1.24390158643331,3.9967151169112,4.52291979756288,0.0031349729577716,0.0002498724465101,0.0001275361504248,10.6603166992403,44.9907120057738,15.0,3209.7165268362,69760.0,2,29.9982697911569,2.23165299679813,1180.02988453311,54.1056704054991,2469.24910602299,129.560388354306,421.347896797302,0.0659407948034813,9.55030980403394,4.57116755291706,0.642465196757079,3.87117485139285,4.61359954927618,0.212855221441217,0.0102531051763924,0.0060040624091025,12.550534607346,45.178943215912,15.0
2.375,29.9516202736361,10.4548009991638,1162.00824312044,57.5334842090125,2424.27072367297,127.562205986908,414.786394134868,1.59396394928004,11.1019448610372,5.17731386965022,1.33717951117977,3.99187866705883,4.5263404486926,0.0030662232675783,0.0002515164721227,0.0001283600503705,10.6447921967151,44.4897822557745,15.0,3172.98812503498,86175.0,2,29.9703052372218,2.47724039795679,1172.88305968357,53.9438280717639,2452.68215485621,128.79235025073,419.11364392824,0.0781459471793751,9.65448357326576,4.75411395246242,0.696345539519813,3.86202175702687,4.60642795349345,0.209536314250567,0.0101290432111781,0.0058960387171411,12.3880757005155,44.9114364488186,15.0
2.385416666,30.006718227469,12.6859927327216,1154.13464516705,58.2913357974989,2406.55225643854,126.736491471436,412.3343271859,1.59396394928004,11.0865025034564,6.17998182116748,1.56110431539919,4.02595042878409,4.54483932266297,0.0030610315767589,0.0002584467846667,0.0001317975088691,10.6645038141634,44.2018902781432,15.0,3151.68820975393,86165.0,2,29.9915592692529,2.80694494745502,1163.60214081202,54.161309618054,2432.0051631989,127.783139201614,416.063287771743,0.0712685456515393,9.66297239398683,5.32065551750582,0.772482833711679,3.87315109408644,4.6172604011571,0.21161049244192,0.0102039309546922,0.005911300016645,12.3332594265522,44.559732805481,15.0
2.395833333,29.9430868059787,14.9739981395499,1149.78576672095,58.9608485583165,2393.76893348261,126.166603501196,410.653578157288,1.59396394928004,11.0431044522195,7.10583033590919,1.79039815095037,4.11522981683927,4.54432029137207,0.0032425096292426,0.0002836441605174,0.0001450010141149,10.6423918999976,44.0031682127641,15.0,3137.50417397484,109020.0,2,29.9578736225315,3.48304563780088,1155.14883280378,54.8773496389139,2412.79838297165,126.834192716685,413.153511613746,0.0784668913844273,9.62108438508495,6.1955411040508,0.905303632613965,3.92218110564828,4.62305360268449,0.209883669981085,0.0101381640078123,0.0058027640502359,12.2849851516158,44.2290410561027,15.0
2.40625,29.9587920770938,16.7078787799371,1146.78092667249,60.7256651927272,2383.97729793506,125.753021719882,409.36301136225,1.59396394928004,11.0557635981014,7.93047665332637,1.96709323023661,4.26068983960396,4.55374095046192,0.0040887138538759,0.0003686164512728,0.0001898035468782,10.6491651518536,43.8587621847336,15.0,3127.84401380036,127090.0,2,29.9577808264148,4.23713827336877,1150.66846409808,56.4525261380868,2401.03556518346,126.26932831777,411.395889455494,0.0758695136640476,9.58661266026291,7.18690386489539,1.05063867912671,4.03963133098435,4.63607910896341,0.208740072431581,0.0100953903928708,0.0057080590838187,12.2501539509857,44.0324627849347,15.0
2.416666666,30.0015781902894,19.7160011951336,1146.8605389562,65.4427415870513,2382.10523613682,125.748013006283,409.275560886769,1.59396394928004,11.1832489580364,9.17261615149892,2.27270578065167,4.51475032112223,4.55443796452995,0.0056077086884982,0.0004972030701519,0.0002571155261286,10.6652363989951,43.8565237469482,15.0,3129.96646074005,123880.0,2,29.991025134195,5.00128439883307,1147.65755897728,59.4792073664324,2392.99894239948,125.880502124139,410.139690006662,0.0592601960777457,9.41372694482949,8.33713779493421,1.1810037241603,4.22370042140833,4.6656250806929,0.211162561856723,0.0101888731935641,0.0057033144607919,12.4333512414894,43.8971807473382,15.0
2.427083333,29.9678908639917,21.8924882799136,1144.17444472877,70.1427150861978,2372.24328482104,125.306583827295,407.665195510879,1.59396394928004,11.3504626869376,10.0296147354541,2.49469559739033,4.81459583946391,4.53394033153947,0.0080750407531262,0.000691227451182,0.0003592454661102,10.6569224383309,43.7016817793618,15.0,3122.42542931516,134210.0,2,29.974479260916,5.9395089613414,1146.17099034428,63.6600589598199,2387.72765371613,125.628652388237,409.224176676342,0.0519103950189602,9.25505930508974,9.45316266657135,1.31951487089114,4.47530568170458,4.68043621540914,0.211179801475453,0.01019274055848,0.0056321562665024,12.6675442852473,43.8093912566497,15.0
2.4375,29.9717699727052,23.8071039221135,1136.87265796979,74.3105983026449,2353.19331463354,124.353413277845,404.325155894874,1.59396394928004,11.4771697023934,10.9392124019576,2.6929466599677,5.08619997112186,4.5239662954949,0.0127728149674415,0.001041264016792,0.0005455808312269,10.6654712192152,43.3678648842383,15.0,3102.31725372219,142595.0,2,29.9723931767517,6.94312834605439,1141.24433416917,68.0233087966094,2374.44279321948,124.945454704661,406.796791048378,0.0446099731807623,9.16087776348131,10.4797331177049,1.45857302938389,4.75019674730844,4.69002573296079,0.211558322037301,0.0102099349684932,0.0055695447991303,12.8761456200965,43.5707705995046,15.0
2.447916666,29.9674710417778,24.8046035280183,1130.53689839967,79.3206377396903,2335.14292678216,123.392513014015,400.945642104206,1.59396394928004,11.4625903448102,11.6681934580579,2.80237880512666,5.42881029973718,4.52780926406728,0.0212280277220749,0.0016310305977364,0.0008612582609568,10.6745910987618,43.0306842129547,15.0,3084.27697668952,153535.0,2,29.9683016837257,7.87097703875275,1134.57199883002,72.691306686574,2356.66374652252,124.001145803464,403.461013855986,0.0400971459913858,9.06323135536203,11.3901860874833,1.57676488246371,5.05659851645799,4.70064788340838,0.211696075061065,0.0102180356242589,0.0055116046415733,13.0216852716969,43.2404204250538,15.0
2.458333333,29.9839352178893,24.6604993097183,1128.18319993613,85.9294298372967,2326.43086877489,122.866282102172,398.977348279006,2.36976522199791,11.3303167949894,12.230677319023,2.80000455800089,5.8332297361813,4.548560751676,0.0345394887166842,0.0024838695342004,0.0013169108347931,10.6923340901098,42.8440759472161,15.0,3078.92340365754,155000.0,2,29.9811322468489,8.25194903200834,1129.98937696069,78.3365469043678,2343.12246197259,123.235175108785,400.703462687067,0.0362512315533756,8.8884657310952,12.1257901788173,1.62401198070067,5.41491775119738,4.7243805536909,0.212540256646042,0.0102527311574387,0.0055080357650008,13.1390374694817,42.9712363230197,15.0
2.46875,29.9859936321488,23.341870785279,1130.04078779792,93.0730048264059,2326.32499304842,122.757188986706,398.348747305469,2.244956918046121,11.1491247328303,12.2195133879059,2.67965433446058,6.26973719290898,4.57087065605553,0.0514351368787354,0.003480551292616,0.0018505005469201,10.7032340590191,42.8017190448672,15.0,3085.00983075734,155045.0,2,29.9850924348859,8.11046357583067,1129.30184082399,84.7001641381656,2337.66323212247,122.868530586433,399.244755436554,0.034558945924402,8.70680537295529,12.4484052554514,1.59934305180558,5.80708056258319,4.74844682266356,0.213345895593184,0.0102855269365498,0.0055373124486608,13.188713772959,42.8400099634323,15.0
2.479166666,29.9897770367379,21.4601620206578,1132.50751078006,100.101570761159,2327.7401005033,122.704968602442,397.894837266439,2.151427245391312,10.9632431065984,11.8227871785767,2.50198847268012,6.69204081602779,4.59302389855451,0.0692727242016436,0.0044612687273962,0.0023825823918213,10.7118106295789,42.7781932413778,15.0,3092.79538586608,153565.0,2,29.9884391916645,7.66260212433933,1131.15259555105,91.2429732986231,2337.31901657376,122.757667397994,398.609945915905,0.0337354308598189,8.56960035210455,12.3067150016612,1.53137815101975,6.20563630594216,4.76815130783371,0.214392308122622,0.0103262976078369,0.0055919199247342,13.1701423536791,42.7967637630209,15.0
2.489583333,30.0270179782318,19.9889570989676,1140.6236109127,108.550010755526,2345.10302762428,123.502811747533,400.172820197136,2.0812763772762333,10.8950499319447,11.7817899789898,2.36263719313242,7.08843309375598,4.60622316537723,0.081246080993195,0.0050930218326277,0.0027336566221098,10.7256021415061,43.050763584532,15.0,3120.75228361628,135465.0,2,30.016354977663,6.93470961199652,1135.77621388376,97.9945024152138,2345.09843911544,123.05862263419,399.333903921714,0.0301337765173119,8.38827082307657,12.172128428365,1.42824728102028,6.56616299016022,4.79342496826293,0.215892807159265,0.0103835755966213,0.0056781801861291,13.2500298765058,42.8965201778359,15.0
2.5,30.0056910840742,18.7152069088843,1148.42687974664,114.402581947707,2359.97716521858,124.187341804723,402.066707471516,2.019706165339854,10.9222667954192,11.3931484603135,2.2393671772713,7.39600199553727,4.59493364767723,0.0846033597491591,0.0052702799225477,0.0028397936194792,10.7164890334261,43.2841428934929,15.0,3144.258614312,129060.0,2,30.0073258606522,6.4539633984143,1142.98201121222,103.857454244953,2359.06651408187,123.702810301574,401.157777427897,0.028738615208207,8.29544468429951,11.944328328731,1.34328182605856,6.86642656443763,4.79820930258892,0.215896215435705,0.0103847940667014,0.0057150838436682,13.3172947014979,43.115949008015,15.0
2.510416666,29.9951255303327,17.322485618771,1151.56691662478,117.461537121695,2364.87750906112,124.344409908816,402.282799041684,1.9547496619502551,10.9374915478674,10.8358434481679,2.1045610612784,7.57729767743002,4.58659247760393,0.0847352719712035,0.0052832011646675,0.002856719252899,10.7136903248075,43.3339248967258,15.0,3152.90032249112,129040.0,2,29.9973141912176,6.13731320926386,1148.54275865583,108.025657835393,2368.91657382307,124.142036975487,402.297114614331,0.0284562136101841,8.32426351782865,11.504446927434,1.28301852965821,7.09521566304582,4.78909526831153,0.215652705366744,0.0103756681653889,0.0057338971999721,13.3011648086367,43.2640490715704,15.0
2.520833333,30.009711576066,16.2567013059777,1154.90810366449,120.560470787043,2372.2263572288,124.622177118452,402.917267688518,1.8893382316437264,10.9422660357526,10.3378192632006,2.00303984466596,7.72057222831835,4.58390950993837,0.0831297450990785,0.0052129940486871,0.002827807035507,10.7195962715531,43.426053395216,15.0,3163.99532241189,123740.0,2,30.0056740537182,5.81974433944808,1152.17638792481,111.073122756185,2375.46859897433,124.40064990831,402.874364843355,0.0270787253700165,8.34698767219061,11.0102048414361,1.22750270011511,7.25649774767314,4.7836758406141,0.215628556288018,0.010374654445884,0.0057583297986406,13.289686403922,43.3494311230141,15.0
2.53125,29.999261403729,15.2014869586045,1157.75454942449,122.511047768399,2377.72456689308,124.798713226608,403.239193299157,1.8267036406476276,10.9419431196096,9.92368406799817,1.90187187446651,7.82932742120085,4.57676696094562,0.079381501462954,0.0050319972709177,0.0027359914960301,10.7163123541216,43.4833344768728,15.0,3172.13355381645,123385.0,2,30.0008134416025,5.57910368772587,1155.41508792088,113.376659205797,2381.61803200168,124.63545810738,403.388611746611,0.0266516145909309,8.37696655638687,10.5423486161425,1.18081672731831,7.3764705596898,4.77472373818725,0.214929422544808,0.0103487924081284,0.0057619423044782,13.2592380054113,43.4268484560426,15.0
2.541666666,30.0374433320724,14.816555523319,1165.37504781979,125.390978717746,2397.16671421306,125.72486420856,405.976177841106,1.7841206610595683,11.0256337487734,9.52237203157124,1.86691843348297,7.90073378809542,4.56867735029729,0.0719931302405118,0.004650672691134,0.0025293525080337,10.7269885694861,43.8025754178849,15.0,3197.57726866361,108725.0,2,30.0249580907947,5.28090615908293,1160.03539852397,115.310745705281,2392.40591799211,125.102879427004,404.69424583038,0.0235798594948558,8.31940863272522,10.1633470976989,1.13045202462856,7.45118314033021,4.77779022307154,0.214882216539319,0.0103475767429616,0.005785953637751,13.3496222252122,43.5859155980204,15.0
2.552083333,29.9551107351956,14.5487823552983,1162.5568849145,123.645262501801,2386.50858373039,125.05160946665,403.585446809397,1.7376189750180595,11.0072706743527,9.19822463810432,1.84208458052362,7.92463126323492,4.55002079288227,0.0654642606371532,0.0042932305219973,0.0023343873731808,10.6993592024459,43.5650475813497,15.0,3183.68462625306,128390.0,2,29.9735712543603,5.45434905124099,1162.94940345334,115.997138002763,2397.54273683284,125.290797819964,405.044569816327,0.0264790530703836,8.43889537197651,9.73298158045039,1.14029093896834,7.50560523345609,4.74996775237137,0.212478016505995,0.0102578262206987,0.0057163706897398,13.2402197894091,43.6480985962406,15.0
2.5625,30.0063314938175,14.5480592771841,1158.49399682559,123.952314630052,2379.38716662777,124.546649933804,401.794749597546,1.6887023348561505,10.9108537814056,8.98056918699501,1.84740119007676,7.91809253052673,4.5685318445175,0.0629337631486325,0.0041551558924286,0.0022608445809433,10.7208672916269,43.3864466699317,15.0,3173.67099321352,125310.0,2,29.9975692775949,5.48817879254955,1160.68302139741,116.227105439153,2391.5994427127,124.863271542009,403.443376845316,0.0250946598620814,8.47249048970617,9.43496434621861,1.15141995826499,7.54229764303309,4.7487799801426,0.212529660413415,0.01025954803758,0.0057146391881217,13.1691364324526,43.4961994327902,15.0
2.572916666,30.0161408399725,14.6360563088317,1164.56824876847,127.024761702824,2393.43551061929,125.14878505225,403.553844677949,1.6580891820128616,10.8796672462062,8.73304872296674,1.860180284705,8.04450036962451,4.57124814218519,0.0585283442084844,0.0039009486975648,0.0021212884138944,10.7219832491174,43.5941533423769,15.0,3192.99397812237,117760.0,2,30.0110067480576,5.42144041550996,1161.42434258786,117.430057242409,2393.97278196883,124.853885293669,403.251383692156,0.0232878623627824,8.34673013327305,9.20872214592835,1.14113600537227,7.59169212070513,4.76108966652038,0.212031110148663,0.0102424242757793,0.0057100476947957,13.2341080476377,43.4905589446088,15.0
2.583333333,30.0077428270246,14.844213234593,1170.49118073232,128.249196240667,2406.8724811369,125.735906175048,405.247331395464,1.6505629741105328,10.9156750767412,8.58362907166564,1.88313246978797,8.09057943383988,4.56219764177206,0.0529203662136983,0.0035607791375965,0.0019326252959173,10.7159609303833,43.7971778379149,15.0,3210.29495513874,113465.0,2,30.0087663786275,5.39851181333127,1166.1687272974,118.824487415777,2405.09515592413,125.304911581307,404.545938574113,0.0222710630945146,8.22975379660111,9.02578055972449,1.13350146029819,7.64802916942228,4.76758624985378,0.211195014118948,0.0102125601040115,0.0056940504847466,13.3339211248191,43.6458519055086,15.0
2.59375,30.0362625660609,14.9869096943629,1178.89945911568,129.2036931179,2428.32562278027,126.763303615869,408.353106512839,1.6738911815796036,11.0332021575157,8.2507271963757,1.89833091540009,8.06630037881171,4.54950056648053,0.0466869017323839,0.0031661141032767,0.0017134736601372,10.7211950686167,44.1541099108209,15.0,3236.77447129004,100005.0,2,30.025504750226,5.21628994296864,1172.26190952775,119.444731871368,2420.25005847096,125.972593066335,406.557469802555,0.0202368478856447,8.0885377035269,8.83867306391877,1.10693624017867,7.64802762551918,4.77727621937619,0.211266679145225,0.0102164476672686,0.0057117673323294,13.5236164566339,43.8771001329748,15.0
2.604166666,30.0270353490458,14.8926173602118,1187.82240676804,128.459327739676,2450.24551776186,127.834177753158,411.60169277318,1.7343753663292647,11.2016516001232,7.95035082678529,1.88748822571958,7.97719540493415,4.52165468153013,0.0402801464587485,0.0027457645715841,0.0014813208036997,10.7118211194699,44.5266377448291,15.0,3262.86732040556,91345.0,2,30.0249593763227,4.99184834208898,1179.61598085749,118.992803447101,2438.83458601171,126.840501688759,409.229049516831,0.0195362496867068,7.97718071681593,8.60367155710803,1.06854276606946,7.58432630218561,4.7778508274882,0.210953343134532,0.0102056195504556,0.0057240997232912,13.7335608238323,44.1785213662004,15.0
2.614583333,29.9281438986075,14.2238780289472,1176.66284692567,121.610814336356,2421.76483659666,126.238593053301,406.353657598576,1.758529016694526,11.122053314867,7.60602113399444,1.81925076505863,7.77406117590001,4.50702173246478,0.0381372395785974,0.0026097246836119,0.0014102581969126,10.6817695700111,43.9702504032641,15.0,3222.45074918537,122540.0,2,29.9539859894087,5.23692727323967,1181.05377711961,116.518534239162,2441.32943338075,126.907755441077,409.222182228289,0.0256509676873717,8.27465532769353,8.1941330086179,1.09822467617898,7.48306878939799,4.72991791996253,0.208237578538047,0.0101006777583469,0.0056380064461166,13.4807263118692,44.2012591154696,15.0
2.625,30.0299858829136,13.5837251810395,1169.9446842046,120.598500259828,2412.25921265798,125.613011121781,404.280959299861,1.7392108098963768,10.9562249700089,7.57476972002917,1.75852975558123,7.64788710812327,4.54285729230752,0.0386105673588293,0.0026385429546865,0.0014282271984579,10.7220354204761,43.7518970552854,15.0,3207.3361984495,111770.0,2,30.006509664116,5.0206297284285,1174.63242063852,114.046209606984,2427.88871112664,126.104961133172,406.491690554302,0.0239366226774776,8.37958206563111,7.97892697120947,1.08223795980632,7.36847881585454,4.72973267159495,0.209801196932486,0.0101579127031961,0.0056904928791554,13.3212683546603,43.9210286699143,15.0
2.635416666,30.0226341532187,13.2030199153465,1178.67618027076,123.038225746345,2432.80522287015,126.559026870258,407.221981428791,1.762232463286518,10.9064555120138,7.48883477597476,1.72088115701123,7.73526157189025,4.54353319487702,0.0367299428405357,0.0025067167152817,0.0013559910037753,10.713975428837,44.0813724464352,15.0,3234.28650722455,103775.0,2,30.0174161444357,4.78237600541288,1174.53168510433,113.638819763832,2429.86579065788,126.095904600277,406.395027106294,0.0231745390167935,8.26442157593488,7.88472539439918,1.0408598335061,7.31805800030989,4.74147442823118,0.209726191376545,0.0101561134080398,0.0057097818344643,13.3449179722735,43.9175285347108,15.0
2.645833333,29.9848222797631,13.0177937117252,1181.10984934503,121.432023097121,2437.88624575167,126.721840687188,407.640307159883,1.8082740106512791,10.8910182936254,7.45506025481419,1.70134271493982,7.67687072923322,4.53546041800143,0.0345117486904119,0.0023572294466961,0.001274825463624,10.6982768205507,44.138221281299,15.0,3239.19636549164,109120.0,2,29.9958997087486,4.7618539028584,1178.53919487062,113.507102884925,2439.45328195621,126.493834735827,407.580025690122,0.0249368557075681,8.25212593882847,7.79351891041811,1.03054613739696,7.30340610927346,4.73603906118819,0.20858518351389,0.0101133386970939,0.0056849413936497,13.3054541674999,44.0560271677537,15.0
2.65625,30.0648329854838,13.1268420071941,1190.39284848179,121.869838175255,2463.00234982897,127.95206490245,411.494272621681,1.89838529252796,10.9896238674248,7.40616941252346,1.71181646064203,7.59507788566028,4.53666144519155,0.0317158936069925,0.0021621966100273,0.0011673053638624,10.7215537496239,44.5671381611232,15.0,3269.45888412845,88925.0,2,30.0362387157787,4.50336723729972,1183.36462851184,112.817164980175,2452.18945172295,127.052633089356,409.32561583428,0.0220460838316699,8.13240159626191,7.77970262851238,0.995470218853901,7.23872016656789,4.75044116113691,0.210469714953851,0.0101846716006481,0.005751786364726,13.4533760560103,44.2507030793507,15.0
2.666666666,30.012883993667,13.2450201437082,1199.0118918664,120.285865202616,2483.18331035166,128.939346062675,414.585871096825,2.054665341775131,11.1162422109372,7.14325626874962,1.71989433077689,7.48892880601753,4.50806596519983,0.0282389614899194,0.0019237512496553,0.0010373557177138,10.6970660971327,44.9116236140855,15.0,3293.1884311457,85235.0,2,30.022055248445,4.35513585749683,1190.38820582603,111.492104082703,2470.18207354309,127.905863039398,412.045254491627,0.0231445568717907,8.02169952929235,7.67536052989406,0.965353628335337,7.13297444983407,4.75093038823276,0.210193594777184,0.0101750472000105,0.0057590186194265,13.6317875723945,44.548062653307,15.0
2.677083333,29.976046353966,13.6503525713022,1197.11054387362,115.133351876537,2479.46570554213,128.685973382778,413.746618379719,2.188818655181912,11.1512342202451,7.05374751529518,1.75693703856448,7.25271576312923,4.49385876550052,0.0260391390456271,0.0017792725354992,0.0009600331784311,10.6836984833324,44.8239291674761,15.0,3284.2245916667,93775.0,2,29.993187761616,4.44000873410138,1195.20062804205,109.006971665414,2482.16280795001,128.464936151706,413.783576587478,0.0266912322492546,8.11959395374842,7.50216811667559,0.980562233317919,6.99404511456344,4.7299945354187,0.209462563300301,0.0101460891231783,0.0057328485556589,13.6085050130478,44.7431046069898,15.0
2.6875,30.0051495038357,14.3388600662859,1193.51594209366,111.495985451484,2474.06456296533,128.338870866824,412.63911025849,2.260031324202993,11.1195643714427,7.16626888511523,1.82385269374812,7.04924055463141,4.50028088112009,0.0247532168491078,0.0016979921828103,0.0009167032798044,10.6949206172137,44.7035939029746,15.0,3273.56854915407,93540.0,2,30.0000500009116,4.50095578866965,1195.13469233346,105.779610125757,2483.66365012436,128.474393864863,413.770106705931,0.0273019280424076,8.20568940657456,7.4530486221493,1.00277603762102,6.82272984276824,4.71961468189134,0.210090353164275,0.0101683093134921,0.0057409578987371,13.5592695962203,44.7468200402507,15.0
2.697916666,29.9988253361321,14.2849056113974,1192.17185526746,109.293047711088,2472.57006131818,128.190563311259,412.176474572061,2.3017224362204143,11.0543113660234,7.0978909610368,1.81633893229037,6.93217449624411,4.50368380297343,0.0236281879638784,0.0016283087891409,0.0008794031977674,10.6924452693969,44.6525456969777,15.0,3269.29091090777,95625.0,2,29.9991583093661,4.484050546264,1193.48450364879,103.02210098045,2481.88967398489,128.313720872057,413.237997089435,0.0285277866001673,8.22796600941696,7.44143148492984,1.00842899843742,6.67170851098899,4.71573402128243,0.20979203804256,0.010156645603105,0.0057349464302062,13.5157763120274,44.6913501255589,15.0
2.708333333,30.013862067145,13.9619839511261,1193.90551262716,107.749861605053,2478.43480825801,128.433941546874,412.966863817709,2.3407928019710256,11.0153690653193,6.93044052729584,1.78201987210946,6.8304141943507,4.50843863196708,0.0224806288887076,0.0015557690099365,0.0008400744683179,10.6968018188596,44.7379402504057,15.0,3274.67169607891,92675.0,2,30.0083702465425,4.35499091625798,1193.27029867887,101.002655079731,2483.13245698111,128.316045124813,413.249233225476,0.0286233424134737,8.22014019201933,7.3649774126603,0.992035868909614,6.55589326165255,4.71715087047344,0.209857200218096,0.0101589681000249,0.0057476014911526,13.4887902776209,44.6926776151987,15.0
2.71875,30.0120638686705,13.0611180409244,1197.09825076249,106.53023096102,2487.03585881958,128.828612505135,414.240194708722,2.4016620184122366,11.0117005481259,6.65495419082048,1.68910637883315,6.7489369677719,4.50625947238228,0.0211369264432587,0.0014687403817689,0.0007926434721083,10.6942687581135,44.8760242619241,15.0,3283.95687901415,90145.0,2,30.0107628065569,4.13094744553549,1194.74894982244,99.3783129995917,2487.93935004676,128.518066169901,413.915043894228,0.0294726579300585,8.22172076279177,7.19368009401794,0.954981778486408,6.45725939437694,4.71610241885692,0.209706277764815,0.0101529297373678,0.0057635261257366,13.4648460845261,44.7635292275987,15.0
2.729166666,30.0077460208497,12.796394898617,1199.50798435643,104.699731657684,2493.76724856161,129.139139113278,415.249545308277,2.4779287623738675,11.0285112273425,6.55251947775221,1.65935721547967,6.64112180366208,4.50174339572863,0.0197279755662385,0.0013769970907723,0.000742643289846,10.6909853057955,44.9847758507775,15.0,3290.51131863605,88860.0,2,30.0090021337385,3.99815623997165,1197.04331912491,97.7903952805906,2494.27079295336,128.81310528868,414.881864292814,0.0305586199689524,8.26411285018377,7.00872330386929,0.928785635884234,6.36190298122737,4.70983503257209,0.20976483013901,0.0101542882043703,0.0057759904417562,13.4226917086607,44.8667486783288,15.0
2.739583333,29.9985083544997,12.5766356443184,1199.47077612804,102.430897268299,2494.77376398049,129.160311299882,415.342300337914,2.5511209417291387,11.0369526177024,6.48933722413476,1.63407075650765,6.52181450269203,4.49788369141062,0.0183909117231638,0.0012908956069191,0.0006958248321112,10.6865765606915,44.9927316592308,15.0,3289.62808550539,90465.0,2,30.0026161919101,3.9274100621995,1198.58459162269,96.0008339782233,2498.77997763201,129.02125652376,415.565933952884,0.0323979620663921,8.33851133834566,6.87239990127577,0.91715348020982,6.26020504441126,4.69986792226517,0.209639944288111,0.010148377229086,0.0057782362038509,13.3582610092473,44.9397101435638,15.0
2.75,30.0021356782233,12.8307465818275,1198.49067596431,100.194199061569,2493.93875742343,129.09240234013,415.162763952177,2.6141616442541498,11.0348851296489,6.59218525984975,1.65664081613036,6.39964714242938,4.49834981646996,0.0171512758466843,0.0012114160504107,0.0006525914718916,10.6869272587276,44.9696929278571,15.0,3286.3863687521,91025.0,2,30.0022310743206,3.91894468646983,1198.80717316705,94.0868631201239,2500.39532689384,129.082237002235,415.781124118706,0.0334913448829213,8.41002104816594,6.82952766114959,0.918233286493201,6.15413054493359,4.69201897315274,0.209836487496693,0.0101546255461925,0.0057825260790223,13.2962118218089,44.9614404129904,15.0
2.760416666,30.0039074394347,13.174261990441,1198.18356969774,98.7875906112041,2494.30815386663,129.087647739305,415.198239437599,2.6749716052954104,11.0275385137967,6.70368017693104,1.68836824037157,6.31878925559406,4.49963498469648,0.0159524888425422,0.0011341430532655,0.0006105133202224,10.6863467145778,44.9687131368824,15.0,3285.40043586702,91045.0,2,30.0032416526632,3.9322963702441,1198.4738242874,92.3953479613342,2500.85280737159,129.081016257739,415.810061788606,0.0342333836291454,8.44242394600028,6.87783953653323,0.924950107689716,6.05899788665948,4.68878191033314,0.210052904575025,0.0101620381323889,0.0057857580533691,13.2657387251717,44.9615481303913,15.0
2.770833333,30.0039704599327,13.716669724838,1198.39524618607,97.5621663334265,2495.66927487984,129.139189353475,415.421682596608,2.7331006161378717,11.0229827804156,6.83132862120614,1.7400661077906,6.24784787844123,4.50073619835692,0.0148242663515371,0.0010614952519375,0.0005709205648197,10.6852061505607,44.987377875698,15.0,3285.88120291884,90965.0,2,30.0038022155364,3.97980557484602,1198.36800191155,91.0463694906724,2501.7520181614,129.100894280294,415.919569126005,0.0346948241078912,8.44387882616975,6.97211854152981,0.937039056114487,5.98164175603336,4.68883256478841,0.210236172441712,0.0101686212328083,0.0057854727955293,13.2620100335529,44.9690505109222,15.0
2.78125,29.9487905435319,13.5196280410817,1184.47498082668,94.4969457464824,2463.68899832419,127.458728154446,410.061058902557,2.6897679893081627,10.9375385078179,7.08871077820985,1.71815443148634,6.15827078558715,4.5016823938088,0.0143289793855945,0.0010423904807671,0.0005611647133937,10.6685232993965,44.402605401006,15.0,3243.43748801652,112185.0,2,29.9653471235226,4.21387918671318,1193.72227754416,89.547395445341,2491.45545347533,128.555758964814,414.159105487495,0.0411836585028156,8.60285137104765,7.10150053864771,0.978679906809474,5.91957293299476,4.66988235925338,0.207538625419145,0.0100654435241502,0.0056988392289224,13.0554109145321,44.7798895433563,15.0
2.791666666,30.0098868950113,13.517967574139,1172.23535762562,94.2679131790667,2439.10371667233,126.163407328594,405.899996166856,2.5783151303736336,10.8816587993478,7.13255554747225,1.71850036634463,6.12149165352274,4.52231647419078,0.0143492120947296,0.0010571892928556,0.000569279684434,10.6918064224521,43.951875135262,15.0,3211.2166995808,109210.0,2,29.9960432324147,4.25012244494385,1181.30413139493,88.4579817946307,2464.79492587464,127.156587932987,409.640489486668,0.038466006920442,8.68357656382438,7.25136692291992,0.993047742096873,5.87036481674122,4.67327738287452,0.208060508741643,0.0100846212910615,0.0057075751574977,12.9240476788372,44.2932464122525,15.0
2.802083333,30.0056885195961,13.4747407420459,1180.51998610568,96.6367286101988,2456.49975599184,127.042081527541,408.698230978215,2.523650713744995,10.891655232053,6.65840223569757,1.71360932784271,6.2443911934709,4.52275937145032,0.0140731909228608,0.0010449628394104,0.00056200786565,10.6881939598935,44.2584133171306,15.0,3235.24139739795,106950.0,2,30.003182360775,4.2344409659165,1178.3300082977,88.9516964790258,2458.70167854232,126.819690498505,408.550649282638,0.0369140225025183,8.6531775889022,7.1305478646821,0.987776370288448,5.89248908219859,4.68116599329558,0.208082630256992,0.0100861268631315,0.0057102818488206,12.9166835601778,44.1765202239203,15.0
2.8125,29.9921855559073,14.3357537091515,1183.07098785989,97.4941305984832,2461.22846484453,127.274645255242,409.396398408556,2.500024105631816,10.9425136529863,6.97285450073524,1.79876922498969,6.30293857065278,4.51693263040777,0.013719963219223,0.0010266812114339,0.0005515321831074,10.6824225311411,44.3397649402902,15.0,3242.10329393025,109120.0,2,29.996181725064,4.41508741144544,1181.16518550041,90.0745357063067,2464.56607874374,127.099458584278,409.420957914006,0.0362280621867016,8.63766291096292,7.08272840232526,1.01201939715241,5.95619322251395,4.6830212155767,0.208015478865239,0.0100842126455776,0.0056936049675231,12.9377553644246,44.2745342581089,15.0
2.822916666,30.0510619620796,14.5175681548835,1191.25489196382,99.7243918503449,2481.38603222587,128.317868680666,412.697785486379,2.554463511702207,11.0783687039238,6.93476068129396,1.81634219916791,6.35060924685795,4.51414397748777,0.0127254309053051,0.0009546722227219,0.0005109911743969,10.7005512654874,44.7035491519646,15.0,3268.56338951929,92015.0,2,30.0293050790689,4.25151548604937,1185.25254861404,91.1148576413099,2474.40456067834,127.575104131486,410.9475264472,0.0316180798273657,8.51934142021227,7.18773543209267,0.993445311143127,5.995080266061,4.69961747433597,0.210320881507533,0.0101717283083756,0.0057630911664321,13.1308041265211,44.4405874337753,15.0
2.833333333,29.9742798251459,14.7244860279019,1191.43719449354,99.089779314175,2480.16271585784,128.249406181137,412.447349602434,2.641835888174448,11.1561612848373,6.93900988168946,1.83432726833197,6.35311615355951,4.49131075301106,0.0115610192108292,0.0008758435754441,0.0004680694121507,10.6722282346438,44.6800977316806,15.0,3267.04990738561,100520.0,2,29.9939314773728,4.34161268496397,1189.23382973293,91.5876825139928,2483.46444959514,128.032568192084,412.400097789491,0.035241074663642,8.53199626819784,7.19041777432216,0.999336755830664,6.01192256985016,4.68989929991904,0.209232881219114,0.0101304028697485,0.0057290279057588,13.1943875593213,44.6002179453582,15.0
2.84375,29.9600327899651,15.3968958863393,1179.60650972717,96.4218036630576,2452.87614391541,126.818058751377,407.828521466408,2.612739541484519,11.1206068958952,7.31617449696548,1.90116877159521,6.2776004773553,4.49438452485791,0.0115573195893042,0.0008871454220922,0.0004751417425691,10.6710106645143,44.1818227251625,15.0,3230.79964518644,116950.0,2,29.9689713840627,4.71791053729527,1186.2386322021,91.0526025395866,2475.93078443264,127.63391074617,411.03909603784,0.0389158147865777,8.7112226431781,7.31034341817884,1.06231343265244,6.01018713435366,4.66909320841421,0.207968864454762,0.0100811961112622,0.0056654016241439,13.055605599493,44.4617792575511,15.0
2.854166666,30.021160648499,16.1857832912719,1176.60263689789,98.0235126168417,2448.08683017413,126.536211494638,406.890648853073,2.5443309093438,11.0810845004283,7.69865633735094,1.98182091638693,6.32669454305306,4.51197273437254,0.0119075513700638,0.0009161414665677,0.0004908617759026,10.6936874177459,44.0840147469076,15.0,3225.1678910876,109250.0,2,30.004516980248,4.84315888921348,1179.95101030541,90.9932454857666,2462.52558693384,126.900071202691,408.630706232251,0.0347666566493174,8.68316490235962,7.64609309903001,1.09470795122435,6.01544005484102,4.68078171390748,0.209454428286148,0.0101375443090352,0.0056900578460084,13.0757355400326,44.2066354643749,15.0
2.864583333,29.9957452765931,16.5382600211549,1179.33887423973,100.16351828854,2453.13736260385,126.758678996745,407.549000056999,2.5106514152601713,11.0689491751645,7.8188608734422,2.01732009554767,6.45055183450295,4.50909221600292,0.0119953467498508,0.0009249733247476,0.0004954033172225,10.6840629797354,44.1618419393018,15.0,3233.33195709388,110600.0,2,29.9990693372928,4.96164330042624,1178.67055833562,92.1498904917241,2460.14914119828,126.729972827474,408.046330788131,0.0341337639524541,8.58148110922758,7.91307107742435,1.11164678116068,6.07468506195231,4.69069887233479,0.209096340028346,0.0101253271441623,0.005673031579987,13.1452490830317,44.1478061135178,15.0
2.875,30.0116562725538,17.0736671322296,1182.60682997192,101.578358147227,2460.92083682896,127.134676098849,408.67769342759,2.489246673855272,11.1105196781066,8.10659971393475,2.07108228915088,6.50848762673908,4.50744177039384,0.0121208183496217,0.0009353932740939,0.0005005765446879,10.6897473657724,44.2930063079894,15.0,3243.9085505869,105755.0,2,30.0075835670703,5.02117649256311,1180.4612612751,93.5429106494641,2464.3872061884,126.899793377412,408.5439512236,0.0319238099861895,8.48380045920021,8.16482297417404,1.12164673108434,6.14621838660987,4.70119658195761,0.209626385899144,0.0101464497757476,0.005681646446442,13.2482147399434,44.207283990339,15.0
2.885416666,30.0372103933985,17.5861381535043,1190.67706312071,103.595026460832,2480.45888039384,128.131790936936,411.786539558756,2.5194528730325434,11.2285655739615,8.16927815535612,2.12152952732156,6.56080891646102,4.4970414815727,0.0116338304452541,0.0008985204407342,0.0004794583013659,10.696673989402,44.6404435829531,15.0,3269.46730804052,92910.0,2,30.025973864314,4.8840844614145,1184.7175287371,94.6624788626778,2475.03711323963,127.401769976261,410.126788253174,0.0286022648715828,8.32465126950485,8.38463146795533,1.10245837155737,6.18633277319757,4.71641929350002,0.210873005527922,0.0101948055435856,0.0057236698388652,13.4653462727295,44.382270049536,15.0
2.895833333,29.9229614621207,17.7697892068899,1178.04509606886,100.038034230756,2447.71524415998,126.403682641929,406.149727203373,2.4577040691184644,11.1773071399748,8.19136369497676,2.13854495864916,6.52697645803898,4.47985117115376,0.0125555264158192,0.0009785709981924,0.0005247953767347,10.6616905393464,44.0381815829125,15.0,3226.79247441586,126725.0,2,29.9496217256952,5.49326859864702,1184.03977951856,94.5770584950883,2472.11629829086,127.239229273364,409.467181131277,0.0357614268370157,8.5102377976825,8.40652839365949,1.18068889141622,6.21727196758792,4.68271328642233,0.20747167184751,0.0100655524409147,0.0055938231342514,13.2921524866904,44.3257110702337,15.0
2.90625,30.0248682886023,17.9243483593794,1169.87064036597,100.990175819855,2433.27872503917,125.608078136713,403.500536277791,2.24015477276309,11.0992227250928,8.30165125387869,2.15774976380138,6.5268224797842,4.50786150109078,0.0150717596088825,0.0011583940822691,0.0006232298808986,10.7030283559729,43.7605907861621,15.0,3207.75655981924,116715.0,2,30.0029227536441,5.54379683110693,1175.63479359604,94.4776033272023,2453.45423822556,126.2265767114,406.082618573643,0.0307969271534162,8.53211713322481,8.51879642784738,1.20628619911757,6.23747654151634,4.69201947877957,0.209203485903968,0.0101311246652577,0.0056301266007042,13.249953533799,43.9729069788508,15.0
2.916666666,30.0106344665891,17.7575540139421,1176.53330262657,104.967524733327,2447.51858942538,126.284549949928,405.54332419401,2.17167052036532,11.0891942891378,8.43234733052263,2.14236476165689,6.72617417909793,4.50460971818698,0.0163524099530589,0.001243154393267,0.0006684310290753,10.6964391175898,43.9957840657221,15.0,3228.6323062462,111860.0,2,30.0087544174161,5.44011964324526,1174.02742398881,96.0551573883776,2450.83115715102,126.034184491923,405.372822401995,0.0288570388967329,8.40219116692777,8.65289023114988,1.18630918894945,6.31114678759012,4.70543573822202,0.209192178675896,0.0101324077057782,0.0056397470487991,13.333554748219,43.905629501309,15.0
2.927083333,30.005945014088,17.4812437774088,1181.37122842756,106.619529878776,2458.30699392909,126.801123099789,407.05398858542,2.14935813082305,11.1405374526729,8.45050770088221,2.11499852576814,6.80748304894325,4.49583017482025,0.0168180802951519,0.0012721535081802,0.0006832007764764,10.6940623562445,44.1751764728603,15.0,3243.24603029512,108625.0,2,30.0068183355544,5.34151557173657,1177.83342104672,98.0582604013063,2459.38451936447,126.424125349918,406.516790235354,0.0278878831205388,8.3312419369637,8.74419761226452,1.16520325367049,6.41249897619497,4.70944566544211,0.209220428843116,0.0101343378165951,0.0056491409567996,13.4093929244701,44.0410374906278,15.0
2.9375,30.0764172964668,17.1421569582689,1194.51736199003,109.455983814332,2491.05098914637,128.480364687627,412.279892280784,2.20220803833506,11.3316498227584,8.33293774437356,2.08051996293384,6.85252717063357,4.48326976613118,0.0154552221565362,0.0011687298496901,0.0006245461052929,10.7142152822961,44.7597162044945,15.0,3285.40823109272,85415.0,2,30.0453557940757,4.84345712554329,1184.5408873924,99.4168958356775,2475.91098252386,127.226571251517,409.02817833096,0.0236554761512237,8.16563524422221,8.79214697312008,1.09110459384381,6.4530156923508,4.7263450480459,0.21126288710601,0.0102122342277816,0.0057389396650824,13.6671153245814,44.3200243107533,15.0
2.947916666,29.9090223764988,16.5703541416328,1182.12019899761,104.565691419574,2457.51461117916,126.710234037335,406.483617413593,2.19962162566192,11.2988338812074,8.21111413964745,2.02077005510779,6.78381883880407,4.45198978223625,0.0155320543291197,0.0011885122056383,0.00063790171961,10.6592489891672,44.1424109146281,15.0,3241.15257297143,124840.0,2,29.9456224198036,5.30385275721282,1186.57894026565,99.0522656011924,2478.9402257351,127.391999363169,409.372061542315,0.0328050183437679,8.46350408960544,8.59700571942621,1.13662282308043,6.46387479746145,4.67442709846654,0.207323516650307,0.0100611296252635,0.0056066446135275,13.4202292140586,44.3770655628829,15.0
2.958333333,30.0324230788429,16.2271434868167,1172.69723389478,104.492102147388,2441.54745208337,125.830114718384,403.575365817137,2.11208383308315,11.2057128365046,8.22428450960939,1.99018471011662,6.71354847922176,4.48513846463481,0.0177783168084967,0.001344723880224,0.0007240032529513,10.7084149669371,43.8351200053583,15.0,3218.98304149982,112700.0,2,30.0056706465383,5.18933068277648,1178.88647050522,98.2227278610998,2461.72090329881,126.467055432488,406.245145003136,0.0289663708659493,8.60028594971141,8.54647923548181,1.13938678726314,6.44606974083986,4.6726438880915,0.209691814035044,0.0101488649895942,0.0056693665344709,13.2876125891667,44.0542724659415,15.0
2.96875,29.9897102917463,15.4677922210706,1175.86341638937,107.248163485049,2446.91005519945,126.033388837845,404.114095015276,2.0597121268299,11.1358592723882,7.99245401974381,1.91553691318318,6.88631549602785,4.48337444297185,0.018875218010645,0.0014185511840436,0.0007645556190894,10.6919984885065,43.9053279289142,15.0,3228.05583514193,116715.0,2,29.9951375243273,5.08515875997389,1175.55217697535,98.9327005910146,2454.86008291179,126.068882091152,404.856678370405,0.0296851578823926,8.58808604282213,8.42342837738072,1.11525001683245,6.48268535336354,4.67259196958543,0.208780682327687,0.0101150128921381,0.0056571280432197,13.2280583576524,43.9150042659738,15.0
2.979166666,30.0194540291611,15.0026306076857,1180.7160979149,109.128161771328,2458.90631403542,126.601483442771,405.801748094019,2.0409781420323,11.1572385399507,7.76745737533019,1.87039603347375,6.95471720407067,4.48554840492897,0.0191279024712314,0.0014308389984993,0.0007703849451814,10.7011027483175,44.1026644760639,15.0,3243.94235230088,108690.0,2,30.0117476407287,4.89955153607677,1177.79958184993,100.554318949506,2459.88623279333,126.275185660201,405.411946589399,0.0279396624295922,8.55321061673273,8.2442013493955,1.08363437459014,6.56550902507416,4.67840228210879,0.209447828917077,0.0101404712709789,0.0056884217104728,13.2385015790741,43.9863098439034,15.0
2.989583333,30.0320749263442,14.6116410965473,1189.14974972929,111.161400263614,2479.1208512761,127.612501152074,408.892390555266,2.08049119079043,11.2799703226926,7.52068630903257,1.83097085493713,7.01175026338014,4.47165097146288,0.0175756689677233,0.0013178988109361,0.000707151804822,10.701297309851,44.4544915743677,15.0,3270.29353841303,97145.0,2,30.0240678769919,4.62947635072532,1182.83132394113,101.779315412719,2472.06277461447,126.856546134732,407.19075435758,0.0262062595913253,8.47905219315137,8.05495671604258,1.03660670430029,6.60777768052311,4.6840847631781,0.210389171650555,0.0101761892884727,0.0057336622930371,13.3581684038736,44.1883056535489,15.0
3.0,30.0232572387591,13.8253018058333,1197.06786211602,111.200450494009,2497.94578840067,128.571252534847,411.829113663216,2.17593995088086,11.4492985399598,7.26636747880996,1.750564402683,6.98018171245952,4.44711748893464,0.0150254749797883,0.0011377396590173,0.0006081245469087,10.6938792023368,44.7883232550728,15.0,3293.55209284787,89575.0,2,30.022827969093,4.33595017774638,1189.5654708701,102.188191020667,2488.16723314069,127.659289500941,409.688362030623,0.0261361334487346,8.45883439645187,7.84374991351207,0.983072901518524,6.60426041446282,4.6793132820478,0.210959087309704,0.0101970679187597,0.0057722839132287,13.4863513223639,44.4674963682996,15.0
3.010416666,29.9974292628746,13.404772266118,1199.4983865666,108.89969248922,2503.87164345745,128.865680521978,412.686900002576,2.29286976574094,11.5673339569699,7.10012067424268,1.7062920587233,6.86477446254522,4.42528186422969,0.0128435760193238,0.0009860055883423,0.0005260664691483,10.6826654651227,44.8908997025987,15.0,3299.03490205532,90780.0,2,30.0068515863664,4.20127507670816,1195.08738059371,101.360110097619,2501.18274629299,128.323841296814,411.734880764426,0.0283418891569037,8.56756535405453,7.61810073016824,0.954682735912652,6.54795397525309,4.65893569458706,0.211003715922423,0.0101968423165011,0.0057833992309797,13.5044723111166,44.6986552925234,15.0
3.020833333,29.9973387735539,13.4017114587172,1198.16317471885,106.291818367228,2501.95146206594,128.743786671529,412.26611383093,2.38953496547133,11.6027779022664,7.16680715074084,1.70452552916256,6.73315288374967,4.41853882038414,0.0115262152345132,0.0008948040831292,0.0004773817186771,10.682391588584,44.8486109234798,15.0,3294.19872493347,92805.0,2,30.0003506744455,4.16427801946003,1197.42198007457,99.6601958207171,2507.04365916788,128.619786183187,412.607748148184,0.0303702910348162,8.72454513970328,7.49060939714858,0.950651556193169,6.45604567664815,4.63736936225196,0.211370923471749,0.0102082811313258,0.0057931233354412,13.4467632282327,44.8015791300861,15.0
3.03125,29.9519876095518,13.4723919508129,1186.20616660381,102.757179539681,2473.99309666337,127.252539907231,407.50149042678,2.38468780784514,11.4697211949251,7.29073433908835,1.71102494916395,6.63063021570427,4.42423507983095,0.0116534077854097,0.0009116767722263,0.0004885259127493,10.6705287177533,44.3294048969199,15.0,3256.52990852835,113565.0,2,29.9657983684536,4.39978717836823,1193.41071305691,97.5233723188399,2497.85646242422,128.137218468936,410.963914150526,0.0362833323350542,8.97773794350328,7.45291337289893,0.991814007596427,6.3682678063743,4.60648318967179,0.209257999329651,0.0101265141851465,0.005719971263295,13.1866324547588,44.6335916165973,15.0
3.041666666,30.0220214642626,13.9932932975326,1180.78970746747,103.131992090672,2464.80180179358,126.724818165126,405.810049732997,2.32366814088143,11.3489591155486,7.65461367332891,1.76512160427788,6.61224878099407,4.4518578750408,0.0123928146335974,0.0009638277588642,0.0005173869403029,10.6970505365048,44.1459563168248,15.0,3244.053244175,106830.0,2,30.0040890812264,4.46160659515073,1186.03264754199,96.3968975873207,2482.22747249662,127.285664719706,408.189036138384,0.0330960503393027,8.99858270717228,7.64704961481625,1.01390178272311,6.31964791461374,4.61454387899709,0.210595312334873,0.0101766790485154,0.0057460778499007,13.0895634328728,44.3373094846989,15.0
3.052083333,29.9853284806193,14.6345542610414,1180.88814296955,104.154943321066,2463.815293106,126.619497027179,405.438273274877,2.28142502517305,11.2691568022104,8.07263122356673,1.82964426460833,6.69470989906878,4.4552442256285,0.0128885478497705,0.0009996006039733,0.0005371287079279,10.6835080978594,44.1096644971137,15.0,3243.76936064684,112980.0,2,29.991999446917,4.66714291028077,1182.13945449286,96.5545144095682,2474.29282884292,126.821042725072,406.666791600312,0.0335071481231184,8.91415068535182,7.97561767467277,1.04456266049989,6.33083642944036,4.62318381300555,0.209731750192818,0.0101454144573683,0.0057092072508938,13.0683744210041,44.1759020158594,15.0
3.0625,30.0014956787764,15.5036008763973,1182.31345049688,104.773649497208,2467.11126906351,126.748289667509,405.787812607632,2.2309767691507,11.250909756195,8.68429151588566,1.91758282667553,6.72827494379113,4.462659569967,0.0137040736387334,0.0010578454000204,0.0005687653234855,10.6900495499952,44.1548016501546,15.0,3248.16695473717,112260.0,2,29.9984784763647,4.87379525326463,1182.03664792729,97.2787736024767,2474.15704647309,126.750785618289,406.389664099705,0.0316090725306568,8.81569130501568,8.46543580724695,1.08097568036432,6.37807147200856,4.63634619000727,0.210019710354425,0.0101575331088115,0.0056997204642098,13.1052729116137,44.1518607134652,15.0
3.072916666,30.144840589969,15.6388945039979,1203.17746742358,109.571858662103,2518.65878399266,129.391768689863,414.149316237048,2.30672927489132,11.4771970986317,8.65208897373116,1.93141622003122,6.81318209105214,4.4628988995177,0.0126688875943807,0.000972378531433,0.0005193616138651,10.7347921604518,45.0759445824595,15.0,3315.01885469078,74235.0,2,30.0732797358555,4.32897428156327,1188.66050366662,98.3543613623573,2491.40385917385,127.564865178948,409.028043033976,0.0230054199771562,8.46846973246091,8.85331003283223,1.00802618995202,6.39248320268126,4.68032997319843,0.214139784670502,0.0103143207434176,0.005846056161876,13.5227776445914,44.4355899736415,15.0
3.083333333,29.9949150970319,14.9982633284011,1215.18444303791,108.292259801847,2544.42086461201,130.732836776376,418.367158117366,2.50179021458459,11.6944584055989,8.24701463946264,1.86147963073362,6.75179831474281,4.40542627561684,0.0105044319177806,0.000817061335481,0.0004346933924116,10.6763483493441,45.543317554587,15.0,3346.90565992507,75165.0,2,30.0311870156732,4.08308430499051,1199.83691614452,98.414719285116,2518.17788624873,128.920113285789,413.411588294785,0.0257569392436114,8.27387121845168,8.84469565014992,0.944460454243505,6.3567387136202,4.68293080165946,0.212909677039412,0.010269945094839,0.0058408781253131,13.8404081862018,44.9075859444462,15.0
3.09375,30.0005756440242,14.5239502936307,1218.16886863693,103.081878727758,2552.24735752816,131.16692450879,419.732282788859,2.65939988837027,11.87960187734,8.08778179562334,1.81011601482845,6.48536127300448,4.38147758177882,0.0094519097049609,0.0007431753810104,0.0003948560909805,10.678067655891,45.6945260463222,15.0,3352.56887867762,75275.0,2,30.0138768719579,3.94425346599089,1209.41610282193,96.7005879355455,2540.19501605437,130.066684652089,417.075089199546,0.0278040018035449,8.3802994735872,8.67342499485164,0.919620797661453,6.25580980220955,4.66072594362924,0.213380047851571,0.0102854281548515,0.0058626706772047,13.9170249853803,45.3067894759665,15.0
3.104166666,30.0153797001869,13.5836258642593,1219.50446259934,99.4657291224563,2556.93563228995,131.431968377194,420.5886858129,2.77029350791619,12.0051285680313,7.62586965872504,1.71256623522296,6.28347995814929,4.36505138925243,0.0088336433026519,0.0006990145942291,0.0003709852847629,10.6825991252213,45.7867477543925,15.0,3355.28491946718,72480.0,2,30.0137611769072,3.69885048683683,1214.55129067562,93.6710885989779,2552.54281587468,130.734511872823,419.216346016354,0.0289112533528903,8.5489543555587,8.41439899930704,0.881869507268026,6.09083524822069,4.63701793482309,0.214568932593882,0.0103267164831004,0.0059108800569876,13.9198638685085,45.5391257742678,15.0
3.114583333,30.0161834624729,13.4386889102036,1221.45595255492,96.4759646333315,2562.75978442267,131.756597201608,421.662320163938,2.86834547753922,12.0896272286815,7.63448865167403,1.69451811341391,6.11553739811602,4.34979730358763,0.0082966715340896,0.0006593711234233,0.0003495334083096,10.6813228048396,45.8997103437836,15.0,3360.00774699018,70280.0,2,30.0143094279253,3.54139431938927,1217.67623806993,90.6277989615809,2560.51499524528,131.185069469047,420.687687335035,0.0297572924362478,8.70324481261664,8.18240617894085,0.853334371786846,5.92370861826375,4.61508751344795,0.215721162927861,0.0103669110784406,0.0059508418589468,13.9014885434044,45.6957297379512,15.0
3.125,30.0488516339279,11.7467810200538,1223.18459586041,93.8901512745923,2569.13121004938,132.117811458929,422.886921910886,3.00531392764861,12.1868476341098,7.06295413667922,1.52181661565777,5.94305615463541,4.33906215655024,0.0075831601390246,0.0006035342945648,0.0003191913975326,10.6901742368325,46.0254898258077,15.0,3365.427135285,61725.0,2,30.0298643115886,3.1847386386234,1220.37256649392,87.7602985269728,2567.72105904949,131.598843507444,422.091495201958,0.0291558897294339,8.77657484157426,7.93943098219639,0.79262397478823,5.76258749833177,4.60361382231497,0.217409989111651,0.0104273712641118,0.0060243133297438,13.946262838492,45.8394703234245,15.0
3.135416666,30.0100695919878,11.8339463445054,1218.52508054674,90.1771749088895,2560.52741344012,131.712927360598,421.705202943156,3.16654419407649,12.2435028608669,6.55876856278332,1.52581003507851,5.7400959506742,4.3201578852402,0.0068733898526121,0.0005476598384427,0.0002890277584302,10.6741766944548,45.8844847600742,15.0,3351.39921296968,61720.0,2,30.0203855871629,3.06507665954192,1220.39850456963,84.7349733283698,2569.07009227045,131.725167599963,422.606033109585,0.0314938480213035,8.87092414260133,7.54263779231103,0.760902272532,5.59154792662497,4.58534949731245,0.217903465830167,0.0104437168651372,0.0060462916570744,13.9447513175654,45.8830693660371,15.0
3.145833333,30.0379212996608,10.9562161008748,1217.91002605133,87.0208244744129,2561.06768686593,131.785105824115,422.091904983875,3.33031612185959,12.307259216613,5.94780566696363,1.4339312879044,5.55160072050742,4.31413463003521,0.0062919550734657,0.0005003336559998,0.0002634686102666,10.6824798733353,45.9097460636307,15.0,3349.33897069747,56370.0,2,30.0278031498171,2.86351354115084,1219.35895342488,81.6864256952312,2568.08533743821,131.730298607337,422.762473479257,0.0316458959299433,8.9472790662698,7.08473966421634,0.727654079847391,5.42056780105035,4.57256651090827,0.219123035361405,0.0104872049085725,0.006094811641165,13.9583779405304,45.884537797079,15.0
3.15625,30.0189587627465,10.183455380397,1216.1358889623,83.2423025701445,2558.39489808178,131.699468370495,422.019125469651,3.49265670318585,12.3362661213817,5.42622904377626,1.35187134697915,5.34611229375594,4.30433178751687,0.0057903328478622,0.0004582950649553,0.0002407933617268,10.674192380244,45.8801293755446,15.0,3343.02885962243,54905.0,2,30.0238746293999,2.68996353429016,1218.24562835442,78.5501482390075,2566.67236218632,131.72496320829,422.923080011514,0.033711953342712,9.02692224477036,6.58818587313208,0.69221319843262,5.24659095799265,4.55874276748104,0.219573296650582,0.0105023302758387,0.0061223621062418,13.9493625552358,45.8824314624238,15.0
3.166666666,30.026521923284,9.76226756178049,1215.36248724309,79.4957514626443,2557.7771754463,131.726547622958,422.346943901413,3.63958074296312,12.3537646491881,5.12891082885916,1.3053056105672,5.14123518532317,4.30198022303254,0.0054098647650208,0.0004254603398458,0.000223075953898,10.6757342794674,45.8898555790844,15.0,3339.44907094162,52240.0,2,30.024773028217,2.54768078749513,1217.15596942108,75.3503412200182,2565.04671673956,131.716594871227,423.10453971446,0.0347177565351998,9.11502172011369,6.13661126270052,0.664441773261566,5.07158670666784,4.54624307885634,0.220231800623416,0.0105254143337268,0.0061522354586209,13.9208958493027,45.8793800788336,15.0
3.177083333,30.0251768250498,9.38533701068133,1214.91385005119,76.032148848035,2557.50363900766,131.775465232176,422.784391262991,3.77180012901453,12.3494038208214,4.86372615991127,1.26312862518267,4.95296405906459,4.30150114472957,0.0051040110582328,0.0003982581285376,0.0002083879920774,10.6741331529378,45.9072679210067,15.0,3336.68757174229,50000.0,2,30.024779308748,2.41959999854919,1216.30073328234,72.1998595130897,2563.70800426275,131.727589670351,423.384820867207,0.0356708241073619,9.17845157722657,5.76674777300504,0.640011852398696,4.9009008892463,4.53723863701968,0.220749393465014,0.0105436371939041,0.0061778700879439,13.9000215871256,45.883184480655,15.0
3.1875,29.9823431496696,8.84126895765767,1207.8508278894,72.1368534408562,2542.12870455464,131.049904448379,420.754613034141,3.85293956040153,12.2892092737247,4.46710597049373,1.20429745514822,4.76104540317381,4.30026061492348,0.0049182177544655,0.0003823077512313,0.0001997465271584,10.6589145915487,45.6548915804167,15.0,3314.68184621088,55950.0,2,30.0060781508951,2.34965396317626,1214.0383443977,69.1178163439998,2558.97118977479,131.575865748734,423.142246335425,0.041909548046003,9.33428745022795,5.36965996448219,0.62963803043583,4.733233630378,4.51860216182874,0.219425018618051,0.0104937387546836,0.0061516714242871,13.7553262559186,45.8304726611515,15.0
3.197916666,30.0342343219158,8.91409316300273,1203.6701142475,69.2959655653687,2533.78069977192,130.691769474445,419.91855190869,3.92099995161107,12.2399359925769,4.50365607724112,1.2086633583766,4.59957833229923,4.31649942949319,0.0047760692090895,0.0003703619672516,0.0001932597964459,10.6771805015127,45.5305263237566,15.0,3302.16572046876,52060.0,2,30.0178367672817,2.26814048915353,1210.47604965192,66.2458997184081,2551.32449901691,131.275008168215,422.437483366927,0.040870867864184,9.47477781493212,5.06493170126971,0.618314778290731,4.57636773589779,4.50872878966041,0.220112789257968,0.0105184374409974,0.0061767868418873,13.6179764326817,45.7259449152026,15.0
3.208333333,29.9997821966458,8.96793416965004,1204.1024352687,67.1477885492477,2534.18033266499,130.785525192414,420.557893137307,3.97900918758134,12.1423794463521,4.52127007264829,1.21045302527822,4.49209469298568,4.32278855346938,0.0046226302144438,0.0003572844355254,0.0001861860988203,10.6643304780758,45.5636200565214,15.0,3301.75319615189,54615.0,2,30.0100960968277,2.23251859748841,1207.3018407126,63.7572153036,2544.38959485931,131.009411628578,421.873590078542,0.0442281316049543,9.55051886799912,4.8976445390908,0.613852820839416,4.43966304905119,4.50259482560183,0.219554947334282,0.0104974698982224,0.006166397113622,13.5070033424029,45.6337704206939,15.0
3.21875,30.0064595129499,8.89755341576463,1203.70494038777,64.9528137529887,2532.87881468935,130.798248757255,420.948199844477,4.02398914958982,12.0401816431696,4.52009530430352,1.20065575424898,4.38030295057068,4.3383626414582,0.004503395133685,0.0003479345432346,0.0001811117512705,10.6666164071335,45.5684768035883,15.0,3299.13862067658,55910.0,2,30.0084974829925,2.19469438146279,1206.18615859649,61.6880016930072,2541.59856120435,130.959162095352,422.010439018113,0.0465225314180125,9.62884308330245,4.79267178844588,0.612047672202665,4.32690809696019,4.49908003294783,0.219049129049239,0.0104785288074554,0.0061576592034762,13.3731870684537,45.6166704238481,15.0
3.229166666,30.0012185072389,8.95844023833853,1198.89102552583,63.1087251734138,2521.99355287855,130.31806390979,419.759179422397,4.05580540570298,11.921331174257,4.49392570604266,1.2042020528321,4.28385938634303,4.35455372615232,0.0043937479864698,0.0003399558361215,0.0001767721403282,10.6647384563057,45.4015905697461,15.0,3284.6041031098,58230.0,2,30.0053099255808,2.1772058995336,1203.81397106604,59.8523204931387,2535.99356539073,130.765549674372,421.696778849082,0.0494250155151709,9.69135648233401,4.71522814489295,0.612820526129764,4.22565949581074,4.49831499796109,0.21830015623549,0.0104507909502891,0.0061408800761907,13.2319255317342,45.5496446996486,15.0
3.239583333,30.0165880516284,8.88143620598441,1200.14683945902,61.9126822773779,2524.04706840007,130.511596813158,420.746438709857,4.08816468909822,11.8141320847738,4.47706291582787,1.19437005232863,4.21873083563525,4.37430384487412,0.004281430567139,0.0003317816270154,0.0001723064913915,10.6699076726954,45.469400437786,15.0,3287.12551957295,57390.0,2,30.0104526934608,2.13688848078428,1201.75603589777,58.3507506616186,2530.95881021811,130.601202298945,421.493743292401,0.0498375453432198,9.71146061455278,4.66086229074773,0.608789143854448,4.14222638155796,4.50406943638274,0.218195729801496,0.0104469823537315,0.006142725683663,13.1245408142952,45.4927945165986,15.0
3.25,29.998844311583,8.87464279934144,1200.69646079777,60.8473681212005,2524.14019444617,130.608286010405,421.424538859544,4.11391503046783,11.704105666055,4.45205102841911,1.19137381196919,4.16670040057362,4.38892063517725,0.0041651378805055,0.0003235440103705,0.0001678090099762,10.6633580699309,45.5034496933771,15.0,3287.41522344635,60045.0,2,30.0052494131488,2.12575723210114,1201.30289419278,57.1757217292781,2529.15325246186,130.607128421006,421.84977206503,0.0528958179842761,9.71591424385449,4.61169062499735,0.608197843358507,4.07717890197449,4.51023868484062,0.217272362327565,0.0104132534880324,0.0061214330073476,13.0211740908613,45.4952504299548,15.0
3.260416666,30.000532626556,8.87174580027184,1196.76873202403,59.7320943590573,2514.77927214025,130.221688684512,420.535154615082,4.13182971908554,11.6100926028669,4.42388304542255,1.18921945632193,4.10753301127559,4.40612965471571,0.0040597564730005,0.0003169549231637,0.0001641858751927,10.6639991264441,45.3690878889483,15.0,3275.55452228391,62195.0,2,30.0032666958265,2.12320744962532,1200.07652225847,56.1942689311136,2525.57541343114,130.524167015086,421.917121532431,0.0554235057877371,9.73097305328729,4.5613447647298,0.611150679450418,4.02183125819025,4.51694793257597,0.216294219475938,0.0103775845092129,0.0060980092849387,12.9079183719336,45.4667483934028,15.0
3.270833333,30.0379392403232,8.83271523060932,1200.44590804189,59.4892248239848,2521.96867407845,130.696596580254,422.431589232433,4.16908156726511,11.5601135070078,4.41167200254387,1.1837757431994,4.08223621852915,4.42555187953079,0.0039273502504021,0.0003068356340836,0.0001586212746597,10.6765916910255,45.5348686682763,15.0,3285.42514606897,56615.0,2,30.0189521349779,2.06576485632129,1199.28469953645,55.4208260063995,2522.96161022552,130.490767130908,422.163492521263,0.051560287860769,9.68497517589395,4.53727001175892,0.600615198083926,3.97746140313904,4.53226059378867,0.217362302769295,0.0104172601811778,0.0061310159789828,12.88113423897,45.4554275258291,15.0
3.28125,30.0083056974982,8.77664524615987,1202.27732059883,59.0325886743346,2524.6403384043,130.940529535173,423.592238907089,4.21155888429154,11.5131595809989,4.34710944681954,1.17580530548959,4.05560295874234,4.43202225866419,0.0037731035178499,0.0002941835039875,0.0001517333876405,10.6653020127655,45.6201921331425,15.0,3289.57740618965,56850.0,2,30.014306105869,2.03856791969143,1200.49171114146,54.8516255549216,2524.48809139528,130.675680400971,423.132070173279,0.0526508650177148,9.61386282857507,4.50711507585887,0.591889233975378,3.94499663727283,4.54548593414928,0.217233161148751,0.0104130197396208,0.0061312989372005,12.8886135413296,45.5201056681976,15.0
3.291666666,29.9942046820057,8.75080165742664,1197.780373401,57.8394913625449,2513.7834262108,130.489138354799,422.497054584725,4.24107338320446,11.4776542937998,4.30868666147697,1.17119359286334,3.99421350889469,4.44030262386956,0.0036442389540021,0.00028497472717,0.0001467091115973,10.6602451150478,45.4632399796214,15.0,3275.88954292012,59885.0,2,30.0050697614742,2.04377737835457,1200.21295916318,54.2437408838774,2522.72047709448,130.69540143859,423.55569118605,0.0561166582188673,9.60511195059693,4.45319192058638,0.59385565113148,3.90951395252428,4.5523806177423,0.216044222753176,0.0103698357246907,0.0061019997717019,12.845056264427,45.5272766882912,15.0
3.302083333,30.0010276689644,8.80487946075209,1192.09067184676,56.9339260124129,2500.49335227178,129.913269676803,420.986664591112,4.26031768587904,11.4504201837087,4.29511823859143,1.17508654837078,3.94387252815248,4.45159827060734,0.0035281821162382,0.0002775795713322,0.0001426421380823,10.6627377444165,45.2628801900304,15.0,3259.26057344168,61490.0,2,30.0030584479388,2.05076767757225,1197.58776420816,53.5478500555956,2515.93174074478,130.458093334314,423.134159257447,0.0582129070922493,9.63644082720533,4.40216511178812,0.598416160820385,3.86818843505516,4.55734780754907,0.215208726550668,0.0103393480014436,0.0060809667075277,12.7741363504348,45.4449378923508,15.0
3.3125,30.0303034770943,8.85542614860722,1195.19840898593,56.9058776620386,2506.0953011787,130.319708069965,422.662932813962,4.2938743885346,11.4433329492024,4.30822243008644,1.17891225913585,3.93299436044556,4.46465669815233,0.0033918826374463,0.0002671939666113,0.000136942847075,10.6725795383703,45.4047547030817,15.0,3267.44023756025,57095.0,2,30.0151950390881,2.01618146349257,1195.58928699245,53.0022880343175,2510.52999969196,130.291480899728,422.951052867153,0.0549295452143648,9.62508153142464,4.3849366512393,0.592513676955721,3.83526645339696,4.56829134302117,0.21619681941633,0.0103758211567276,0.0061091976217918,12.7645549232616,45.3871669285941,15.0
3.322916666,30.0027596854733,8.90269281593986,1196.7313327238,56.6862428454402,2507.86635133548,130.52747744183,423.704167130157,4.32893046422465,11.4238575383556,4.35276270562492,1.1818129238355,3.92136008939912,4.46801905617688,0.0032435479336326,0.0002552820003993,0.0001304727595598,10.6622040083212,45.4774193731558,15.0,3270.7447431374,58120.0,2,30.0097080082571,2.01206266149952,1196.0708823243,52.661641228201,2510.29774321164,130.395157339708,423.653130166482,0.0564555583595343,9.59653075912657,4.38862420400583,0.589807062674257,3.81490960883881,4.57685844156458,0.216104061377794,0.0103724740566489,0.0061072843199164,12.7711256525759,45.4235168031702,15.0
3.333333333,30.0069083626723,8.95224489738703,1194.3399075319,56.038475179529,2501.51663253736,130.315821963248,423.383461892354,4.36117614185786,11.4154815402881,4.42611713171262,1.1853401993048,3.88465928245204,4.47606528642338,0.0031114274036679,0.0002453773635848,0.0001250766695664,10.6634145364613,45.4039425678978,15.0,3263.24868125422,58280.0,2,30.0084769471493,2.01096786974573,1195.80428232093,52.3121195983645,2508.43289593763,130.415362192794,424.080724505062,0.0571334886844451,9.59243104295482,4.41354279583306,0.590745203207425,3.79382468416355,4.58375501626142,0.216046332195132,0.010370265395642,0.0061057876646638,12.7617721475604,45.4307717036526,15.0
3.34375,30.0140436627004,9.08737306042183,1193.76431075236,55.684531313953,2499.04290987852,130.305984167384,423.720411124215,4.39364470360303,11.4104455888987,4.48636739222809,1.19750590795821,3.86130648897492,4.48408036885927,0.0029804476258707,0.0002353218953595,0.0001195837616573,10.6655919240333,45.4007744698398,15.0,3260.9391912797,57045.0,2,30.0109185243823,2.00455244472454,1194.92992017838,51.9223108834869,2505.30237132119,130.369883067363,424.298634001197,0.0564116913716355,9.58111047067165,4.45817120662886,0.590109465857874,3.77059942811911,4.59168593029689,0.216533348644542,0.0103879120298365,0.0061180978396118,12.7657024831975,45.4151025750649,15.0
3.354166666,29.9787205667206,9.18370328129174,1187.85902264095,54.970317148755,2484.74940122284,129.680043889222,422.043088480053,4.40645528429125,11.3809732427942,4.5614978523729,1.20560649046566,3.83104370067783,4.4864966845325,0.0028684227621233,0.0002281371432798,0.0001156645335754,10.6530703263545,45.1829140064166,15.0,3243.36359054118,63520.0,2,29.9952137762338,2.05370435971538,1192.97131211472,51.544769708927,2499.76260831489,130.20200931064,424.102619774229,0.0627839634421431,9.61922081529514,4.49845234823578,0.602286427932907,3.74726779503157,4.59199556998009,0.215060959652753,0.0103333894855588,0.0060758065144504,12.7074735243645,45.3568250449414,15.0
3.364583333,30.019100496119,9.49469456107442,1182.72199679493,54.6827012816266,2472.82875374632,129.179292560102,420.759490953989,4.42236658304478,11.3767001695614,4.66384494439798,1.23612413078774,3.80654532437002,4.50036762463143,0.0027676998615419,0.0002219900015842,0.0001122327229034,10.6673057811786,45.0086315035546,15.0,3228.88565013039,61115.0,2,30.0063981911954,2.06885412286011,1189.17319338108,51.1911090894317,2490.41995513024,129.832708612599,423.241531914863,0.0604651371467592,9.65457618204433,4.56476488263331,0.610196070967171,3.7241848263627,4.5975573089131,0.215743578548985,0.010357951751664,0.0060903562183121,12.6648404269205,45.2283468815495,15.0
3.375,30.0106560168337,10.4466762560288,1187.04043849691,55.1452400181616,2480.45730084427,129.698142435876,422.798114246392,4.44550103199775,11.3657791764011,5.15825319659228,1.33022241195669,3.8298676407742,4.50531859773917,0.0026459970393518,0.0002126266977351,0.0001070915725037,10.6637723304824,45.1895911188018,15.0,3240.24662037031,60380.0,2,30.0086694761415,2.13954930243362,1186.84974900255,51.0380841317948,2484.33960202035,129.626600081002,422.920536085332,0.0587239556990667,9.61977943264823,4.75574758269864,0.624724833990225,3.71254098336482,4.60703479120984,0.216869552192877,0.0103985432673095,0.0061093253754803,12.6861741487131,45.1566488419954,15.0
3.385416666,29.9504399300585,12.6295159647027,1177.70040797614,54.4124131548567,2458.2901346958,128.661576613633,419.735525968493,4.42702359218765,11.3213451938416,6.13293295474738,1.54730586495116,3.81405107626658,4.50398983682487,0.0025861220023885,0.0002119747936205,0.000106673551814,10.6429634935046,44.8285473854859,15.0,3212.7214543458,75200.0,2,29.9767930460881,2.49909936706464,1184.92620726767,51.0510529056357,2479.05273724613,129.451807348374,422.661847665698,0.0674809396641266,9.62918332519617,5.23851119239924,0.701715967692701,3.71218189529484,4.60618910927907,0.215203932234992,0.0103357775503659,0.0060283433704099,12.6296775317451,45.0959138463925,15.0
3.395833333,29.912962076065,14.9261382734232,1140.86168767948,52.6121018679665,2377.03039846525,124.530750519958,406.468906085997,4.26188450033578,11.2261187660642,7.06813132269094,1.77768160760625,3.76759610704745,4.51302090975157,0.0028436077216234,0.0002498515109635,0.0001268208408758,10.6329332597031,43.3891740132348,15.0,3108.66976397392,111010.0,2,29.9290183965918,3.31769868045735,1166.59771337184,50.6650194907756,2438.71955692794,127.429353655593,416.250760029882,0.085860760633108,9.77984050985573,6.09839348135325,0.87595675882167,3.69651776251635,4.59243780649963,0.21010442490538,0.0101447041005394,0.0058210478411344,12.3669106844643,44.3916808494765,15.0
3.40625,29.9931150383478,16.6937240384686,1138.88700343955,54.8984400775004,2371.01462458834,124.341346149512,405.941937504125,3.97230615866383,11.2022899713721,7.89735532742173,1.95846001204123,3.90268774581212,4.53714519631472,0.0035866782325542,0.0003279856593871,0.0001675599895315,10.6625377560644,43.3228238450544,15.0,3103.80463170306,114740.0,2,29.9742962691039,3.90277153516655,1146.04000680658,51.2037056594293,2393.89888812958,125.152274589567,408.928047494113,0.0748682453308084,9.7615888712104,7.11000836387048,1.00788377969307,3.7353214895551,4.61323278853134,0.211103309369598,0.0101812441964714,0.0057908055454704,12.289039307996,43.5986843100906,15.0
3.416666666,29.9838724470077,19.6680716202815,1155.11995091647,60.1460475603274,2401.82804382703,126.07573952458,411.576848688011,3.67732383320999,11.2943539622674,9.09268572714633,2.2592965568134,4.21547817910239,4.53077155117302,0.0047392994125282,0.0004298189248699,0.0002202623013761,10.6590057455344,43.9265486178986,15.0,3149.00488435073,119750.0,2,29.982757256452,4.68817459361834,1148.59422081055,54.2580712706577,2397.61756472428,125.409294587538,409.819617616275,0.0629645989946006,9.08926028856363,8.22290973304391,1.1386495239768,3.91968015330794,4.63879548766983,0.212252820578729,0.0102266344742048,0.0057520216696406,12.4249432224885,43.6884204886769,15.0
3.427083333,29.9649885862455,21.8519299551528,1152.01116674388,64.0624136145385,2391.50648510748,125.650010415583,410.033343932893,3.34230215262423,11.4739587079001,9.93554093650729,2.48153228126958,4.46823371495551,4.51211377364567,0.0069496444822882,0.0006109118444087,0.0003148812890221,10.6549072331335,43.7773092974718,15.0,3140.28054683388,131570.0,2,29.9704026008691,5.64028234673048,1152.83234175719,58.3416259899279,2404.22961197639,125.812030684009,411.064853162147,0.0551205612025753,8.952175378181186,9.3342087497129,1.28573088919257,4.17124650156942,4.65325649162954,0.212105920265506,0.0102244151278484,0.0056737986818592,12.6261465684851,43.8287913488524,15.0
3.4375,29.9667987693634,23.7627296990281,1141.27221845749,68.0976410637071,2365.1522271903,124.352201913449,405.558944809361,2.97226979220621,11.6316210005667,10.8321506138009,2.67891228963194,4.73034626609133,4.49908540919905,0.0113245060525772,0.0009449838048419,0.0004914005183355,10.6615847379479,43.3237729701069,15.0,3110.81775480332,142235.0,2,29.9677749314586,6.67971919894236,1147.14270034041,62.4054866315761,2389.39411270128,125.086227494069,408.499681931835,0.0474448930659958,8.888393080693765,10.3574688145815,1.43172990383619,4.42792870689909,4.66061152217848,0.212250664283675,0.0102328306302579,0.0056012880034043,12.8155914161118,43.5756474802818,15.0
3.447916666,29.9657119978654,24.7603497756127,1133.42439897284,73.2415854054107,2344.05080675408,123.269398451902,401.765156330951,2.65079805983052,11.6545314405172,11.5622699071423,2.78799859190004,5.07372566892696,4.50035387250956,0.0193196007743215,0.0015132147676399,0.0007939623772389,10.6708998293392,42.944572095128,15.0,3089.02193850774,153410.0,2,29.9662282494989,7.63199360514962,1138.47382667488,67.030667974981,2367.4783861484,123.963393453836,404.56731217404,0.0421374802454031,8.822964248795039,11.2707196983272,1.55426183767625,4.72763955426599,4.66928127394615,0.212466070069791,0.0102436876823345,0.0055418324618254,12.9598755446557,43.1835785088365,15.0
3.458333333,29.9828987385418,24.6139841738435,1131.0470982674,80.1246759638082,2335.18987388289,122.770384526465,399.873713388828,2.43765388766817,11.5567278393638,12.126752780025,2.78485712238924,5.4907889739235,4.51833209419478,0.0317936580782643,0.002326413943458,0.0012264557488193,10.6880990652001,42.7678858787668,15.0,3083.83022393112,154630.0,2,29.9799297577437,8.01935019623999,1133.00772157285,72.7987112751471,2352.10644018104,123.137406451812,401.600507459581,0.0378173478506351,8.679915181429601,12.0100418228496,1.60210590069428,5.08885055410944,4.69107174788933,0.213442403928302,0.0102829800831938,0.0055400040084225,13.0846625323862,42.8939828377222,15.0
3.46875,29.9867285736004,23.2938439080289,1133.68054835912,87.9704239490054,2336.53217294933,122.768702607378,399.585901366054,2.30918190138533,11.4094425048904,12.1094486155156,2.6636931827459,5.96109389969872,4.53787270174193,0.047398610931628,0.0032623239916295,0.0017244178374229,10.6988807809462,42.763381486896,15.0,3092.47584803834,153600.0,2,29.9853338504047,7.86682618996783,1132.62279489478,79.5541416626278,2347.2052865579,122.831829778743,400.332745151393,0.0358277441732544,8.525096648460694,12.333561448911,1.57532683523066,5.49907159498339,4.71361237680984,0.214383811125876,0.010320443762679,0.0055730525365361,13.1476752015393,42.7844957146805,15.0
3.479166666,29.9859398872305,21.4073303025875,1135.70390673238,95.3704087786844,2336.36585388737,122.66184729618,398.947012339917,2.21428280275192,11.2436135763624,11.7074751804624,2.48514023573873,6.41164242917215,4.55745700631261,0.0641198243662715,0.0041962463050445,0.0022274357731265,10.7056553785498,42.7213154390203,15.0,3098.82775835516,153685.0,2,29.9853638449092,7.47210128070219,1134.53528712983,86.5345747380182,2346.58525133729,122.737284426345,399.741164659439,0.0353013169236429,8.42238437004286,12.1829635430695,1.51131027889544,5.92348926931628,4.72986569536998,0.215371727222479,0.0103586383540379,0.0056231357037391,13.1248147059579,42.747399729809,15.0
3.489583333,29.9896890595649,19.9218289430578,1137.63849039768,102.495960659284,2336.29523336727,122.538762443341,398.260462548948,2.12704577580757,11.0799040767944,11.7506650305661,2.3465890571681,6.83864935248917,4.57725842731178,0.0791187017252546,0.004989549399006,0.0026656575697108,10.7115853820515,42.6730604826599,15.0,3104.92647742439,152700.0,2,29.9882952676239,7.11950624445434,1136.38664857928,93.3009700584752,2345.76256038548,122.612912872814,399.051486021644,0.0345610401696286,8.337567728995511,12.040734342874,1.4505959963371,6.33336365008287,4.74429369504659,0.216491600820048,0.0104011242576913,0.0056737973668729,13.0725379645655,42.6991249534769,15.0
3.5,29.99646797456,18.6846344211471,1141.07906243339,109.624437955925,2340.05595777645,122.603484022502,398.18941962409,2.04083332418556,10.9516027874689,11.5402224126365,2.23265682154146,7.24601500314515,4.59342201653212,0.089434799287052,0.0055176072869834,0.0029683714838582,10.7165017769215,42.6901063580057,15.0,3115.68185112778,148950.0,2,29.9942861087978,6.79882572651261,1138.99501811265,99.8893860454213,2347.07720499607,122.577576302055,398.663116681224,0.0330782244986403,8.23497783758185,11.9156620803183,1.39569118154618,6.72147238061404,4.75993292919386,0.217232776950283,0.010429660066783,0.0057148130229474,13.0516436913578,42.6815334041568,15.0
3.510416666,30.0310977728503,17.3275245610058,1150.25355804851,117.832272811267,2360.01065219983,123.531007880918,400.900307864349,1.96738110108073,10.9515176385766,11.0486752833228,2.10471894383487,7.61121712600847,4.59848029425103,0.0922138295169892,0.0056664733153617,0.0030632051095453,10.7275492772781,43.0078889710776,15.0,3146.65176583196,130565.0,2,30.02036856032,6.21110122134451,1144.61109240451,106.463676835016,2357.27783019749,122.994624134492,399.777030039315,0.0291487690306989,8.083646021586416,11.6276043240987,1.30724589061919,7.05773606026536,4.7807811783211,0.217745467793938,0.0104500731420649,0.0057724022497888,13.1555097157674,42.8216652563202,15.0
3.520833333,30.0061158609415,16.2377687403809,1158.33256665931,122.777884201832,2375.62059578591,124.246765228331,402.911644877113,1.90225776810137,11.025270422047,10.4901381224884,2.0000979715647,7.86474036653339,4.58113556111781,0.0884184099692566,0.0054857931716571,0.0029729757397371,10.7170817127917,43.2524444677841,15.0,3170.3564259152,124915.0,2,30.0089709745149,5.84034416347419,1152.40557140012,111.787721870891,2372.76571382769,123.709265403881,401.845842581631,0.0276959238057875,8.025481793767925,11.1628802198614,1.23440437437735,7.31907187966744,4.78037974195129,0.216972747147736,0.0104226002033553,0.0057854721246646,13.2334940930637,43.0657957711082,15.0
3.53125,30.0038451145929,15.1861828449222,1162.6368926841,124.935077902171,2384.32232885426,124.603770348256,403.788269084665,1.84099539976143,11.0886121236195,10.041886624826,1.89909908738105,7.97080342025389,4.56842417115586,0.0828652239880845,0.005212070055941,0.0028292139335048,10.7163627494106,43.3725458710346,15.0,3182.74416355837,121745.0,2,30.0042972451673,5.57070954594914,1158.65403054265,115.143793328832,2384.89630127371,124.257305247445,403.362181923927,0.0266983773264267,8.050914144950411,10.6817739836004,1.18155868283547,7.4893863509828,4.77061929078958,0.216298992679609,0.0103977367339767,0.0057921227874772,13.2590163703434,43.2522591016713,15.0
3.541666666,30.0030749570002,14.7896792147786,1165.49456828932,126.443533781069,2390.33018776818,124.808480641292,404.204504369341,1.78307822320836,11.1171290579747,9.6580744401936,1.86353346932564,8.04307951938596,4.55949372472452,0.0767393250039765,0.0049010828495011,0.002663403800216,10.7164103217245,43.4401371071319,15.0,3191.04105896725,119895.0,2,30.0028407008321,5.44657080932018,1162.75378556086,117.095398704722,2392.98330493614,124.58936378793,404.191459067928,0.0257138671848,8.082895526459643,10.2522924134085,1.1526108720076,7.58707469852241,4.76029063790971,0.215618015240512,0.0103725162133228,0.0057868722424952,13.2646993189327,43.363948143308,15.0
3.552083333,30.0033879494184,14.5675524341324,1168.05435478818,127.586488804021,2396.06949083388,124.991498354507,404.575375424808,1.73206518068766,11.1226863070559,9.35393759690397,1.84519515708461,8.09458731785218,4.55339196154982,0.0703620021311155,0.0045646346886185,0.0024816275269589,10.7166541011252,43.5007445341033,15.0,3198.58346455462,118290.0,2,30.0030773938392,5.3871828083056,1165.79314141004,118.42134011072,2399.32616721188,124.816332116024,404.701311006021,0.0247386415155886,8.081103908849894,9.89407209492096,1.13798153409097,7.65132960260154,4.75379867266123,0.21478317787052,0.0103419394024936,0.0057731321861298,13.2814175692393,43.4395563110216,15.0
3.5625,30.0203721262498,14.5411542224895,1173.24795614544,129.098882196556,2409.18642678121,125.565940937018,406.217733326181,1.69842299799654,11.1624437852746,8.99730482492597,1.84568660870006,8.12669794551873,4.54628671364199,0.0629836523397091,0.0041551630104197,0.0022569840814882,10.7207839295005,43.6982770759426,15.0,3215.26141234675,110340.0,2,30.0146525317943,5.27761033841735,1169.42561096287,119.472990770652,2408.03943542232,125.1562515177,405.609742996755,0.0228461188088173,8.015320156498328,9.58069010278036,1.11880399575249,7.68653130002716,4.75534979958214,0.214236025298244,0.0103224280291855,0.0057704982360231,13.36663556145,43.5550865899464,15.0
3.572916666,29.9750383596511,14.6000945152131,1172.50139743014,127.689230583103,2405.6768887569,125.262985533132,405.049163017024,1.66833156841092,11.1361314449981,8.69106219048306,1.85363464833167,8.11047706590158,4.53545576288396,0.0572963505326281,0.0038231949835001,0.0020747888470002,10.7054584261408,43.5908768942389,15.0,3209.8279066609,120635.0,2,29.9865142272868,5.40929637279075,1171.98281552512,119.65541230561,2413.4720175261,125.332576189278,405.967480122686,0.0240972140957368,8.040462232365169,9.22803851758183,1.13082742519359,7.70133020265818,4.74105892032658,0.21245426877068,0.0102564360631625,0.0057191357763745,13.3335796950234,43.6141939931292,15.0
3.583333333,30.0091170551076,14.8376788605079,1171.86812574991,127.634150672384,2406.22490875074,125.163283810999,404.569826882425,1.64227793475248,11.0744737859466,8.6125204314507,1.88099321752336,8.07978516037499,4.54526613477114,0.0540099231947674,0.0036242623002555,0.001966186151077,10.7187556781359,43.554549129509,14.237272195636649,3209.26113374697,116725.0,2,30.0024695361841,5.44157984442504,1172.00018263224,119.479015754457,2413.77361932477,125.222261853613,405.425720054178,0.0229047894531386,8.008341429770567,9.02036629619634,1.14063645437893,7.6971513790436,4.74319366910447,0.212299519485032,0.0102510740993874,0.005713370932282,13.3341564306464,43.5739158994388,15.0
3.59375,30.0081638753626,14.9780550090841,1176.07492493054,128.651678302376,2416.38609178899,125.562733744846,405.697659185111,1.63195681410479,11.0421110739251,8.35972768572329,1.89739583674729,8.11241499207741,4.54481251922287,0.0502702794751471,0.0033895171618157,0.0018371722802057,10.7165379410328,43.6923948461734,14.707778640261626,3222.04911209853,112975.0,2,30.0065973287933,5.41424818501816,1173.52107034427,119.655847296796,2418.27463111154,125.323778805199,405.603685364471,0.022070277925898,7.902887769118331,8.84839020394375,1.13688807107889,7.69308769033109,4.75074728629182,0.211648873467466,0.0102280812064811,0.0057018357162995,13.3968890385149,43.6077964429281,15.0
3.604166666,30.0116888496748,14.9062148391856,1180.92008660277,128.796047269421,2428.57631552272,126.079744687594,407.201402311332,1.64180022735192,11.0535911907479,8.184352785937,1.89152210511845,8.09114539064205,4.5399174423097,0.0463428292317543,0.0031352462486407,0.0016970015617211,10.7151734895734,43.8715364730812,13.25625350487438,3236.58384965019,107900.0,2,30.0099891362807,5.31508965086043,1177.23848334629,119.840557694888,2427.74962341724,125.687681088567,406.640518022265,0.0213801108605657,7.8021850222553235,8.67049152472195,1.12160835684472,7.68499012001957,4.7568375655148,0.21111245299831,0.0102091537697927,0.0056986777017139,13.4811044256908,43.7333682126202,15.0
3.614583333,30.0033659375666,14.2788955792961,1184.17388803278,127.774722283947,2436.97923216851,126.406069735504,408.099500776188,1.66714443505317,11.0729999378097,7.8217056165084,1.82905842174097,8.02485008695401,4.53156455216751,0.0427876196681186,0.0029003594885747,0.0015681110741214,10.7099162895496,43.9846069320324,14.010151679422767,3245.56351494672,106140.0,2,30.0054031246564,5.13879703453595,1181.04544935743,119.360625128927,2437.39785714912,126.076110218033,407.756343866929,0.0217149553313683,7.765597695635227,8.42473010930723,1.09311296303335,7.64413875794566,4.75462052624683,0.210432457446788,0.0101840130817712,0.0056977279582635,13.5205282165672,43.8677765285943,15.0
3.625,29.9996250531318,13.5729467448945,1185.49387943567,126.060585364521,2441.23973169353,126.517710507009,408.328405921217,1.69845618688745,11.0683912181289,7.62402748596459,1.75841835731992,7.92915346597762,4.52697899870109,0.0400452472716072,0.0027170992653537,0.0014684526205255,10.7072278787029,44.0231701734064,13.795978583614575,3248.74761232152,106085.0,2,30.0013191928333,4.95434078682913,1183.70852500477,118.235552762798,2444.33525098178,126.337556303636,408.463422015609,0.02255514603923,7.799752659751943,8.15671887975365,1.06235080339666,7.5754292192401,4.7459358729614,0.209980371596237,0.0101664387784287,0.0057019341526513,13.4883030922024,43.9582214862719,15.0
3.635416666,30.0085523058972,13.1956046181035,1187.48147205456,124.753262524842,2447.62447016947,126.74136485374,408.938712176373,1.737623910804,11.0574670862066,7.51393948481937,1.72047731618551,7.83824570224456,4.52568222616304,0.037613445717525,0.0025528630540603,0.001379340013361,10.708400687101,44.1009378427757,14.095860893334866,3254.73016471632,103115.0,2,30.0058298642261,4.78927570185633,1185.64461672409,116.866901388387,2449.95068650326,126.532420184057,408.975740337488,0.0228726851481439,7.8259481950766,7.96886682852028,1.03543029360466,7.49129767157215,4.73996430972846,0.210014066195569,0.0101670296693572,0.0057160339118292,13.4575519318916,44.0256986067583,15.0
3.645833333,29.9975709290044,13.0226936436781,1188.42180860411,123.017402561151,2450.89969789942,126.806146661117,409.055370170497,1.7840766339307,11.0331313231511,7.48137867386185,1.70244317288131,7.74566794413393,4.52253478509959,0.0353482068970391,0.0024007594964841,0.0012971911630398,10.7026500946718,44.1236364638939,15.278637007190632,3256.74304677014,104240.0,2,30.0002959044287,4.71303947356691,1187.24604181172,115.393911683794,2454.83089664438,126.690406504621,409.381312867921,0.02393079283618,7.852324997254144,7.85173276185581,1.022035500066,7.40391786877618,4.73242529029317,0.209647465209042,0.010152694074702,0.0057133949856658,13.4143640488305,44.0805591230654,15.0
3.65625,30.009679173912,13.1095551917512,1190.22995465922,121.577184308572,2456.93403302277,127.020987543028,409.672192827643,1.83850738774373,11.0185937188734,7.46061492563791,1.71047404702719,7.64735972189446,4.52328661095259,0.0332376149003105,0.0022587535992543,0.0012203479057588,10.704934920883,44.1987536117627,16.79991884649525,3262.22482947974,101160.0,2,30.0062880667278,4.64682805630423,1188.69152837391,113.901509331203,2459.56879624971,126.837964553458,409.773753586062,0.0241188341218422,7.847495676095853,7.79779543252485,1.01383957332883,7.3140720478653,4.73053996227777,0.209810015191126,0.0101585011460647,0.0057225679927783,13.4045866448708,44.1319875818814,15.0
3.666666666,30.0059376376024,13.2641830753631,1192.61560488891,120.097718179201,2463.76718136561,127.284107777751,410.456016845935,1.90472033214759,11.0165187666537,7.30299321332734,1.72464861238767,7.55444886069984,4.51986893777043,0.0311129946873657,0.0021170019149776,0.0011436466005044,10.7012498388493,44.290828820265,16.414330281947052,3268.88359340825,99465.0,2,30.0060150216815,4.60177696227544,1190.57988809466,112.394817123647,2465.45227292756,127.047091605154,410.383948906651,0.0246715339712426,7.8213084767242105,7.71539815564063,1.00852665322517,7.22087438243635,4.7296526411728,0.209714882574901,0.0101549619204249,0.0057242817425461,13.4212865160183,44.2050159776156,15.0
3.677083333,30.0072771533206,13.6951237799105,1194.86493107986,118.309374144571,2470.4517526134,127.548182526674,411.255384832129,1.97687875499692,11.0241522560927,7.24654101660402,1.7661309412696,7.4436310280358,4.51657604749645,0.0291326784475132,0.001986200222309,0.0010729119209389,10.6997940690849,44.3833171905512,14.332805695106904,3275.10970679038,97435.0,2,30.006719788966,4.5970548253341,1192.73546196277,110.795516095041,2471.94728270722,127.29094614639,411.119275179563,0.0250567688815728,7.790353137248129,7.62682901421405,1.01053588170034,7.12336970864099,4.72939754170306,0.209748558260185,0.0101563672091792,0.0057255632012346,13.4533307798219,44.2902605794459,15.0
3.6875,30.0119348645874,14.3710901603585,1197.7588579555,116.550269683215,2478.76540785962,127.904314789238,412.363258363281,2.05733524002832,11.043497535842,7.31602112080712,1.83173897833887,7.32833817831936,4.51256778258357,0.0271997047089277,0.0018586426222651,0.0010037686725476,10.6994054314688,44.5078918178703,13.201276362696076,3283.38750035154,94095.0,2,30.0097813234946,4.61189259201989,1195.12356585266,109.067384948771,2479.16830167858,127.573930263241,411.997954847427,0.0250762133434604,7.734281612559789,7.6166853186778,1.01732665717264,7.01729133154183,4.73179785064391,0.209948123765288,0.0101642878645009,0.0057293490137465,13.5219836063881,44.3891976408832,15.0
3.697916666,30.0081444913274,14.3124550217408,1200.31724014206,114.45938901956,2486.13012069299,128.218112846067,413.349031156115,2.1448432597634,11.0629639634239,7.19782268961053,1.82337953146339,7.2027315572314,4.50686737726157,0.0253325494360253,0.0017362070270391,0.00093741579038,10.6962687753538,44.6177633081203,16.36638669427981,3290.31874287368,92205.0,2,30.0086009973467,4.53363510226581,1197.68160624713,107.193258426609,2486.74961458291,127.884568486597,412.978689228061,0.0258161244636033,7.69085230217664,7.59738367827692,1.01032434367445,6.90392580012616,4.73231626594031,0.209814804901417,0.0101595016215705,0.0057331649518359,13.5834191853467,44.497787354135,15.0
3.708333333,30.0091860699529,13.9772811636142,1202.5100647062,112.166039042821,2492.8190787627,128.503390106011,414.257856524859,2.23157802083182,11.0780992226285,6.98748814425877,1.78710709645518,7.06610983600516,4.50254968105338,0.0236187146532087,0.0016247057217845,0.0008769860169132,10.6951979131245,44.7177131468472,13.13926712263355,3296.23060671708,90225.0,2,30.0087619065944,4.39184812607902,1200.08407150379,105.145809325541,2493.81106912536,128.183929255258,413.934062810331,0.0267533985629976,7.691043910785526,7.48548884080775,0.99016301931498,6.78279254140309,4.729162798091,0.209798923559126,0.0101585201362709,0.0057446696567801,13.6024533822489,44.6024550062945,15.0
3.71875,30.0064167830842,13.0742375638124,1204.041148985,109.768230861659,2497.91632246466,128.712190267433,414.933368819936,2.31282490813411,11.0841021258646,6.69615177920185,1.69375097133124,6.92885516563044,4.49852174436099,0.0220456361408118,0.0015232048851059,0.0008219743465791,10.6928987769799,44.7910369661582,14.132374079099453,3300.12172377363,89320.0,2,30.0071840031564,4.17834240994909,1202.10461650854,102.96644519977,2499.82074342006,128.445897088945,414.778107826683,0.0282806417182654,7.738696780393215,7.27819615518462,0.956465302125514,6.65615071875061,4.72145825924941,0.209703051955177,0.0101538567119542,0.0057602690059554,13.5689051271891,44.6941051183962,15.0
3.729166666,30.0055234518135,12.8118198554987,1204.94263676806,107.366959215875,2501.57673153616,128.85331766073,415.402844985951,2.38726644114241,11.0820521609633,6.59218308632544,1.66436732782365,6.79339378694864,4.4959305581286,0.0205832422328782,0.0014291678506883,0.0007709600719451,10.6913270437403,44.8408012126039,13.6963319971656,3302.23746853454,88875.0,2,30.0060190789092,4.04942986511899,1203.60287779073,100.746554503168,2504.52223532106,128.652003850142,415.449267270348,0.0296231365611135,7.81394566694921,7.07115034733181,0.933193880320409,6.52911356883111,4.71124632798048,0.209832740707895,0.0101573979292698,0.0057735969368079,13.501193649698,44.7663216054894,15.0
3.739583333,29.9916658924842,12.5925888814271,1202.95866888512,104.707662925335,2498.2459115579,128.63760685704,414.734052341475,2.44138171958608,11.0521478174767,6.53484070522633,1.63935423355943,6.6630999452808,4.49466080346302,0.019294252662196,0.0013484772061073,0.0007273279018957,10.6859606530573,44.7663897702141,15.900224894115961,3295.53771925281,93040.0,2,29.9969294510098,4.00642130908127,1203.77787590781,98.5214994327863,2506.08814941027,128.701391439492,415.610893480058,0.0319962376152986,7.912664692769084,6.92072394220954,0.927258864064226,6.40744617955078,4.69799078196191,0.209435336967337,0.0101409765703655,0.0057665560778029,13.391636957301,44.7840537775479,15.0
3.75,29.9616495023658,12.8417149158028,1192.50024732501,101.398452354553,2474.88833589309,127.38504543512,410.726552808424,2.41533994202527,10.9429996307845,6.67958162879845,1.66206082169779,6.5443048648172,4.50098358422498,0.0185672244095348,0.0013132053750062,0.0007089896194662,10.6780447501892,44.3311425242403,15.212432319224192,3263.42233225533,109040.0,2,29.9725962778684,4.19519198203454,1199.38653040358,96.2452809882878,2496.79547673533,128.195169849862,413.943918587162,0.0364454139813768,8.091394369045647,6.85830720564001,0.960825119608877,6.30247142447793,4.67691312408929,0.207709282938957,0.0100741039552144,0.0057069100972995,13.1475634191537,44.6085975633833,15.0
3.760416666,30.0142819496524,13.2196029060847,1187.92068506057,101.188969164242,2466.97663804981,126.930821207245,409.27881198173,2.3653937153207,10.8633714065466,6.85740327305615,1.69966694718138,6.50696961262345,4.52132240218748,0.01798891881435,0.001283475553192,0.0006928334805934,10.6969031639997,44.1737929179345,15.714813286968441,3252.35228878615,104845.0,2,30.0007882050237,4.2479588462805,1192.72323779728,94.8357707308956,2483.10151011595,127.443650667079,411.505939420759,0.0341857642824707,8.117836430458121,6.96317986178367,0.979307748633244,6.23378655881704,4.68268956353969,0.208437093856005,0.0101013681486248,0.005719351850555,13.0469281000918,44.3478663759915,15.0
3.770833333,29.9924859603999,13.7607457703579,1188.27256597151,101.820530538094,2467.3592218357,126.904049825447,409.192680057622,2.35440775372689,10.8232901719358,7.00921426660164,1.75256065634259,6.55056478628576,4.52396748388264,0.0171230155593471,0.0012319154577768,0.000664582440018,10.6872936043469,44.1652678877608,14.420386785299584,3253.2857370871,107795.0,2,29.9959610349026,4.37676583033026,1189.39254419796,94.5773146213865,2476.65690083782,127.061268297874,410.272053416237,0.034425395162223,8.066446044057653,7.10652910348432,0.99968282362935,6.21808790825617,4.68989564396338,0.207893296726694,0.0100815677916771,0.0056959932515242,13.0280184647154,44.2156059382902,15.0
3.78125,30.0129705903814,13.5952276347082,1191.8637767616,102.46116651796,2476.07336962308,127.319803864446,410.516826324283,2.36806618744104,10.8499774326933,7.24667496848269,1.73506374594487,6.56367214142328,4.52751649233197,0.0161926279473774,0.0011734738684633,0.0006322301654881,10.6929277159702,44.3107269245661,15.679469927552473,3264.40925251195,102790.0,2,30.0074145686622,4.31914309848067,1190.11085631951,94.8915598890609,2478.80661536351,127.122464408642,410.469978409291,0.0331802931839044,8.008141797601896,7.3036800784657,0.994853239314855,6.23030547024908,4.70035030164552,0.208300229055249,0.0100973445859387,0.0057109834481255,13.0690932064389,44.2376695897572,15.0
3.791666666,30.0172071395088,13.5534595326635,1196.75741540145,103.192551216225,2487.67857109097,127.89259438612,412.338701498108,2.42192287038939,10.9258472229712,7.17956439087521,1.72907414378441,6.57506202912406,4.52136063558955,0.0150177638993094,0.001095527604139,0.0005891198160046,10.6920191298558,44.5107806329069,14.084683277969136,3279.27796066934,96550.0,2,30.0134499557451,4.20545596883114,1193.04170786195,95.1612498831137,2486.04138464387,127.457416159121,411.559878214074,0.0322487210517628,7.9591979977447265,7.41736176527591,0.974043272415329,6.23100439036841,4.70709340960484,0.208964049227573,0.0101224705788758,0.0057368216117752,13.1503287232002,44.354859811431,15.0
3.802083333,30.0371483868099,13.505262564407,1205.01589401916,103.604572047671,2507.5914612464,128.907811634587,415.593048607373,2.52872597049371,11.0547216276421,6.61067197831723,1.7217298529269,6.54709793601906,4.51051159734941,0.013558333137342,0.0009942874977036,0.0005333370066766,10.6958828720658,44.8647518685921,17.405051441195035,3304.18315456783,85215.0,2,30.0267031526709,4.0105877215499,1198.10178430357,95.1558567096348,2498.3927476536,128.062331453257,413.542782108965,0.0304141653666625,7.887780741566788,7.26249433757244,0.940130900371746,6.20863950320124,4.71461079943635,0.210312820644462,0.0101735336107406,0.0057865808615356,13.3056717396628,44.5658638274577,15.0
3.8125,29.9874518028369,14.3358118742512,1206.5768554403,101.538314117749,2510.84240722124,129.07010499257,416.120666256388,2.6387955290234,11.1418033051313,6.83762034617027,1.80105226424787,6.45413372320223,4.49023951902417,0.0122554547471169,0.0009066632211714,0.000485705985767,10.6767408962035,44.921806824333,13.916616342141573,3306.80261613944,89390.0,2,30.0028330593233,4.10204151701263,1202.84783728623,94.3834406373357,2509.74941535988,128.629392520482,415.391963239979,0.0327623739481518,7.899100756158517,7.11621392018644,0.949384237509759,6.15559830061486,4.70539491872231,0.209932815020734,0.0101589323951807,0.0057690884357278,13.3797699302907,44.763668315077,15.0
3.822916666,29.9560601332341,14.47683698791,1195.30318847955,97.6689839911393,2485.12485085488,127.732623718379,411.82250152901,2.63011360024109,11.1165364965892,6.83273614094696,1.81299958005598,6.31594593311618,4.48665715231603,0.0118747043862724,0.0008915018202415,0.0004781396270206,10.6688380055073,44.4567710058618,16.17842631399868,3271.58168968411,106800.0,2,29.9703248565566,4.36332747980191,1201.27042883638,92.6602797685714,2506.16589845235,128.438144570697,414.730780151211,0.0379328281172693,8.089710354695711,7.07680168947518,0.999676773653126,6.08157917224403,4.67938118733625,0.208280711197986,0.0100946570953876,0.0057047359600859,13.2280669136317,44.6976866500037,15.0
3.833333333,29.9872126672789,14.7527098580674,1183.98662124873,96.5950122902629,2461.05940020227,126.462476379201,407.730670049193,2.52326906676669,11.0187926208242,6.98358515695436,1.84111597751832,6.27573583288837,4.50392037501078,0.0122192414796642,0.0009275725483115,0.0004983993666946,10.6835277169126,44.015142324449,13.70521322120274,3239.88699187058,113180.0,2,29.981590814073,4.55232208083227,1192.45208810562,91.1175438876066,2486.77129692071,127.42430707934,411.403357187286,0.0379423680732492,8.230898183214615,7.11903953864346,1.04017848970472,6.02257212988522,4.66998547838166,0.208008812734441,0.0100832759026485,0.0056809469902886,13.0569871775248,44.3455165235032,15.0
3.84375,30.0024844013713,15.4459121988643,1181.78703346568,98.3179525413294,2456.51993321625,126.185982947049,406.81929138863,2.43426515448102,10.9401619020135,7.39251963955411,1.91130177434397,6.36374532426493,4.51688725280072,0.0125381556642084,0.0009555656497501,0.0005135637991111,10.6890577946931,43.9193989234457,14.981464395277731,3235.16219436178,112710.0,2,29.9967541446769,4.7270850034266,1185.3309033385,91.1937354522871,2471.61223854858,126.605565578418,408.729880255624,0.035709273048294,8.192785903747835,7.35727000635203,1.07062129885785,6.03396511216996,4.67968167452872,0.208212573950748,0.0100917653811426,0.0056717324016816,13.0224108666756,44.0612389809631,15.0
3.854166666,29.9782919783425,16.1888237049539,1180.34998204075,99.382833364381,2451.60989353365,125.888515188339,405.814483826153,2.35877556145569,10.8797564706706,7.7671231269663,1.98607868815664,6.46203673889318,4.52177039478655,0.0130287759950528,0.0009967877538836,0.0005361029572116,10.6813890328408,43.8163235617421,13.656991099646413,3230.14652363626,121125.0,2,29.9843323308819,5.05697388875839,1182.31566809002,92.2837745243271,2464.59488253153,126.194407364905,407.352311084651,0.0357587150875193,8.131748390884306,7.70388938122267,1.11991537117193,6.10873280253246,4.68676100403527,0.207266505736603,0.0100572772367166,0.0056234516569022,13.0039130567511,43.9188034877031,15.0
3.864583333,30.0423679568791,16.5873518485381,1186.35174458152,102.543769376047,2466.97413237483,126.646560033501,408.178617245079,2.33093626816848,10.9336660322694,7.9131895243007,2.02704226549112,6.5622314748143,4.530056265957,0.0131804999006483,0.001005487552101,0.0005394151392767,10.7026229175737,44.080545679263,12.020220942313827,3251.08152696768,104535.0,2,30.0227614301179,4.96432210070587,1183.14552495855,93.9570472514611,2467.08641818801,126.257899299521,407.523995172874,0.0305700074854277,7.964294510559005,8.02061712027367,1.11487183399377,6.18944520578349,4.71255302757244,0.209034472145955,0.0101258430639979,0.0056741466146734,13.1690642140447,43.9414077521852,15.0
3.875,30.0283927178863,17.0959456623656,1196.48556992817,105.163033281507,2489.91342913907,127.808627385082,411.825304190346,2.38903442594599,11.0724864247209,8.1160606114439,2.07622505011704,6.65833608680599,4.51098054788577,0.0122622823549219,0.0009379094345869,0.0005012416696212,10.6942394080354,44.4852957970129,15.98040285452165,3281.76094479089,94045.0,2,30.0256168843897,4.82818838001656,1188.86235775503,95.6184411071029,2481.03315563835,126.922672865419,409.650856135022,0.0283912768843172,7.785178375665365,8.25668244501811,1.0883221067852,6.24965859420155,4.7286648520056,0.209758267081579,0.0101549167878816,0.0057042628609223,13.4141266712393,44.1730373382111,15.0
3.885416666,29.9737071971416,17.5589976981591,1195.77795492432,103.417697461881,2487.13649971724,127.655730177,411.246563100346,2.42966188440531,11.1608796515441,8.15937060866445,2.1201892461635,6.60961684822729,4.48890267960176,0.0117618921864682,0.0009079515640578,0.0004851343110756,10.6753615203082,44.4321804282309,16.389932744461635,3277.24996935676,102880.0,2,29.991275109396,5.02432587741341,1193.72868855738,96.1671235321832,2491.98038879223,127.457328062786,411.30555049503,0.0307289424253677,7.79690633044924,8.38983722311834,1.11149539744856,6.27623587304316,4.71697939752711,0.208856210373702,0.0101208337976313,0.0056667003855426,13.4858166785694,44.3592754836061,15.0
3.895833333,29.9433729243767,17.7973872412087,1179.54094718329,99.9148204393982,2448.96508419323,125.652874764791,404.723718075943,2.31804015182363,11.0676820060085,8.25833473257676,2.14452720216735,6.53473664252599,4.49310309700037,0.0134620337672051,0.0010438369108948,0.0005611098593201,10.6725392122621,43.7348839246021,17.435795652995942,3226.89924643594,128400.0,2,29.9539588923476,5.5795655947007,1188.60795251613,95.1316292479126,2479.12022704252,126.78243359615,408.973012943827,0.0347744722592394,8.02366204390491,8.44110248036702,1.19613863979547,6.26965589814099,4.68710486447455,0.207077758126571,0.0100518056942815,0.0055790066643108,13.2648921988231,44.1245568973376,15.0
3.90625,30.0274234573855,17.9429794325349,1175.05242554963,102.454718850802,2442.00464935147,125.232401701795,403.277993653259,2.17074155049235,10.9674492173209,8.37154160230496,2.16295292185494,6.61742492176453,4.52007597665714,0.0161728371178909,0.00123385684791,0.0006648998152941,10.7058428063318,43.5881842699935,13.248964978462618,3218.70778003271,117220.0,2,30.0065150888295,5.58276256807688,1179.44326030114,95.2540325338689,2459.25074158538,125.705283231914,405.388796534111,0.0297665942761738,7.983724644592792,8.5868075211802,1.21120571694982,6.29352601057501,4.70333177378432,0.208598131155924,0.0101101816087768,0.0056148477187756,13.2519980241935,43.7496950689634,15.0
3.916666666,30.0011287135228,17.769249382158,1180.77987844248,106.104297175944,2453.56883632189,125.761598642622,404.848413777061,2.10285768914255,10.9462160681017,8.51012646293843,2.14672829746986,6.81598317191221,4.51621456389175,0.0176742893183266,0.0013337438485825,0.000718436296545,10.6953767866,43.7719051463083,15.073952634081863,3236.12619712973,115701.70272337465,2,30.0035195600703,5.54113177022534,1178.51927489575,97.2590784271395,2457.76017562773,125.565842452284,404.844088340246,0.0285155794371182,7.858802404141959,8.7252132489861,1.19764130393293,6.39406220331573,4.71575756660462,0.208154968660622,0.0100953760461021,0.0056096994031643,13.317974493713,43.7009497924697,15.0
3.927083333,29.9912399679143,17.4931798008743,1182.30844910528,107.241919140074,2456.19528362582,125.843682156709,404.965809098018,2.06099485840971,10.9535389831626,8.57435833090588,2.11992504846469,6.89672396337807,4.51273695312601,0.0189473825505998,0.0014197314674565,0.0007647387174751,10.6930006042728,43.7998490655711,16.233273301012204,3240.2662441436,117755.0,2,29.9950687220225,5.5577889909281,1180.98247850329,99.2788219127552,2462.61852042657,125.759059659026,405.335952505591,0.0283062508508659,7.827208205285381,8.82778948052141,1.19349860512208,6.51079640744616,4.71657997437633,0.207789315644365,0.0100822559062902,0.005600565086327,13.3309057451616,43.7677752757313,15.0
3.9375,30.0334442880085,17.1480015900313,1187.9517965413,109.737500872073,2470.76910617468,126.548732118989,407.075698868146,2.05360473315649,11.0301929886128,8.55452197503709,2.08621638019597,6.97142566648629,4.51023199903422,0.0192074893908936,0.00143185016973,0.0007698068186229,10.7062565289238,44.0446295494709,14.847864038947346,3259.5955980935,104475.0,2,30.0197549529987,5.28282452150411,1183.98705438911,100.846040401203,2469.86812896418,126.073188364741,406.234021006925,0.0256761481296802,7.74909494714124,8.89969704166579,1.15398519131887,6.58260941103948,4.72665713480467,0.208951397887076,0.0101267543968028,0.0056500455286665,13.4459865446291,43.8765343216922,15.0
3.947916666,29.9408216020144,16.6265577699824,1180.01749019329,107.900809320127,2448.62224407094,125.347223676573,403.077911324205,2.01535731609218,10.9704517190587,8.51885463382979,2.0340405224143,7.00717189122162,4.49826812432444,0.020511181417273,0.0015283954337817,0.0008242487908559,10.6774129479816,43.6256820483326,18.47350239387277,3231.4435204751,130222.36779073531,2,29.9607308162032,5.57000476196752,1183.75158526557,101.442217239811,2467.70556768491,125.933848424806,405.602978844589,0.0305386332649254,7.909022980054053,8.82324504928306,1.17993270431478,6.64750072698086,4.69844067057078,0.206547330485681,0.0100346574213341,0.005570288661326,13.2722499069587,43.8274027062975,15.0
3.958333333,30.0121741012297,16.2580715545132,1173.8175984513,109.137500568574,2437.24482996526,124.681620306801,400.825047692151,1.94123020604837,10.8640234166652,8.54004730980065,2.00130163690472,7.0428338734868,4.52464378814909,0.0235502043967558,0.0017320338629924,0.0009364200764141,10.7069886226282,43.3931368151361,13.256770865725004,3216.82480034942,124151.58926123109,2,29.9981930194866,5.51746680066547,1177.8821961277,102.018302397503,2453.85641760472,125.160046380785,402.955206878909,0.0283412564960501,7.9517234060342625,8.82519819726065,1.18113960276649,6.70665480316525,4.70356664556791,0.207708721872551,0.0100782796251458,0.0056009735692966,13.1790146468081,43.5573626610649,15.0
3.96875,30.0068134637974,15.5201949419236,1179.01033176353,112.926229609132,2448.07044025003,125.147663162091,402.177516857844,1.90115028017833,10.8276359173436,8.32425350302056,1.92993009076117,7.23664476117958,4.52748393886735,0.0249724309104799,0.0018219754178433,0.0009851987179344,10.7035688621892,43.5544762816701,15.973916354293955,3233.16499344322,119830.0,2,30.0047731694285,5.3163345807929,1176.92794087114,103.889360846982,2451.86604295287,124.983231067881,402.265362173142,0.0273823158066893,7.881290324971757,8.74372638948855,1.1466541000336,6.80245729902485,4.71366750052946,0.207641304148277,0.010076734699755,0.0056163633824164,13.187418500389,43.4950349474778,15.0
3.979166666,30.0039314518836,15.0395973073429,1183.27841515271,114.970815899659,2457.22198257686,125.544306863309,403.289511419892,1.88793677384603,10.8555789829554,8.08321835260181,1.88325398724572,7.34043771315793,4.52307842594298,0.0250870497019121,0.0018259023828224,0.000986632438167,10.7011397244924,43.6917048834422,14.799373138848502,3245.9975525969,116555.0,2,30.0041952572512,5.16916236936516,1180.30951741417,106.089938564678,2458.91832417618,125.272911656148,403.064666585103,0.0268161846066038,7.850371868382276,8.55598640328463,1.11659773110827,6.91711887747861,4.71630945410103,0.207638073677349,0.0100770370630739,0.0056284961997452,13.2052207100437,43.5950381488739,15.0
3.989583333,30.006078210895,14.6519096954352,1186.35324299161,116.205081029521,2464.27302830603,125.840457174596,404.081356080998,1.89218821220706,10.9099147673775,7.88574109193361,1.84536598752025,7.39439281086689,4.51612217288563,0.0242532525542941,0.0017680396577469,0.0009544387595778,10.700350947556,43.794105876189,14.19459719694808,3255.41045359421,112880.0,2,30.0051100509726,5.03499558876233,1183.6779452094,107.546361087404,2466.22956532763,125.581324812647,403.918672615807,0.0263731356970764,7.847542884243638,8.35273255199147,1.09129378352529,6.98998585233805,4.71478981941642,0.207825155403147,0.0100840152031072,0.0056437984281061,13.2356608180865,43.7016178206854,15.0
4.0,30.0286854084403,13.8918399596882,1192.55353928229,117.726750677104,2479.84493757272,126.582712854469,406.310120795885,1.92490311150381,11.0140493742336,7.69263024120304,1.76971356838777,7.42260406793288,4.50607330326098,0.0221409943823188,0.0016225809775325,0.0008739611441573,10.7050274074831,44.0520383178441,16.710383847648007,3275.30257462523,102055.0,2,30.0196063090531,4.73346845930565,1187.8124799288,108.509087242924,2476.15158924297,126.027582761012,405.238692363234,0.0250952665797526,7.823967514032187,8.18035842502601,1.04283230152236,7.02059857661121,4.71603589159082,0.20864372606205,0.0101146249541747,0.0056878266317906,13.3266410134159,43.8563029618486,15.0
4.010416666,29.9998239081835,13.4778966188638,1196.08898948643,117.188344387635,2487.80513683626,126.939831137905,407.323112003643,1.97939751891121,11.1065542270384,7.53233998930589,1.72731962717586,7.39547818718827,4.48666780136296,0.0195854404501936,0.0014490227114557,0.0007791771363051,10.6921197213973,44.1761746854403,14.54703149865973,3284.64119140298,102040.0,2,30.0062491049751,4.59060632460449,1192.30348610577,108.7049339589,2486.77709893521,126.525636465166,406.724761104625,0.0261793431482214,7.870342746402703,7.99528785997083,1.01140580827799,7.01461951592518,4.7034854877208,0.208457789331891,0.0101066218221723,0.0056946969775433,13.3584856912356,44.0291989400073,15.0
4.020833333,30.0291934993314,13.4893566782079,1199.91691426588,110.722710000947,2500.82682209212,127.603387782448,409.348763545211,2.05610751742847,11.2084592836213,7.55211073784328,1.72778665064267,7.01717653607632,4.47692454456716,0.0171389319895198,0.001279451536713,0.0006865922899666,10.6997660054046,44.4071890921068,14.375637353697387,3294.61934008403,93080.0,2,30.0196505772579,4.40370307892158,1196.10251951921,106.105454358327,2497.13529189641,127.021913636576,408.23084045668,0.0253674971300171,7.891507101531681,7.90989365356694,0.984614231163186,6.86224143534379,4.69760382969811,0.209639384674847,0.0101501101126545,0.0057377465301973,13.4316751765055,44.2016591099834,15.0
4.03125,30.0069858016938,13.5552999969998,1203.74576119486,109.257674840061,2510.24610017871,128.042252868445,410.685431313395,2.15732772827236,11.2856301847421,7.51929975786802,1.73244523738082,6.9311047896243,4.45984872186046,0.014856337832631,0.0011211951315351,0.0006007937180917,10.6891114810991,44.5602020133489,14.683709858657739,3304.90306680661,91795.0,2,30.0115093326414,4.27812826712512,1199.80621361992,102.868229199565,2507.54879810149,127.529612764565,409.796417376294,0.026606025478854,7.922795812494528,7.87137299531568,0.966255662867169,6.6757300921495,4.68672387422405,0.209805912333159,0.0101552994373188,0.0057516874007136,13.4831715823515,44.3782571478058,15.0
4.041666666,30.0093696438321,14.0223362968168,1206.10122529294,107.653755938816,2516.73023352865,128.331086263688,411.57828392955,2.26128475444735,11.3319006773675,7.70123468097807,1.77708543688044,6.83398441154109,4.45151129255351,0.0132759291892538,0.0010110173368512,0.000541331127282,10.6885291139534,44.6611006238588,15.962313020087661,3311.29176418313,90200.0,2,30.0098380284252,4.25286160836479,1203.10170932632,100.796202418618,2516.37602132254,127.94415220666,411.078984553129,0.0274287992542632,7.9663959935310595,7.91176284713785,0.965945325043788,6.55516711507562,4.67633849677753,0.210391565054597,0.0101761460888574,0.0057666247873092,13.5096077799154,44.5225801012513,15.0
4.052083333,30.0148972589376,14.6620750050141,1208.77236017651,105.766055886326,2524.2887025025,128.685354169132,412.7058470231,2.36334983003474,11.3634902564606,8.00834023010979,1.83844690407146,6.71610185508387,4.44577072467722,0.0121601492981833,0.0009321500865667,0.0004986879392162,10.6889891047535,44.7848219403398,14.050579851149095,3318.75235627343,87260.0,2,30.0125728312518,4.24864503379973,1205.82345726076,98.932608175501,2524.04000065372,128.291922756256,412.177126987848,0.0276676449105752,7.960882051802602,8.08856095890194,0.971074471504535,6.44488336454583,4.67222605709406,0.211110026608987,0.0102025585286963,0.0057833997752713,13.5677583843189,44.6437636431471,15.0
4.0625,30.0127920220701,15.4996397371042,1211.89900275468,105.479368209406,2532.13271541805,129.054103679516,413.894671395202,2.45986568143034,11.3928742237168,8.49354504816617,1.91898456742638,6.68139797953991,4.43900478266972,0.0113759008477572,0.0008764455568142,0.0004685427436276,10.6869227792859,44.9135691238302,15.595960595994026,3328.03007293552,85170.0,2,30.012550412857,4.28649130855308,1208.61861944528,97.593437087034,2531.79927493295,128.642455333164,413.307631053665,0.0278538697669283,7.920070530510948,8.40937817402131,0.981950977679212,6.36066209799096,4.67146408305555,0.211617071744148,0.0102215409949599,0.0057919984796944,13.6496065690593,44.7659469388915,15.0
4.072916666,30.0157275969574,15.5563051844964,1214.83572489457,102.71774678331,2540.42176814668,129.475219507691,415.258057374925,2.54430475132342,11.4330181800182,8.45702608711554,1.92119291574852,6.51976227535758,4.43191039326064,0.010862388416538,0.0008399129043691,0.0004487075639669,10.6869669437691,45.0604666785278,14.722556740092267,3335.82673753927,82400.0,2,30.0142396933773,4.21849638456244,1211.50019695298,96.0361705122128,2539.77484549752,129.015062174726,414.524908892793,0.0280407480260208,7.873859141935512,8.66110003899913,0.976924087930776,6.26566261206818,4.67193642689842,0.21196348646391,0.0102345702185557,0.0058062569626012,13.7368103703135,44.8957912967587,15.0
4.083333333,30.0190674362964,15.0036443582482,1218.49507292775,100.026684827844,2550.2919404076,129.98968888155,416.921566871654,2.61919558191959,11.493135661053,8.22495640233658,1.86225631019743,6.35999306313979,4.42217588375277,0.0104905890716835,0.0008133578913152,0.0004341967262558,10.6870774067035,45.2397372901657,15.159366206081577,3345.72351840492,78890.0,2,30.0167970596944,4.02436184214785,1214.55726686787,93.811146791342,2548.13762351912,129.43420721624,415.903856794429,0.0283508578791978,7.864202134581018,8.68724609442214,0.947388027452297,6.13628693193247,4.66918875887369,0.212326549800701,0.0102477002846309,0.0058319474405936,13.7955849485746,45.0417488997232,15.0
4.09375,30.0049799003053,14.5253123651582,1220.2096581198,97.366509585782,2555.22923575952,130.259759479976,417.79958653377,2.67310641242161,11.5539758011244,8.12776127819522,1.81054879790539,6.21623061970203,4.40857028099932,0.0102914545147966,0.0008002205492383,0.0004270335530806,10.6815744178661,45.3337934769229,13.148160340034991,3349.64890721683,79315.0,2,30.0101604113107,3.88142333264991,1217.33399655407,91.4316715830818,2555.5260074241,129.829200456068,417.199308379268,0.0296771604923235,7.932521210970487,8.59844345348716,0.92131069218361,6.00144546404632,4.65679915258325,0.212475810994662,0.0102518838883998,0.0058472377821904,13.7800910009172,45.1792088026502,15.0
4.104166666,30.011096059255,13.5850747621889,1221.4159865814,95.0784873521307,2559.25630866202,130.492339599201,418.553397487721,2.70614729437055,11.6230952543,7.70766792658946,1.71310380809094,6.08614928806979,4.39748136015557,0.0102094038928579,0.0007953416762925,0.0004242542733643,10.6834683807688,45.4146461779598,14.63355372925384,3352.65837439533,78180.0,2,30.010545215266,3.68486000490441,1219.35755354174,89.1676853264292,2560.98443206764,130.142500197346,418.223597570734,0.0305385485863436,8.051735935427518,8.39552782830714,0.88862170319822,5.87443860372838,4.64050825201727,0.213011223565674,0.0102698166965763,0.0058763179703492,13.7224660491325,45.2881380326884,15.0
4.114583333,30.0351808422223,13.4513027311516,1226.56920038002,92.7624093120577,2572.55633573003,131.215634291271,420.888623069949,2.77168081777563,11.7265908342882,7.73680036585411,1.69637771846744,5.9378481745119,4.38564910247392,0.0098523797193095,0.0007676877924936,0.0004088931786948,10.6901203620852,45.666232776648,15.631276125391631,3367.24382666999,71230.0,2,30.0231164201726,3.49215270527014,1221.96090475749,86.8937362272722,2567.8830814483,130.53732239954,419.531644713458,0.0293801399271749,8.12261267450706,8.22398254297958,0.852951861024114,5.74441574939792,4.63015243959354,0.214491057764805,0.0103234766482375,0.0059285837233008,13.7320586099732,45.4253221240817,15.0
4.125,30.0292331299977,11.7425523354481,1229.78814562172,89.6913970633477,2581.356555446,131.721695026244,422.557349829616,2.89689223361944,11.8441419499155,7.159819184008,1.52137463363378,5.75759882544181,4.36683198179213,0.009166183937274,0.0007143867465309,0.0003797329812486,10.6853188491783,45.8422672628832,14.98277427946184,3375.71805768735,66170.0,2,30.0258728986513,3.16445697337744,1225.62580863827,84.3464846358527,2577.0878249491,131.065031363808,421.297757268286,0.0301837449569053,8.176836443541312,7.99817364261165,0.793678722208901,5.599912314267,4.61908180801493,0.215413871451323,0.0103558604124614,0.0059809485112749,13.7726529877433,45.6086285121372,15.0
4.135416666,30.0240883302189,11.8428950531228,1228.27569486496,86.1735841453481,2579.75311674389,131.702081321313,422.58241526351,3.0554109228953,11.9578308536678,6.66164229693762,1.52700926862319,5.55591559033668,4.34942863721109,0.0084365545700999,0.0006571723318815,0.0003486337327488,10.6813664726125,45.8354258906138,13.30010708050649,3370.74173867222,62565.0,2,30.0247802240001,3.01303260210683,1227.22312681516,81.4470161694559,2581.68096780574,131.3730544208,422.383161384786,0.0310348584710574,8.269819148902808,7.61652978166389,0.758088671853944,5.43701896437525,4.60296428743192,0.216560909023386,0.0103964654820832,0.0060218815454938,13.7853420035488,45.7154247277293,15.0
4.145833333,30.0218291231559,10.9530457465463,1226.72315574519,82.6495589748155,2577.71269147225,131.664172896993,422.593955447467,3.22224728431094,12.0527692629336,6.03984181335361,1.43355456997921,5.35771716746659,4.33563021595563,0.0077872951612263,0.0006052562242381,0.0003205054307653,10.6788749309353,45.8222982203739,14.572481546207145,3365.37437456782,59730.0,2,30.0231380581697,2.82293558843049,1227.28935978059,78.3847361782695,2582.8863437257,131.511414710418,422.951027248848,0.0325840260990681,8.365094565914601,7.15629300000766,0.725461639187526,5.26640001920666,4.58710984853648,0.217462577322569,0.0104278282783076,0.0060609692436243,13.7963553759625,45.7632268383304,15.0
4.15625,30.0235962519383,10.1879784415906,1225.74674621592,79.2157275951515,2576.65368590447,131.680636187681,422.824663866501,3.38649212260309,12.1250676334901,5.51803135156275,1.35261684635058,5.16593633378465,4.32607814331596,0.0072324576019913,0.0005597448500126,0.0002958826826069,10.6779843022779,45.8281811914981,11.006834720316412,3361.46223072092,56865.0,2,30.0229561975567,2.63755228146179,1226.76561119766,75.2965982474097,2582.50463152572,131.579533120489,423.325019342066,0.0341147612918529,8.482632528086665,6.65345718409926,0.689504455742749,5.09551854630364,4.57064618203923,0.218361567064277,0.0104590014415228,0.0061000957911677,13.7772193515739,45.786639941939,15.0
4.166666666,29.9960863817932,9.75703144066666,1220.79392197964,76.0653481470907,2566.20281709323,131.216158083336,421.54359066262,3.51461369913852,12.1462061192614,5.21489054075136,1.30503740132645,5.00133119707884,4.31763883171166,0.0068333915469631,0.0005270580725887,0.0002782065922335,10.6675050626513,45.6667414532422,14.752604692543175,3346.11643306437,59840.0,2,30.0101686937199,2.5430824762785,1225.0207335182,72.350492541781,2579.12478737315,131.504081794482,423.249059755167,0.0383828910844418,8.658647681205956,6.1669854775999,0.67131137110646,4.93221105836217,4.54765550386178,0.218210261470869,0.0104511597171549,0.0061038444275504,13.6733911836236,45.760219138525,15.0
4.177083333,30.0228255484281,9.39232671468696,1217.92450279381,73.4575327009807,2560.64158465113,131.007256067774,421.108996113033,3.62161531781188,12.1556610849666,4.95435143683223,1.26503428529296,4.85249798777588,4.321604240378,0.0065143939843814,0.0005007615997477,0.0002639617905624,10.6763401445862,45.5943017642475,15.333526522251674,3337.30063056823,57340.0,2,30.0157009553818,2.43285002452182,1222.3744346037,69.691919801455,2573.63021422159,131.320494828076,422.846719942036,0.0392252076307118,8.824065737615262,5.76531524150948,0.653798876721552,4.78394676697966,4.53070238024118,0.218989082926087,0.0104782189660173,0.0061328390088007,13.5657496793578,45.6963088956066,15.0
4.1875,30.0035623190517,8.85634740001831,1217.30668189163,71.1321997223413,2559.15016394423,131.009030998367,421.381248659935,3.71591316336465,12.1209359317107,4.55213168604965,1.2076484502018,4.73106379436163,4.32282916254777,0.0062141902011551,0.0004759285488079,0.0002505193309706,10.6686605425741,45.5952600599633,14.162792199291307,3334.18093895735,58855.0,2,30.0101324076179,2.3395131746713,1220.01927510897,67.3067955989423,2568.53967633499,131.160709648629,422.548178138313,0.0426520784224091,8.962847090646932,5.37993776984205,0.636948984247655,4.65069250664369,4.51598464594438,0.218723422863464,0.0104672494261889,0.0061350386342772,13.4512659370298,45.6408091388232,15.0
4.197916666,29.9851096381887,8.91023177361286,1210.96997798844,69.3529772304221,2544.89086716429,130.355208946774,419.556096366861,3.77195774145686,12.0449309625617,4.57446857759723,1.20981350122484,4.64242061112461,4.32995023235343,0.0059971533133541,0.0004595485222525,0.0002416394009775,10.6622669176185,45.3680829140196,15.167397732300637,3315.36990795811,64645.0,2,29.9979661218189,2.33739895051189,1217.29475119532,65.3604632382062,2562.30652899695,130.94563217238,422.06971947458,0.0482564746550758,9.142265904594876,5.05062445090494,0.639269278793598,4.54087114663581,4.49822191687656,0.217279880454369,0.0104133532291782,0.006099065391458,13.2574009177535,45.5662680820856,15.0
4.208333333,30.0294363988198,8.98988698308367,1208.57072491519,68.0124525620017,2539.89258536754,130.182191944905,419.294427487731,3.83036384250531,11.9767234610344,4.59849540967385,1.21556717470239,4.55722638011013,4.34931331215457,0.0057723716018899,0.0004422552123924,0.0002322628503221,10.6775410164531,45.308288151078,17.31459345213846,3308.44550282134,60975.0,2,30.0123442316205,2.29543207715967,1213.3534169378,63.7726042231835,2553.54254860713,130.591698994061,421.171429562925,0.0470019003238249,9.236595722587797,4.88853502890738,0.636390761132127,4.44893957145959,4.49517592794,0.217956648924459,0.0104379693487076,0.006119749593108,13.1350873187803,45.4434915710769,15.0
4.21875,29.9908314940611,8.90716366915628,1211.52641269445,66.9654190296641,2545.08530221054,130.53167417499,420.736032002997,3.88311884595972,11.8693926838204,4.58216579723541,1.20437433186172,4.51186449817659,4.35870708138921,0.0055284823626689,0.000423440958879,0.0002220910675938,10.6632144956734,45.4304021289117,15.0,3315.20643168116,65450.0,2,30.0020460389896,2.28815375461304,1211.65562345142,62.5038383341198,2549.39563311438,130.474126102595,421.05880757507,0.0516611319169867,9.281465818484044,4.79288327130958,0.636790532980221,4.37606335037747,4.49399397025301,0.216856056429574,0.0103972426570746,0.0060932280728552,13.0259704183551,45.4030102838985,15.0
4.229166666,30.0031445814629,8.97465995350059,1206.82659624065,66.1580519583236,2534.31863287561,130.0627783102,419.544650405157,3.92130524316312,11.7711463473649,4.55221278771252,1.20908364767008,4.46457717651976,4.37804496480943,0.0053228420264782,0.0004089518953227,0.000214229175215,10.6675470435671,45.2677100946227,15.0,3301.63381491342,67070.0,2,30.002683275423,2.2897950865482,1210.57248750471,61.6047041403717,2546.3309691272,130.411145223125,421.129823131505,0.0538042596211722,9.325468092996276,4.71842599009512,0.641013110577989,4.32397240722933,4.49671589022608,0.216127556956497,0.010370512232414,0.0060752915041312,12.9048217214662,45.3815902504185,15.0
4.239583333,30.0102453639061,8.89644379132352,1206.09683901521,65.6098477997886,2532.00234600236,130.030838783791,419.766986374023,3.95769822936958,11.6809009415451,4.52741086708015,1.19934085848047,4.43066685385106,4.39643930106931,0.0051074828158082,0.0003935330577447,0.0002058381074883,10.6696363898289,45.257114723441,15.0,3299.07297952396,67020.0,2,30.0062532754201,2.27217497384336,1208.06028767887,60.8866602386516,2540.21993550941,130.189408262598,420.707457663488,0.0547901761144419,9.326128888153393,4.66384777631067,0.639957835016681,4.27995866052899,4.50535075594782,0.215807462520031,0.0103589738710113,0.0060695719963415,12.8222792934268,45.3049300901032,15.0
4.25,30.0360425438185,8.90226248273219,1215.21776354299,65.0703262360493,2551.02729951353,131.103130996222,423.568793114898,4.01624987164064,11.6284455386092,4.49861795368362,1.19806769970367,4.39332066747213,4.41454719637064,0.0048603808686091,0.0003740831393674,0.0001952406374227,10.6777270304494,45.6308718760975,15.0,3323.71363895984,61250.0,2,30.0200746456859,2.21342701008136,1209.68529235323,60.254924816323,2542.96240819557,130.421630784615,421.782786634173,0.0513154996801162,9.258552412074351,4.63482311093123,0.627642372375849,4.24354760051167,4.52232936146848,0.216972403375259,0.010402408130685,0.0061049879682189,12.8285749560813,45.3862003362835,15.0
4.260416666,30.0075243795232,8.888207673052,1214.29878680953,63.9575807981863,2548.21087903224,131.053223446035,423.759776772787,4.07644404702632,11.5792443881811,4.4549663750556,1.19408600698092,4.33104023489919,4.42204396911528,0.0046091496565545,0.0003539918129221,0.0001843292760918,10.6667458805368,45.6140618322665,15.0,3320.17073151828,61375.0,2,30.0141687359734,2.18259853796036,1212.08776087523,59.5033484644135,2547.31789297781,130.740734128126,423.160465245972,0.0525396372699038,9.178095145959373,4.60250401809135,0.618927804648424,4.20180112919844,4.53660700504251,0.216810505736083,0.0103970571792614,0.0061049279121877,12.8545123082645,45.4976773550612,15.0
4.270833333,30.0220667249425,8.84073040560555,1214.26679792662,62.8730527999573,2547.53188346319,131.116622310093,424.323524605873,4.13463279327834,11.5587174381059,4.43305099507009,1.18720300137262,4.26485004381859,4.43438426224773,0.0043842620219494,0.0003363737399576,0.0001747332009108,10.6713765577456,45.6366764289856,15.0,3319.31141815104,58345.0,2,30.0177887916236,2.13508905287467,1213.12166110862,58.6462339278481,2548.71425345628,130.910356022055,424.065165016668,0.05121839529255,9.115273454270474,4.57329068354339,0.609365500893469,4.15401145995475,4.55079030757626,0.217188821202865,0.0104115724646769,0.0061200111838974,12.8839448311579,45.5571214410207,15.0
4.28125,30.0017359229219,8.78670743224743,1211.48255864562,61.7523401239678,2540.56090160153,130.856607850845,423.844792071794,4.18037141959013,11.5299098171839,4.36637337196054,1.17938952848452,4.2039344235382,4.44064836451102,0.0041738259137514,0.0003203060465169,0.0001659865916585,10.6637355469535,45.5466938885853,15.0,3310.53292063675,59475.0,2,30.0105047123202,2.11218053125371,1212.92851132747,57.7385765013451,2547.39863445051,130.944854631939,424.537028674997,0.0532690150557028,9.079009125327554,4.53103390667345,0.603966474353501,4.10294965154135,4.56031882881774,0.216669000381876,0.0103928729836965,0.0061101227110408,12.8900725987316,45.5695429647607,15.0
4.291666666,30.0122471384724,8.76707465385376,1209.38141901119,60.821893858824,2535.18352502844,130.681264207315,423.639509853712,4.22005260073963,11.5111204019564,4.32714042792836,1.17549805999547,4.14941587880153,4.45124382938065,0.0039834311725472,0.0003063169392583,0.0001583486088561,10.6671191003306,45.4861361752262,15.0,3303.89531110104,58525.0,2,30.0111857550986,2.08604894179732,1211.73692043188,56.8757918387396,2543.87797256949,130.867955326532,424.646841592144,0.053451157109507,9.068812720782333,4.48104899096832,0.599784417731154,4.05374643574575,4.56873646968809,0.216544062978397,0.0103886442014057,0.0061102883104249,12.8794013785969,45.5432068450729,15.0
4.302083333,30.0045692390576,8.81517939250531,1207.7115324785,60.0084115376221,2530.49911778021,130.543438021944,423.556528813651,4.25338027775491,11.4833164501515,4.30675100279791,1.17834884288804,4.10506850391641,4.45891263571523,0.0037988442634572,0.0002928605114221,0.0001510091291211,10.6639688602713,45.4385924560359,15.0,3298.31821581597,59215.0,2,30.0080811759411,2.07643384828727,1210.1802282619,56.0841573294028,2539.52006162262,130.749689398379,424.622726316109,0.0548809799036169,9.066685026135026,4.43644533929425,0.598362072773708,4.0082064620346,4.5754571830614,0.216165715903726,0.0103749796031978,0.0061022593601817,12.859461609701,45.5024712682366,15.0
4.3125,30.0001282552895,8.85502479598128,1204.30899825346,59.3921136070701,2522.02111302166,130.210690635446,422.836896457024,4.27916350226323,11.450079182794,4.31362676862896,1.18061618103803,4.07176668839641,4.46745510126518,0.0036276915024837,0.000280995439776,0.0001445364268989,10.6621102233308,45.3231557981619,15.0,3288.06972582962,60950.67956175976,2,30.0042494290698,2.08044044072257,1208.2017701216,55.4299762925631,2534.18081410294,130.582137652014,424.431722079329,0.057111683389075,9.084550356302973,4.40187548402597,0.60115563457025,3.96970768269915,4.58007400774231,0.215503173603354,0.0103507310338198,0.0060856197355057,12.8156077328698,45.4445867972919,15.0
4.322916666,29.9976092593578,8.91019653558478,1199.85733898734,59.0441625904099,2511.22557196897,129.758690498953,421.721773586967,4.29665906436535,11.4098456642391,4.36199631074614,1.18468389929587,4.05290331399757,4.47691150672904,0.0034687425955466,0.0002706201533549,0.0001388698308178,10.6610481438955,45.1661674227696,15.0,3275.08027879156,63345.0,2,30.0009402946074,2.09757369824797,1205.11640430628,54.9534550577966,2526.42211694043,130.290262212806,423.826492257177,0.0597978120513704,9.119087779499685,4.38807600051944,0.607219640967015,3.93979512004019,4.58323203294317,0.214717496949299,0.0103217350833878,0.0060643170074089,12.748789339006,45.3434247893908,15.0
4.333333333,30.0089892073376,8.96256734307242,1198.41279884434,58.9173602154615,2506.9630365187,129.646734494185,421.706658847512,4.3157100085161,11.3743216638148,4.43545746050686,1.18876662666838,4.04307416577067,4.4883919752568,0.0033118973766446,0.0002601331227298,0.0001331292485991,10.664773534306,45.1275178795714,15.0,3270.58058009983,63225.0,2,30.0048170374837,2.1022802858617,1202.13655559614,54.6501654558153,2518.88507329562,130.008896870821,423.251710604205,0.0601082808288187,9.139458641890766,4.40827153294186,0.610470138579204,3.9192801856043,4.5888692983746,0.214703608609048,0.0103209927297363,0.0060631544176321,12.696553352652,45.245870274789,15.0
4.34375,30.0125657753227,9.09713507453973,1200.27917833155,58.8131421572573,2509.71487108369,129.900247765405,422.882309625694,4.3420907509959,11.3447795083129,4.49348895815523,1.20100215054278,4.03563074204478,4.49770674438764,0.0031481942219428,0.0002482408724766,0.000126632253337,10.6655326371425,45.216085479399,15.0,3275.10437583225,62280.0,2,30.0085956675041,2.10416555921126,1200.72818483751,54.4376503685111,2514.71077199072,129.900874413689,423.245944833238,0.0595437888688774,9.127167920034655,4.45128227642663,0.61128928763413,3.90499090380622,4.5971129237614,0.215123164578422,0.0103362370481114,0.0060729342820933,12.6793448745371,45.2085760270913,15.0
4.354166666,29.991350138201,9.19781311186106,1199.41001913682,58.8191365586434,2506.20621586373,129.828211806537,422.993063947451,4.35968153626516,11.3092652958883,4.56849824982248,1.20970089711036,4.04128202004775,4.50302037375348,0.0030002129834547,0.0002382206817216,0.0001211706628275,10.6578271209066,45.1913355301142,15.0,3271.83598713247,66095.0,2,30.0000813644049,2.13890415222238,1200.49944346439,54.3622501103831,2512.92093388996,129.917853863525,423.639939646928,0.0631821979279006,9.130095982983049,4.49759980373664,0.619460326152088,3.89924430964751,4.60154706486891,0.21433621787183,0.0103070306334725,0.0060494515592189,12.6402837054949,45.2147868334097,15.0
4.364583333,29.9967660454717,9.49832403468574,1193.09352237151,59.0211022543825,2491.36584532737,129.167887891279,421.170847022242,4.36648346258445,11.2833902431736,4.66506241036354,1.23888428549143,4.04964136737945,4.5124414682574,0.0028794783157804,0.0002313483267248,0.000117377909556,10.659832591333,44.9617922754583,15.0,3254.08574785668,68660.0,2,29.9983585282073,2.1962556826209,1198.27350035503,54.4555952358193,2506.85516321046,129.71147990215,423.290671797974,0.0651451555486835,9.15495557087644,4.55780823333547,0.634056202326793,3.90110867441375,4.60531387895603,0.213809891976427,0.0102873059048754,0.0060299975049139,12.5818541977436,45.1432755319522,15.0
4.375,29.954071236884,10.4416712704231,1180.92012096596,59.4129129185359,2462.83410857664,127.79178218236,416.973993268236,4.32488339209658,11.2239407123863,5.16179544487391,1.33250837999934,4.09469008660396,4.51654578861922,0.0028319150309403,0.000233853392566,0.0001186923087386,10.645490774164,44.483040558765,15.0,3219.31196885287,84160.0,2,29.9716871923663,2.44114327906242,1191.46893721768,54.8521495879455,2490.81650307369,128.982980230177,421.191960426082,0.0764239216643079,9.24001767398651,4.7410844184813,0.68693601179818,3.91980994902075,4.59948746511335,0.210725512831364,0.0101723135159507,0.005927767473722,12.4313931517509,44.8901502904206,15.0
4.385416666,30.0066235004461,12.6727865511965,1173.37668559034,61.3275819322348,2445.41120158154,126.98974337475,414.605979161328,4.26714174710088,11.2029017020606,6.16439445439623,1.55652939218918,4.18683393864785,4.53491083129322,0.0028407924775064,0.0002410746646515,0.0001223394170719,10.6644227383766,44.2040659634581,15.0,3199.43644320274,84150.0,2,29.991685351025,2.77630508210117,1182.64797213229,55.8867758959891,2470.83683835816,128.021583430844,418.302932112416,0.0695747711950415,9.233226728065466,5.30147343057044,0.762543372396476,3.97219580840766,4.61115566757868,0.212776516933445,0.0102464180068605,0.0059418202012193,12.3876465499769,44.5558905863197,15.0
4.395833333,29.944603140783,14.9625698387459,1169.19020884056,64.0172612209426,2431.978181426,126.382015019409,412.813865281721,4.14435446919392,11.1520277505337,7.08889453557022,1.78619808556532,4.38454122804418,4.53507163679906,0.0030160749504443,0.0002646368392734,0.0001347453325284,10.6431106080709,43.9926934832209,15.0,3186.28066895389,105740.0,2,29.9595668893112,3.44981569751099,1174.53627303758,57.9357124905248,2451.81695693453,127.086235129327,415.446048898624,0.0759899897186055,9.174267654696427,6.16836007367974,0.893667131168971,4.09078885518156,4.61857734224639,0.211206830140919,0.0101869448929748,0.0058370570340562,12.3544614918688,44.2307092865236,15.0
4.40625,29.9593765094797,16.6983949540292,1167.47621638066,68.4932521831978,2423.29546693062,126.010898670933,411.680862450568,3.88056792615282,11.152203517653,7.90443241408816,1.96334930478099,4.68308443158187,4.54491160260773,0.0037796376689099,0.0003415211617587,0.0001754242655591,10.6500811068326,43.8635357980514,15.0,3180.61517431052,122800.0,2,29.959168521538,4.21478191787595,1170.60515197065,61.6227475567984,2440.12866602215,126.513266087513,413.678978830137,0.0732920079105208,9.117338110204559,7.15059474233897,1.03881025243338,4.32361315344539,4.63309164698844,0.210153335563953,0.0101480212052739,0.0057431078552223,12.3354071110817,44.0318554213308,15.0
4.416666666,30.0018699595371,19.7112347133004,1166.81106248812,73.7706929610282,2419.81312084391,125.912730444785,411.316812187384,3.5682066532966,11.2616993434314,9.12951143854836,2.27012387938163,4.96279756719933,4.54651357233765,0.005126150914908,0.0004563021541861,0.0002359304330033,10.6665999060978,43.8291424588731,15.0,3181.09017103807,119765.0,2,29.9911786897746,4.99008017256123,1168.00159644621,66.1586325941038,2432.2011930995,126.115549229945,412.416191407055,0.0574874902093554,8.924137699808652,8.28428104295774,1.16988344051217,4.59025556745425,4.66427960004082,0.21231418760914,0.0102317988765326,0.0057309524408913,12.5337643527334,43.8939588691612,15.0
4.427083333,29.9691980645179,21.8966296028661,1163.70757188565,78.6481931868918,2408.8979765608,125.407427777821,409.519657730518,3.25019130532468,11.4114283333294,9.96113989214282,2.49434580393963,5.27574039337682,4.52681403824585,0.0073129757656753,0.0006292759854935,0.0003278838994551,10.6590967757174,43.6527254299981,15.0,3172.37516442876,129520.0,2,29.9757462109352,5.91004623477698,1165.96866639197,70.9377555721934,2425.54217411573,125.777756020541,411.246741888777,0.0504482188112724,8.744220539111895,9.38307506659234,1.3067850195288,4.87432128916983,4.68128424250253,0.212057563779676,0.0102257388337353,0.0056547433288858,12.7801555749929,43.7767249676624,15.0
4.4375,29.9727485532788,23.8208203586375,1157.10957657606,84.2666562064539,2390.5299296591,124.472535818538,406.24838683306,2.90304734067662,11.5289461013347,10.8306583857033,2.69501046542047,5.63132009083072,4.51597309778781,0.0115166879793061,0.0009442534664261,0.0004971635559448,10.6680107634446,43.3263318602396,15.0,3154.46506271509,137440.0,2,29.9735254395053,6.89542505884772,1161.27518046973,76.2057175014382,2412.2810605097,125.080905936149,408.793755702709,0.043206581479917,8.631785373658538,10.3831434604248,1.44407907849565,5.20134327471275,4.69189386209648,0.212162000004204,0.0102329213530432,0.0055869508619184,12.9974507899168,43.5342123428041,15.0
4.447916666,29.9684778074499,24.8277974084169,1151.27100133884,90.2295830062422,2372.90517545063,123.517964515836,402.892670525038,2.59227904569451,11.5137306528858,11.5101707551032,2.80646150780202,6.03224163638744,4.51771180879072,0.0192149057602442,0.0014844376802496,0.0007889034890521,10.6775251998309,42.9924264228899,15.0,3137.85661594461,147765.0,2,29.9694049697631,7.81758355348142,1155.12575467061,81.976049578002,2394.98071607632,124.144312849077,405.492390690705,0.0384527383694164,8.521600746724989,11.2568722822775,1.56159687632037,5.57246163874238,4.70232866652145,0.21206060542114,0.010232298169268,0.005523888482672,13.1551690271193,43.2076527222656,15.0
4.458333333,29.9846997837819,24.6922995011587,1148.97203768565,97.1717291364144,2364.38399113864,122.983015571463,400.905589331998,2.37344105921601,11.3791452558679,12.0266875736121,2.8057426962563,6.453162501072,4.53643132835168,0.03167563978368,0.0022875794591224,0.0012215099347033,10.6956754404095,42.803539203962,15.0,3132.9149265511,149145.0,2,29.9817376785502,8.20910882487509,1150.80711987444,88.2889451337426,2381.71439563822,123.375080249824,402.731436312805,0.034428569731022,8.34350293428589,11.9524147718069,1.60958318506176,5.96925254452078,4.72488996236787,0.212616876274294,0.0102564468658745,0.0055133343346677,13.2842203236047,42.938325685407,15.0
4.46875,29.9866639145944,23.3811588280625,1150.47764380877,103.98216940371,2364.0842583961,122.840157406232,400.185938913321,2.23498960399822,11.1862433605425,11.9829527305727,2.68700946759533,6.86692291207466,4.55787936835626,0.0480759548518791,0.0032625516019204,0.0017476859167196,10.7073065013239,42.7498308358817,15.0,3138.23999907301,149185.0,2,29.9857164264153,8.08288960676045,1149.91864816984,94.7202205878379,2376.06621450821,122.977919316228,401.18754137841,0.0326172407543805,8.157696625639522,12.2472383547515,1.58652099040317,6.36295178046012,4.74816680783964,0.213146747908513,0.0102792445300062,0.0055358678138923,13.3420486326996,42.7971525143215,15.0
4.479166666,29.9901934810302,21.5044867374216,1152.64734580538,110.405671903019,2365.61121697354,122.768546867044,399.689698185382,2.135907511605,10.9811728092033,11.566360499907,2.5106202243899,7.25126132909298,4.58002598483306,0.0659383566841266,0.0042538883778782,0.0022897981862868,10.7167506501005,42.7198060854416,15.0,3145.38171436485,,2,29.9889328356091,7.64726513831266,1151.45290851608,100.908046891203,2375.61260107503,122.837953493884,400.477587685027,0.0317702433067893,8.012284160181757,12.0895996177048,1.52034839146442,6.73823500760829,4.76753834301423,0.213958788577474,0.0103116356490827,0.0055848736249305,13.325853196989,42.7441752099859,15.0
4.489583333,30.0265720562641,20.0346139476475,1159.67077377237,116.750682640057,2382.32365620146,123.505401751624,401.801467061436,2.06549829426951,10.8884838210419,11.51910449789,2.3720035620109,7.52471063524148,4.59394251543959,0.07821864175079,0.0049078071645215,0.0026552281334581,10.73064094477,42.9708045761618,15.0,3170.26708950233,130695.0,2,30.0157911486348,6.92808487094468,1155.37761495969,106.450851862947,2382.94816856827,123.092322319539,401.075021379607,0.0284930513796882,7.822551410703468,11.9416415663267,1.4186680710414,7.02826638593449,4.7929144144002,0.215198889300481,0.0103597305049076,0.005664986067856,13.4039333028187,42.8277395040965,15.0
4.5,30.0056311767295,18.7598771256938,1166.50187018498,120.059945551945,2396.71427805805,124.143222478277,403.574061068526,2.00700653718844,10.8915035381739,11.133203670461,2.24888499254545,7.69238410114699,4.58400169016678,0.0817180128605897,0.0050947130018506,0.0027656781776599,10.7214014137867,43.1876908913116,15.0,3190.63580117482,124650.0,2,30.0072933535553,6.42935578254386,1161.59311851197,110.372659055399,2396.2049237172,123.677426708627,402.737149770598,0.0273438034934577,7.717510943472908,11.713655508054,1.33311365819191,7.21892110140186,4.7985696306324,0.215017359790164,0.0103544011586976,0.0056993340621693,13.4652747303102,43.0263755014808,15.0
4.510416666,29.9951154398717,17.3628834749845,1169.30248750682,121.978437734328,2401.72499608582,124.287128505912,403.768704442457,1.94747975530793,10.8889846608955,10.5764376539824,2.11316246183224,7.81073761846117,4.57652723996909,0.0814908089101259,0.0050898532059553,0.0027696694892108,10.7180726268209,43.2330558100568,15.0,3198.22110756405,124625.0,2,29.9975071720097,6.08836774812152,1166.51217326106,112.923454114827,2405.84176737232,124.087397170194,403.80791918132,0.0272573029941308,7.735645463099829,11.2784351319118,1.27130861300982,7.3572596223678,4.78979832579613,0.214663526886199,0.0103412581490174,0.0057176171910306,13.4372262146932,43.1642191590435,15.0
4.520833333,30.009535159303,16.2900275401453,1172.24989262558,123.86449072586,2408.97210464643,124.546365217045,404.364394494002,1.8887740773835,10.8833173588667,10.0762244844592,2.00981930690703,7.88906210798071,4.57418352944261,0.0790954669322908,0.0049774520629099,0.0027132709150027,10.7229802863679,43.3189052217399,15.0,3207.98711469799,119620.0,2,30.005366681455,5.75741555702418,1169.75072457853,114.764922887872,2412.36480631844,124.331026501529,404.357999362424,0.0261430668165508,7.755127734776751,10.7839997024739,1.21464905218358,7.45247030616682,4.78394205271788,0.214527110850246,0.010336074647238,0.0057405393101634,13.4122816284589,43.2444839631038,15.0
4.53125,29.9993044569963,15.2268918280778,1174.82442106959,125.171134709088,2414.44460368803,124.713164132789,404.674000659652,1.83284064063469,10.8790265991369,9.6596621105678,1.90648547998933,7.96132347962676,4.56704703767019,0.0744518675178215,0.0047457185904929,0.0025893156323046,10.7186296851709,43.3731020709055,15.0,3215.40031974754,119285.0,2,30.0008402688534,5.50608121537545,1172.64110348004,116.166377660764,2418.41471637516,124.551191687323,404.844874092947,0.0259084743336257,7.7860450394921665,10.3127369845855,1.16691079435703,7.52263176216883,4.77437399736346,0.213755951503045,0.0103073675774247,0.0057431303022594,13.3697772761092,43.3169902140684,15.0
4.541666666,30.0359018823749,14.833806787422,1181.75550488385,126.183687565697,2433.14468329037,125.593379880835,407.291808422185,1.7960432675956,10.9607509678756,9.2566618191255,1.86945143373908,7.9378950449388,4.55863496276258,0.0664104636795514,0.0043213542093823,0.0023558630590644,10.7276276218979,43.6762371285533,15.0,3238.23397587862,105440.0,2,30.0240356559804,5.20108587468293,1176.81375491178,116.959480115959,2428.81486552996,124.992737301513,406.088698908121,0.0231466799329257,7.73817071432429,9.92838950099996,1.11571079232801,7.53783911859604,4.77631196333417,0.213642728275088,0.0103036171664456,0.0057662273239377,13.4473146189383,43.4671325395686,15.0
4.552083333,29.9562233907401,14.5603177965809,1179.16156034147,125.00393809511,2423.36044270009,124.972781941454,405.077865383249,1.75529977881007,10.9485232851732,8.93021921591612,1.84292976915602,7.9806360103975,4.53971552591895,0.0594719176588957,0.0039344002708403,0.0021427963312558,10.6999545579066,43.4579181821058,15.0,3225.77587998261,124010.0,2,29.9750119706642,5.34941220936481,1179.46238101928,117.065846297196,2433.97062402737,125.180641799492,406.458820605114,0.0260709186245661,7.859051031772974,9.49586566569333,1.12322342418466,7.55679474810128,4.74807060124818,0.211320769410441,0.0102163619647185,0.0057000441852102,13.3301502281739,43.5296219567163,15.0
4.5625,30.0064012163646,14.5520424520481,1175.62356339609,126.49619378001,2416.80376844772,124.499964355836,403.397770300858,1.71124782880006,10.864400307994,8.70266673690202,1.84624810270715,8.03864842814651,4.55649834987108,0.0563803556152196,0.0037602663806371,0.0020481616926592,10.7203278975133,43.2913034914083,15.0,3217.58442282894,,2,29.9975618554527,5.38309453765835,1177.58491289006,117.784424160634,2428.89671059708,124.803331821201,405.027917150274,0.0248241688935689,7.905235069742498,9.1866242419711,1.13336096808111,7.61597451727588,4.74473079592899,0.211426345438007,0.0102198568252277,0.0056992766714871,13.2517405197037,43.395917286385,15.0
4.572916666,30.0160221031047,14.634760642481,1180.77936688081,127.539325918852,2429.92401036285,125.064872402856,405.061337806862,1.68468469345255,10.8412970378144,8.44936246518449,1.85755787457396,8.05506313941635,4.55825354762464,0.051847570947325,0.0034917745933314,0.0019002763214914,10.7208154173768,43.4861925826053,15.0,3233.89132946613,113970.0,2,30.0107083831793,5.3166795792218,1178.06906007975,118.56483066306,2430.98116257056,124.785958825233,404.823719997387,0.0231698706785151,7.798105435951785,8.95001339807724,1.12281280916975,7.64239878329657,4.75536274551001,0.210976324695893,0.0102043604296132,0.0056956381400847,13.3129261817572,43.387970549976,15.0
4.583333333,30.0078149473684,14.8400345667498,1186.16912681032,127.320737057616,2442.95169758643,125.637250891289,406.734543825264,1.68121836562393,10.8806132327966,8.29818432184726,1.87973476415558,8.02393187433982,4.54891096540839,0.0465599066580861,0.0031633478563672,0.0017183834162243,10.7145684056981,43.6842108233649,15.0,3249.37317524571,109915.0,2,30.0087954444391,5.2742060037686,1182.19671110699,118.729459944366,2441.42655397232,125.210133364419,406.05438020113,0.0223184211631134,7.698882510879491,8.76076376713387,1.11357128386339,7.63230077205709,4.76073562163929,0.210209456134727,0.0101768678081978,0.0056826376893989,13.4057544511133,43.5341011522217,15.0
4.59375,30.0353935362613,14.9799843177806,1193.96675822921,126.415624221953,2463.61711846542,126.624494862069,409.746926774301,1.71091023005693,10.9958070887903,7.96831686380518,1.89442393052672,7.90870958426286,4.5364578573517,0.0409413906927588,0.0027993617684445,0.0015166026750111,10.7193795139187,44.0269923198563,15.0,3273.29843615461,97205.0,2,30.0247491635568,5.07649464638249,1187.72525193072,117.978060704862,2455.89637608977,125.848972320161,408.000327555945,0.0204905739841184,7.577691763821957,8.57224227973975,1.08587349561833,7.56206229947415,4.76932061808668,0.21035799411472,0.0101835328997391,0.005703342857193,13.5829586185382,43.7553270765545,15.0
4.604166666,30.0254674251275,14.8827872592856,1202.1377110781,123.396235759668,2484.51477174812,127.645205982281,412.875041290623,1.78279689547401,11.1555600046212,7.67962273777581,1.88313440937638,7.70835714148901,4.50993424516026,0.0353287484176281,0.0024240276299526,0.0013096245490381,10.7097867411786,44.3818190502518,15.0,3296.21308868178,89030.0,2,30.0242364697226,4.83327216971665,1194.4470564863,115.911850913878,2473.57427542042,126.675524633984,410.571317682243,0.0200277010644061,7.4847890238265675,8.34246767919813,1.04655585634722,7.41839534144192,4.76938442189065,0.210141427433488,0.0101761491762967,0.0057194366378849,13.7764438812581,44.0422050482806,15.0
4.614583333,29.9302232043166,14.2110271350194,1192.16441389098,120.196488675449,2458.01985438817,126.162530030199,407.991419012426,1.81807476085292,11.080433298505,7.34341526526019,1.81418449171572,7.67701753501083,4.49608806474215,0.033437467116657,0.0023029895754979,0.0012465127609938,10.68044462764,43.8660834828579,15.0,3261.30059211006,118475.0,2,29.9561863754469,5.05207382090519,1195.96476197998,113.683679079369,2476.43261384131,126.766914776193,410.669929307241,0.0263385187907251,7.7689184183920315,7.94590254620991,1.07402925043041,7.32427702434103,4.72261652375547,0.207591783727735,0.010076976511518,0.0056386110704568,13.5211725410411,44.0736971903928,15.0
4.625,30.0291494792637,13.5623629561422,1186.11408404693,121.011122700971,2448.82943924599,125.564927033181,406.017190299895,1.80502233209488,10.9295733439764,7.3098338930049,1.75162211708575,7.65235747396529,4.5301208691606,0.0337936801965655,0.0023239405061645,0.0012594479066021,10.7190897318726,43.6582375658743,15.0,3248.39625066963,108310.0,2,30.0056972466379,4.86747772100739,1190.4326791021,112.924826416316,2464.35721771312,126.045675956317,408.210436318059,0.0246665280703451,7.878132694610311,7.72766589567926,1.05965488748362,7.29607212736284,4.72094768414824,0.209247693292407,0.0101376357522651,0.0056909047226621,13.3611739811715,43.8227320234849,15.0
4.635416666,30.0220283741754,13.1771111203347,1193.52310461629,120.488499777985,2467.64526226817,126.445128667134,408.783719543778,1.83648878193204,10.8837409398066,7.23397186559276,1.71279503592838,7.58426441579812,4.53104277453442,0.032231642084453,0.0022118082490328,0.0011977555532236,10.7112727375783,43.964608555644,15.0,3270.63774257175,100760.0,2,30.0166214594434,4.64429461541564,1190.03327073027,112.287953457369,2465.64661501238,126.015890642189,408.065523012477,0.0240267065549281,7.777927437879572,7.63272542851262,1.0199199746126,7.23513471118863,4.73192204879506,0.209265960349999,0.0101392362200591,0.0057111540813158,13.3849900071877,43.8123881885778,15.0
4.645833333,29.9853368681102,12.9906821094642,1195.87673494477,118.852960149964,2472.69512600985,126.619134525964,409.26830168555,1.89020857860576,10.8663162832197,7.2147567500149,1.69284715712954,7.52080384123008,4.52402613762276,0.0304174723405785,0.0020880096633039,0.0011305882336363,10.696182752002,44.0255932595086,15.0,3275.5033879317,105805.0,2,29.9963588827726,4.60595700478233,1193.48072164539,111.295081063108,2474.38629347174,126.386379908469,409.19202903641,0.0259984818315316,7.773847043327261,7.5496773800403,1.00844057834054,7.17362276800789,4.7266072243112,0.208208153064228,0.0100993889576457,0.0056895546956397,13.3410903824448,43.9414352825307,15.0
4.65625,30.0624684138286,13.0981739546357,1204.5909957281,117.766811670276,2496.6913710664,127.79321520344,412.991853804139,1.98916749092862,10.9530525400276,7.18431457795666,1.70304451926392,7.36956614783026,4.52664825874464,0.0281242288141498,0.0019255361696404,0.0010410057788961,10.7189001358312,44.4345458982592,15.0,3303.20159502796,86740.0,2,30.0346819623369,4.34765671798473,1197.94802991267,109.849374636401,2486.47218816904,126.923763402472,410.902035614198,0.0231947881572297,7.670162806278662,7.54568327515091,0.973445416225622,7.07199162133564,4.74049598207647,0.210112790127042,0.0101714927276354,0.0057572121294129,13.474970473507,44.1286204479218,15.0
4.666666666,30.0125911197326,13.217616905308,1212.43857739148,113.942153489825,2515.78326510916,128.732502739516,415.982837693418,2.15723570052947,11.0588527848991,6.95168214985051,1.71127574805058,7.1527929143627,4.50179025385786,0.0252643614271932,0.0017273422976462,0.0009330092687793,10.6956087443403,44.7620156697316,15.0,3323.73101406985,83255.0,2,30.0213422633175,4.18489465962977,1204.35980476013,107.236868616098,2503.35203275621,127.728723807051,413.508494578687,0.0245141209342607,7.5705897594212885,7.46156453953694,0.942891439544704,6.90406806201761,4.7419346658798,0.209893688899146,0.0101638978482948,0.0057671169951126,13.6371747808656,44.4089235824939,15.0
4.677083333,29.9766183958961,13.6225715280445,1210.87761212863,110.286048009704,2512.51581811557,128.506484867248,415.262450111223,2.29547043819437,11.0809999335741,6.88629379053815,1.74814740317323,6.98740074747031,4.49014387384409,0.0234689135818062,0.001608621207478,0.0008692836133359,10.6825100302429,44.6842440216673,15.0,3316.59949294053,91320.0,2,29.9936917034812,4.24675222782143,1208.87081105192,104.2366820696,2514.81175878532,128.268954109501,415.22958333843,0.0282666553553597,7.661129569093529,7.31478232198322,0.956018865197084,6.73832106460988,4.72304512466421,0.209204295704157,0.0101364402486504,0.0057437690755323,13.6028239436232,44.5973179510233,15.0
4.6875,30.0045896185996,14.3080468578185,1207.68961487117,107.989116381808,2507.38865540016,128.184308370072,414.256744037195,2.36618932488864,11.0491311051033,7.01288964194914,1.81434759279749,6.85310421043005,4.49719095693206,0.0224041053418782,0.0015413129752759,0.000833099762327,10.6930810264732,44.5730029622234,15.0,3307.56108151697,91100.0,2,29.9998637448469,4.30927054240938,1209.03109078521,101.652941090593,2516.56657943691,128.300080892178,415.318097741441,0.0288556992943647,7.739565666333163,7.28444807442324,0.977508172343955,6.59865513599575,4.71402260588079,0.209853244869357,0.0101595184760715,0.0057522323227717,13.5491801996635,44.6088017162506,15.0
4.697916666,29.9987871764832,14.2510150770536,1206.348788504,106.261424450993,2505.61552417121,128.040302967276,413.829360049453,2.40713672509137,10.9907988776354,6.95529091129264,1.80599231851887,6.759681628442,4.50073324740377,0.0214432199034948,0.001482041874326,0.0008010574892661,10.6905822548626,44.5237115351773,15.0,3303.46433375858,93065.0,2,29.9989542301071,4.30280039159994,1207.5821572349,99.6091934281706,2514.89503724289,128.156777442223,414.866893878385,0.0300709915265655,7.758648731767119,7.28669454006069,0.983581986171465,6.48397235199957,4.7110839939312,0.209609845936333,0.010149921026891,0.0057465432769514,13.5083698151349,44.5596770246423,15.0
4.708333333,30.0133058548701,13.9253211912287,1207.94797128861,104.806821549752,2510.94358589683,128.273733262064,414.615160521771,2.44489739369262,10.9594078448956,6.79704653040191,1.77091557337276,6.6633466977158,4.50531347753391,0.020443465177225,0.0014191999277773,0.0007667489383485,10.6946950620452,44.605644551841,15.0,3308.39468780315,90280.0,2,30.0077746515232,4.1860490138426,1207.37184206943,97.9705078876332,2515.87102984879,128.160453621402,414.906949482847,0.030146728631675,7.753399332133413,7.22170038290982,0.968052775902774,6.38796526522299,4.71278482212409,0.209712624069905,0.0101536323243667,0.0057591771576631,13.4842008341482,44.561646369399,15.0
4.71875,30.01160992887,13.0237579508465,1210.81670174996,103.053966155086,2518.8358668121,128.650993605257,415.863599677736,2.50286516864755,10.9602022276739,6.53202949213513,1.67769488541809,6.55534576307975,4.50337331850599,0.0192678326632701,0.0013432283202862,0.0007251768050045,10.6923202788362,44.7375719638978,15.0,3316.46902497303,87890.0,2,30.0102059098539,3.97248177604358,1208.67483738922,96.3245773834837,2520.12460077023,128.350941031174,415.562507515042,0.0310100385980449,7.759484041460781,7.06180865317987,0.932074728082841,6.28892500162637,4.71187604268986,0.209606968757316,0.0101492184194411,0.0057754071862829,13.4609501445266,44.6285132828858,15.0
4.729166666,30.0074955173004,12.7595656568404,1213.01228592002,100.882588215112,2525.05876430193,128.95230432746,416.873228257297,2.57435183029792,10.979249754411,6.44029267935931,1.64797499908527,6.43118056250127,4.49926580674111,0.0180294594244,0.001262592705998,0.0006810945873792,10.6892553977395,44.843065898275,15.0,3322.21667769007,86675.0,2,30.0086159992177,3.84136353421201,1210.72931219135,94.4999416578949,2525.84185380346,128.632076374232,416.513281698712,0.0321026028489599,7.804981339534801,6.88742235590605,0.906233325521565,6.18214164816166,4.70576441276345,0.209701956955884,0.0101518669091479,0.005788708610177,13.4172381789569,44.7268575356937,15.0
4.739583333,29.9984528567924,12.5405920463042,1213.03500176838,99.1252336358005,2525.93382719182,128.980355946951,417.011911585139,2.64175758866279,10.9902743087923,6.38655815194518,1.62284002391393,6.33761311395048,4.49565324631434,0.0168437472619407,0.0011861574067584,0.0006393922369299,10.6849862136132,44.8535280941771,15.0,3321.7048936667,88190.0,2,30.00252599301,3.77144302925119,1212.15310851166,92.7245021944231,2529.95062493853,128.836062915381,417.211435713243,0.0339335260085282,7.8796717139329315,6.76073962950236,0.894644897842197,6.08139553319396,4.69604935415874,0.209626607068804,0.0101477467185464,0.0057920227722512,13.3515815519843,44.7983796415525,15.0
4.75,30.0018846465395,12.7951039540999,1212.20911350321,97.7014097610393,2525.04688533106,128.921868612699,416.883352396919,2.69941477455152,10.9918808763398,6.49725460995689,1.64550419799394,6.25723429991705,4.49607303697994,0.0157328766948193,0.0011148595009103,0.0006004725079537,10.6852854692866,44.833917627789,15.0,3319.19741042453,88720.0,2,30.0020747112938,3.76887813856611,1212.42648032252,91.2183247606236,2531.42079097087,128.903608537601,417.471946949281,0.0349510026363087,7.949407453117414,6.72508716545588,0.896053307661974,5.99630134268778,4.68841562449876,0.209871308248776,0.0101557869714184,0.0057969809332625,13.2907315182065,44.822484642974,15.0
4.760416666,30.0036471879157,13.1388775343676,1211.87230744226,96.4814703396012,2525.1649321403,128.919849289397,416.948524931524,2.75547298997503,10.9884833414691,6.61581154734142,1.67728386926273,6.1863138059195,4.49727502502424,0.0146511230650539,0.0010450380854329,0.000562329663848,10.6847304550964,44.8339853333336,15.0,3318.16580210731,88735.0,2,30.0030061506761,3.78912642870588,1212.1510453117,89.9313742541132,2531.75100169366,128.909320216724,417.545136503069,0.0355983489692864,7.980198021444743,6.77921983600482,0.903262027039742,5.92228307751825,4.68540996276955,0.21013052335052,0.0101648150883787,0.0058005713528009,13.2637610003894,44.8251193373227,15.0
4.770833333,30.0039405176316,13.6817516053475,1212.03219167105,95.3912969156125,2526.24339843637,128.972086162562,417.195877407677,2.80919498234453,10.9874357477453,6.74964621426661,1.7290769957435,6.12268025952162,4.49836079635977,0.0136270774531477,0.000978994206794,0.0005262336765402,10.6837151573638,44.8529449897869,15.0,3318.5158466873,88665.0,2,30.0035283491949,3.83918720879067,1212.03167107304,88.8130506018701,2532.42507871297,128.931762498579,417.684375952158,0.0359829508657738,7.981663048283428,6.8791343365108,0.915503461902582,5.85720510722335,4.68565722055527,0.210339951772803,0.0101723862448429,0.0058006671206788,13.2634694959547,44.8336020090023,15.0
4.78125,29.9509795267683,13.4856953998451,1201.36223532743,94.7485517229791,2500.30115206047,127.624775291728,412.900883142779,2.76462841684871,10.9126837511578,7.00634823391189,1.70734502302607,6.15787999976479,4.49867228147892,0.0131440823529569,0.0009594531351323,0.0005159857557732,10.6675059507263,44.385117128368,15.0,3285.99203600531,108690.0,2,29.9667712568705,4.0711196577906,1208.18634767096,88.3007873517502,2523.45133337835,128.470275870138,416.207248392874,0.0424425992538466,8.126185523099235,7.01249919764232,0.956530334616669,5.84522637962366,4.66760068767327,0.207801392208909,0.0100752335709526,0.0057175129079141,13.070266864004,44.6739528839582,15.0
4.791666666,30.0096495182483,13.4827853196591,1191.47928162041,96.0144307703267,2479.99208659214,126.571869568857,409.518079500229,2.65419238127718,10.8673707823807,7.04262465174372,1.7075493453838,6.20191426699551,4.51757335679193,0.0130957439338488,0.0009689656415142,0.0005211045677362,10.6898237277719,44.0195623953765,15.0,3260.6964828355,105880.0,2,29.9957943561051,4.1255381418075,1199.78816162228,88.7909341260499,2504.65660872753,127.495920388431,413.058328439957,0.0395232862142475,8.19829947484809,7.15955548319911,0.971875553184912,5.88121180290349,4.67062422369176,0.208415130859712,0.010097915185285,0.0057268301817481,12.9529869560822,44.3359839350402,15.0
4.802083333,30.0057904985194,13.441357744075,1195.49286647276,97.2100560287505,2488.81212678026,127.0207405813,410.962229213592,2.59712868696719,10.8800664493728,6.56475312295985,1.7030757335081,6.2585479201183,4.51765109409554,0.0127919352707712,0.0009545994406118,0.0005127680611712,10.6866230421483,44.1762350038532,15.0,3272.75569056039,103745.0,2,30.0029476700182,4.12593146053409,1195.32019051994,89.5779658020001,2495.23768639997,127.002781966405,411.476775801563,0.0379400490797947,8.166257751713355,7.03947494940028,0.968383405580362,5.91729749532426,4.67835784145005,0.208424303384641,0.0100990013428921,0.0057278309498711,12.9554618270642,44.1652402482298,15.0
4.8125,29.9924805051861,14.3054238077619,1197.49576334314,98.0635596633265,2492.41206668619,127.201787911615,411.520017450822,2.56807871762586,10.9288623051998,6.87678758008757,1.78903123387423,6.31589382310347,4.51184219017994,0.0124305206970317,0.0009353535130524,0.0005019439792196,10.6811951810284,44.2397019186223,15.0,3278.19967273029,105790.0,2,29.9964666971984,4.30102026703331,1196.45983454798,90.4826046672025,2497.60513208176,127.11226816095,411.822308090549,0.0372363985971402,8.150057271465514,6.98763907334515,0.992570358544384,5.96744040618316,4.6802317306359,0.208300631037847,0.0100950133957552,0.0057102468094619,12.9790636494216,44.2040205455168,15.0
4.822916666,30.0499442318749,14.4898760159672,1205.22014067272,98.8127220706794,2511.99598829736,128.21690452882,414.774789245941,2.61714857966648,11.0553569873761,6.84275683730212,1.8074078407405,6.29052177498933,4.50966765780163,0.0115223005579286,0.0008692541318447,0.0004649144216212,10.6991133508207,44.5932848674098,15.0,3302.7103722622,89650.0,2,30.0280160005558,4.14375821301911,1199.76408502898,90.9522501872974,2505.92481420895,127.516574222165,413.147843544315,0.0325749269857053,8.037773229258203,7.08998144588844,0.974961668409532,5.97770854474888,4.69650878176936,0.210456207431407,0.0101769457090002,0.005776041654776,13.1672307431339,44.3451537215678,15.0
4.833333333,29.975234296029,14.7005021998309,1205.41952722396,97.8189564401856,2511.07028991028,128.170442851235,414.619657221333,2.69943417900702,11.123727357921,6.85524570539241,1.82628732769718,6.2730275411404,4.48826610111131,0.010482378255559,0.000798119797678,0.0004261887275094,10.6715882680722,44.5777159815115,15.0,3301.25744222139,97675.0,2,29.9944763372982,4.21725936064182,1203.31483507033,90.7537439548375,2514.31823225901,127.945064090134,414.539487860219,0.0362033863641112,8.044522731517123,7.09970050303992,0.979875587053205,5.96007567301111,4.68792393694053,0.209370841353244,0.0101357759628241,0.0057434112066381,13.2286380953212,44.4946185872179,15.0
4.84375,29.960949437756,15.3733772380357,1194.78874470283,98.0592033968034,2485.30221228656,126.82028717549,410.255515284925,2.66733938627112,11.0902406455653,7.22973735538241,1.89335568214476,6.34820520643225,4.49087600072893,0.0104532854636982,0.0008065109176583,0.0004314667999676,10.6700969677568,44.1086934411035,15.0,3269.50099221578,113180.0,2,29.970188548412,4.58084273308957,1200.80169515527,91.0246813654047,2507.61143114337,127.593199199024,413.347294666826,0.0398110873986258,8.206696493103824,7.22177862804021,1.04105372053311,5.99902645296151,4.66804241366414,0.208178752740244,0.0100893386827076,0.0056821157157926,13.0935625574419,44.3728818189212,15.0
4.854166666,30.020446081809,16.1604163957076,1191.70551005683,99.9863064471791,2480.18338320806,126.530674714878,409.304794732372,2.59842838820004,11.0558582320462,7.60558125110171,1.9736450485064,6.41477813853621,4.50735784069693,0.0107199507192491,0.0008297600104846,0.0004439806597054,10.6920690895034,44.0085089772781,15.0,3263.78938360245,105910.0,2,30.0038484471276,4.72487590554285,1195.06386700498,92.0655345863033,2494.97297568559,126.90445570716,411.090495241912,0.0355561271965281,8.176704110428163,7.54987149587472,1.07453477643902,6.0620856765664,4.6792317863908,0.209639692987443,0.0101448206137182,0.0057046921720636,13.1191250932609,44.1340339955486,15.0
4.864583333,29.9960880872295,16.5134831856226,1193.83791229948,101.030179218688,2484.4453548803,126.725802204335,409.899410388303,2.56374119049151,11.0449160373624,7.72226907601274,2.00917791669829,6.47980409417107,4.50445075883608,0.0107584377404511,0.0008352946480269,0.0004467605307858,10.6828157315367,44.0768724865484,15.0,3270.01164860824,107180.0,2,29.9990308923153,4.84283688084695,1193.53265055647,93.1592974300633,2492.11184176023,126.717556609298,410.468124471037,0.0349202957122502,8.077056837208184,7.81351610872534,1.09165640301032,6.11786833514272,4.68923769839662,0.20925919962718,0.0101318194219123,0.0056871062010506,13.1945133881718,44.0696331667421,15.0
4.875,30.0114779332228,17.049977205904,1196.81063058589,102.035151055871,2491.77076124294,127.082044186827,410.993185677941,2.53989420877557,11.0842971971037,8.00593420041437,2.06324263822659,6.51680189152655,4.5028334468967,0.0108330463770685,0.000842333845083,0.0004502213800981,10.6883729074425,44.2011544853215,15.0,3279.6696954261,102610.0,2,30.0072804085924,4.8941820500076,1194.92969717086,94.095570504273,2495.71730842389,126.863000764992,410.910742112819,0.0327348046126002,7.984767031164395,8.0617016854175,1.10103065180848,6.16521658458901,4.69957696589384,0.209707106952101,0.0101498758930197,0.0056944820396499,13.2965909665962,44.1207185075561,15.0
4.885416666,30.0369133742267,17.5640804278138,1204.1781839106,102.232529080174,2510.3302391925,128.031000749912,413.990084792653,2.56825340444516,11.1943559665888,8.07014762845805,2.11417438609718,6.47894436095213,4.49334038723742,0.0103822011569574,0.0008081249666876,0.0004307488070913,10.6953870293939,44.531493433684,15.0,3302.47014836965,90490.0,2,30.0248961420041,4.75505406462695,1198.68127433745,94.3556103071837,2505.54402538859,127.328404505179,412.40606116435,0.0294451150347593,8.25842347527782,8.28053664156317,1.08202112055793,6.1624566796728,4.71463271596901,0.210835874477822,0.0101938485825047,0.0057341425223168,13.5069561742375,44.2828909840749,15.0
4.895833333,29.9246167780767,17.7494271601444,1192.62613168161,101.411207749866,2479.2249585549,126.394640954984,408.633896208361,2.50274988701824,11.1472152431673,8.08482363558679,2.13152834152671,6.58110265996035,4.47591192677813,0.011173169683238,0.0008780153478196,0.0004702803816622,10.66072526567,43.9623770408131,15.0,3264.18990914291,122395.0,2,29.9519415452215,5.32762489463097,1198.10703498151,94.5892838039461,2502.89047936945,127.183355782678,411.824744190122,0.036617537306814,8.43679665496536,8.3063698674484,1.15705308736195,6.20761537889941,4.68240409212318,0.207571816102722,0.0100697097193669,0.0056095977797336,13.3387446880137,44.2327472263092,15.0
4.90625,30.0242869879945,17.9011279547226,1185.10532860459,104.247054765477,2465.2625044064,125.627991655149,406.073540837395,2.35233451394341,11.0844870051958,8.17460232689959,2.15010379498921,6.68325231955507,4.50132023543483,0.013324679838051,0.0010336861865608,0.0005553897418839,10.7009219617242,43.6955405033428,15.0,3247.50897057927,112950.0,2,30.0022158842117,5.4038083424648,1190.5922379071,96.055397556881,2485.5736422883,126.245939533508,408.679695545029,0.0315062738313673,8.46227720763255,8.40478279924743,1.18383379664717,6.30959269820109,4.69015528814214,0.209269843305454,0.0101339984552526,0.0056431056256471,13.3002970402058,43.9069499397373,15.0
4.916666666,30.0105375777506,17.734378912405,1190.59732570948,105.899840269857,2478.09122099501,126.249014409041,407.966175400127,2.28091967792954,11.081828967386,8.29509858341649,2.13459540796368,6.75731152086034,4.4970678180451,0.0144014984070186,0.0011058279280197,0.0005938659580135,10.6945245970293,43.9113021585309,15.0,3264.53615920653,108365.0,2,30.0083330927246,5.31699343380207,1188.68683077548,97.5651102231177,2482.34770034775,126.030912314581,407.907214305591,0.0295127212120071,8.33473558301994,8.52494905763177,1.16562207650864,6.3800092667914,4.70268265522821,0.209230194050817,0.0101342306240707,0.0056508711198966,13.3906868336664,43.8321561680634,15.0
4.927083333,30.0061517943944,17.4598893349524,1195.08964273092,106.73434247894,2488.52818746496,126.752531290949,409.463436268352,2.25614177826079,11.1343717582461,8.30837839063802,2.10765635024586,6.79576056012683,4.48797551916129,0.0147839045662535,0.0011298444068912,0.0006061987552569,10.6923891046137,44.0861246539155,15.0,3277.99069866603,105315.0,2,30.0067329553078,5.20814829247976,1191.87029894818,98.6201818281938,2490.02567709264,126.385531508837,408.961412682542,0.0285790704543455,8.26904105888621,8.60872314564212,1.14410157015137,6.43057294616085,4.70598126995698,0.209209943281594,0.0101342879877608,0.0056600256783918,13.4653927622451,43.9553077238023,15.0
4.9375,30.0739648366204,17.1211815359294,1207.25311374647,106.811272107717,2519.75544589841,128.352174826808,414.489678430813,2.31091158182153,11.3149488272823,8.19539768172039,2.073596219767,6.70833835916716,4.47608847931151,0.0135745116703664,0.0010367734182037,0.0005535548567247,10.7119049281189,44.642292490353,15.0,3315.97798312543,83415.0,2,30.0434393236875,4.71637938385,1197.93878907993,98.6049191063304,2505.54757899065,127.142891891429,411.360560474219,0.0244304456370017,8.11285153602967,8.65453813489839,1.07124641793111,6.4033812278857,4.72179235477519,0.211141590582248,0.0102080079197333,0.0057472484792452,13.7105452662281,44.2183947496854,15.0
4.947916666,29.9108755385108,16.5521902610034,1195.84258100953,104.688763916636,2488.07303497202,126.684073670124,409.005948297528,2.30949144501323,11.2824388411833,8.07468870675104,2.01437667274761,6.76876475843302,4.44556390016391,0.0136329107038442,0.0010541947802395,0.0005653292081719,10.6581454172964,44.061750356706,15.0,3276.26711416691,120610.0,2,29.9483343246691,5.1363816385492,1199.86022715057,98.1116731300447,2508.60117128876,127.312293996508,411.745006578071,0.033686421314042,8.40485537730691,8.46875803718347,1.1137300970296,6.40407033477124,4.67163158446961,0.207384144487321,0.0100635869587396,0.0056216284584994,13.4658438777863,44.27699355296,15.0
4.958333333,30.0314172155686,16.2047448932613,1187.35998701258,107.045790754147,2472.85943927191,125.843815652526,406.218436065832,2.21967791944666,11.2035757699899,8.07210809742217,1.98291250669479,6.83179710455999,4.47620539570046,0.0155381634574186,0.0011879132334693,0.0006387846292058,10.7058685274223,43.7690720949899,15.0,3257.32240563899,109155.0,2,30.0048087349876,5.05172242917893,1193.12215201252,98.9071616216974,2492.92905528129,126.471562425893,408.886478456304,0.029720801109604,8.5467575015558,8.4084737028897,1.11784935572696,6.46952550661428,4.66817864258572,0.209743807083635,0.0101509534659284,0.0056820000733412,13.3337155137846,43.9842971677457,15.0
4.96875,29.9899974040164,15.4439558536226,1189.61428331907,108.071834448639,2477.10811472235,126.010855326719,406.658233100043,2.16735998090323,11.1432364620894,7.83285891067029,1.9077226022857,6.91039702476976,4.47345998730369,0.0164392220644438,0.0012493952048371,0.0006724432099227,10.6898262206376,43.8268221328401,15.0,3263.46760728725,112945.0,2,29.995243876054,4.96708414499755,1189.71993209854,99.9624167469222,2485.79123915316,126.067474655457,407.483869695437,0.0304138908454323,8.53710204805072,8.27695089402732,1.09575267756168,6.52449411993306,4.66735012899968,0.208897300462897,0.0101194779301803,0.0056696961268574,13.2819834428917,43.8434631589601,15.0
4.979166666,30.019137293034,14.9786276305629,1194.14731940603,109.309949598146,2488.6848571695,126.563902439377,408.32585559255,2.14835981782871,11.1677451482185,7.60371088925962,1.86250321215603,6.94541914855689,4.47497711737647,0.0166255380876645,0.0012577529614741,0.0006762883368822,10.698869287692,44.0188798523514,15.0,3278.28807304347,105370.0,2,30.0113003763741,4.78148076800449,1191.51682474101,100.960097130246,2490.13851229218,126.250375656001,407.982168959279,0.0287095822186247,8.50970399235834,8.09151330015775,1.06444083659791,6.57388372397137,4.67197921209978,0.209527182948471,0.0101434669999785,0.005700202744759,13.2911926971673,43.9067785856711,15.0
4.989583333,30.0313248575265,14.5888078585332,1201.81660490742,109.285222325806,2507.94089645158,127.531853168555,411.320343752788,2.19099785275293,11.2834697978071,7.36219317974619,1.82345148971189,6.89888281639069,4.46175781467442,0.0152601702261127,0.0011569448282105,0.0006200022430713,10.6992265930213,44.3554333201225,15.0,3301.6877654447,94475.0,2,30.0232418543405,4.50991011784144,1195.9871812404,101.124122901528,2501.47102715399,126.797380623203,409.679089188561,0.0270632145266917,8.44224084751887,7.90116732130423,1.01788997151726,6.56224559266034,4.67698507941246,0.210430165476475,0.0101776988954477,0.0057449634939638,13.4034228997839,44.0967514637669,15.0
5.0,30.0311556416003,13.8065628204844,1208.36156340153,97.5689727982734,2527.8004796228,128.6165543476,414.70782730273,2.30120192737898,11.4529267556517,7.11444484869978,1.74370543818773,6.26928345319939,4.43887862713945,0.0129082676369466,0.0009882561122345,0.0005272948467159,10.6946550530888,44.7328032800563,15.0,3316.34115056474,84950.0,2,30.0269823467379,4.12290782096927,1201.74183632987,96.7671042610307,2517.06298101756,127.605084382165,412.236945424872,0.0268346129907598,8.41514483939368,7.70368182951707,0.955964747215159,6.31662593286138,4.67431796492839,0.211176314804343,0.0102051013623094,0.005796219686003,13.5365990244831,44.3774384767308,15.0
5.010416666,30.0009135923621,13.3806317323144,1212.33136221637,95.7388448837097,2537.09198851159,129.082902932767,416.153045034653,2.44724087293782,11.5791134562442,6.94511260102702,1.69851030928083,6.17336729676582,4.41530852653892,0.0107851890423423,0.0008383050136597,0.0004460592789806,10.6812068499619,44.8952592039722,15.0,3326.4700520873,84950.0,2,30.0113080405095,3.86958198755527,1207.01832424236,91.5984108191475,2531.02347004047,128.357273288056,414.615123831069,0.0295501947952319,8.53950139273499,7.49311333830047,0.914136451108371,6.03675159240797,4.6537774362082,0.211292057087032,0.0102070173285747,0.0058197857164573,13.5407691344107,44.6388731554887,15.0
5.020833333,30.0218866215407,13.3764731157288,1216.22671619714,94.4486735346465,2547.00580114517,129.578688825872,417.74980571616,2.60583871182861,11.6687583253513,6.9924323533091,1.69548630814896,6.08454373413989,4.40627485491211,0.0092097617163186,0.0007249484053469,0.0003846964507378,10.6864178135316,45.068081133779,15.0,3337.55832491457,79820.0,2,30.0164226376892,3.69694804933001,1211.39076071939,88.7710642438462,2542.0036368379,128.935493577967,416.460457686068,0.0303378720570398,8.66895803618739,7.37973629113072,0.888910089065189,5.87918720432787,4.6370146378774,0.212738914729018,0.010258609571877,0.0058677093912438,13.5354633032431,44.8399048245756,15.0
5.03125,30.0080382598336,13.4353715021846,1218.86493323291,93.7266287121886,2553.39399928384,129.896213708337,418.820305145271,2.76883158103159,11.7094042330753,7.01916517538384,1.6975503071894,6.03439562890985,4.39687112471195,0.0080279874807085,0.0006391028445476,0.0003383395033702,10.6792629153483,45.1789965363559,15.0,3344.91080746418,79030.0,2,30.0113070489393,3.61225137250911,1214.92967677189,87.0184703274947,2550.83413356667,129.392007122629,417.952529712396,0.0323207038997844,8.75696647106459,7.34498783588853,0.87592143307304,5.77596368214579,4.6229915604303,0.213492531915671,0.010284751066635,0.0058917030768533,13.5359401321675,44.9987091682612,15.0
5.041666666,30.0101307918761,13.8933617086576,1220.54633843552,92.2592140549024,2557.94421874995,130.137236673631,419.678187816712,2.91042324873751,11.7248299482007,7.25253002737237,1.73930578180916,5.94469863017689,4.39425011948632,0.007284162803199,0.0005844658335429,0.0003088562181698,10.6786899870245,45.2633296821165,15.0,3349.37139405963,78050.0,2,30.0103275861538,3.60042182668196,1217.68683593562,85.6638198019805,2557.79346328748,129.749445306416,419.154495439336,0.0335889523560027,8.81631851417099,7.40409805064172,0.876993663045479,5.69417941681404,4.61351157728574,0.214294987940989,0.0103132227003726,0.0059104460175824,13.5361322645764,45.1231565075128,15.0
5.052083333,30.0141198248699,14.5273024335879,1222.67064334973,91.2640474544347,2563.36626862989,130.434761237178,420.737448504606,3.02891637527054,11.7340909494043,7.60235425873257,1.79859614880948,5.87555437297254,4.39322712433596,0.0067996156381377,0.0005482330074641,0.0002892636683665,10.6790520283033,45.3673054897084,15.0,3355.38035599916,76235.0,2,30.0122131271165,3.610060359814,1219.91776609237,84.420445216341,2563.66064094653,130.052584745186,420.212072871981,0.0340177418373798,8.82009820020659,7.59840853480662,0.883281759242055,5.61762298560433,4.61078140109587,0.215096977864947,0.0103423099009515,0.00592781075907,13.5690986904377,45.2287799640509,15.0
5.0625,30.0125219679148,15.364007420644,1224.88847307466,90.2061091396482,2568.82305208564,130.746897421378,421.853414217004,3.12444834063916,11.7472213002427,8.12272284748288,1.87826015946707,5.80548691678432,4.39092065565191,0.0064898872209964,0.0005248314243201,0.0002765815386795,10.6777254089754,45.4763218481107,15.0,3361.49570083983,74944.44404687369,2,30.0123129575384,3.65385983705251,1222.08735544011,83.3193818461664,2569.38160105383,130.353293624839,421.283848514481,0.0341367742110982,8.78387539607114,7.93381417796788,0.894991867413869,5.5484260994461,4.61206306200599,0.215689704863492,0.010364118103206,0.0059374471211275,13.6297029959295,45.3335779757341,15.0
5.072916666,30.0143213300316,15.4218217972361,1226.49786786717,86.9542714772285,2573.52838575784,131.045746389118,422.927830480995,3.19592913690621,11.7743595349859,8.11245502024536,1.88036702308658,5.62703549334363,4.38752953173242,0.0063136595280813,0.0005115579805626,0.0002693337529151,10.6778946090416,45.5806382747458,15.0,3364.90105518533,73235.0,2,30.0133578282376,3.60297124808185,1224.19723483473,81.6415044846192,2575.02369748173,130.665738200566,422.406341674899,0.0342984449843712,8.74373018859252,8.21551029357772,0.892404759941943,5.4516036156787,4.61446206583752,0.21606481816691,0.0103778493941387,0.005950981453076,13.6949492591416,45.4424323391214,15.0
5.083333333,30.0164607683195,14.8724521695513,1223.91889715799,84.3250625091927,2569.21484902324,130.888311750834,422.525166748281,3.24919350162223,11.8212732862602,7.90229241881791,1.82201092810399,5.47430781481363,4.38145186933436,0.006211337000038,0.0005039937387278,0.0002651302307478,10.6781988972842,45.5261377074448,15.0,3357.29881867274,71060.0,2,30.0149017056004,3.45206029688947,1224.62381210453,79.4077841718208,2576.98002683475,130.815365457933,423.010008070495,0.0346905747693057,8.74761650609763,8.28319854140741,0.868623640212956,5.32577427567198,4.61318331653051,0.21639255613939,0.0103892926908982,0.005972694107693,13.7269341193419,45.4945817303447,15.0
5.09375,30.0064436646876,14.4004424813691,1220.76329259557,81.9638370995724,2563.18794804864,130.648899871813,421.847755479904,3.28013452781668,11.8780754101678,7.82083881861736,1.7715188036288,5.34357661816677,4.37128574302389,0.0061845708945407,0.0005028325461722,0.0002643798084338,10.6744631148164,45.442980542626,15.0,3347.8910352286,71330.0,2,30.0105134536012,3.33828481092767,1223.28516338678,77.1947429821077,2574.85001724274,130.777635771584,423.000356473784,0.0359499718715285,8.82399923638514,8.23091873167785,0.846672288327489,5.20057247632509,4.60364011467042,0.216567332269819,0.0103943351318878,0.005986659233408,13.6974686743612,45.4814928922572,15.0
5.104166666,30.0103448886741,13.4630324847873,1218.76581333728,79.8989720376923,2559.65416253557,130.544855941324,421.595380489234,3.29519892590836,11.9508318730401,7.40873029641435,1.6749218779841,5.22741977031787,4.36135078864065,0.0061981319668322,0.0005049753804339,0.0002653766054141,10.6757309643443,45.4067572877227,15.0,3341.89945622162,70630.0,2,30.0104338780318,3.18025473214957,1221.34101900113,75.1542946779785,2571.15640820715,130.674879393669,422.76701131446,0.0369306662450661,8.95365653172491,8.05796607613286,0.818576225284379,5.08512258957638,4.58938188789057,0.216999000763029,0.0104082901482343,0.006010592030776,13.630734853998,45.4457070522214,15.0
5.114583333,30.0262956609494,13.3303569032112,1220.42792219381,78.2556473695443,2564.18741078561,130.861984359827,422.705833971136,3.33319024612039,12.0474326920071,7.45654705099572,1.65894216869862,5.12548089321226,4.35071293582076,0.0060893933575684,0.0004963045313929,0.0002604910178771,10.6803839815692,45.5169429219602,15.0,3346.46680620141,66320.0,2,30.0181931236023,3.04869024236042,1220.49345254437,73.3032918991327,2569.78185174177,130.697026651866,422.944289956116,0.0359946847536468,9.06202647942679,7.89602957172762,0.791529761296256,4.97976110018476,4.57740107985894,0.218191066172756,0.0104507138566601,0.0060509657651318,13.6027288896364,45.4532591269616,15.0
5.125,30.0218494639558,11.6293993938441,1221.59121515364,76.3520364245068,2567.38390994292,131.118912026395,423.642839262802,3.40917084090699,12.1497919071999,6.91553223329691,1.48573488618842,5.01377554082019,4.3357889800037,0.0058319006443937,0.0004748581207816,0.0002487583364785,10.6773281242886,45.6061810278958,15.0,3349.27132037862,63180.0,2,30.0198622093341,2.79587398581926,1220.78270446068,71.5087746351309,2570.72451319624,130.847761345662,423.554023418349,0.036937473200599,9.16402559228672,7.68447083818292,0.743627416015856,4.87789560321762,4.56441909595801,0.219031680445759,0.0104794066585866,0.0060948241384633,13.5924487319683,45.5054049142967,15.0
5.135416666,30.0182457031444,11.737689308579,1221.69552349358,74.2195498722874,2568.08912586048,131.254356875276,424.214545566262,3.50454304253382,12.2499447422948,6.45387228002425,1.49336871265544,4.89314035959935,4.32185523545818,0.0055333559488986,0.0004497692008259,0.0002351325682367,10.6748385880731,45.6531852052791,15.0,3348.84471515488,60945.0,2,30.0189952826723,2.69745153226613,1221.20004894831,69.6589608471877,2571.72447705169,131.013044323863,424.224648252429,0.0375040241670958,9.29535769965515,7.32550153396206,0.716455623861921,4.774102080484,4.54761012200489,0.219998959490351,0.0105131993549943,0.0061267137658992,13.5626735662991,45.5625466467376,15.0
5.145833333,30.016546853363,10.8562137255361,1221.19917184409,71.958960290769,2567.31877807118,131.319021196036,424.586356567344,3.6050342773838,12.3387578967816,5.86239315365337,1.40206371261809,4.76765446840857,4.31024507779429,0.0052400585153273,0.0004248160034377,0.0002216318796094,10.673230468799,45.6756078413886,15.0,3346.54342185811,59180.0,2,30.0177491882497,2.55452697479275,1221.30389474558,67.7432723315443,2571.99951978347,131.142339414917,424.796220024882,0.0388097092518332,9.41862647822276,6.88817635801854,0.690727514352738,4.66784018303792,4.53181243547021,0.220667217814232,0.010536019886355,0.0061561865541516,13.5416307581777,45.6072174339132,15.0
5.15625,30.0166784595936,10.0982943148557,1220.64222968562,69.8875894406102,2566.22942877835,131.369559576793,424.942776787416,3.7064308013386,12.4114729406078,5.36342691821937,1.32321078854895,4.65213578616224,4.30152508474297,0.0049591496892792,0.0004005052068389,0.0002085146525998,10.6723426715504,45.6931715191075,15.0,3344.07356684092,57405.0,2,30.0173868786019,2.41289274709226,1221.12253845062,65.8277869140813,2571.42372543508,131.237146535569,425.276527104059,0.0402259139749922,9.5619554577285,6.4026398620222,0.661037389978799,4.56207293612619,4.51527097101885,0.221219477294193,0.0105546969944682,0.0061832477299803,13.497008709249,45.6399315839473,15.0
5.166666666,29.9997900078809,9.67781554451943,1217.3387891986,67.6643481993574,2558.81874755339,131.097895963591,424.281103674218,3.79088277768676,12.4497564040398,5.07579601123633,1.27814509988057,4.53653361253756,4.29421711994294,0.0047294759972783,0.0003807814087921,0.0001978821742482,10.6658154961089,45.5987147754991,15.0,3333.59969952349,59255.0,2,30.0092822937038,2.33715871004826,1220.07154893128,63.9551917239368,2568.76117236467,131.231644428619,425.441832149133,0.0436287510994533,9.73833271051778,5.94071587005099,0.644637518339027,4.45853116456704,4.49522935023527,0.22098304090251,0.0105446371297298,0.0061841123134955,13.4034955101653,45.6378624504635,15.0
5.177083333,30.0170424305731,9.31582109815151,1215.28102975507,65.8545407340338,2554.25653581015,130.973235665761,424.118265622869,3.86871179776204,12.4749820023876,4.82228969183029,1.23953017864101,4.43513217522806,4.29566846928478,0.0045217304101671,0.0003629095155423,0.0001882630328333,10.6714093267044,45.5554467159892,15.0,3327.02929072791,57700.0,2,30.0126146884288,2.25329267389571,1218.31647409478,62.1891506727564,2564.50389774582,131.143687933765,425.357267039153,0.0446210588272418,9.90130705839912,5.55746081489471,0.629892811778744,4.36058907820205,4.47978768295278,0.221299312144795,0.0105553364901302,0.0061999815304881,13.3111536104578,45.6072277965381,15.0
5.1875,30.0047578628503,8.78725291252256,1214.49139415097,64.5007185853861,2551.91162028036,130.959624047326,424.342733305965,3.94214082654522,12.4634410765768,4.42774355556698,1.18412242084433,4.36319242487068,4.29662082618295,0.0043151716743672,0.0003449778035526,0.0001786364578661,10.6664074896031,45.5508834408866,15.0,3323.81773035817,58645.0,2,30.0090677361493,2.17651616432716,1216.63263282036,60.6417901673244,2560.24892511987,131.055949343205,425.296263303968,0.0475754876052616,10.0410097673476,5.18714816185815,0.614994284002792,4.27405971368303,4.46668197187005,0.220887613901563,0.0105398032747762,0.0061977597292504,13.2152478163736,45.5767723734639,15.0
5.197916666,29.9931817275607,8.84700588069554,1209.90655170517,62.8825671165377,2541.25925124131,130.520074452918,423.203339845403,3.9950906693151,12.4186863574193,4.45383397354885,1.18787576898797,4.28181336157172,4.30250255852343,0.0041519698830251,0.0003317046397922,0.0001715138693921,10.6621709539991,45.398224942636,15.0,3309.87750697798,62250.0,2,30.0013591915686,2.17160312912413,1214.57855118394,59.2912328927133,2555.02438999196,130.918158017704,425.079577251902,0.0518885149547369,10.1941689432132,4.88119818609076,0.614971806639873,4.1979692838389,4.45322661809223,0.219627519403408,0.0104937980381085,0.0061675145138531,13.0766457169103,45.5290720809089,15.0
5.208333333,30.0207379057392,8.92471716546686,1207.94059480737,61.9713272189136,2536.5487528627,130.384009306913,423.067437236435,4.05038385312416,12.3704528448677,4.4786632459154,1.1940129833355,4.22506866223407,4.31730118016332,0.003985008355701,0.000317970587638,0.0001641436593365,10.6715093820884,45.3511920323425,15.0,3303.94748509851,59970.0,2,30.0102382606191,2.14335461779794,1211.71568802017,58.118446925821,2548.14538200497,130.685904767675,424.581782707441,0.0513553301943755,10.2798168530494,4.72906721561891,0.613304394423119,4.13083792218596,4.45052443530105,0.219898770753854,0.0105037902184168,0.0061772804157821,12.9866704017852,45.4485931724304,15.0
5.21875,29.9965348508644,8.84902367718005,1209.15673818545,61.0449276710102,2537.9475102238,130.561516505034,423.969879915195,4.10028511746411,12.2891765775124,4.4685289400868,1.18437807102914,4.1818853548373,4.32707857169868,0.0038142689791658,0.0003039173837278,0.0001566124809344,10.6624110580432,45.4132985229948,15.0,3306.07040326761,62760.0,2,30.0037646405497,2.13364828301862,1210.12667797818,57.1581895270406,2543.87836354678,130.584439795942,424.532136897843,0.0549430480419307,10.3219247525014,4.64286552816129,0.613142924912297,4.07604270529528,4.45052462459378,0.219095884460316,0.0104744496017899,0.0061585717814987,12.9075815283371,45.413634485386,15.0
5.229166666,30.004323083335,8.91707947583867,1205.8194050265,60.3278823961356,2529.83265530071,130.248204081323,423.287436543745,4.14024050292875,12.2086468260295,4.44095670261086,1.18962185330476,4.14124408102053,4.34384858679557,0.003670108545622,0.0002929457399997,0.0001507056442296,10.6649937778904,45.3047240568533,15.0,3296.11523055395,63775.0,2,30.0040551203789,2.13200564371615,1208.94439245632,56.40176731266,2540.34705272011,130.51826574862,424.609475734427,0.0567427550116075,10.3553185286161,4.57821356708571,0.615691353227355,4.0326787700522,4.45410778013795,0.218505780765506,0.0104531119936911,0.0061445369299364,12.8221438731882,45.3909977398424,15.0
5.239583333,30.0082317928244,8.8394313627877,1204.6588283498,59.7293826777573,2526.33633311519,130.174176383816,423.389024275933,4.17672281564501,12.129035496732,4.41960267636013,1.18034082121118,4.10673256645038,4.36045561729092,0.0035266146135866,0.0002820130231835,0.0001447898639329,10.6660151996669,45.2794091544592,15.0,3292.17536546772,63745.0,2,30.0062755452363,2.11493460982842,1206.87638313132,55.7551719214865,2534.92000231186,130.351330814896,424.37747681422,0.0577506950449676,10.353928185251,4.52992308778046,0.614418919999158,3.99436115836007,4.46233792680667,0.218197982227822,0.010442157650814,0.0061391486393889,12.7606603392124,45.3333357738525,15.0
5.25,30.0246847479551,8.84434938136234,1210.2075945219,59.6388347597916,2537.16004613254,130.839783140779,425.9074286874,4.22415821516348,12.07215819842,4.39526128399196,1.17935718503464,4.09555712145296,4.37718928643849,0.0033695577904673,0.0002691245492436,0.0001377918529677,10.6711625761978,45.5113914937868,15.0,3306.94880905215,60150.0,2,30.0149957021514,2.07654833060065,1207.3247536785,55.2848444192159,2534.81275588705,130.456210194746,425.05454896719,0.055551680889954,10.3032853772464,4.50021697603208,0.606225034431462,3.96702155549808,4.47644450829626,0.218912569022653,0.0104687057106338,0.0061612835051129,12.7540977910209,45.3701880774353,15.0
5.260416666,30.0067379727503,8.83570059585593,1209.40197552197,59.2504076516632,2534.22847901127,130.796701382821,426.128321652318,4.27033295137067,12.018046772574,4.35929596413962,1.17657921189291,4.07081790887967,4.38710033372254,0.0032130266187454,0.0002561437222213,0.000130759224208,10.6642128178788,45.4968762322389,15.0,3303.97707108921,60230.0,2,30.0113529281857,2.05988792257521,1208.49837012767,54.913050735652,2536.17782538745,130.637212523388,425.996317320563,0.0564906383813077,10.2374236007782,4.46941289746226,0.600925599494363,3.94513921487526,4.48954448591871,0.218787943808498,0.0104646931583988,0.0061605692625038,12.7634747928673,45.4335117769083,15.0
5.270833333,30.0161567851448,8.78899225321337,1209.04522300554,58.6934672020892,2532.42025397083,130.815349310781,426.553508682802,4.31487643240584,11.9851589835768,4.34206852642291,1.17026978805087,4.03496143084697,4.39973015078995,0.0030715636367291,0.0002446909208689,0.0001245309432031,10.6671653123063,45.5038241365251,15.0,3302.27371973142,58340.0,2,30.0135885143167,2.03265474199495,1208.84010823354,54.5106953020593,2535.74578457031,130.726266758381,426.646624674199,0.0556810523856722,10.1800768438787,4.44169845100076,0.59505327415701,3.92124381819566,4.50284225927099,0.218975741201585,0.0104721086789628,0.0061687638198362,12.777783261933,45.4648573873727,15.0
5.28125,30.0033995763347,8.73946194909241,1206.91982444987,58.0509588580458,2526.6210793967,130.628930050359,426.311602508544,4.35105674383654,11.9494834435111,4.28144050315177,1.1635271712583,3.99869925355545,4.40815146439273,0.0029397902665031,0.0002342935331682,0.0001188785962704,10.6623156104513,45.4394191582413,15.0,3295.47886081632,59050.0,2,30.0089860378207,2.01985520478388,1208.38972523148,54.0424320224224,2533.57704805658,130.72858333803,427.017338222934,0.0571992097174238,10.1398619343648,4.40371847136509,0.591624599623215,3.8935741124909,4.51320435294414,0.218550068808873,0.0104570702125517,0.0061602461599239,12.7788998024168,45.4660411931212,15.0
5.291666666,30.0099613706675,8.72075622835206,1205.26841508358,57.7378154924764,2521.86800412999,130.496768710086,426.245456345059,4.3833437847156,11.9226845062263,4.2461022372347,1.16018484369325,3.97669343600277,4.41892972548302,0.00282022926462,0.0002252044605531,0.0001139219158244,10.6643706861797,45.3938576117563,15.0,3290.25773802971,58460.0,2,30.0093630685371,2.00598548509809,1207.30203182672,53.623294408515,2530.00498763091,130.659617632044,427.154503479067,0.0574323844954217,10.1178553120242,4.35854711799093,0.589093933510204,3.86794570675954,4.52269216652776,0.2183432072236,0.0104500177341145,0.0061572696495641,12.7702410132989,45.4424443681183,15.0
5.302083333,30.0051479170628,8.77173858421905,1203.8515893353,57.4968532389031,2517.48448445,130.384459158256,426.244106774872,4.41126812399993,11.8917557134834,4.23047938918001,1.16382598209581,3.96115315324316,4.42762371564069,0.0027052654751258,0.0002165163341443,0.0001091903099736,10.6623463739443,45.355174141563,15.0,3285.61250032417,58890.0,2,30.0073898541082,2.00583295024515,1205.98575330689,53.2992866528871,2525.90959649431,130.563825583737,427.203924568396,0.0584346735548281,10.100979321326,4.31935791942413,0.588907132127499,3.84709452789202,4.5310160952362,0.217997935247241,0.0104378401438655,0.0061492816408053,12.7575322571096,45.4095200633293,15.0
5.3125,30.0021844229692,8.81384388117156,1201.29531278856,57.0108048508744,2510.68900052359,130.1494798808,425.838983810582,4.43427805279551,11.858369511506,4.24158682369251,1.16675594111927,3.93485936703852,4.43664926496285,0.0025996099521091,0.0002088989570325,0.0001050436043212,10.6610612182326,45.2737929520266,15.0,3277.69303110483,59970.0,2,30.0049557493816,2.01330821289085,1204.37339853891,52.9960111790526,2521.15882602087,130.434577871707,427.139479150138,0.0599733597314071,10.0962505555023,4.29235759928079,0.591510787785241,3.82758053037645,4.53800471685912,0.217474121029453,0.0104190290877975,0.0061359566983123,12.732115520212,45.3649637179503,15.0
5.322916666,30.0004155887611,8.87079793137986,1198.08792567041,56.6454281297264,2502.47843364781,129.840767045616,425.187583354274,4.45192586356587,11.8210109727168,4.29385417828744,1.17136550833636,3.91514804936813,4.44612746340223,0.0025029050619316,0.0002023072084038,0.0001014526327793,10.6602702773581,45.1667408468748,15.0,3268.05515902103,61470.0,2,30.0028177974445,2.02657254448856,1202.0729465112,52.6900273104886,2514.93564322636,130.229799658981,426.821160236701,0.0618411389700719,10.1035963259803,4.28750346071836,0.595972856014287,3.80789890462168,4.54391170421647,0.2168891347964,0.0103977670199091,0.0061202671172634,12.6923609173574,45.2941262978239,15.0
5.333333333,30.0078941257273,8.9234244822108,1196.68167606832,56.4705206858597,2498.17083924899,129.734627325108,425.196491120922,4.47019900687093,11.7867816600653,4.37067155917539,1.1757554584392,3.9036006415673,4.45688459257015,0.002408674794591,0.0001957231211117,9.78566108194895e-05,10.6626910444688,45.1301467572751,15.0,3263.53822590486,61400.0,2,30.0051838542658,2.03065329241998,1199.792050095,52.4415030622096,2508.76604561464,130.02720354409,426.507458092833,0.0621309259489291,10.1040325661576,4.31412595700103,0.598520443911341,3.79149591683498,4.55110144566396,0.216864295745216,0.0103967422133487,0.0061190226477169,12.6602475497842,45.2240056773328,15.0
5.34375,30.0097009197689,9.05903851181336,1197.36104253157,56.3222783430063,2498.27462281845,129.858237615562,425.959632187395,4.49203127736205,11.7556195592803,4.43280964711797,1.18841909421607,3.89453107621039,4.46612516910443,0.0023114280559065,0.0001883639058336,9.38424412943048e-05,10.662995115288,45.1734800652648,15.0,3264.71197017094,60810.0,2,30.0075630681396,2.035205915343,1198.43340660361,52.2413929423396,2504.57399918129,129.926226973047,426.529968855956,0.0617684895219552,10.0837119173857,4.36122216948903,0.599970288676191,3.77860693161239,4.55979517838739,0.217194302979147,0.0104086266758718,0.0061262988812927,12.6496359015015,45.1891758129603,15.0
5.354166666,29.9962281580255,9.1634990429082,1196.51767886658,56.3705306743383,2494.87159625665,129.797313547607,426.113812602008,4.50782238371544,11.7207341867146,4.51291922830873,1.1978901893839,3.89942812400947,4.47281211773747,0.0022252362945511,0.000182305458028,9.05437894926612e-05,10.6580704426421,45.1526204094795,15.0,3261.6176642675,63200.0,2,30.0021924881919,2.06043932805068,1197.83273858607,52.1546650455867,2501.92453979994,129.905288247649,426.810436130716,0.0641966231002648,10.0723938185555,4.41488610180642,0.60619984460916,3.77233495814106,4.56611569014391,0.216751566993006,0.0103922495536229,0.0061123325519136,12.6261939981307,45.182178636328,15.0
5.364583333,29.9999444712306,9.46438760437752,1192.14498361616,56.2454316127472,2484.2075868425,129.359581490647,425.019679130635,4.51695611894411,11.6929150230995,4.61238357927839,1.22731643156146,3.89178701266882,4.48197112925205,0.0021563234415632,0.0001782662135854,8.83110070102324e-05,10.6594027542776,45.0006655987719,15.0,3248.9834462186,64810.0,2,30.0009997643587,2.10454323868855,1196.08317593517,52.1343531833182,2496.852250854,129.756375768096,426.660611708208,0.0654233130850149,10.0744694784917,4.48266579855683,0.617522114419003,3.76886912179646,4.57200075984981,0.21649543064978,0.0103826051276315,0.0061008971413668,12.591651645276,45.130673339863,15.0
5.375,29.9684604736716,10.4115924002819,1183.31709685782,55.7197722057025,2463.58939507405,128.403633421539,422.194889804079,4.49641698549158,11.6425745723037,5.11120645212332,1.32142691532604,3.87828237595929,4.48684033369825,0.0021296269059102,0.0001797445422838,8.90736566409881e-05,10.6486734326868,44.6683956624751,15.0,3223.41988726925,74515.0,2,29.9835162273261,2.28125344620258,1191.40485704475,52.065929493922,2485.58754638465,129.281551123884,425.409361829379,0.0726561199547774,10.1129183726079,4.66993933685403,0.657247675026725,3.76272062169676,4.57191803566197,0.214714421536173,0.0103164946487559,0.0060374115380872,12.5017744145221,44.9658663619188,15.0
5.385416666,30.0060559437511,12.6354665411476,1177.6295865903,56.6214164839112,2450.24008296959,127.822151463305,420.57025626648,4.46932539928364,11.6211496699357,6.10882312106068,1.54425988344962,3.91947524515931,4.50176931795073,0.0021315221463385,0.0001837370587751,9.10500126595517e-05,10.6622397302223,44.4663453842642,15.0,3208.01237936839,74515.0,2,29.9956260966805,2.54926422886362,1185.30129222373,52.2981985703147,2471.67337455931,128.646678173402,423.610738900543,0.0673282674214828,10.0797076486393,5.19822883377374,0.720304140665736,3.77217410946609,4.58368529529703,0.216643187083148,0.010385371901046,0.0060540848161094,12.4894068078173,44.7453020341511,15.0
5.395833333,29.960404522059,14.9295762793036,1172.20254793166,58.5990460085635,2435.76030366614,127.171637852505,418.676215904084,4.40189289335715,11.5760357892067,7.02622221347863,1.77381486048311,4.04649533948292,4.50330279542236,0.0022112765037195,0.0001958220672212,9.73023274054752e-05,10.6465911375524,44.2402250586006,15.0,3192.48748231616,88040.0,2,29.9742463406021,3.0472996389277,1178.70458917483,53.3653721944537,2456.67771507072,127.932127478523,421.513933784072,0.0711886442061191,9.99056082147839,6.01692467332926,0.825300236424098,3.82830101800779,4.59441996574847,0.216306105392496,0.0103715410988159,0.0059932273260262,12.5010059731072,44.4969759475571,15.0
5.40625,29.9710961117052,16.655474880353,1170.02462213749,60.8441588724815,2428.29296294728,126.892732769092,417.923179379628,4.25524139622191,11.570588708823,7.79932573549568,1.94809851296076,4.19119374456871,4.51109206397276,0.0025418256509231,0.0002327121335831,0.0001164179338939,10.6518017902545,44.1432285246479,15.0,3186.09066347297,98740.0,2,29.9722122984158,3.58713250543406,1173.93147814286,55.3273850145563,2445.07740795114,127.381677083514,419.890611488176,0.0701678847813167,9.90525200713451,6.94036258054922,0.940123114323103,3.9415655173956,4.6090216836123,0.215888195924241,0.010355961152749,0.0059304819851238,12.5173672305216,44.3058178252438,15.0
5.416666666,30.0057332565483,19.6517503494677,1174.42576551959,64.0742426454603,2435.99738399385,127.414483746334,419.7138584592,4.071512643695,11.6517234060941,8.94809395319869,2.25027655581035,4.36092943100027,4.51240719677984,0.0030765454377022,0.0002840340029598,0.0001427648606386,10.6651600237157,44.324536188061,15.0,3199.46270291437,96850.0,2,29.9942297369879,4.15228323001358,1172.76349502606,57.795253020218,2441.5542762359,127.243253450463,419.575306904916,0.0589314937093898,9.71933805593194,7.98315386771622,1.04853241265148,4.08106789125313,4.63531700056412,0.217480373432444,0.0104167160863499,0.0059177200322926,12.6849012567899,44.257956010065,15.0
5.427083333,29.9802382946481,21.8281939103489,1179.4870867987,67.2503912396217,2444.14717716986,127.961227911673,421.487753581659,3.85830016450568,11.7931560903322,9.66548463382775,2.47018395793834,4.55344678420511,4.49311657079428,0.0039016424263248,0.0003572770912554,0.0001807092360734,10.6581790939638,44.5142569873861,15.0,3213.63592026668,102980.0,2,29.9856666792758,4.78923343152531,1176.23772868753,60.6680704885435,2447.93731930889,127.624440535402,420.895328439595,0.0536304894693311,9.52384629864108,8.99741310841311,1.15895684231613,4.24611529964253,4.65336179880355,0.217204991719708,0.0104094038312829,0.0058574599434039,12.9141009440315,44.3907476324774,15.0
5.4375,29.9822122187545,23.7335083119062,1173.98544494465,70.6488662656351,2430.45609335546,127.355609129022,419.360212675896,3.58028156955621,11.9864887808297,10.3312834957382,2.66408821347774,4.74958142493458,4.47080928497358,0.0054139585420739,0.0004841061039348,0.0002472832043869,10.6627342476198,44.3027260285953,15.0,3199.58171429945,107960.0,2,29.9836412062704,5.45321621338883,1176.73676174218,63.852371926035,2447.81872438514,127.672789723645,421.008659304279,0.0476318893573417,9.41486304099127,9.86904350005225,1.26636638686593,4.43115955845011,4.66110606086403,0.2169561807622,0.0104029790669213,0.0057985220694893,13.1306749634478,44.4075904059601,15.0
5.447916666,29.9781012174428,24.7180306065518,1168.63148714831,74.4177920201561,2416.90076484524,126.737758056818,417.113036837162,3.25863620186197,12.1679499861912,10.7084498743595,2.76687921876854,4.97645089382097,4.44638231469155,0.0079970054679872,0.0006879330380437,0.0003554042314512,10.6665842258673,44.0865332999175,15.0,3185.9155291557,114455.0,2,29.9798552473887,6.0721076108027,1172.42196950655,67.3139235201311,2437.30689030491,127.182205080972,419.240109184274,0.0428386543359863,9.38452906846026,10.5414761269662,1.35696521151718,4.63299236819318,4.65824354807409,0.216590740109785,0.0103915157322995,0.0057426445352066,13.3060467689439,44.2366573881487,15.0
5.458333333,29.9913427947013,24.5548908049474,1165.93172060837,78.5510650241483,2410.01640631701,126.446526051705,415.90016459179,2.96082835578306,12.310583181844,10.8737961948707,2.75579239595461,5.2079535361392,4.42823836217329,0.0118331506281781,0.0009720859460351,0.0005071570437693,10.6770903163555,43.9835677042652,15.0,3180.62208772296,115340.0,2,29.988063618237,6.32965215207976,1168.61570125476,71.0459974638241,2427.92852269356,126.749780791805,417.597375563599,0.0379759663776719,9.38499662401175,10.9660139888185,1.39131864196375,4.84831560271552,4.65325972322779,0.216851389207691,0.0104024420521941,0.0057298679615785,13.4525009156686,44.0855033858866,15.0
5.46875,29.992803606048,23.2194871568376,1165.98998107638,82.4750540465713,2409.31315119813,126.457794792026,415.669185535412,2.73899066796221,12.4009906457761,10.5186068191163,2.62728921069716,5.42864766572676,4.41292769330433,0.0165869728406068,0.0013061320471666,0.000686117474197,10.6827297247947,43.9854655039934,15.0,3182.91797411439,115385.0,2,29.9915236928099,6.22587392098071,1166.6381433102,74.7247813531197,2422.56191682094,126.530263042154,416.628184265309,0.0353033292087305,9.42654943274097,11.0078888443946,1.36689806400241,5.05716314598814,4.64337534776724,0.217080078255367,0.0104112859369001,0.0057433897406638,13.5266620941775,44.0078620110073,15.0
5.479166666,29.9949638259623,21.3189911491623,1166.7895755816,86.201338553325,2410.46920495529,126.548356464522,415.695838738471,2.58833618047818,12.4524735678299,9.86320904178451,2.44196110005977,5.63617303582768,4.40183062936376,0.0216752803965417,0.0016491887753427,0.0008704646300212,10.6873832481586,44.0146305770118,15.0,3187.28920865266,114525.0,2,29.993939418494,5.90051938269066,1166.5404088234,78.2190105829732,2421.15473382645,126.520015939614,416.336280949135,0.0340633693357514,9.52093543884188,10.6435534387477,1.30629832710605,5.25462195413141,4.62875383797594,0.217424656969671,0.0104235725767938,0.0057763297481276,13.514373025059,44.0025023766857,15.0
5.489583333,30.0230659690272,19.8241999047299,1172.22664964378,90.4247611442733,2423.24954038252,127.253332407195,417.728651336244,2.50931974736888,12.5494696706695,9.68084263762519,2.29626967069614,5.82609616990332,4.38961251898086,0.0249178884902045,0.0018559788492645,0.0009817266286842,10.6973417354063,44.2574257605858,15.0,3206.35527050595,103810.0,2,30.0127023042293,5.39032529603438,1168.72465972996,81.5288659700334,2425.49878866877,126.799918698303,417.02068725563,0.0313699499866933,9.57084154618472,10.2977144363866,1.21984080385202,5.42627140864892,4.62066572513513,0.218739390313202,0.0104713285415697,0.0058471609088613,13.5458880249582,44.0977359264489,15.0
5.5,30.0055233643834,18.5371056646043,1177.1874167046,93.0582474987836,2434.02593403283,127.865677078885,419.450615517309,2.47960899997265,12.685244387605,9.24783208819838,2.1696006395904,5.95940384093789,4.36319372810064,0.0251912085818361,0.001865883658744,0.0009877906985114,10.6891584621473,44.4681901164998,15.0,3222.04206071169,100025.0,2,30.0076539657876,5.03879910986698,1172.90879000694,84.2297254199013,2434.42865212995,127.327673405051,418.51963328595,0.0309270628164304,9.65006506221773,9.96420719399606,1.14876681151208,5.56137541616782,4.6031846718741,0.219171993198644,0.0104861509056918,0.0058860452839992,13.5680705936918,44.2790847719139,15.0
5.510416666,29.9967747187259,17.1267330654819,1178.57352974771,93.7819651630826,2437.1521374181,128.077449147169,419.883498679008,2.46872593596385,12.8068051024217,8.65576641196428,2.03064224700935,6.00579474248622,4.34048986822898,0.0240659827869073,0.0017861849202981,0.0009463977544263,10.6851028144945,44.5399282329429,15.0,3226.50638129101,100025.0,2,30.0000823321798,4.78019637434688,1176.28966425156,85.898637262166,2441.39900577944,127.763326361302,419.698580697121,0.0317125771778124,9.81602866263687,9.48536650820747,1.09606492599988,5.6504216616623,4.57617828468773,0.219249593787587,0.0104871894122955,0.0059086533049427,13.5226565120314,44.4284935632746,15.0
5.520833333,30.0079507726839,16.0382228754246,1180.10667542333,94.5695788860624,2441.31439533523,128.336968240406,420.504573577525,2.47059773726066,12.9120738807335,8.12119791062279,1.92410511976721,6.03898986620465,4.32407063873091,0.0221043858024646,0.0016506717003155,0.0008749958891105,10.6877445179196,44.6286359749764,15.0,3232.09562057814,96895.0,2,30.0045385780903,4.5235608772631,1178.30965432311,86.7942835922854,2445.69594171153,128.056558733523,420.425887194834,0.0317588086899454,9.98903947450274,8.94807525115922,1.04771352384476,5.69805955965278,4.55135554690199,0.219685246559297,0.0105012787269021,0.005939784211927,13.4672295098517,44.5286216979511,15.0
5.53125,30.0005386337974,14.964278628366,1181.0987859187,94.8317021717903,2443.90740108764,128.508675882043,420.867823993951,2.4857591575414,12.9929065481192,7.68828423880067,1.8186207792587,6.05604700208561,4.30755527463621,0.0196281070811893,0.0014802965652867,0.0007846975083047,10.6835224699232,44.6871765554292,15.0,3235.42617420717,96695.0,2,30.0017115188374,4.31753696801806,1179.81417296792,87.2736893610852,2449.02101762305,128.295581359738,420.996488131049,0.0328175363005093,10.1584571677948,8.43594042393684,1.0066623249871,5.72314257929248,4.52638603544041,0.219576472724364,0.0104955173319594,0.0059543369352436,13.3970292699664,44.6102179821434,15.0
5.541666666,30.0290706278704,14.5578091593681,1186.29914376566,95.7497125723861,2456.86733039595,129.229725408112,423.051911299067,2.53594765571047,13.1090917654256,7.29885116718728,1.77961894826527,6.07111072552358,4.29429044963643,0.0165708483588523,0.0012644169764938,0.0006686075664423,10.6907049355242,44.9371362932221,15.0,3252.1012198008,88005.0,2,30.0176545482084,4.0939658633881,1182.34792627427,87.5897135587896,2455.1335763456,128.666775358289,422.047602335556,0.0314027335021413,10.2486053179847,8.0116031170422,0.966385825570527,5.73183536439716,4.51254546746689,0.220716582202977,0.0105359613392552,0.0060005157521961,13.4090439954746,44.7381204491326,15.0
5.552083333,29.9675909902682,14.2832929401963,1183.01116431717,94.2789950089168,2448.46881327257,128.8120873399,421.558056879172,2.59198992633086,13.1271321351581,7.00560026069601,1.75285033220681,6.04482036273551,4.27672354196716,0.0141515647690603,0.0010986643933565,0.0005810203323761,10.6685091604493,44.7914549505404,15.0,3240.6904288262,99695.0,2,29.9852946871039,4.1667346282291,1183.76087698065,87.4500748855502,2458.19935725225,128.883016617916,422.578157557605,0.0361453569187594,10.422304225114,7.59048262587819,0.969970239514608,5.72988744305291,4.48305787417755,0.218952076879241,0.010469929101444,0.0059512799503411,13.3037876182605,44.8124773195652,15.0
5.5625,30.0068271026155,14.2552087560179,1175.87165599113,93.8172798310046,2434.57746879243,128.08810857211,419.111772301151,2.63155741483663,13.0989656143349,6.76950248848251,1.75250385412854,6.00780610220501,4.28620824616712,0.0127833229725365,0.0010024641017977,0.0005303966237332,10.6831824157518,44.5395876950412,15.0,3222.00440488715,97880.0,2,29.9989043840322,4.15969804941535,1180.74165807719,87.0772981303775,2451.85628388944,128.579669479838,421.43792945905,0.0362849688543708,10.5483059937895,7.26310374992422,0.975888374396803,5.7178546660441,4.47030661949438,0.219291954410031,0.0104814931656627,0.005958915278168,13.2109336842333,44.7065364508866,15.0
5.572916666,30.0146845990666,14.3257438266828,1181.83222200423,94.6819639139537,2448.19967376686,128.811797842053,421.419575745199,2.69772239053265,13.0804379188354,6.54720369263033,1.76124164658041,6.03904212670067,4.28919750433787,0.0113382173470714,0.0008964948174125,0.0004734881656274,10.6841744988239,44.7914331192883,15.0,3239.80249979369,93405.0,2,30.0088450174684,4.09746558056715,1179.6119622738,86.9785115945441,2450.26053699162,128.506745886846,421.118838794391,0.035883119559235,10.5351656026349,7.01299234675736,0.968337942896599,5.70743631977104,4.47177543184344,0.219817323548314,0.0105006761699237,0.0059768344698271,13.2192873386698,44.681040364179,15.0
5.583333333,30.0084724106998,14.5241806822199,1186.64446735132,94.6623342168386,2459.20149025387,129.399512464889,423.305945488275,2.79817207929929,13.0753161755703,6.46985520988344,1.78189902789889,6.03112239071373,4.28863326678403,0.0099890267103003,0.0007968655446539,0.0004199218039604,10.6803160554715,44.9962314508614,15.0,3253.65748591954,90865.0,2,30.0086576624561,4.06099384971009,1182.79131159462,87.0022339240351,2457.90933254842,128.914010807567,422.407809930176,0.0363445187340032,10.4834733306297,6.83972647285594,0.963155889275317,5.70325870296722,4.47533484186236,0.220072489792461,0.0105101786516568,0.005986334552585,13.2635790945583,44.8227512792162,15.0
5.59375,30.0279404626671,14.6569024805269,1191.94809598846,94.6324567317768,2472.24546644663,130.09543206144,425.580176801495,2.93881835590421,13.09752299167,6.25801932221853,1.7954215650092,5.99881120920353,4.29021027959604,0.0087746200212601,0.0007047501372054,0.0003702184437066,10.6853325706673,45.2388416550514,15.0,3269.80535226364,82870.0,2,30.0194561067598,3.93302273171193,1187.08324247036,86.749264594573,2468.2956326723,129.458848520419,424.191865174083,0.0353384737695494,10.388818720133,6.70197616590242,0.945783786765218,5.68016260765453,4.48489539649978,0.221216422018544,0.0105522675839658,0.0060253147030993,13.3696075105181,45.0124404128644,15.0
5.604166666,30.0200290545901,14.5643576489984,1193.14155225478,93.5506324715563,2476.32060375924,130.318498985069,426.355428392269,3.11508049747146,13.1138350024321,6.14737107916028,1.78513561895705,5.91888484376422,4.28729644749812,0.0077363597892436,0.0006244263454943,0.0003270168031478,10.680535812575,45.3171651102744,15.0,3273.7529107299,77725.0,2,30.0192049764684,3.78535174237653,1190.24727765977,85.9716971580971,2476.52194396675,129.892377614646,425.657489462732,0.03587948772761,10.2883071803255,6.56871441690258,0.920740668404344,5.62562828380872,4.49279605955993,0.221839606013424,0.010575222796485,0.0060541904789138,13.4887129103499,45.1634989086919,15.0
5.614583333,29.9461616000916,13.903278479768,1177.6905290149,90.1611573646268,2441.66947726917,128.482727221779,420.427559047786,3.18043174185592,13.0011004437269,5.91912206706265,1.71787689699527,5.80339432800612,4.2875026277045,0.0075958692034266,0.0006159821643043,0.0003232115050369,10.6567310430006,44.6796111008142,15.0,3227.33329576431,96295.0,2,29.9727270861324,3.903166932141,1186.97589089614,84.5781018213661,2469.67411689938,129.552956347577,424.55648358146,0.0454168096786402,10.4301184669551,6.3392655186576,0.938094109005233,5.55679885335036,4.472730048365,0.21846446310466,0.0104508578258079,0.0059630120840985,13.3126834091303,45.0460378791175,15.0
5.625,30.0229850830765,13.2384992427876,1168.47806417467,89.920796182902,2424.1881742005,127.546594897634,417.434987203712,3.15918430237699,12.9012023207251,5.89507579987502,1.65290180629954,5.7549817952558,4.31517131148603,0.0078590139115247,0.0006355446748449,0.0003339965159487,10.6857504726822,44.3548986917531,15.0,3203.94263651337,89900.0,2,30.0031482502198,3.76641415949794,1176.74725872298,83.3667643031002,2448.13021054347,128.426223888221,420.892810184119,0.0434197347225154,10.5296631768678,6.18142696950533,0.924309934385319,5.49228492566315,4.47372550397487,0.219118751828269,0.010474412313992,0.0059908523582567,13.1607824141047,44.6550200972459,15.0
5.635416666,30.0182653909265,12.8559929629978,1186.27347348837,90.1579224470122,2462.87246773706,129.583115957314,424.17803699828,3.1958073597367,12.8252798593706,5.9005866438518,1.61461282543675,5.76305975772884,4.32400899264412,0.0077109366082164,0.0006207578656463,0.000325815544889,10.6818571561186,45.0639908146855,15.0,3253.59675558204,85150.0,2,30.0120447525753,3.6109240057518,1177.80530785162,82.7724321647413,2451.13381661294,128.589886606567,421.505246582382,0.0425404062862987,10.4738419602717,6.12334464762123,0.893005540364655,5.45358997994317,4.48406168438958,0.219634105860114,0.0104934193117878,0.006018154199058,13.1411672626649,44.712675478059,15.0
5.645833333,29.99140459241,12.6776415789309,1185.98998326889,89.0298166840351,2462.41302872877,129.555953223289,424.179075524259,3.24385367533818,12.7571921464595,5.97949892997928,1.59615537629525,5.71469019852902,4.32834034702427,0.0075434983697196,0.0006063666186477,0.0003181099179746,10.6715795563994,45.0554734155382,15.0,3252.16749813358,88345.0,2,29.9996397524219,3.57273736133023,1183.43976999815,82.2435417721009,2463.51385141733,129.251720618211,423.754101698668,0.0450077893295251,10.4437161935362,6.11278786178421,0.882127477094677,5.42675778612527,4.48745481188418,0.218866153431516,0.0104652943195668,0.0060037916235631,13.0981648866362,44.9435961518328,15.0
5.65625,30.0467767957589,12.7821077812396,1190.5638958326,89.0668695152071,2474.45625295478,130.194295569652,426.377884669366,3.32854560889119,12.7575853567768,6.06228691056427,1.60634757765075,5.67104244146807,4.34089060289006,0.0072390833397441,0.0005796771064501,0.0003035351173024,10.6896190457364,45.2784237424381,15.0,3266.95321671303,76320.0,2,30.0247793980547,3.42220111595468,1185.99693844276,81.5756653969962,2469.97213263015,129.591344172702,424.983865456115,0.0405769055804971,10.340592637921,6.17584842331247,0.858320897607266,5.3830378782056,4.50361283137969,0.220971901778606,0.0105427050037445,0.0060685513355537,13.1730255707314,45.062418215935,15.0
5.666666666,30.0095048997068,12.9199456357334,1191.6693764335,87.6974490751509,2477.64006989073,130.372473702698,427.10587102222,3.45016963546897,12.749060131011,5.98500502429664,1.61794361954071,5.58860573497866,4.33656551754595,0.0068032439246613,0.0005428097152272,0.0002836149698645,10.674445959897,45.3413633201997,15.0,3269.86995258337,74130.0,2,30.0165817376876,3.3459512864761,1189.01164389314,80.6133657071392,2477.61247848049,129.996960074748,426.467193027744,0.0412504060668832,10.2110643341894,6.20115955342399,0.840144667312504,5.32080902630805,4.51491222865643,0.221334336536402,0.0105563298686369,0.0060851318586281,13.2831755321785,45.2041119884352,15.0
5.677083333,29.9835538390659,13.3403932913439,1185.16250860473,85.606612060713,2463.70778364197,129.649525388938,424.892895246549,3.51695109832703,12.7198579727522,6.02163680721806,1.65802923416837,5.49012483170646,4.33677737242723,0.0065949151708608,0.0005264580850692,0.0002749297430365,10.6654889621033,45.0908653034382,15.0,3250.58264268476,79230.0,2,29.9979015504837,3.4186662133535,1188.51437700926,79.3582115474474,2477.27376156923,129.989075830603,426.583131456021,0.0446248192812248,10.1958095358892,6.18731347743726,0.853535878833344,5.24954486897003,4.51430828411857,0.220356418347738,0.0105207095089988,0.0060547713892258,13.2796284831569,45.2021174259837,15.0
5.6875,30.0033565175387,14.0299659521795,1179.11730660435,84.1524914080068,2451.5446623363,129.024784456483,422.994284903317,3.53381172559986,12.6883906001231,6.20020315845856,1.7260012398146,5.40618172711084,4.34547240739741,0.0065091577053186,0.0005209426594605,0.0002720400751275,10.6730710942933,44.8744244505609,15.0,3233.78096561927,79095.0,2,30.0006795430411,3.49708534304629,1184.55662026769,78.0486877198003,2469.4955645484,129.586065207568,425.397505541383,0.0443249901633451,10.1935929951385,6.24915865402609,0.874643292880238,5.17661633669736,4.51725462904768,0.220481318975158,0.0105254043122549,0.0060500484105381,13.2627723196834,45.0628001769753,15.0
5.697916666,29.999278128955,13.9815306587835,1180.70099985221,83.0003315931049,2455.12171157303,129.236021385175,423.82997994466,3.53592035577563,12.6447575269915,6.18363518580412,1.72017858130533,5.35041964833433,4.35033190845771,0.0064131515422598,0.0005147907714517,0.0002687789078207,10.6716168982183,44.9486483165884,15.0,3237.62826949857,80345.0,2,29.9996310508314,3.50442947646344,1181.6960624136,76.8716154956647,2463.99123555261,129.307869647449,424.622453448624,0.0451277841846371,10.1718235226855,6.32043513427021,0.882007076313664,5.11162345403699,4.52162390065104,0.220184035261719,0.0105145444853913,0.0060422771807111,13.251063437938,44.9668585181646,15.0
5.708333333,30.0100434616572,13.6622704202107,1182.37525357981,82.1264114718435,2459.3429558235,129.486438306925,424.78815811899,3.54179491577332,12.6175177538369,6.063305951081,1.68749066802724,5.29832126658244,4.35584568290805,0.006282614705276,0.000505762060995,0.0002639261899385,10.6751600949045,45.0364317809542,15.0,3242.36673681151,78595.0,2,30.0054192228645,3.42438567109832,1181.90381457869,75.9032919664972,2464.85230311108,129.376693950339,424.987618761432,0.0447901667676943,10.153503069116,6.31403538592176,0.870516322679137,5.05908045188477,4.52668161023816,0.220253591144189,0.0105171020819813,0.006051865342625,13.2397017630811,44.9915164434786,15.0
5.71875,30.0090113893118,12.7708329784019,1183.46959388947,81.2006842630214,2462.28409396285,129.674154292198,425.539634799086,3.56349306974184,12.6044976514855,5.84451279087921,1.59726183190852,5.24401186579951,4.35736363900691,0.0060850864502363,0.000491047569577,0.0002559918953356,10.674205236556,45.1023585691639,15.0,3245.45288983184,77090.0,2,30.0074491609866,3.26883078076928,1182.56180692459,74.9751369424182,2466.60163495977,129.506397598523,425.556967800021,0.0454560160548607,10.1536084876028,6.21173609078861,0.841462497023263,5.0071082689649,4.52876167279083,0.220120271578617,0.0105119711739763,0.006063953131048,13.2189396557938,45.0372390410589,15.0
5.729166666,30.0059591508066,12.517072967098,1183.01417222723,80.199548422498,2461.81371448651,129.685776796682,425.71458167689,3.59563619564444,12.6029060142108,5.8011949294291,1.57060934857428,5.18680225028537,4.35726390976336,0.0058508905529556,0.0004734214708881,0.0002465136368593,10.6726010212078,45.1069989347806,15.0,3244.15109440844,76330.0,2,30.0066930285894,3.18414388805119,1182.93341481677,74.0479688034738,2467.63678683272,129.608373764859,426.034437682684,0.0462028967450347,10.1847854689453,6.08922944317371,0.821032089376698,4.95478712053871,4.52664041185489,0.22004854590696,0.0105090470234082,0.0060705122500806,13.1794657895646,45.0732548239495,15.0
5.739583333,29.9993431012648,12.3084043258383,1181.25015668274,79.3961121568177,2458.21480619423,129.533505935062,425.353973727663,3.62728690913187,12.5999906235132,5.79191197186083,1.54845000547085,5.14419566827862,4.35683189048072,0.0056136237602101,0.0004558570416749,0.000237107539571,10.6699395662152,45.0546051226386,15.0,3239.10236986437,77295.0,2,30.0026952735219,3.14384068869041,1182.44353718327,73.2116726139656,2466.76001407199,129.610555406955,426.17891864829,0.047715347367648,10.2320618933884,6.00988433152197,0.812473749318147,4.90767526680512,4.52210275827963,0.219802437930212,0.0104995780490264,0.0060682897186572,13.1296025740922,45.0745504925503,15.0
5.75,30.001685309417,12.570474445349,1179.42709377158,79.6746450533315,2454.25758659363,129.358687471218,424.923344205386,3.65662641104676,12.5948930956082,5.94123421210822,1.57359896388246,5.15356160351298,4.35867822232661,0.0053800233855447,0.0004387046425692,0.0002279340064018,10.6704793184047,44.99435263815,15.0,3234.47678229997,77640.0,2,30.0021306653156,3.16338440212454,1181.20083418318,72.8023039647828,2464.17839039518,129.517749871042,426.008978833579,0.0482614955873501,10.2738164204654,6.01170226141954,0.815732162280015,4.88242165613435,4.51873439116806,0.21989030914266,0.0105024086732607,0.006067887116451,13.0875448515957,45.0428037908615,15.0
5.760416666,30.0029392368322,12.9216549073139,1179.13643044495,79.5978357067912,2453.60403203085,129.364739633576,425.09354767642,3.68776072269588,12.5855383063389,6.09673067823992,1.60775696741797,5.14618715090242,4.36115623733996,0.0051392479673227,0.0004208186770831,0.0002183584511141,10.6704835826384,44.9970111930039,15.0,3233.84519751419,77655.0,2,30.0025749393405,3.20623246618725,1180.05250004814,72.6823997446296,2461.81789031988,129.429281739159,425.858455295853,0.0483313355349471,10.2797174831772,6.09748345786669,0.825311701497618,4.8721638671846,4.51899415540219,0.220176054993022,0.0105125932152602,0.0060700142022597,13.0776284132599,45.0125531540664,15.0
5.770833333,30.0035901637931,13.4722038633428,1179.2410113612,79.7091816999222,2453.69423331273,129.411736139247,425.403175090772,3.71847857291589,12.5754358506215,6.26516958297637,1.6619407974993,5.14840881258043,4.36389844078654,0.0049056662128809,0.0004034894040875,0.0002090694638713,10.6703108162905,45.0139120374634,15.0,3234.354937231,77620.0,2,30.0028629220587,3.27247502859513,1179.62810916323,72.654302874145,2461.02387957318,129.419868716251,425.974719503136,0.0480890010536558,10.2556576342681,6.2291758336543,0.839549644120489,4.86744385439202,4.52224438452848,0.220498289452699,0.0105243299330787,0.0060708838428557,13.0937501101246,45.009784687737,15.0
5.78125,29.9619470200116,13.2858440987793,1169.40714629158,78.4297886744763,2431.22590424382,128.268632175747,421.77881643436,3.68542829473632,12.5226669134806,6.52805834614985,1.64272687467723,5.11794300836537,4.36356946123813,0.0048621861908179,0.0004046346620664,0.0002098324817059,10.6568457735963,44.6168125046236,15.0,3205.29532524345,90310.0,2,29.9779259934412,3.42285365673495,1176.40168145836,72.5166001884751,2453.6391600294,129.073014176402,424.945920233851,0.0547554696713054,10.3301473829005,6.39653667883772,0.869548243680876,4.86527400232082,4.51327559889614,0.218285150077742,0.010442434014667,0.006002483783226,12.9837038978966,44.8897311129408,15.0
5.791666666,30.0079887804758,13.2783760805186,1163.05568036357,78.4009859713465,2418.24539023956,127.629328163748,419.774535116122,3.61575031065636,12.5030545280718,6.54248263491384,1.64315078543066,5.10539666590267,4.37628101519927,0.0049441305831169,0.0004157754058571,0.0002158718416335,10.6741293149896,44.3948714361832,15.0,3188.6255934679,88540.0,2,29.9961337881374,3.44688268656836,1169.16877043513,72.3149355160528,2437.86640588173,128.284634079151,422.443634780847,0.0526225316005799,10.3958158247106,6.5466096072645,0.880530015440454,4.85741490348575,4.51402501034806,0.218612346343783,0.010454007765283,0.0060074482347325,12.8943791457891,44.6160982999337,15.0
5.802083333,30.0055599922407,13.2403367539725,1175.43682395341,78.3288288138439,2444.53154475362,129.07481819888,424.608230747274,3.57804550604168,12.5058438110338,6.06122824395629,1.63988545899721,5.11014077255072,4.37685610972795,0.00491520843579,0.0004153749889186,0.0002155626197799,10.672543220836,44.898072719379,15.0,3222.65873938981,87200.0,2,30.0020531105264,3.42527324468167,1169.52719927799,72.1725761777047,2438.58390441109,128.37090141208,422.823020969906,0.051330983743679,10.3856796479959,6.45154349573751,0.876584896459785,4.85185501259632,4.5186586803928,0.218745160205592,0.010459188578921,0.0060131788060367,12.8837665646976,44.6466204568743,15.0
5.8125,29.9958030492996,14.1086315363298,1175.07214703499,78.0046935902062,2443.64185645584,129.081386510064,424.691080524804,3.55682526189327,12.5340454470235,6.3764323499129,1.7269850700572,5.09895474004111,4.37311668739084,0.0048624495933247,0.0004129279962338,0.0002142023271954,10.668805971753,44.900722903245,15.0,3221.54391526436,88505.0,2,29.9985457960175,3.53684667966204,1173.23882043048,72.0338222650991,2446.46578085471,128.835414794858,424.433006412304,0.0505973625584525,10.3699807128588,6.39958299725191,0.894769564391755,4.84988762360877,4.5208436797759,0.218645636795229,0.0104561784138971,0.0060006559414437,12.8966922550958,44.808720234592,15.0
5.822916666,30.0372379341319,14.2888080167225,1180.21474510572,79.6033341805245,2455.537919705,129.759782728083,426.988343278521,3.595397383292,12.6157260829278,6.37215397912903,1.74522651834512,5.14947963839539,4.37299738653841,0.0046041245213537,0.0003913518160347,0.0002023961311391,10.6824120097692,45.1370702189351,15.0,3237.93089641259,78280.0,2,30.0197093233046,3.44298465403742,1175.81987833678,72.2557838335855,2452.46744646258,129.18667981456,425.685671174769,0.0453945358246901,10.2807508097598,6.49318721550199,0.885240777978702,4.85742491857297,4.53320432226331,0.220659725787274,0.0105303187387254,0.0060578153175616,13.0263176591756,44.9312870789335,15.0
5.833333333,29.9817341529421,14.5131564550376,1176.30135846312,79.6600199784766,2446.30809067604,129.318151669846,425.617594160214,3.65082592351586,12.6538818527173,6.4320143119503,1.76634757668376,5.16447195561343,4.35919301589077,0.0043137377235201,0.0003682939237729,0.0001899938208583,10.6622918956455,44.9838466731413,15.0,3226.64179621564,83380.0,2,29.99805841595,3.5121379230458,1177.19988074139,72.6341761024836,2455.56665182789,129.392462066376,426.455267369146,0.0486506108472222,10.2574059793673,6.53903136217923,0.891282272584869,4.87322595970397,4.53088116212089,0.219970435835359,0.0105049426389899,0.0060344517012684,13.0861557148029,45.0031637147316,15.0
5.84375,29.9694106248494,15.1861006509913,1163.82169129215,79.1921687423738,2418.50698354537,127.888019074891,420.978028489157,3.62389097811758,12.654272585693,6.79974846383089,1.83346316140187,5.16484694037656,4.35820620112704,0.0043721998802419,0.0003769505842322,0.0001948244598446,10.6596587430034,44.4867246450006,15.0,3191.15521184171,93230.0,2,29.9800796160501,3.7744146412115,1172.48484888139,72.9332582133658,2445.01974582006,128.87646584839,424.800249948904,0.0523750125266297,10.3560195925819,6.67939383553239,0.939018685196251,4.89389811250592,4.51882648352707,0.218680535233742,0.0104571926490604,0.0059781301608649,13.0138060485311,44.8241188409717,15.0
5.854166666,30.0157830171829,15.9628301768036,1164.88785586714,80.9353405869031,2421.07498364627,128.062947610413,421.604982561593,3.57588557285347,12.6630240805014,7.15002388783259,1.91213506057115,5.23941066814418,4.36718017958435,0.0044912756699916,0.0003884717417109,0.0002009863335218,10.676606709507,44.5478815206083,15.0,3195.83549384469,88630.0,2,30.0014112194102,3.89453902828364,1166.72685658176,73.574275481351,2432.68072214231,128.247127388351,422.773365694855,0.0480658258363195,10.3506289537414,6.97695185234853,0.969280517246232,4.92761058927412,4.52435563589337,0.219977740762713,0.0105048134552783,0.0059972196377552,13.0374225872042,44.6056603222087,15.0
5.864583333,29.997692280939,16.3183289941673,1172.97614628867,81.1969724880784,2437.95168693918,129.0064811357,424.753590571852,3.55099300555667,12.6658655076202,7.2583140838823,1.94789506683299,5.2647908069114,4.36392822881243,0.0045181806605751,0.0003913621421153,0.0002024293576457,10.6698577131616,44.8763875658899,15.0,3218.07094874202,89445.0,2,29.9993528073532,3.97817143536063,1168.84856748822,74.2801757398159,2437.28392195887,128.516673368235,423.715877097224,0.0472978052579006,10.2783998112341,7.23228844643646,0.984821672508535,4.96659498855526,4.53135706859339,0.220107430929292,0.01050991489087,0.0059926970225277,13.1068258337279,44.6997839413851,15.0
5.875,30.0096449527951,16.8529502892717,1173.71074730171,80.9453344514881,2440.21137856348,129.178488747019,425.345680599696,3.53322030263324,12.7024559696872,7.53126508272451,2.00176481251664,5.24367725878803,4.3621602089187,0.0045550709499373,0.000394946671723,0.0002042218517404,10.6741878943071,44.9364588260923,15.0,3220.74606636712,86555.0,2,30.0054469315592,4.01421689039296,1171.62579022222,74.4750865544195,2443.5557030667,128.879836738849,424.962254986914,0.0449244378400554,10.2047051034284,7.47031954952134,0.993637383079099,4.97876782329362,4.53925279592397,0.220721064212807,0.0105328845327651,0.0060041789299967,13.1938698713964,44.8264029592849,15.0
5.885416666,30.0278707099069,17.365967787679,1177.37450223232,81.6792851133834,2449.11734164299,129.701266234196,427.088013740421,3.55627884024512,12.7801903103959,7.61064486039953,2.05292783256363,5.25653974095231,4.35603485092746,0.0044145647016375,0.0003829257403467,0.0001975102760038,10.6798500720736,45.1184944696227,15.0,3232.55917757469,78865.0,2,30.0176930774979,3.94189722209976,1174.0181628002,74.5254736487995,2449.53086856443,129.22493351572,426.162644188305,0.0412162187293057,10.0870245027723,7.68653108521746,0.983967943667395,4.97597908079765,4.55094248457999,0.222020012659,0.0105809956049257,0.0060420730521539,13.3524371529541,44.9466035931706,15.0
5.895833333,29.9411780695724,17.5659078489687,1162.76634231823,81.2596237533842,2415.18781468394,127.934073028956,421.265996252094,3.49195145338512,12.773924337359,7.59435816620468,2.07221420131482,5.29723647763129,4.33887113211596,0.0047361761572059,0.000413392379577,0.000214109344654,10.6515368840248,44.5038066066368,15.0,3189.68824248243,99150.0,2,29.9683118616958,4.32361398342306,1171.33431924361,74.8483616457176,2443.358910169,128.944467820998,425.229569302387,0.0489531785952662,10.1853480837317,7.74574744840278,1.03916850532411,5.00157067535828,4.5310720115098,0.219044303056443,0.0104717507781262,0.0059367442506386,13.2662466112125,44.8492636444603,15.0
5.90625,30.0190203312546,17.6971441198045,1153.10227522678,82.5145371107356,2396.00796822708,126.953658547003,417.991345095536,3.35648787041661,12.8071818219958,7.58054429760936,2.08743722487476,5.33354319721029,4.3482639436258,0.0054438566764282,0.0004718202944147,0.0002455818132497,10.6815185311176,44.1626212762688,15.0,3165.54930411256,93155.0,2,29.9997707421381,4.38504451305974,1161.13675354625,75.520522652787,2421.45932791271,127.811937573101,421.453041820791,0.0438800346804642,10.2510358834699,7.788539352957,1.06192981859261,5.04029223259125,4.52976893686808,0.220090794897918,0.0105103544859957,0.0059556697103727,13.2354585547582,44.4555776240094,15.0
5.916666666,30.0091400159,17.5290222406111,1171.4459341285,84.1190219949703,2435.02030338973,129.0718587076,424.906465589949,3.28901786013039,12.8509519329388,7.65246598781345,2.07128609462171,5.42435594967787,4.33883280291195,0.0057500707921399,0.0004943968521961,0.0002574045870568,10.6771654763774,44.8992783530837,15.0,3217.09714662287,90255.0,2,30.0056710711681,4.32251557427609,1162.62301178007,76.4578372909903,2424.94423362648,128.02986465592,422.141348756463,0.0417187551182732,10.2098860966647,7.84334407204645,1.04860009423615,5.08849709352377,4.53255593129957,0.220471929557936,0.0105246885439099,0.0059706886172154,13.2989429183842,44.5314492611871,15.0
5.927083333,30.0056001518946,17.2536984159372,1173.93717434898,84.9860498693049,2440.72329243204,129.420590268378,425.992249282365,3.26729101385099,12.9205711723935,7.64613003899831,2.04404021970921,5.46514848056273,4.32767045669549,0.0058365369919405,0.0005000662262656,0.0002602106350005,10.6755362937541,45.0203885781684,15.0,3225.05980858443,88325.0,2,30.0057088340862,4.23643040593453,1169.41858360606,77.3975484117956,2439.60961505383,128.849869491519,424.807721288779,0.0406653934248175,10.1928170996128,7.88815794614716,1.0301008328728,5.1403634638276,4.53068671422695,0.220769105421677,0.0105355642527932,0.00598558904117,13.3595390857718,44.8165931942595,15.0
5.9375,30.0524579034048,16.9064635105505,1180.29203264345,85.7480909229284,2456.67891865629,130.325404655314,428.923330051319,3.33077969957427,13.0557598245948,7.56993873834476,2.00922713572478,5.45639674669795,4.31833024698655,0.005396857463402,0.0004626304797015,0.0002396427311648,10.6901486986162,45.3349922348376,15.0,3245.47707687311,74400.0,2,30.0303341756048,3.92379568766238,1173.9645835952,77.8004316667774,2450.32734453438,129.456789039861,426.81031325853,0.0361262706714841,10.1117728786204,7.91450462775155,0.977498536760247,5.15191934288257,4.53792448516934,0.222886063696406,0.0106128528138014,0.0060644164730713,13.5276920799546,45.0274548154497,15.0
5.947916666,29.9321142655693,16.3629378446082,1163.16985367251,84.3677626170174,2416.99518550382,128.247082035853,422.051640880627,3.32793364405001,13.0508313598873,7.4611398776655,1.95344716271178,5.46216941472963,4.29335933620143,0.0054578043137563,0.0004722107933283,0.0002453476758915,10.6493956864739,44.6118875810035,15.0,3194.58255921812,98085.0,2,29.9665671328646,4.18816661660763,1172.20259695511,77.8816512468704,2446.12452290946,129.303603360399,426.241879313839,0.0466117041947405,10.309159402114,7.7858133953689,1.00438550409718,5.16244410495622,4.5031914503316,0.21939120622123,0.0104834889683491,0.0059564168195307,13.3763162480575,44.9739444937655,15.0
5.958333333,30.024049368679,15.9934381440387,1150.32625633662,85.6999395068417,2391.48064121756,126.91591491762,417.621602428858,3.23819180402293,13.0696337571747,7.37225887058908,1.91862512716346,5.49230256252471,4.30670929466049,0.0060275516776403,0.000517655971457,0.0002701008124397,10.6844092370017,44.1486302401517,15.0,3162.14473848574,90805.0,2,30.0014875061429,4.13926375158729,1160.66378290719,78.3138522531065,2421.22691161151,128.024720580532,421.947261552222,0.0425333887388345,10.4806013173175,7.68695348748137,1.00755456650904,5.18688817340455,4.49116340429827,0.220755124912847,0.0105325836469553,0.0059917951733157,13.2612467838449,44.5290223176828,15.0
5.96875,29.9930756438077,15.235184096327,1167.65234540152,86.7725428605061,2427.62925809965,128.87278081972,424.00920120315,3.19053585182778,13.0619052471732,7.09600175426628,1.84346763003819,5.57584102909726,4.29924146100477,0.0062357312134168,0.0005328896345326,0.0002783705535814,10.6725615411491,44.8291903437368,15.0,3209.82398904621,93230.0,2,29.9964993850868,4.06461515672543,1160.2321234665,79.0583418215495,2420.24472091713,128.01681394349,421.864515514556,0.0435537207314362,10.5408638027269,7.52004956558571,0.988245231458031,5.2270018899226,4.4825870661764,0.220254650937207,0.0105138228761974,0.0059867738842638,13.207710946748,44.5261941216062,15.0
5.979166666,30.0156338372188,14.7648908403336,1171.58014423186,87.6855571329528,2436.98566797254,129.406153941661,425.711448380777,3.18061490786716,13.0993736881354,6.85095676770043,1.79746517451484,5.60873493398169,4.2973993196722,0.0062175618092541,0.0005293541928959,0.0002763662676026,10.6797462117372,45.0146335953773,15.0,3222.28770394138,88415.0,2,30.0081026338796,3.91773953590753,1166.70409651784,79.8672709691141,2434.00286973662,128.791888531238,424.371933434776,0.0417435088704716,10.5702781403242,7.30552595429714,0.960409997227633,5.27369159530207,4.47957969067137,0.220922927775302,0.0105381059393949,0.0060161539150325,13.2000464830405,44.7957185341171,15.0
5.989583333,30.024123657906,14.3757476785762,1175.03317831174,88.2007126632121,2445.72587940212,129.911730661062,427.3384589451,3.24232443446118,13.1719859376477,6.65224992048478,1.75869570409355,5.61079062039847,4.28902381695839,0.0057198080180326,0.0004881686858665,0.0002539849453163,10.680844379365,45.1905245051942,15.0,3233.55036336632,81485.0,2,30.0170247887446,3.73444177807041,1170.84091606045,80.2453613197059,2443.48809456701,129.336501322147,426.153512995537,0.0401019007071692,10.5477442869139,7.10722284709576,0.924426301405238,5.28699447018611,4.47997138497171,0.221981764929607,0.010576606194795,0.0060584499156931,13.2669767225361,44.9850416621813,15.0
6.0,30.0170181057883,13.5976702669075,1175.82473560834,87.4417945327677,2448.62101277057,130.109647090512,427.990482841689,3.36087335656484,13.2490964349267,6.49935173607523,1.68013285140787,5.55422600028352,4.27748714761076,0.0049872348028156,0.0004295040067479,0.0002224610532131,10.6765304599603,45.2595380955445,15.0,3236.43540820457,76940.0,2,30.0166017185866,3.52877401304245,1173.47254686468,79.9813309008782,2449.97777667342,129.72714445824,427.455101399557,0.040516529310605,10.5429190444217,6.93105476381461,0.88374868467658,5.26370442315355,4.47643947924615,0.222657876676092,0.0106006029109954,0.0060939379904847,13.3362170066387,45.1207889257117,15.0
6.010416666,29.9979442032955,13.1869780731262,1172.88717185777,86.2354598910443,2442.75655831549,129.832655346159,427.122566769606,3.48000505290756,13.287562562294,6.43616427111798,1.63791566514909,5.49139064251778,4.26867009582292,0.0044013503927829,0.0003829774944835,0.0001977160639372,10.66899770625,45.1634818379779,15.0,3227.99842051354,77670.0,2,30.0061137401166,3.4317349549855,1173.85465649959,79.2258364657309,2451.3957821746,129.855444388374,427.903804110839,0.0432464555052214,10.6143465885963,6.77735717014846,0.861087454959722,5.21757266192352,4.4644004904626,0.222617108817099,0.0105980194954212,0.0061013864971577,13.3284474979736,45.1653392665855,15.0
6.020833333,29.9979327630264,13.1877850264562,1168.52281551075,81.7822147036008,2434.70113436176,129.455658339385,425.955165780044,3.5625135927779,13.2860049539997,6.57148162121533,1.63719478015918,5.2685925327102,4.26854072932867,0.0040651474375675,0.0003562307289662,0.0001836148967932,10.6689139327949,45.0327290739592,15.0,3214.08728832712,78895.0,2,30.0009478824118,3.39901617353269,1171.92856720656,77.3268256240563,2447.9395250035,129.727043411788,427.517061530819,0.0455034857958875,10.7165544072007,6.71815940799371,0.857045774877227,5.11721838451472,4.45184317784113,0.222637430530713,0.0105976021831759,0.0061038157250836,13.2711354038521,45.1207418560383,15.0
6.03125,29.9639375830446,13.2606878791308,1157.80952733012,81.2736359718608,2410.47302255886,128.177234812594,421.824880427549,3.55319656551149,13.2004861216913,6.69623613734551,1.64410201885743,5.27546663991526,4.27194155070755,0.004135887732076,0.0003643226462248,0.0001883844645994,10.6584685529164,44.5884362875203,15.0,3183.11005304138,91405.0,2,29.977406307985,3.52902371942923,1166.42938775436,75.6132679251895,2436.19668502193,129.156732702479,425.654457972137,0.0523482414162311,10.8908213278229,6.73313326845094,0.883610231805472,5.03426843060667,4.43209405737372,0.220538937532987,0.0105197770119013,0.0060400238141649,13.0832828437094,44.9226483523976,15.0
6.041666666,30.0162626864458,13.7665333491817,1151.62541024885,81.7744755450871,2398.35408035171,127.5514470163,419.826738674347,3.50648329895565,13.137822117702,7.02068242442203,1.69575938533443,5.28084030795233,4.28964561598886,0.0043373085612992,0.0003811607827314,0.0001975404250774,10.6775182965286,44.371153284379,15.0,3167.6274788405,87360.0,2,30.0007342931778,3.58977959444189,1158.65868076495,75.1794767612283,2419.74433562764,128.307314460471,422.887751247516,0.0489710758725981,10.9421492444734,6.896516669141,0.90251398594328,5.01180224264598,4.433900232187,0.221501780651377,0.0105547693798587,0.0060565513431923,12.9944599227105,44.6276143958044,15.0
6.052083333,29.9905412171251,14.4091571758529,1160.23210436597,82.3562665101754,2415.91857309327,128.514892251361,423.047268786441,3.47269439702404,13.0788202713954,7.41791847479826,1.76003214538577,5.33218899930558,4.29238570874131,0.0044726852401323,0.0003923621156939,0.0002035094734797,10.6678600636034,44.7066973978177,15.0,3191.08185180378,91075.0,2,29.9946748367208,3.73715055103945,1156.56798792044,75.3134413751525,2415.50537757262,128.099821005824,422.24820511238,0.0494026550992239,10.8914171400755,7.18551904750502,0.92829149464654,5.01974498799714,4.43963376436672,0.221199622373842,0.0105439515685413,0.0060353265255364,12.9782489988238,44.5558858421375,15.0
6.0625,30.0029660054566,15.2735322996448,1165.35555846162,82.9826486958937,2426.77472877169,129.129012640323,425.094355841722,3.42933110788076,13.0702624679307,7.98962178001309,1.84689297236371,5.36809306295924,4.29718243747818,0.0046990019412225,0.000411178534788,0.0002134808028791,10.6725035479362,44.9206536542161,15.0,3205.6927185491,90650.0,2,29.9994859272656,3.87898417599806,1161.69588856215,75.8780942901407,2426.44947221994,128.696736224244,424.249518777219,0.0469875256913144,10.809222953149,7.62005253003706,0.957675154883689,5.05749519508395,4.45002776497052,0.221726164698244,0.0105637164962213,0.0060346273051895,13.0150095974037,44.7639646898656,15.0
6.072916666,30.0976210849583,15.3890968957703,1179.10763851639,82.8044712428086,2459.66854484346,130.949683824358,431.116571684397,3.50025477326315,13.1994540069476,7.99119130949607,1.85847855526032,5.2902741375545,4.30105264784729,0.0043872067621125,0.0003826560134406,0.0001974504043802,10.7035459217394,45.5542949888715,15.0,3246.90090382522,67740.0,2,30.0473107241944,3.54950446130145,1167.6582901329,75.653854581292,2440.635556324,129.463448113653,426.87245955828,0.0369025811754913,10.5624481943273,7.98541404802555,0.911028586854218,5.03620078850196,4.48136900105837,0.225693500304149,0.0107088475508619,0.0061607320293524,13.2982014408276,45.0308280016432,15.0
6.083333333,29.997320715829,14.7890287223059,1177.9347763722,80.1536898925666,2457.60172647305,130.90865366162,431.048658979066,3.63967115533719,13.2915834201955,7.71691865357721,1.7949937343008,5.15373099463077,4.27086072863695,0.0038492923765381,0.0003376347343553,0.0001730815468174,10.6659529314184,45.5402948539884,15.0,3242.39085017436,68305.0,2,30.0222360260713,3.3666764263275,1173.19221761064,74.3039329431245,2453.84139350751,130.214638142337,429.472423056392,0.0396702174286469,10.4043294834085,8.05406306705163,0.864767212994551,4.95503724986005,4.48887654978823,0.225488802881951,0.0107012775434089,0.0061744006003861,13.5110951842857,45.2920379945316,15.0
6.09375,30.0002113355862,14.3247510958988,1173.23645565654,77.9850407704569,2448.07216259003,130.466459111504,429.664950867324,3.72183941288043,13.4029609311572,7.62395703154065,1.7462207486727,5.03682184353157,4.2577925293779,0.0036550846078331,0.0003223709630774,0.0001648173980867,10.6672313979856,45.3866197184723,15.0,3228.60876653574,68380.0,2,30.0108041637758,3.26030598259395,1174.25442858363,72.5974825725213,2456.79544751972,130.442904151438,430.317306613712,0.0414721978894033,10.4601682371367,7.9807004879497,0.843738639433061,4.86015057572858,4.47841920827305,0.225542404328907,0.0107021600657942,0.0061854140607856,13.5510767003383,45.3713281293641,15.0
6.104166666,30.0095099221617,13.3905862614084,1170.72146155493,76.1492447367547,2443.34254289882,130.285781874535,429.143022803482,3.76699508506987,13.4993406761394,7.20366761961562,1.65066585531724,4.93361563430316,4.24651578219525,0.0035642179557243,0.0003155171223006,0.0001610169586428,10.6704054611084,45.3237877856925,15.0,3221.22438124066,66695.0,2,30.0097115274814,3.09403410412372,1172.99168328287,70.8635401327889,2454.48882746634,130.40234634976,430.268671434816,0.0423422314659416,10.5846125208373,7.79883874050372,0.813740915871662,4.76415838128628,4.46352791297138,0.226064097943655,0.0107193748713854,0.0062132187127028,13.5328340779899,45.3570823779082,15.0
6.114583333,30.0098184805972,13.253020593823,1169.10548564862,74.4019587227254,2440.42857196481,130.208658452226,428.969032431569,3.80598014263428,13.5784145760461,7.24908512350347,1.6347257332905,4.83675701822294,4.23461944336119,0.0034711774468912,0.0003080862682601,0.0001569213770087,10.6698186374146,45.2968827670722,15.0,3216.30794249027,65375.0,2,30.0093371169243,3.00223633503375,1171.38496949664,69.188647045611,2451.30948993831,130.323095109099,430.094875722766,0.0428013397763351,10.7183181062193,7.61809000214747,0.792710070117517,4.67144742043778,4.44726603514808,0.22667485166507,0.0107400063315507,0.0062358413796403,13.4986280198981,45.3293408725824,15.0
6.125,30.029786390254,11.5646519234307,1170.68302063433,72.9162157750707,2444.62585136045,130.518643724671,430.091537134241,3.87127362961592,13.6628267670864,6.71966249263949,1.46375322240379,4.74449999783828,4.22569179951858,0.0032901535504402,0.0002921824795217,0.0001483294636613,10.6756075831224,45.4046144943016,15.0,3220.67991234229,60210.0,2,30.0184564027343,2.742984586683,1170.698032711,67.5786604300039,2450.04500363277,130.352151479738,430.299276237834,0.0422668829211139,10.8209991698282,7.40729275814791,0.744902273556739,4.58217833948973,4.43539814864177,0.22783694175281,0.0107801187807295,0.0062893120947595,13.4939390454202,45.3391821605858,15.0
6.135416666,30.0058434159969,11.6675381212248,1169.24900805827,70.812957528169,2441.80484699763,130.458846712329,430.023688605244,3.94777891736682,13.7178111641482,6.26172951421459,1.47132054427068,4.6338632831639,4.21204918422574,0.0030879277597419,0.0002740677818468,0.0001386217922318,10.6660123311892,45.383720483309,15.0,3215.79980128871,60210.0,2,30.0126032859858,2.66882118140795,1170.30303738102,65.9064655636108,2449.20687631557,130.416423834037,430.635845857396,0.0439746193986141,10.9403204297445,7.04968098483414,0.720035251115838,4.49029551329638,4.41869707124883,0.228146206254253,0.010790115279649,0.0063035568396022,13.4583656196268,45.361227876128,15.0
6.145833333,30.0232063520342,10.7963158430414,1169.56150224745,68.9103574522366,2442.90553715521,130.613254631407,430.687332034205,4.02806298214455,13.7782412831392,5.68293270104055,1.38190368368038,4.52646769445355,4.20631097293602,0.0029030074450583,0.0002571916703168,0.0001296101163507,10.6713659068687,45.4373635945035,15.0,3216.08651033626,56985.0,2,30.0170138231552,2.52299548929983,1169.90740903715,64.1945718570288,2448.36635950954,130.479459677553,430.98599037534,0.044004017017218,11.0410413261967,6.6222656919787,0.694149519109095,4.39734332781276,4.4059147261095,0.22876435983588,0.0108116423850867,0.0063335730550233,13.439156697848,45.3829091257441,15.0
6.15625,30.0117013413937,10.0370730192992,1168.70703144441,66.9528855379401,2441.1286754125,130.61583115929,430.881157378594,4.10963049709559,13.8126178215088,5.19014464298547,1.30339180400502,4.42161605306642,4.19876531547101,0.0027209093048572,0.0002399983237235,0.000120463712801,10.6664877462998,45.4382378901745,15.0,3212.79286411719,56100.0,2,30.0146124386337,2.39173574664928,1169.52964257939,62.4681686811014,2447.3627068926,130.542756265554,431.36024739665,0.0458348183453868,11.1484691815127,6.14839906950767,0.664636304367683,4.30395338275385,4.39218077373874,0.228765321213154,0.0108111502759907,0.0063476519614472,13.4001882732461,45.4047231235926,15.0
6.166666666,30.0160731387163,9.625193073026,1168.13859448255,65.1300113194444,2439.88101247304,130.648517641242,431.202814385714,4.1885393244485,13.8364516514814,4.91132838729018,1.25984951602672,4.32227396132957,4.1963024649591,0.0025635371924875,0.0002247877907966,0.0001123980259155,10.6674279956978,45.4496390456181,15.0,3210.33794201071,54490.0,2,30.0151364781755,2.29285383680681,1169.03693985876,60.7944436907302,2445.96154332989,130.588251087719,431.696656982098,0.0467626530838654,11.2572536224427,5.71440579662922,0.642412826175013,4.21359323679994,4.3796086048482,0.228788913060103,0.0108120108889804,0.0063593614190906,13.3505992036432,45.4204342279102,15.0
6.177083333,30.014605534992,9.25830541599236,1167.53060588827,63.3653798091374,2438.37351717835,130.66820647273,431.512920688,4.264817722994,13.8395973314041,4.65979889853584,1.22081144694959,4.22664159774824,4.19597787314026,0.0024205207552891,0.0002105221000259,0.0001048578663534,10.6662934262846,45.456584493529,15.0,3207.68041089751,53135.0,2,30.0151009129918,2.20715013924671,1168.5121690189,59.1845368791521,2444.39796169215,130.624613453682,432.029445068069,0.0477113015844545,11.3427381479429,5.35590532997454,0.624083299564642,4.12681779885939,4.37007738671539,0.228746671143287,0.0108107365265721,0.0063682995598217,13.3091982095821,45.4330606456775,15.0
6.1875,29.9903632261827,8.72809479111457,1163.10720044362,61.8286598947984,2428.21107035097,130.220677283155,430.29945739056,4.31695889146176,13.8023563291818,4.27299720833503,1.16549580488714,4.14999990233914,4.19670551705606,0.0023294749890486,0.0002015830346222,0.0001001533166992,10.6575878812935,45.3010365234397,15.0,3194.22607641491,56735.0,2,30.0039083183539,2.15334575571582,1167.02535964498,57.7288301317756,2440.57366936198,130.543788358691,431.981750893823,0.0529373061469132,11.4641906624924,4.98576354973772,0.613557184407388,4.04700919253477,4.35681807972364,0.227156059243036,0.0107542351105705,0.0063365548403721,13.2063420356761,45.4050555145703,15.0
6.197916666,30.0208633774572,8.80157772049745,1160.32664766195,60.606099122797,2421.99504213939,129.98632766122,429.809375816445,4.36532749673393,13.7653029234344,4.31163150730437,1.1713401942941,4.07775032170423,4.20878000224198,0.0022552704117026,0.0001943952792301,9.63769741141003e-05,10.6682307430382,45.2196910072451,15.0,3185.95738755679,54380.0,2,30.0111138867808,2.11317061221627,1164.66660249855,56.4601141849027,2434.85257449039,130.35684121881,431.60155712831,0.052260742074539,11.5634889015293,4.70154929673493,0.606154979060283,3.97619568329558,4.35033600599117,0.226876980376293,0.0107452451608521,0.0063356781039615,13.1144531820876,45.3402568915577,15.0
6.208333333,30.0005805477635,8.86634545664537,1160.26988976367,59.5213271039412,2420.9678945177,130.029683984608,430.261906500641,4.40745905842772,13.6883166497662,4.33687437181513,1.17594153061354,4.02356558631455,4.21656028110822,0.0021795062026317,0.0001868258715456,9.24185662601756e-05,10.6606478169184,45.2350112679492,15.0,3184.71428485388,55930.0,2,30.0064592243737,2.1024263248782,1162.54266435943,55.335866625751,2429.61814061178,130.189698034372,431.312850049667,0.0548188181774483,11.6061274436074,4.55261563561523,0.604913543059337,3.9132307057564,4.3481272692256,0.226121968836813,0.0107187294805244,0.0063192366199255,13.0465385047123,45.2824072817745,15.0
6.21875,30.0043647200572,8.80071030928952,1159.37728485525,58.6684218164007,2418.16315142641,129.976915371394,430.412012303098,4.44181603616256,13.6026938545394,4.33975511682913,1.1679536409136,3.97872993503782,4.23083360118773,0.0021252854740353,0.0001817636629251,8.97795230373314e-05,10.6618761396929,45.2169310687261,15.0,3181.36103763096,56715.0,2,30.0055179786328,2.08538668211454,1161.53648113646,54.4300365906739,2426.62432803846,130.139904373978,431.426863891397,0.0565960324549713,11.6355074421031,4.46750740832892,0.604551010154279,3.86274830545261,4.34936173504813,0.225421643631162,0.0106940679299662,0.0063047571314638,12.9720612476419,45.2654096600009,15.0
6.229166666,30.0009783089787,8.86714404238944,1156.20817791419,57.9413091223175,2410.45457393005,129.659767026141,429.697584068756,4.4667365086406,13.5010390899556,4.31837141658607,1.17329905643539,3.93945202710036,4.24634321785133,0.0020825907370834,0.0001780888465384,8.78632218875738e-05,10.6606126188922,45.1069096614098,15.0,3171.80124129214,58120.0,2,30.0035715933397,2.0847885136801,1159.72971930002,53.6784356541719,2421.86253435937,129.992735561488,431.233550872746,0.0587049069481484,11.6453116824191,4.40818022881319,0.606181107240784,3.8196795266051,4.35359142655313,0.224630652538557,0.0106661420136611,0.0062862432194723,12.8959781011418,45.2145535221133,15.0
6.239583333,30.0104407339558,8.79312175146141,1156.49447669683,57.4250417759681,2410.08123539701,129.739077632238,430.30511281101,4.49025862248749,13.4028515606785,4.30569528528523,1.16484755953754,3.91025371475052,4.26456928225559,0.002042871882486,0.0001747040959215,8.60712590859498e-05,10.6638143408662,45.1348374089152,15.0,3171.88483629148,57610.0,2,30.0066535644558,2.06600512334748,1158.13160216271,53.0676096501628,2417.49885987107,129.864066306972,431.118483104222,0.0589919800825981,11.6239916810741,4.36652565392761,0.604494210561604,3.78428379106128,4.36263514731041,0.224337062474231,0.0106560679939651,0.0062818113520197,12.8398699536098,45.1701383665281,15.0
6.25,29.9994732377724,8.79290900714309,1156.30722989847,56.9925576613052,2408.45086333371,129.751476752374,430.694475071101,4.50775933639709,13.298949403146,4.28716282990633,1.16368933159017,3.88903966573437,4.27996279814254,0.0020063939706581,0.000171771938255,8.45178569387528e-05,10.6598059815746,45.1395049399947,15.0,3170.50208074272,59220.0,2,30.0034571137518,2.06516108891881,1157.40951160897,52.5910610797106,2414.8833987227,129.829735966289,431.327609272329,0.0611727816110946,11.5893580333672,4.33050621799727,0.604689990251948,3.7567338104529,4.37253118170108,0.223521465550765,0.0106273174098496,0.0062628217539537,12.7848170960031,45.1585545683517,15.0
6.260416666,30.0001398256949,8.79382508316518,1153.71222022824,56.6862945902534,2401.77223240002,129.492721004659,430.179190631025,4.51982485766678,13.2038490172653,4.26418045716605,1.16292059278254,3.87156249464754,4.29689488960486,0.0019792784078104,0.0001701334644466,8.36429026492071e-05,10.6600773770417,45.0498416156682,15.0,3162.6693753524,60525.0,2,30.0021936512241,2.07024517072992,1156.28482001327,52.2461712071424,2411.34902778558,129.745375682579,431.372927313973,0.0629308638961006,11.5575595798144,4.29452151195102,0.607294198541453,3.73579916208424,4.38319532539807,0.222635344944502,0.0105960621302388,0.0062416019995555,12.7237032289965,45.129597696251,15.0
6.270833333,30.0235452816559,8.75499996453019,1155.40076174973,56.4209348395713,2404.46196397984,129.743738391265,431.359219804958,4.54256495250889,13.1361603865643,4.25664788030764,1.15838370838802,3.85082952049833,4.31518548280294,0.0019379132182236,0.0001664028675925,8.16089420780108e-05,10.6680880443809,45.1375341264721,15.0,3166.89311466888,57145.0,2,30.0116966476377,2.03947062110592,1155.42561801268,51.9294061855006,2408.43340388128,129.692761202522,431.536720062058,0.0600821014099455,11.4900409795692,4.27505776344471,0.601534855796791,3.71669203948268,4.39898931663639,0.223236351885171,0.0106181506724764,0.0062601846502805,12.7116128336245,45.1116493643943,15.0
6.28125,30.0051277681081,8.70692371893458,1156.03566323933,55.9809625149167,2404.59204419118,129.857900310624,432.08981385045,4.56669285853747,13.068252504826,4.20127859439638,1.15243610894089,3.82727251939767,4.32539007895175,0.0018861909385325,0.0001613210288629,7.88798811296801e-05,10.661212203168,45.1776277844555,15.0,3167.80050891821,57285.0,2,30.008887160811,2.02282949388983,1155.70625500096,51.5884313822385,2407.89036830654,129.770607602634,432.144765536418,0.0608414511852095,11.4084180850876,4.24993110517754,0.596174934501341,3.69745354848176,4.41341067534448,0.223075644118636,0.0106129525632102,0.0062587479145499,12.7175605599181,45.1390596116561,15.0
6.291666666,29.9964605487168,8.68690459561395,1153.09614160377,55.6142379731293,2397.07258937692,129.558145070474,431.438273440782,4.58340818550776,13.0088034781657,4.17029242378398,1.14948561080275,3.80758370119288,4.3364592528666,0.0018495552039745,0.0001584665161274,7.735401947608e-05,10.6581520172469,45.0737123605345,15.0,3158.88982486921,59130.0,2,30.0032838393021,2.02711223518185,1155.14449236722,51.2803296017986,2405.48448878638,129.750408032878,432.420198222996,0.063291659923345,11.3644852689132,4.20855069822579,0.597283585372587,3.67917254092163,4.42394479429276,0.222055151694712,0.0105769581121289,0.0062344328454374,12.692168963652,45.1324030751607,15.0
6.302083333,30.0005777037142,8.74379173948453,1149.43930461226,55.4127540437313,2388.1177809443,129.180776148317,430.520260929341,4.59449004527717,12.955761561349,4.1626350646925,1.15451478629289,3.7943663848272,4.34911825662355,0.0018211355819707,0.0001567736062357,7.64352216103943e-05,10.6596785345664,44.942777042925,15.0,3148.21024029065,60105.0,2,30.0020502746486,2.03826084789431,1153.26650988635,51.0475526120209,2400.2810060186,129.578748587317,432.183251674654,0.0646592191533532,11.3432732250732,4.17162371942768,0.60089763795177,3.66372550961443,4.43329549967214,0.221248830707788,0.0105484925360376,0.0062144465539262,12.6515089553812,45.0730921452347,15.0
6.3125,30.0182533727645,8.79442677958657,1150.77966815876,55.2788481145359,2389.91014632015,129.387717758443,431.551356449727,4.6142088382187,12.9168011822054,4.18127847004061,1.15905647634747,3.78211632010607,4.36258747065461,0.0017800904619334,0.0001531296872564,7.44470407194372e-05,10.6656924334593,45.0151218454841,15.0,3151.44214398533,57440.0,2,30.0094257292316,2.02367752546014,1151.71188259483,50.8372899573001,2395.83238908219,129.445628400957,432.079970618494,0.0622325104159763,11.2965876480237,4.16056560044044,0.59854946227241,3.6499275960344,4.44608567408676,0.221787489474901,0.0105682156528799,0.0062295240032501,12.6486630502323,45.0271521119222,15.0
6.322916666,30.0019904368943,8.84859660338483,1151.36728735776,55.0336253375521,2389.81499957716,129.492298494832,432.246489938298,4.63431183050817,12.8702141349336,4.23497507468375,1.16358654442793,3.7699903922121,4.3701699356445,0.0017323733586418,0.0001485989986589,7.20169953049141e-05,10.659634128829,45.0518594163038,15.0,3152.25492009143,58065.0,2,30.0060971529815,2.02460545441303,1151.60011612461,50.6335333754024,2394.39548508103,129.476537353088,432.528548428404,0.0632018473772044,11.240283395656,4.17171169783741,0.597743154979663,3.63788727190134,4.45728107490883,0.22167907178216,0.0105645595209622,0.0062269601834718,12.6555135393336,45.0382396757686,15.0
6.333333333,30.0044290522992,8.9009228288585,1149.63624614992,54.8057108730903,2384.93062915198,129.336863806373,432.073321356067,4.65296399828866,12.831982640631,4.31507323074699,1.16814449710357,3.75564072774419,4.38030066932993,0.0016928563041413,0.0001452473650642,7.02140194350719e-05,10.6603923031816,44.9981319749253,15.0,3146.83567748427,58160.0,2,30.0053663796447,2.02717514799545,1151.07874810919,50.443262348655,2392.07020509371,129.459752113761,432.81544960124,0.0635714887437616,11.2000989889328,4.20642168750099,0.599061906891237,3.62627620391075,4.46727840686923,0.221600793634995,0.010561790961243,0.0062247763616198,12.6524894134681,45.0327127235254,15.0
6.34375,30.0087278869109,9.03834998710737,1148.93005114093,54.5972121742618,2382.25141348173,129.301569603433,432.302449425371,4.67167433700456,12.7970462509118,4.38184706103531,1.18124430623274,3.74187727626981,4.39024438051041,0.0016530807236019,0.0001417336202665,6.83069817268739e-05,10.6617567455418,44.9861992074919,15.0,3144.27667127492,57410.0,2,30.0068493032874,2.02986955809358,1150.21160975394,50.2496338015586,2389.0401082156,129.40396065523,432.97402755652,0.0629056200426268,11.1560686013635,4.25912567167692,0.600049609870549,3.61432585545837,4.47774300517906,0.221963738390231,0.0105747446725873,0.0062330348595693,12.6581864589008,45.0135760574532,15.0
6.354166666,29.9863006543189,9.14142345802778,1145.08164616945,54.4838940924344,2372.59042266052,128.884651786915,431.248306675599,4.67804213384415,12.7466274168329,4.46514328006927,1.19079152533591,3.73926058780544,4.39655734827955,0.0016260186263483,0.0001401490262615,6.7455660736119e-05,10.6538356950954,44.8414754045913,15.0,3132.84779759213,61350.0,2,29.9972528356947,2.06717174412273,1148.70795117281,50.1302029457165,2384.60119267614,129.272390625913,432.869451089017,0.0670878917901697,11.1397594872626,4.31429569965059,0.608888964574099,3.6057161189957,4.48370580583351,0.220986771836353,0.0105394363926294,0.0062049344999164,12.6281690133372,44.968091112618,15.0
6.364583333,30.0119279584929,9.45017504439929,1141.73163669453,54.5200826884133,2364.47404769937,128.553008818279,430.469918438086,4.68697579433754,12.7158327404376,4.5711803775406,1.2214829105725,3.73430905818864,4.40977061533379,0.0016043538827472,0.0001390947730554,6.68342504842179e-05,10.6629101584433,44.726394253276,15.0,3123.35631644397,59890.0,2,30.0040203458944,2.09193063586558,1146.15926704638,50.0874289879446,2378.03341365839,129.021419046708,432.359004025048,0.0651826510230769,11.1211072655744,4.39045558705224,0.616755797634808,3.60028417919173,4.49278722988416,0.221483565582145,0.0105570060795154,0.0062138628142824,12.6096319755158,44.8810461540193,15.0
6.375,30.0072005392654,10.4060223301263,1143.72260723472,54.5757454942725,2367.36239755643,128.821679555783,431.700708897038,4.69920125396243,12.6815320935216,5.07291425290473,1.31656323913757,3.73707758980851,4.41724796293743,0.0015700826623335,0.0001360448007026,6.51487116153498e-05,10.6609770274914,44.8201618754556,15.0,3128.25247546027,59445.0,2,30.0054333014882,2.1705352342939,1144.36964632957,50.0549943673956,2373.21914911668,128.859084964974,432.150013798205,0.0632758705261548,11.0525570837502,4.58675135868755,0.633243882150376,3.59617826642431,4.50472696568474,0.222586156598358,0.0105959497270464,0.0062307597167213,12.6377803710012,44.824776226247,15.0
6.385416666,29.9672341770134,12.5991623582413,1138.03853911258,54.8393342485843,2353.38844860799,128.16721786839,429.816386136834,4.68565515496501,12.6252269886622,6.05579881680684,1.53533115047193,3.76304441346802,4.42014655319098,0.0015729701432332,0.0001383805199631,6.6380751872768e-05,10.6471575425572,44.5927064910948,15.0,3111.63197434911,68460.0,2,29.9856524468072,2.47338850749706,1142.86931836284,50.2620252077283,2369.05789936203,128.718927284526,431.990659962555,0.0677747534411245,10.989411756969,5.06955096171719,0.698183889658209,3.60588314803238,4.512040821281,0.222219085596977,0.0105811096680135,0.0061867455857251,12.6367092015095,44.7762161868053,15.0
6.395833333,29.9347656221844,14.8990658652267,1114.82578745476,55.9873370343093,2301.48251542223,125.432159845065,420.880020373647,4.5898081576932,12.5359329722863,6.98187426358762,1.76601657430772,3.85154138852691,4.42792903185215,0.0017356713049239,0.000161236281713,7.84853360476725e-05,10.6375326947081,43.6412204301291,15.0,3046.6867804201,90250.0,2,29.9527532278596,3.0973397582318,1132.66167363913,51.1545990554254,2346.35835889664,127.544771888014,428.283769266006,0.0792298098450407,10.9969972596229,5.88430403714695,0.833321678146106,3.65268445717519,4.51201535066001,0.219522618361708,0.0104814542636756,0.0060549262093468,12.5189112746574,44.368033204019,15.0
6.40625,29.995606411849,16.6539695271227,1109.96664087765,58.709677995273,2289.53406682114,124.881364347201,419.183998180048,4.43090725864761,12.4981534920118,7.76794935464653,1.94443806826693,3.99710971561329,4.44751087382508,0.0020853599967274,0.0002005540898111,9.86761483331163e-05,10.6604701747449,43.4495076048199,15.0,3034.2939418696,92530.0,2,29.97928827516,3.57181424740563,1118.90459198666,52.9225736218959,2316.37532628476,125.948884347222,423.102527994422,0.0719890530584856,10.9107595603022,6.82720173116819,0.944594513724102,3.74665706925178,4.5323971812067,0.220697898668457,0.0105232348568936,0.0060350589177041,12.5080486093932,43.8130901679486,15.0
6.416666666,29.9904011087876,19.6287673467651,1123.22265415785,61.9067406317526,2315.13783202772,126.389024147179,424.311923575057,4.25354831966761,12.5241603423137,8.8998430541719,2.24465888051036,4.1856125041251,4.44596517618847,0.0025563194015606,0.0002461439019817,0.0001218263857188,10.6592431829806,43.9738006403373,15.0,3071.20648138492,95590.0,2,29.986969020149,4.19857264409127,1117.62226086394,55.3816346856276,2312.77675296226,125.787537981487,422.694742017626,0.0637729314084561,10.6990199896597,7.85843104771188,1.05895257512039,3.88428824974798,4.5581783452296,0.221690384766121,0.0105608215198088,0.0060005714282996,12.6451459998546,43.7571547232001,15.0
6.427083333,29.9759786947663,21.8155606479111,1131.45541813714,65.2112915296771,2329.80776454402,127.300083817562,427.323616543407,4.02520563753308,12.6360344958876,9.6208900927573,2.46653088545458,4.39080561833242,4.43134102124507,0.0033846341858801,0.0003217367907728,0.0001607305794914,10.656244521597,44.2902517930246,15.0,3094.04131977363,102800.0,2,29.980401043043,4.88879638445432,1125.80478558131,58.4342830621304,2328.80727459981,126.6979452657,425.797931483869,0.0580824088913083,10.4912587944306,8.88333787548102,1.18132284286593,4.0659369438759,4.57770214436539,0.22141131832328,0.0105532059932225,0.0059346531283291,12.8416119135919,44.0740674395029,15.0
6.4375,29.9765424975559,23.7235272347169,1121.77927775443,68.4937128706356,2307.51068739339,126.179193160443,423.393993086352,3.72030225921643,12.809407969851,10.2898784534519,2.66174726670593,4.58256373656684,4.41046138795917,0.0049237044360028,0.0004531199884081,0.0002291760321512,10.6602250017921,43.8993822007938,15.0,3068.44218484953,109310.0,2,29.9781495134159,5.62405430196411,1125.87740589747,61.6764874812262,2327.74169701324,126.681080559194,425.667982929682,0.0518554693601501,10.369660071648,9.76788668969278,1.29917173153139,4.25707959369141,4.58672579409923,0.220972240118806,0.0105399219339019,0.0058651258143145,13.0348397923174,44.068230531136,15.0
6.447916666,29.9750217424645,24.7142056175464,1119.91860729194,72.4894579108126,2301.3610713521,125.920934217058,422.268317043235,3.36811899579936,12.9815426427277,10.6773825163166,2.76640831703272,4.82642295244778,4.38716033113511,0.0075790792317129,0.0006645344112451,0.0003405910599714,10.6649486418027,43.8082418285456,15.0,3064.32497223277,116135.0,2,29.9761948589695,6.29785286498423,1121.75829309403,65.2521566125973,2317.68136719388,126.176472398853,423.781891031919,0.0462968812766817,10.3276138236688,10.4542841768959,1.3971955910888,4.46822940951941,4.58535326006617,0.220527900413565,0.010525913460915,0.0058035034371841,13.1993516127293,43.8924260701983,15.0
6.458333333,29.9889089045382,24.5555506146764,1121.63116273003,76.9077844861014,2303.79441982589,126.10740604992,422.588741537846,3.0488032224116,13.1179863492732,10.8548406136771,2.7569543045491,5.07745116061488,4.36949216803196,0.0114907810650495,0.0009551421031002,0.0004948851372148,10.6756049736219,43.871457613108,15.0,3071.17572918217,116895.0,2,29.9854038902538,6.56476880054306,1121.26632651012,69.2154722924104,2315.302741148,126.089219615352,423.225058990416,0.0406433226832683,10.3100782066116,10.8933503277401,1.43260822796854,4.70038579334424,4.58218057947325,0.220796951639229,0.0105373025768275,0.0057904153817444,13.3498324492572,43.8613707214639,15.0
6.46875,29.9915623724444,23.2238629738361,1126.14409737284,81.1432394186592,2312.52987373092,126.616362480111,423.9751594392,2.81681443258861,13.203667560962,10.5076181855298,2.62970227448108,5.31699186525462,4.35455910302798,0.0162444084059439,0.0012893117647713,0.0006729929453425,10.6815310889297,44.0465273643283,15.0,3085.84144485454,116290.0,2,29.989873996311,6.42850902008634,1123.36347662004,73.1497290119475,2318.57636161738,126.312375695242,423.681132709258,0.0374142596668811,10.3280386596028,10.9486472846195,1.4040576837793,4.92653879783441,4.5745462468314,0.221029611410681,0.0105465114304791,0.0058067665049422,13.4383556492274,43.9377567862789,15.0
6.479166666,29.9900592585407,21.3230780759839,1127.65665050495,84.895504639531,2315.08973109804,126.766457854407,424.157931061758,2.6587463060437,13.2431569374997,9.85847468763962,2.44492789739996,5.53192167724857,4.34369947544696,0.021330482950941,0.0016334031549121,0.000857403520693,10.6849835846021,44.0964633720063,15.0,3091.99705389801,116360.0,2,29.9899134999234,6.0987885158528,1126.1075789956,76.8244717227345,2323.13228002957,126.608358609547,424.366195448768,0.0362065362313632,10.4092666182244,10.5896164225116,1.34206620982222,5.13790345218441,4.56055163832161,0.221143324035841,0.010550591237108,0.0058351068951652,13.4291353670838,44.0389750167829,15.0
6.489583333,29.9925088991082,19.8174515349669,1127.899574201,88.289117651717,2315.24855212086,126.771655476677,423.861694266628,2.55195481876187,13.2537299279323,9.73877727074708,2.29929358415794,5.72345311043621,4.33694062254298,0.0258345850828258,0.001928817441506,0.0010173775427783,10.6883180212131,44.0958534828312,15.0,3094.62483539979,115775.0,2,29.9914784904287,5.79920389355254,1127.30345519901,80.1369802178791,2324.52004407818,126.723010922777,424.440389788716,0.0355087435945419,10.5111783023475,10.2342471922159,1.28232887416836,5.32767530033618,4.54527760880437,0.221426786700291,0.0105605077373462,0.0058652463067588,13.3673493599253,44.0767566121033,15.0
6.5,29.9978222064752,18.5558104273232,1129.15243532468,91.3008164142315,2317.95590136626,126.913774242111,424.030580611895,2.48255497357763,13.2663045923812,9.43035843216201,2.17766402069055,5.88620178094461,4.33077933554992,0.028480089373082,0.002096130437773,0.0011099080444408,10.6907835301172,44.1429773115934,15.0,3100.12236395308,113505.0,2,29.9955721127792,5.52167085192342,1128.20135925057,83.0546992148042,2325.67768724317,126.811324987963,424.435430022135,0.0347711930261777,10.5857087853483,9.95848195690353,1.22888315839624,5.4915624766245,4.53318392061869,0.221766901903796,0.0105724340809934,0.0058954009537309,13.3156230705102,44.105240229967,15.0
6.510416666,30.0246833658382,17.1718263654362,1134.82887857402,93.6558228073283,2332.03240202283,127.700821676921,426.346962464787,2.45368974401896,13.3599000223469,8.87706381653407,2.04278767646107,5.97256458809048,4.31898640655375,0.0278767824522789,0.0020466296768898,0.0010849734321141,10.6978215141167,44.4147703034091,15.0,3119.23474338697,102305.0,2,30.0138773572789,5.05150697945062,1130.99431384364,85.2551236393532,2332.01565044625,127.177078267752,425.391800960061,0.0324416819138145,10.6024055765099,9.58770337107535,1.1513502054116,5.6003015650181,4.52829601775636,0.222723402140476,0.0106066643012763,0.0059568163416638,13.3495992728054,44.2303552620223,15.0
6.520833333,30.0044973359171,16.0650055955367,1136.56528017325,94.325361989617,2336.62199026375,127.979782231546,426.96919211595,2.4555323073575,13.4966752824956,8.28744113922461,1.93378985143555,6.00014541790514,4.29241176919609,0.024885914639344,0.0018413050948968,0.0009754839305117,10.6875250155694,44.5102267770264,15.0,3125.22887516336,98870.0,2,30.0073405788028,4.72693806685631,1134.27690351904,86.4243087548391,2339.72275893113,127.636185944429,426.664241119407,0.0325213223228111,10.677613897768,9.08369705563869,1.08601796723587,5.65091695734652,4.51123329517303,0.222599219959653,0.0106011511735618,0.005981900833633,13.3646896671024,44.3881949191398,15.0
6.53125,30.0020718619528,14.991675822346,1135.99926087796,94.5011459467179,2336.25017769735,127.981348959388,426.700743433601,2.47610597370099,13.6254761153177,7.81122728143672,1.82797129797143,6.00439707988246,4.27058945456224,0.02150354618731,0.0016104198662044,0.0008523246585263,10.6846214334708,44.5095536461584,15.0,3124.45667292088,96950.0,2,30.0034362776991,4.48100573015713,1135.53085506801,86.8835440672836,2342.90454627025,127.854456832156,427.127954050634,0.0332067454617649,10.8278545955334,8.5593841009705,1.03773860779697,5.66939651387889,4.4867935857077,0.222440854623406,0.010593868524649,0.0059991585765055,13.3336041660651,44.4625583776525,15.0
6.541666666,30.0015471067373,14.571844810469,1135.27075820075,94.4576058040847,2335.51735602497,127.955343199542,426.385432998523,2.51246981276949,13.7175291830778,7.41324267254411,1.78737830320696,5.99850940881937,4.25412085368278,0.0183094508689972,0.0013906624637989,0.0007351367630379,10.6826377390511,44.4996511676249,15.0,3123.06461054662,95830.0,2,30.0017811182791,4.35537904946133,1135.53560320158,86.9679138502872,2343.41259296447,127.920715026447,427.10247197101,0.033953307630234,10.9861875449039,8.08417337857516,1.01047266365237,5.67000859489473,4.46248198273178,0.222401810969102,0.0105910077967499,0.0060085112364036,13.2871091651344,44.4843778396983,15.0
6.552083333,30.002299641573,14.3268011661329,1134.92198775956,94.2887958069502,2335.64449362967,127.969470016527,426.249062068953,2.56667260375848,13.7714486740713,7.11371249510635,1.76416859294438,5.9854344080901,4.24335977249831,0.0155205979351904,0.0011963003138659,0.000631451716105,10.6812740323791,44.5040643572981,15.0,3122.68340522922,94865.0,2,30.0018414136137,4.28059980436119,1135.21740110764,86.8577233872263,2343.3722831393,127.943434542879,426.9643636407,0.0347887251390028,11.1042946959486,7.68792122433305,0.996526992979466,5.66081721489455,4.44353405637906,0.222397976458088,0.0105897791911384,0.0060143213256482,13.2542824101535,44.4914052189359,15.0
6.5625,30.0155580225354,14.279318573249,1136.93911900927,93.9313524524632,2341.55828110782,128.302515895803,427.212964417782,2.65275223753024,13.8192062953736,6.79293889752924,1.76048943069813,5.94672027196526,4.23665415515614,0.0130193576386199,0.0010180563617844,0.0005359506542215,10.6839170215771,44.6197326266427,15.0,3129.42297413234,90015.0,2,30.0099139294954,4.17751305236369,1135.71716406072,86.5084352854338,2345.49299179661,128.07180378392,427.228585528045,0.0346481087067723,11.1507258901783,7.35638858988819,0.981239537557886,5.63484083314021,4.43410391252746,0.223025188511944,0.010611891369313,0.0060377773558332,13.2726692478694,44.5354955868891,15.0
6.572916666,29.9812534361824,14.3264841563099,1132.87718377164,93.0849241531693,2332.65477336372,127.804066209879,425.45697948072,2.74377415469709,13.7918928987427,6.54080478304909,1.76574740531655,5.92427954105355,4.23101315284484,0.0113049066264075,0.0008975579344854,0.0004722306641378,10.6714027499496,44.4465163960388,15.0,3117.24333253137,96320.0,2,29.9919499249012,4.23440446535269,1135.19523670773,86.0207200912859,2345.05456357114,128.057555015586,427.033895590789,0.0382915850406871,11.2272276328741,7.02958501804551,0.988917545961199,5.60841156190234,4.41909944642375,0.22186359540889,0.0105691167702604,0.0060050603629134,13.2202449608866,44.5302986927112,15.0
6.583333333,30.0075761493312,14.5431068128671,1129.9703860822,92.9131736379987,2327.74833137097,127.515967853197,424.438358886122,2.81986884956421,13.7397530451711,6.49856068169582,1.78888924955547,5.90106098117953,4.24148245018019,0.0103473907922681,0.0008278405335749,0.0004353417462828,10.6809041210613,44.3467028853614,15.0,3110.19969053688,93945.0,2,30.0016531719987,4.24568273727364,1132.35915429807,85.6426599114864,2339.74848291836,127.756581141195,425.921924796775,0.0385304108298629,11.2531372532459,6.82584168649494,0.997384409980881,5.58725161855956,4.41675007570538,0.222195318997488,0.0105810578799276,0.0060114722921026,13.1866872542161,44.4256997191683,15.0
6.59375,30.0071319550537,14.6714780078072,1136.3423665595,92.7551323325098,2342.16526318946,128.289721474197,426.975344354592,2.90654025315666,13.6818122813396,6.31676644292403,1.80255827954787,5.88763323319712,4.24803370712124,0.009559497592135,0.0007680365692042,0.0004033564290983,10.6798023489944,44.616372772928,15.0,3128.3581505124,91660.0,2,30.0050941732521,4.21369275981469,1133.10140777103,85.3128015820162,2342.32511537836,127.87828180716,426.265937368603,0.0389503590966398,11.1974167696067,6.68048294998947,0.996018527660259,5.56523751416353,4.4223761922683,0.22243740287188,0.0105900986877443,0.0060201685113437,13.2047061183963,44.468305515527,15.0
6.604166666,30.0096132870507,14.591908004859,1137.75162632704,92.0452626424537,2346.50633460045,128.510231935347,427.69327377722,3.00497779388428,13.6339852130516,6.24214455699849,1.79496449810444,5.8371115818374,4.25445668575225,0.0089310424655428,0.0007189216584213,0.0003770134201177,10.6797798920252,44.6937765070385,15.0,3132.90037934217,88565.0,2,30.0078360309272,4.12521030842877,1135.65503612908,84.8020195664612,2348.8676270575,128.216446606771,427.364869801386,0.0393539047248535,11.1197018828866,6.55788732593372,0.984616331725593,5.53274370133365,4.43066530921147,0.222695307535511,0.0105997915795424,0.0060347501515392,13.2411016908547,44.5863346417978,15.0
6.614583333,30.0030291803432,13.9619192215628,1137.38747600866,91.000292074502,2346.81239079155,128.506564053887,427.689286181149,3.10027413785728,13.5806969906002,5.99934536413299,1.73178947575005,5.77596646504209,4.26006172630281,0.008490065258371,0.0006836440351165,0.0003581591686249,10.6769090491887,44.6933040753794,15.0,3132.06698488885,87500.0,2,30.0049425006035,3.98026270073966,1136.81318618675,83.9964548544008,2352.39376376672,128.395860015598,427.957541660927,0.0410574665903461,11.0746746493521,6.40422246338675,0.961368658584398,5.48407856232018,4.4356469235773,0.222415305447765,0.010589686687133,0.0060419975046328,13.2441225517083,44.6492473869451,15.0
6.625,29.9997657628589,13.2536559343568,1136.16765234261,89.958835888142,2345.1324512707,128.390800163154,427.332004823011,3.17376038668805,13.5164879000002,5.91727334914309,1.66061128765254,5.71808068004758,4.26773057436538,0.0082475872598371,0.0006634622306247,0.0003474547833073,10.6755993756443,44.6538945465914,15.0,3128.72672927566,87475.0,2,30.001822317405,3.83478464233763,1136.73335625487,83.072666910232,2353.02280070393,128.424193420929,428.060936490194,0.0431490920765988,11.0807154780386,6.23911648416719,0.934870381532803,5.43061987953628,4.43663345628728,0.221907551708989,0.0105710543286085,0.0060439001030236,13.1926557543789,44.6597111279914,15.0
6.635416666,30.0062580898051,12.8735879209373,1136.11980467757,89.0123110159474,2346.20273822698,128.42795372296,427.499612215092,3.23488089548948,13.4532621552004,5.92143631286236,1.62215953700739,5.65913578447272,4.2771697507768,0.0080667070970596,0.0006475765835158,0.0003389902098045,10.6774057027367,44.6676950930017,15.0,3128.94758621366,85670.0,2,30.0042554800271,3.71634532202091,1136.35475568492,82.1281228937404,2352.99279035571,128.416796643723,428.064115155231,0.0439945118291328,11.0844779814153,6.14428437201958,0.912356521029184,5.37558479043335,4.43902473627393,0.22190255013846,0.0105706963769007,0.0060550707155811,13.1405244513951,44.6578129392536,15.0
6.645833333,29.998086661126,12.7016261393909,1135.06254490425,87.9816336134255,2344.69019324352,128.324695273567,427.215143316142,3.28666592787417,13.3821434069256,6.00371396438954,1.60423222180649,5.6044114729159,4.28480021912481,0.0079065147206111,0.0006337060416691,0.0003316432717045,10.6739664996294,44.6326810710236,15.0,3125.93016856644,86365.0,2,30.0005296736172,3.66145643830397,1135.86896826094,81.1902669357556,2352.70063791061,128.39365395939,428.029006443709,0.0456009607755324,11.0791040802462,6.12324040122448,0.901008048133933,5.32179369677544,4.44118766909825,0.22158722122532,0.0105590478463472,0.0060528826544352,13.0886888225923,44.6504897282135,15.0
6.65625,30.0069092638025,12.7881253611157,1135.18806833363,87.0975554000787,2346.02276826975,128.382372828461,427.478902000995,3.33329663048503,13.3228264838317,6.09069577503486,1.61227532043933,5.54858458950881,4.29453858889116,0.0077458692153399,0.0006199406661442,0.0003243137626109,10.6764762375205,44.6536516874485,15.0,3126.61748889027,84490.0,2,30.0041712518001,3.62410094515428,1135.37467832041,80.28929540315,2352.46362064019,128.369352361626,428.006224902887,0.0455328586596024,11.0470819189909,6.16266710159841,0.895421907018944,5.26971629950419,4.44719622948956,0.221871557387365,0.0105693919640782,0.0060632120400021,13.0655237791045,44.6427949224204,15.0
6.666666666,30.0040802813608,12.9466019308356,1135.57853486181,86.090332895782,2347.71226444616,128.465196165573,427.837657379572,3.38039374715867,13.2712152582437,6.04141430394828,1.62722278702947,5.49001646045741,4.30122091773266,0.0075522689880729,0.0006039530300071,0.0003157709456049,10.6747286599746,44.6833633314399,15.0,3127.77551181025,83460.0,2,30.0041105068589,3.60366212962601,1135.44552282968,79.3704615130966,2353.50684652015,128.414388072606,428.231584441548,0.0457594268514422,10.9899145851027,6.18464190553525,0.893014528177114,5.21635869562882,4.4547389919379,0.222008720103943,0.0105745753837054,0.0060685662517878,13.0693389267443,44.6592258181355,15.0
6.677083333,30.0049807683482,13.3822356612901,1135.59868350591,85.0413419504641,2348.60769241695,128.510208134552,428.07677405859,3.42295977851614,13.2332182443882,6.08413847785749,1.66979607932872,5.42804172251384,4.30702035549806,0.0073525819181144,0.0005880478982555,0.0003072665834778,10.6744943218761,44.6998928749967,15.0,3127.9009447061,82225.0,2,30.0045429793769,3.61816298158769,1135.53212649885,78.417985266332,2354.60994113538,128.46306103573,428.480430053792,0.0455128669068961,10.9230640997442,6.19819492529028,0.897359126520725,5.1614352502101,4.46305691888959,0.222202602574622,0.0105820485165245,0.00607207129005,13.09078164582,44.6769386612644,15.0
6.6875,30.0080440514968,14.0640335170799,1136.00240430711,83.9341107618162,2350.40292779929,128.611182799994,428.507063936363,3.46630250903498,13.2094893862008,6.24760407269546,1.73684514704598,5.36077715870587,4.31138845397486,0.0071238648279815,0.0005700642989042,0.0002976167987725,10.6750126370258,44.7358408852884,15.0,3129.1451478674,80185.0,2,30.0064577192944,3.65578776932721,1135.70281511937,77.4141985002005,2356.00034143503,128.526626107618,428.789878308418,0.0445641259410661,10.8347569687096,6.27644468745707,0.907349457260684,5.10339310199513,4.47317021922269,0.22265801876344,0.0105991129478949,0.0060794478353965,13.144079509666,44.6998155962494,15.0
6.697916666,30.0051569444301,14.0135420873462,1135.84716911022,82.7153488379525,2350.86826015879,128.644307151666,428.716029945548,3.50999171419742,13.1920741973368,6.21822202688218,1.73044471509691,5.29059594888267,4.31360183887117,0.0068749703058349,0.0005508357813903,0.0002872948960062,10.673528503255,44.7481350759902,15.0,3128.65443771012,79030.0,2,30.0056637178219,3.61631167148403,1135.83219850004,76.3453128441311,2357.26679271443,128.589717766712,429.104138095686,0.0447086272701304,10.7564468590306,6.34956849273969,0.905381811552022,5.04208402895297,4.48172939769561,0.222756822377244,0.0106029394543576,0.0060858607267946,13.1966026203858,44.7224674654716,15.0
6.708333333,30.005670193468,13.6865250909104,1135.52569591819,81.4995408574771,2350.97598869641,128.662442919795,428.877584941203,3.54969025462505,13.1802549108274,6.08613167413274,1.69631525471553,5.22038212446557,4.31549838763425,0.0066269901989615,0.0005321201547794,0.0002772451208012,10.6733800838406,44.7551531126467,15.0,3127.72230483429,77825.0,2,30.0055973820041,3.52715537080229,1135.7401365103,75.2377056551016,2357.86272369698,128.629939887984,429.344123941326,0.0452093300577695,10.7229334328832,6.33333329155874,0.890990931241662,4.9790434456088,4.48618345297621,0.222722098677887,0.0106016721921791,0.0060938591738758,13.2147290488822,44.7370931267967,15.0
6.71875,30.0036355673062,12.7923051224737,1134.83831783129,80.3016186738976,2350.1971882595,128.636344686098,428.892378175316,3.58456333150539,13.1693788988285,5.8632744612376,1.60535487320199,5.15332654917332,4.31644575406271,0.0063792747918092,0.0005137932806688,0.0002674110330712,10.672324780372,44.7467160317983,15.0,3125.70942274343,77280.0,2,30.0044268935629,3.37613687192439,1135.40616479119,74.1254065577112,2357.70590518263,128.644328362822,429.497205531032,0.0466455945915107,10.7400392118516,6.21789779772222,0.863551060771334,4.91611357219457,4.48560197521308,0.222413265663075,0.0105900715915394,0.0061012478403455,13.1890437644325,44.7426714462438,15.0
6.729166666,30.0027871609463,12.5381473869213,1133.9824763397,79.1916278476793,2348.98488935263,128.590781790407,428.842709192613,3.61669967954759,13.1586970313151,5.81930488251067,1.57839640911685,5.09155182096733,4.31737533406665,0.006126583859103,0.0004952736880102,0.0002574917410542,10.6716350269585,44.7314454621727,15.0,3123.2429474889,77010.0,2,30.0035274517465,3.2942919576212,1134.82210886007,73.0564508511038,2356.84755810795,128.630592709882,429.553913212461,0.0477423409865466,10.7900028566088,6.08591835922585,0.844486460523391,4.85590622794617,4.48152464778306,0.222222588229107,0.010582776379402,0.0061046109627696,13.1345157497528,44.7384278488347,15.0
6.739583333,29.9931358930661,12.3279342108691,1131.31347152239,78.2434164416096,2343.47693481294,128.311074602721,428.011362425868,3.63837055961631,13.135839910481,5.81052376962863,1.55592418330579,5.04602530785782,4.31802662894278,0.0058929056507878,0.0004788609574263,0.0002487507024939,10.668042190816,44.6346789415525,15.0,3115.49320406031,79575.0,2,29.9974979104526,3.27130302291698,1133.55729573785,72.1335782923859,2354.40362198113,128.531823074279,429.317842445279,0.0501175209208067,10.8557997342567,5.99821867777175,0.839332804973439,4.80493667381745,4.47488314393149,0.221594152367609,0.0105594409086686,0.0060916029195408,13.0579094145112,44.7046088464428,15.0
6.75,29.9700381171132,12.5827940336223,1122.4103161837,77.792433843358,2323.64237862191,127.239533973317,424.523715755906,3.61138516818434,13.0769606997991,5.96861029411276,1.58056523917802,5.0458835901367,4.32056857950571,0.0057952082525439,0.0004757319082665,0.00024725772787,10.6608070473958,44.2624185620813,15.0,3089.9030977052,89415.0,2,29.9808917994746,3.41182957872983,1129.3299898538,71.6393719117336,2345.17146822941,128.060102861911,427.803377734749,0.0553313386885721,10.9764012129758,5.98138462392208,0.864146468402951,4.78190555119249,4.46211136164691,0.219650877699221,0.0104880447020036,0.0060310854699427,12.902493657362,44.5411430018207,15.0
6.760416666,30.0101481894839,12.955938790232,1119.7415328588,78.2461827082947,2318.59097479245,126.985180255432,423.75005396093,3.57890436662899,13.0417479431298,6.14597029368735,1.61832433799169,5.05681131893335,4.33326987995353,0.0057050517966979,0.0004720504755687,0.0002453450803719,10.675062100192,44.1744136625775,15.0,3083.61625367886,86850.0,2,29.998462884634,3.47767377026328,1123.94109307736,71.6218543643943,2333.7307994557,127.451903752247,425.831237973964,0.0527247349214355,11.0104602822102,6.08428305267068,0.882596582722937,4.78099826569835,4.46423870328403,0.220294453349221,0.0105114555108701,0.0060397427885902,12.8342712308644,44.3302033991616,15.0
6.770833333,29.9946992986069,13.5040741474625,1125.76229320278,78.7449573850696,2330.88833388268,127.685613275732,426.161264379488,3.57250464573877,13.0071567828558,6.31713780159669,1.67300686349387,5.09339193025148,4.33588485357464,0.0055233709802751,0.0004596619378006,0.0002386946660474,10.6688305755033,44.4185875730182,15.0,3100.24578727408,88675.0,2,29.9965048020956,3.58459285561106,1123.05129022375,71.8648749915162,2331.97813872106,127.371059136458,425.63019157922,0.0527652153358208,10.9688363812627,6.23360558518164,0.902107603303347,4.79379813168672,4.46975601397334,0.220293714150323,0.0105115258177509,0.0060293236956617,12.8303862822596,44.3026446428099,15.0
6.78125,30.0098515715423,13.3422108050159,1131.59628624469,79.2282596475254,2343.54677614342,128.410271474313,428.647652362906,3.58401539332925,13.0110321328299,6.57725953461628,1.65695171837639,5.11215967119391,4.34049243236027,0.0053160758589338,0.000444635591272,0.0002305615105754,10.6736870327521,44.6712104087987,15.0,3117.07534221124,85605.0,2,30.0045830965129,3.54364521570445,1127.34772073835,72.2592159444269,2341.17840359491,127.892160591646,427.444800486626,0.050985830866049,10.9086836172469,6.43854653591207,0.900153828687837,4.81686775373783,4.47893884174835,0.221035843645983,0.0105384795099802,0.0060506106481379,12.8686898087609,44.4844159929283,15.0
6.791666666,30.012650678285,13.3084253725958,1132.76062686537,79.0849763986041,2346.67897974619,128.617059404661,429.405102279583,3.6220615031245,13.0396420431219,6.55054937701231,1.65314584647922,5.09151186689762,4.33969433877039,0.0050370291980915,0.0004228949546886,0.0002187703224421,10.6739190858038,44.743670235874,15.0,3120.96781119771,81775.0,2,30.0091066705512,3.46931203248443,1130.23118090968,72.3093574647999,2347.64555595941,128.272084490149,428.79995798774,0.049488574611074,10.8507293054197,6.58405677492925,0.885327527479896,4.81642538927389,4.48662865883234,0.221927798155657,0.0105707680525156,0.0060787200705278,12.9301292579318,44.6169550592928,15.0
6.802083333,30.0262650598354,13.2682537898957,1135.3105714988,78.4256071434108,2353.27700033565,129.021923703562,430.832445291823,3.69350592680671,13.099355868317,6.04208933138915,1.64815764137695,5.03512671212132,4.33682393461092,0.0046758850666133,0.000393547670644,0.0002029178695215,10.6776661995417,44.8850046027364,15.0,3128.81441443199,74810.0,2,30.0177537831886,3.34594461660833,1132.4357238995,71.8771041603904,2353.01865800208,128.596363864467,429.98722646645,0.0468442076655557,10.7799235071133,6.49117217133439,0.862189722962536,4.78674835628464,4.49503252386774,0.223244341054757,0.010618899350284,0.0061223398790952,13.0341272377674,44.7300675831128,15.0
6.8125,29.9898480616379,14.1152527037939,1131.96030705658,77.2323705584416,2346.11543351206,128.66925625932,429.737547116917,3.75612888299173,13.135643594139,6.32901916142394,1.73104846157193,4.97791778600245,4.3263560565424,0.0043682165444647,0.0003694454902176,0.0001900146383269,10.6642840804217,44.762754581986,15.0,3118.85825181398,77385.0,2,30.0024612307279,3.42990856708676,1133.01254841397,71.1146787556618,2354.84905646844,128.731261286615,430.536616423344,0.0486867582910762,10.7553971484874,6.40669602075056,0.872538136305133,4.74175180391793,4.49380977027351,0.222905443083682,0.0106068878089455,0.0061062043483303,13.0923366284968,44.7773429821814,15.0
6.822916666,29.9661662514468,14.2637161393393,1120.70967096353,76.6483196634132,2321.07185166096,127.323282137186,425.303669219994,3.73962450411007,13.1314494212923,6.33261110126398,1.74497862738371,4.97270639707771,4.32251399332323,0.0043355504713545,0.0003710592607982,0.000190994081298,10.6572172378401,44.2948438816737,15.0,3086.51372814507,88115.0,2,29.9799186448116,3.61720202331645,1128.87170331062,70.6227602290523,2345.99017560979,128.280047254704,429.075694329688,0.0542906592397967,10.8531611765887,6.41958748050712,0.911328452464896,4.71844148995068,4.48084621128619,0.221002324059222,0.0105371877405508,0.0060423792907156,13.01388096603,44.6208521348485,15.0
6.833333333,29.9892219330776,14.5325670975979,1113.4134855295,77.2526054840963,2305.18403378262,126.477235673898,422.512043980326,3.66436513706359,13.1052055847448,6.44929629390728,1.77247514189432,5.01141003908335,4.32991010047537,0.0044961505124816,0.0003889268306975,0.0002006657534386,10.6668080942687,44.0007569233665,15.0,3066.63012103035,92055.0,2,29.9852096977882,3.77183089768061,1120.81255774379,70.7408402821526,2328.49957845084,127.349036492004,425.976831692952,0.0547885776370114,10.960818212854,6.4635905350025,0.944895473625918,4.72883559254278,4.47327641910541,0.220340273714907,0.0105128091834771,0.0060116709331662,12.9079779612426,44.2975015000018,15.0
6.84375,30.0017898857673,15.2219318346119,1117.69164777907,78.4186642396418,2314.11781933854,126.998119236258,424.273003737373,3.60103224911708,13.0774903691592,6.82811639387235,1.84223975347112,5.07535163043739,4.33563351317854,0.0046150500741239,0.0004007883196909,0.0002069767940475,10.6712656443639,44.1822006811092,15.0,3079.26109125899,91780.0,2,29.9956125795283,3.91749804562369,1117.43095885532,71.3944229940991,2321.18071478823,126.966262996186,424.712816018599,0.052398962530182,10.9549929158849,6.65706596065427,0.972656190939017,4.76628185784833,4.47693791313731,0.220762554915549,0.01052841527861,0.0060079126302496,12.8908626386892,44.1648050072686,15.0
6.854166666,29.984504479752,15.9683734395352,1123.13613935085,79.6365035682383,2324.5103621773,127.594063022405,426.267677320398,3.54025616590526,13.047674609947,7.16886409620473,1.91762992828277,5.16393919460529,4.33648722179747,0.0047754354385784,0.0004158790670231,0.0002150456845716,10.6655617392681,44.38977713476,15.0,3094.15089193046,96975.0,2,29.9886810222658,4.14872877516849,1119.8057051477,72.4542811080117,2325.88373100039,127.238335382247,425.625460977097,0.0524316544552982,10.9087924936365,6.96079533267336,1.01265434046459,4.83188211937351,4.48102740276108,0.220353254874403,0.0105138259136725,0.0059770566636748,12.8970590442296,44.2598745530597,15.0
6.864583333,30.0322731030471,16.3607163429383,1127.51309745128,80.7550667486203,2335.39028846918,128.226572600447,428.368999801783,3.5189660553387,13.0885329406001,7.29220271352035,1.95808678143879,5.18954450994886,4.34191358324323,0.0048007874631361,0.0004172741477254,0.0002154575113442,10.6820981402575,44.6100762710665,15.0,3108.64807600678,86760.0,2,30.0146799715798,4.10085376682443,1123.24199867228,73.3968295872232,2333.62464556202,127.667443378175,427.077670219662,0.0461626658131822,10.7778854823223,7.24311828008486,1.01361108013753,4.88185445597584,4.49857333763725,0.222320649570416,0.0105862891967351,0.0060279611464843,13.0264516146323,44.4094676084473,15.0
6.875,30.0208895750192,16.8786628107684,1131.79768074573,80.5823804153014,2345.6665075948,128.834937725063,430.39504190839,3.56867265916203,13.1605026231907,7.5315038422737,2.00934845017081,5.16178643616163,4.33153857520329,0.0045192011966208,0.0003931621949644,0.0002022028255593,10.6768364182426,44.8219703630213,15.0,3121.57388906423,80300.0,2,30.0179947550941,4.02244797967846,1127.36575772652,73.6144170156457,2343.52234353033,128.223444521134,428.978334972192,0.0433036292807439,10.6180989205167,7.48022562371365,0.99806367275291,4.88505811540194,4.51288989497758,0.223546589922408,0.0106314702446336,0.0060645561035609,13.2135026309243,44.603028522738,15.0
6.885416666,29.9795836253225,17.3562732089732,1126.39702778574,79.8514098669019,2333.794194225,128.216031048757,428.318333774607,3.59369830627863,13.2117925037341,7.59968177377283,2.05604162644935,5.13916634835862,4.3171158301214,0.0044096408556185,0.0003858418121537,0.000198258706012,10.6626687480901,44.6068308720269,15.0,3105.88787067977,85760.0,2,29.9955853783251,4.15579507097518,1128.26333776252,73.4090264580371,2346.13105620165,128.391687502611,429.553505534904,0.0457723384212321,10.584890004192,7.65198857704469,1.0168686890913,4.87205000004202,4.50975061437461,0.222820640371495,0.0106051450322078,0.0060350663674272,13.2861977655704,44.6616696438608,15.0
6.895833333,29.9545690321258,17.5943180708175,1110.66432766539,79.9742398464949,2298.39527527572,126.281041443994,421.806547414187,3.48526993567563,13.2012132752235,7.61894812220474,2.08027024802751,5.19174236299255,4.31223675586817,0.0049633540760907,0.0004361994634054,0.0002255208403499,10.6571958251902,43.9336453426106,15.0,3060.7913077413,101520.0,2,29.9679474154232,4.53705798206843,1121.53328226694,73.6164885197638,2331.24443522901,127.603018591774,426.848174271609,0.0507871311263978,10.7343128306837,7.71939497748019,1.08010637056971,4.89575700959789,4.48974536841088,0.220534178397067,0.0105214359312667,0.0059467406998755,13.1576151468166,44.3875702989217,15.0
6.90625,30.0205663631857,17.7196064055422,1111.22334229369,81.7386603226446,2300.87698998752,126.439758410886,422.249366504995,3.34133835310353,13.2181594443418,7.60603975133668,2.09508358894865,5.26053273372558,4.32084345267372,0.00571424017708,0.0004968267777548,0.0002579697786775,10.6820061616429,43.9886911727863,15.0,3064.88760651939,94630.0,2,30.0010688988433,4.57422211684447,1113.75245435644,74.4668580638795,2314.66327810925,126.701196664236,423.752441457351,0.0450217314839899,10.764102419025,7.77862293540024,1.09672662942997,4.94482205859749,4.49239301167395,0.221690182480686,0.0105641359671438,0.0059705567104526,13.1475820644768,44.07409168808,15.0
6.916666666,30.0016043422006,17.5471456897436,1124.53629656254,83.0490267415964,2329.13272480983,128.02586071562,427.443226555658,3.26764606989001,13.2485259972153,7.6810956894434,2.07858520238493,5.33953282218259,4.31099219480672,0.0060798975357885,0.0005238133773054,0.0002721006702844,10.6745632093878,44.5402710359825,15.0,3102.54555481592,93700.0,2,30.0017664476851,4.53610402051925,1117.09407450413,75.5258632458192,2322.09518579488,127.128217388081,425.106362194759,0.0434554620908848,10.7142339586789,7.83612901057377,1.08609225509069,5.00212502243617,4.49504126933122,0.221761778765259,0.0105672046015484,0.0059762704715804,13.2043922152737,44.2226901336067,15.0
6.927083333,29.9938912024271,17.2720328657472,1123.53877025828,83.6867032131356,2327.15958471808,127.94265987827,427.053134286281,3.21711165569281,13.2943889333557,7.69281452763433,2.05177359069727,5.37934364551097,4.30185594125426,0.0063861223943208,0.0005471090981215,0.0002844529548508,10.672331773591,44.5110755014411,15.0,3100.41894589162,94985.0,2,29.9971518656686,4.51972730706102,1121.64466880188,76.4533828598394,2331.86109776645,127.693294801512,426.899867619595,0.0432119404501469,10.7222332895174,7.88129202574724,1.07892546138732,5.05703318958488,4.4903743434284,0.221553543595755,0.010559626269014,0.0059729801543109,13.2226632949577,44.4191789824165,15.0
6.9375,30.0240197060778,16.9209020697064,1126.35437823757,84.2284930068566,2334.91964962193,128.402945588996,428.47741125358,3.2113924751623,13.3805392970046,7.65007085328192,2.01734440979093,5.38063460663093,4.29527037531769,0.006376099807642,0.0005439201907722,0.0002823938489031,10.6824068520191,44.6709837860927,15.0,3110.29039612127,86795.0,2,30.0134210457964,4.32784359592958,1123.605989344,76.9506779923829,2336.75614992256,127.987517810464,427.800601056856,0.0401169662242183,10.7046661869306,7.90593739044321,1.04822820401239,5.07986378833776,4.49126504705085,0.222824660814213,0.0106057918281113,0.0060197473018774,13.2983216129707,44.5213301204458,15.0
6.947916666,29.9529006914605,16.40904268842,1115.99863595926,84.0742818168456,2310.78311348747,127.082011856579,423.964541803532,3.1701941442979,13.376626897922,7.57293859893453,1.96610351362352,5.42835078495191,4.27987149796578,0.0066779845016538,0.0005706921995504,0.0002972828151495,10.6588162699286,44.2112252379265,15.0,3079.58535762121,102720.0,2,29.9739761845619,4.49129194073224,1121.96654604649,77.3615843693778,2332.92194961739,127.819383594945,427.110665148391,0.0464198072086067,10.8496557312102,7.82546412657066,1.06175412485481,5.1109535878989,4.46720841907476,0.220353863730865,0.0105147696362154,0.0059468963727646,13.1820566823216,44.4626434443761,15.0
6.958333333,30.009224610861,16.0226055031609,1108.42001227561,85.3870201420673,2295.82231103217,126.262347446219,421.114840643946,3.08106695069479,13.3822626100758,7.48406303473634,1.92973625306959,5.47852318521482,4.28843678552672,0.0073596358042359,0.0006227384028461,0.0003255660615226,10.6804597801722,43.9258432277651,15.0,3060.69928107583,98980.0,2,29.9965691977404,4.46581027237948,1114.25392888039,78.1190277543079,2316.2269099258,126.9218902949,423.975561932013,0.0437967725882907,10.9639906695842,7.74894306296748,1.06194891170558,5.15732066135609,4.45899586977927,0.220957955208727,0.0105365135292226,0.0059628708357293,13.0961208098927,44.1503274787499,15.0
6.96875,30.0058528125214,15.2795984380323,1122.91479225976,86.8899304448134,2326.86561755835,127.988036014692,426.748035129772,3.04193122416395,13.4012974491044,7.21237476347549,1.85666151705769,5.562450426629,4.28368253676848,0.0075571278979558,0.0006349454584346,0.000331984881751,10.6781730092474,44.5260154480243,15.0,3101.94932014156,96325.0,2,30.0025936380393,4.31303609919989,1115.84055528413,79.113174586125,2319.77776370378,127.136850642391,424.580524595259,0.0427820430204828,10.9820579894012,7.60241324352974,1.03305563252507,5.21046286772726,4.45669713604805,0.221172898025015,0.0105442118728236,0.0059817473548105,13.0884593938896,44.2249880957438,15.0
6.979166666,30.0036049955798,14.7964882159003,1123.93664265045,87.4010564277889,2329.72924214497,128.162982844359,427.211723877301,3.04402143758148,13.4459664001073,6.9525629354966,1.8091299693094,5.5844102853236,4.27643165997046,0.0074268070924015,0.0006230102045585,0.0003254764974974,10.6764842198274,44.5867547384002,15.0,3105.77130201245,94310.0,2,30.0032965326872,4.17962355123382,1120.87812100124,79.8994650114589,2330.71118335984,127.76413575222,426.567579957617,0.0424814629892795,11.0089573021656,7.380615358939,1.00466726691408,5.25352421818812,4.4518702774825,0.221322270313472,0.0105494580463932,0.0059974200749455,13.0884534508895,44.4430645693579,15.0
6.989583333,30.0047006880746,14.4064022188458,1123.75267432692,87.557055096882,2330.14014616673,128.202352572522,427.23740361549,3.0757531523095,13.4984512961389,6.76490416086816,1.7706196171296,5.58550934181596,4.26920381603118,0.007067160820017,0.0005943575614045,0.0003101124674938,10.6760838030364,44.6004245010634,15.0,3106.1175422097,92045.0,2,30.0040124369005,4.06746592959014,1122.7137508611,80.2325872538991,2335.07727790719,128.029320634754,427.353800664587,0.0425236423372517,11.0478025173857,7.1604289081025,0.982037230501766,5.2691585551078,4.44551431551456,0.221573912697768,0.0105582819801544,0.0060133631346724,13.0931532469858,44.5351946060077,15.0
7.0,29.9577068688921,13.6222103427931,1114.32565054262,92.1202971199267,2305.85691779358,126.817296745058,422.536962290206,3.05597111060705,13.455485593954,6.67670516195484,1.69292161395331,5.88263275738469,4.26488951271522,0.0071766409305954,0.0006062853436438,0.0003175003617922,10.6611562698813,44.1186616978422,15.0,3079.33183964193,107385.0,2,29.9719455725896,4.17527487252927,1120.19216595842,82.3335119546818,2328.1744115558,127.665814438688,426.004772918026,0.0493273215110781,11.2206475456318,6.94145443687078,0.990241138823075,5.39488163346967,4.42248920835986,0.218747917673106,0.0104541518405918,0.0059368951926652,12.928438174834,44.4087651547453,15.0
7.010416666,29.9980145635837,13.2582040678845,1106.86862946286,92.8546275744854,2290.49518363297,125.954692858109,419.582564042246,2.98644775671589,13.3901864539564,6.71564683527148,1.65944386843239,5.9186815920186,4.28127058065844,0.0076491730091916,0.000641905783156,0.0003374281269718,10.6768550859522,43.8187904688892,15.0,3059.68086602967,107370.0,2,29.989497839743,4.22486314600526,1112.09031414039,84.6869723188445,2309.35996748899,126.619906607797,422.388214172052,0.0482788500931125,11.3271809674815,6.84725871461699,0.99629408584118,5.5331032609732,4.41733763640422,0.218577608358158,0.0104478530234985,0.0059283497991132,12.7982244914005,44.0451651630124,15.0
7.020833333,30.0238526224006,13.2861591549963,1124.26734365317,94.4847363301035,2329.03132307289,128.073041334597,426.555272214684,2.98275440474752,13.3789524951313,6.86964079582425,1.66486381344201,5.98093503216114,4.28855464405341,0.0074609981240079,0.0006224754333463,0.0003267380588937,10.6840994694612,44.5561451382172,15.0,3110.22589630774,98100.0,2,30.0118227285736,4.13574765890555,1115.3119756439,85.9881223589911,2316.49727478765,126.996484958005,423.568510573111,0.0441245110383651,11.2513887773346,6.90367911395121,0.981128411486496,5.59963499563597,4.4297290138796,0.220242445465282,0.0105091280991,0.0059756034310273,12.8418808083309,44.1764842770008,15.0
7.03125,30.0003807660921,13.3700322880546,1125.44440400232,94.3324430048852,2332.13223493689,128.233354659423,427.017612013942,3.03550306432509,13.3906730739346,6.94194335117478,1.67475164030607,5.97170173475863,4.28355518944687,0.00688723996767,0.0005767585189606,0.0003021684696435,10.6744281620343,44.6124639349618,15.0,3113.82938441431,96670.0,2,30.0047466976781,4.09330582668585,1121.74588345516,86.5262823135624,2330.98763585544,127.780328646673,426.126089666246,0.0441659150949002,11.1633138821135,6.99202765561685,0.971033216047609,5.62415156199096,4.43662028140095,0.22060112589369,0.0105223105915567,0.0059879950077516,12.9160392914302,44.4495042552841,15.0
7.041666666,30.0018774302462,13.8550885494112,1124.37696564423,94.0314882836794,2330.59111276008,128.128059505409,426.613251025882,3.08789167494689,13.4063011051234,7.20125077675237,1.72472319967871,5.95077255766451,4.28285876268422,0.0064590434757805,0.0005437058395809,0.0002846474738896,10.6747903190673,44.5764704324927,15.0,3111.23801073883,94890.0,2,30.0027664937314,4.12707464885947,1123.68212672006,86.4858524183848,2335.92169757801,128.030568228251,426.909513535005,0.0437482197437988,11.1117429631868,7.13989889379026,0.977603390590544,5.61982470582156,4.44073112178264,0.221146994837131,0.0105422698669476,0.0059975090611452,12.9759190487573,44.5369795709496,15.0
7.052083333,30.0078510544314,14.5131640468158,1124.47368110266,93.5430936628518,2331.93171070029,128.18083893524,426.748054401559,3.13305493999271,13.4208688558596,7.56597138661248,1.79146691122927,5.91368267469394,4.28242683878686,0.0061394381313963,0.0005188682411309,0.0002714206065243,10.6765617149406,44.5954881730536,15.0,3112.10465023174,91605.0,2,30.0055275947561,4.1728412119727,1124.11563890164,86.1247494474372,2337.93731224229,128.108833760003,427.135679463955,0.0424008160839034,11.0369996697963,7.40390297353157,0.989370290991787,5.59635571706701,4.44750132929511,0.222074970482724,0.0105761992470367,0.0060147943441593,13.0638263563666,44.5646872537864,15.0
7.0625,30.0061444838556,15.3677738675934,1124.96322829691,94.5667904938659,2333.49354056046,128.235349125471,426.895713923251,3.17050629288222,13.4355819601202,8.09427714920201,1.87707626687739,5.9554904724049,4.27956323811223,0.0059133589476642,0.0005015431502045,0.0002621507376266,10.6755965914096,44.6150564291635,15.0,3114.57725912185,89275.0,2,30.005582698284,4.25925327003,1124.50100750048,86.112837255152,2339.88666983414,128.173522788305,427.329313816348,0.0411302389969353,10.9402181378462,7.79494549196082,1.00698265400001,5.58901425341997,4.45510056968534,0.222878402402854,0.0106056951445467,0.0060255244773322,13.1724811252672,44.5876729617361,15.0
7.072916666,30.0099656241028,15.4396925515552,1125.42083763373,93.0093946382709,2336.03533237038,128.368644344067,427.305448552891,3.19726816287556,13.4623194564431,8.08985245644964,1.88385558998269,5.86257039916223,4.27538348330724,0.0057889908788227,0.000492318092485,0.0002571389260952,10.6767198802574,44.6619257674205,15.0,3116.10118748007,86185.0,2,30.0078555269189,4.22962420171158,1124.92348794477,85.7243168979422,2342.08062987664,128.256146730612,427.590012670777,0.0400377258744499,10.845105724261,8.09560269534211,1.0073789837716,5.56159691157197,4.46229379538792,0.223476191312461,0.0106276664605989,0.0060422910571891,13.2852969553554,44.6168415279012,15.0
7.083333333,30.0142146937656,14.900055194436,1126.53121469843,91.3544383685696,2340.1537876776,128.597604947347,428.028943980385,3.22057221588806,13.5093050856082,7.88199281486281,1.8288715901235,5.76133862612985,4.26783910176094,0.0056990363145976,0.0004857891298271,0.0002534826731356,10.6778213121796,44.741932912458,15.0,3119.55594193859,82265.0,2,30.0111898628529,4.05891595540093,1125.58094364656,84.5177258512866,2344.9399384004,128.398624268409,428.055137335406,0.0393191981193255,10.7934006235831,8.15372524539062,0.980526078944122,5.49056821542599,4.46499434605946,0.223904001962945,0.0106431462269669,0.0060683516427065,13.3686524292715,44.6667133921448,15.0
7.09375,29.9995886685392,14.4321906606518,1125.19772964235,89.5098988607129,2338.36815498388,128.505868352419,427.677850194933,3.22876295400649,13.5557335859871,7.80243246753845,1.78051752928184,5.66530430189216,4.25576657594505,0.005700793451171,0.0004872271306979,0.0002541816367298,10.672603203121,44.710199765631,15.0,3115.47727634994,82740.0,2,30.0043802782531,3.93954563418756,1125.71222710077,83.0161628724226,2346.40274242348,128.487534900836,428.32908656681,0.0403759129983686,10.8268318129849,8.09060078376113,0.956247141622404,5.40629309082329,4.456998013866,0.223682398058059,0.0106345382918415,0.0060740386250702,13.3753410289081,44.6978368045409,15.0
7.104166666,30.0068064550797,13.5015098433217,1124.47712157284,87.9609209597062,2338.1487531036,128.506562301955,427.626623344176,3.22364893764523,13.6113508015174,7.39586973280028,1.68606603750974,5.5783045323758,4.24619894114472,0.0057668024262862,0.0004933832363259,0.0002573694335904,10.6752103063204,44.7104756861288,15.0,3113.5728427263,81475.0,2,30.00536976841,3.75930280484421,1125.13365714353,81.5122121978567,2346.12137233001,128.494673220595,428.315711695615,0.040856614673178,10.9168498626475,7.90682104608382,0.924595391056571,5.32339453843376,4.44453695295712,0.223728892331219,0.0106352914733048,0.0060916601198969,13.3382454548882,44.7004070502013,15.0
7.114583333,30.0326053732978,13.421195670658,1128.07347606384,86.3217960020438,2348.09401576629,129.082333576297,429.498624814498,3.26399920316494,13.6993372451698,7.43727065689788,1.67637698543112,5.46649333092869,4.23623036223759,0.0055530192053584,0.0004756140015615,0.0002474727056785,10.6828643519694,44.9107807187286,15.0,3124.48577020627,73715.0,2,30.0196570567137,3.5781011732193,1125.8746448627,79.8934320149068,2348.97751311022,128.679192155362,428.913948545405,0.0383915930810244,10.956434773436,7.75417116870253,0.889714304096638,5.2306175812353,4.43787142111988,0.22519499055851,0.0106878526397375,0.0061433857124204,13.3689948545428,44.764555776622,15.0
7.125,30.0268664483995,11.6740307077807,1130.74892629389,83.8444206721242,2355.7040578919,129.540896147568,431.015862927974,3.37402582464168,13.7951611659429,6.8720550717233,1.49888533620307,5.3199121235764,4.21967300002668,0.0050253323326732,0.000432525318222,0.0002240645873158,10.6786034239634,45.0703503655266,15.0,3131.94338572423,68065.0,2,30.02288068332,3.2371210712855,1127.8282595855,77.8743715336869,2354.54878690381,129.026855989979,430.089192299893,0.0387648287413901,10.9779899703723,7.54312759922903,0.827693290632241,5.1154536343917,4.43025134246609,0.226123326024915,0.0107200406595823,0.0061983639726577,13.4293207884768,44.885305242164,15.0
7.135416666,30.0215287763302,11.7783846510653,1131.55689982566,80.9338079807173,2358.99249049942,129.766429787481,431.804160070268,3.51970399128928,13.8842878175642,6.38594669573196,1.50602975044049,5.15571905737059,4.20480235806701,0.0044583153106644,0.0003858701424176,0.0001989466938476,10.6749842214461,45.1489136764234,15.0,3133.65202637998,64035.0,2,30.021881117678,3.08233038374432,1129.51691788966,75.4818576983135,2359.33557680463,129.347379586973,431.201037766167,0.0391815438289639,11.0419759661471,7.17341006946734,0.789201865115141,4.98245429246814,4.41744361813965,0.227096534237722,0.0107541972194731,0.0062364432134554,13.4583517049735,44.9965440051869,15.0
7.145833333,30.019262767042,10.8925382937327,1131.41262446603,77.8859680411214,2359.97371945021,129.868260101808,432.22856939082,3.67254050443158,13.9533473405194,5.77612522700836,1.41390356155138,4.98709965161688,4.19371228388445,0.0039688486984326,0.0003445301399303,0.0001767960434114,10.6728052710253,45.1845101525091,15.0,3132.41523870187,60865.0,2,30.0202974851369,2.88743164001331,1130.45498552001,72.8801189353163,2362.41787020092,129.576170229802,432.038048938393,0.0404681809375496,11.105195950105,6.72540267920756,0.75460161110437,4.84011688551967,4.4051929304619,0.227753765715756,0.0107769236034597,0.0062716410259868,13.4861854192933,45.0759306746109,15.0
7.15625,30.0213098815068,10.1308439185654,1131.24500459385,74.8313932094422,2360.7166046933,129.96091407191,432.669105687358,3.82152741734435,13.99947639263,5.26589607208629,1.334086404426,4.81875344268812,4.18693132159518,0.0035677378189057,0.0003093461532407,0.0001579949829373,10.6722759366457,45.2169854378791,15.0,3130.9800057703,57665.0,2,30.0203259957721,2.69569813770139,1130.84872932731,70.1867730229983,2364.04390608892,129.735590727726,432.678557664416,0.0417059583915046,11.1896448363223,6.23661927444862,0.716078146647322,4.69400274005413,4.39262476881927,0.228281302281209,0.0107951737239893,0.006304096630462,13.4846425509688,45.1312428323348,15.0
7.166666666,29.9908083798554,9.70194316176737,1126.62403630906,71.9440172284941,2351.09404830801,129.481116612411,431.23611346528,3.93130990017274,13.990253262169,4.97335321321518,1.28739708188871,4.67270505831436,4.18096723930126,0.0033188462779104,0.0002870898049002,0.0001461378268286,10.6609440656397,45.0503297408475,15.0,3116.57224624807,60990.0,2,30.0062895447496,2.60325267492891,1129.83664407539,67.5857938170994,2362.2992947709,129.719474301024,432.745974015644,0.0468020921244578,11.3357227200888,5.76428395164663,0.696460644056881,4.55301234969807,4.37333724202405,0.227258525314871,0.010757806129418,0.0062890815592901,13.3942991565176,45.1256294037666,15.0
7.177083333,30.0203399851676,9.34086950360287,1123.92620524174,69.5923150160597,2346.102225767,129.261761088718,430.696014016238,4.02134938459597,13.9742505461936,4.7235466392594,1.24842570718407,4.539419439061,4.18803946087668,0.0031421845355786,0.0002708990409998,0.0001375175260291,10.6709520281284,44.9743198237973,15.0,3108.41463071517,58200.0,2,30.0126592357704,2.4928937407533,1127.67832575257,65.2235886544666,2357.96624618268,129.559896934057,432.356853875513,0.0472205643402322,11.471930525707,5.37748317848474,0.678100715604742,4.42407910834094,4.36034867482569,0.227397249193938,0.0107628160742138,0.0063045110864292,13.2991461111333,45.070249123859,15.0
7.1875,29.9999610020776,8.80719554266826,1123.40422348179,67.4526538992239,2344.96390971682,129.257241110583,430.902417078077,4.0986871463418,13.9089717755937,4.33150932752177,1.19186299049977,4.43072948420915,4.19205713926953,0.0029880891863298,0.0002563337096892,0.0001297913914306,10.6630658229538,44.9731099459631,15.0,3105.71516642435,59890.0,2,30.006589523678,2.40000208240848,1125.64447922577,63.0859218998077,2353.71236702435,129.407643629335,432.020276945653,0.0511669244151511,11.5782214113846,5.00663465408118,0.660333030573487,4.30705359424769,4.34953571494644,0.22637707906831,0.0107264615803247,0.0062906088296252,13.1958660988427,45.0175335305624,15.0
7.197916666,29.9808221019143,8.86363074070563,1116.91492298482,65.8023859433394,2330.59749118149,128.520538452778,428.678067106992,4.13709432590303,13.8002598061596,4.36420846133774,1.1949131148694,4.35272874800132,4.2022673050336,0.0029232096873982,0.0002510159557008,0.0001270304096364,10.6566075851921,44.7171649035004,15.0,3086.42292792969,66360.0,2,29.9932105722099,2.40652949083204,1123.04250031095,61.3625927983773,2347.89082417975,129.172013230244,431.402010766775,0.0581989483933258,11.7287185855566,4.69165211810276,0.663176973853479,4.21238317889638,4.33553877161226,0.223681096349156,0.0106303107022814,0.0062262608598143,13.0075525430281,44.9360177534612,15.0
7.208333333,30.0266145272414,8.94655652417934,1114.40704214206,64.6340063545244,2325.65632947894,128.310450301643,428.226859258972,4.17986736357515,13.7032584837131,4.39879502168021,1.20163169351155,4.27711545062246,4.22486209602477,0.0028500180032872,0.0002445985776212,0.0001236618833473,10.6725730294193,44.6444823310225,15.0,3079.40937740037,62260.0,2,30.0093695107887,2.36791070352453,1119.08682959545,59.9640463452624,2339.31367115264,128.773527223049,430.268386785905,0.0559640941633479,11.78923556081,4.54599884193232,0.66097823510875,4.13306730262982,4.33678802036729,0.223982531769131,0.0106418211281006,0.006238514945816,12.8925473363176,44.7978951101363,15.0
7.21875,29.9860818013058,8.86609791353032,1117.52328509485,63.6964498103534,2331.30459091447,128.684947887942,429.747691379059,4.21645280742265,13.5615557014457,4.39317543075323,1.1912967287024,4.24068469244022,4.23730945495846,0.0027684178364506,0.0002372537196802,0.0001198373606507,10.6577650841627,44.7752588724257,15.0,3086.79916796933,67265.0,2,29.9978910406898,2.36636890868273,1117.48302354205,58.858928846295,2335.56714067278,128.641329462092,430.04877216069,0.0616489038643331,11.7945418520175,4.46659187302409,0.661932469278002,4.07119816172895,4.33966563965587,0.222311006248633,0.0105820175562822,0.006198941130793,12.7898896584202,44.7524221840127,15.0
7.229166666,29.999248344665,8.93696422659409,1112.68086425108,62.9990640244293,2320.50986713914,128.151380613756,428.239699765216,4.23863321716808,13.4328592229922,4.37449758720326,1.19703787895621,4.20117949459751,4.25995682586584,0.0027284504186778,0.0002347093155623,0.0001185510525629,10.6625901658017,44.5901124231858,15.0,3072.8782411626,69075.0,2,29.9986896153679,2.37457860003336,1116.40683897903,58.1088520838254,2332.70875954941,128.556846685961,429.995530235211,0.0640095340816093,11.8003490165627,4.40777368814765,0.667259296290004,4.02939807764026,4.34662932393466,0.221069399948729,0.010537817132598,0.0061690282831874,12.6741749051839,44.7235955388461,15.0
7.239583333,30.0054467500626,8.86166756900472,1112.09962059886,62.5673872769945,2318.74379877148,128.120120610929,428.413551121594,4.25945859134085,13.3128970316253,4.36077989243543,1.18827965989903,4.17500138050079,4.28125168308827,0.0026803168019177,0.0002311195970055,0.0001166535391928,10.6645578811103,44.57977237678,15.0,3070.89318806747,69015.0,2,30.0026881868671,2.36058367154748,1113.89699663639,57.520836396786,2326.83830725893,128.303227313135,429.395830841309,0.064813213109911,11.7607080188632,4.36855135762583,0.666920034218615,3.99426096978932,4.35951840291224,0.220529390172685,0.010518871627965,0.0061582318002309,12.5981779437132,44.6359187085703,15.0
7.25,30.0341069282191,8.87103806171724,1121.41599568673,62.1689861417922,2338.35017412783,129.279151644435,432.58223023033,4.30576705972851,13.2370991923191,4.34284081258183,1.18802423074692,4.14475257333634,4.30229125467932,0.0025900501377356,0.0002222641333757,0.0001118673091448,10.6739256061725,44.9836331139271,15.0,3096.58512820878,62570.0,2,30.0179675210477,2.29830633495634,1115.73505822766,56.9964000137231,2330.25485609144,128.56223230369,430.543158403694,0.059759325999826,11.6516001303842,4.35409138053236,0.654181530990362,3.96470105015975,4.38055859807357,0.222101586217959,0.0105762320882404,0.0062034015984935,12.6139646103017,44.7265231690893,15.0
7.260416666,30.0038791782849,8.85890017698427,1120.64506493679,61.1351804150519,2336.08878369011,129.229680149292,432.722064760165,4.35420699925049,13.1623223499296,4.30897858491443,1.18478386671066,4.08820655380621,4.31192717291534,0.002489482072569,0.0002122624012889,0.0001065122201218,10.6626234256288,44.967011193642,15.0,3093.59083885879,62710.0,2,30.0112785710595,2.26609098268383,1118.29635259387,56.3254164616305,2335.17280799681,128.909172617656,432.006491357716,0.0609029851960473,11.5310206271867,4.3349268671177,0.644797856125558,3.92809145542868,4.39818881396477,0.222086573751275,0.0105763348041992,0.0062071180746521,12.6486194506486,44.8476892419902,15.0
7.270833333,30.0202641777396,8.81412638012446,1120.73711464029,60.1356710684593,2335.94114747013,129.30093670178,433.272478294087,4.40206260027205,13.1211579910059,4.29668932273072,1.17869140545663,4.0269737276835,4.32659707576028,0.002405546640522,0.0002041744810619,0.0001021522367415,10.6681593055801,44.9923898565891,15.0,3093.2848035235,59325.0,2,30.0153104604543,2.21563999305738,1119.4363965326,55.5330804712466,2337.04120100408,129.090535873179,432.925280547541,0.0587805728674526,11.4330633792658,4.31790549591286,0.63468028207845,3.88458417826097,4.41549011853844,0.222663003095137,0.0105977494753143,0.006227230948599,12.6863633228978,44.911238232308,15.0
7.28125,29.9981442108888,8.76158435765656,1118.04616132857,59.0582140593648,2329.43440555119,129.020784219167,432.649464477105,4.43717788375116,13.0687517473595,4.23883253425025,1.17147217605866,3.96989762056143,4.33470486492051,0.0023313647321006,0.0001973854373569,9.85036828556633e-05,10.6600998493838,44.8954623466436,15.0,3084.82836898653,60590.0,2,30.0072198191104,2.19248722746984,1119.33293130233,54.6794843004891,2336.17301194128,129.125606470685,433.357817864186,0.0610513267120014,11.3647625640416,4.28695732107633,0.628889702496394,3.83731719820493,4.42772728237828,0.222062500632617,0.0105766835032292,0.0062158630146427,12.6989786882643,44.9238963093356,15.0
7.291666666,30.0091927504683,8.74403442249242,1115.98955220717,58.1742347289265,2324.43942711545,128.827174678501,432.315429236598,4.46708280153508,13.0287358352101,4.20832051068442,1.16822894987346,3.91855340068843,4.34736734487711,0.0022707446652738,0.0001923368357499,9.57658802789933e-05,10.6638550212547,44.8286041454629,15.0,3078.43081658408,59530.0,2,30.0080632847567,2.16590236519526,1118.20779611167,53.8653562712891,2333.0601217327,129.03878848854,433.379616197931,0.0609503630947527,11.3264117865399,4.24774187923761,0.624592154778317,3.79167323960084,4.4387848424563,0.221852175922065,0.0105696628936814,0.0062143906208146,12.6936061961558,44.8941632751801,15.0
7.302083333,30.0010673450095,8.7938784810168,1114.43268019357,57.3918621844634,2320.262936324,128.681006313246,432.141046305308,4.49094183719128,12.9783437919771,4.19620142224681,1.17166168903963,3.87690520290302,4.35700243091707,0.0022109780436644,0.0001874682635531,9.31329780061039e-05,10.6607115089224,44.778209212989,15.0,3073.26580540018,60295.0,2,30.0046914283801,2.15715165420001,1116.72129156624,53.1162780621234,2329.12234196635,128.90837232427,433.254856083416,0.0624690791609229,11.2970850316231,4.21367384882907,0.623155470683221,3.74932766928617,4.44800107654757,0.221323982008054,0.010551086833714,0.0062031173386942,12.6779497253527,44.8492608552918,15.0
7.3125,29.9960067499501,8.83543766245845,1111.10242593664,56.7951022072485,2312.22542632088,128.321507688658,431.245271338296,4.50721015911617,12.922131975546,4.21109723817782,1.17450581674289,3.84581903065498,4.36751862526189,0.0021612121526843,0.000184102110027,9.13151356250119e-05,10.6587802925279,44.6535345269252,15.0,3063.25745101399,62230.0,2,30.0005016369425,2.1640630856817,1114.82207259436,52.5043536518371,2324.2199536363,128.726030442738,432.947754045,0.0650307379094891,11.2899153724368,4.18937649549391,0.626398835060493,3.71411014861294,4.45501089501203,0.220376343495736,0.0105172673939022,0.0061799183653143,12.6365556462413,44.7862998252481,15.0
7.322916666,29.9935070972187,8.89263525333113,1106.67766649149,56.4609290921306,2301.78612271711,127.829062294259,429.893303753011,4.51494209128878,12.8586938678833,4.26749845761383,1.17920529730181,3.82891965780998,4.37910278308385,0.0021214964852922,0.0001822190894095,9.02924416436664e-05,10.657856972913,44.4825553236162,15.0,3050.34722975372,64910.0,2,29.9969201341641,2.18586592911727,1111.77339226596,52.0707186797486,2316.81543747952,128.405471298081,432.164347948979,0.0681787294836382,11.3008660900401,4.18598152924843,0.633300581472715,3.68760836566021,4.46055573696912,0.219229033291437,0.0104759878418577,0.0061500725221321,12.5706982990885,44.6752411520068,15.0
7.333333333,30.0058806622672,8.9473289332554,1105.3763483977,56.3659377680684,2298.11354308814,127.715208293461,429.80850618642,4.52478657473969,12.8013417333123,4.34876490130444,1.18396356973976,3.82128564307489,4.39278587310658,0.0020783573104847,0.0001797477851343,8.89273713203663e-05,10.6620650268849,44.4432972918636,15.0,3046.36713076924,64780.0,2,30.0012949317671,2.19329583289166,1108.85447610817,51.8088206185924,2309.69033004322,128.099346359215,431.425001069909,0.0683115435407768,11.2966589212968,4.21681519398685,0.637226886584586,3.6702792866131,4.46872755095446,0.219088962238328,0.0104708142263327,0.006145772352404,12.5201484843303,44.5691477774726,15.0
7.34375,30.0100595056528,9.08398931036349,1107.44686566478,56.297313012228,2301.549251912,127.999628057263,431.065707971105,4.54301183217127,12.7508511806582,4.41399246727638,1.19682599827258,3.81601118341405,4.40412669363079,0.0020200485487481,0.0001750566373747,8.63659861497876e-05,10.6631854525547,44.5426367015224,15.0,3051.67605248917,63725.0,2,30.0054904007012,2.19619249349843,1107.59551043188,51.6322380505496,2306.10983208541,127.989770486047,431.352237555731,0.067349473232834,11.2575721976233,4.26995665817642,0.638294504457105,3.65860019158537,4.47948591188472,0.219598589613694,0.0104890796762605,0.0061574627188635,12.5059832371918,44.5313615680341,15.0
7.354166666,29.9865478092426,9.18596618083887,1106.63671066885,56.3055161838955,2298.40646710527,127.916451613448,431.078577702589,4.55149577812142,12.6925648139581,4.49562740730603,1.20605116484816,3.82332195287048,4.41107031048067,0.0019743062954271,0.0001722567365543,8.48555537963613e-05,10.6547979345867,44.5140574642931,15.0,3048.64333555376,67985.0,2,29.9960286785751,2.23656929730067,1107.53663198664,51.5940172508545,2304.92833135548,128.015633009887,431.727224990993,0.0716920512612431,11.2353087401771,4.32568293243368,0.647259447191296,3.65575658193473,4.486132315066,0.218579210719092,0.0104521117126678,0.0061282059472488,12.4681723390572,44.5407015775493,15.0
7.364583333,29.9917000355712,9.48835104025627,1100.25835140351,56.5171055938406,2283.75912452639,127.191294630255,428.90943003794,4.54827261106299,12.6458796192902,4.59900364111438,1.23587375713787,3.83332258648592,4.42236314706756,0.0019541061956441,0.0001727966038538,8.50953712379929e-05,10.6568021530157,44.2620552620334,15.0,3030.67302109048,70855.0,2,29.9942047042306,2.30253059447743,1105.34805241892,51.7277593696627,2299.20230640986,127.786433555441,431.224986561762,0.0739656170523702,11.2378249825904,4.39534948726347,0.663431498176158,3.66092882668708,4.49215109581056,0.217794125309628,0.010423395937568,0.0061019246580124,12.409825732287,44.4613105921144,15.0
7.375,29.9479396096459,10.4340381391384,1088.23931685386,56.8607580164529,2255.79338579927,125.717087542577,424.16897354298,4.49120401196134,12.5609141296096,5.10367101740091,1.33032056641495,3.88112044780084,4.42863795950123,0.0020206952391925,0.0001847755713044,9.15477204362375e-05,10.6420440304036,43.7493375730374,15.0,2995.89664449614,88185.0,2,29.9649644492408,2.58026285091433,1098.44698211126,52.1766221833532,2283.19102458694,126.978769793254,428.720305246565,0.0880734212156908,11.3029534144688,4.59329621948012,0.721049812602012,3.68530222266756,4.48835782190416,0.213711383475748,0.0102739501541119,0.0059737166399105,12.2542621843124,44.1807685236642,15.0
7.385416666,30.0031836757581,12.6696673774151,1080.82497388276,58.8328400327198,2238.98735580687,124.861657829055,421.467064153612,4.41517361814706,12.5201855850174,6.1155895650985,1.5555908699519,3.97727924737528,4.44949509978878,0.0021494973623355,0.000201767068629,0.0001003863765625,10.6617831105826,43.4519034377911,15.0,2976.31934635711,88175.0,2,29.987536222193,2.95771663982747,1089.55187280941,53.2850919207729,2263.31710632651,125.923757753293,425.347351520507,0.079457357320805,11.2688972688442,5.1787613436519,0.804166490422426,3.74446324375132,4.5031817230162,0.216190126165985,0.0103615388553203,0.0059921681014791,12.2099527236027,43.8140545670229,15.0
7.395833333,29.9377496064272,14.9621804468134,1077.78420671148,61.4705069874658,2227.92067855475,124.311275807945,419.729052020784,4.26524029114029,12.4430303257766,7.05152381437223,1.78658342647553,4.18257282846652,4.45153910867859,0.0024799755733109,0.000238578782604,0.000119793852173,10.6389563219705,43.2605910098064,15.0,2965.85723331918,112305.0,2,29.9523551019559,3.72018258016229,1081.97378988908,55.4273840255567,2245.5100552428,124.958505529101,422.218729093604,0.0874032223135743,11.176328249119,6.07548076341222,0.94717125737933,3.87434315871907,4.51314648509597,0.214429084554476,0.0102950212166904,0.0058746589084304,12.1723376850209,43.4785849262977,15.0
7.40625,29.9533304179048,16.7048045647569,1075.87582617275,65.9079077494701,2218.72451738369,123.849958084467,418.163511212001,3.95482624667064,12.4212304643898,7.89160807034149,1.96635780236266,4.4897475118473,4.46385342849485,0.0035288762381454,0.0003400814698346,0.0001732536079195,10.6454760099813,43.1001188724606,15.0,2959.21637960613,131380.0,2,29.9526932919563,4.59527296529409,1078.78820495112,59.2227155853763,2235.19135934655,124.389545690508,420.323171737119,0.0836017804289013,11.0846070531771,7.08940002986945,1.10578568000175,4.1242114084793,4.53127915846022,0.213278280607766,0.0102521710447595,0.005769810928319,12.1519885567151,43.2812506173404,15.0
7.416666666,29.9974333294929,19.7261123578824,1079.7184862923,71.5202491619187,2224.71126708219,124.235458400052,419.32159734466,3.59665908368112,12.5110625346757,9.15516607353834,2.27660574142798,4.79534578777217,4.46779615762902,0.0053135472488745,0.0004878743306187,0.0002507187504179,10.6624970087486,43.2340614233694,15.0,2972.05583977837,127990.0,2,29.9871832921364,5.48153104852857,1077.24869251887,63.9361632110045,2229.43514919823,124.05033212373,419.123779583228,0.064072402049297,10.850622689026,8.26574884760902,1.25013558929222,4.40796653988883,4.56609359730264,0.216320463640307,0.010366873684715,0.0057688525568365,12.354686749013,43.163819591275,15.0
7.427083333,29.9631635665205,21.9180383988101,1086.78182029269,76.8438965640916,2234.67115952026,124.816414918894,421.033163383977,3.24754130337449,12.6230377190823,10.0406634448504,2.50429537189084,5.15362872782236,4.45169453102156,0.0081573802624128,0.000707778832286,0.0003669631896331,10.6551007611666,43.435695824939,15.0,2990.68661287864,138900.0,2,29.9696294619747,6.50373413495061,1083.53147148205,69.1532756592198,2239.87822964407,124.607181454891,420.8369431287,0.0553506530177319,10.628664007786,9.41101071035767,1.39721779040044,4.73159380767546,4.58600768515389,0.216586630015926,0.010379870372188,0.0056983694066885,12.6035205026796,43.3579852938906,15.0
7.4375,29.967468052268,23.8511610237998,1081.152272762,82.6260964044891,2218.01108622336,123.853485531512,417.476406127266,2.88887822032203,12.6725135465178,10.9928201646963,2.70926351770848,5.53307880838669,4.44868460342524,0.0135372106751257,0.0011036843217535,0.0005788272976694,10.6652586681961,43.0996042747545,15.0,2974.66421349253,147755.0,2,29.9678316304167,7.59804780450317,1083.5343717793,74.7511343586355,2235.99176909857,124.337932401115,419.65336480501,0.047102783784776,10.4618883217628,10.4781900509927,1.54415948548738,5.09368073062771,4.60225339545623,0.217002337550921,0.0103986469784723,0.0056321319811886,12.8196572717885,43.2643306297619,15.0
7.447916666,29.9631713997008,24.8671903150288,1076.04650168648,88.7161801790329,2201.38561140559,122.822011683772,413.684275277861,2.58424567241424,12.5612800894991,11.774315344119,2.82555626278819,5.95964893057321,4.46150125556581,0.0233764110413735,0.0017787790223471,0.0009420432161887,10.6762766867338,42.7388980499249,15.0,2959.04510871199,159305.0,2,29.9639107552124,8.62804195112139,1078.92429199291,80.7377566221966,2221.33997261774,123.424957056967,416.24560753228,0.0421157826244869,10.2749309667905,11.4391499909185,1.67125941152382,5.49446648978935,4.62150670357858,0.217078551500666,0.0104051016321979,0.0055685197968777,12.9667323495443,42.9459772855617,15.0
7.458333333,29.9800268240488,24.7411384368723,1074.75859969521,95.9042353927348,2194.41014368556,122.268791661708,411.507007537151,2.37319202328356,12.3278529322424,12.3883773828218,2.82991239240623,6.40957437313726,4.49171137764307,0.0393656885483426,0.0027755144822751,0.0014770100463935,10.6962845938451,42.5433218263755,15.0,2956.04407484906,160855.0,2,29.9773117469802,9.06113645477127,1075.72991060917,87.2981092172037,2209.8396674905,122.634609440487,413.25746934839,0.0378207315142937,9.99816651931681,12.2280427472656,1.72455081934618,5.92095811434394,4.65530719415059,0.218104434849107,0.0104466761502232,0.0055665076969057,13.08743114642,42.6690727742327,15.0
7.46875,29.9822980574076,23.438105067537,1077.64491132187,102.996606708183,2196.2567229233,122.169792036079,410.844488157279,2.23424034511307,12.0478252597918,12.4202052980787,2.71542146482153,6.85445547647777,4.52303394088793,0.0601171082547949,0.0039558816837259,0.0021134718983916,10.709257242341,42.504245759422,15.0,2964.3125751796,160900.0,2,29.9813713887,8.90426751161086,1076.2411244458,94.0163651678146,2206.46776245879,122.269446397924,411.705387138556,0.0357898528917272,9.71236369551709,12.5936183353763,1.70105001211194,6.3452368349355,4.68942423102704,0.219215254894794,0.0104908210207924,0.0056030761004109,13.1439066244839,42.538506056694,15.0
7.479166666,29.9863538947359,21.5693397201423,1080.88143096867,109.723799590726,2199.24295499748,122.108954821112,410.301929667665,2.12734647850607,11.7675117626778,12.0577809825473,2.54234881446478,7.26861547279694,4.55377195587042,0.081932958756718,0.0051057153826815,0.0027443951815217,10.7195028946275,42.4772173658219,15.0,2973.55221555861,159345.0,2,29.9849503823062,8.39928044866202,1079.08169621229,100.509574261718,2208.02704410736,122.164398475028,411.023353681619,0.0346770410368077,9.47444679293855,12.4862107507052,1.63067113238239,6.75064785229123,4.7188166197352,0.220553540717447,0.0105422687423384,0.0056666976388819,13.1335511058242,42.4969510935903,15.0
7.489583333,30.0245201217035,20.1069036719394,1089.18398098863,116.64201304258,2218.33461618471,122.9667186704,412.820541729865,2.04537809551036,11.6183187297281,12.0400356503165,2.40561121539876,7.57062115604852,4.57451779768024,0.0966381532423964,0.0058480237965418,0.0031618883943093,10.7341950767499,42.7694260909964,15.0,3002.03797253038,140235.0,2,30.0139957460662,7.58558917243231,1084.22157873719,106.471624406143,2217.56589075196,122.493728217426,411.825680749819,0.0306642502052934,9.20023986320168,12.3836991726773,1.52295614668265,7.06540524636979,4.75303589856198,0.222200623057501,0.0106044679259976,0.0057602931172455,13.2261503060777,42.605814265194,15.0
7.5,30.0030866548712,18.8364371910496,1097.07327733792,120.287240310714,2234.51122003817,123.688134656713,414.862833160003,1.97348117186198,11.574864670433,11.6667730781756,2.28293835389675,7.75746547132394,4.56959141550438,0.101221738967033,0.0060827729838847,0.003301573710332,10.7251916666044,43.0145568112375,15.0,3025.07794673607,133475.0,2,30.0045218241207,7.01390599049787,1091.7332363642,110.74945717349,2233.24687639795,123.193175684578,413.856470110972,0.0291047152837515,9.033046032656,12.1763067148807,1.43086031824673,7.27470857290493,4.76475431685375,0.222050023382889,0.0106007179686603,0.0058003280437939,13.2977856106127,42.8434387477427,15.0
7.510416666,29.992500768282,17.4441751195698,1100.46673607507,122.409096545171,2240.38725698618,123.831693997271,414.9972465536,1.90008514744428,11.5257872112307,11.1250585780057,2.14779309033861,7.88832612615538,4.56708149830307,0.101804191056546,0.0061262067327295,0.0033351958976851,10.7225111682754,43.0589951783493,15.0,3033.86326900173,133450.0,2,29.994418161504,6.62761294856083,1097.4468039333,113.531921235702,2244.16250659431,123.643109588151,415.028403496713,0.0287547102970608,9.00243374087977,11.7521718493159,1.36364093515746,7.42700767887024,4.76144097485132,0.221511437237175,0.0105817831487867,0.0058183487795465,13.2757819505764,42.9944021870724,15.0
7.520833333,30.0074586081259,16.3762846089562,1104.14293138588,124.57673533074,2249.03272332728,124.130010805895,415.676597035977,1.82866098788594,11.4767740251758,10.6418201219048,2.04520911292751,7.97778083107732,4.5693456852673,0.100206179452883,0.0060711590990432,0.0033130733392292,10.7283093684024,43.157551753633,15.0,3045.53741222955,127860.0,2,30.0033115785972,6.25718917887591,1101.27954759053,115.600063761352,2251.71645225156,123.90251821217,415.58420629675,0.0272810336504236,8.97155713756265,11.2745186982218,1.30236034878373,7.53285248313699,4.76134498731718,0.221145301418651,0.0105690638186093,0.0058397059727822,13.2591051602388,43.0793574833987,15.0
7.53125,29.9965325102719,15.3167546066213,1107.39600020446,126.034837434471,2255.69985456082,124.320529617232,416.006820620333,1.76161061313277,11.4337857037333,10.2384667093553,1.94247043548701,8.05746290979612,4.56592107485751,0.0959893988357091,0.0058873364305112,0.0032172494986422,10.7244509364833,43.2191116632174,15.0,3054.5078655754,127480.0,2,29.9981928357191,5.97467761459735,1104.87586913298,117.199262124227,2259.07316361312,124.154332260737,416.126208570466,0.0268081323659016,8.95706175757022,10.8218133416066,1.2504118352808,7.61192877245601,4.75659544740483,0.22009759610398,0.0105315234362088,0.0058396044741389,13.223153282099,43.1620374252299,15.0
7.541666666,30.0361917845131,14.9279811579851,1115.37940005062,127.415311892451,2276.74798066469,125.338313516989,419.094312154284,1.71483870668563,11.4880431380382,9.84453041766679,1.90598858896988,8.04238471888188,4.56068720208248,0.0875842180373653,0.0054838766834166,0.0029951596199595,10.7350216550886,43.5691288978236,15.0,3080.65833538264,112005.0,2,30.0233178253025,5.63325442609329,1109.82092580418,118.206551635279,2271.14801001546,124.665326995193,417.573918307968,0.0236165846671485,8.86387194793249,10.4553928026404,1.19518942436941,7.63174358342719,4.76314811331952,0.219657289651994,0.0105163960341393,0.0058585551919575,13.3123666643293,43.3354985125176,15.0
7.552083333,29.9517671344491,14.6551299256775,1112.62151709229,125.951398976712,2266.05637157278,124.576183580619,416.267471766359,1.66396651367071,11.4404357792575,9.52518278403486,1.87949816156336,8.0811412747678,4.54408853449619,0.0798150647725079,0.0050837186691806,0.0027741792886677,10.7064310750664,43.3009567585746,15.0,3066.5804248105,132775.0,2,29.9696883132466,5.79807389260746,1113.06096896902,118.343506247524,2277.22186806653,124.865880638939,417.924830733895,0.0266009629918691,8.96126831734303,10.032049189915,1.20202465857666,7.65499029209104,4.73690395823035,0.216859081008943,0.0104138684698323,0.0057823370150674,13.1910671430042,43.4016045561418,15.0
7.5625,30.00400213554,14.6523550700077,1109.2022829492,127.586562429872,2259.74646903167,124.035643104319,414.240421330254,1.61213403779521,11.3169721157261,9.31722764493275,1.88396377352154,8.14336382590223,4.56522470864637,0.0768940512509273,0.0049352148856565,0.0026937979982548,10.7281220718937,43.1100508959452,15.0,3058.44107230594,129525.0,2,29.9952072338793,5.84383352306591,1110.90434537606,119.090709392271,2271.29283553022,124.364353895954,415.967208132289,0.0251345941400865,8.96715742091489,9.74506073822324,1.21311756653663,7.71795788739529,4.73855688243411,0.216649015465256,0.0104063422909132,0.0057741407617988,13.1163099424202,43.2239978454983,15.0
7.572916666,30.0138516993866,14.7383243182566,1115.40078748136,128.892515222382,2275.02364655144,124.708320899058,416.23843580709,1.57770154860146,11.2666327992529,9.07395423387803,1.89601056740241,8.16892212546009,4.56943323008883,0.0718129785338266,0.0046581287119871,0.0025408528062657,10.7289120990339,43.3414948692381,15.0,3077.70390062293,121550.0,2,30.0089653225456,5.77119247781842,1112.09885034023,120.04577538884,2274.87825802035,124.379118227916,415.794326486435,0.0232316950387159,8.81327399967945,9.52660034499324,1.20196615746525,7.74983675155056,4.75326594277842,0.215937072077204,0.0103817377448463,0.0057654833218421,13.1843981782161,43.2264553339454,15.0
7.583333333,30.0053998759074,14.9455559080833,1121.31538435402,128.805416853925,2289.0675403655,125.327443375264,418.036915305986,1.56407761693387,11.2874006400282,8.92448291194061,1.91844297102932,8.14153747023837,4.56131185545136,0.0651652388714696,0.0042730379184285,0.0023266455229042,10.7226844447225,43.5549432576811,15.0,3094.58073263428,117020.0,2,30.0064471917913,5.72406272768345,1117.05467304523,120.352138989846,2287.04707340498,124.879015457098,417.238702707661,0.022167663243089,8.68054284959221,9.34817960582651,1.19178874097371,7.74338877621852,4.76084715308909,0.214867680234966,0.0103436266137787,0.0057464766970819,13.281875384986,43.3981209200413,15.0
7.59375,30.0349834245532,15.0876275905998,1129.9147237702,128.151357411788,2311.61989736779,126.438401877566,421.465736876109,1.57850288883527,11.3941896916119,8.58732283091801,1.93306365630133,8.02921705250823,4.54916511479474,0.057604151992454,0.0038132811984385,0.0020709693226561,10.7279036167121,43.9399483734238,15.0,3121.14754925766,102800.0,2,30.0240498178441,5.50473236955733,1123.26069287655,119.718794438088,2303.0681054205,125.599742075079,419.436919848072,0.0200390242516962,8.52962698217507,9.16151405307698,1.16172435204028,7.67232809441514,4.77118988089514,0.214747552718281,0.0103402897658751,0.0057625468210438,13.4681117919998,43.6470867832345,15.0
7.604166666,30.0253352151417,14.9901489692163,1139.02616173169,125.238399278256,2334.70401702991,127.605923469343,425.07944015728,1.62608966502458,11.5594709543226,8.27393919587703,1.92097311732964,7.82599960908234,4.52051444987555,0.0496925569569979,0.0033100163175065,0.0017924773163076,10.7177090371065,44.3451419563935,15.0,3146.99931271715,93660.0,2,30.0235184364743,5.23260274957602,1130.83950412299,117.713887445319,2322.78366633512,126.550305804713,422.41327053944,0.0192524699120682,8.41596188988189,8.9216393339721,1.11837419149258,7.52345965711828,4.77140612922286,0.214264466310186,0.0103231164524242,0.0057747051882417,13.6717198927036,43.9764346100649,15.0
7.614583333,29.9245190392972,14.3160296379101,1122.29059603443,121.073014596662,2293.80363815078,125.201170783689,416.888256910571,1.64187147759621,11.4682230110345,7.91986362569412,1.8510278967055,7.75151480449904,4.50565269377321,0.0470416854358131,0.0031424506914749,0.0017037538666691,10.6868467834608,43.5086798402996,15.0,3092.07401723733,126600.0,2,29.9497765524605,5.49114908618862,1131.27502469851,115.244573624426,2323.156974075,126.473361252403,421.855319408288,0.0253811168010259,8.72021356489625,8.49821114375804,1.1470586053141,7.41984454134279,4.72152089685596,0.211204699481315,0.0102066378904662,0.0056809497214179,13.4013052302421,43.9489047376437,15.0
7.625,30.028739926366,13.6717390642383,1110.87348333959,121.688723724466,2273.98127743404,123.944851187638,412.581746055529,1.62379565625748,11.2904815941575,7.88858321445746,1.78884637522187,7.7006007373576,4.54273172416943,0.047536680337085,0.0031730927658544,0.0017229664992322,10.7275985541979,43.071448706513,15.0,3064.60614783583,115230.0,2,30.0053073173886,5.31487031294456,1116.67085186905,113.885996303263,2292.33828484176,124.639393566414,415.531644237906,0.0237308216857973,8.8131608083567,8.27850865890929,1.13438190357589,7.35069639700842,4.72230034795348,0.212641218281937,0.0102589733685635,0.0057269710560237,13.2391757778292,43.3108065819481,15.0
7.635416666,30.021052916314,13.2860546981133,1129.68020747253,121.992907392526,2316.55936631095,126.144179235325,419.722818867425,1.64460983141184,11.2443974880805,7.78934678616485,1.7495974555639,7.68187494650409,4.54228752831139,0.0450476144763477,0.0030056383037064,0.0016310760799233,10.7187504888569,43.8355739020593,15.0,3118.45128988562,106785.0,2,30.0161862520934,5.05711443016959,1120.83689629737,113.595240009202,2303.41237305152,125.104270453119,416.942839586319,0.0228511967039396,8.68251013512818,8.17814947701442,1.09111090515028,7.30608493688627,4.73463674017898,0.212558234276836,0.0102568884387873,0.0057474195777384,13.270808681464,43.4718678649989,15.0
7.645833333,29.9823143667434,13.0980049295069,1133.10189980662,120.294354894292,2323.72878649676,126.410885384291,420.424619500059,1.68620339111345,11.2353147497665,7.73820453623455,1.72900504473251,7.61808556978278,4.53258474605683,0.042166175969811,0.0028161286161073,0.0015276225357979,10.7023201039226,43.9283148888458,15.0,3125.91664572816,112435.0,2,29.9934706203852,5.00450673958829,1128.73628775481,112.835061174429,2321.45344682015,125.971017788973,419.656995915478,0.0245944753661045,8.67021156327684,8.07587093691006,1.07643918363791,7.25951085494597,4.72821580354079,0.211301498441118,0.0102100773520871,0.0057228788589486,13.2332866722403,43.772856620575,15.0
7.65625,30.0651850070815,13.2067901192003,1142.25471351616,119.461173123108,2349.09878937833,127.702138494288,424.531729815844,1.76755677953462,11.3454592855682,7.66943882305786,1.73893144604722,7.46640062373352,4.53221497951736,0.0386303077158484,0.0025758507011741,0.0013949591506761,10.7261419066515,44.3774285616794,15.0,3155.56947966706,91105.0,2,30.0358707150968,4.71065161855989,1134.69041577893,111.476148485829,2336.88177967198,126.690286398714,421.923313844606,0.0216254463395618,8.55441096813764,8.04983938590201,1.03778738232553,7.15742322683458,4.74185318013543,0.213254219360817,0.0102831474597867,0.0057933906743577,13.3843484310918,44.0227852932535,15.0
7.666666666,30.0118140277476,13.3212236741184,1146.06284821559,115.294343003146,2360.04518356905,128.231838554681,426.119020056389,1.90870205526461,11.4903836303461,7.37427266454606,1.74579485128685,7.2216779821042,4.49993956480081,0.0342822957690655,0.0022830950388754,0.0012350593530873,10.7006436755768,44.5621066760715,15.0,3165.23650505619,87210.0,2,30.0208776057519,4.52533025826873,1141.20052988686,108.80108060293,2354.315208479,127.546739493433,424.668011300879,0.0226876992504095,8.458168752118,7.92429960655101,1.00342042111912,6.97814665011769,4.73979100797527,0.212989133984378,0.0102736296482771,0.005803790060841,13.5591609063974,44.3205655129057,15.0
7.677083333,29.9738416446356,13.7218713472839,1135.98457138951,110.878998898671,2339.23729845821,127.012579629442,421.959467090515,2.03535111904677,11.5384418884061,7.25715796154639,1.78141536717797,7.0081632504579,4.48277854851039,0.0314488052266439,0.0021007108924677,0.0011371355244501,10.6865458179133,44.1389286940558,15.0,3134.4088831203,96230.0,2,29.9908631837498,4.60884597256702,1140.74537931273,105.358546503016,2355.64849932376,127.544100202073,424.512846972523,0.0263853498678037,8.58615331352934,7.72227099128708,1.01789144648897,6.78076909994658,4.71458063620251,0.212138571280661,0.0102401658930353,0.005774931198549,13.5197573518356,44.3199472653462,15.0
7.6875,30.0038625470149,14.4056247944486,1127.93056242927,108.189965067219,2324.34286665501,126.112397144886,418.902864006582,2.10864743862442,11.5129389403713,7.35244973734682,1.84680577794609,6.8444216963012,4.48780923018791,0.029726935712985,0.0019946196122419,0.0010802136761425,10.6977261442125,43.826627057754,15.0,3111.97896177054,95985.0,2,29.9984634225211,4.69733667659151,1134.24402571473,102.262566596322,2343.77576597887,126.809537110105,421.943547819718,0.0271733394249616,8.69540606083829,7.64765093440352,1.0430915110347,6.60517504016041,4.70086605159488,0.212743945389846,0.0102612281061536,0.0057798618047186,13.4574209956773,44.0650741201862,15.0
7.697916666,29.9975282982209,14.3458782201153,1133.27451571425,106.709123820987,2336.70256562278,126.700226449233,420.796833996844,2.15680392683356,11.4529567308002,7.27062677490882,1.83755606407863,6.76917720730868,4.49000600551086,0.0282180880092781,0.0019035828726215,0.0010310087804063,10.6948130614954,44.0314843899649,15.0,3126.16106249554,98185.0,2,29.997625357788,4.69811617263486,1131.90133926344,100.062720683898,2340.50872497942,126.54345881314,420.964978814667,0.0285041409175433,8.72751252026715,7.61454669283241,1.05076076840889,6.47903420279566,4.69485469969138,0.212448432899125,0.0102496578915678,0.0057723716658606,13.4096333685631,43.9730744998141,15.0
7.708333333,30.0127221597603,14.0179258063812,1134.93883697769,105.188883761473,2342.49004034415,126.944280111726,421.540786909674,2.20394097305179,11.4222303299643,7.09149607619458,1.80170763524635,6.66529452383596,4.49349172639154,0.0267072947706493,0.0018107131200853,0.0009801883376156,10.6988454597639,44.1168959221981,15.0,3131.41479302019,95070.0,2,30.0072376004405,4.56186923843298,1133.49109909373,98.4270631060082,2345.52198056414,126.738503229427,421.541987115122,0.0286768613386938,8.72213698455418,7.52096956122722,1.03340295867526,6.3822275912171,4.6951392565491,0.212547634687727,0.0102531550714339,0.0057862261958709,13.3861947427232,44.0413414019881,15.0
7.71875,30.0107986431958,13.1133396194583,1137.84551688107,103.362806595995,2350.75633307201,127.336586204629,422.770906831914,2.27196998490554,11.4287677107892,6.80341318430109,1.70758865135299,6.5498824162057,4.48978156812245,0.0249914295010667,0.0017025735627605,0.0009208749017438,10.6959887018986,44.253841362404,15.0,3139.74449321101,92400.0,2,30.0096078473311,4.3175338148706,1135.56343365748,96.7243037912091,2351.69916350403,127.016774344783,422.407953149561,0.029662679912765,8.72953756707206,7.33386727329151,0.993877062916664,6.2775434847565,4.69277010119472,0.212399554791504,0.0102471442850216,0.0058038096222737,13.3646757142973,44.1385032547081,15.0
7.729166666,30.0064949945936,12.8460692792734,1137.78954830011,100.986158493908,2352.57779633105,127.389140647258,422.879700383845,2.35415562263482,11.4545060726515,6.68842459623553,1.67692069063273,6.40974339001458,4.48387241424978,0.0232221326421933,0.0015903598896733,0.0008594375589185,10.6924889620842,44.2727121955671,15.0,3139.42129226381,91040.0,2,30.0077182059774,4.16700657462726,1136.9788010645,94.7609240381141,2356.39583231353,127.23146128724,423.063250134553,0.030947673265018,8.78340618856453,7.13507051448322,0.965299791691592,6.15973484231606,4.68479840733487,0.212425396873637,0.0102471380382071,0.0058169638895358,13.3205225424987,44.2135486829981,15.0
7.739583333,29.9969849121117,12.6240831654037,1135.76188162581,99.0096565482486,2349.43004239058,127.172285038641,422.110672109582,2.43245260894782,11.4679904331159,6.61406260758915,1.65083414344684,6.30145613185176,4.47899518090841,0.021554048495975,0.0014856779761855,0.0008022747776646,10.687753525099,44.1979684753021,15.0,3133.26187964113,92735.0,2,30.0010773345032,4.09041503080418,1136.79366144239,92.7997705999864,2357.42908967918,127.252698589469,423.072121672473,0.0330219422240985,8.87104548711545,6.9859598650841,0.952667500253212,6.0455703111667,4.67300676571192,0.212227115300553,0.0102384380617689,0.0058178907383408,13.2509204909346,44.2213918722264,15.0
7.75,30.000754289863,12.8761474512874,1133.54998888935,97.4268166875044,2345.92798691018,126.939995520549,421.307405950128,2.49998590415968,11.4683560343385,6.70760933064582,1.67265803151629,6.20986476040836,4.47886685673615,0.0200156715969511,0.0013895481688815,0.0007497506266711,10.6878932761781,44.1179061119258,15.0,3126.95257505223,93330.0,2,30.0007882843245,4.08981647009336,1135.29814276454,91.1153601068623,2355.47594478579,127.110076259854,422.542877516291,0.0342793054399408,8.95127316724298,6.93224752911317,0.954298575707859,5.94792989359128,4.66382612217149,0.21236568410632,0.0102424677337329,0.005820079448418,13.1853566374496,44.1723426552667,15.0
7.760416666,30.0026433195049,13.2175605283236,1134.22835072985,96.1827936533481,2348.43393504757,127.039224529133,421.617591332835,2.56487093968527,11.4630704470163,6.81072190940202,1.70364532607932,6.13717561681389,4.47963167230238,0.0185397012384987,0.0012967774370228,0.0006990106380862,10.6871001222958,44.1531218616003,15.0,3128.74126286575,93350.0,2,30.0019227337816,4.11367282739349,1134.34781102544,89.7176479550706,2354.67087467458,127.026042047463,422.22429115724,0.035119934041495,8.98665768978799,6.97094094384205,0.962136690860236,5.86602360816815,4.65977658638977,0.212560336610976,0.010249021190711,0.0058217955241972,13.1548206198905,44.1437142261074,15.0
7.770833333,30.0026767675886,13.7580331866906,1134.74783546275,95.0419375799988,2350.53110107269,127.121821542507,421.879718279671,2.62649737260096,11.4608929438131,6.9309916298179,1.75467830113707,6.06987476598683,4.48017342710068,0.0171591016470922,0.0012100408579012,0.000651533449455,10.6857513675707,44.1825897132779,15.0,3130.12875273817,93270.0,2,30.0025221203894,4.16825287378277,1134.53939145826,88.5430127222094,2356.26439344975,127.071464316567,422.349906286525,0.0356583813879743,8.98903250698872,7.05648462754053,0.97504187576359,5.79696906427725,4.65923131391998,0.212742505055594,0.0102554984781868,0.0058207940936461,13.1524282366239,44.1601268792194,15.0
7.78125,29.9469154249117,13.5596915183765,1120.96685354897,93.9775022988101,2318.03818171124,125.308328049917,415.840046317895,2.58418622616013,11.3697849296748,7.18874241210888,1.73231887263084,6.08993851138756,4.4815062820374,0.0165042543188181,0.0011842799618905,0.0006379025059617,10.6686576080196,43.5529927797856,15.0,3088.26292852996,115685.0,2,29.9624428520839,4.43798001264964,1129.88262026453,87.8917504955172,2345.62208224228,126.464094168075,420.254254817531,0.0425347810529337,9.14618742362909,7.18011007761485,1.01933416717261,5.7817101779057,4.63976802651236,0.209668950432987,0.0101392010228244,0.0057232208713978,12.9458036210829,43.9498357713841,15.0
7.791666666,30.0086429600514,13.5586916570661,1110.48954868543,95.2579436605415,2296.81901114014,124.110053537439,411.803900274904,2.47136062357465,11.3061134949601,7.23943869943585,1.73275193037831,6.1331833526638,4.50322748724627,0.0164554876869869,0.0011977598239089,0.0006448948765061,10.6918825052198,43.1371181762486,15.0,3061.21318160603,112545.0,2,29.9948433351004,4.5117724906789,1118.12683646131,88.2051207883768,2319.92954060816,125.026534734997,415.397444262711,0.0394829793042412,9.20938018726826,7.33103133802393,1.0373278929052,5.80886207243176,4.64487245992196,0.210129738508314,0.0101563908102134,0.0057276198607144,12.8257451938714,43.4510604019515,15.0
7.802083333,30.0043481011873,13.5169073724439,1128.41312433191,97.2028781063082,2334.76637526593,126.1296947351,418.406014482758,2.41464065348243,11.3107896157473,6.7684162359202,1.72823337848357,6.24316089276166,4.50410210352441,0.0160887403408196,0.0011814530387847,0.0006350198135945,10.6882102043412,43.8396258150673,15.0,3111.56828455281,110155.0,2,30.0019686895789,4.50131915025417,1119.89088953823,89.3317053598543,2323.73464357423,125.187741603559,415.859204512192,0.0376291463819533,9.15763816774811,7.20858724791406,1.03264624709115,5.86910130284629,4.65447658699537,0.210187688325234,0.0101594509092357,0.0057307998260632,12.832919513452,43.5078290226506,15.0
7.8125,29.9904153907318,14.3803630063869,1133.4799633766,98.2233623833578,2344.76730883191,126.633765621426,419.957237884748,2.38731590381881,11.3534150842213,7.08410716716985,1.81410435513119,6.31533570388371,4.49877882633079,0.0156450253611201,0.0011587817219721,0.0006219509370261,10.6824234346442,44.0152950602793,15.0,3125.30769986874,112445.0,2,29.9944972644385,4.67767298533007,1128.49178026671,90.6251768566991,2341.75417902898,126.118172771763,418.848266602531,0.0367722731616792,9.12575936964198,7.16640069257356,1.05583357847113,5.9487393377211,4.65759028282,0.210109543825005,0.0101572782950854,0.0057146789732663,12.8644115863049,43.8318805849302,15.0
7.822916666,30.0512951074341,14.565422870158,1141.55013976244,99.215109730284,2365.46718378334,127.736174929222,423.486992952627,2.4354107208752,11.4839249694367,7.04131791085237,1.83244293670315,6.2948638623855,4.49639709303126,0.0144900042232404,0.0010763885585197,0.0005756612008805,10.7014232415036,44.3989751870714,15.0,3151.39093225874,94380.0,2,30.0291854078186,4.48948753083437,1134.60914808884,91.2910839753278,2356.20444034396,126.844493413285,421.188001421658,0.0318657075870083,8.99325393498115,7.27454183947138,1.03561970889826,5.96915511541212,4.67546268923346,0.212598300553747,0.0102511089629914,0.0057898701622782,13.0665867134359,44.0848072863346,15.0
7.833333333,29.972571133304,14.772132558049,1137.5376532118,97.8822598646408,2355.74798005438,127.180534235246,421.545286489003,2.51559091899373,11.5533787002096,7.03613679035198,1.85048421205348,6.2600909308387,4.47323400940065,0.0131294701856365,0.0009855667477536,0.0005263965980271,10.6725583132303,44.2064009987522,15.0,3138.07508614036,103370.0,2,29.99203422369,4.56764876645952,1138.31280837222,91.0905375461146,2365.08821930462,127.294050749076,422.590909702419,0.0356445943101433,9.00302917567473,7.27197410262813,1.0397864572299,5.95057394925397,4.66527121763075,0.211335373788819,0.0102035160917405,0.0057531275832411,13.1266305526761,44.2414682724457,15.0
7.84375,29.9582224534552,15.4448381831536,1119.2360529803,97.550604541601,2313.86509861843,124.845996011386,413.731890766962,2.48145509877951,11.4995321128157,7.41438740579531,1.91737398936285,6.30729732054239,4.47769045166957,0.0130842554529682,0.0009962915111132,0.0005334048107445,10.6714097026618,43.3954846056916,15.0,3084.46884564328,120725.0,2,29.9665102548691,4.99366298808996,1130.22954568349,91.0343927463226,2346.61820679546,126.253694804639,418.992899923372,0.0395553417074875,9.18097668571094,7.38971495502874,1.1068610495835,5.97369110257809,4.64415784466703,0.2097259978338,0.0101419443573505,0.0056781943544236,12.9764361960451,43.8804749239949,15.0
7.854166666,30.0204359122474,16.2340632627153,1123.93858554179,99.9910901963403,2325.29317339447,125.399496896285,415.475341007733,2.41027273076223,11.4443592750951,7.80197523612016,1.99805119415745,6.40540094104062,4.49683506917539,0.0134595773708354,0.0010278547207934,0.0005505007731392,10.6943358391547,43.5884085145163,15.0,3100.26457166335,112590.0,2,30.0039390409845,5.16759609713879,1123.09501783017,92.0445478638672,2331.15271765132,125.337345177183,415.844633786165,0.0351130895736102,9.13219157039552,7.72924722907473,1.14481749432474,6.03614610872429,4.65769996092222,0.211276397820045,0.0102007223657039,0.0057004952712546,12.9995716768397,43.5626525436667,15.0
7.864583333,29.9943826954608,16.5862677063563,1131.60938197555,101.317677349655,2341.1414039526,126.197768422664,417.998843493658,2.37483309807556,11.4229581567371,7.92449855016965,2.03358247372298,6.49307076858788,4.49443395923936,0.0135483940107426,0.0010371994793075,0.0005552003172256,10.6844974693059,43.8663426421297,15.0,3121.5985633772,114015.0,2,29.9978530273978,5.28465927617333,1127.27711489207,93.4577291941977,2340.3678879971,125.7584754121,417.1417525185,0.0343228044500031,9.00745848032826,7.99846492948272,1.16164125132776,6.11470437883757,4.66922357556656,0.210940917806413,0.0101895559030401,0.0056845592821743,13.0781591547326,43.7096178377847,15.0
7.875,30.0106482394457,17.1232015950833,1135.24962997645,102.44385773415,2349.99797311916,126.621719360068,419.256757368679,2.35103291391552,11.4562538506315,8.21584924051616,2.08779346817901,6.53588174080559,4.49334647416896,0.0136995123591381,0.0010495914830868,0.0005613406402703,10.6904597287474,44.014022571386,15.0,3133.18797009742,108900.0,2,30.0066398438765,5.32927989825811,1131.83559270024,94.5831946696474,2350.69405992029,126.241079596969,418.629844896151,0.0320223608967966,8.89599972359283,8.25449301183914,1.17020136316868,6.17516078069069,4.68078189706419,0.211518662703122,0.0102123969419213,0.0056954605668802,13.1860299126935,43.8778190783141,15.0
7.885416666,30.0379165656737,17.6373782778656,1143.2107717001,102.825989224813,2370.12931450856,127.675924119404,422.582435807366,2.37647962331435,11.5695517245695,8.27774582058488,2.13857465786317,6.50155564473147,4.48318269805376,0.0131614221798963,0.0010090581202659,0.000538118596693,10.6980512847705,44.3806707633822,15.0,3158.10382959271,95335.0,2,30.025800677171,5.1613634400016,1136.91808536599,94.9524937096593,2363.57747790271,126.863872142556,420.598757714464,0.0285920056884077,8.72791340734125,8.47602875358266,1.14882391125228,6.17556804472598,4.69661465859116,0.212904086285823,0.0102655745198487,0.0057426264277265,13.4062254769539,44.0945371082776,15.0
7.895833333,29.9208981638658,17.8200459336022,1123.98024710506,101.186889793626,2322.44224270628,125.014801129251,413.632402429362,2.31224050766192,11.4985082959249,8.30669993396331,2.15554585058588,6.57316943938695,4.46708946191811,0.0142182027337101,0.0011000110237725,0.0005896919500962,10.662462208039,43.4555946958904,15.0,3097.28413339461,131055.0,2,29.9462149326769,5.81188894946495,1134.71828657621,95.0062988911222,2357.2634052915,126.480656591512,419.123773382267,0.0360677960944678,8.91647860066337,8.49697960558141,1.22902739835443,6.21811391007249,4.66189299735827,0.209106415967723,0.010122368209363,0.0056021901758991,13.2181194887554,43.9615517371635,15.0
7.90625,30.0243305468773,17.9764265141549,1114.14909038234,104.091943690188,2303.98981328319,123.920815633148,409.868408304265,2.17042267516456,11.395314449035,8.43623295714188,2.17524510570551,6.67247136955047,4.49812441382031,0.0171251587836039,0.0013059830810515,0.0007024346968723,10.7044590934792,43.0750365628436,15.0,3074.32133089198,120480.0,2,30.002528651648,5.93142850454677,1119.09002396149,96.094214463134,2322.91580786646,124.53169725035,412.484051432654,0.0310448107926486,8.92058828507411,8.6199710324924,1.26180352716885,6.29743510972043,4.67345457840347,0.210850763405787,0.0101884427181516,0.0056334395911268,13.172367896736,43.2842272817036,15.0
7.916666666,30.0095870772551,17.8099584603624,1129.78542523999,106.390045869817,2338.07692761848,125.683104680594,415.507450997824,2.10523725780765,11.3710499430235,8.57580150579911,2.16011931328993,6.78996786306645,4.49618923479219,0.0186111673139543,0.0014033104814745,0.0007542544150531,10.6976605638523,43.6872323592431,15.0,3119.34764007446,115355.0,2,30.0080340538863,5.81650513948406,1122.80767047434,97.9934352863837,2331.64570427969,124.909110050266,413.584521367834,0.0289273738475763,8.76172561758048,8.76566971876109,1.24174466192499,6.39230966756971,4.68940157502968,0.210919444986908,0.0101929122302245,0.0056457570926191,13.2656835901845,43.4152812846001,15.0
7.927083333,30.004863650026,17.535578746168,1135.27580804646,107.351899444963,2350.62226602102,126.28896548506,417.299389391397,2.08373364851442,11.411284730926,8.59882910284091,2.1333545017919,6.83611442533767,4.48839739039102,0.019174297967101,0.0014378287753125,0.0007718085544432,10.6954081049142,43.8973669569305,15.0,3135.55177150938,111940.0,2,30.0057806057102,5.67413240412132,1130.20362944363,99.3214823107683,2348.22964794316,125.724275938575,416.113495283369,0.0279312047804672,8.67417259710951,8.86615095202788,1.21645244699509,6.46079506693157,4.69498909880944,0.210925305837714,0.0101941011486765,0.0056579353259233,13.345961195856,43.6982872717716,15.0
7.9375,30.0765298379388,17.1981763775154,1148.19708963884,107.760425838675,2383.94468374543,128.054306464529,422.900017905101,2.13189509293792,11.5985741255698,8.47825421452819,2.09920209771607,6.75344918266068,4.47601318802722,0.0176532700051665,0.0013235213142862,0.0007069853207445,10.7158507781114,44.5106572644301,15.0,3176.52538564276,87415.0,2,30.0461848215136,5.10721652000948,1137.8957568607,99.4624756981519,2367.49457478761,126.686996931539,419.172390646731,0.0235467782735302,8.49772993787231,8.91833835493372,1.13690238891613,6.43683917064005,4.71317193223061,0.213112931328697,0.0102769513720369,0.0057553867500479,13.6083248460933,44.0324583080912,15.0
7.947916666,29.906081572921,16.6247232327187,1133.6535401748,104.937700492377,2345.01970338411,125.868784315605,415.505544386876,2.12571156059785,11.5499428274494,8.35704971302451,2.03916366267209,6.79658043047047,4.44531075810484,0.0177821031609717,0.0013477474005442,0.0007230158040578,10.6601159386959,43.7504620013608,15.0,3126.55180106635,129070.0,2,29.9419620149523,5.58299250308145,1140.05937217988,98.8687805219822,2370.81007049729,126.846707741896,419.44422068953,0.0329757483104498,8.80378549414371,8.71949931386288,1.18136450350776,6.4392377362009,4.65969176175585,0.208720238653213,0.010109800002112,0.0056130506033241,13.3430615668405,44.0875124526259,15.0
7.958333333,30.0322645884301,16.2828214194457,1115.84730646202,107.007479893757,2310.73199543183,123.915775434004,408.92358611012,2.04202504483997,11.4352208985181,8.38592691077434,2.00875054043496,6.82810249231084,4.48140359822084,0.020418669056171,0.0015295481065997,0.0008232107604736,10.7103274610634,43.0710107391476,15.0,3082.12286555316,116240.0,2,30.0055801794229,5.51840643512781,1124.34573718175,99.2128516441284,2336.27482753163,124.904639994869,412.814321836929,0.0291282647291721,8.92524953490491,8.67758464278887,1.18902065973061,6.47659676142928,4.6601467003826,0.211052294016243,0.0101962180170927,0.0056707109956482,13.2071728854185,43.4120091309043,15.0
7.96875,29.9883389706432,15.5218573754721,1129.44793815073,108.635733808624,2338.6030843209,125.324063954234,413.400427933256,1.99212293823327,11.3545094599223,8.16034212253858,1.93378327656126,6.95376841563823,4.48056703874261,0.0217031926596813,0.001615259508909,0.0008702093484638,10.6933367061931,43.5599487029769,15.0,3119.22839765303,120490.0,2,29.9940237079466,5.4166090466701,1124.76869766851,100.540942561599,2337.24880255915,124.875464485506,412.550638278642,0.0297484479339339,8.8884234537564,8.56052780416453,1.16532681235344,6.54992684956517,4.66217649224932,0.210096469019572,0.0101611193613338,0.0056575647507376,13.1545937783966,43.4013859032176,15.0
7.979166666,30.0187483476643,15.0581171698807,1135.48251833058,110.101798489517,2353.43550935352,126.044082483536,415.580550793696,1.97421753553132,11.3705221500403,7.93872196358696,1.88898579013645,6.99905054762498,4.4834441721843,0.0220101116184653,0.0016306889625797,0.0008776354329564,10.7026843419112,43.8097084489464,15.0,3138.34062592485,112010.0,2,30.0112065945029,5.19283961754016,1130.76827261282,101.82652844824,2350.47405289887,125.506648468237,414.470626028297,0.0279193562190124,8.83703554029089,8.38795352384634,1.13000728623127,6.61810057008415,4.66977203090907,0.210768401441441,0.0101867942564431,0.0056916571578299,13.1728541182433,43.6202616180365,15.0
7.989583333,30.0321210775079,14.6686862157542,1143.6543323133,110.263539091884,2373.97600370271,127.097992735902,418.840004674379,2.00914479803322,11.4917220057818,7.68779193856491,1.84988572986358,6.9562818208577,4.46954384403681,0.0202518011028131,0.001504510602921,0.0008070694269862,10.7030948350793,44.1757558701195,15.0,3163.50572129123,99810.0,2,30.0239276991963,4.87845553086117,1136.99581952683,102.150389032315,2365.71237576745,126.256355327108,416.799838328412,0.0261012122797147,8.75592550248995,8.2010484644584,1.07888681544861,6.61200289939887,4.67617748274792,0.211727104389125,0.0102230038963055,0.0057404836566772,13.2961336354866,43.8803862301072,15.0
8.0,30.0231035372554,13.8820579468572,1151.50051723915,108.8222483951,2393.23745409065,128.100645326161,421.940378182176,2.09511160062211,11.6636808748343,7.42151262019302,1.7693151529351,6.84869123707462,4.44404532740507,0.0173428665286932,0.0013010892997857,0.0006952908406287,10.6954607192597,44.5242183275995,15.0,3186.09409617063,91815.0,2,30.0226050920759,4.53437792476777,1144.02795392363,101.294819768295,2383.05403980622,127.141941261219,419.582565727226,0.0259776217820611,8.73935430823765,7.98669660588764,1.02028475305962,6.54123400535988,4.67090663613381,0.212267860524082,0.0102426071694273,0.0057820906073555,13.4208731009156,44.1878402800628,15.0
8.010416666,29.9966692807352,13.4593836792208,1154.07785184715,106.543531907663,2399.61309163923,128.405261968261,422.790517717449,2.20260474339478,11.7860926094808,7.2403490865027,1.72441052341605,6.73359617270537,4.42083928033859,0.0148314333940776,0.0011279653452553,0.0006016699613498,10.6838507428972,44.6302134044906,15.0,3192.04535136319,93090.0,2,30.0060175762009,4.37016436579577,1149.68626678749,99.6769643885144,2396.73958603659,127.851455369474,421.772658081327,0.0281816642810116,8.85985437992718,7.75283959698767,0.988093697122253,6.44306317810455,4.64901084728135,0.212216373118605,0.010238705916605,0.0057934922993316,13.4295884774457,44.4342183497326,15.0
8.020833333,29.9965350167823,13.4531890151912,1148.41564558107,104.439350461494,2388.56232742584,127.762699720371,420.580513402727,2.29465449942281,11.8255835222814,7.2947951961542,1.7216979113966,6.6208049219352,4.41299963662502,0.0132899944862303,0.0010223585224747,0.0005453028526388,10.6833663428677,44.4071279816348,15.0,3175.62574842986,95230.0,2,29.9995015096335,4.33019776620949,1150.79363723579,97.8883375660187,2400.16402524392,128.006457945109,422.14247441724,0.0302406462035685,9.02715526321553,7.61578469024881,0.982972586267783,6.34387775521662,4.62596194179094,0.212496642990266,0.0102468542289903,0.0058013405989816,13.364347591682,44.4880288957016,15.0
8.03125,29.9510237514467,13.5201629827736,1131.22167281435,102.767627743136,2348.77601840071,125.545625975406,413.236661609033,2.29213536625918,11.6896069428243,7.41685467280801,1.72707617719342,6.61196512502466,4.41876528396986,0.013403735765637,0.0010396952406992,0.0005569810995176,10.6713882089116,43.6368495898437,15.0,3123.88834209936,117165.0,2,29.9636782012056,4.61046011947217,1142.58599740064,96.5542104536195,2381.82908959487,126.985509864419,418.616001248341,0.0363621255305343,9.28592391670453,7.56892222493874,1.02759504962559,6.29455033576747,4.59376862840404,0.210093286162399,0.0101546619745638,0.0057182727237787,13.0973629445861,44.1333842381183,15.0
8.041666666,30.0215642799391,14.0387580720517,1123.77096110049,103.82609289193,2335.18386723289,124.743046141972,410.538162411284,2.23628578975781,11.5677639433121,7.78568562723815,1.7804313620787,6.62370305704468,4.44681340855309,0.01423683533416,0.0010983475329594,0.000589383171132,10.6978932663243,43.3583189454173,15.0,3106.06533654299,110055.0,2,30.0039248091287,4.71818051741169,1130.30416059119,96.3713601542756,2355.56768454461,125.501954194613,413.624751989921,0.0331658004879119,9.29874512891035,7.76389309137474,1.05472770694054,6.28967677805302,4.60261149548067,0.211465681067992,0.010206191283566,0.0057412256915935,13.0046321611901,43.6181675774213,15.0
8.052083333,29.9839448541047,14.6790963583414,1135.62166838328,104.769533287155,2359.00671279903,125.952933799371,414.42461197125,2.19828123392535,11.4907323715224,8.20647575490178,1.84476214756281,6.71649779034018,4.44984486518162,0.0147942586712364,0.0011381598441497,0.0006112313983448,10.6839711579363,43.7793080703304,15.0,3137.66607623281,116550.0,2,29.9908302488424,4.94143259371129,1130.96174044314,97.0375360151761,2357.12304405277,125.508383595565,413.551966328612,0.0335125735187619,9.2070047467605,8.09607837287638,1.08725272915028,6.33223793354692,4.61155196284983,0.210655042258209,0.0101770207097689,0.0057046637179605,12.9901304008375,43.6209124150072,15.0
8.0625,29.9994596394221,15.5499436053423,1138.06877506216,105.87327714564,2364.30313401738,126.170038094551,415.014110547257,2.15124352183907,11.4704007000435,8.82493638986072,1.93334261428351,6.77672934289864,4.45745656325126,0.0157416409019418,0.001204867070822,0.0006473349669835,10.690389291464,43.8551219544118,15.0,3144.96334261605,115790.0,2,29.9975262188813,5.15078646427768,1135.69568819415,98.0808919568842,2367.09060487223,125.958002094933,414.919900774657,0.0315344119035158,9.10180048445939,8.59506312004654,1.12380365838646,6.40212789565114,4.62538096826918,0.211056379858044,0.0101933413501407,0.0056978462927706,13.0351980082688,43.777687214727,15.0
8.072916666,30.1507823595633,15.6909329528968,1158.80585176795,106.749890911972,2417.22239803015,128.997509189143,424.142139063869,2.22365322180093,11.707167244638,8.78995837489201,1.94818226375752,6.65478500976969,4.45763941793812,0.0145850857310855,0.0011096098291053,0.0005922314240041,10.7380238272969,44.8382711215842,15.0,3210.56704506351,75610.0,2,30.0758156572498,4.54250658441856,1143.57576672583,98.0251495490264,2387.58818794719,126.965949314929,418.211641307974,0.0227086042655313,8.74594397511912,8.98530050741072,1.04690550177808,6.35654300500932,4.67051522218593,0.215561166588296,0.0103636521198928,0.0058567427083999,13.4662075642618,44.1282388868293,15.0
8.083333333,29.9940032665603,15.0456188140338,1170.19793211247,102.42688564108,2442.51517898554,130.366585105794,428.49265429253,2.41129274018292,11.9376580501951,8.36210547736938,1.87748428195508,6.4428049973071,4.39627567983112,0.0120772832458896,0.0009310001433848,0.0004950108209939,10.6770952036065,45.3144385329466,15.0,3239.48525600277,76595.0,2,30.0312705673424,4.22354857649397,1155.30506466682,95.8906559102675,2416.3656606913,128.481717363951,423.179830839049,0.0255963542356985,8.56650785021844,8.96586840263624,0.975531806783214,6.20692644745249,4.67088180454353,0.21435221341903,0.0103197843025103,0.0058582240688154,13.7773120278008,44.6550528319821,15.0
8.09375,29.9999860984789,14.569480319606,1162.26592448787,98.2713445912567,2427.17593844719,129.546432831906,425.705079822948,2.56950976979905,12.1323383610697,8.18825341328589,1.82561798724808,6.21429985029897,4.37040691639228,0.0108157344836251,0.0008432682637449,0.0004478651960422,10.6788419959428,45.0294295975277,15.0,3215.99561233403,76710.0,2,30.013347197938,4.04955542603085,1161.14350142233,92.8641125574807,2430.93267728718,129.269597749281,425.695333852204,0.0279011033803617,8.70858292525056,8.77940828973859,0.946493482468723,6.0334988965209,4.64485004662553,0.214853040941234,0.0103358837677579,0.0058833821023888,13.8307307827627,44.9287586092262,15.0
8.104166666,30.0155700750137,13.6259630633345,1157.74394102949,94.7974222854038,2419.5893799494,129.144529886808,424.331457083753,2.68606170608888,12.2633954826273,7.71594243488767,1.72714424755183,6.01105792658708,4.35278375430473,0.0100551172015321,0.000789520066914,0.0004188785511714,10.6834103590661,44.8896930581497,15.0,3202.87231746975,73755.0,2,30.0135662617205,3.79744709117945,1160.25465514581,89.5750490689342,2430.74410120442,129.277616601047,425.658349608212,0.0292237327168279,8.90715068742736,8.50410228565524,0.907908099990763,5.84628559558821,4.61781807174076,0.216090374542031,0.0103785202715151,0.0059328751440744,13.8131462392892,44.9312993350916,15.0
8.114583333,30.0162900727864,13.4762687043705,1155.29285779705,91.4740625301873,2416.30471181134,128.983107752885,423.777826569985,2.79309825930392,12.3542942016038,7.71508171802092,1.70773724973606,5.81970525927627,4.33629063885698,0.009393459230585,0.0007413220298538,0.0003927984640626,10.6818173256065,44.8335136545125,15.0,3195.49956008697,71435.0,2,30.0143357537626,3.63787399855777,1158.12509453163,86.3533950074337,2427.79251023456,129.145896774643,425.190796914167,0.0303057357201311,9.08313294190022,8.2585929344407,0.879038449635996,5.66217903271674,4.59326339122777,0.217264565831841,0.0104191816489242,0.0059731491981888,13.7801345611239,44.8852175230211,15.0
8.125,30.050551106954,11.7800655620048,1158.52992055228,88.6670798634312,2425.93495352028,129.527490095638,425.577645075922,2.94296465492854,12.4639965863774,7.13292586827531,1.53364989807209,5.63673754165313,4.3241554655739,0.0085401546670244,0.0006755024748903,0.0003570498006304,10.6909817110478,45.0227225679227,15.0,3204.94485875661,62390.0,2,30.030819897524,3.25969393343824,1157.55214894536,83.2651310009856,2428.25591827961,129.203338767836,425.399449225024,0.029832303275288,9.17464075824199,8.00389329874516,0.816079520341483,5.48434992386119,4.57973435489981,0.21909949919814,0.0104845007216505,0.0060516380256782,13.8150300549813,44.904819163182,15.0
8.135416666,30.0097615582,11.8617721127369,1156.88677008432,84.5754973883938,2423.87457219883,129.457168789587,425.406116384927,3.12079203608577,12.5329667888135,6.61785792793322,1.53611603856352,5.41636007126258,4.30333956923951,0.007701467333348,0.0006103822967732,0.0003219373757112,10.6741084928907,44.9983515072521,15.0,3198.89885726498,62385.0,2,30.0208028997268,3.12370938958115,1157.5535363036,80.0215685638226,2429.68780031509,129.332568742357,425.877316526195,0.0325153819721674,9.28863000675386,7.59488034685387,0.781370517059369,5.30048512610712,4.55915648961494,0.219662694741131,0.0105030387562153,0.0060766983089609,13.804157845441,44.9493462825021,15.0
8.145833333,30.0395730719662,10.9810426495955,1158.225062205,80.9211421084232,2428.63844861301,129.759885635218,426.504664029999,3.30194359953441,12.6107617272311,5.99938689022071,1.44311381056419,5.20500473506007,4.29616910623933,0.0070245079294009,0.0005559760104199,0.0002926157128818,10.6830053473347,45.1037127903554,15.0,3201.8646865365,56735.0,2,30.0286208729935,2.89934643438114,1157.58906889062,76.6852699559985,2431.0940535014,129.463498603948,426.39384938608,0.0328158688808454,9.38520444442646,7.12632664028847,0.745129937528017,5.11478764712028,4.54428723407147,0.221048779117,0.0105521321205782,0.0061310941064461,13.8102492318564,44.9945349563821,15.0
8.15625,30.0194615286823,10.2045246453157,1157.61184277768,77.1197831735615,2428.46619082233,129.803678092831,426.80145118967,3.4808985962104,12.6509611752426,5.47139110496978,1.35991616338595,4.99761385367099,4.2850239591916,0.0064489242045358,0.0005082389987423,0.0002669485214979,10.6742427491462,45.1191680066482,15.0,3198.69158554704,55185.0,2,30.0244732698837,2.7051290255316,1157.69360131985,73.3299458815529,2432.32962592239,129.599449358373,426.967909674896,0.0351902391139103,9.48545314927353,6.62155281295373,0.706286903157493,4.92969621984716,4.52840803840443,0.221615450455796,0.010571121491071,0.0061633052844602,13.7935976134702,45.0415244917621,15.0
8.166666666,30.0273632515341,9.78084182765125,1157.48065274816,73.5986238532506,2429.19076702681,129.90080360667,427.315867042119,3.64199224497499,12.6790568943054,5.1699759180327,1.312449910827,4.80286284471055,4.28176545998571,0.0060173375798091,0.0004713235485159,0.0002471135559506,10.6758570500292,45.1532299411158,15.0,3196.97995816359,52365.0,2,30.0254371977923,2.54877989329081,1157.63350001506,70.0833843528811,2432.91158006327,129.70861386276,427.487049265172,0.0363622418280578,9.59308502296334,6.16355159398942,0.675834301142338,4.75180987725198,4.51407438909511,0.222388059107108,0.0105980437724863,0.0061972928177898,13.7587198622742,45.0793068938828,15.0
8.177083333,30.0262066938006,9.40166114514867,1157.31640236015,70.2086338627454,2429.52620795424,129.982455036352,427.821609869361,3.78577299990621,12.6840652399642,4.90180341780633,1.26946511583275,4.61722791163843,4.28051520533866,0.005673995032917,0.0004410034038802,0.000230828354172,10.6742914565783,45.1819811343055,15.0,3195.02796766287,50000.0,2,30.0254480519781,2.41126924644166,1157.52480204407,66.981018386817,2433.15984862287,129.804146434911,428.000898255282,0.0374362623024607,9.67300085188536,5.78882512859287,0.64934508699226,4.58281021089658,4.50353088080011,0.223020159027193,0.0106201711553824,0.006226524781134,13.7336269179683,45.1124576960082,15.0
8.1875,29.9820606238528,8.85509574454695,1150.37994110488,67.2328558562799,2414.39884576247,129.23561309336,425.618943387447,3.87389225066893,12.6309826038022,4.50322903497472,1.20984157628069,4.46663743191402,4.27849954615414,0.0054644932300331,0.0004232268114799,0.0002212356707251,10.6585531323657,44.9227560528835,15.0,3173.84171644299,56290.0,2,30.0056924542864,2.34227305661357,1155.77817370862,64.1422397912181,2429.51526495545,129.702863456415,427.865769845984,0.0443365943182646,9.84231447343731,5.38527134984708,0.638378835596295,4.42594330010112,4.48338408910099,0.22153843718934,0.0105648565223048,0.0061965765602526,13.5864332495715,45.0773692716933,15.0
8.197916666,30.0361260732314,8.92704206108285,1146.17094407489,64.9007869817684,2405.94350495876,128.854427031829,424.63509374016,3.94673363215907,12.5911009633542,4.53900962613186,1.21368409677449,4.32846918894088,4.29443937751313,0.0053045334208883,0.000410036677774,0.0002140991049113,10.677540393139,44.7906311428221,15.0,3161.47154094767,52180.0,2,30.0181348250092,2.26382920983052,1152.52537994255,61.6753771398312,2422.52513650838,129.421376234509,427.154861340499,0.0430816938173486,9.99146801340811,5.07539750475087,0.626964952546752,4.28765767045561,4.47271302510124,0.222186897080454,0.0105882233647703,0.006220672109994,13.4515376487759,44.97978515121,15.0
8.208333333,29.999064369067,8.97867363651531,1146.39200763306,62.8362903294205,2405.90847738735,128.928267513732,425.175421382203,4.00814107705812,12.4998642812765,4.55495872516398,1.21481834269019,4.2237995183093,4.29980774449577,0.0051311192732488,0.000395473191729,0.0002062579582337,10.6637334474983,44.81669727274,15.0,3160.54287113888,54880.0,2,30.0099702286657,2.23367364214689,1149.48214029075,59.5041468570066,2415.88115177138,129.157022609542,426.529881972153,0.0467259431914201,10.0711487757848,4.90420796381621,0.622700066929484,4.16559752418532,4.46599887470653,0.221566744320758,0.0105652021769398,0.0062083105649967,13.345447363938,44.888227093042,15.0
8.21875,30.0062738015953,8.90738471434294,1145.97365644905,61.2421054899989,2404.48482513837,128.931600725509,425.494954335836,4.05538273018252,12.405403319307,4.55281820845963,1.20459982900638,4.13961355003628,4.3149325340713,0.004994615996094,0.0003850020164212,0.0002005944734412,10.6661717890178,44.8182444161789,15.0,3158.20903991621,56250.0,2,30.0082964340105,2.20138305602504,1148.40041252306,57.7492691404293,2413.16427937628,129.104775769861,426.612790722567,0.0491810473474858,10.1518141221029,4.79556606753327,0.621481168576962,4.06741464965209,4.46211665740367,0.220955347988414,0.0105426773545527,0.0061966252631915,13.2176855310331,44.8704503776548,15.0
8.229166666,30.0007721134802,8.96736970424124,1141.12002627185,59.8699179824858,2393.48143778426,128.424052674189,424.135863740509,4.08826379940407,12.2932906602123,4.5255780219899,1.20778759226018,4.06499679645411,4.3306231124973,0.0048672410461284,0.0003759461047334,0.0001956802503732,10.6641692631574,44.6421857626032,15.0,3143.75511316193,58700.0,2,30.0049589738728,2.19244329960921,1146.0317117132,56.2952589167603,2407.56399140061,128.89936111127,426.20159748264,0.0522766849484103,10.2143397860777,4.71484002475922,0.623157268520342,3.98412596041906,4.46119031317623,0.220096088067187,0.0105112320118856,0.0061764698132399,13.0837987359815,44.7994528878184,15.0
8.239583333,30.0168630889802,8.89007171143758,1142.29282791435,58.8931984726941,2395.34132237396,128.613025477607,425.083858925511,4.12138479698846,12.1928288167457,4.50770212377704,1.19774207508202,4.00961836167679,4.35003751613538,0.0047363104165177,0.0003665951508628,0.0001905851993848,10.6695841023978,44.7082356403161,15.0,3146.19935160333,57810.0,2,30.0104073359334,2.15830708751853,1143.94235439699,55.1189926425202,2402.47153550188,128.720907748733,425.896922442725,0.0525914976640009,10.2326282473826,4.65786560117777,0.619867467136215,3.91606768367672,4.4670417163215,0.219968270260323,0.0105067062701307,0.0061772212163853,12.9850753300273,44.7378107731393,15.0
8.25,29.9982514768851,8.88277438421756,1142.88283470726,58.0836571680934,2395.50292349501,128.714124246406,425.744736656017,4.14723299065007,12.087484768872,4.48135244374655,1.19455974956627,3.96978740983589,4.36417776588268,0.004599884367443,0.0003570713878335,0.0001853999202203,10.6627264488376,44.7437290049163,15.0,3146.75400395828,60620.0,2,30.0049061118907,2.15357469886206,1143.47434148855,54.2044248560494,2400.64411254679,128.721356934527,426.194353854032,0.0558726163841346,10.2345951417952,4.60637896334717,0.61994930457673,3.86347439029821,4.47328951602326,0.218965597415906,0.0104703596219598,0.0061534876115034,12.8897053241638,44.7383483839651,15.0
8.260416666,30.0003749415388,8.88000210490885,1139.02147988498,57.4903493765335,2386.25737200142,128.312538199797,424.734518383245,4.16457461677197,11.9975967416179,4.45206419065907,1.19235723698808,3.93605003122088,4.38118550417063,0.0044745700957115,0.0003493403528883,0.0001811541367155,10.6635112214592,44.604455772403,15.0,3135.31553521379,62890.0,2,30.0028396955807,2.15888465742172,1142.26039629523,53.5297792473806,2397.09984752983,128.631513837507,426.191196632026,0.0585329861877853,10.2467247566913,4.5538261178354,0.623893159259796,3.82315123228954,4.48017056455669,0.217880973188727,0.0104311138142693,0.0061268708232109,12.784030587712,44.7075196182754,15.0
8.270833333,30.0397202313124,8.84168005045301,1142.66012740086,56.9748116595805,2393.49026649312,128.805645328998,426.690278505449,4.20223132484778,11.951689445053,4.43871621382504,1.18698579237692,3.89746316322073,4.40062399984878,0.0043203433528837,0.0003376492763566,0.0001747505637517,10.6768292413932,44.7762053652534,15.0,3145.04800106495,56995.0,2,30.0193816028246,2.10260560223646,1141.47102232068,52.9268675236443,2394.54591739298,128.593963128513,426.381610211723,0.0541311396101605,10.1969623963559,4.52835892174457,0.613579312270979,3.78725067931285,4.49587521686172,0.219078383532229,0.010475314796961,0.0061628213155929,12.7654821421528,44.6947885722145,15.0
8.28125,30.0078224468492,8.78510680052794,1144.53538212782,56.1688775527702,2396.39053199286,129.067827108265,427.89297558002,4.24528510964827,11.9050210073259,4.37224612001907,1.1789410895764,3.85456775397376,4.40659625807539,0.0041422403967321,0.0003230852428111,0.0001668640108218,10.6647922461203,44.8677026384735,15.0,3149.19247275016,57240.0,2,30.0144592187361,2.07244755679679,1142.7099708545,52.2989566823173,2396.23253184842,128.789636731603,427.362454473115,0.0553128037048678,10.1234184800482,4.49703074939108,0.604289123853995,3.75218417579292,4.50919205929045,0.219008823281721,0.0104732259980303,0.0061648185446483,12.7782802669882,44.7630730965617,15.0
8.291666666,29.9932051018738,8.75933093781405,1140.15702450728,55.4988848669065,2385.81749356203,128.603470418265,426.680537467526,4.27475114923898,11.8691061923562,4.33235144545076,1.17434392654638,3.81873570182878,4.41475142708857,0.0039914982839791,0.0003123920232042,0.0001610524937826,10.6595598201393,44.7066215026211,15.0,3136.09802424347,60450.0,2,30.0047036963401,2.07852907166345,1142.48203467004,51.7239021440775,2394.65333251244,128.814505044189,427.765921759785,0.0591263730656362,10.1145814964119,4.44141784210478,0.606274452059336,3.71858928214287,4.51595114581536,0.217708273430303,0.0104262599774464,0.0061328919472898,12.7365923320506,44.7720367355842,15.0
8.302083333,30.0002815858352,8.81362468093418,1134.55559339781,55.1241910460807,2372.76165409712,128.005919342835,425.013706931143,4.29343034370098,11.840650618578,4.31747886604827,1.17827703960438,3.79462143425151,4.42613261273558,0.0038543031879691,0.0003037275754516,0.0001562957473299,10.6621192786911,44.4992065556368,15.0,3119.97020352797,62145.0,2,30.002620656067,2.09215854422286,1139.91520791469,51.2797017549041,2388.05566033688,128.569490580661,427.26065725141,0.0613233035258437,10.1440137560282,4.38850281411721,0.611659813208179,3.68991726901767,4.52097588490203,0.216762852116319,0.0103920401923738,0.0061087107350808,12.6680865102235,44.6872364034992,15.0
8.3125,30.0312228678902,8.86469638436431,1137.68356061068,54.8718165944912,2378.57547861005,128.431860758181,426.749218109426,4.32757588557222,11.8326166776459,4.32934117582642,1.18217256263476,3.77296851086279,4.43948333056209,0.0036959704555551,0.0002917556413209,0.0001497465070926,10.672554466047,44.6475855126495,15.0,3128.21964014661,57500.0,2,30.0154434840585,2.05967503616487,1137.97123402623,50.8929970450832,2382.87842760614,128.3983460644,427.011165173795,0.0575773317588533,10.1275233710075,4.36997877492865,0.606113202567509,3.66515843432551,4.53233274428992,0.217842906027278,0.0104317241889366,0.0061389087677271,12.6634222079624,44.6280580535305,15.0
8.322916666,30.0024988482346,8.91152280760559,1139.30077150079,54.4349899061983,2380.67689588045,128.657434064147,427.829021136027,4.36354765818862,11.810039190612,4.37216212650163,1.18499417828728,3.75167145026831,4.44277229187136,0.0035248550716777,0.0002780831194118,0.0001423490997135,10.6617742657844,44.7263191585739,15.0,3131.71907373464,58585.0,2,30.0096372176802,2.05472814293242,1138.52521603539,50.5280081057819,2382.93289219679,128.512165654122,427.717921029492,0.0592489294027101,10.0939293191534,4.37257000573941,0.60320663236592,3.64409218212913,4.5411363413893,0.217757535334277,0.0104286925018147,0.0061372735481525,12.6733933736699,44.6678926299265,15.0
8.333333333,30.0067055092209,8.96095952521289,1136.97807967379,54.0317662936407,2374.5757782623,128.439513561135,427.433750453832,4.39664235872587,11.7990433496879,4.44410110756481,1.18847814503785,3.72691021996041,4.4509416577036,0.0033715494852213,0.0002666831425729,0.0001361577495614,10.6630017309482,44.6508710737176,15.0,3124.58231948881,58755.0,2,30.0083510567915,2.05333514988767,1138.32613282947,50.1857939767273,2381.33910778588,128.538335042178,428.129555671127,0.0599884578155626,10.0866784486082,4.39626980249911,0.604123751190259,3.62376743526862,4.5481693832064,0.217667220877203,0.010425344042577,0.0061350586430885,12.6653733868015,44.6772455797981,15.0
8.34375,30.0138696666395,9.09589324633006,1136.4250693091,53.6642281224813,2372.29526686096,128.429644918635,427.733239451985,4.43010247661567,11.7912865676281,4.50294972467594,1.20058015101062,3.70328571479195,4.45907874425162,0.0032199825284183,0.0002551357915,0.0001298692539274,10.6651858486377,44.6477443728851,15.0,3122.39639477703,57445.0,2,30.0109557769334,2.04730222066558,1137.50850572858,49.8424318413291,2378.45886499961,128.494437483633,428.312217892916,0.0591538391795205,10.071928361909,4.43962743694363,0.603510095425365,3.6031276676351,4.55628353987844,0.218188528112378,0.010444163419657,0.0061481153936708,12.6706789872579,44.6622022587265,15.0
8.354166666,29.9779219621571,9.19176203964516,1130.70882109266,53.4924481649097,2358.44374467436,127.789292889895,425.921543001217,4.44316177758473,11.7579443345076,4.57670050706349,1.20857408595807,3.70025717071495,4.46160291950148,0.0030885078568831,0.0002467739641845,0.0001253107063564,10.6524094430638,44.4254052832784,15.0,3105.58594132974,64295.0,2,29.9943862941335,2.10359734891611,1135.62118324511,49.6240921695312,2373.17798076492,128.322825706257,428.05288499169,0.0661554267945997,10.1062310216266,4.47822196465171,0.616539760636084,3.58809520242244,4.55662579825344,0.216535632186326,0.0103834772180472,0.0061009362577273,12.6126633974583,44.6028054241469,15.0
8.364583333,30.0214613668514,9.50327400507718,1125.67917173485,53.5523069672684,2346.87118053156,127.275094733183,424.516124781834,4.45969771604348,11.7523121647111,4.67819532600418,1.23912479631844,3.69236470169352,4.4761301930743,0.0029697079643789,0.0002395950555673,0.0001213008494911,10.6678199859814,44.2468850661961,15.0,3091.60557286117,61750.0,2,30.0062409666707,2.12634693929251,1131.8881006348,49.5406570401906,2364.08512991888,127.939575983023,427.078424719779,0.0634694027864665,10.1357735503301,4.54306822379105,0.625663207647475,3.57866826847568,4.56262903898153,0.217216745293065,0.0104079257411965,0.0061146668128874,12.5728124005567,44.4698203633088,15.0
8.375,27.5516760845542,6.61032125267516,1099.31273826821,44.8662984606987,2292.30238181262,124.485972541958,415.450048591675,4.36521789540607,11.6288150381045,3.2404949496625,0.948669969433932,3.25358745430882,4.47133929228534,0.0029968761714021,0.0002544596380179,0.000129337308962,10.624835755144,43.2773735102688,15.0,3014.77110988907,100925.0,2,29.1210099841192,2.04133652560204,1119.41713621259,46.9490225634744,2337.02667087422,126.641715373555,422.945750874104,0.114832079889577,10.4631477386867,4.02305152508774,0.624946018714364,3.4267234017942,4.52935028649919,0.20229740101606,0.0098651422409368,0.0057631557867675,12.1637248756192,44.0193090833323,15.0
8.385416666,27.1929693179258,7.25354848162795,1054.32230526638,44.0152721581637,2196.83567194344,119.4160793955,398.638782324368,4.07777697619403,11.4705891910027,3.54086734415029,1.01561466742284,3.19899091929866,4.50290299708996,0.0035171248158012,0.0003279220689525,0.0001695659598013,10.6359098284525,41.5148086873761,15.0,2891.05718983142,140100.0,2,27.8382612583293,2.26557823695849,1084.75019946972,43.5442969290498,2263.46225781098,122.850883391606,410.328509270685,0.162610780101556,10.9686198421203,3.3939437274075,0.669688216366925,3.21995786250542,4.49775746131204,0.176821527505073,0.0089016346949856,0.0051255261675545,11.5389049513769,42.7033394239805,15.0
8.395833333,27.5310832353729,9.82561493749614,1059.64080959367,49.2317400768256,2203.42613913324,119.855254212741,400.15072741467,3.73478315531836,11.3012946799361,4.7480532683825,1.27674524217049,3.5327372892081,4.54177625500009,0.0044223181586424,0.0004294276109322,0.0002267114613296,10.6239288777157,41.6679430688156,15.0,2905.47946012497,179275.0,2,27.511943387543,3.15184889208104,1058.89806416513,45.1994507915573,2207.0646069147,119.881825982424,400.403091398841,0.16411846302365,11.0102314537071,3.93354956969647,0.828715659656779,3.31382752479381,4.51657757462572,0.172873862852809,0.0087214222575841,0.0049371897281935,11.2427255833468,41.6726244585874,15.0
8.40625,26.4713981906476,9.42268266009951,1050.64761301912,50.1543407136988,2183.79081419638,118.892270522497,396.923620366113,3.43063688591421,11.2005401883222,4.65449879185129,1.24403236286305,3.58391656416639,4.584961321813,0.0060840671494035,0.0005846306037011,0.0003120482350123,10.5956030474231,41.3346310075061,15.0,2881.30746736899,218450.0,2,26.9168835146141,3.54940282597669,1057.11039189319,47.9279692525337,2201.41599462809,119.652107579809,399.607576641409,0.172837389808515,10.8742633343358,4.38641101771002,0.907671503276115,3.47908412953623,4.56281833775541,0.170887144043386,0.0086359207949159,0.0048516518366478,11.1411504562964,41.5940190732964,15.0
8.416666666,26.0334771259321,11.2591726254222,1037.15037719815,53.8964081405481,2153.26304613647,117.292624074608,391.443485600113,3.15848567601461,11.1882283442498,5.5744363303627,1.43862496079103,3.79166594662365,4.62736931516942,0.0088107978160221,0.000799341651149,0.0004265804241528,10.5902512740824,40.7800780040022,15.0,2845.36951436542,223745.0,2,26.2537306947545,4.27074519913512,1042.03607628257,50.6916660842705,2168.33022474056,117.906443606322,393.685093132325,0.140466470534985,10.7381710827366,5.01709611922149,1.01145384620304,3.6301213618635,4.61824601000517,0.177729051147183,0.0088979524503226,0.0049609528863916,11.1606736045145,40.9888933836991,15.0
8.427083333,25.6770194953887,12.9897940862175,1031.90223069276,58.6198054204388,2138.81461454465,116.534229041593,388.711843224469,2.94840513232834,11.1357369124179,6.42971525731681,1.62338089055921,4.08359700906516,4.66173495516955,0.0122832758653006,0.0010598516084133,0.000565492231782,10.5824206305994,40.5177554561352,15.0,2831.32535878503,236245.0,2,25.8255152441053,5.17419106772098,1034.39269860856,54.9047815862167,2149.93946220891,116.909488129499,390.185137265187,0.119191759044333,10.53564643677,5.91827557920201,1.14519241308467,3.88293124132782,4.6680294389641,0.184673068204746,0.0091706514677517,0.0050633256975013,11.2662918216304,40.6438458182924,15.0
8.4375,25.3650259171424,14.5679744249829,1026.01645917176,64.1012825944684,2122.61334301609,115.626560191265,385.447990181338,2.71524767609645,10.9913368733841,7.34854020643434,1.79803102894799,4.42919251194942,4.70592943192424,0.0182532482132685,0.0014961721430591,0.0008005294403131,10.5854853501717,40.2031554134718,15.0,2815.5065929263,247520.0,2,25.4851001779642,6.13711089637059,1028.241135407,59.9887967296751,2133.9054913973,115.996899784088,386.921785121045,0.100668516568056,10.2673384288656,6.87233144244911,1.27951834148016,4.19999917829168,4.72447218807305,0.189756953556892,0.0093720384352794,0.00512013955398,11.387890119779,40.3279741489635,15.0
8.447916666,25.1120388940722,15.645962118715,1022.06501111382,70.583811420314,2109.36651957051,114.811591450367,382.466341642644,2.47368232630013,10.7469417020225,8.20142813941548,1.92765188263965,4.85425171403555,4.75854210666027,0.0283209991430521,0.0021802553586977,0.001169089184058,10.5915211870473,39.9200078248621,15.0,2804.40996226689,259340.0,2,25.2051180421352,7.01481972987803,1023.56479797902,66.0237073755468,2119.88413858655,115.139759302008,383.808599929621,0.0866029413279555,9.92579631282754,7.80741523773017,1.39530616855885,4.58975814661633,4.78733391419647,0.193407550082933,0.0095187942945833,0.005151856190841,11.49930651226,40.0308193606722,15.0
8.458333333,24.8149870917878,15.6504260870293,1021.17330619211,77.4588305635828,2103.49841441452,114.344066364369,380.626120902449,2.25868364710609,10.440854399306,8.78260562818365,1.95202892322903,5.28457199597161,4.81838863656871,0.0429517263686392,0.0030764338010555,0.0016489293043946,10.6050905264876,39.7564984194376,15.0,2802.64292764235,260630.0,2,24.9240231022726,7.37034950020282,1021.26957774954,72.5746095934976,2110.90755453967,114.509329913721,381.436530167453,0.0753182517392427,9.53999888579004,8.53833495421229,1.44395444049078,5.00566197402825,4.85632324184722,0.196876864523727,0.0096582635424266,0.0052133122801012,11.5978972455124,39.8113947515314,15.0
8.46875,24.507895939613,14.8521864352753,1023.75057792463,84.3717979432821,2105.01182276948,114.238737724964,379.982757314764,2.07848533315807,10.1180107955233,8.93625223114885,1.89259918516026,5.71532229498983,4.87644056164858,0.0596040771868394,0.004005166434011,0.0021465069700807,10.6158205403527,39.7177072104786,15.0,2810.3050506657,259545.0,2,24.6214601474929,7.25126132191286,1022.83373657429,79.232552128103,2110.11660825746,114.29531133577,380.44107030087,0.0682383822315136,9.17893752572092,8.8774543308681,1.42836631839116,5.42302649604572,4.92041118591806,0.199463870059783,0.0097623970440038,0.005283955438828,11.6529300780002,39.7354440571454,15.0
8.479166666,24.2049436897084,13.7464140592556,1026.11020388609,91.0455071773432,2105.79214799899,114.066675105451,379.121116897178,2.5762966937194434,9.80250070143494,8.79618852635106,1.79820377150301,6.13441348692714,4.93163064493528,0.074600545711771,0.0047936540293665,0.0025762282064004,10.6216128772051,39.6548900501517,15.0,2816.8429058364,259635.0,2,24.3171661600573,6.93402085858602,1025.22692284155,85.743227576267,2110.77905399758,114.139706795352,379.63756536114,0.0639053154672638,8.86554843871946,8.86532891578504,1.38244952894259,5.8319233707726,4.97797612518548,0.200976548319366,0.0098243716411567,0.005343024782041,11.6615901179735,39.6787856800053,15.0
8.489583333,23.8926856122992,12.8527517214602,1028.81726819721,97.363105004701,2107.47786122992,113.928581833184,378.381244470321,2.4010550898583443,9.51254180434729,8.83931205985718,1.72260997148049,6.52581752867276,4.98365842703672,0.0851510544660219,0.0053368459432074,0.002880684030784,10.62522861939,39.6035779215208,15.0,2824.17872899265,258595.0,2,24.0082304928048,6.65441738475681,1027.77957134979,91.9567055918643,2111.79799735761,113.985660450996,378.846267560831,0.0599823093470309,8.58208729305419,8.85925381021093,1.33900314626822,6.21941912001148,5.03155505417787,0.201681049415247,0.0098549015156349,0.0053816084480575,11.6560152585456,39.6221585078856,15.0
8.5,23.5638515626529,12.0332555683483,1032.26836038336,103.059626117348,2111.50440397765,113.910112423284,378.046011225272,2.2568596592757877,9.25650208465785,8.69141910261566,1.65318182455043,6.86555565430414,5.03126824731936,0.0915754623179047,0.0056691569521127,0.0030711433995295,10.6297238998151,39.5938178771801,15.0,2833.78674900307,254630.0,2,23.6865701046363,6.38124876528405,1030.93261803224,97.6349932188387,2114.68156573389,113.920459299613,378.36054758265,0.0561810757120288,8.32027336140785,8.77754409032203,1.29744326956352,6.56423934679653,5.0815045670367,0.201677551786193,0.0098582003522962,0.0054039834059166,11.6578523211577,39.5962935269086,15.0
8.510416666,23.1082606436228,10.718969292821,1038.57899118186,106.758060594893,2125.92755757932,114.47807722875,379.651106976445,2.153994309706747,9.07596970567012,8.2245868299066,1.5310357543375,7.02160713792898,5.07087772911282,0.0939714046382302,0.0058029098843446,0.0031491120489815,10.6431933607635,39.7880589193314,15.0,2853.88638936045,235195.0,2,23.2876887344042,5.802995052215,1035.92160534257,101.694582529831,2124.4908825337,114.243273849333,379.177031434391,0.0514657194785629,8.09325996668728,8.45513373529401,1.21773440142615,6.76990006400184,5.12728116610219,0.201616792984697,0.009858604139583,0.005447199519608,11.6914324840921,39.7053552248528,15.0
8.520833333,22.7549576314713,9.9554400937152,1044.21494149251,109.197923906932,2137.37764565496,114.889808465467,380.744211001954,2.0800684476179563,8.93571839790447,7.86028603922033,1.45830417630097,7.1473831014614,5.09638878521863,0.0922611671713335,0.0057316763677396,0.0031131461911577,10.6439308247354,39.9285028603542,15.0,2869.76477503664,229220.0,2,22.9016976619356,5.43920646529161,1042.03485949661,104.33679915259,2137.09949475845,114.733159040725,380.542153686588,0.0497705125525055,7.94859510088107,8.06736981269525,1.15699559590373,6.89863833771995,5.15522832772203,0.20012484352509,0.0098038091684984,0.0054420954292257,11.6895283358154,39.8728402113966,15.0
8.53125,22.4292876196951,9.2951673872827,1047.36317558047,110.739717791535,2144.26393812555,115.063109896882,381.069846045476,2.0256042274590036,8.80085424610859,7.54467624920487,1.39439625526256,7.21714452071273,5.12248947937608,0.0885727476779153,0.0055564147086818,0.0030207687971243,10.6456441767864,39.9867145729258,15.0,2878.86487650963,225870.0,2,22.5672021609571,5.1829492283172,1046.020312876,106.090359911468,2145.34377005215,114.990092302355,381.145718287562,0.0488367598896706,7.82821061586045,7.73310190867768,1.11326306319257,6.98280596922379,5.18070849782665,0.198147157896272,0.0097298480883344,0.0054173041871764,11.6752552121607,39.959916220966,15.0
8.541666666,22.1274445193491,9.03842975764573,1049.68633547543,111.69520393924,2149.65002684793,115.160698313883,381.159695587709,1.9889270356279731,8.6724057942467,7.26275872634151,1.37046843670281,7.25563419975535,5.14725236972801,0.083955194768466,0.0053195352082209,0.0028937702572198,10.6458885479563,40.0192243998229,15.0,2885.52838842301,223915.0,2,22.2559443738345,5.07025614973108,1048.69244192898,107.201454161113,2151.23202358332,115.121757779658,381.347969297686,0.0479825713464045,7.70912616314685,7.43567307741652,1.09030082844933,7.03081671234145,5.20502105762541,0.19607457426554,0.0096517121109882,0.0053788481446504,11.6617331566151,40.0040691299095,15.0
8.552083333,21.8450858362121,8.88237369808792,1051.57367142745,112.199872874207,2154.32875850043,115.223431726392,381.145866967577,1.9679960180455442,8.55047985648825,7.02752693058711,1.35651331768964,7.26992600237101,5.17114465805196,0.0792383078719788,0.0050632039805512,0.0027552213566624,10.6460797794772,40.0401538398592,15.0,2890.88381650194,222220.0,2,21.9662423231812,5.01100621287033,1050.7635505249,107.844862181262,2156.13302967596,115.199712891589,381.383924491136,0.0473254893702611,7.58620565476674,7.18297651485002,1.07793556806871,7.05389356848866,5.22914686999491,0.19409458525126,0.0095766181410616,0.0053380754861505,11.6571258650476,40.0301127614552,15.0
8.5625,21.5033131569812,8.64008846393374,1054.66781805256,111.628142551557,2163.16466842485,115.523076895071,381.919823414083,1.9659083164362081,8.45564981581223,6.68453595133953,1.33332972342487,7.20566927483484,5.19307638446698,0.0739800932312827,0.0047653055773415,0.0025926400780091,10.6505949754455,40.1439317880171,15.0,2900.2855958446,213810.0,2,21.6523154176197,4.88408298750677,1053.26054543317,107.637012289827,2163.00899161284,115.391558125822,381.810736652081,0.0459985409876369,7.46352301205909,6.89224292895261,1.05803735797494,7.0195666238204,5.25375768008827,0.192566332110542,0.0095184360612043,0.0053127064330652,11.673615817965,40.096230706857,15.0
8.572916666,21.3787669336614,8.98081927154925,1054.16462839426,112.119327017663,2161.049480288,115.214995939336,380.704803498555,1.9655000361610575,8.32942222108234,6.58870688442585,1.36684190490958,7.25574539346971,5.21163728911949,0.0695370947224651,0.0045079665733155,0.0024533267310846,10.641326297359,40.0369024516603,15.0,2897.46760319211,224700.0,2,21.4373828499392,5.02077135308126,1054.53833845452,107.785111799709,2165.88158544404,115.360846479626,381.496793452613,0.0476751401670274,7.37111709245865,6.69003342488427,1.07245543466994,7.03033615606748,5.26938092845691,0.190023866206896,0.0094203832754131,0.0052429469320561,11.6450244520244,40.0854793412662,15.0
8.583333333,21.1109939506325,9.00272623998013,1053.85071756733,111.814299191186,2162.14809418401,115.090569580651,380.109849377164,1.9710038971764714,8.20018130984917,6.42496267143236,1.37001714741665,7.21653029368528,5.23972498233629,0.0657508905885422,0.0042878518554361,0.0023347579712219,10.6464950357229,39.9940375397107,15.0,2897.25567558004,220565.0,2,21.22353292392,5.05060275890414,1053.71064592032,107.78313081464,2165.00606494231,115.123156419207,380.523700756789,0.046802890078305,7.23123008024531,6.55326987597486,1.07831588948368,7.02263019443475,5.29771271234302,0.188693403637169,0.0093697990980699,0.0052104804997436,11.6530125153015,40.0031381126167,15.0
8.59375,20.855556595937,8.96734734798503,1056.66201889194,111.33324654469,2169.67099523314,115.310578694234,380.647102654137,1.987614671836234,8.10076895069464,6.17053714888507,1.36673946963579,7.17622538852317,5.25982308857892,0.0614781345121569,0.0040343055023278,0.0021961078502818,10.6469729388155,40.0711506665264,15.0,2905.2713195135,216600.0,2,20.9669249651293,5.00958957052292,1055.57052597045,107.384412655304,2170.48023061356,115.23277759285,380.703294684757,0.0465054235985925,7.10694885822746,6.34081701735528,1.07194318851606,6.98708221740799,5.32063784255828,0.187201042591351,0.0093123977807325,0.0051790538532118,11.6648419271762,40.0417813682138,15.0
8.604166666,20.5882309131268,8.76821048945413,1059.0484501219,110.22340123231,2176.89771016389,115.522181775098,381.161638639886,2.0150664619780914,8.02138967007305,5.93539160708788,1.34560887665088,7.09610688167339,5.27745765596904,0.0568032583785247,0.0037553286486846,0.0020432266415099,10.6485381265221,40.1456203013889,15.0,2912.24925167585,211235.0,2,20.7081881673249,4.89611173973724,1057.97522333321,106.505341477292,2177.45373472285,115.429596126501,381.174901068302,0.0465434873740023,7.0099903192917,6.10880191742637,1.0552086049348,6.92357781386734,5.34010676689693,0.185742934449592,0.0092556673245352,0.0051531915472175,11.6741378552598,40.1109747301523,15.0
8.614583333,20.3577627002121,8.37942639884711,1060.70499761597,108.928157871212,2182.33236332209,115.643203861033,381.38851560615,2.051379940969939,7.94985117533957,5.62711271032945,1.30398163812643,7.01314197784256,5.29222426488764,0.0518365962619938,0.0034565379659361,0.0018796820791124,10.6466771298864,40.1889296934453,15.0,2916.88962597742,209375.0,2,20.4640131179772,4.72501987852627,1059.95967709609,105.297443235784,2183.55585962568,115.590251601911,381.532131320839,0.0480513307121925,6.95105977355179,5.82847637740109,1.02898067251533,6.84403215637675,5.35409379025278,0.183758211692917,0.0091772040647265,0.0051181341110497,11.6574689953774,40.1678916921369,15.0
8.625,20.1507882968343,8.00192262751072,1061.45580795444,107.589290869905,2185.7257187886,115.661670268626,381.291922691132,2.094915969175022,7.87980069305266,5.40946590886654,1.26264760588886,6.93032559588762,5.30720206115577,0.0469711729291536,0.0031616460779643,0.0017187366725279,10.6435047653763,40.1969182588417,15.0,2918.94099662366,209315.0,2,20.2463721468459,4.55942589041186,1061.10051887203,104.004515992296,2187.69880290053,115.654530662566,381.580294337319,0.050335454466385,6.91697083019152,5.57021340333788,1.00243628335604,6.76289380575717,5.36583036978842,0.181578300567894,0.0090901428931988,0.0050770721798949,11.619231215211,40.1916302474946,15.0
8.635416666,19.9126697045324,7.70845820691172,1062.64687551618,105.89383754877,2190.55456744387,115.768821147404,381.498571874196,2.1511711929645747,7.82603696654559,5.18943090005715,1.22956721472941,6.82102895892466,5.32179179513877,0.0421569499285207,0.0028641950957463,0.0015560123836361,10.6416466615882,40.2360639671779,15.0,2922.4490531232,206180.0,2,20.0214619606711,4.40652533899667,1062.07620127718,102.475690303777,2191.75009971574,115.722597364892,381.654978683799,0.0521821598751616,6.88641451505988,5.34206132332412,0.978085135100045,6.66600818117317,5.37815361840201,0.179812603280509,0.0090191208981267,0.0050449148861163,11.5879413267006,40.2169998787724,15.0
8.645833333,19.7347059889812,7.64064764419224,1063.13221480807,104.448906908855,2193.15308898441,115.761128366937,381.339620306856,2.2149353082209964,7.77775289702521,5.06891743646737,1.21886116196299,6.73622531745969,5.33386741654533,0.0378064862480151,0.0025928089491228,0.00140769762737,10.6359000068956,40.2355629771599,15.0,2923.55289176422,207365.0,2,19.8187398960042,4.33794851616936,1062.93751278955,100.979670042153,2195.3370834859,115.770946794795,381.673085551411,0.0548636319628814,6.86718196243359,5.16942750142948,0.966250849776073,6.57482647571675,5.38752235886857,0.177974887923708,0.0089447229949449,0.0050042836154291,11.5535685769074,40.2358212187532,15.0
8.65625,19.5098904663398,7.58180254477224,1063.99519457297,102.626707613537,2197.24486384521,115.844112309285,381.490571186437,2.2841917766264443,7.73852344029995,4.91434685943838,1.20951210022005,6.62072831529182,5.34752298237388,0.0340523854600093,0.0023560112490951,0.0012781061933362,10.6349596934064,40.2667790169574,15.0,2926.1011714083,204110.0,2,19.6132289094207,4.26978180187591,1063.54611190578,99.3390670653221,2198.60472699869,115.807575936385,381.667651884513,0.0564647900413523,6.8387822092952,5.02068000896466,0.956737176413192,6.47332884326353,5.39972130912701,0.176862151975072,0.0088996052201576,0.0049816121771524,11.5375659645833,40.2507893352065,15.0
8.666666666,19.307662082491,7.5947667726035,1065.1632340791,100.795040865626,2201.75601152001,115.955359031545,381.742166900346,2.3571408118878003,7.708172968315,4.72489868989703,1.20718938913067,6.50935705413789,5.35822534420293,0.0307842130268502,0.002148133403741,0.0011642342847664,10.6322370209775,40.3079429384621,15.0,2929.28981650132,202315.0,2,19.403447989331,4.21884317094533,1064.64865281262,97.5638378994469,2203.01916622971,115.912363413551,381.895960742733,0.0584444100729478,6.81583522421435,4.84260770739288,0.949761410962226,6.36444172386649,5.40976463966711,0.175764897622925,0.0088551066789137,0.0049580628311859,11.5255925815811,40.2896079679827,15.0
8.677083333,19.1051434215118,7.73197295452338,1066.11060822562,98.8251446680175,2205.92042491635,116.055662523253,381.968498049306,2.433788375902357,7.68040208857742,4.58846961494616,1.21712566231757,6.3894643237691,5.36902573795281,0.0278808396185289,0.0019619271759121,0.0010622458242182,10.6308022131252,40.345406015855,15.0,2931.9193082988,200170.0,2,19.2017285400597,4.20424458406969,1065.65269789299,95.7008614792372,2207.27407813857,116.013738773298,382.122761578867,0.0600909201182496,6.79210759300084,4.6837528566593,0.94879739217166,6.25134954534539,5.4199012421884,0.174971480703604,0.0088230113130243,0.0049395070209361,11.5203111479727,40.3273648403859,15.0
8.6875,18.8852626681519,7.9362003799135,1067.43072036291,96.598614722678,2211.14329557433,116.220455677796,382.418048125023,2.519467439317356,7.6571397091117,4.49499480529244,1.23366211141072,6.25347377829564,5.37940304120208,0.0251806475898423,0.0017863691451799,0.0009659618958487,10.6305138415958,40.4053881703507,15.0,2935.66239197481,196640.0,2,18.9908245833292,4.2024572412315,1066.7931882338,93.6404249921431,2212.04794287583,116.148527826622,382.472044673974,0.0613103040712668,6.76143643764679,4.56915869284041,0.950847176109101,6.12626559222152,5.43061358696862,0.174567569714183,0.0088067999989035,0.0049297252192846,11.5265015593815,40.3768286654228,15.0
8.697916666,18.6871306170283,7.82161578957501,1068.51755880914,94.3636037020159,2215.73852175474,116.357496754672,382.78788217501,2.6094973631097154,7.63339541489828,4.33741264173718,1.21799998315457,6.12027671686624,5.38874042120708,0.0227837275081904,0.0016300294253544,0.0008803496118765,10.6291178166544,40.4557768113699,15.0,2938.66563000521,194640.0,2,18.7850667592483,4.1156189423034,1067.9931879914,91.481130443453,2216.92984728353,116.298202530529,382.880243667663,0.0639942555939287,6.74536306813109,4.4331523971682,0.941183596246167,5.99681519910879,5.43920479144014,0.173636778430976,0.0087688173449379,0.0049126727158443,11.5213425862633,40.4315298172394,15.0
8.708333333,18.4892546299797,7.56875188876534,1069.36774313491,92.0483449700936,2219.89893136155,116.479808593771,383.120199675672,2.700162552126206,7.61006565016325,4.14105501433479,1.18799216121604,5.98246061246147,5.39839475455186,0.0206934027673386,0.0014930564044895,0.0008053943530225,10.6280716881057,40.5010574554815,15.0,2941.06206389361,192550.0,2,18.5874215248358,3.97530836749282,1068.9358596611,89.2644230189748,2221.19080796177,116.426650410469,383.228270814181,0.0674186078314476,6.74929680596921,4.25121962019986,0.921681382842104,5.86484871532373,5.44633680164747,0.172377057337199,0.0087172264688939,0.0048911454046235,11.4984166114524,40.4788863047319,15.0
8.71875,18.3100528294224,7.08440548641365,1069.87864785698,89.8200417084961,2223.15605102077,116.562859133742,383.336080373878,2.7974711650594797,7.58910207071846,3.92067942275103,1.13430052890188,5.85138344837584,5.40750783514265,0.0187433364038664,0.0013640869920057,0.0007349321611309,10.6254257595851,40.532717153628,15.0,2942.46479793562,191595.0,2,18.400311449756,3.77289028149016,1069.6181711402,87.0649565152053,2224.740597063,116.530266987094,383.50393341739,0.0725834898778985,6.77594449305884,4.03371065327075,0.891683722254879,5.73469931703624,5.45123058986318,0.17044026396006,0.0086375110653037,0.0048567144007376,11.455877484231,40.5176453995969,15.0
8.729166666,18.1425780724591,6.92384204434554,1070.04599606351,87.6924434903901,2225.51105490925,116.60700292859,383.441204473119,2.907561744986077,7.56934700233027,3.79097409678026,1.11271074339763,5.7265677846129,5.41713834276668,0.016861768791663,0.0012383346767582,0.0006664134901144,10.6220255874254,40.5509187013765,15.0,2942.88646542468,191120.0,2,18.2270661775504,3.65112975575554,1069.95225651874,84.9543472047567,2227.39673532814,116.594963612578,383.664860852214,0.077783107279105,6.80847682610377,3.85206246582034,0.872050562006903,5.61028110416563,5.45584224773645,0.168670014912701,0.0085645041633357,0.0048204531653673,11.4090276748108,40.5429420625198,15.0
8.739583333,18.0529467269848,6.93486583264526,1068.64473374541,86.2038158152472,2223.74662496944,116.435858452685,382.858903708098,3.0177091861035317,7.53818238657063,3.75615524524352,1.10851581208313,5.64343603488123,5.42762177076421,0.0152028242938762,0.0011284798557006,0.0006070707420736,10.6152392476905,40.4943503573014,15.0,2938.78821528613,195530.0,2,18.1008611690125,3.61565229927928,1069.33049858082,83.2665438543221,2227.58661828847,116.530348764127,383.414305472564,0.0844574550822507,6.83450884514006,3.7524377174869,0.867584025702274,5.51252571018359,5.46061143167002,0.166622244917945,0.0084796302779622,0.0047704261122049,11.3595500288672,40.5233798438925,15.0
8.75,18.1341743269188,7.51615273980819,1062.7149463429,86.3072898038864,2210.29120208001,115.637196811036,380.228326990381,3.0737086904447377,7.46886790596443,4.00229566796467,1.16240461455863,5.66992978486627,5.44179311824372,0.0142071503691853,0.0010689883715286,0.0005761575888273,10.6013911439745,40.219652183236,15.0,2921.54896065859,212455.0,2,18.1025153449412,3.82455487458237,1065.45363603813,82.8151481631689,2219.47896320423,116.015661145393,381.689185830388,0.0922802535497585,6.83897787694587,3.85305531079535,0.900421121377606,5.49619739116777,5.46725304693793,0.164232590724513,0.0083794724638315,0.0046933832415065,11.2944209563288,40.3474573473987,15.0
8.760416666,17.973231325601,7.58251575120699,1060.2351950393,85.7149306325536,2206.51563635126,115.36156051578,379.301598724118,3.0939326991457334,7.42717721881412,4.02521205633967,1.16788694213809,5.62191860040008,5.46246387191252,0.0137455265527977,0.0010414468286733,0.0005610707441196,10.605611766422,40.1268584634194,15.0,2915.44183479482,208020.0,2,18.0377266916375,3.87154462405221,1061.13364043697,82.5007556053885,2211.07855905025,115.484798545189,379.924341826284,0.0903148036156916,6.78273288636336,3.95848719840631,0.91256041290008,5.47530178312106,5.48848826398534,0.16501033865102,0.0084120682387191,0.0047100731228371,11.2941273325113,40.1658661757682,15.0
8.770833333,17.9210845004393,7.94568302916618,1061.256960206,86.0268331257951,2208.67971574066,115.388898958754,379.347938277621,3.0971378813465265,7.4104660633593,4.16057864773684,1.20307703942919,5.64722875600403,5.47135933516666,0.0135482216749525,0.0010315903460693,0.000555301907219,10.600392177666,40.1393094465202,15.0,2918.12974181652,211140.0,2,17.9466655021691,3.98409850988352,1061.04268768012,82.50975880771,2211.44927130966,115.416802300184,379.66439272124,0.0901062294038987,6.74720226815471,4.05433033404709,0.928883662040391,5.47649442637347,5.50017087676,0.165207070106185,0.0084203083846445,0.0047072805478662,11.296895977312,40.1451785694313,15.0
8.78125,17.7707581836766,7.70195337950919,1062.08650906435,85.7542694750637,2211.71569939494,115.470347764658,379.561717533845,3.100122286170038,7.40876260945566,4.23506079432312,1.17788214873925,5.62144758109372,5.48235717403757,0.013450374684473,0.0010257925324358,0.0005512669582649,10.6049236847799,40.1704575123731,15.0,2921.06925055892,205845.0,2,17.8376917103731,3.91275469416337,1061.63938682612,82.4421496563827,2213.54333184348,115.443487710919,379.706662197225,0.0883059726254206,6.72215255586752,4.1565135537351,0.920429247487687,5.46935306536321,5.51334339155052,0.166015220900814,0.0084536076746663,0.004732538667432,11.3148694525159,40.1572552951778,15.0
8.791666666,17.5870460394881,7.47544475001728,1064.44949141221,84.99564278487,2218.34642059739,115.748799161633,380.414463075477,3.1214486683592524,7.42690466892923,4.12365101558122,1.1532533273487,5.56831620595267,5.48768224842158,0.0131982008076414,0.0010073443040453,0.0005401480345263,10.608118590623,40.2699879710856,15.0,2928.168603752,199245.0,2,17.6729488223946,3.79051378504609,1063.35989855052,81.8617986829356,2218.54012628807,115.6359548541,380.288378709832,0.0873331279702001,6.72369360747419,4.12622207898808,0.900011554756788,5.42869809959706,5.52098592417456,0.166498265757094,0.0084736500257336,0.004753511709754,11.3274738520468,40.2268370125066,15.0
8.802083333,17.3021498095825,7.04557088225505,1068.68121967359,83.0456579785629,2229.8917248582,116.303522178554,382.174908370509,3.1810011815843935,7.47262739182412,3.66153675817851,1.10709826581651,5.44319454409185,5.49003846612822,0.0125414631434524,0.0009582400646794,0.0005122330557661,10.6148754200295,40.4655077858423,15.0,2940.42190563394,187255.0,2,17.439854057008,3.57713649155933,1066.60130808205,80.3973454708507,2227.41313714435,116.047878773916,381.594289443797,0.0864092474075282,6.7461711501629,3.83401988234399,0.866187898180958,5.33581143848841,5.52594018750769,0.166778574901425,0.0084865388606391,0.0047773693276797,11.3477673472696,40.372685892589,15.0
8.8125,17.2416694258389,7.58568892586133,1069.1922633201,82.11828405678,2231.72582044017,116.342576446412,382.265037391433,3.2659615614193176,7.491561055815,3.80852033160992,1.15661854455582,5.39566593285645,5.48832619059178,0.0115722709563241,0.0008909642539635,0.0004759589101507,10.6070357458347,40.4816520143692,15.0,2941.59422525195,191675.0,2,17.2837954186024,3.6600294203531,1068.9031776425,79.1078826904122,2233.76508779128,116.32757715366,382.465476638923,0.0903165146329456,6.78867947208981,3.7254148840224,0.875879199172966,5.26054773093321,5.52231745682488,0.165908110977534,0.008450646317449,0.0047492298927359,11.3372313943637,40.4726070260188,15.0
8.822916666,17.363462204685,8.25513128675769,1062.97018361183,82.7130383025333,2217.36641387451,115.515532218213,379.545056355311,3.3076403067323565,7.4326860802383,4.04452475508015,1.22053673831208,5.45071573730812,5.49817315398057,0.0110663730886369,0.000862942949219,0.0004627129628041,10.5944029608644,40.1966690703962,15.0,2923.73017007459,210090.0,2,17.3148693322368,3.94182304779668,1065.78628042506,79.1509112759286,2227.08199975316,115.902243142331,381.029925724056,0.097647922194534,6.79582049688248,3.87710422605774,0.922631350713504,5.2734952995143,5.52438027890332,0.164249448104112,0.0083806407193041,0.0046856493086647,11.2972876466207,40.3273731133746,15.0
8.833333333,17.3497524623102,8.59643557762005,1057.52288882036,83.4031648727556,2205.56660188694,114.8206046614,377.24564256285,3.269168938355185,7.36245692815439,4.21958598391142,1.25534087160652,5.49610567214591,5.51719289800679,0.011445923839955,0.0008966467107712,0.0004822140866198,10.5926175002338,39.9577188912,15.0,2908.88746627162,216845.0,2,17.3491374826879,4.15115110439523,1059.79902186034,79.8405263684332,2214.06511223194,115.134889447631,378.48460717605,0.0969747100876716,6.73384439762143,4.07372735091048,0.958351332343405,5.32068971785164,5.5417962811236,0.164331563190207,0.0083839580945547,0.0046731740530184,11.2831154118251,40.0632363660487,15.0
8.84375,17.2923570440488,8.95523601286439,1057.46150560847,84.3965251217443,2205.60079803058,114.740502613845,376.926680478573,3.199397378926317,7.33331272090637,4.47701450581352,1.29352479269364,5.55288218625931,5.52972252468224,0.0122851787619574,0.0009578592946393,0.0005151124428721,10.5934911826711,39.9325689096311,15.0,2909.29393557213,216350.0,2,17.3140767753457,4.31271911853561,1057.43846546373,80.737092248611,2209.15512159665,114.789751782725,377.308971368144,0.091508299174605,6.65750107343808,4.31213340579698,0.982806703471756,5.37424319675542,5.55924691671858,0.165847195306608,0.0084473066735409,0.0047009279024611,11.3049186048638,39.9458968436463,15.0
8.854166666,17.3571811492685,9.63750191842124,1056.09364339651,86.3447496200854,2201.06931575785,114.404269646573,375.745733846374,3.1057387207247173,7.30275971986792,4.87015688855666,1.36438041568902,5.68842364108791,5.53761698196302,0.0135684898764424,0.0010519163527648,0.0005662548629698,10.5884630755171,39.8181083144289,15.0,2905.10686543637,225250.0,2,17.3317441622065,4.62784358265832,1056.91826273328,82.3676413828753,2207.2287132521,114.586889040254,376.570992470971,0.087764513021465,6.59293465434944,4.6570270262839,1.02686302622572,5.4822117883824,5.57072570734849,0.166922649958166,0.0084921198580074,0.0047071035023459,11.3270223344586,39.8779300454595,15.0
8.864583333,17.1233071070597,9.28589070899489,1058.74739412051,86.5184307198646,2209.38717951242,114.76055701733,376.811792211081,3.0336134708995064,7.31475284450181,4.77747515476345,1.33268418673181,5.66318856389794,5.54884659132186,0.0148748237082721,0.0011380187790911,0.000611035912432,10.6058625289637,39.9444100726919,15.0,2914.62732274042,207700.0,2,17.2209289695494,4.50726776480391,1057.2387895822,83.1160228358564,2209.05371564938,114.588534581804,376.500268964702,0.0784645240609353,6.51268322333736,4.78058439573458,1.01380001870585,5.51359269057084,5.59060906736485,0.169701030515543,0.008608376980925,0.0047864576724667,11.4036190536697,39.8808552493488,15.0
8.875,16.9163781206701,9.12034816223028,1064.54712002539,85.8708901944998,2223.75702740578,115.440380700701,378.920055190607,3.014205076913733,7.36673757039909,4.75663524189991,1.31580987069263,5.61500896152506,5.54427033207135,0.0153490915389341,0.0011635938039363,0.000622488311745,10.6119522881212,40.1830403692107,15.0,2931.53888541464,196605.0,2,17.0154408718352,4.34429805519559,1062.01648307213,82.7511801504834,2221.22245357732,115.151570724601,378.254297723767,0.0742298797949248,6.49607979955264,4.76262253852146,0.986403753386141,5.47929777646808,5.59425704505004,0.171199155799736,0.0086704086106619,0.0048359285962287,11.4610472394991,40.0788588795678,15.0
8.885416666,16.960474099067,9.73098791951916,1063.76478014819,86.3839915888367,2221.80146621096,115.255766256796,378.209008384235,2.9955795851221825,7.37637838745963,4.97772481622501,1.37479124219337,5.66029121745512,5.53971334378598,0.0156244764236023,0.0011845765249623,0.0006341041932116,10.6046866713085,40.1207196641598,15.0,2929.15179918988,205950.0,2,16.9513805692348,4.53947320794979,1064.11286410989,82.8238748330153,2226.40398982649,115.343049158788,378.769775760772,0.0751805820653107,6.51555443740107,4.87342018822432,1.01025724018418,5.48796508923086,5.58889745174617,0.171104765529372,0.0086661044174055,0.0048195547159967,11.4671551341987,40.1474823079181,15.0
8.895833333,17.1868755927348,10.7968583598783,1055.2921331187,88.7138300068146,2200.34639350135,114.025332487832,374.087145329692,2.901440548681709,7.29040780330831,5.46441797526764,1.48252367311958,5.84844605500475,5.54858367917571,0.0171976259221937,0.0013066837516403,0.0007038043655045,10.5918275672501,39.6943829333884,15.0,2904.11941303334,232955.0,2,17.0939295491885,5.13369951837452,1058.88358177129,84.5769765170445,2213.38904543184,114.554276856628,376.063034570473,0.077287517564314,6.48772678295579,5.24035068365334,1.09274728834379,5.62195051730207,5.59095488231608,0.169953842779348,0.0086191711613372,0.0047511763611436,11.4325345540034,39.8750507441118,15.0
8.90625,17.0350477881555,10.499943844183,1053.6096311896,89.8524640871728,2198.77290937269,113.843321876142,373.369575154434,2.7926505522881158,7.23651721316666,5.4203943550251,1.45953679685858,5.88323849719329,5.56798354814274,0.0197222507827679,0.0014798104668762,0.0007980478795007,10.6073460590908,39.6328242639544,15.0,2901.81054445799,221125.0,2,17.0889102537527,5.13790461023342,1053.90121477114,86.1271220607475,2203.01210653042,113.898911751407,373.809737484739,0.0696249334518133,6.36592424880301,5.42582116889819,1.10036110284666,5.70917831240671,5.61637222136507,0.171665580400244,0.0086922495648327,0.0047957973457051,11.4837183641969,39.6488852474673,15.0
8.916666666,17.0040110635299,10.3603106129416,1057.69402889975,91.4216707011447,2207.41158722976,114.178515467225,374.315439842676,2.717781094885433,7.22135586458064,5.54998528187711,1.4493475637928,5.98139674128583,5.56950097928726,0.021819656463709,0.0016163077679913,0.0008705436895892,10.6078085804673,39.7509974489441,15.0,2913.57917969212,219510.0,2,17.0191633349868,5.08132240138413,1056.24289156778,87.4917230877824,2208.44507234889,114.074443529827,374.250596998419,0.0670007002429304,6.31261833127755,5.51325508373572,1.08862279944565,5.78651435241753,5.62321861309151,0.172055981435533,0.0087094743809442,0.0048104220227192,11.5085818644395,39.7116147073951,15.0
8.927083333,17.0089791969676,10.2964529801426,1057.91535085143,92.9708811030388,2207.56548184659,114.066940746454,373.803269578563,2.657372602431756,7.19016787374871,5.67484328328884,1.44524893610624,6.08044418097818,5.57451861862181,0.023550219787264,0.0017299906387847,0.0009318372995372,10.608872613503,39.7135205931215,15.0,2914.5265835394,221695.0,2,17.0089839935419,5.09629549894821,1057.81230091292,88.9998728868217,2211.56965980112,114.121551791086,374.25797603035,0.0656533799161269,6.2805035336142,5.6386079078721,1.08753568718117,5.88150393637977,5.62846038262766,0.17218787783858,0.0087156117550824,0.0048134209127409,11.5164709616344,39.7294537123021,15.0
8.9375,16.8118108800091,9.62746868341404,1061.23222897906,92.9500539563218,2217.34478816367,114.476063355298,374.989659103717,2.6229800088815507,7.19387201646024,5.49349300606703,1.38017818693999,6.05047219520382,5.58001960092269,0.0244558074966689,0.0017838878078491,0.0009596731420314,10.6208467939833,39.8572572497845,15.0,2925.63753810589,207645.0,2,16.8953422055999,4.8184631389911,1059.58090467367,89.4811159565278,2216.79095287785,114.28915506197,374.671398487035,0.0620819150187748,6.2409464635629,5.59478907987297,1.0489286316977,5.89710837988528,5.63836235181623,0.173133097047426,0.0087551339638589,0.0048564632900573,11.5521870278274,39.7891054563035,15.0
8.947916666,17.0717863632996,10.2321928824825,1057.22622353596,95.6281435777727,2204.43389368191,113.664440078479,372.194567763532,2.561722357098918,7.13349488886344,5.89734071104606,1.4409629540166,6.27539036843562,5.57735975754283,0.0259200355408466,0.0018874264418176,0.0010182005764932,10.6011496115145,39.5758993567247,15.0,2912.04237599579,234890.0,2,16.9720127143589,5.14129261740276,1059.2713886419,91.2271437814191,2214.29702492501,114.040860928893,373.693508603936,0.066624420558365,6.26504133063851,5.75213065085922,1.08411578087756,6.02967819466765,5.62864154640085,0.171092598878123,0.0086711590020611,0.0047838940368854,11.4865653605519,39.7039903276974,15.0
8.958333333,16.9946347223221,9.85092704598195,1054.31186115569,97.1741560140639,2199.185666058,113.264324409081,370.750264867351,2.4918769951601294,7.0650733634194,5.84932074948786,1.40815290592056,6.34549081225023,5.59581888226578,0.0282093160805832,0.00203955759463,0.0011025478662292,10.6122933959683,39.437797053278,15.0,2905.5930521681,228465.0,2,17.0195305972688,5.11727800788751,1054.86881315452,93.1285291873464,2204.16371341788,113.379507763814,371.391868066532,0.0629826571970809,6.18680217981349,5.87785987955198,1.08503721580785,6.14712999005725,5.64712278572248,0.17175799371318,0.0087004092210368,0.0048036842058965,11.496834623513,39.4750209943197,15.0
8.96875,16.9440272837382,9.31971358486512,1058.33797331268,98.7585800167447,2207.90460023704,113.581585241564,371.627748864698,2.44418333569359,7.04215717196906,5.71699862969455,1.35914798548386,6.43621919293161,5.59945708682198,0.0298897441700795,0.0021433579684788,0.0011580383008547,10.6142787959796,39.5493058780392,15.0,2917.31984516307,223895.0,2,16.9647709970382,4.92079826244168,1056.94066260566,94.6448311148864,2208.70348221531,113.48842543265,371.602262655906,0.0615998803829375,6.14609954599427,5.79641676708479,1.05534504389969,6.23203161576935,5.65394845007239,0.171724596344039,0.0087000606630959,0.0048170442199807,11.5012775326253,39.5140621509502,15.0
8.979166666,16.8973028876038,8.968858827207,1060.41108837178,99.8309722771062,2212.66072673569,113.69576781413,371.843938027625,2.4168786267923186,7.02938596226867,5.56916197128137,1.32597747328783,6.49568610793919,5.60206222263359,0.0305161352993852,0.002179312489204,0.0011768687616247,10.6162801262017,39.5901190243175,15.0,2923.52445918799,220430.0,2,16.9187181631371,4.77318060234019,1059.51135675877,95.812327866031,2214.29912248769,113.652081994903,371.985350610259,0.060821659916378,6.13383167051812,5.66297298713058,1.03090886822074,6.2987037137554,5.65701202034341,0.171625020717958,0.008696413000283,0.0048251079543514,11.5004576971633,39.5720955916065,15.0
8.989583333,16.8282064609839,8.65719551245391,1062.40920633911,100.368230026567,2217.73974904861,113.832169618952,372.142368231151,2.407875392764639,7.02285627221495,5.40956640949246,1.29572763865494,6.51977840702401,5.60393724011624,0.0300347412570846,0.0021445720587245,0.0011576487778062,10.6181342725005,39.6388508360353,15.0,2929.59793057532,216540.0,2,16.8586690169051,4.64269322388396,1061.50419915137,96.4802877753826,2219.08031495232,113.776411695957,372.246814385137,0.0603743369023035,6.12685783528103,5.51014464531778,1.00979762338283,6.33306126216965,5.65924371989412,0.171388287750106,0.0086868621832471,0.0048284214985786,11.501008244936,39.6165540639731,15.0
9.0,16.6502568117116,7.92537902426839,1066.26999606031,99.5758555984594,2228.4923518055,114.27753576016,373.454851151829,1.81184130332621,7.04367048723935,5.13251713658583,1.22266580686859,6.45045899067448,5.60422457405909,0.0285021558292364,0.0020389163864075,0.0010991013455337,10.6244347144346,39.7953923844336,15.0,2941.39948707052,205085.0,2,16.7288589762983,4.33864178567133,1064.48381382403,96.1265380365837,2227.08978461069,114.081355729385,373.112107774617,0.0597608518551959,6.13296556710767,5.28861416107244,0.965148748781637,6.29837818481454,5.66126586419221,0.171312899175772,0.0086833717335854,0.0048475251722345,11.5104682202632,39.7240575017267,15.0
9.010416666,16.595452303202,7.71432378730725,1068.37676383276,98.9243213268647,2234.01392979782,114.452256994929,373.897550727387,1.83715630048677,7.06290549654728,5.02095110357047,1.19968344037854,6.41370217745082,5.59893153379746,0.0265918254864813,0.0019103219924702,0.001028825464902,10.6199779675609,39.8578997368977,15.0,2947.14204181249,205070.0,2,16.6257860673685,4.20052486033832,1067.45582665052,95.4028751188646,2234.8185458275,114.379449338498,373.956210016448,0.0619097413791144,6.17752717228207,5.1044526464315,0.940347043882267,6.25017433751221,5.65423390654609,0.170411280122969,0.0086451280453038,0.0048336442819803,11.4883525043945,39.8293890570262,15.0
9.020833333,16.4038513532204,7.42564192760608,1070.91248715734,95.8393577679538,2242.6859962225,114.817627431887,374.979310345614,1.87741024318092,7.0929356859449,4.8468836761354,1.1688660036081,6.22403057674777,5.59868546292396,0.0245836478494782,0.0017731133867887,0.0009537335799874,10.6251487104675,39.9870284276362,15.0,2954.4163555147,195590.0,2,16.491619660364,4.02744463416827,1069.61141449906,93.3234269398547,2241.70986641629,114.6460516805,374.718609993813,0.0618095528071444,6.20260557707696,4.95299623156061,0.915692084196165,6.12379687403015,5.65376367811656,0.170610532893638,0.0086525829713431,0.0048504506370065,11.4930733524007,39.9239550320338,15.0
9.03125,16.3102353866934,7.40605246627326,1073.08516246676,94.6238372064188,2248.94618042446,115.050820559696,375.642375561749,1.92805055246699,7.1254655282001,4.76865408154163,1.16390442454488,6.14785417657908,5.59266567755764,0.0226957792355372,0.0016446352276179,0.0008837252791931,10.6215449796174,40.0702624702538,15.0,2960.563979017,194235.0,2,16.3602638998421,3.94134769499759,1072.08448027142,91.4541029108287,2249.11568628986,114.945372005741,375.596502994123,0.0640307665703757,6.24562964111959,4.82893576349541,0.902420979999781,6.00937341580634,5.64715613176914,0.170174165893762,0.0086334879588189,0.004844594931388,11.4837488586879,40.030084895795,15.0
9.041666666,16.2097279876051,7.56385632227608,1073.97833863454,92.6296979214178,2252.87664178486,115.178861753934,375.978801392043,1.97924360955769,7.14942839434825,4.79038348041825,1.17632846027302,6.02775816910704,5.59062225497466,0.0212412964337702,0.0015462649823533,0.0008304008390561,10.6212880747746,40.1169493687126,15.0,2963.06946814163,192545.0,2,16.2601670556862,3.93116956612322,1073.47996992701,89.7367645759816,2254.03218569028,115.11844916414,376.074490863761,0.0653931906119032,6.27816201504144,4.79871007264336,0.902327056060029,5.90516175359188,5.64350067039572,0.170268547061266,0.00863650357682,0.0048468573685006,11.4810014330353,40.0923618642839,15.0
9.052083333,16.085410843538,7.74499316377546,1075.20993024666,90.5177245000097,2257.7286043115,115.364089102246,376.508845385181,2.02772279707047,7.17705033419321,4.84635715909847,1.19115192961456,5.89903894193683,5.58849957834139,0.0201052369135461,0.001469093412723,0.0007883792112014,10.6221751310067,40.1835692751936,15.0,2966.6345721156,189430.0,2,16.1465934171168,3.924099224526,1074.58666689823,87.7555332058209,2258.56894993998,115.280701927704,376.529432691528,0.0659734203611037,6.2969347989452,4.83214703879869,0.904083025678082,5.78533654083153,5.64177413385591,0.170748438667892,0.0086555450018451,0.0048587945905627,11.4905203984013,40.1508929138693,15.0
9.0625,15.9747333110392,8.04009338655011,1076.34451824698,88.4495628390575,2262.25971491844,115.540406819899,377.011145815649,2.06855334979151,7.21093980562804,5.00644677359883,1.21719573085773,5.77506618188437,5.58476445121283,0.0192768470612082,0.0014133845893161,0.0007578578502507,10.6225284542351,40.247019592215,15.0,2969.88927617418,187225.0,2,16.031653753324,3.94815412663037,1075.77628072695,85.7535291412985,2263.31462630627,115.46089608207,377.047177095114,0.0661458585273957,6.31430293980336,4.94259162552923,0.910302193620833,5.66510113813286,5.63938205023393,0.171452458681368,0.0086836982811824,0.0048740569924156,11.5058794072221,40.2156316285272,15.0
9.072916666,15.8507562785648,7.93149002893343,1077.45684910129,86.2214271138481,2266.8789033266,115.732682507052,377.562658340832,2.09946199558862,7.25396592847049,4.91408792920837,1.2026157573476,5.64212389006027,5.58018820277083,0.0187274387020879,0.0013772378962132,0.0007377225103693,10.6242025857647,40.3158917763233,15.0,2973.12630912446,184290.0,2,15.9142749764331,3.86902455981843,1076.87867548506,83.6758606131099,2267.8664519718,115.64340547781,377.572351043895,0.0668333605905982,6.3455951494205,4.95646995263809,0.901775292692773,5.54131980529041,5.63594463155462,0.171826023085743,0.0086981341822179,0.0048883636660122,11.5165264647843,40.2810726016504,15.0
9.083333333,15.7088440472914,7.50970081758753,1079.0359705578,84.7422954367141,2272.33799334339,115.975530837107,378.273614756263,2.12792063320595,7.31165014878847,4.71274684868139,1.15606763122813,5.54610070545464,5.57352832713963,0.018210967379572,0.0013429213267055,0.0007183387171829,10.6259423806771,40.4022222647554,15.0,2978.07572039702,180580.0,2,15.7824707620772,3.69199592780196,1078.22962755973,81.9280813357511,2272.7822133099,115.86027735401,378.20599768232,0.0683909065163093,6.41015923143502,4.81907066096657,0.874964284049019,5.43355135836036,5.62911822704248,0.171703938953567,0.0086919691453286,0.0048973071157713,11.5082564397328,40.3583562076625,15.0
9.09375,15.6324874311236,7.30020828521408,1079.23041023891,82.4987508483123,2274.62744702486,116.071767409291,378.510818706204,2.16352565763968,7.37011281767911,4.64249166107265,1.13004288502815,5.41866300447637,5.56520354582135,0.0174677217223433,0.0012934303263168,0.0006910430197497,10.623559312514,40.437422406219,15.0,2978.53246247535,181030.0,2,15.6772460872046,3.57354111672544,1079.08307695507,80.0352075732776,2276.43478574907,116.027405936597,378.672192676471,0.0714972174946285,6.50226714538697,4.69006558598339,0.854612493521935,5.32149202123506,5.61793123487236,0.17111551106674,0.0086662211792554,0.004889650243762,11.4786135288575,40.4182372492141,15.0
9.104166666,15.5278670548694,6.81818698371131,1079.21394539208,80.2487797364628,2276.53223555513,116.158168513285,378.728119134917,2.21219354182674,7.4260937140161,4.36827574928946,1.07701841421474,5.28867073694982,5.55964527925182,0.0164771438757973,0.0012265082198512,0.0006545252132719,10.6232735849263,40.4692534946324,15.0,2978.51287636988,179825.0,2,15.5823496577878,3.39165360066674,1079.18088843296,77.9175478557735,2278.4026079574,116.121121668809,378.905634915812,0.0756238381025969,6.60353994627398,4.49103330192918,0.827047327694126,5.19884632870763,5.6078166140754,0.170163703063064,0.008625534675643,0.0048774515681574,11.4411185823236,40.4525507727643,15.0
9.114583333,15.3113305159061,6.44698729684064,1081.46523795315,77.6375119586326,2283.71179922712,116.529162429635,379.882439618402,2.28775169941985,7.49979073531857,4.13810177195559,1.03505506381509,5.13406715337284,5.55395652275765,0.0151357345609059,0.0011328241421581,0.0006032032692145,10.6262620735471,40.6002897713888,15.0,2984.86983071874,172470.0,2,15.4213037743168,3.19749799716073,1080.32753599761,75.5516964373572,2282.8156684401,116.353116274012,379.606929580453,0.078242789747433,6.70299676289569,4.24844531131718,0.795644029152368,5.06057282938314,5.59948700036895,0.169843980703709,0.0086114571777945,0.0048831017722618,11.4167243491076,40.5350770963733,15.0
9.125,15.1168429426073,5.51030819976243,1084.16445701984,75.0166989068713,2291.48081377072,116.939962548912,381.186041041815,2.39677538627273,7.58144702377083,3.68241229254458,0.935879005897531,4.98367998374168,5.54506130942303,0.0134995817514845,0.0010183090598061,0.0005409385421493,10.625431064334,40.7452541542516,15.0,2992.1499205818,167115.0,2,15.2271226508511,2.88119016214743,1082.70992887076,73.0159893342483,2289.73244388912,116.730523930122,380.796732807211,0.0858388630063801,6.83535721817461,3.88707057108573,0.744839615897863,4.91411477640434,5.58634589872421,0.167860550039943,0.0085290290661827,0.0048554466213312,11.3757663186929,40.6683077241679,15.0
9.135416666,14.9380579799933,5.37664363047749,1086.07801354633,72.1448419272028,2297.36095809395,117.263863941738,382.241453353692,2.53319516614589,7.65020658552805,3.29616931099591,0.916394833411442,4.82247073355721,5.53862705333476,0.0118173302008628,0.0009006882275833,0.0004776424694642,10.6240984805628,40.8600295473245,15.0,2996.96187030768,163300.0,2,15.0438559548218,2.73337829027616,1084.92537628995,70.3363196846969,2296.09748660735,117.088871486774,381.947839462718,0.0934834021843901,6.97688491715373,3.4689727841416,0.717079852885281,4.76207712601782,5.57258441108361,0.165491587769943,0.0084327658711964,0.0048069301671777,11.325323620088,40.7950939297855,15.0
9.145833333,14.7615858110886,4.89413682009008,1087.5024538691,69.198969772194,2301.98428640081,117.529474497196,383.154195399442,2.6994068730468,7.69353957682036,2.88484443288711,0.86202476095276,4.65835043751919,5.53655957725115,0.0101722703003167,0.0007848523274792,0.0004158251628921,10.6225891164882,40.9546457372377,15.0,3000.24301925698,160295.0,2,14.8671556784719,2.5456271118265,1086.60722606756,67.5441875619587,2301.19575072591,117.386618545205,382.938290527359,0.105107557240224,7.10050747204946,3.05175826236882,0.688926105298722,4.60515994397021,5.56222914563445,0.161544700127406,0.0082730123176528,0.0047221643583897,11.2769804067203,40.9010326650549,15.0
9.15625,14.5750630675584,4.47083403356704,1088.88312113535,66.2228425223333,2306.3393144086,117.782877727212,384.082314111882,2.89157922771613,7.70355871668219,2.52690180459045,0.813612100853954,4.49344389725179,5.54013632966663,0.0086908777448345,0.0006794053200585,0.0003599005901284,10.6215120240809,41.0451988616805,15.0,3003.26675157529,157265.0,2,14.6869852971236,2.36324503555864,1088.03102700394,64.6988574106508,2305.51531389501,117.651033746603,383.866712003067,0.12008722253831,7.21601757435709,2.64910745833585,0.659189280046348,4.44590469816086,5.55508732164189,0.155470565994718,0.0080263649975037,0.0045836990618454,11.2147566210993,40.9957031524782,15.0
9.166666666,14.523237015581,4.39980184102473,1087.98033499879,63.9042094566073,2305.19158862987,117.749142947726,384.130812441521,3.08374062396147,7.66794441787139,2.38907193628883,0.80016387047738,4.36493834976722,5.54832081693834,0.0074994926852068,0.0005950594745915,0.0003157459932845,10.6150164540531,41.0359074697078,15.0,2999.99399695817,160415.0,2,14.5682422592164,2.27387822970781,1088.35765281571,62.1806263832806,2307.16496472858,117.77463646291,384.383482056387,0.140329987703832,7.30489815846607,2.36826296528287,0.645624787457856,4.30429184841054,5.55105656564967,0.147290038966317,0.0076887880618168,0.004382429091932,11.1391075762702,41.0417059176248,15.0
9.177083333,14.3473326623889,4.14974246862189,1087.84456171308,61.1285029472934,2305.88642737299,117.815563628785,384.552968974197,3.2647384283766,7.61098486267456,2.1790160839429,0.769297596886041,4.21046476661788,5.56508484101988,0.006579639914961,0.0005290264609078,0.0002811054330599,10.6158118840802,41.0617319320571,15.0,2998.7173174263,157770.0,2,14.4433552448948,2.15987261689898,1087.89636740006,59.693207024269,2307.01517962559,117.804284021762,384.646739509406,0.15700327251616,7.34692594630006,2.14954645538882,0.629573136453087,4.16413842748726,5.55715056049393,0.139804152245291,0.0073772850685921,0.0042005659586516,11.0811080409584,41.055202317529,15.0
9.1875,14.2700797592953,3.980962516503,1087.50566958572,59.1064184179376,2305.61830819202,117.830887353146,384.840698399331,3.4191571836465,7.54352743941012,2.00910840898239,0.746469109535856,4.09714862087991,5.58013451392017,0.0058745082376517,0.000479223609482,0.0002551172100154,10.6105356033593,41.0699194457758,15.0,2996.97892604545,159375.0,2,14.3244399725554,2.0673640349907,1087.74665880778,57.4602476151767,2307.26936403959,117.85665520697,385.02477697747,0.179070949567675,7.37145901743652,1.9390115897391,0.61460069877682,4.03775377686939,5.56432693763245,0.129573507802484,0.0069422262886485,0.003943239465303,11.0199935450113,41.0769779800691,15.0
9.197916666,14.2985425917783,4.16662236239955,1084.26168891674,57.4942019306161,2298.70475637854,117.508184551644,384.045024104314,3.5334358530033,7.46747583545381,2.07607782046095,0.759231098012474,4.00650711101355,5.59713016164635,0.0053372331899478,0.0004438485877617,0.0002370877497658,10.6035436005725,40.9604951530446,15.0,2987.23076327618,165505.0,2,14.2931453225156,2.06665393085504,1085.96898003315,55.7206935647952,2303.70992709543,117.710051865523,384.777059540054,0.200958899946957,7.37692069998121,1.8634220559247,0.61619678111092,3.93781811670959,5.57381133098131,0.120671322097566,0.0065511797144772,0.00370664438398,10.9590193421874,41.0295560571786,15.0
9.208333333,14.1259135463358,4.05914590815137,1083.62363633663,55.4555590151619,2297.78142794641,117.50250068927,384.29900467066,3.63550487925286,7.40622829350821,1.99507891103671,0.743534801535304,3.88992389654623,5.61796970281153,0.0048714009097341,0.000411781876268,0.0002201460648331,10.6063551034286,40.9617571076684,15.0,2984.71791432435,161615.0,2,14.2098216473898,2.00853547023492,1084.06369727283,53.9625075753954,2299.90291252808,117.555028792499,384.525193840454,0.209388073658561,7.35386461443306,1.81885189238671,0.60923340080383,3.83647364153743,5.59032725006659,0.116870203496778,0.0063848655070358,0.0036107321014599,10.9313990782548,40.9789908619262,15.0
9.21875,14.1418383774952,4.15113713274094,1082.2875861208,54.498707172164,2294.62556483519,117.380396174579,384.175313362644,3.71418856263423,7.35335377944237,2.03777128175233,0.747697587419426,3.8343723754015,5.63083803723794,0.0044748556025695,0.0003865948235396,0.0002070779223354,10.5984525077007,40.9225264844441,15.0,2980.41757061237,166355.0,2,14.1462941847432,1.99539253579605,1083.12641078247,52.6323258556214,2297.88522389443,117.495635461543,384.595385261002,0.227854468554406,7.33918081936951,1.7938689916939,0.607293026726066,3.75892329653271,5.60116740477499,0.110789575703623,0.0061147319129287,0.0034497623821038,10.8980478043996,40.9618932070659,15.0
9.229166666,14.105461248875,4.21113500862983,1079.77319452551,53.2943749369682,2289.06716195171,117.145002817568,383.676545025152,3.77310808582597,7.31412719775149,2.03096499009195,0.749247285963522,3.76449721128499,5.6463735457851,0.0041399968753028,0.0003663017876733,0.0001965536473661,10.5967658147347,40.8438484947131,15.0,2972.85009581372,168070.0,2,14.1240424125727,1.98960071783812,1081.1071990866,51.5630803390708,2293.39302145656,117.312081204818,384.258470711841,0.239026026366132,7.3267301877321,1.78876139476089,0.608119442691749,3.69557884081708,5.61393796132066,0.10736187725783,0.0059613735578079,0.0033584819129486,10.8738982468936,40.9014210892112,15.0
9.239583333,14.0377629709342,4.1626382948975,1078.85939966295,52.3953984258768,2286.86538088132,117.086450605279,383.752111595477,3.82915183601976,7.28794765819538,2.00165500310269,0.740411783981181,3.71081354190142,5.65953293593347,0.0038260937503778,0.0003463728940627,0.0001859933200954,10.5954349844857,40.8268202566716,15.0,2969.83917107068,168020.0,2,14.072797821009,1.96067605765115,1079.4555263984,50.6040278876318,2289.62982917377,117.173007337492,384.066177246637,0.249041951875225,7.31969515964968,1.76258547288742,0.603855497465144,3.63821568381467,5.62577510601508,0.103830272269231,0.0058033421301071,0.0032665826242592,10.8564789734041,40.8564814319233,15.0
9.25,13.8494566609384,3.96893352594664,1080.48421213478,51.2621232657062,2290.32488795128,117.325368448856,384.803757566363,3.90125036057463,7.27742714485281,1.87850515073027,0.717391338513534,3.64372675503778,5.67220154424595,0.0034985888325993,0.0003226919872181,0.0001730420116018,10.5994355952878,40.9134638254751,15.0,2973.83535989434,161910.0,2,13.9475393010616,1.89105983529873,1079.7239553484,49.6142161751121,2290.00652537465,117.254484768904,384.599998905369,0.252570622850444,7.32301936479818,1.68124038066215,0.590325194762186,3.57960435416191,5.63733384402594,0.100304405410045,0.005642151504901,0.0031763147693839,10.8494125623406,40.8885459881038,15.0
9.260416666,13.7841250471687,3.95421111866961,1080.78339072894,50.5597589235807,2290.52140393958,117.396317327597,385.314569334368,3.97930371545892,7.26107220155118,1.84383135774982,0.71202049350382,3.60219020793902,5.68075488665911,0.0031720517995076,0.0002999167407881,0.0001610149878589,10.5959285067818,40.941534332659,15.0,2974.13773094004,162040.0,2,13.8326115902245,1.8596419508399,1080.57515552574,48.7674783110015,2291.48880835656,117.395825692986,385.335631128357,0.267158535107062,7.33679380257868,1.60365828485772,0.582548606516757,3.52955533534508,5.64430193891057,0.0940021001780612,0.0053504714674282,0.003007017787011,10.8333366349303,40.9416783601137,15.0
9.270833333,13.6393556473045,3.82333824072193,1081.29162810456,49.4311044328192,2291.33826488144,117.504984842298,385.964103876117,4.05954033060069,7.23775867791583,1.76575812990485,0.695391162021896,3.53809912487623,5.69391940194052,0.0028720321965576,0.0002785152608774,0.0001497373125322,10.597900814048,40.9828470259897,15.0,2974.88469987242,158835.0,2,13.720644979802,1.80961527891103,1080.96386428342,47.8576579130629,2291.93860228253,117.48675601747,385.916794343408,0.276977930562945,7.34595320869286,1.5330955424843,0.573247527093475,3.47684993897517,5.65406532608154,0.0888013232449811,0.0051053666880576,0.002866706833686,10.8205930939457,40.9772425465941,15.0
9.28125,13.5814002753045,3.82926633123686,1080.7873936199,48.71597099699,2289.6886669792,117.485792857268,386.206568175882,4.13063707967479,7.20231294808529,1.74399141148994,0.692480869459469,3.49688930922283,5.70547021291123,0.0026159625561307,0.0002612361717576,0.000140862989085,10.5943044172553,40.9796825821411,15.0,2972.89805640854,160030.0,2,13.6241079127814,1.78707717243681,1081.01814667283,47.0272771420185,2291.56476856834,117.537146535391,386.377135157985,0.294524152698135,7.347952175591,1.47662450366215,0.568359807896341,3.42875048028537,5.66286168130103,0.082269767796486,0.0047944907241304,0.0026869507242909,10.8014239290423,40.9987819450117,15.0
9.291666666,13.474922939851,3.7794775851173,1080.34539577371,47.8014062731846,2288.24891993667,117.481658663533,386.50686003927,4.19239813626558,7.16428619893862,1.70102635503218,0.684373675700396,3.4449462237856,5.7199451916825,0.0024082903347026,0.0002473937830341,0.000133741650158,10.5942860384285,40.9818882772843,15.0,2971.02459672274,159025.0,2,13.5355920389356,1.75881151464072,1080.57805786575,46.2349058354003,2290.08404970562,117.531700416841,386.663879549927,0.306523222583495,7.33961654670871,1.43121701013,0.563635335321995,3.38284614624491,5.6743950061703,0.0774043007358213,0.0045585333294343,0.0025516356971386,10.7861800730625,41.0008473680137,15.0
9.302083333,13.4078593075216,3.81048228328821,1079.72481904448,47.1451324990429,2286.26179078912,117.450138370766,386.722633628223,4.24470176869963,7.12429134114005,1.6957070810583,0.684518744785235,3.40717490112576,5.73313412866324,0.0022409302147724,0.0002367869014627,0.0001283427367022,10.5917994607328,40.9746285087249,15.0,2968.70935713027,159755.0,2,13.451307976432,1.74629000268429,1080.09489761718,45.5218539864846,2288.44190070117,117.519641819969,386.936397658389,0.320110569380633,7.324327296006,1.40047393876992,0.56136779921091,3.34144911507568,5.68572022118725,0.0729226045400645,0.0043400725201337,0.0024260509170904,10.7712310396457,41.0006351969744,15.0
9.3125,13.3704577170504,3.87388184157955,1078.21986884861,46.5890034646194,2282.29026058724,117.318412921636,386.610661176473,4.28456475347262,7.08387523642261,1.72087629479547,0.688183152393197,3.37483648163914,5.74664850336581,0.0021167164803114,0.0002301246199025,0.0001251124735334,10.5890513605673,40.9324943412606,15.0,2963.97052600488,161585.0,2,13.396122745424,1.7470548922207,1079.05076775495,44.953147219826,2285.51694741002,117.441875545349,386.995494844025,0.332577324226582,7.30311768136303,1.39930199526728,0.562396482975219,3.30783611408684,5.69748247375457,0.0700374733408789,0.0042027359571688,0.0023468711078815,10.7581089270752,40.9774091260929,15.0
9.322916666,13.35417392493,3.9654184979152,1076.09941334131,46.1859572801155,2276.92176552609,117.116421724124,386.264507527524,4.31070905987239,7.04526740800416,1.7759519490247,0.695018115723448,3.35061184798086,5.76002656362686,0.0020352945101695,0.0002271328254846,0.0001238299449939,10.5860584728394,40.8658978294386,15.0,2957.59047242145,164125.0,2,13.3659904569932,1.75879703425047,1077.29348064808,44.5170867729482,2280.99823372051,117.282910934635,386.785964625299,0.342461888890221,7.27687051114238,1.42802820568693,0.56578826950598,3.28127028615696,5.70956884312513,0.0689553146117883,0.0041586784159067,0.0023209034542639,10.7477592048082,40.9257122522017,15.0
9.333333333,13.2910181663651,3.9756208170824,1074.82537992387,45.7810284113214,2273.43455472426,117.01466290936,386.241834299809,4.32966558595489,7.0162789785469,1.80308588014931,0.694141295488035,3.32570810908882,5.77328840311599,0.0019841494825868,0.0002254300438208,0.0001229666077116,10.5858931350481,40.8342449114052,15.0,2953.59877888502,164000.0,2,13.3234314902959,1.75544713656749,1075.59438276783,44.139508461385,2276.59439750109,117.132589669015,386.601333983231,0.344489920092501,7.25036902341609,1.45861167465253,0.566146377827908,3.25777441974135,5.72227615034144,0.0694856254280977,0.0041924458855214,0.0023404887814184,10.7441530092064,40.8769284376396,15.0
9.34375,13.2168951613771,3.99140546376396,1074.75688481283,45.4883482522732,2272.49607701029,117.046805038675,386.653415962107,4.34719545260758,6.99840800683391,1.8115723454906,0.694008586189197,3.30729843775545,5.78419905012527,0.001945100692847,0.0002237099316082,0.0001219084287014,10.5860177926984,40.8492126546958,15.0,2952.96805779815,163000.0,2,13.2581572776009,1.74990328016216,1074.91024533103,43.8218972027799,2274.34533325431,117.0965680497,386.789259100481,0.343929332442562,7.23028911178541,1.47295668479331,0.564883955980423,3.23796371443772,5.73350001112124,0.0700099612024026,0.0042215890883966,0.0023576185605449,10.7439493325877,40.8680228713501,15.0
9.354166666,13.2516188999689,4.15158997437744,1072.60767148759,45.5044967153511,2266.86200585552,116.836752149357,386.257324913975,4.3539292832824,6.98186420043082,1.90755696129189,0.708396391647874,3.30634305483946,5.79236140427991,0.001927598103179,0.0002253905406844,0.00012300825555,10.5814207657783,40.7795915980215,15.0,2946.63588203986,167040.0,2,13.2410640061053,1.78227963685512,1073.76261489806,43.712960653384,2270.99928795181,117.003690181085,386.780546368137,0.350718796129983,7.21487868487748,1.52275427938992,0.570979675548745,3.2297362254268,5.74185972803004,0.0705586092786071,0.0042611401761807,0.0023788310561983,10.7394562670021,40.8391467950441,15.0
9.364583333,13.2623397195673,4.35342374923954,1069.75324104091,45.4583697532637,2259.79855578124,116.555645770426,385.615793804857,4.34845895979202,6.96872620015419,1.99399028705367,0.727481810704194,3.30161004227764,5.80219757253953,0.0019436874982226,0.0002298861267994,0.0001256080265098,10.579650463761,40.6851378006345,15.0,2938.4000579635,169760.0,2,13.2554874177472,1.83088817924206,1071.26717129954,43.6968317006096,2264.77055732732,116.761163819042,386.26675563735,0.348225457913846,7.19525671334227,1.60214278419786,0.581694629290816,3.22633213956899,5.75153638260272,0.074010859139044,0.0044397224665768,0.0024790128044961,10.7398058538723,40.757782370945,15.0
9.375,13.5225617538691,5.24501378531513,1062.2701335855,46.2771176449579,2242.06807246515,115.717097601358,383.105273411201,4.29817796224005,6.94920625904096,2.46528917234212,0.816044825102986,3.34969447048675,5.80728695731061,0.002058806427313,0.00024739489336,0.0001359749861909,10.5652107861662,40.3960966159566,15.0,2917.37534349309,186175.0,2,13.4000862399893,2.05851832275191,1066.13429733596,44.1867065674531,2252.65211595564,116.203906603183,384.689075740139,0.348611981087013,7.15488160887788,1.89231010630229,0.625953125898745,3.25279018888355,5.75786342425734,0.0833075799078373,0.0049109327317449,0.0027375543399417,10.7349530839977,40.5659947083549,15.0
9.385416666,13.5230250117623,6.27860095650098,1057.24575184272,46.6565197859005,2230.48925599549,115.204419065011,381.627373018047,4.21549445436635,6.96266153575647,2.95240451129108,0.920833191347141,3.36500823574055,5.81752203797665,0.0023228093635869,0.0002719600254882,0.0001487162155734,10.5684198134886,40.2205831328485,15.0,2903.58292713001,186165.0,2,13.5066741193922,2.32998750892474,1059.70306856372,44.7494667594265,2238.1632518508,115.51441084085,382.644796380071,0.293788405010362,7.0743009668523,2.35944548426892,0.683224623682082,3.28113374331315,5.77367614721734,0.107159988669284,0.005991834724868,0.0033513692120275,10.7778670258647,40.3271070176812,15.0
9.395833333,13.8816473058311,8.17953608890994,1049.86538745629,48.3881886485745,2212.24488851923,114.337889420536,378.894826050696,4.03544469903651,7.00266147152945,3.83290787484468,1.11367215868708,3.47730990004217,5.81038338727764,0.0029708762974549,0.0003329614686485,0.0001811479394122,10.5498209786644,39.9210068584469,15.0,2882.73914021533,209020.0,2,13.7227080220822,2.92761041935318,1053.53678470432,46.0220506857652,2223.75661323794,114.81484225953,380.505364039641,0.261286965091606,6.98263356568671,3.10231449816395,0.791644324175169,3.35863816121315,5.7789216443445,0.128327849824228,0.0069128848001038,0.0038604411513483,10.8261647225317,40.0842799168924,15.0
9.40625,14.1763709718296,9.70072001810136,1038.35092922654,50.2833604560725,2185.36564704691,113.025232218903,374.561814212224,3.71761287610278,7.08885013071978,4.65347379235307,1.27315568154863,3.60075898251466,5.80356991908214,0.0045468266284284,0.0004652935376095,0.0002500754099573,10.5416342652625,39.464874361122,15.0,2850.78889314133,227090.0,2,14.0430180923828,3.60626316759895,1043.18526018736,47.9128966618739,2199.99878631422,113.622861762138,376.631115724881,0.215486373033055,6.89834414564381,4.00461998314853,0.910259254472993,3.47839401721639,5.78801630111968,0.145928314782799,0.0076354278361621,0.0042492534676859,10.9007213122075,39.6693159121618,15.0
9.416666666,14.2709966396753,11.2785645077557,1036.79607269079,53.3745637092264,2180.71284082629,112.856202824763,373.89821572755,3.37655315571163,7.23139553285631,5.45334460087596,1.44131458569541,3.77349672110299,5.79152218265518,0.0071947186164567,0.0006656503227467,0.0003527088311222,10.5520342841305,39.4070794743775,15.0,2847.78373143975,223880.0,2,14.2232457763124,4.26757443825414,1037.40244010533,50.5309948207939,2186.54877863287,112.961316680441,374.408293711976,0.157724177679361,6.8183112799699,4.89418524961792,1.01408324356486,3.63164671193659,5.79759531279849,0.160506762583508,0.0082269651283276,0.0045645167864377,11.0371671187916,39.4393866583589,15.0
9.427083333,14.5151087722241,12.9190763011895,1034.44379143985,57.5370181125503,2172.74686325438,112.48674568225,372.500087088443,3.07046614916649,7.3496031243231,6.31869928463862,1.61612990291644,4.03343395519968,5.77134530754952,0.0110375785896221,0.0009498575760348,0.0005009305838061,10.5524380135978,39.2786178733157,15.0,2841.7448425881,234210.0,2,14.4163616069522,5.09448165313762,1035.6484247015,54.2001146084675,2180.94238953638,112.69106932319,373.386066103134,0.126552305826614,6.75558168958951,5.80177700437582,1.12976486947735,3.85581837058754,5.79528744894681,0.168003316756831,0.0085330850972842,0.0046965353311495,11.1779935933254,39.3458438669744,15.0
9.4375,14.7323026503658,14.3811013582484,1030.03802655321,61.701773829127,2160.72441506032,111.872464483532,370.255986278246,2.79128143592921,7.39251876619753,7.2152985620288,1.77666447854833,4.29612607915214,5.76254611672809,0.0168476606209534,0.0013647317829847,0.0007204279125234,10.5596753514664,39.0641565476568,15.0,2830.24261706407,242595.0,2,14.6447441894286,5.96919351031774,1031.69148510087,58.277856935389,2170.28198346012,112.130363280641,371.344022554905,0.103434134152393,6.65577560746843,6.75491809588876,1.2475039316704,4.11129079293006,5.79958394580152,0.17299628468548,0.0087393940805842,0.0047661439950561,11.3174338409587,39.1505710939138,15.0
9.447916666,14.9755101085881,15.423534004573,1026.68381962852,66.8106632598521,2149.93618988211,111.268318292182,368.023088905729,2.54560169346002,7.34983315088715,8.04586854188993,1.89882953204015,4.63098545382656,5.76111160638977,0.0255083335093782,0.0019495070971922,0.0010314698899149,10.5665785184764,38.8525863111399,15.0,2821.18099970965,253535.0,2,14.8809244946573,6.77916560520671,1028.01241840563,63.0105424677542,2159.47016778015,111.523427415231,369.11286571468,0.0887447625754962,6.51346581736391,7.66765120593453,1.35110835931308,4.41693189343008,5.80779020191303,0.175990998939807,0.0088655449295858,0.0047932280470086,11.4306120549596,38.9386168183219,15.0
9.458333333,15.1498358154701,15.422413689385,1025.48945242436,72.5718286105331,2144.34527342991,110.888407535776,366.515397903787,2.34209381610606,7.25336864550892,8.60460528243213,1.9181995751751,4.98945441984325,5.76786858913593,0.0372337293199052,0.0026795594573987,0.0014187672163764,10.5805426935267,38.7184050094074,15.0,2818.89657368533,255000.0,2,15.0829042640452,7.10569906999003,1025.76595567041,68.3963474081989,2151.58464563255,111.030116524525,367.241194986833,0.0779337768582069,6.34268999201918,8.37518467143968,1.39300528675867,4.75733630872234,5.82237380160316,0.178483099453092,0.0089713330203945,0.0048375755183424,11.5229088913207,38.7654521822288,15.0
9.46875,15.3098934856217,14.6572376773281,1027.52864922918,78.8333598062973,2145.28073061062,110.811378292857,365.998645424995,2.1748703738208,7.13960070898063,8.75797229528111,1.85823101599371,5.37892995244345,5.77415802918267,0.0502395790584117,0.0034274467191466,0.0018155755436251,10.5915569322454,38.689040390337,15.0,2825.35635281571,255045.0,2,15.2498694076344,7.00092812021589,1026.79038085457,74.2620648619432,2150.35238169016,110.857112607148,366.415767749476,0.0716709473349133,6.1994880644145,8.70559726980348,1.37652901834926,5.12379753187299,5.83310808952339,0.180231381012485,0.0090457729999421,0.0048887821848551,11.5687299939499,38.7030948880576,15.0
9.479166666,15.4459830623412,13.503426686323,1029.69648248236,85.054118334727,2146.56409355129,110.731523065019,365.472752401284,2.03200817174328,7.03311807827782,8.58950864443806,1.75604601895315,5.7594712626872,5.77943742816841,0.0618097503935527,0.0040587166155209,0.0021552682285048,10.599717921107,38.6580700431036,15.0,2832.13277990833,253565.0,2,15.3950522663274,6.65335359305963,1028.84832378604,80.2416568537606,2151.11385024928,110.770648153444,365.873138016638,0.0676237463715031,6.09512252762836,8.67597676766207,1.32586024632388,5.49285748297292,5.83998360503008,0.181432556625704,0.0090969376421886,0.0049411821906839,11.5769478992982,38.6701646798196,15.0
9.489583333,15.4081277598578,12.0721434750751,1035.56081190872,90.7354122428603,2158.916045413,111.23339837029,366.859133031684,1.92279648728043,6.99509989588879,8.35629712424214,1.62187412733532,6.04501400707546,5.78068746326142,0.0679438100506457,0.0043883509666942,0.0023371987020342,10.6147308281654,38.8301380591047,15.0,2851.60120426924,235465.0,2,15.4229514992465,6.02674143761366,1033.06470046433,85.7211684008739,2158.52001254883,111.027787281977,366.475380124132,0.0616601236230396,6.01803484714401,8.49721769780562,1.23823969703535,5.79285688625513,5.84644345479818,0.182640608675629,0.0091470336071856,0.0050119332832596,11.6067368234709,38.7569026855872,15.0
9.5,15.4286411975811,11.1643031412254,1041.20076334008,95.5268652542862,2169.50099305482,111.645429383861,367.952959112826,1.83567226054765,6.99942970916138,8.05454705796592,1.535500055594,6.30805665012853,5.76951130185141,0.0690205371664897,0.0044493007048989,0.0023752647190805,10.6171790924826,38.9711549240509,15.0,2868.59862380244,229060.0,2,15.4225919873384,5.63181776824468,1038.98925934771,90.4472849539274,2169.77864415317,111.491570878596,367.753841144034,0.0587466688710075,6.01124999343409,8.21994022873827,1.17205436490779,6.04808617638181,5.83796463604145,0.182550571886322,0.0091438241218871,0.0050368890686174,11.6112283952918,38.9159594542861,15.0
9.510416666,15.4895095251337,10.412511840968,1043.65153069249,99.0776735140888,2173.36286543784,111.708742469234,367.92153484773,1.75770016709301,6.99023950078105,7.73437028251164,1.46505485849702,6.51015422495287,5.76074142574735,0.0689332290209883,0.0044542623416888,0.0023849176778174,10.6185256903849,38.9907770436631,15.0,2876.03484300378,229040.0,2,15.4659565480279,5.39183226626712,1042.62601336054,94.2596979871044,2175.94032024662,111.688172380767,368.159109834113,0.057279714624207,6.02449066573062,7.90540207520795,1.12918949614599,6.26202143533264,5.82758380526244,0.181909892623103,0.0091184242495211,0.0050383467488278,11.5961896204286,38.9820648592974,15.0
9.520833333,15.4863665202839,9.6848827453239,1046.1935602154,101.779165937885,2178.89063802285,111.859378932652,368.190665036279,1.69583815985499,6.98124653885361,7.36928396376894,1.3978411988597,6.64400940325917,5.75488158761703,0.0678373160677861,0.0044049104403829,0.0023644768613226,10.6240802770172,39.0412985298831,15.0,2884.46603000621,223740.0,2,15.4865866231971,5.1376649557496,1045.04289155707,97.1546272724344,2180.44225084276,111.796259665116,368.291417371348,0.0551661334113458,6.02374535343901,7.56486076426623,1.08779833650928,6.41531141321767,5.82120433373454,0.181325110915715,0.0090953835772402,0.0050425059671549,11.5895881039111,39.0176444930252,15.0
9.53125,15.5308916737313,9.11674158024434,1048.27615112503,104.018499503268,2182.77013567241,111.919620530507,368.173576305607,1.65126405899396,6.97084521230764,7.1099639569982,1.34555835671035,6.76847782443661,5.74686893352438,0.0656020698951716,0.0042858297212986,0.0023041198024367,10.6243353761731,39.0607621599995,15.0,2890.66405897262,223385.0,2,15.5129346840653,4.94816141772464,1047.43814123446,99.4582242311217,2184.98241025229,111.903682862344,368.428754046217,0.054647796575761,6.03324741894924,7.26441437119242,1.05501137982055,6.53935921605096,5.81167298182588,0.180224059616036,0.0090511839846615,0.0050292831759883,11.5706231807397,39.0534393836091,15.0
9.541666666,15.3994142375483,8.49447683056165,1052.66604179671,104.784514554189,2194.65854131267,112.410770994816,369.577404371682,1.6311259908675,6.9949639584287,6.67335170104403,1.28671232445168,6.76618055884128,5.74075432583347,0.0617754992248523,0.0040677541057356,0.0021874440884922,10.6345351564415,39.231178963188,15.0,2904.99633899495,208725.0,2,15.4543971190592,4.67254239712103,1050.61183547165,100.625834101894,2192.91383461585,112.191214227597,369.179423816528,0.0517729701716402,6.02535346336881,6.9124620394727,1.01257529386219,6.57951675071811,5.80836056640355,0.179884589439911,0.0090374465991925,0.005040971768457,11.5914009911164,39.1525899980291,15.0
9.552083333,15.6502334666099,8.92525948317245,1050.9317169724,106.651768804132,2187.55810025227,111.892870937562,367.692641204791,1.61077432311645,6.96391482865473,6.70498589943047,1.33099662689903,6.92601408199373,5.72796130127748,0.0587631121742346,0.0038904141644228,0.0020940092414939,10.618829709411,39.049848531595,15.0,2897.83271002706,228390.0,2,15.5519729649871,4.87087684276449,1051.94774583142,102.101112952355,2194.4893171923,112.138013126554,368.796185175824,0.054867147266355,6.05932939190367,6.73833322663916,1.03282943098087,6.67982327752591,5.78957290817016,0.17772025152513,0.0089497043107022,0.004973260493266,11.5411741909218,39.1333384865851,15.0
9.5625,15.6622833761494,8.86082170711408,1048.55373776581,106.924813862164,2183.65343834494,111.551656844687,366.409771471479,1.59326027089165,6.90411984431431,6.50115659249212,1.32907547505488,6.92638473264559,5.73486506325949,0.0571344781505474,0.0037939330816226,0.0020455544305326,10.6265413374983,38.9305216785727,15.0,2892.01795497574,225310.0,2,15.6514912896121,4.91854549577821,1049.0873264697,103.003274658059,2188.08708846151,111.660212948236,367.054242761691,0.0533160555946197,6.00367520162026,6.62044651445153,1.04335879617287,6.73593282006905,5.79456926317552,0.177137953429209,0.0089272696494316,0.0049567067698391,11.5436122823353,38.9662699023439,15.0
9.572916666,15.6290461519035,8.71571837362617,1052.77863335834,108.32093021107,2193.54301577776,111.907373373633,367.400875957386,1.59078453944057,6.88496915749403,6.24709955291872,1.31848140320781,6.98682890397276,5.73250843158624,0.0547309241299935,0.003644132331751,0.0019650040625981,10.6308173532049,39.0546555704078,15.0,2904.75411318645,217760.0,2,15.641506768808,4.84448453365242,1051.14973284551,103.952033964395,2193.29483934554,111.779437404766,367.281717081124,0.051702408938633,5.94737011708757,6.40349107430167,1.03314005046429,6.77702463537348,5.79613829337058,0.176643887862045,0.0089081550874459,0.0049507108131742,11.5660719991111,39.0078036408472,15.0
9.583333333,15.6165529622414,8.71292442464037,1055.66749171684,108.854292395984,2200.61822706625,112.121752181083,367.93293147162,1.5998102507265,6.87955590993941,6.07492964356327,1.31959750515202,7.00620640405636,5.7268607560158,0.051527305705207,0.0034453772529096,0.0018572774343752,10.6323280609874,39.1297319774347,15.0,2913.24332010691,213465.0,2,15.6238014399592,4.81216543062379,1054.42223085036,104.654293458156,2201.15195163979,112.033319050881,367.950034398378,0.0509868003998625,5.91535354849842,6.20828477086428,1.02684478140032,6.80603669048073,5.79296754908273,0.176033688291053,0.0088837135434267,0.0049383654565721,11.5876019152995,39.0965625758066,15.0
9.59375,15.4567873085027,8.36259167023493,1060.06814560847,107.946166720111,2213.2037739438,112.635424587343,369.45305176153,1.62257551569228,6.90147472758434,5.66559055707124,1.28461986182247,6.91804356613938,5.72147728018589,0.0473873919194735,0.0031865824425502,0.0017163873016378,10.6406992917238,39.3096026166092,15.0,2926.96212392839,200005.0,2,15.5277578053821,4.62526545666154,1057.956874432,104.215281673238,2210.9345711283,112.397261796745,368.994772883347,0.0493546748381992,5.8875818404578,5.90982642096616,1.00038628308781,6.75804633744644,5.79196187147104,0.175841116365861,0.0088759801027401,0.0049470663170303,11.6288174169605,39.2240083254136,15.0
9.604166666,15.3139189984706,8.00921517119292,1064.75716718552,106.368133991934,2226.09751864199,113.172816342236,371.058394621791,1.66071496546466,6.9459310366465,5.31016705592298,1.24702426068772,6.80661767277435,5.70873425712373,0.0425377038616904,0.0028798033561403,0.001549222425756,10.6417818640666,39.4980857147944,15.0,2940.7140873737,191345.0,2,15.3854783655157,4.41272604321707,1062.52466196682,102.860765452872,2223.46725899807,112.917672398071,370.558760242904,0.0495707839252434,5.90228639980591,5.55219534552005,0.967144420853039,6.65885310306434,5.7826682619655,0.175199777305347,0.0088490749754002,0.0049457663738612,11.6507735439364,39.4063673293454,15.0
9.614583333,15.6868882056894,8.64270113883358,1058.1192751336,106.228645805498,2209.06173902006,112.149623768832,367.598537177157,1.67824992171538,6.87882216148917,5.41854093847856,1.30681486939513,6.86654515061301,5.70051728650978,0.0393007258439136,0.0026861404463826,0.0014480227442517,10.6199654347713,39.1422188886457,15.0,2919.22502984535,222540.0,2,15.5376891088101,4.69525947885826,1061.22707458947,102.322374710952,2220.17470204763,112.613232280972,369.402983260689,0.0570807548905483,5.97338191848949,5.42488349359859,1.00435845589288,6.65587102058094,5.76024402992662,0.171819491766635,0.0087093186371656,0.0048400727565819,11.5491319897718,39.3012921130161,15.0
9.625,15.56413351542,8.00618352606616,1055.15308980267,104.114705353571,2206.56895794647,111.898435296282,366.678839050502,1.69457946922346,6.81155777560575,5.15727615851014,1.24446762841301,6.71151751535274,5.71592612072933,0.036937315921103,0.0025415419842817,0.0013717749129259,10.6324734923451,39.0561236494437,15.0,2912.6026133242,211770.0,2,15.6030243417972,4.52059269973086,1055.69895317446,101.062812153749,2209.83908503064,111.949437161371,367.123437723637,0.0564591615856448,5.92293187097394,5.30451896541527,0.987921842106242,6.58175847840345,5.77237527536551,0.17119780521248,0.0086844161243226,0.0048372231784728,11.531265132891,39.0710771186215,15.0
9.635416666,15.4796583241196,7.57845171825676,1060.97404092848,104.171331075781,2220.74225355838,112.484770579232,368.47676456624,1.73523017797491,6.82160188278622,4.92567900426219,1.20121649854002,6.6985371061266,5.71082516893931,0.0339030026363086,0.0023438772113816,0.0012631766045872,10.6307866862882,39.2624646952703,15.0,2929.58371905254,203775.0,2,15.5173149516377,4.28603467044292,1058.80211053849,100.299583054296,2218.57429612839,112.270894475092,368.070852286484,0.0574540986168016,5.9167459654356,5.07392046136725,0.951612755988894,6.52232912548781,5.7701875984674,0.170368571479477,0.0086499203915215,0.0048327010690429,11.5194898018555,39.1848432844969,15.0
9.645833333,15.5599368867827,7.62686935896819,1060.92784402772,103.492063283773,2221.02805873497,112.369689818278,367.99607343449,1.77969013714931,6.82123618538204,4.89478519811194,1.2032761064366,6.67203703107633,5.7048517066267,0.0310324876789372,0.0021605398923112,0.0011636950617885,10.6227093450694,39.2241258724655,15.0,2928.77839137877,209120.0,2,15.5299888986476,4.26731541036081,1060.93624904855,99.7862579014861,2224.04377117579,112.42312706322,368.455047647343,0.0610101486417498,5.95230581214145,4.94697235488906,0.946360635446446,6.49425171597798,5.76054632926191,0.168999986755685,0.0085922647759762,0.0047984314703043,11.4855319088811,39.2397094027063,15.0
9.65625,15.272897633878,7.06894304837411,1065.38136060879,100.842352456764,2235.12106286576,112.988763694643,369.927097608368,1.84236516413932,6.85963112045887,4.51275731458702,1.14561311903056,6.47869488380201,5.70591760122599,0.0279473039695169,0.0019553937934495,0.0010510333484911,10.6365252553509,39.4422467679403,15.0,2942.7771630017,188925.0,2,15.3990233834469,4.0023810366015,1063.01494397228,97.9177693945266,2231.31082493117,112.684186696793,369.228518570609,0.0591297013571287,5.94981254021238,4.71943524298226,0.910118383445572,6.36874573826821,5.7643186058858,0.169808174156701,0.0086254458796761,0.0048376232945224,11.5164063592989,39.3326740631643,15.0
9.666666666,15.1778646310803,6.98873154554306,1069.86118159498,99.0566389641001,2246.82397643008,113.481958525921,371.454523364809,1.92448238428409,6.91629794830704,4.24980639626208,1.1333555176164,6.36995771980268,5.69107347441578,0.0246775799175548,0.001737852727981,0.0009322622281112,10.6303262949648,39.6165192980751,15.0,2955.22109863347,185235.0,2,15.2351626846936,3.85993931231375,1067.73830551795,95.7963215473267,2244.22484535219,113.246536545154,370.990570646268,0.0621202668807143,6.00009537342431,4.41788527518977,0.885721629642343,6.2326398971177,5.7516694527938,0.169094890663369,0.0085949872394667,0.0048289580767751,11.5175517315319,39.5309465777738,15.0
9.677083333,15.260208987518,7.45970734809284,1068.02358705299,96.9217475595786,2244.0458812111,113.243258677708,370.626602476629,1.99937502755833,6.91701979206625,4.24676215449512,1.17550530298656,6.26011863327171,5.68509138150124,0.0220514696846943,0.0015679032719367,0.0008412580345088,10.6223111143163,39.5354631832672,15.0,2949.29740512095,193775.0,2,15.2311517695916,3.95787530661256,1068.78277798522,93.8471915347587,2248.18963211794,113.348520546628,371.251978882351,0.0672926095939505,6.0588926650864,4.27933194493903,0.902059628803478,6.12301979930828,5.73885517197234,0.167716270061479,0.0085367825079999,0.0047856341666237,11.4838830649801,39.5687557853744,15.0
9.6875,15.2071408756377,7.77045791030032,1066.22949808247,94.208323974343,2242.64184840643,113.084670099409,370.082722135385,2.06516948449633,6.8928442139861,4.21165984027021,1.20324610929304,6.1015177382795,5.68924171851672,0.0200252491312664,0.0014362827376482,0.0007707234267542,10.6235589100041,39.4825641070749,15.0,2944.29722010383,193540.0,2,15.2273146778182,4.02415107594196,1066.91032507199,91.5222944815142,2246.29366586284,113.154505489633,370.575739942118,0.0692639327389394,6.05642424282771,4.23887337641083,0.918708757810475,5.98995295135645,5.73929855735324,0.167377486871271,0.0085226122556211,0.0047720427027918,11.4742361325027,39.5034095021743,15.0
9.697916666,15.2025490306824,7.8007119621217,1066.19159911799,92.4477672160425,2244.25627029545,113.074496412487,370.02404009733,2.12011778204514,6.87239990454971,4.14972230373129,1.20330345554676,6.00237079190229,5.6899876716473,0.0185138068379966,0.0013387406688057,0.0007182000494876,10.6200885392654,39.4815156012302,15.0,2944.1067665554,195625.0,2,15.2051869002978,4.00896130622689,1066.36511531951,89.5110289481448,2247.13293040049,113.104402448107,370.380579130954,0.0726327437593503,6.05284849207766,4.18226634221817,0.921411613860393,5.87429175037405,5.73852780863339,0.166381748204848,0.0084811125824358,0.0047475761097775,11.4563760889305,39.4883849709067,15.0
9.708333333,15.1386647044024,7.52624368292791,1066.47056781207,90.3719219410388,2247.10644582654,113.137174574489,370.20113228339,2.16972932087579,6.86734512079089,3.98490242334549,1.17262674482332,5.87855023215557,5.6918503286509,0.0173123210647265,0.0012601826130485,0.0006753138634477,10.62119878307,39.5058431335536,15.0,2945.09481417831,192675.0,2,15.1673054351789,3.88219201057935,1066.30128774036,87.5969592476768,2248.99274945367,113.115365178814,370.388356873231,0.0751413522914257,6.06348058968585,4.06184172611732,0.905324096126518,5.76218122368742,5.73872588030629,0.165606465289584,0.0084487696296188,0.0047366249088636,11.4380320419046,39.4946497040145,15.0
9.71875,15.0779903910588,6.99436929916092,1067.57367268591,88.5931788217099,2251.47937671241,113.283879370103,370.656440019844,2.22897349572721,6.87730787052041,3.77461541452211,1.11528440596488,5.77239041910164,5.69058252975632,0.0160519120793716,0.0011759179430292,0.0006291619725501,10.6200144117138,39.5594699260777,15.0,2948.35951315204,190145.0,2,15.108350754108,3.66925461930406,1067.08738441458,85.7404686026221,2252.60367518638,113.228893674464,370.733640673619,0.0796300370108326,6.10574449666486,3.87068379613825,0.873380749615539,5.65204864970653,5.73488018224824,0.164174095117648,0.0083886686789581,0.0047146144893292,11.4052951617528,39.5366784344646,15.0
9.729166666,15.0300207807938,6.81096619732737,1068.094028131,86.7175491385849,2254.43555681238,113.368109749383,370.92202643722,2.30310835246069,6.89007745518614,3.65384985261077,1.09212343291524,5.66274520907966,5.6892706266524,0.0146593680775909,0.0010818936358149,0.0005780325380105,10.6176649426078,39.5913161900625,15.0,2949.84643984397,188860.0,2,15.0554129069041,3.54282545889487,1067.81942696187,83.9240861616596,2255.94565226152,113.337129065932,371.06948505289,0.0844924230727237,6.16204562109103,3.7018462281506,0.852430167796613,5.54502514164542,5.72937853918134,0.162824262722185,0.0083319055172348,0.0046884838515936,11.3669600812459,39.5768814525611,15.0
9.739583333,15.0212205863096,6.74269197000472,1067.54852781635,85.0135714371402,2254.69415490018,113.320981902091,370.778330193661,2.38481365990756,6.89332413806983,3.58944168895332,1.08056827970445,5.56636516275935,5.68921354224733,0.0132927107609416,0.00099005549602,0.0005285862469138,10.6133888824834,39.5773796799401,15.0,2948.19970944702,190465.0,2,15.0281417084081,3.4754303931264,1067.79531475662,82.2039865591617,2257.44504974996,113.355196160823,371.124331799824,0.0905899778267193,6.21250843438559,3.59226414014335,0.843196937988082,5.44550324718633,5.72448581737218,0.161316441973187,0.0082683686661872,0.0046538129441301,11.3289442870467,39.5856736617205,15.0
9.75,14.9971107080651,6.8657057584681,1066.75305810864,83.2324109119948,2254.46932104213,113.255540242393,370.58932347633,2.46209454423784,6.89064039050803,3.59891053270401,1.08874254019162,5.4644986651167,5.6917069010633,0.0121428417240088,0.0009130193883925,0.0004872208284625,10.610922535408,39.5571138909114,15.0,2945.8925757543,191025.0,2,15.0085874974556,3.46359604807878,1067.11324928224,80.5192618407176,2257.46580195657,113.300655220859,370.958416141655,0.0951094700907128,6.24434125963737,3.5528327354609,0.843695230420129,5.34845759393257,5.72305943384014,0.160468395498623,0.0082325169053238,0.0046322715266461,11.3013462027181,39.5691715142139,15.0
9.760416666,14.9684121047418,7.01458567400366,1066.4806768805,81.8256631379183,2255.2104915899,113.241763186901,370.574497323414,2.52791522612564,6.89101400029068,3.6225942356743,1.09994201607532,5.38240131411418,5.69399367857979,0.0112615215299423,0.0008543667174033,0.0004556366958547,10.608870198967,39.5548915787244,15.0,2945.16598777301,191045.0,2,14.9822132174241,3.46792437291655,1066.64004796981,79.0282586544058,2257.88271987552,113.267897083712,370.874796072709,0.0983624749366651,6.26083879149797,3.55693017746078,0.847488722876568,5.26169892000101,5.72346161238055,0.160129838967144,0.0082180776484241,0.0046227878087324,11.286829521794,39.5602762245752,15.0
9.770833333,14.9417760311553,7.25562314379345,1066.24504189383,80.5313779735294,2255.95279204467,113.23334283194,370.576217298672,2.57765166144174,6.89780418732557,3.67007566408931,1.12057818395637,5.30685915895268,5.69554039180273,0.0106460819537288,0.000814182174242,0.0004338639455141,10.6075011060215,39.5544787345729,15.0,2944.56993808291,190965.0,2,14.9549854152505,3.50147519720685,1066.36428342403,77.7316138704406,2258.64395544663,113.255401706979,370.861030635798,0.100080768194077,6.27060986589382,3.58741755864912,0.85523223487915,5.18579218843884,5.72440772467925,0.160263662692208,0.008223472737163,0.0046235026606673,11.2824143828528,39.5584144020099,15.0
9.78125,15.2131625239694,7.80039493850432,1059.41380259237,80.4256219509226,2239.93776647146,112.36903044354,367.773944602349,2.56686192672598,6.86781753095905,4.12033880768456,1.17191539338991,5.33171084940558,5.69529795745342,0.0106226186315131,0.0008218657411553,0.0004392407350842,10.5911516880715,39.2550684388911,15.0,2924.38142587465,212185.0,2,15.0977102793633,3.73123092106623,1062.65785913298,77.2747924230924,2250.53808914595,112.790245720742,369.346826492558,0.108422821170207,6.29542233943484,3.85242291560595,0.89234154466728,5.17404322948281,5.71917416216238,0.158408480710139,0.008142805073056,0.0045569161868529,11.2323823882941,39.3984445047717,15.0
9.791666666,15.190741152375,7.7069416189713,1055.95735220053,79.8078772240371,2233.72097944916,112.012642725051,366.605046143077,2.51958127867351,6.86161851328326,4.13472278616045,1.16237519545493,5.28855728740169,5.70527501570178,0.011171839972128,0.000865383926605,0.0004625326261457,10.5966750767294,39.1329831661982,15.0,2915.42766068104,209210.0,2,15.1897646760436,3.75087492397631,1057.14364648857,76.9156772525219,2239.07809121797,112.159688363354,367.286817254512,0.103996851766504,6.27512324587569,4.03850113315323,0.899681301372394,5.15676505142677,5.72978615186262,0.159663906107101,0.0081948272508691,0.0045871513170163,11.2312926999721,39.1805590708035,15.0
9.802083333,15.1915263622232,7.61253457357569,1057.94484037568,80.6051312317607,2238.22336115434,112.191869014695,367.150994122697,2.48431597670697,6.90167643003074,3.904345831696,1.15219749422696,5.33086853917462,5.70210804765558,0.011732183091502,0.0009059282892137,0.0004833131393785,10.5960425661717,39.197753098598,15.0,2921.48546174833,206950.0,2,15.1900573537816,3.71777411483974,1057.35779358537,77.17787055891,2240.00908918025,112.161235655393,367.270054397438,0.101478447661168,6.28532696783773,3.93288774071924,0.8918966139353,5.16923520256631,5.73085118383758,0.159946863501964,0.0082074294371406,0.0045975534555097,11.2380086648378,39.1833778437032,15.0
9.8125,15.2471293198984,8.12019847821435,1057.42739047776,81.2035003810988,2236.93795926673,112.081518252043,366.745875068024,2.47331789172278,6.93693409334024,4.117405401402,1.20172272203864,5.36938304394108,5.69860608223973,0.0119336163464019,0.0009206218541071,0.0004907126463808,10.5935929651979,39.161289885494,15.0,2920.16814999836,209120.0,2,15.2243296049171,3.87358618324376,1057.66171940191,77.7751092370132,2240.74748096026,112.148377336943,367.186774816299,0.0991262445544892,6.30340793954894,3.98050957420922,0.912357012086285,5.20503265746789,5.72874875790589,0.160883487135478,0.0082466235486415,0.0046108863019031,11.2512760812129,39.1810727141903,15.0
9.822916666,15.0244003887458,7.63870525692645,1061.61251093893,80.7187025182069,2248.37552552377,112.623701544849,368.481104720476,2.50845653371787,6.98850091227714,3.84549544554451,1.15321595482914,5.31198322280511,5.70011979747635,0.0115403790421822,0.0008880390564096,0.0004716051143464,10.6076204927005,39.35287011765,15.0,2933.37331152291,192015.0,2,15.1218149209701,3.68969457549368,1059.53349303903,77.6458292583073,2246.17911968437,112.379565841601,367.918410205723,0.0938400737597105,6.30076431384749,3.9074078896607,0.88860601438854,5.18406316343699,5.73447548725208,0.163048039146856,0.0083379115904925,0.0046798226681446,11.304222488567,39.2638967442071,15.0
9.833333333,15.1318178891912,8.03810841457523,1061.75678596005,81.4702897096008,2248.04893404418,112.555761885411,368.230358310377,2.53927794738666,7.01167316084752,3.98500813298707,1.19083225614765,5.36682410697837,5.69039713684106,0.0111120796276667,0.0008597872108109,0.0004566910191594,10.5967810203162,39.331250461839,15.0,2933.54503527859,200520.0,2,15.0943621553491,3.78134518314228,1061.77437200768,77.8706387558674,2251.51937366222,112.605482636074,368.62403493369,0.098525171978481,6.34552238797984,3.87876448314694,0.897532520482806,5.19461538302928,5.72396037335034,0.162069539846505,0.0082964797278417,0.0046477311560325,11.2941396457857,39.344961145118,15.0
9.84375,15.328254922246,8.91651176370049,1055.2345024922,81.6694243312298,2232.80807497561,111.733248218257,365.528354344826,2.51684965714048,6.9734586639001,4.42478167800719,1.27818934180101,5.40683867461071,5.69422348042118,0.0113376417988743,0.0008830728395121,0.0004711691740719,10.5876512971014,39.0460790438621,15.0,2914.51476255449,216950.0,2,15.2431964484716,4.148270525812,1058.03492407632,78.3680303131057,2242.83166615273,112.10536710055,366.953323419039,0.100620004832082,6.34279716056831,4.17239306103213,0.954317719366528,5.23989419270874,5.72278148969502,0.161954240160183,0.0082902171190305,0.0046181828898796,11.2742708783742,39.1724400322156,15.0
9.854166666,15.249682499036,9.08570985379928,1054.5419865046,81.9791860354642,2232.75532541743,111.676767651377,365.307479218523,2.47022212717518,6.96182027375654,4.55589832434856,1.29800649589591,5.40680498542051,5.70342710284547,0.0121150660867117,0.000938562191636,0.000500909169871,10.596780473518,39.0285462337759,15.0,2913.96696829588,209250.0,2,15.2746882026742,4.24643012755503,1054.67231393873,78.718115681586,2236.2225240567,111.706445963115,365.624889151728,0.0923771161836022,6.27010600425757,4.43285645354676,0.97510584610647,5.25828027513253,5.7370492350587,0.164474916219853,0.0083959520721768,0.0046761691385904,11.3179670710051,39.0352103294647,15.0
9.864583333,15.293259823453,9.31941874563995,1056.47162079681,83.4451636053913,2236.59018467605,111.803624562557,365.652741295129,2.41501833461742,6.97921252247924,4.71485413650248,1.32299499386474,5.49525579519622,5.69916896008202,0.0131850432318639,0.0010139092815165,0.0005407508873378,10.5950803636327,39.0747973979722,15.0,2919.77859925043,210600.0,2,15.275974172513,4.34508975931704,1055.86668339632,79.6956369644787,2239.12584319617,111.786510481179,365.834809413745,0.088570712406768,6.23857426028516,4.6001253265511,0.987492899245424,5.31339184357795,5.73861949631509,0.165520486838359,0.0084397381753677,0.0046962781111296,11.3493042232841,39.0651931720347,15.0
9.875,15.2559513344187,9.42516401334794,1057.53511202401,83.9602433024995,2239.88170886212,111.912773125917,365.927213023082,2.36525710523702,7.00610248643149,4.85880257560735,1.33467274541128,5.51583831435803,5.69765339081655,0.0142549106528976,0.0010868956677842,0.0005790752044806,10.6012085211358,39.1146488105019,15.0,2923.7487743611,205755.0,2,15.2716094387329,4.38725685782944,1056.9730865449,80.491508894373,2242.10426066578,111.871686075553,366.044705822088,0.0829583061770436,6.21535618523032,4.76568999437399,0.992776182445346,5.35592356430608,5.74169122369147,0.167246648528769,0.0085117425406133,0.0047374936771631,11.3936118206135,39.0967400488413,15.0
9.885416666,15.0823180184696,9.15767765664113,1061.72345759649,83.8734131755821,2251.1352385705,112.43157030271,367.529542185436,2.34519949535707,7.06272138424854,4.71368377412697,1.3080748384132,5.48792258425035,5.69247030303893,0.0147698519122014,0.0011172089567029,0.0005935897735256,10.6117212850575,39.2975160920355,15.0,2936.99305344207,192910.0,2,15.1609981912574,4.24147780375098,1059.70875993298,80.5850499767902,2249.65041521539,112.198174605622,367.041501581049,0.0774192014313205,6.20352722307686,4.75918689893379,0.970895944370846,5.3479191372028,5.74323788479334,0.169108708045374,0.0085892154789493,0.0047951722337903,11.4529986998629,39.2124063612521,15.0
9.895833333,15.4998246409887,10.5426697072239,1054.37088160851,85.5886052547039,2231.3329162893,111.356385787384,363.939093500029,2.2831271118261,7.02849944869577,5.32080173791179,1.44605415525167,5.65534633478124,5.68202121189915,0.0159291153446935,0.001208146597799,0.0006452872573246,10.5879421907933,38.9232331976856,15.0,2914.13333672821,226725.0,2,15.3338572341672,4.84249736782961,1057.83653485949,81.7265492542868,2244.19453626232,111.853719587652,365.808354674381,0.0828727905992958,6.23989103499069,5.04910491549217,1.04923651439726,5.44356039482074,5.72635036800523,0.167264609158946,0.0085120640363649,0.0047070466625175,11.4056097642471,39.0936689998703,15.0
9.90625,15.4155391791176,10.2924380893834,1050.56914489687,85.4913986037536,2225.52140788118,111.001259878415,362.692166752413,2.20562140746477,6.98896844427102,5.27244279122045,1.42665636631782,5.62468919236597,5.69728539352363,0.0179055469658109,0.0013453600685779,0.0007201706209255,10.6045511631318,38.8006133163028,15.0,2905.5569934967,216715.0,2,15.4380609305349,4.88488444634204,1051.41538428595,82.364845364393,2230.72625454515,111.095813876883,363.249892656988,0.0751970333730281,6.15144392998478,5.26574985865357,1.06532647322159,5.48411543601427,5.74465712377364,0.169072736518811,0.0085888123615862,0.0047512130789565,11.4519126315091,38.8303806218632,15.0
9.916666666,15.3974742461976,10.0321383565614,1055.44856838603,87.596489786095,2236.24082734286,111.454286169982,364.046170856787,2.15596865993668,7.000926068895,5.33108022174626,1.40384630825017,5.74043057933952,5.69281569155593,0.019502400694952,0.001448794353259,0.0007743179351325,10.6069267417595,38.9601922809615,15.0,2920.30990111704,211860.0,2,15.4051490597285,4.77302430343896,1053.76919434464,83.6109079310786,2236.53743741625,111.312180945934,363.854142035672,0.0720195631421207,6.11688618707617,5.31370195281136,1.04645442592678,5.54908620007056,5.74644791245352,0.169694737051451,0.0086153225340608,0.0047750969786292,11.4797641443216,38.9073519667885,15.0
9.927083333,15.3898214412615,9.77309052271328,1057.09046088248,88.4984897770008,2240.50041651433,111.593236821255,364.373055170591,2.12593322445714,7.01969709849869,5.33980779195233,1.37875319302502,5.78795604225785,5.68874265483303,0.0204955872971869,0.0015119239915165,0.0008071216064975,10.6101513406686,39.0098605747884,15.0,2925.79913980534,208625.0,2,15.3951960166086,4.67675132554076,1056.29995494288,84.784021010644,2242.48213214588,111.535796431468,364.466065666343,0.0702307309211194,6.11795096136263,5.34614679946676,1.02899529328917,5.61332363602056,5.74418220669161,0.170222418050647,0.0086371232969516,0.0047949645165002,11.4975883571661,38.9866535568595,15.0
9.9375,15.0609663395885,8.63643883626694,1063.75175572774,87.4813313954522,2258.83745659831,112.465458321559,367.087610208598,2.13246541098759,7.09467168050508,4.88369671724987,1.26465725398064,5.68862453541198,5.68385460799134,0.0201897141227525,0.0014813023407224,0.0007879116315316,10.6271590144487,39.3158339190518,15.0,2946.70458462803,185415.0,2,15.210713295163,4.19444429041049,1060.44113827603,84.4238451272596,2253.79308262112,112.051033395889,366.046121871109,0.0659282221742949,6.12921360506311,5.11316731140332,0.958786314551034,5.57154382871907,5.7456512660832,0.171746172193085,0.0086996612081886,0.0048669598238342,11.5485679292546,39.1677582300067,15.0
9.947916666,15.5572280014543,9.84375003671815,1056.68555938864,89.5609801495595,2238.80575166883,111.370150382897,363.416349789857,2.10644303636982,7.06556173186759,5.48717992424117,1.38277196393169,5.88719631401357,5.66687346326465,0.0203753933194475,0.0015048209200209,0.0008038443205374,10.5952666237464,38.9341042311345,15.0,2924.07967170819,224840.0,2,15.3637118614407,4.67569255168487,1060.10683396101,85.4038321626512,2251.63302252445,111.877624615635,365.337628297839,0.0755140229103147,6.23499308483938,5.24872601719843,1.01488606090627,5.65739612912364,5.71675081846394,0.168520890996517,0.0085646553292905,0.0047504638484796,11.4470335967189,39.1083416814379,15.0
9.958333333,15.4263641731185,9.27580101912254,1052.23326624377,88.5029670632642,2232.41800815778,110.99092420728,362.093017945721,2.06624297236981,7.02236002167834,5.30520185555061,1.33015589278877,5.79428205799417,5.68455282841494,0.0214209951334614,0.0015779312386255,0.0008450887580841,10.6131419209135,38.8028908718517,15.0,2913.78080586725,212700.0,2,15.4662807154031,4.59204397589721,1053.21882842299,85.5659988228896,2237.32143779819,111.082374782687,362.650876524457,0.0705210851089666,6.17868431712123,5.36412420935717,1.0140026492656,5.66860625124489,5.73323149145121,0.169755460117016,0.0086168326951609,0.0047881429471293,11.4645189087041,38.8316943283981,15.0
9.96875,15.5011238760721,9.00318303513087,1055.62956279698,90.6521328759489,2238.73668780336,111.215354095622,362.70495622676,2.03487719191896,7.02068714311132,5.26797488905616,1.30534999942539,5.93146984342023,5.67852970428801,0.0224010819146758,0.0016423021583277,0.0008795111493617,10.6064471357438,38.8825532143047,15.0,2923.36593525973,216715.0,2,15.4701650888448,4.4995653522684,1054.75573726017,86.5583403021982,2240.84504976824,111.185847433964,362.878692221715,0.0716240144655642,6.18248003743552,5.28886758082231,0.996174808483713,5.72690139323184,5.72897188274344,0.168917077340589,0.0085823129636017,0.004773578011635,11.442567490373,38.8691459777777,15.0
9.979166666,15.4409250528195,8.5109120863353,1057.09990903705,91.0270468706086,2243.35751965532,111.373689104115,363.101007351736,2.02128818918122,7.03794613897671,5.0568127235318,1.25736544240078,5.93749702610573,5.67901534566513,0.0228287487296084,0.001666822065825,0.0008917826105189,10.6132312308862,38.9390948174066,15.0,2928.67370012718,208690.0,2,15.4656518732692,4.32120250071655,1056.27078690288,87.4164942404679,2244.59587717682,111.299112964812,363.135400521777,0.069859093585842,6.19055866200255,5.1560894248888,0.968829616342356,5.77191787846894,5.72996148286865,0.169339502964228,0.0085999290788958,0.0047968310005296,11.4476561273534,38.9099368060022,15.0
9.989583333,15.2971463257577,7.93292106343107,1061.48499394008,91.0755362737472,2254.83159658183,111.882745705248,364.641168156143,2.03781113025426,7.08974568165829,4.75455075258469,1.1992137565159,5.91766720907036,5.67260897950831,0.0219886865451179,0.0016031743501709,0.0008556712040368,10.6189119251427,39.1183667967201,15.0,2942.27580559033,197145.0,2,15.3627440751862,4.06223703666671,1059.45728889762,87.5008306221013,2252.98884858657,111.657908189911,364.200665882667,0.0687442838742865,6.21909322747728,4.90667505944056,0.927612704269949,5.76147685845048,5.7264821777626,0.169710545690221,0.0086149283921446,0.0048243507110668,11.4625903904306,39.0365885301936,15.0
10.0,15.1682629528642,7.29027320436211,1065.45413715714,90.2831473036862,2265.32217019269,112.351536559757,366.065493160206,2.08075775038322,7.15281474683231,4.47756146911413,1.13295212657299,5.8595296952151,5.66225579942103,0.0202935666165051,0.0014834772102202,0.0007899982852973,10.6205471222928,39.2837363851952,15.0,2954.070165569,189575.0,2,15.2338021760148,3.79220727142493,1063.50565435727,86.943003361118,2263.41971704557,112.130050803238,365.642706501842,0.0704096835623001,6.28673396866503,4.62431774474673,0.883396541017768,5.71667647896177,5.71628416780366,0.169331351899051,0.0085981326176463,0.0048332257055396,11.4601599938583,39.202994216836,15.0
10.01041666,15.14696510099,7.13231962814739,1066.40851658354,89.2522314552905,2268.57473420358,112.460885310066,366.350278054707,2.1356445221272,7.18911403195354,4.36573959183083,1.11432154566637,5.80152186353162,5.65354722162017,0.0184990914347214,0.0013608830433504,0.0007243483634999,10.6163674178822,39.3236642012006,15.0,2956.77773235629,190780.0,2,15.1645793239448,3.68577255972487,1065.8542063545,86.0104394110748,2269.84427897002,112.405702272551,366.45656799059,0.0745978527032632,6.37114105614919,4.42558646339968,0.863849578007897,5.65898121172711,5.70289427550546,0.168219547767278,0.0085508009081247,0.0048113352127153,11.4287609603166,39.300930313345,15.0
10.02083333,15.1310794946111,7.19598909706342,1065.62474761853,87.9326229768259,2268.16813291638,112.391080519333,366.080178491983,2.18988322483814,7.1972038519193,4.37376969980197,1.11842848050921,5.72734943239862,5.65130255880175,0.0170760515795812,0.0012647620689682,0.0006736086428961,10.6138581872499,39.3011800569057,15.0,2954.62345693497,192805.0,2,15.140227568105,3.67269782995338,1065.92543165307,84.871951578812,2271.2628489806,112.428301205364,366.469401004624,0.0781457856398018,6.42379226676243,4.35935567252737,0.863038073693266,5.59337032861438,5.69542483585392,0.167453871108682,0.0085180898561661,0.0047916673577782,11.3999928369256,39.3106343814028,15.0
10.03125,15.3762718239608,7.85135256371823,1059.2797149456,87.8383609223665,2253.00486394734,111.569322829946,363.379910428185,2.20213625758592,7.1489587343509,4.71467404854664,1.18256987959618,5.75744383038461,5.65171689726975,0.016670501453153,0.001244845071109,0.0006654361424007,10.5988602372698,39.0159193667967,15.0,2935.56606933018,213565.0,2,15.2712675791717,3.92690104537005,1062.2701835514,84.4413198001545,2263.15038974682,111.962130280999,364.894937064954,0.085086172743573,6.45370082574633,4.53278538734918,0.903461917356334,5.58630603037225,5.68771716027272,0.165382184868654,0.0084307237294624,0.0047190640134693,11.3375564748982,39.1496899713869,15.0
10.04166666,15.3004858067124,7.92758034334117,1056.38869221214,86.9565212369395,2248.65732507585,111.300365315213,362.461358443422,2.18778162913229,7.12802986522474,4.80733900550653,1.19182215847511,5.69105034143359,5.66247505602036,0.0170562366009813,0.0012728049971104,0.0006808398786882,10.6071328567404,38.9239346992835,15.0,2928.51614773714,206830.0,2,15.3226630733261,3.97768906276473,1057.35720749647,83.9255562105267,2253.33682703679,111.408087532415,363.052227107876,0.0808499483820531,6.40564456299804,4.7258904046003,0.917826455054014,5.55745618060701,5.69998304758139,0.166803408433054,0.0084902312874511,0.0047521670944402,11.3502547024029,38.9580153715941,15.0
10.05208333,15.4024591324116,8.44615019959922,1057.60218356549,87.9678010705619,2250.5121399628,111.323619160444,362.466877441981,2.1614960932909,7.13212892994502,5.15768056289365,1.24443849634951,5.76446029134069,5.65857320399784,0.0177837308484643,0.0013247926056659,0.0007086914367846,10.6005520234594,38.9339161818775,15.0,2931.60490303737,212980.0,2,15.3599140004055,4.15594313792543,1057.40645266191,84.246830460661,2253.69673989686,111.358353839065,362.827941005442,0.0797336190813985,6.38403400429051,4.98028666255726,0.943379441649842,5.58117132883307,5.69964874744748,0.167326127655903,0.008511845048673,0.0047528688199986,11.3586256294082,38.942544088235,15.0
10.0625,15.4272057907277,8.88391511978826,1056.61924834689,88.1609136119271,2248.87176079757,111.181427753971,361.920871391995,2.1238857973786,7.13940258469238,5.522178063542,1.28948261045856,5.77608199334427,5.65968206794923,0.0189413984769941,0.0014052778906134,0.0007517160968109,10.6040611128082,38.8858195308947,15.0,2929.23003107494,212260.0,2,15.4146733290139,4.33017490679238,1056.97779901041,84.7237793472867,2253.00451647741,111.251265260108,362.403430926823,0.0753004253447429,6.34785140542564,5.34215059277609,0.971160178580913,5.61351921511595,5.70440510315348,0.169055204262965,0.0085837539373229,0.0047847230362303,11.395810564739,38.9068063384012,15.0
10.07291666,14.8707683482719,7.45488385942544,1067.41991688451,85.9160342312141,2277.73399184284,112.593634931046,366.397811537286,2.13644601644311,7.25337680601284,4.78041179457824,1.14703816157768,5.5909769871191,5.65773120661775,0.019082214632747,0.0014015496225689,0.00074535826602,10.6359865472616,39.3810363802869,15.0,2962.08181935538,174235.0,2,15.1266845975679,3.7575989377414,1062.03162234924,83.3822562201908,2267.07998356665,111.912250374354,364.492595083383,0.0660268248597298,6.32102133724061,5.11564209423105,0.891394876051684,5.51130391034839,5.71524796685145,0.172588317037778,0.008729857890664,0.0049162659872821,11.5050400892431,39.1392582400199,15.0
10.08333333,14.8398806038996,7.22127660186179,1073.11333406578,85.293711915557,2290.91527658636,113.218706771435,368.311963884191,2.18235559637957,7.38046244092824,4.62932452913034,1.11822518253198,5.55924747798669,5.6258540116834,0.0179695853359174,0.0013213419553262,0.0007001629837112,10.6217797123052,39.6007289626354,15.0,2977.84029163947,175165.0,2,14.8883404155466,3.542531956438,1070.01465494026,82.0007063940673,2286.59577543888,112.870929557,367.515881198655,0.0703101554490544,6.44695063623872,4.75508813430176,0.84517311977408,5.41955922847461,5.68854719397398,0.171741023578618,0.0086932115008171,0.0049092205786444,11.5026809855169,39.475618636654,15.0
10.09375,14.7694610727346,7.01429062141924,1072.92584536919,82.4628359828744,2292.46270310641,113.289239127388,368.471691996361,2.23971985441032,7.45256500062091,4.49847157141466,1.09227449072267,5.40327012811435,5.61513840356929,0.016558016168217,0.0012260541126132,0.0006492787251219,10.6229158439132,39.6266451355322,15.0,2976.92922053832,175275.0,2,14.8130676485806,3.43512711194208,1072.59758851796,80.1193105002856,2293.76801389652,113.218542060845,368.55599286921,0.0740409892830173,6.57962056402744,4.5741246097377,0.828262408928057,5.31363129992411,5.66962048957058,0.171279839934795,0.0086722361612664,0.0049035370619486,11.4770315170336,39.5983444212889,15.0
10.10416666,14.6220351998426,6.4829278865011,1073.73999738232,79.7937816928402,2296.45610708241,113.487798139201,369.078173023474,2.3146130450768,7.50100572040013,4.14098036806116,1.0347566608831,5.24986668181988,5.60816318756396,0.0149820261521701,0.0011186636307915,0.0005920979430075,10.6233764023675,39.6975764522965,15.0,2979.19007532941,172480.0,2,14.6979917855559,3.23029150977995,1073.23008918177,77.5988134145614,2297.05319725882,113.387239360427,369.049133089852,0.079071786174676,6.68711206006566,4.30316340268642,0.798215265669217,5.17012208044572,5.65648413738116,0.170085528302551,0.0086219034602687,0.0048872593967829,11.4398957032739,39.6586787166206,15.0
10.11458333,14.4919126523946,6.31424818676374,1075.09573433391,77.2821059939424,2301.33376994719,113.7359824654,369.862988558728,2.40394254244287,7.5489741196088,3.9984409327787,1.01344363368047,5.10738110466802,5.60103572865751,0.01350112579359,0.0010170342423784,0.0005379300505561,10.6216450955901,39.7859829777327,15.0,2982.82242320768,170280.0,2,14.5644042089169,3.09754154506154,1074.38534378935,75.1210955065056,2301.4240706321,113.616916680988,369.763068804795,0.0842068490903351,6.78730985898293,4.06234498599698,0.776738813475116,5.02869541180653,5.64409854181641,0.168843011410417,0.0085701673346092,0.0048648221644934,11.3986228437844,39.7405282298734,15.0
10.125,14.2359784147692,5.26352624512782,1078.28998763779,73.9368416162149,2310.61719206616,114.218350287202,371.430814645828,2.5212006771614,7.60952227647002,3.4714644540275,0.903802656279853,4.91836195717144,5.59607026812487,0.0120183094212264,0.0009127829894206,0.0004818792183254,10.6250911097609,39.9563824014479,15.0,2991.33717649099,161725.0,2,14.3730742226188,2.76340686676621,1076.55460708626,72.2436340750071,2308.00448074919,113.971636945033,370.908866905274,0.0912120321225436,6.89690874582236,3.69889582991897,0.725075167040965,4.86619164324725,5.6341235814477,0.166906832079842,0.0084907802433178,0.0048408145940025,11.3612490624203,39.8661882704483,15.0
10.13541666,14.1482778944903,5.2766692636144,1079.60803254969,71.3537410361778,2314.89711363763,114.453672040979,372.229896078127,2.65796192402741,7.65441855425486,3.18918751732792,0.899482649093356,4.77608462051331,5.58853869503737,0.0106256852395201,0.0008157105472291,0.0004302757110088,10.6192206951916,40.0404413806949,15.0,2994.43717254247,161720.0,2,14.2142424621619,2.64983391708798,1078.75807956724,69.4528422497763,2314.33225108209,114.322488144771,372.063529782175,0.101240155145964,7.02601661990702,3.30671066728199,0.702366189265832,4.71007985656511,5.61898714275,0.163476430231214,0.00835126905614,0.0047627609087965,11.3000581290038,39.9907313211196,15.0
10.14583333,13.9378094137405,4.7087192240803,1081.31924723772,68.0988038602764,2320.30846690985,114.756541390504,373.294884750151,2.8193723332526,7.68133789683102,2.75152906919528,0.837261159187935,4.59564041912505,5.58981377624148,0.0093185014902365,0.0007228793583836,0.000381036717589,10.6216578351124,40.1482791135284,15.0,2998.44466744653,156370.0,2,14.0558113407478,2.45168869903267,1080.26694235817,66.5890052492112,2319.04894844396,114.595970076522,373.006113285434,0.111894207720599,7.12862396935643,2.91757599582677,0.67337088955877,4.55064285135816,5.61169278639065,0.159564138587397,0.0081936456349132,0.0046804974635384,11.2555917807957,40.0884550227659,15.0
10.15625,13.8031687210427,4.35184101063003,1082.55907887741,65.2002953367614,2324.20512171975,114.983639987066,374.165053116812,3.00216724134967,7.67837010965984,2.44773369420538,0.795837484530845,4.43693482393192,5.59235671263177,0.008124527839815,0.0006374448567502,0.0003360629068455,10.6185154754698,40.229788993827,15.0,3001.00723352372,154905.0,2,13.8923056644497,2.28527043969927,1081.77208389359,63.6849092431008,2323.50032658375,114.864581189075,373.976987868199,0.128312170909068,7.23063843038465,2.53815773329018,0.645244201839226,4.38952829226551,5.60439206813233,0.152612687336487,0.0079102658188912,0.0045183111625411,11.1914537170052,40.1848444458128,15.0
10.16666666,13.6381164813477,4.07960187736666,1083.62006066506,62.1491750643952,2327.59852885721,115.188121946665,375.015292157329,3.19267254208484,7.64689370567685,2.2144398290781,0.762804281461412,4.27044994022116,5.60178924849352,0.0071143291552987,0.0005642936014102,0.0002977502635413,10.6182600833653,40.3035882254674,15.0,3002.90607518709,152240.0,2,13.7392564433337,2.14845866285005,1082.92806974276,60.8260975874279,2326.9919943952,115.08542859449,374.842143518321,0.145239198630942,7.30624426126006,2.23796335094395,0.623140330304529,4.23156308400969,5.60288232087354,0.144704193636012,0.0075842313365273,0.004328639690354,11.1296181026476,40.2648955614181,15.0
10.17708333,13.4780013329266,3.843667383967,1084.71869857207,59.2987062471463,2330.79858124835,115.383975122594,375.88727562934,3.37835450747399,7.59296356876429,2.0179560292967,0.733307794312791,4.11495602019646,5.61460514503493,0.0062861909086941,0.0005038616714741,0.0002661848168257,10.6171696165134,40.3745719218503,15.0,3004.84635655601,150000.0,2,13.5796071084414,2.02624773981511,1084.01459164847,58.0392641050306,2330.1330676931,115.289435659872,375.703511462999,0.163979556773028,7.35297861749459,1.99329306526608,0.603332200969697,4.07783789574568,5.60592191810375,0.135460366948857,0.0071965681514506,0.0041014145298989,11.0719981275175,40.339395035687,15.0
10.1875,13.5158165901546,3.84224516262107,1082.41437717548,57.3439831904916,2325.95706697016,115.178977058213,375.490314730503,3.52525806273139,7.51311297261493,1.94187714846124,0.727025492477402,4.00625549744521,5.62824372600798,0.0056683020933818,0.0004612044286905,0.0002444209191863,10.6088594118923,40.3055268715496,15.0,2997.5176844973,155950.0,2,13.5154166109086,1.97195926015343,1083.56554157558,55.7768861916799,2329.55867761954,115.306435651832,375.993229699116,0.19131256761426,7.3823501278618,1.82409480017942,0.595781093148359,3.95091203394129,5.61015409239986,0.123498079125087,0.0066799087856395,0.0037921258023714,11.0008789177142,40.3488205658549,15.0
10.19791666,13.3245114933692,3.71402955809072,1082.02881497085,54.6554075807195,2325.62556239091,115.210899329377,375.888073715388,3.65037609776335,7.44088633539565,1.84955132933014,0.708737795020278,3.85800419368196,5.64911874382912,0.0051589593272365,0.0004253746784198,0.0002257152912117,10.6128012265659,40.3196018590657,15.0,2995.29626988474,152060.0,2,13.4223297770943,1.89747506034483,1082.28422821447,53.5157802564588,2327.09742646962,115.233244137809,376.023475148574,0.204177158312967,7.37774610091471,1.71067308067762,0.584863659195773,3.82394102428532,5.62366302787507,0.115830665744515,0.0063397495779858,0.00359263607106,10.9563965263453,40.3267481545193,15.0
10.20833333,13.291040819484,3.79962805534547,1081.619361862,53.020724748802,2324.6374955816,115.209565557558,376.19256787433,3.75644084946276,7.37303381410865,1.86755871718188,0.711688287436175,3.76607394933924,5.66312446801478,0.0047058924522364,0.0003948538689543,0.000209898126241,10.6065711738517,40.322216788183,15.0,2993.25144930936,154615.0,2,13.3248949610868,1.86486467826737,1081.96651756993,51.5715703394866,2326.50703192276,115.257131948332,376.391974077752,0.223358257007801,7.36318025852943,1.65516194876623,0.57996940499793,3.71435422943551,5.63421023165894,0.108116790960429,0.0059929001556563,0.003387188159191,10.9163696384486,40.3386843999447,15.0
10.21875,13.238565501971,3.79813263963133,1079.91808286805,51.2869873535606,2320.79226056999,115.075274353264,376.069370666897,3.83924152832342,7.31579821200193,1.86158233541633,0.706343569134157,3.66870453686484,5.67926627202446,0.0043218469357872,0.0003704447080813,0.0001972824678272,10.6048044732967,40.2784501669413,15.0,2987.56531948403,155910.0,2,13.2714009112188,1.83148269295875,1080.853476773,49.9451830938204,2323.98017555104,115.188185705908,376.467690737573,0.238789720540619,7.34712040747113,1.63454441729548,0.576318329019365,3.62153152890781,5.64641743643608,0.102569258550498,0.0057410906040074,0.0032391383660786,10.8851567686177,40.3180479824239,15.0
10.22916666,13.2130149505593,3.87800455092353,1078.09773769224,49.9450610311666,2316.47415314077,114.923873501484,375.888465765105,3.9047770211259,7.26973661177225,1.86666657961902,0.709436606979132,3.59211825626185,5.69302814929318,0.0039818955192946,0.0003497462615975,0.0001865630324998,10.6014748932436,40.2287610871824,15.0,2981.66853916346,158230.0,2,13.2312317427212,1.81667747198149,1079.17581387325,48.5347465905212,2320.0659121638,115.056644579466,376.34257417442,0.254041495405655,7.33329928159703,1.61973663039858,0.575052116121142,3.54019980452874,5.6577338242362,0.0975342419159392,0.0055101055810168,0.0031029924530561,10.8579938421154,40.2755079377514,15.0
10.23958333,13.1235275034928,3.80512472496454,1077.17676449698,48.620933925831,2314.11847780427,114.878342500121,376.04944229058,3.96667754565788,7.24005263112082,1.82394487696657,0.697712852602289,3.51634316327257,5.70628840268644,0.0036639025435971,0.000329702921429,0.0001759651646079,10.6015595823102,40.2161298431297,15.0,2978.29506814569,157390.0,2,13.1712931766624,1.77703511716474,1077.79351887728,47.2797659451497,2316.68938448392,114.959326245644,376.329156824017,0.265183103363119,7.32592032665166,1.58890961839542,0.569095850882276,3.46745114530366,5.6691509609139,0.0932324496442129,0.0053117795125147,0.0029885464287695,10.8394216137619,40.2449578491981,15.0
10.25,13.1178318489029,3.87204507530228,1075.68327076832,47.7738538311195,2310.22576425658,114.759412590949,375.967538686585,4.02439575125618,7.21544171276526,1.83695960805647,0.700116656641291,3.46656497278165,5.71614538466265,0.0033664630709536,0.0003117275878669,0.0001666476985538,10.597256022297,40.1778031378526,15.0,2973.44073245356,160045.0,2,13.1284331394398,1.76698270739459,1076.58649143866,46.2889784883291,2313.5296468879,114.87808198715,376.365261506129,0.281712157254199,7.32852058925978,1.56660688723367,0.567266888219043,3.4090742308019,5.67736131186838,0.0880337909208078,0.0050692517632371,0.0028467088495399,10.817778070143,40.2200805972723,15.0
10.26041666,13.1059155287691,3.92378094936048,1073.35915997719,46.9791424934279,2304.48246548125,114.553326156583,375.598079533647,4.07655807587197,7.19264724363423,1.84148634507698,0.701450680631349,3.41933379799799,5.72745186935181,0.0031026079907485,0.0002964379590559,0.0001588461589354,10.5948654952911,40.1090048376707,15.0,2966.31088385982,162195.0,2,13.1135177883515,1.76359410022962,1074.65728635258,45.5047360163048,2308.6974644582,114.716298172082,376.134350103381,0.296098113706777,7.33091364033487,1.55956706695096,0.567957794459591,3.36167293999759,5.68617430092567,0.0842064967945496,0.0048917661958114,0.0027431973201958,10.7993999713057,40.166926047689,15.0
10.27083333,12.9260650631704,3.71848561822383,1074.42215309622,45.9547818574675,2306.3094196971,114.730547918669,376.485766375671,4.13946863887501,7.18025262886234,1.72973661425664,0.677607402923286,3.35981601908636,5.74015452421039,0.00284880154815,0.0002784998756645,0.0001490717729268,10.5993116866959,40.1743938294976,15.0,2968.55779708097,156615.0,2,13.0173087313246,1.70224684081706,1073.99011035842,44.6363807682426,2306.62289255901,114.6991365572,376.381355790159,0.299990214207375,7.33440906818324,1.49886977078818,0.556721753770192,3.31041106475637,5.69717948897078,0.0807916115300009,0.0047272581516296,0.0026514408018453,10.792823561174,40.1644963432152,15.0
10.28125,12.8732378021731,3.69391368999168,1074.68682126558,45.4214783462052,2306.05276084726,114.803041843103,377.034850967863,4.20452828856997,7.16480082428784,1.69402011501621,0.671652215924311,3.32768445269758,5.74783189771482,0.0026061156294173,0.0002618790941119,0.0001402776110864,10.5958346907724,40.2030948488345,15.0,2968.65153608913,156850.0,2,12.9156248319921,1.67366110779076,1074.55034730714,43.9326582163988,2307.0777821148,114.811453578582,377.057322899993,0.317001041378341,7.34564647475548,1.4289783303279,0.549167361223681,3.26876756351105,5.70378128716906,0.0742057833843724,0.0044072078961308,0.0024680281972054,10.7781522128736,40.2076303748196,15.0
10.29166666,12.8816496544078,3.77057856456192,1072.65004124628,44.9029956591859,2300.69131882999,114.622806592072,376.761328626204,4.25877436860601,7.13809384272426,1.71492810809678,0.676068673685183,3.29672282142041,5.7582777561952,0.0024047031037707,0.0002502337863975,0.0001345636690831,10.5920817892898,40.1434075508681,15.0,2962.32892387845,159885.0,2,12.885482640766,1.67708405521802,1073.69182729585,43.4132490975267,2304.34490119558,114.763240542601,377.208204514851,0.336534226269722,7.3508728467831,1.40689369984633,0.550142717691298,3.23693319192269,5.71117545535559,0.0691054125467124,0.0041609056721629,0.0023258756806067,10.7601230732491,40.194442034143,15.0
10.30208333,12.8543594451072,3.83130684607041,1070.47509824805,44.4116268456009,2295.04921557888,114.430071111623,376.450542936477,4.30139215090353,7.10456595097793,1.72488451628138,0.679410747893368,3.26662439683638,5.77113704584557,0.0022511699340703,0.0002419821331411,0.0001305737509397,10.5900811700202,40.0794751610868,15.0,2955.67202241129,161490.0,2,12.8685877117069,1.6815106718382,1071.69205659355,42.9428702059635,2299.11512136033,114.590554981702,376.954351431363,0.349640333992446,7.34054258413978,1.40657944137055,0.552431050155804,3.20747720721197,5.72147102383626,0.066424097705656,0.0040357480957277,0.0022540696822502,10.747025245877,40.137538244222,15.0
10.3125,12.6992950373226,3.70143018801574,1071.32705309866,43.784030809504,2296.12796851943,114.576078577182,377.254038196976,4.34552683601124,7.08020789131344,1.65317302569878,0.664146488325795,3.22939969118924,5.7846761077609,0.0021213281532856,0.0002326608476611,0.0001254590825047,10.5934544909856,40.1341866217222,15.0,2957.40251686761,157095.0,2,12.7790021801089,1.64301674761287,1071.0273730487,42.4102654648387,2296.8104120376,114.567609426288,377.199089990572,0.350898549967865,7.32549252403122,1.37028011427169,0.545468565786248,3.17528754181137,5.73388208363112,0.0644934143421658,0.0039362593547152,0.0021992389321832,10.7438183348055,40.1331856410438,15.0
10.32291666,12.6681875700902,3.74488269743602,1071.14566267606,43.5571148885549,2294.68871989911,114.594679557022,377.639242443678,4.38470063549299,7.05616275136452,1.68086718713871,0.666078134099373,3.21440275662226,5.79353559537724,0.0020089378865093,0.0002255790015868,0.0001217503776431,10.5899576986859,40.1442396650542,15.0,2956.32724434711,158120.0,2,12.697363030873,1.6369602985218,1071.26279404819,42.0304189817256,2296.35719285666,114.63821613103,377.753576841788,0.363211128060382,7.31446906809082,1.35079542751173,0.542836920646435,3.15190734715455,5.74250160590567,0.0612719229895823,0.0037781097606506,0.0021092105219219,10.7353730014854,40.161665233939,15.0
10.33333333,12.6185505268809,3.76174908830183,1070.12359313694,43.1330264105066,2291.4861120648,114.527968296149,377.746308637357,4.41659610505198,7.03085559221522,1.7070668625831,0.665657348470998,3.18917277924095,5.80500285571153,0.0019243224780838,0.0002212043879078,0.0001195899433815,10.5894422104148,40.1244479121416,15.0,2952.85609234342,158280.0,2,12.6490310803477,1.6330839071015,1070.65333995729,41.6970350670679,2294.04286988367,114.615643214768,378.00078127397,0.369311010626526,7.30088808453128,1.3630498021913,0.542498962200495,3.13119312700667,5.7523401562586,0.0604391430029931,0.0037436382752354,0.0020898343789752,10.7301518986437,40.1573008912627,15.0
10.34375,12.5342190568046,3.76417280490121,1069.87576843028,42.72739572669,2289.97451276765,114.54762107895,378.139098606263,4.44333615274204,7.00767958615043,1.70673266515875,0.664065747882697,3.16495308748371,5.81613151444844,0.0018620676887485,0.0002176766159337,0.0001176893615106,10.5898384613395,40.13491146109,15.0,2951.54948105319,157045.0,2,12.5818683410547,1.62354367025834,1070.06420687598,41.3226037813461,2291.77810756119,114.597669264161,378.265970934685,0.370643610462944,7.28389045131987,1.36866439948868,0.540718132006592,3.10859626933407,5.76271653488909,0.060255343317563,0.0037381003065414,0.002087343378671,10.7286176408998,40.154518546204,15.0
10.35416666,12.623055403694,4.0080095687862,1066.78673415301,42.8161559117611,2281.99353225057,114.241292372149,377.449515169901,4.44961952459853,6.98129507816348,1.84424092136935,0.68668692895862,3.16744792442118,5.82374210485938,0.0018393054841022,0.0002200960217173,0.0001193973979388,10.5825295285321,40.0311627601254,15.0,2942.48879446314,163520.0,2,12.5869065932412,1.67144823030199,1068.46688842662,41.2109078195639,2287.22114248472,114.462647566155,378.139496591727,0.383456355763938,7.26320440837188,1.43279419388243,0.550206187571977,3.09988210801909,5.77022081928335,0.0605628710204702,0.0037783749196299,0.0021087393343733,10.7205060852245,40.11056433943,15.0
10.36458333,12.5276609573429,4.04506693741821,1065.46191355341,42.4211439862215,2278.20729212782,114.151735991642,377.465619542766,4.45158862721849,6.96824121638309,1.84739921618452,0.68935952572484,3.14302636563029,5.83596316028102,0.0018438102184926,0.000222326858033,0.0001205075017018,10.5862871242603,40.0033118100304,15.0,2938.28326275892,161115.0,2,12.5688606232508,1.68084780738314,1066.24142533842,41.0283880920222,2281.40348091437,114.265989038302,377.802250320426,0.370516180215152,7.2395330735889,1.4855309848047,0.554216408714483,3.08707346803254,5.78197350175611,0.0646804868170331,0.0039841050806039,0.0022255174141491,10.7261796988084,40.0448248484529,15.0
10.375,12.4723099845356,4.37566648948673,1065.82540730565,42.4247522473404,2277.90628377379,114.236628740981,378.047472403088,4.45382789343113,6.96629915924408,2.02548995864286,0.721414568053092,3.1409042477383,5.84219769491022,0.0018502164825563,0.0002235977011105,0.0001209025995652,10.5856474915285,40.0364239168705,15.0,2938.85772629079,160380.0,2,12.5058233138788,1.73591037437389,1065.81848785714,40.9002970430488,2279.52431943493,114.267824280228,378.115208745619,0.352164310322805,7.21499067390788,1.58599534208143,0.564424588071625,3.07816361377237,5.79040405897282,0.0711934534441454,0.0042965438901663,0.0023996779058185,10.7361368699741,40.0485252139006,15.0
10.38541666,13.1865256198464,6.67887156087239,1070.3191735027,44.7726932556478,2285.28980228425,114.693085095049,379.853379658846,4.47079951060815,6.98505756265432,3.12902147040086,0.951090557050289,3.26957644862463,5.85011809321516,0.0018486748831154,0.0002211617155812,0.0001187684066736,10.5957388808751,40.19954616904,15.0,2951.34575997415,150222.5,2,12.8358964058464,2.14283550911526,1067.92959935945,42.0398459501277,2282.91252069607,114.502741082577,379.200473762862,0.249996367623284,7.10749330965835,2.21414386236734,0.641072226909446,3.1422884863717,5.80480714036459,0.110694795269137,0.0061090874687695,0.0034307922607263,10.8147393089481,40.1321828798849,15.0
10.39583333,14.922824913378,11.9822545279017,1078.39730003412,49.727591153279,2297.47446591294,115.37271861852,382.3790444982,4.46355115785628,7.03172565341105,5.58843130900359,1.48142650721707,3.57531279746232,5.84964900098745,0.0019572616579662,0.0002260200544779,0.0001196266490289,10.6042986401296,40.4404789618127,15.0,2972.84369938416,140065.0,2,13.936620941452,3.15171682867859,1073.60634667151,45.2379051982151,2293.10953143715,115.01005011298,381.201202860628,0.150622746005957,6.78696400380879,3.8869857270731,0.834326546684598,3.33961815128663,5.8326167863891,0.163887542660738,0.0083824495459714,0.0047417981795991,11.0846571199298,40.3091556470577,15.0
10.40625,15.2742896173246,14.0603030309122,1082.17528633505,51.7606660148453,2303.38651917344,115.774768760377,383.891311510555,4.33133757090806,7.14365626107927,6.56616618841919,1.69109536310508,3.69558583332859,5.83400909450517,0.002487745153783,0.000264362881633,0.0001361336228354,10.6085385420336,40.5831333460036,15.0,2983.1787638552,137233.3333,2,14.8487737978403,3.75773554852068,1079.12660279624,48.1972869209952,2303.30622714455,115.515517036058,383.152915776275,0.117450120286286,6.44904682486153,5.52264721457677,0.967149903663759,3.52445072327241,5.86042395168162,0.180322759504796,0.0090389585998897,0.0051010088213543,11.4349659215484,40.4860241091219,15.0
10.41666666,15.8328807276156,17.5878583548758,1085.67380089778,56.8305968437124,2307.32052839306,116.073468564358,384.890474418998,4.05517469964146,7.36508974263764,8.06476693306828,2.04749528356123,3.98772187199701,5.80225045120429,0.0036830010234126,0.0003570790422998,0.0001799085690015,10.6179306436648,40.6879719833963,15.0,2993.60763082598,134401.66665,2,15.4213140672269,4.62199750503569,1083.05619260037,51.6920994844596,2310.01265656734,115.874078036347,384.494178594637,0.0886849965578047,6.23364095053365,6.95754389827953,1.10470289102069,3.73308259887342,5.87354574686036,0.185514731396667,0.0092456424199929,0.0051649659672115,11.7571242056783,40.6120159138054,15.0
10.42708333,16.8142293170391,21.8403412448009,1090.41964840294,63.3329346252344,2312.17766613318,116.413479225149,385.881459401321,3.7276721882087,7.66254304336945,9.83002420212668,2.47728601121155,4.38898465683568,5.75563208768254,0.00557516003489,0.0005010011049814,0.0002508655331109,10.6268761208627,40.805942826962,15.0,3006.77334796109,131570.0,2,16.1743563301396,5.8195184735138,1087.16676011106,56.7724606970871,2316.22234220818,116.192895743392,385.558988280502,0.065506287352982,6.01263485398801,8.64476717006846,1.28256973003571,4.04321519732243,5.87931628048967,0.187983438774145,0.0093493049805722,0.0051446870454564,12.1679408455729,40.7236558386936,15.0
10.4375,17.1921695635808,23.7508386747412,1088.24785143452,67.4517274577227,2303.4526245985,116.068430670102,384.511396362701,3.35084634345607,7.9370362164542,10.6674081833937,2.67494870139886,4.66510364468334,5.70146901495072,0.008983956653188,0.0007526743912509,0.0003787105823318,10.6267691528092,40.6829693392619,15.0,3000.3112498971,142235.0,2,16.8322015210567,6.96466193240291,1088.84615298845,61.716520037268,2316.62058728136,116.235403645634,385.559913819748,0.0558232381107112,5.90666522751875,10.0602607707842,1.43886461086478,4.3580892818713,5.86410399088892,0.187665719712586,0.0093410703759224,0.0050654796525339,12.5060382622586,40.7377363456005,15.0
10.44791666,17.6347780873984,24.7555926721928,1082.87012112719,72.7378643201444,2287.06012609534,115.276744080497,381.621359175482,2.95024437241561,8.0938432709518,11.3819822721465,2.78647585192205,5.0214368437888,5.6642438780821,0.0157202693212324,0.001225772208205,0.0006239216293519,10.6387818415134,40.4028353878017,15.0,2984.97678763984,153410.0,2,17.3310466658035,7.97148558811298,1085.72226587787,66.6564123295996,2305.90118458924,115.724916616652,383.619507117831,0.0483682417994909,5.91488656596153,11.0541418205166,1.56049359085129,4.6828851293064,5.83942442543053,0.188018261427229,0.0093571789299613,0.0050143513338037,12.7014391994518,40.5572791468204,15.0
10.45833333,18.096596915218,24.6176863124363,1082.43371285397,79.8877981366974,2282.02634294357,114.993702465395,380.413362672901,2.65257686972411,8.12025471735043,11.9877638279722,2.7861352226264,5.45830589771201,5.64527485131982,0.0264181754099199,0.0019231804468696,0.0009884824597473,10.6577279485279,40.3002987500534,15.0,2985.04141336694,154630.0,2,17.8107936091844,8.40868037042832,1082.99193677401,72.6951876686289,2295.85295254401,115.207223969634,381.633990899955,0.0419981142001925,5.86276630015306,11.8378458686322,1.60779422041515,5.06478786977571,5.82593727028434,0.188844622639608,0.0093926466585574,0.0050105000115679,12.8543849777158,40.3734839025803,15.0
10.46875,18.5107482451369,23.304950096193,1086.0521582417,87.9626932239153,2285.35991801844,115.091120325769,380.457476766929,2.47152436587335,8.08394362395291,12.0328659916388,2.66722577037358,5.94531678907363,5.63093233520652,0.0396737863366338,0.0027236370346906,0.0014087993163676,10.6699763658503,40.330261170112,15.0,2996.44022081015,153600.0,2,18.2507487277567,8.26613073281821,1084.22576823353,79.7297866629744,2294.13627774496,115.076223444139,380.931710058401,0.0388994253931321,5.79372504267703,12.2224136706363,1.5801790809977,5.49524683539307,5.81490514942124,0.189519364184076,0.0094216632365457,0.0050361938878916,12.9380417006099,40.3242219946084,15.0
10.47916666,18.8790811333,21.4243096726708,1089.27413406038,95.5758541181197,2287.58721156603,115.108697398229,380.23289342774,2.34882164894167,8.024232975756,11.685785089746,2.49031572398958,6.41150668069917,5.61874225300437,0.0537161359861575,0.0035168861541517,0.0018304666110493,10.6779824014745,40.3314858898029,15.0,3006.08270734523,153685.0,2,18.6448044587199,7.84560336370624,1087.3836458856,86.9599175353939,2296.01545664791,115.110618850436,380.769498132085,0.0378964205861002,5.77538288630193,12.133418713821,1.51515457841907,5.93755651852042,5.79955714835699,0.19048806115463,0.0094606136852336,0.0050839567692867,12.9313477937675,40.331962811921,15.0
10.48958333,19.2189517435628,19.9434948097064,1091.97152070431,102.888803697057,2288.96923225873,115.064378490163,379.808490197104,2.24823854342623,7.96534382218312,11.7719216805762,2.35301642822108,6.85205736290015,5.60812735254383,0.0664012250217286,0.0041974089655999,0.0022008871567233,10.6851187490377,40.3105697547046,15.0,3014.25974632655,152700.0,2,19.0035572304867,7.46008410328927,1090.2126851989,93.9443325141308,2297.11372497068,115.08758447655,380.417285074093,0.036946934323516,5.77771720157934,12.0422022407057,1.45355542757078,6.36292980766191,5.78369642093238,0.191734316694475,0.0095096267885339,0.005136330261239,12.8904970557503,40.3188955451179,15.0
10.5,19.5364306170212,18.7100019650125,1095.92253007128,110.19110401741,2293.72298407164,115.177292641768,379.90726953876,2.15671133233318,7.93891897936174,11.5961871763764,2.24009193675498,7.27173283543409,5.59522014224608,0.0755405862553964,0.0046720867399722,0.0024680994411968,10.6914732255692,40.3446266581175,15.0,3026.44935524923,148950.0,2,19.3334829527577,7.11196098037681,1093.48253503142,100.73257432615,2299.70873450255,115.118483193847,380.253875412063,0.0353429930021316,5.76463265546382,11.9573636808376,1.39792526420583,6.76496181050985,5.77014613962639,0.192688958984203,0.009547331727413,0.0051808902763086,12.8760903170797,40.3244297061555,15.0
10.51041666,19.8385276709177,17.3552762861219,1105.52708770893,118.56732991324,2314.85851868967,116.126294222783,382.743336927251,2.08241016024782,8.02635826625898,11.1354258830356,2.11299501396283,7.648665950393,5.5751346899615,0.078842859238675,0.0048477007376692,0.0025744013381402,10.7045849478695,40.6717450376876,15.0,3058.87073437468,130565.0,2,19.6377631572821,6.49507966596698,1099.55835474964,107.520408305643,2310.93873923066,115.571185457414,381.513073489354,0.0311352104273776,5.69708884341396,11.7015519925985,1.30808529692078,7.11560760727254,5.76487830739485,0.193291268521088,0.0095723083073899,0.0052371506137496,12.9800730107212,40.4778679760045,15.0
10.52083333,20.0708011059186,16.2669487998451,1113.89052718693,123.651947525688,2331.26136336612,116.852677472224,384.832707698376,2.01725240559057,8.18226224427557,10.6048138904304,2.0090055503695,7.91170798182852,5.53365580550384,0.077008423913957,0.0047624951242919,0.0025367180279592,10.6961791265577,40.9212343470654,15.0,3083.5578431973,124915.0,2,19.8842199397489,6.09095435980166,1107.74218439818,113.040957448576,2327.43806215691,116.307868079698,383.696757678854,0.0296505584526437,5.72074921922864,11.2649915701305,1.23412642668517,7.38981639132605,5.74016373953354,0.193328769248514,0.0095733700996392,0.0052657501282898,13.0585667496416,40.7310258068519,15.0
10.53125,20.3055218340201,15.2166523791803,1118.37556908676,125.9423928905,2340.38860429452,117.217413615412,385.758121998041,1.9551327943708,8.3242639652225,10.1804416404923,1.90853371748626,8.02662476259761,5.49844011003554,0.073798696474933,0.0046070658233674,0.0024596015219576,10.6970900865531,41.0444104375818,15.0,3096.54488424212,121745.0,2,20.1208575313891,5.79426598705227,1114.23239163823,116.547636361169,2340.21352479989,116.865966086454,385.279461117473,0.0286459134179541,5.82449069446098,10.808862761511,1.18114711847398,7.56986116240208,5.70776827422399,0.193918716448931,0.0095942178525128,0.0052988995537191,13.0885334224886,40.921854288065,15.0
10.54166666,20.533705173454,14.8215008861207,1121.41140945946,127.58431657119,2346.75599458866,117.433424779702,386.225549834166,1.8951255113927,8.43138291103848,9.81670570183395,1.87349027419284,8.10754052486645,5.46751595533006,0.0699787983573187,0.0044180266758404,0.0023633197148119,10.6987049579039,41.115932467224,15.0,3105.3949707753,119895.0,2,20.3510425880286,5.65297469938404,1118.52532355686,118.625121301964,2348.76042697941,117.207930623852,386.162519365368,0.0276258682899531,5.93233575028698,10.4011095825221,1.15260639138367,7.67559243248984,5.67564033162958,0.194492834543193,0.0096144555459039,0.0053208872999472,13.1006793298298,41.0373155084316,15.0
10.55208333,20.7571715271205,14.6004441043794,1124.1402238239,128.849877194505,2352.83464588604,117.627784915702,386.645074104958,1.84078221634817,8.51428803279227,9.52959562538977,1.85562768157047,8.16682972915574,5.43988752902337,0.0656966704485218,0.0041986824378283,0.0022488716861493,10.7005336838262,41.1803615630678,15.0,3113.45847561613,118290.0,2,20.5763774511604,5.58498390432547,1121.7406987201,120.065361704539,2355.48591921624,117.445697212828,386.722447392982,0.0265738286418984,6.00408263411106,10.061798147705,1.13853011489505,7.74704682446743,5.64783733592483,0.1946977288458,0.009621130388804,0.0053296150414926,13.1238928243371,41.1167128071463,15.0
10.5625,20.9816525706076,14.5747983978908,1129.55564785523,130.472948251964,2366.57480849641,118.211204140618,388.346406692737,1.8025742474757,8.62427007754907,9.18851192433839,1.85655864182762,8.20593805887941,5.41300867040412,0.060262310661547,0.0039059439415349,0.0020918123439784,10.7065497722094,41.3815829642666,15.0,3130.90694880092,110340.0,2,20.7985259708871,5.47088159620854,1125.54870430065,121.234864735912,2364.62600971104,117.794457197359,387.678462490031,0.0244776314672224,6.00650587223778,9.76511024105949,1.11946459178618,7.78956574075743,5.62931990161182,0.194758228533891,0.0096234857637442,0.0053396387108495,13.2128004662913,41.2355043846372,15.0
10.57291666,21.1622255553764,14.6345595048937,1128.85253102778,129.125461048923,2362.96875207603,117.917858347136,387.193032066098,1.76624063140796,8.67378013280568,8.89465608744846,1.86479660373617,8.19343796865268,5.38058990962855,0.0558465426826631,0.0036568781776807,0.0019576493769988,10.6926344127661,41.2762568764263,15.0,3125.50041858179,120635.0,2,20.9930070004944,5.60003504777222,1128.28049742989,121.48648159659,2370.43942102459,117.983435977774,388.087187778339,0.0257777598362404,6.10196688447547,9.42724993193154,1.13238460044507,7.80858053552103,5.59421175986239,0.194088593016584,0.0095957711781316,0.0053127616336211,13.1876482106025,41.2987705503316,15.0
10.58333333,21.4020271345546,14.8729935288107,1128.34599649226,129.143549599697,2363.68168514552,117.83271103472,386.753874088261,1.73376388021409,8.6829571480106,8.8263710600468,1.89241849279036,8.16720523698995,5.37052721336017,0.0532736040253212,0.0035086842573668,0.0018784959463554,10.7068911061133,41.2441274082871,15.0,3125.25145782656,116725.0,2,21.2220918680239,5.63525001277927,1128.35640546758,121.354183100909,2370.76656138784,117.88016402938,387.562025926417,0.0244120394766507,6.13500939798907,9.23211046936045,1.14304761149985,7.80705096715039,5.57636384296922,0.194540264525227,0.0096127383459432,0.0053202869265214,13.1958333739721,41.2600706028106,15.0
10.59375,21.607647754281,15.0140594731102,1132.71469341092,130.223235611046,2374.29684449498,118.240034401177,387.923393646109,1.71570475600004,8.71853883341314,8.58309215766386,1.90909011751018,8.20366634293429,5.35046031440054,0.050094675072351,0.0033178644268473,0.0017751203534346,10.706055143167,41.3847897137196,15.0,3138.58724345847,112975.0,2,21.4334184909405,5.60964514936894,1130.03679343169,121.596734024359,2375.59003743054,117.995339145302,387.787120864001,0.0234020459384255,6.09113783574865,9.07109010867304,1.13945547691811,7.80699491735651,5.56436082549677,0.194150088466682,0.0095984233748283,0.0053138077843475,13.2624313413187,41.2982478506603,15.0
10.60416666,21.8057553266205,14.942741816526,1137.68448532663,130.405789180601,2386.92289105207,118.759058809289,389.453254627344,1.71596105819849,8.7926744779004,8.41620473720267,1.90340704103128,8.18474035907567,5.32722302593615,0.0465622086997286,0.0030987548302825,0.0016556401985641,10.7059901242672,41.5648913396559,15.0,3153.59277775169,107900.0,2,21.6337053181819,5.5094540224105,1133.88671360198,121.842302570046,2385.44334794837,118.364866936512,388.856042985862,0.0225172859316058,6.04821940453891,8.90312663204612,1.12404409696855,7.80256320061284,5.55195537465259,0.193819730697142,0.009586301504346,0.0053141127652346,13.3492168835466,41.4258022013421,15.0
10.61458333,21.986085050323,14.3159801735081,1141.02939200861,129.402773445195,2395.62202679309,119.088824582828,390.36990355654,1.72964191071986,8.87347283263375,8.05991748543984,1.84106241151221,8.11953718220724,5.30095145028903,0.0432274289366956,0.0028871822820909,0.001540609328742,10.7017647660442,41.6790136198001,15.0,3162.89395050455,106140.0,2,21.8193468735689,5.32539070005949,1137.81349304705,121.399270879908,2395.46996015178,118.757689348752,389.999016136273,0.022700388140447,6.06737621406173,8.66561735316797,1.09550745766294,7.76388922616196,5.53204486409801,0.193595710174973,0.0095769760227072,0.0053219208518013,13.3931100267361,41.561777213029,15.0
10.625,22.1648635860556,13.6106791665499,1142.4047807986,127.6993560902,2400.01865099912,119.205560708353,390.609633006743,1.74839409565687,8.93038819126811,7.86615527383816,1.77051129451785,8.02443691210969,5.27875620821646,0.0405921553795927,0.0027176629992277,0.0014492596309685,10.699817835862,41.7187686371462,15.0,3166.24256268013,106085.0,2,22.0007176868933,5.12961982681601,1140.55792055311,120.279373975541,2402.67021260419,119.02294166153,390.722695589903,0.0234075407525177,6.15648180975927,8.40370505954857,1.06502273967212,7.695407342054,5.50621428819584,0.193854136940805,0.0095850031934433,0.0053410000461032,13.3685644739441,41.653300067477,15.0
10.63541666,22.3470408242598,13.2339406570902,1144.48592807873,126.405046352386,2406.66887243365,119.436651147938,391.241515129533,1.77417241730278,8.97969910328565,7.75782647892441,1.73266171150463,7.93430794404685,5.26046251878054,0.0382231741856103,0.0025633383142974,0.001366420473823,10.7016394249991,41.7987673917655,15.0,3172.5275854005,103115.0,2,22.1826443114864,4.95570320913364,1142.56487347349,118.905859786579,2408.50427038897,119.222648230793,391.24936937812,0.0235506727818137,6.23564534326479,8.22003954310928,1.03839448866949,7.61090854963449,5.48369975188475,0.194484334635362,0.0096076587028075,0.0053676813284561,13.3457826707165,41.7220772056856,15.0
10.64583333,22.5093884860259,13.0615658421598,1145.49980388374,124.66594704359,2410.11101494631,119.511025739077,391.376342903164,1.80630261416045,9.01657517670426,7.72448057537283,1.71469116922827,7.84147317365034,5.24009124521127,0.0359977204747201,0.0024181379263616,0.0012888550310986,10.6964858129565,41.8241352547946,15.0,3174.74120232801,104240.0,2,22.3522210165211,4.8743119885116,1144.26071160963,117.418564511269,2413.64248832279,119.38952882047,391.678288367414,0.0244393992448162,6.31507984870673,8.10500299366455,1.02539488364682,7.52260039517783,5.45964590578171,0.194729658567639,0.0096153774411796,0.0053782210101096,13.3107132783229,41.7795749523257,15.0
10.65625,22.6840661730652,13.1488031289151,1147.40555060025,123.216485036787,2416.43143447081,119.735458528199,392.016249995586,1.84641847535857,9.06053315957691,7.70108867043707,1.72276338268549,7.74257365415904,5.22449871798838,0.0339213689525979,0.0022818298808302,0.0012159894839879,10.6993508508424,41.9022243861666,15.0,3180.53055226335,101160.0,2,22.5254111936423,4.80608371732713,1145.77677003748,115.904343265144,2418.58666341974,119.544401091417,392.086027403076,0.0244281615218282,6.36109659078804,8.05133076648461,1.01753022301045,7.43136679292371,5.4417586493918,0.195317918440836,0.0096370478204413,0.0053965135987251,13.3080918801627,41.8330717836532,15.0
10.66666666,22.8394387273106,13.3034994405671,1149.12945139216,121.664132720792,2421.96809412561,119.927942833337,392.559939475443,1.89755946028238,9.11624926407971,7.53843636686684,1.73692574074972,7.64472800991153,5.20484644843012,0.0318212146490745,0.0021442574463546,0.0011424271670208,10.6961959779678,41.969298104487,15.0,3185.41414398887,99465.0,2,22.6866247471678,4.76027934474365,1147.65855265143,114.366337594465,2424.54143689785,119.752145014136,392.68346459133,0.0247810070834697,6.38450421674206,7.96717224772824,1.0124222623667,7.33615634908646,5.42516000141283,0.19556912415788,0.0096460718727671,0.0054055120139057,13.3307110869953,41.9052582285711,15.0
10.67708333,22.9923862164702,13.7343338387394,1149.06902675197,119.690847268073,2423.86073107139,119.948286867068,392.550585904878,1.95553010151461,9.17970485478882,7.47542875721977,1.77835739699025,7.52114778915558,5.18590038590519,0.0298697003219199,0.0020170897727958,0.0010744997612472,10.6951787661153,41.9762226663253,15.0,3185.32177539728,97435.0,2,22.842292613911,4.75885670484611,1148.55185375606,112.649120846841,2428.45895686512,119.862217889291,392.971608522868,0.0250026299214748,6.40291468802068,7.87474192945986,1.01493282503567,7.23056726634342,5.40952337967328,0.1959101992229,0.0096587281466406,0.005413247270802,13.3670360858905,41.9434048404893,15.0
10.6875,23.1405941223358,14.4099924455735,1150.14116339252,117.776201834813,2428.45755207396,120.110809625813,393.016278329124,2.02246635058537,9.25294206944446,7.53699828931155,1.84388807402824,7.39518324361628,5.16686802403889,0.0279644719263498,0.0018928033064254,0.0010079825017929,10.6951843874568,42.0329684235987,15.0,3188.65123025987,94095.0,2,22.9923877327495,4.78035879367845,1149.24815179128,110.776553090318,2432.20654759544,119.965957028551,393.253743008628,0.0248808774959733,6.39523831546603,7.85898583586333,1.02244788508608,7.11448235664507,5.39697769825448,0.196311706928858,0.0096741955704658,0.0054210580958119,13.4375578267854,41.9794271757794,15.0
10.69791666,23.2753299113659,14.3508787463153,1150.6418277594,115.514702610945,2431.58726636908,120.207578887513,393.279229361511,2.09753446094268,9.32545583781785,7.40961091245104,1.83542779012,7.25781713575561,5.14647645109607,0.026121506614354,0.0017730361801522,0.0009438954789813,10.6923713795292,42.066745990234,15.0,3189.97301323401,92205.0,2,23.1321901618493,4.70466313491135,1149.99663135424,108.749576022184,2436.08011238884,120.08496593988,393.596504114819,0.0255028606623278,6.39989847245337,7.83234525081756,1.01618391593709,6.9904970503645,5.38293260844166,0.196444356205067,0.0096789021347231,0.0054298671777402,13.5004090621477,42.0208370758434,15.0
10.70833333,23.408105068386,14.0151841769615,1150.965481394,113.067087853736,2434.42919817468,120.296469912951,393.530281019427,2.17458702614924,9.39164654462803,7.1900381058079,1.79905335719346,7.11051574561125,5.12809856592759,0.0244400546187172,0.0016644171646644,0.0008857862407867,10.6915512542315,42.0977844168219,15.0,3190.78972707871,90225.0,2,23.2672478897671,4.5599649943352,1150.50413645869,106.539935923,2439.25489732541,120.184375646618,393.884304668789,0.0263701605363243,6.44844882892648,7.71193091705025,0.996760526911131,6.85808934461392,5.36571308756288,0.196829543943592,0.0096925158915865,0.0054494626900082,13.5213616859861,42.0554001769843,15.0
10.71875,23.5331225639107,13.1115900180907,1150.75930728328,110.528080111438,2435.92793349537,120.324306817438,393.594283117912,2.24907730251193,9.4467849741091,6.89020206307867,1.70559555319592,6.9634137044981,5.11048888842566,0.0229128755267858,0.0015665074232865,0.0008334190040925,10.6894695379349,42.1074594848583,15.0,3189.93102773272,89320.0,2,23.3960747930519,4.33795709935204,1150.71681311139,104.199362967384,2441.55546321128,120.256574726115,394.091028481857,0.0278655493443916,6.54462623418148,7.49571124837721,0.963722372650745,6.72025229931189,5.34439874298025,0.197277450733757,0.0097075909240698,0.0054762605379929,13.490611028638,42.0804422516216,15.0
10.72916666,23.6560034109035,12.8485162397514,1150.26622097634,108.010407640254,2436.69213753554,120.321805881791,393.570872901342,2.31908955375082,9.49151649854475,6.77885875839005,1.67609891695675,6.81978078707958,5.09484499263042,0.0215102247456369,0.0014769589908719,0.0007854885567416,10.688074874118,42.1065244706176,15.0,3188.22597705441,88875.0,2,23.5215889859501,4.20218793987532,1150.56500784902,101.824163207779,2442.8638639216,120.290736746861,394.179734357896,0.0292103508463182,6.66807403048478,7.28025551980321,0.941122468149672,6.5824442988102,5.32100856480712,0.19799967487437,0.0097328836916109,0.0055025200165778,13.4258923837159,42.0921833106332,15.0
10.73958333,23.7682324423912,12.6285307119762,1146.84865283978,105.230902457084,2430.23842188002,119.965447803182,392.402892701566,2.37198060220475,9.50655399882913,6.71615611540339,1.65094859762102,6.6809787621154,5.08053863701727,0.0203071314690449,0.0014022003697662,0.00074562261723,10.6827028414349,41.9817777345164,15.0,3177.50107156211,93040.0,2,23.6407737747623,4.15590975179343,1149.28544992672,99.4474500490952,2441.39131024827,120.192050568416,393.829142551369,0.0316001834635311,6.81495962290139,7.12223857284975,0.936079488568663,6.45032713104363,5.29459541117821,0.19827208638536,0.0097405023234529,0.0055101350544769,13.3201208540086,42.0574819406414,15.0
10.75,23.8792172395706,12.8779171796486,1134.28244378669,101.755785504312,2401.89348701225,118.52117108006,387.686412813969,2.35438937552145,9.43916758450652,6.86306810325546,1.6736362529206,6.55033457252576,5.07385047880897,0.0197655784904892,0.0013780115502336,0.0007334772928899,10.675151685266,41.4763232356521,15.0,3139.2117175747,109040.0,2,23.7585600390126,4.34880722533604,1142.94813672609,96.9672376603454,2427.78869913381,119.497239675438,391.492636940432,0.0361840540219575,7.0449428143869,7.05475093490403,0.971296708784464,6.33137327025506,5.25956880148383,0.197500339712967,0.0097069301797501,0.0054717430973406,13.0819823491087,41.8142901890629,15.0
10.76041666,24.0591207858578,13.2551925189546,1131.709090829,101.620984362303,2398.09694130834,118.291419714145,386.930782298542,2.31452795032465,9.39260794167416,7.04675979045268,1.71117135529765,6.51834989428123,5.08255791601016,0.0194122123136562,0.0013624364645446,0.0007251310025138,10.6937757583997,41.3959714211532,15.0,3133.53389245011,104845.0,2,23.9227073596251,4.40601370794549,1135.40143797777,95.4315050395777,2411.94252152592,118.672846732546,388.756474292939,0.0341129309317071,7.1115364456342,7.1601775412039,0.991233699114618,6.25405021817873,5.2525009390943,0.198624272022759,0.0097493746214791,0.0054931335809203,12.9833107898935,41.5258638778033,15.0
10.77083333,24.1761565733206,13.7958424080219,1142.17363970693,102.756659057003,2420.08437119094,119.335970459986,390.323025954494,2.30754683103509,9.38884174773164,7.201765374906,1.76398635213503,6.59832285949383,5.07252985123756,0.0187150591643342,0.0013219856272717,0.0007031083770949,10.6844606983851,41.7616285162382,15.0,3162.32647116419,107795.0,2,24.0562872615119,4.5302134940221,1137.00110395882,95.3804526331551,2415.89938700204,118.822652143538,389.222295579269,0.0342902261340577,7.09309031140537,7.30669386206942,1.01113117828448,6.25364615011781,5.24708186581662,0.198338509418039,0.0097386508470223,0.0054763793854277,12.9672067247441,41.578400390554,15.0
10.78125,24.3228136457822,13.6295913312276,1147.7133217625,103.45851548292,2433.17116490445,119.952786222912,392.297122343764,2.3223958248527,9.4488265521601,7.44129094263071,1.74633290163151,6.61596421686826,5.06444765548016,0.0179162744580757,0.0012727624605762,0.000675998821208,10.6903419048495,41.9775731986747,15.0,3178.92786293641,102790.0,2,24.1984756513087,4.45886295209578,1142.94213381561,95.9225506730803,2429.26095060624,119.43746875595,391.211089945752,0.032961400745522,7.06078232409144,7.50803465584416,1.0044821786719,6.28276916379397,5.24602831730591,0.198872394689793,0.0097594957926198,0.0054952724994714,13.0144815656774,41.7936390858995,15.0
10.79166666,24.4467388637941,13.5869892008727,1152.32617613086,104.12253122368,2444.45697151504,120.489237368028,393.996443318516,2.3707122035345,9.55926494311965,7.37239571909369,1.74009675299631,6.62281635706386,5.046792667469,0.0168052208892467,0.0012004225266286,0.000636377382188,10.6897848308192,42.1653301483791,15.0,3193.16751727838,96550.0,2,24.326412871084,4.33527673528342,1147.73144688181,96.2460381398845,2440.63950900359,119.965802615815,392.923766145132,0.0319470564772756,7.03887177472225,7.62370487394214,0.982305855260841,6.28771594333038,5.2417253978561,0.19959219310399,0.0097871628717426,0.005522788727555,13.0995494005273,41.9784950399181,15.0
10.80208333,24.5708510274313,13.5379017779795,1158.45657006587,104.369239437342,2460.28502079683,121.265554872694,396.482033313156,2.4644684524328,9.72401642046003,6.79611185061746,1.73244092333178,6.58339902072366,5.02514236873006,0.0153222309054096,0.0010999644256861,0.0005817392234313,10.6940820902203,42.4369675344355,15.0,3212.47153951524,85215.0,2,24.4471334227129,4.13360714205232,1152.90281693409,96.2107776359174,2453.51268544711,120.574914701958,394.920021256413,0.0299981818013018,6.99460931592739,7.46730562000081,0.947440078669429,6.263436818631,5.23892913329891,0.200876592243572,0.0098368493356178,0.0055710969243489,13.2558838006212,42.1915109848329,15.0
10.8125,24.6311767073966,14.3671949670535,1153.66053215324,101.90774885688,2450.06622786397,120.76128465292,394.803249942772,2.56235763050615,9.85121663652018,7.01217964130698,1.81136184241736,6.46232852553423,4.99299502978571,0.0139475968346215,0.001009406858702,0.000533219521383,10.6750622210928,42.2604093829692,15.0,3197.59458963957,89390.0,2,24.5311059716795,4.23003351251276,1154.68877230204,95.2375487784315,2458.81485330721,120.824225452366,395.723870118013,0.0322493147019915,7.04226087273129,7.31440983744567,0.956987737680385,6.19612340107901,5.21864995668819,0.200728916733228,0.0098302000332763,0.0055583931594902,13.32957423172,42.2785817761957,15.0
10.82291666,24.716558718027,14.5074983220783,1136.54527113195,97.6644077118977,2411.3450549002,118.840226349367,388.51318879087,2.5566909710384,9.86033421884933,7.00515373830933,1.82299485601242,6.29752929478126,4.9781447931393,0.01359760031126,0.0009959313395628,0.0005267410036451,10.6671028816193,41.5879650217861,15.0,3145.87208542955,106800.0,2,24.6181561822377,4.50598857665468,1147.87024517427,93.1592573027277,2443.99822246072,120.090699093337,393.248320999406,0.0375070294178324,7.28121877591751,7.26644760673239,1.00961885932632,6.09689120274088,5.18035686506976,0.199819953786401,0.0097915768348397,0.0055097581341892,13.1782619400498,42.0217809816496,15.0
10.83333333,24.8641736671132,14.782903397402,1127.87264367407,96.6581263952802,2392.41481904993,117.878097665195,385.357035630359,2.4626226732457,9.78871773749822,7.16304597973295,1.85094853574434,6.26288483917908,4.98535836057764,0.0140809925240105,0.0010396120980162,0.0005508718419591,10.6816226388013,41.2510891354194,15.0,3121.07385866269,113180.0,2,24.7520273730623,4.70775721654241,1135.69403343696,91.3474397784252,2417.04773085952,118.748571559425,388.776851043743,0.037779494973789,7.46545700904373,7.30596326420147,1.052766652757,6.01905511127855,5.15906995042533,0.200132138020181,0.0098012399832207,0.0054984982598706,13.0058291629895,41.5520945391423,15.0
10.84375,24.999189161053,15.4755965186178,1135.62853984928,98.8484261429718,2409.04928784516,118.660284228185,387.878924628414,2.3845484955501,9.73543699225369,7.57988005043921,1.92106991012051,6.38517778197124,4.98813850058663,0.0145391560326361,0.001075649901892,0.0005700843773296,10.6871335268623,41.5246809816118,15.0,3143.69260775672,112710.0,2,24.8895023984692,4.87970675704534,1133.11148167288,91.5804959162219,2411.27493446164,118.429132817634,387.681194112651,0.0355883201684692,7.4544299493899,7.54845892819694,1.0831866821251,6.04257757193079,5.15787048555255,0.200571209611631,0.0098185534172035,0.0054955548745302,12.9717908661394,41.440320620518,15.0
10.85416666,25.1023930285935,16.2178618149036,1137.04904138823,100.025305977938,2410.14507208271,118.672575913808,387.856063810499,2.32021635003016,9.70118779260863,7.9626682888404,1.99576051150261,6.49163474153716,4.98222091093273,0.0151625277226704,0.001123884527987,0.0005958758515894,10.6793892281604,41.5288197078511,15.0,3146.45765916078,121125.0,2,25.0052763689706,5.20096437102737,1136.05825199318,92.916690058141,2416.84904363278,118.658349222752,388.363263866989,0.0356610011753173,7.41435751131067,7.90284688139997,1.13075824552523,6.13591114031004,5.15421834277239,0.199831838058242,0.0097910955884546,0.0054535866590376,12.958193437741,41.520533449481,15.0
10.86458333,25.2728808380135,16.6157895216019,1142.5678331502,103.141424127011,2424.80508129912,119.366080724774,390.02369073554,2.29804460285642,9.77685481518408,8.11620073560898,2.03660703538327,6.58859524006857,4.98157869785547,0.0154239527743594,0.0011398641724254,0.0006029278507208,10.7008496585478,41.7712516644185,15.0,3166.2565212758,104535.0,2,25.1563841870843,5.10308283215098,1138.70325119493,94.6548269696016,2423.25971227707,118.914166604783,389.150232247707,0.0305233561797096,7.2616264860234,8.22762748296076,1.12457149544366,6.22156481755538,5.17051880232507,0.201396504786222,0.0098533949570544,0.0055002990689664,13.123998727688,41.6099310164647,15.0
10.875,25.3620567580276,17.1238472832443,1152.63764152243,105.725005623546,2448.10041327465,120.501703502004,393.610259848666,2.34684514338925,9.94302117288767,8.31897896388762,2.08554810242994,6.68246729041979,4.95300679954598,0.0145153062536103,0.0010748596617413,0.0005664839728609,10.6930376157981,42.1682836249826,15.0,3197.05748054721,94045.0,2,25.2612052414045,4.96305147583734,1144.80460042468,96.3284213158201,2438.30934649577,119.608620400118,391.383609715433,0.0282320608227659,7.09890749069508,8.46820812177397,1.09697920904697,6.28262377711654,5.17752262002167,0.201869185159705,0.009873733774832,0.0055247866894432,13.3668430946894,41.8526123691045,15.0
10.88541666,25.412500833681,17.5856933977607,1151.99079181924,103.92385784055,2445.40469992505,120.363462465274,393.048341270281,2.38008389909644,10.0612546514791,8.35979968046163,2.12912169294715,6.63028322133791,4.92065720442143,0.0139993325704472,0.0010441868169146,0.000550101879019,10.6740198912969,42.1193758427917,15.0,3192.63789687239,102880.0,2,25.3315867228421,5.16113836054449,1149.83979315641,96.8539711633344,2449.8438559202,120.154265846751,393.074573407001,0.0304584361519371,7.13806118124118,8.60195151926674,1.11981721214524,6.30778038812864,5.15616052253391,0.201195210233797,0.0098472544961939,0.005492535497111,13.4389478341165,42.0430876461193,15.0
10.89583333,25.4983247272031,17.8237407254229,1131.22320367238,100.118534925986,2396.72059899363,117.925586172432,385.007400007736,2.28326736137007,9.99159483113892,8.46743165464958,2.15324516778735,6.5339188977832,4.91524741749621,0.015832663412923,0.0011838945298204,0.000627152345718,10.6710054571469,41.2655117154216,15.0,3129.19562661569,128400.0,2,25.4137675117354,5.72441159609402,1143.58682877976,95.6761370195365,2434.29543597989,119.377775688156,390.361173973849,0.0347150799720102,7.40272570722205,8.65485761445248,1.20553515564535,6.29167654449761,5.11562678281273,0.200158566644221,0.0098040878969438,0.0054218340372552,13.2215742063825,41.7708661310363,15.0
10.90625,25.685453371507,17.968575347178,1129.86341225626,102.786279636655,2396.26313950212,117.843284918213,384.644976473239,2.15572811649709,9.90552295958522,8.59627663651033,2.17159013867327,6.626211424951,4.93458638529803,0.0187679557354278,0.0013840731392557,0.0007354442064566,10.7040787524663,41.2357821682966,15.0,3129.47765621609,117220.0,2,25.5764460594901,5.73678543780918,1132.44149052377,95.6311201742037,2409.74727975115,118.115198206105,386.114511524647,0.030019736549846,7.38627846805749,8.80860594489623,1.22247065294133,6.30389154686824,5.12239896809791,0.201798945744148,0.0098676945666087,0.0054598219823729,13.2043260260578,41.3284564534153,15.0
10.91666666,25.7698104112534,17.7939690047756,1138.28603125231,106.550772762177,2413.7963973336,118.646295297001,387.124864073524,2.09544329412088,9.90318247622874,8.74606146531876,2.15525708808883,6.83336823658685,4.92191696052828,0.0204296535962727,0.0014918608462974,0.0007926950476782,10.6936695440531,41.5157122577968,15.0,3154.44005473231,115695.0,2,25.682978495669,5.68347773208242,1134.2966558588,97.749480604288,2414.13931069017,118.272294323428,386.524845777593,0.028816232646837,7.27609237665976,8.95804525362568,1.20789324929652,6.41292811238019,5.12593418763433,0.201370121136069,0.0098531784498185,0.0054556836978417,13.2684820097096,41.3826114287193,15.0
10.92708333,25.8657584409435,17.5171231968408,1139.80292195456,107.652958151866,2416.42018141121,118.726374151796,387.22997264985,2.05893687999831,9.93004243499938,8.81998828494304,2.12828850622032,6.91182355381754,4.90984789029294,0.021837286204648,0.0015840594282905,0.0008417580842523,10.6912337449845,41.5425294966558,15.0,3158.53120336196,117755.0,2,25.782408770993,5.69160177743152,1138.00238257568,99.8032627397613,2421.72438675032,118.593319394104,387.434605748893,0.0286702735798213,7.26244151915929,9.07120329125666,1.20277510915868,6.53244287519216,5.11807867045219,0.201141482127825,0.0098448173321204,0.0054500769249926,13.2815109991622,41.4939190345335,15.0
10.9375,25.9994656116911,17.1712683035322,1145.45381403542,110.128329940921,2431.28394499741,119.418875129177,389.318684464431,2.05238462910688,10.0245116883245,8.80848301593638,2.09439697311732,6.98526485350279,4.89984553602481,0.0222179845793625,0.0016046018406183,0.0008514136996042,10.7046020812544,41.783629475117,15.0,3178.04045853186,104475.0,2,25.9029204142029,5.40901406441723,1141.30280116474,101.366477698473,2429.72364230362,118.933119341562,388.420763318592,0.0260125326884882,7.19958699285756,9.15212946987088,1.16259855498849,6.60410849499312,5.1202881676958,0.202267241240523,0.0098886283545503,0.0054986529390831,13.3953534128375,41.6116722879977,15.0
10.94791666,26.0192705547725,16.6494797815107,1137.41515813535,108.236486301961,2408.40575393109,118.232631353833,385.309288875532,2.01683863680587,9.98937472447758,8.77922933329984,2.04202509063028,7.01734679477045,4.87830266540759,0.0236324496467579,0.0017039835901147,0.0009065633875892,10.6757113726794,41.3672377903546,15.0,3149.22491729109,130220.0,2,25.9538900981974,5.69163678660731,1141.20339038356,101.925132205515,2427.78352335662,118.812457350809,387.834487255992,0.0310152286343126,7.38834533159128,9.08292677005222,1.18844484470137,6.66665546955556,5.08292957999531,0.200411034235503,0.009815119896108,0.0054314593671907,13.2239100632559,41.5682049627647,15.0
10.95833333,26.1867003911972,16.2803808811477,1131.45932918061,109.456934034613,2397.25553735703,117.606620008781,383.152274848912,1.95235925583294,9.90136875585677,8.81035345560709,2.0091749940323,7.05199781644008,4.89684397620749,0.026821550656082,0.0019124354850176,0.0010206328147935,10.7049151080822,41.1467701920919,15.0,3135.05809921653,124150.0,2,26.0942419325468,5.63618929051384,1135.33904694767,102.45130615307,2413.61567580373,118.055990890552,385.20270250392,0.028944380158121,7.45350813523158,9.0928943195334,1.19001379422612,6.72260855279583,5.07952456208191,0.201805407877117,0.0098678114268338,0.0054674748004574,13.1315234628861,41.3022068109996,15.0
10.96875,26.2807644231499,15.5419033163132,1136.87884791707,113.24173627269,2408.73112334331,118.087273022132,384.566660776899,1.91593909582416,9.88447365835876,8.60287861025884,1.93770194768568,7.2456711156513,4.89148653006699,0.0283826457865875,0.0020096296206864,0.0010732443153225,10.7015871686921,41.3135058003643,15.0,3152.11436034935,119830.0,2,26.2007185193139,5.42727914842128,1134.63637582349,104.311847574521,2412.07358673508,117.90978505773,384.598954212838,0.0280302161665888,7.40034818269021,9.01939530133548,1.15517415884083,6.81779368314653,5.08125957527292,0.20181087679363,0.0098688653988507,0.005484386546197,13.1390837002335,41.2496941841674,15.0
10.97916666,26.3714954086748,15.0607641220582,1141.24613193058,115.269522500602,2418.23120843186,118.48717889972,385.698603469444,1.90272716417284,9.93152159451521,8.36856742240044,1.89087141433164,7.34845914154011,4.87923376804528,0.0286288560218715,0.0020225744835471,0.0010797560644725,10.6992955699869,41.4520180434879,15.0,3165.28849745678,116555.0,2,26.2953832337568,5.27322183696194,1138.17519054366,106.505101235457,2419.5583735656,118.210732782107,385.440605671055,0.0274569993692923,7.38764750172215,8.83901134730126,1.12460025382831,6.93200551409928,5.07591983435067,0.201915961429161,0.0098730797750293,0.0054990067026088,13.1563555461345,41.3536004393768,15.0
10.98958333,26.4615602291652,14.6725572853265,1144.41705801519,116.487342515673,2425.58196282556,118.788961157992,386.511763015843,1.90431415439726,10.0052181087243,8.17587665421071,1.85279650748375,7.40142001605703,4.864666852632,0.0279063636620025,0.001974297517264,0.0010531991187004,10.6986179105601,41.5563293031292,15.0,3175.00756262504,112880.0,2,26.3863072633795,5.13378582663138,1141.65517897074,107.951058642388,2427.20981074203,118.52569014942,386.320845499079,0.0269662834144071,7.40358325466424,8.64181154386456,1.09886633453591,7.00420768267642,5.0667826265458,0.202230742721751,0.0098847662443324,0.0055171052899633,13.1868358207291,41.46245676549,15.0
11.0,26.5624153401477,13.9122037886398,1150.80125320145,118.008935220453,2441.82076670998,119.537714287106,388.780225838769,1.92961845140373,10.1289988298649,7.98476225520142,1.77696736762318,7.42974843513876,4.84754680141757,0.02585155042951,0.0018380939398767,0.0009786563034439,10.7035921545425,41.8172555012207,15.0,3195.57461306923,102055.0,2,26.48158304549,4.82560862376762,1145.90956160476,108.91267054604,2437.54488825352,118.977072218993,387.666126050277,0.0255551779259903,7.39688133554091,8.47368336993344,1.04983213274816,7.03474263078143,5.06102872368614,0.203093104386514,0.0099173216311182,0.0055619322668272,13.2780138786038,41.61917263928,15.0
11.01041666,26.6117918576407,13.4980756218111,1154.436616013,117.459547230661,2450.11200383131,119.902062477328,389.814059743523,1.97151151577588,10.245672754529,7.82123040169854,1.73436239562109,7.40199001809386,4.82035266733751,0.0232500058740369,0.0016670574723782,0.0008860965795884,10.6909051033143,41.9439299936061,15.0,3205.25116446707,102040.0,2,26.5463568161039,4.67752505214811,1150.56272481084,109.109316610265,2448.69321731142,119.484653466994,389.190580964671,0.0264886294500203,7.46412258130154,8.2898338747645,1.01784745808345,7.02884136633894,5.04143452253755,0.203077893884657,0.0099153777677768,0.0055724462334626,13.3116838590943,41.7957149281872,15.0
11.02083333,26.7083449972865,13.5095612537756,1158.39967547398,110.995597723783,2463.66418014951,120.571556932855,391.864346449558,2.03223439331935,10.3736696970368,7.83339918171799,1.73464700616476,7.02389257639178,4.80327052880944,0.0206637957697318,0.001493923239204,0.0007925110602266,10.6988472133509,42.1775796940105,15.0,3215.75470231777,93080.0,2,26.6299516371704,4.48853295842524,1154.44844981345,106.506881462345,2459.41154437439,119.983684980448,390.709132518841,0.02546161830734,7.50556494232204,8.20216965522476,0.990730715777331,6.87630950146228,5.02880081861631,0.20433241980815,0.0099619654261753,0.0056169475469976,13.3873604352295,41.9694497749214,15.0
11.03125,26.7537414189925,13.5753713652623,1162.35757037365,109.525871283771,2473.51336662434,121.022359872494,393.229404149529,2.11315598277132,10.4826791833413,7.78631895209957,1.73909743004071,6.93762701489063,4.77788074534062,0.0181397428835504,0.0013242254634638,0.0007013309252889,10.6883432220359,42.3349222657443,15.0,3226.48762092715,91795.0,2,26.6892926245151,4.36166735512187,1158.29838714637,103.267530705157,2470.31951473997,120.501631543215,392.307123840712,0.0264525215838987,7.55967435149267,8.15662696110255,0.972121863006613,6.68979522629267,5.01088571410295,0.204615489648287,0.0099713530453941,0.0056331560912105,13.4427117474489,42.1499673053126,15.0
11.04166666,26.8188514668652,14.0423022773043,1164.77844273879,107.911940281516,2480.23333908311,121.320477837167,394.132662661335,2.19959655606262,10.5623214187046,7.95110405004332,1.78356494567029,6.83994726981646,4.76129851358245,0.0162919156751378,0.0011992554170207,0.0006345044309496,10.6878442359996,42.4389657873048,15.0,3233.11187129192,90200.0,2,26.7520765119709,4.33708914229007,1161.68748439045,101.185431230304,2479.49209982969,120.924238978736,393.60655174458,0.0270661077723909,7.62914826340844,8.18560768119193,0.971757164237058,6.56872099421703,4.99320447586386,0.205337410107097,0.0099972617806035,0.0056509739109883,13.4738002621665,42.2972768885949,15.0
11.05208333,26.8839907405235,14.6817031862912,1167.55708762501,106.015009968133,2488.14819477941,121.687431138459,395.283288741949,2.28854663808797,10.6265240970938,8.24041024653232,1.84476437999046,6.72160632007941,4.747531220626,0.0149166741454113,0.0011051070930277,0.00058411156377,10.688334382049,42.5671502345069,15.0,3240.94362186559,87260.0,2,26.8160118662056,4.33417584370277,1164.49750481087,99.3099566329831,2487.46578050684,121.281742438765,394.721366944891,0.0271669376479912,7.64902090238553,8.34826746883043,0.976933099416813,6.45780753365487,4.98169247512729,0.206141698772024,0.0100269517489756,0.0056694634008609,13.5358352739841,42.4219177083926,15.0
11.0625,26.9395785734168,15.5187946774582,1166.93668551041,105.511585001883,2488.09472355611,121.663528567365,395.179258166473,2.37658399124083,10.6864092480563,8.70876423057581,1.92514688721438,6.671436282802,4.73311304194973,0.0139005583048474,0.0010351906952509,0.0005466802215188,10.686305924441,42.55860974487,15.0,3239.95829291033,85170.0,2,26.8746442259786,4.37490878691405,1166.36719470977,97.9037686981402,2493.36579244429,121.535873791247,395.522346633503,0.0272983044088007,7.63310693339931,8.65373555814437,0.988044653523545,6.36895789556996,4.97353454817761,0.206705138873105,0.0100480382656888,0.0056791109914993,13.6199880215993,42.5104454842777,15.0
11.07291666,26.997087523965,15.5748921959747,1165.64378871848,102.516143407199,2487.46713153144,121.639485630783,395.082718753273,2.45737284322079,10.7533935940421,8.6578309112574,1.92720168020108,6.49298964966922,4.71903134847236,0.0131976417575565,0.0009866842716127,0.0005206527336395,10.6863713942792,42.5499630665748,15.0,3236.17442333081,82400.0,2,26.9321488625431,4.31169611561468,1166.21080838341,96.1725519800229,2494.96425992081,121.589621912473,395.687417031661,0.0275280400813938,7.61307052075166,8.88985021337392,0.983908868727223,6.26140487700174,4.96669123025375,0.207111216859429,0.0100631897452861,0.0056939592022938,13.7061238013433,42.5288674137251,15.0
11.08333333,27.0518785582175,15.0214517460284,1165.81044545386,99.639015343185,2490.03303630466,121.783577509951,395.534124721787,2.53169189813505,10.836874541771,8.41373922006925,1.86809419624642,6.31975881084683,4.70292533518721,0.0126739068186273,0.0009503491984671,0.0005010496266654,10.6864363827985,42.6000325582713,15.0,3236.55017391878,78890.0,2,26.9874202497972,4.11867993975806,1165.9122773663,93.7633195670283,2496.29128970964,121.655118104679,395.902970802953,0.0279268479215686,7.63091591167505,8.90150971707226,0.955348680003463,6.11857117489796,4.95698127133872,0.207581702480727,0.010080158043674,0.005721251937646,13.7616225131553,42.5513304783796,15.0
11.09375,27.0893358760069,14.54255156596,1164.18867525795,96.8061029042693,2487.89649177874,121.703610378415,395.258171976052,2.58817621941791,10.9177907278687,8.3080102411879,1.81624431753432,6.16337053892346,4.68348456367754,0.0123683047224408,0.0009301112046201,0.0004901234739553,10.6809567948301,42.5715899383064,15.0,3231.3184816753,79315.0,2,27.0325181012217,3.97585337998545,1165.33877833163,91.2020853845074,2496.64547737943,121.696973227207,396.036063413819,0.0293614505973298,7.72922623784943,8.80003911744864,0.930150023504204,5.97037651810025,4.93794812233946,0.207921843657708,0.0100910843615482,0.0057403060857639,13.7421573013083,42.5654361210282,15.0
11.10416666,27.1441324161353,13.6017172039547,1163.32808017566,94.4156430701578,2487.55610570078,121.719406804294,395.291127086448,2.62548307589211,11.0032048921224,7.88302564187694,1.71866789686923,6.02567832194316,4.66734948580836,0.0122260651685242,0.0009210744892864,0.0004850639904992,10.6829210438492,42.5765109185351,15.0,3228.6651553169,78180.0,2,27.0828657750499,3.77713855517065,1164.37729653815,88.7768746084974,2495.81965791799,121.696375268726,396.023449910721,0.0303567919382601,7.8780098020859,8.58728004028297,0.898232856284633,5.83145139661473,4.91557095961351,0.208676185079763,0.0101169171437322,0.005773827921341,13.6806219977225,42.5645986602482,15.0
11.11458333,27.211352847538,13.4674390639632,1166.77337715184,92.0280901821963,2497.46313655923,122.254178931412,397.013621966196,2.69086377599975,11.1234167296368,7.90592490151474,1.70180998343695,5.87188315729311,4.65057711368001,0.0117934948853345,0.0008889990868648,0.0004674202237979,10.6894333930732,42.7629291363832,15.0,3238.72150044544,71230.0,2,27.1409290802415,3.58091366390847,1164.85143828562,86.3934164912876,2498.30568932295,121.864992473418,396.583348260183,0.02929091828182,7.97354871891128,8.40828854118788,0.862935232259745,5.69316390983969,4.89980361822525,0.210297087458914,0.0101760252304975,0.0058290662391228,13.6858758985946,42.6228647064202,15.0
11.125,27.2474925014998,11.7580271226386,1169.22411374224,88.9312407829454,2504.8099793173,122.676473429104,398.39473553788,2.81154033048484,11.2623446823358,7.31777960182207,1.52664406216203,5.68943626490442,4.62632871415805,0.0109776894553173,0.0008284361986205,0.0004346857689694,10.6846827351411,42.9100620976737,15.0,3245.20995368036,66170.0,2,27.185736810995,3.24522347740405,1166.5529172177,83.7555455988107,2503.51442325136,122.181343453265,397.652584231233,0.0301553282853662,8.05132757264333,8.17444538515899,0.803538580511474,5.54163405496126,4.8835529966413,0.211309358120577,0.010211775228632,0.0058833105495043,13.7224987924812,42.7327143188018,15.0
11.13541666,27.281264602516,11.8574881377499,1169.92483145031,85.5123792010411,2507.95936548213,122.899000340315,399.165979287111,2.96729256017697,11.3993629217808,6.80587618091922,1.53208435485489,5.49495837103888,4.60342758441049,0.0100930109113245,0.0007623066277498,0.000399225017234,10.6807989530502,42.9874067054086,15.0,3246.33672184974,62565.0,2,27.2238488761783,3.08743190090666,1168.05923759236,80.8473905890238,2508.05145235705,122.480442229165,398.686734065201,0.0310523425864353,8.17039700488256,7.7832773835825,0.76743304750539,5.37788996844434,4.86232530501687,0.212597937790102,0.010257651282063,0.0059276342082944,13.7322437140558,42.8364895793896,15.0
11.14583333,27.3150430521145,10.9672735646149,1169.69756050793,82.0437066943966,2508.76876420819,123.010153014571,399.619879888597,3.13599920789506,11.5171103189943,6.17023299400184,1.4384825125381,5.30076871100575,4.58431397130938,0.0092904242105225,0.0007012816926379,0.0003666478636089,10.6782833631744,43.0258963260801,15.0,3244.62447047982,59730.0,2,27.2590263724733,2.88999914839097,1168.87981073222,77.8074771884112,2510.95653859154,122.702989523285,399.497103010545,0.0326823724871741,8.29132417131375,7.31193481475606,0.73431468721009,5.20891055583185,4.84146394980682,0.213659813926687,0.0102948598593495,0.0059705762553369,13.7421185752135,42.9135470619237,15.0
11.15625,27.3503550555628,10.2015203751781,1169.42387072395,78.6368137890098,2509.25373030613,123.108588011901,400.077798920258,3.30655388558805,11.6105836656258,5.63554568760094,1.35736589264198,5.11090835086993,4.56981003204683,0.0085954603399738,0.0006471563022782,0.0003378343410021,10.6773581878998,43.0600472495526,15.0,3242.6706367506,56865.0,2,27.2933917677405,2.69654053166214,1169.18101187213,74.7393259596786,2512.40689992085,122.864380500822,400.139509689745,0.0343518989249426,8.43513247767935,6.79751748591032,0.697716189391811,5.03962029489121,4.82016863047978,0.214736397948161,0.0103324515351044,0.006014041687184,13.7226483036607,42.9692764486762,15.0
11.16666666,27.3586299561748,9.76997611378756,1165.00224801336,75.4989998142505,2499.78885435402,122.716593529963,398.97733394594,3.4445468139852,11.6502230282282,5.32252816903606,1.30961784330924,4.94720306232403,4.5566757418678,0.0080889089822776,0.0006075594307769,0.0003167845574886,10.666856012966,42.9227358281687,15.0,3228.68007411427,59840.0,2,27.3158724939077,2.59661401204028,1168.1600366105,71.8019692392915,2510.58802822716,122.874517469881,400.301063376828,0.0388153245395425,8.63991345795186,6.29940234512198,0.679068967154778,4.87720208033048,4.79233246916144,0.214800109681818,0.0103319998609198,0.0060228243712483,13.6194552466012,42.9722218948377,15.0
11.17708333,27.4166885821985,9.40488983461724,1162.40559420776,72.8961542476606,2494.76697315228,122.547085357382,398.62779509632,3.56154693397907,11.6752408414022,5.05445699220065,1.26948163075255,4.7986952236514,4.55680047647102,0.0076875316603584,0.0005758723217981,0.0002999282412191,10.6758901295439,42.8633101571849,15.0,3220.58018416394,57340.0,2,27.3547613146499,2.48168256098579,1166.07405288701,69.1426882033951,2506.26385037767,122.761012953547,400.082752466435,0.0398294572940505,8.83180840194712,5.88727308850547,0.661341577039626,4.72915010413543,4.77088295749748,0.215786406107209,0.0103664818040858,0.0060566834447823,13.5125669115235,42.9320663668601,15.0
11.1875,27.4309694095772,8.86813663836384,1161.71590108189,70.5622406663716,2493.16521690887,122.547211303862,398.861044931672,3.66521179611243,11.6547588632641,4.64548025842199,1.2119042822768,4.67660503917285,4.55389174676516,0.0073148223243526,0.0005462533750394,0.0002841898690446,10.6680033379528,42.8633085304827,15.0,3217.28619256737,58855.0,2,27.3828201726373,2.38403617602343,1164.07090276589,66.7493433244126,2501.91031068671,122.6484150498,399.895821707351,0.043479363692161,8.99468071731222,5.49261608909179,0.64423282760317,4.59552837641005,4.75180496792595,0.215692012656084,0.0103613499868457,0.0060628433553096,13.3985794807557,42.892363584445,15.0
11.19791666,27.4489639455452,8.92192895878203,1155.55542451392,68.7771998183447,2479.06199623126,121.930121375384,397.099067753747,3.72907902255415,11.5914624927447,4.66376397189373,1.21396536151684,4.58755075322108,4.55733352482863,0.0070499131692968,0.0005267096511803,0.0002737817991633,10.661934854915,42.6474670278773,15.0,3198.8034575404,64645.0,2,27.4064466950741,2.38005646653536,1161.53849734742,64.7880439745583,2496.04693646447,122.464442892328,399.475381521431,0.0493426074883773,9.1986925112641,5.15522550250957,0.646497555075885,4.4848599015614,4.72972503546166,0.214422904866574,0.0103131107765256,0.0060307609644453,13.2061611430379,42.827885562205,15.0
11.20833333,27.5222358935562,9.00071053847256,1153.0929144174,67.4233789182644,2473.90463026721,121.758899226867,396.805892690743,3.79270265994053,11.5333917048645,4.6837990277679,1.21951391182076,4.50142947019368,4.57314839871693,0.0067821425257934,0.0005066756449326,0.0002630981489465,10.6766294244297,42.5876406386804,15.0,3191.68001711937,60975.0,2,27.454503780115,2.33660213767917,1157.76555836453,63.185381380756,2487.54714381245,122.141217074809,398.630356500799,0.0481583177922721,9.3114171173634,4.98671712552196,0.643711671510973,4.39204140172421,4.72275993183935,0.2152228706055,0.0103421958656487,0.0060542789088924,13.0846139809934,42.7148149873607,15.0
11.21875,27.5217231637141,8.91781656299964,1155.8000994585,66.362661241406,2478.75508930646,122.080116496014,398.13828291003,3.85034386350715,11.4379589373996,4.66374496510344,1.20820547239236,4.45505820560342,4.57885368674099,0.0064935404447104,0.0004850209243331,0.0002515807835565,10.6627026353998,42.7001357241773,15.0,3197.87728885244,65450.0,2,27.4796862863754,2.32804236994476,1156.06566432221,61.899763537928,2483.39627493538,122.031309704287,398.505974477891,0.0530493753613262,9.37153322274863,4.88552345990416,0.644084482903464,4.31807759067819,4.7176219749461,0.214189717449812,0.0103035133298586,0.0060292301426976,12.975943998171,42.6764171515226,15.0
11.22916666,27.568140629023,8.98499272162083,1151.32944429932,65.548048320298,2468.33830093157,121.649305641629,397.023853966001,3.89208323290933,11.3497542083504,4.63087291547464,1.21277947991175,4.40736853734169,4.59475317647852,0.0062524241420454,0.0004683424140174,0.0002426638397861,10.6670582190381,42.5496319301675,15.0,3184.82893881674,67070.0,2,27.5160599533324,2.32906367261245,1154.96221880328,60.9844368020188,2480.31018700963,121.972751252581,398.557541329588,0.0553369614387816,9.42950657053331,4.80635582161883,0.648378876608711,4.26495067646995,4.71651799077551,0.21352084035574,0.0102786628453128,0.0060125765476458,12.8555305367829,42.656056177916,15.0
11.23958333,27.6083639702923,8.90598178477936,1150.49796584785,64.9835352006788,2465.84069580455,121.611813814981,397.197674388025,3.93073478690663,11.2687729486347,4.60299861763671,1.20284019855816,4.37235768876899,4.60947842881348,0.0060016138153441,0.0004507912932927,0.0002332442197836,10.6686667133375,42.5367320507747,15.0,3182.00131283015,67020.0,2,27.5550460156223,2.31053547062885,1152.51192220583,60.252540543418,2474.29036145679,121.766921770537,398.148165589701,0.0564167809406412,9.44114263203058,4.74781071807143,0.647335952514507,4.22006778658865,4.7214545008397,0.213243059151766,0.0102685097316142,0.0060078045612807,12.7733446090168,42.5842256183687,15.0
11.25,27.6661657394178,8.91169054004757,1159.27357651187,64.4321593463358,2484.61382880172,122.631316068533,400.838062010472,3.99158360655364,11.2261793858982,4.57095243409251,1.20146564337201,4.33415673366187,4.62453603956839,0.0057138423801364,0.0004288524807594,0.0002214646887176,10.6771947327349,42.8935788782185,15.0,3206.01189121286,61250.0,2,27.6014433568723,2.25029162851754,1154.00748526306,59.6056484482156,2476.90252269937,121.985642417966,399.158433807429,0.0528870651671019,9.38093701967578,4.71515545401627,0.634904668270717,4.18260519200385,4.73496151304265,0.214436787608777,0.0103132159315784,0.0060440125674402,12.7786735263409,42.660858638512,15.0
11.26041666,27.6708145402296,8.89713278405127,1158.45715597127,63.3110546593247,2482.04935959084,122.597835302171,401.051436720474,4.05436169862853,11.1866274989237,4.52357891171509,1.19732394591778,4.27141070156963,4.62856010776486,0.0054187242567505,0.0004059960177588,0.000209239288941,10.6661727689204,42.8821438979303,15.0,3202.76173960651,61375.0,2,27.6277876978503,2.21801130500541,1156.31740939503,58.8412036336741,2481.24455314366,122.293368559852,400.481472242168,0.0542169263691415,9.30735702304967,4.67911138095075,0.625969234776694,4.13998271691163,4.745773887082,0.214288601210196,0.0103082852398573,0.0060443212762029,12.8031762357061,42.7686128418992,15.0
11.27083333,27.7147569902676,8.84943281209941,1158.46790239599,62.218911930948,2481.54006735478,122.668929756819,401.61386855959,4.11507893930534,11.1749360818856,4.4984502348813,1.19032270141082,4.2047747680426,4.63798740937667,0.0051543679010301,0.0003858954231364,0.0001984528835354,10.6710218773271,42.9072822221409,15.0,3202.0627216652,58345.0,2,27.661763214775,2.1690493616217,1157.32830151402,57.9724311867486,2482.71612843323,122.461781525244,401.359394262607,0.0529091808936419,9.25181592568085,4.64619692356061,0.616247342047323,4.09142836719837,4.75667187466411,0.214689179128675,0.0103236485621267,0.006059989042341,12.8311482397475,42.8276440158705,15.0
11.28125,27.7248730232701,8.79495219980482,1155.83402608292,61.0917012532679,2474.83727425555,122.434101684863,401.179487003451,4.16279885898667,11.1546994783409,4.42869625516841,1.18236214376333,4.14351982279951,4.64109197905886,0.0049067854517061,0.0003675180028048,0.0001885906783465,10.6632974204789,42.8253921543492,15.0,3193.65148682581,59475.0,2,27.684811633721,2.14489770354262,1157.17071838582,57.0544727420536,2481.54563814347,122.503794277169,401.828247817565,0.0550884239886585,9.22371734955054,4.60039884662112,0.610674588265142,4.03972381053197,4.76296871657541,0.214187846175343,0.0103054493029731,0.0060505294045764,12.8361694949211,42.842477630297,15.0
11.29166666,27.7634513498918,8.77499517555502,1153.84335088058,60.1556052955838,2469.67638896527,122.277920859674,401.002580272957,4.20379169011205,11.1440421252395,4.38679753811753,1.17834980215017,4.08869380665688,4.64884068782338,0.0046832079270185,0.0003515324870941,0.0001799788169889,10.6666995628265,42.7709703369974,15.0,3187.2951124583,58525.0,2,27.7148816024748,2.1177707610062,1156.05799147741,56.182768399289,2478.21613624649,122.44103690871,401.95297758163,0.0553160484050583,9.22229791887917,4.54712567947384,0.606396724228482,3.98999053387548,4.76829848632947,0.214091290768843,0.0103021610491244,0.0060513523079401,12.8248245152468,42.820683087027,15.0
11.30208333,27.7847063110092,8.82278193597708,1152.25315642077,59.3367053427048,2465.1574725023,122.155167294796,400.936357399581,4.23795627461155,11.1245490897311,4.36382093351615,1.18108569919263,4.04403778174421,4.65357470883188,0.0044663784813456,0.0003361703257766,0.000171707426195,10.6635434094497,42.7282011963591,15.0,3181.92529511738,59215.0,2,27.7410107279354,2.10744785646899,1154.58858219858,55.3833151142692,2474.04944657312,122.338479837466,401.947798239702,0.0568290584228668,9.22894312727123,4.49949032280683,0.60489227754986,3.9439955227579,4.77199285498378,0.213738758566426,0.0102892918013276,0.0060438987357898,12.8045015348354,42.784970575456,15.0
11.3125,27.809196326291,8.86235354331456,1149.02952033673,58.7173143615557,2456.97675181584,121.851665990698,400.273078693589,4.26415521770337,11.0997016894634,4.36831315909153,1.18325080676951,4.01060420236166,4.65920349313503,0.0042649781309584,0.0003225715256185,0.0001643776912249,10.6616867387012,42.6221655122101,15.0,3172.10287253296,60945.0,2,27.7666738658962,2.11111320147154,1152.71749102825,54.7227583361422,2468.92221641217,122.189639152985,401.784078912587,0.0591661992417059,9.25611945317197,4.46211351648237,0.607673516592632,3.90515188826306,4.77361878259192,0.21309772847111,0.0102656206242808,0.0060276894113601,12.7608465741719,42.7330747958498,15.0
11.32291666,27.8358873867828,8.91723684375654,1144.766411177,58.3660937134734,2446.44908087506,121.432132016958,399.22082178129,4.28161179388098,11.0679627577308,4.41446525202492,1.18722104735209,3.99158384528901,4.6656887075825,0.0040775918437906,0.0003106276354158,0.0001579248498856,10.6605581924392,42.475501714694,15.0,3159.53253095886,63345.0,2,27.7934149775051,2.12823293397481,1149.78509389563,54.2415119938563,2461.41983724814,121.923628905512,401.225317148062,0.0619687680390065,9.30042481446517,4.44575915473138,0.61378135902954,3.87502172816894,4.77379480800921,0.212328684038689,0.0102370014169779,0.0060066789834523,12.6948115818438,42.6401899567797,15.0
11.33333333,27.8759678668951,8.96944353080853,1143.40607867497,58.2361519722902,2442.36931549968,121.335037408948,399.223693739367,4.3004402577209,11.0410661060749,4.48576530280793,1.19122954722642,3.98157555159568,4.67431937108713,0.0038926240245481,0.0002986046037313,0.0001514145486579,10.6643562112843,42.4416017288815,15.0,3155.2589092681,63225.0,2,27.8269515919216,2.13291479007959,1146.9458235849,53.9341809140471,2454.1159317138,121.666510087707,400.692509583563,0.0622952030787753,9.32979686516648,4.46359997849536,0.617089828519711,3.85431520166659,4.77649280599601,0.212334684710771,0.0102369289827965,0.0060059434134251,12.6432928056931,42.5503692580999,15.0
11.34375,27.9077757791056,9.10373427774882,1145.17663420699,58.1261596278606,2445.06836306066,121.577339996172,400.345241886112,4.32673805351342,11.0200559820967,4.54136674422923,1.20337818705867,3.97372921858217,4.68070196635306,0.0036989434717998,0.0002850072125181,0.0001440756722945,10.6650496490034,42.5264252873704,15.0,3159.61512304887,62280.0,2,27.8597506232424,2.13472916989503,1145.60937495533,53.717475463817,2450.09934113446,121.572037721156,400.700388764203,0.061712630874848,9.32516265182505,4.50430804958836,0.617921741597286,3.83978378016318,4.78181927362572,0.212774943054087,0.0102529771944573,0.0060162201102018,12.6262577986858,42.5173731648732,15.0
11.35416666,27.9169819851155,9.20425963052069,1144.39897208384,58.1302105865228,2441.77315655415,121.520141701922,400.475671765194,4.34451026356604,10.9933143684201,4.61410386304039,1.21200717496307,3.97928866156197,4.68297548837668,0.0035221908829623,0.0002733457164842,0.0001377935789077,10.6573530172809,42.5064857802949,15.0,3156.60347885394,66095.0,2,27.8813740233689,2.16980922261484,1145.39927611838,53.6379122831303,2448.40264827566,121.59452745225,401.086340934541,0.0655068302663916,9.33649030744093,4.54832492858351,0.626133087116497,3.83379222276141,4.78325995557311,0.21198849427452,0.0102235891704745,0.0059926650955345,12.5877296252155,42.5252818900166,15.0
11.36458333,27.9519988995604,9.50456062996178,1138.40840760451,58.3330243159136,2427.40426353271,120.910640953627,398.770199229542,4.3512464884952,10.9758494505734,4.70879415929642,1.24112295288811,3.98779927318965,4.6894815429526,0.003376903732588,0.0002651512922511,0.000133314781806,10.6593617477673,42.2933340577278,15.0,3139.58990227052,68660.0,2,27.9103308411437,2.22820564277912,1143.31220538782,53.7298192673806,2442.5924576593,121.410675525149,400.776927773642,0.0675391412372685,9.37054500415917,4.60636286022635,0.640895712883891,3.83564328833187,4.78402939747821,0.21146975892444,0.0102039853921937,0.0059732775256971,12.5302921075584,42.4610317813677,15.0
11.375,27.9453469715791,10.4478007146042,1126.75219136533,58.7258380550036,2399.45506750752,119.618991258882,394.775433660909,4.30897485713178,10.9251596697734,5.20467469449401,1.33469867971066,4.03301454487759,4.69018635928815,0.0033146547183509,0.0002670955461697,0.0001342596797346,10.6448820099512,41.8415092393835,15.0,3105.87677331527,84160.0,2,27.9195510485014,2.4774257603914,1136.8269837677,54.1283550335163,2426.97144478525,120.733801449937,398.794823873347,0.0792218021001465,9.46721640940524,4.78794534778489,0.694213855581283,3.85464988458137,4.77491529196787,0.208348201339663,0.0100869520882931,0.005869817478319,12.3825717256294,42.2244355241942,15.0
11.38541666,28.0285554136273,12.6779187306116,1119.50453777085,60.6369054965405,2382.37308954032,118.866949172008,392.518273502966,4.24939641977501,10.9109587589397,6.20706851862432,1.55858872739811,4.12495246789511,4.70527979725499,0.0033197199197712,0.0002744852595764,0.0001378478637779,10.6630034448693,41.5783705477759,15.0,3086.60859452285,84150.0,2,27.9750861954903,2.82120575482054,1128.42102604685,55.1674151707061,2407.51170119202,119.838362556867,396.062172572128,0.0719275614250958,9.46738978726599,5.34728701456189,0.770888767601099,3.90748955216901,4.7833434006732,0.210457084586648,0.0101635807026896,0.005885019555484,12.340475242669,41.9113194566026,15.0
11.39583333,28.0125687454766,14.9687822943911,1115.58540964988,63.3272018726143,2369.28991011425,118.301998826739,390.822202584583,4.12628150375511,10.8683354062791,7.13409123330543,1.78840580808847,4.3226824024618,4.70216559222594,0.0035092260176728,0.0002991472802157,0.0001505479234782,10.6424024775096,41.3806153428333,15.0,3074.03050379317,105740.0,2,27.9857810395714,3.50921231185672,1120.68807230443,57.2217317836167,2388.93336794494,118.964438959995,393.348826106444,0.0784018397472125,9.41271558446801,6.21423838675223,0.903386727204292,4.02658106632931,4.78704861604808,0.208894931692221,0.0101040777233201,0.0057799739061039,12.3091773809189,41.6057228687863,15.0
11.40625,28.0733281665692,16.7048038675516,1114.17725600771,67.804004252014,2361.12386466738,117.972127723935,389.794298048662,3.86708780323982,10.8703791682813,7.95805224402227,1.96569042432576,4.62126487597242,4.70908878105417,0.0043479440984672,0.0003798393255856,0.0001923785101575,10.6491900080348,41.2648971426849,15.0,3069.10233588179,122800.0,2,28.0332458346659,4.29224710349003,1117.0054707569,60.9131131278643,2377.54317210496,118.431575152681,391.671356525315,0.0755253910350666,9.35794033893294,7.1997984755176,1.05029110029606,4.25976925433872,4.79786202943459,0.20793666857693,0.0100684393512358,0.0056877005701219,12.2921051121361,41.419557830058,15.0
11.41666666,28.1617587845948,19.7179663152327,1118.34488106081,73.2422028852104,2367.90687613216,118.392466067335,391.127636287262,3.56437221916112,10.9748172347928,9.1979773896552,2.27271244715666,4.91361338993336,4.70870634319738,0.0058312378506105,0.0005006090111736,0.0002545800895227,10.6656380409266,41.4112943488454,15.0,3082.81901758622,119765.0,2,28.1127522650747,5.08523795698177,1115.99253484227,65.4995160497609,2372.84053834179,118.212722497514,390.968376547843,0.0591485735871965,9.15683551581943,8.34200199191877,1.18302248334977,4.53034086842772,4.82593338810114,0.210301520076184,0.0101601699590378,0.0056798966627248,12.4894057253974,41.3431464302885,15.0
11.42708333,28.1792373018896,21.9034832395149,1120.50379786709,78.3099804189675,2367.98516468647,118.458131537621,391.190292035607,3.26174774393994,11.1142902958179,10.0499615663971,2.49720281631212,5.24117801774111,4.68737326784531,0.0082023189939628,0.0006804321198802,0.000348114343455,10.6579052224263,41.4332982719736,15.0,3088.4104986133,129520.0,2,28.1477971651677,6.00763724081269,1119.33421179788,70.4677845611844,2377.48727362286,118.455845541337,391.694949579122,0.0518958893690448,8.96221029633063,9.45608131961627,1.31954254935268,4.82920406826284,4.84062465614701,0.210203902202817,0.0101599873649852,0.0056082995071868,12.7371147661341,41.4280771745895,15.0
11.4375,28.2330307137006,23.8279998559334,1114.52037174755,83.9561077443379,2350.51395579193,117.603182454224,388.148442949193,2.93965061620555,11.2160511880859,10.9467987729285,2.69822256817832,5.59852992428837,4.67586264575646,0.0126180470109983,0.0009998215162328,0.0005165475751269,10.6665498437503,41.1328805623928,15.0,3071.90620593723,137440.0,2,28.1972496832287,6.99461067829921,1117.58747358879,75.8452651152866,2370.19208952751,118.085399150333,390.290233304266,0.0447717326630938,8.83444665096355,10.478211625157,1.45642436084737,5.1646114267545,4.84962455077983,0.210393705312181,0.0101703433013788,0.0055434459490542,12.954021469172,41.2980665147048,15.0
11.44791666,28.2812476592463,24.8351110450489,1108.91863687686,89.9234898759927,2332.96925710032,116.687330299691,384.890772583673,2.65280461653386,11.1865080802808,11.6544501249483,2.81003548794765,5.99962230216301,4.67672778027903,0.02036202644955,0.0015286829795775,0.0007978888684467,10.675574706201,40.8105962868289,15.0,3055.65006226752,147765.0,2,28.2467620759339,7.92230082011691,1112.38394886198,81.6504585025052,2354.48768746402,117.26397965842,387.336605571158,0.0402758576362496,8.71001539927946,11.3778910514851,1.57440055041723,5.53823151117697,4.85851887457605,0.210299230428806,0.0101699352770125,0.0054810800189307,13.1071741278571,41.0097694203398,15.0
11.45833333,28.3493189666833,24.6997814897144,1107.17577767557,96.8748815092168,2325.37631278169,116.217953553176,383.10632420764,2.44695407551304,11.0455059511195,12.1938940528315,2.80964814475173,6.42132295722226,4.69372893409613,0.0323080220053189,0.0022839573823005,0.0012003824338166,10.6929865469367,40.643589736294,15.0,3052.04612959769,149145.0,2,28.3122593281665,8.31720820482182,1108.6307036546,87.9787618775829,2342.07340459012,116.565600004648,384.786270821212,0.0363197936811748,8.51754904341577,12.0980280038636,1.62281152571854,5.93613144288537,4.87923112201268,0.210772102892304,0.0101910744210081,0.0054689038989999,13.230912249419,40.7636295381252,15.0
11.46875,28.4025313920784,23.3892138143431,1109.17504357119,103.691292362183,2326.02787861552,116.127431988956,382.559080340362,2.31213911141445,10.8539748090419,12.1683039667147,2.69116876675438,6.83570663242231,4.7126585512218,0.0474193126026149,0.0031676462381179,0.0016729298613046,10.7037349724647,40.6079885273894,15.0,3058.6415365542,149185.0,2,28.3684376347669,8.18775245439404,1108.29269487607,94.4225336583479,2337.39652156318,116.231284919677,383.440300437303,0.0345127801739175,8.32076085641184,12.4134099443061,1.59947489560139,6.33083763904781,4.90017725084983,0.211127453373273,0.0102074552102137,0.0054876999005853,13.2857540925045,40.6436674405377,15.0
11.47916666,28.4554422938961,21.5133493544551,1111.73071293341,110.119035717285,2328.3031749029,116.095458776837,382.19602504044,2.21326048506713,10.6540212053919,11.7679893122115,2.51494737952667,7.22050397391998,4.73207213110129,0.0635218512947335,0.0040479928765962,0.0021494439961308,10.7123031017154,40.5919174520576,15.0,3066.7772436172,147790.0,2,28.4220268224242,7.74463469117574,1110.27951320455,100.620291276483,2337.80938752387,116.139274953687,382.888404425451,0.0336608067584026,8.16927068218205,12.2735266080174,1.53258136855565,6.70695379784849,4.91696227888665,0.211715884324824,0.0102316398624491,0.0055317846704287,13.2684085918562,40.6073205718288,15.0
11.48958333,28.5350669906449,20.0440800863322,1119.07599369593,116.480734295459,2345.94952070912,116.849766673352,384.397660319641,2.14261783272923,10.5644431114468,11.7378523821717,2.37638842921306,7.49521637805227,4.74385325353791,0.0746157607505126,0.0046305586809235,0.0024711821339852,10.7256808274871,40.8504747586865,15.0,3092.70311283913,130695.0,2,28.4935206099547,7.01723140331614,1114.53784878622,106.177189803795,2345.91803497118,116.421681625569,383.592090934562,0.0301848195835924,7.97231268598525,12.1418899747159,1.4301022460754,6.99801876204072,4.93998257905325,0.212801008212759,0.0102743208925646,0.0056083206525006,13.3453365843336,40.7013104523491,15.0
11.5,28.5552729241961,18.7695369053248,1126.11104071657,119.801426442938,2360.97870595832,117.494509092028,386.221449819713,2.08369007663507,10.5680226084914,11.3691598906852,2.25322723553635,7.66375483495653,4.73202612027264,0.0781182870934019,0.004814469550314,0.0025779812596385,10.7163134697352,41.0709669491731,15.0,3113.75857423405,124650.0,2,28.5264612238401,6.50867665599028,1121.04368512494,110.118244601084,2359.98622644749,117.024014372071,385.336738808152,0.0289806059414109,7.86284781827644,11.930413739278,1.34358287529097,7.19002416556131,4.94364987457798,0.212597656914668,0.0102681824597206,0.0056422580178953,13.4065727142271,40.90710580693,15.0
11.51041666,28.5834048602869,17.3726517499016,1129.00635528148,121.720289474438,2366.19773049809,117.643549287552,386.442266968047,2.0235542946401,10.5660062904243,10.8278653019459,2.11747382991651,7.78216541266688,4.72269788914386,0.0785461003135543,0.0048435622600942,0.0026004909481681,10.7129516193049,41.1184196653851,15.0,3121.59645838124,124625.0,2,28.5561154089639,6.15943806650563,1126.12760824149,112.67840019701,2370.09295923284,117.441352637557,386.451029866002,0.0289171883418429,7.88177624242457,11.5114637964831,1.28101472210516,7.32902665050701,4.93311630405637,0.21232408705736,0.0102578977847119,0.0056624438225102,13.3795707482183,41.0483026454219,15.0
11.52083333,28.6335201130804,16.29972835533,1132.0921126695,123.612815825279,2373.79344167071,117.910765945554,387.076418472083,1.96422196319816,10.5608194213403,10.3414538537716,2.01411784915039,7.86095008319453,4.71856428968937,0.0771369079701654,0.0047846518058233,0.0025745977008255,10.7179269662226,41.2074791177737,15.0,3131.76977527567,119620.0,2,28.600802514803,5.82187311832892,1129.4832150411,114.52544763216,2376.91723354494,117.690797068285,387.032414652976,0.027753975677294,7.90238386201269,11.0317572598903,1.22379690701176,7.42461856324667,4.92555968444567,0.212322682195163,0.0102576850892942,0.0056884533482641,13.3558599302081,41.1310411670095,15.0
11.53125,28.6585791057252,15.2364966057141,1134.79812136989,124.924567004691,2379.56275798933,118.08698243157,387.42465080443,1.90732971047387,10.5572036846572,9.93708014631132,1.91078545969462,7.9335810692165,4.7095577181537,0.073718582824989,0.0046223947856554,0.0024909417948441,10.7138529951401,41.2651473249283,15.0,3139.54667019363,119285.0,2,28.6319458283362,5.5642343008169,1132.51851105515,115.934212777749,2383.31800808095,117.920539721425,387.56103991063,0.0275265918804275,7.93504856714703,10.5737245266436,1.17554268984114,7.49528363175032,4.91426719222915,0.211718085495442,0.0102349920351204,0.0056950248536371,13.3150603840457,41.2072216609679,15.0
11.54166666,28.7263018475666,14.8434538197959,1141.97171084947,125.96264086358,2399.07783848281,118.974981376866,390.099945881533,1.86898520419585,10.6379164300904,9.54616387998113,1.87378038252353,7.91192976423486,4.69984989490215,0.0671753192546364,0.0042892985720876,0.0023109674741534,10.7237000804807,41.5722210285118,15.0,3163.24450386208,105440.0,2,28.6866788963607,5.25498011589407,1136.82165174156,116.740218684108,2394.12780448454,118.366339247176,388.835436068301,0.0245662287048159,7.88512512645229,10.201178857683,1.12389925181571,7.51134243195421,4.91465198540583,0.211768556224259,0.0102374345824791,0.005721981872655,13.3935057654571,41.3594538536208,15.0
11.55208333,28.6810327831106,14.5692916515294,1139.30809498524,124.76131460831,2388.85045580894,118.358901964999,387.876883158363,1.82519408693732,10.627279955456,9.22726402488949,1.84716508450814,7.95322878900998,4.67853407996241,0.0613653893783926,0.0039767629897532,0.0021415885719222,10.696175221464,41.3541555328931,15.0,3150.38235454406,124010.0,2,28.6722368978613,5.39975109925812,1139.63153220673,116.852631426983,2399.65101816807,118.566990181281,389.254226746449,0.02767968519741,8.01147029299995,9.77933623366711,1.131077613461,7.53077659771838,4.88466569056214,0.209647813633271,0.0101572286195743,0.0056605354796325,13.2793874753217,41.4264538662562,15.0
11.5625,28.7622095448432,14.5610347502192,1135.88116834955,126.250109746448,2382.29602703237,117.907107196453,386.245730836608,1.7788951244712,10.5464956134447,9.00566290751092,1.85050508711651,8.01102756628812,4.69316020059573,0.0588810050692106,0.0038451633077491,0.002072025095708,10.7167490636323,41.1938009686357,15.0,3142.33045809755,121100.0,2,28.7276118824003,5.43412112646298,1137.74393671492,117.558822942262,2394.35469059036,118.195681349598,387.828091341893,0.0263377958403139,8.06124037834374,9.47830721244965,1.1413238430757,7.58915722564981,4.87938678826502,0.209854994393127,0.0101645451410371,0.005662152797005,13.2031030661071,41.293938538064,15.0
11.57291666,28.8024627887922,14.6437235379521,1141.2100962761,127.311098537146,2395.96255968042,118.479985977733,387.951193114805,1.74877469853266,10.5262356645498,8.75742947889339,1.86182781053686,8.02868763298675,4.69277043128527,0.0548558527083406,0.0036170400864551,0.0019480918673377,10.717701173502,41.392005700868,15.0,3159.2302044653,113970.0,2,28.7718177862006,5.36788017165468,1138.37502368613,118.348102471355,2396.69767389388,118.194388995501,387.672643473862,0.0245264097708741,7.95118736538587,9.24773679427951,1.13069947769345,7.61618513054361,4.88793527555086,0.209434721366864,0.0101502171438801,0.0056592056466482,13.2651726816499,41.2912510867483,15.0
11.58333333,28.8232863100686,14.8489452425852,1146.68089919711,127.104196725198,2409.34153209458,119.051213477606,389.63436206784,1.73932793272665,10.568643680066,8.6098537475304,1.88396273764312,7.9983958400281,4.68126088845423,0.0498889378723498,0.0033204023831922,0.0017852809851378,10.711937858732,41.5900914399237,15.0,3175.05172125169,109915.0,2,28.7993720628451,5.3256670383043,1142.62756369046,118.528762150484,2407.52980566672,118.624316904997,388.932250988114,0.023529812673286,7.84912214364891,9.06348689178307,1.12125483629592,7.607171044383,4.8912956656027,0.208670838139516,0.0101228503095956,0.0056462826319195,13.359053057253,41.4396922551552,15.0
11.59375,28.875854687326,14.989066853779,1154.63753987787,126.22439533634,2430.68656821995,120.038558936492,392.671748721713,1.75919496629199,10.6879613675017,8.28156553098172,1.89857401477748,7.88496182649446,4.66676023447023,0.0443625423711604,0.002975847811822,0.0015956781599122,10.7173136716327,41.9340003607863,15.0,3199.64460858986,97205.0,2,28.8412905617727,5.12855764926618,1148.25539302882,117.797914464869,2422.41708959974,119.262764591546,390.892095147796,0.0214474416318235,7.72406188910718,8.87864786887243,1.09328264845786,7.53831071589649,4.89802733691445,0.208760955838239,0.0101274979935142,0.0056656055292216,13.5371695569226,41.6613914191881,15.0
11.60416666,28.8894008399191,14.8923185205257,1162.99861673781,123.233075058721,2452.34186135179,121.063916102637,395.83441531308,1.81393139355547,10.8563613463383,7.98901256350932,1.88715167377045,7.68663403287778,4.63764049752649,0.0385875671584346,0.0026029820298259,0.0013913121890379,10.7082932332549,42.2915625505032,15.0,3223.32258533591,89030.0,2,28.8642259793655,4.88495755848674,1155.14064090163,115.761278209438,2440.72291520113,120.09315406792,393.493582478609,0.0207323945163738,7.62931974379956,8.64998767129443,1.05347161369892,7.39665938805527,4.89620593063475,0.208474643598368,0.0101175823981773,0.0056799734420759,13.7324436122435,41.9504969132574,15.0
11.61458333,28.8229192169897,14.2211738930071,1152.76491895186,119.994274417897,2424.65684653816,119.587331936692,390.90040873493,1.8359218685798,10.7952616363304,7.64421671431841,1.81811205136434,7.65269198902459,4.62012650258418,0.0364952588772796,0.0024715760344825,0.0013226129516285,10.6790308495907,41.775033370036,15.0,3187.25911046218,118475.0,2,28.8242459995513,5.10421274118892,1156.71993936784,113.535025806307,2443.69047453857,120.193527388978,393.609165382773,0.0270781067888562,7.93206132354116,8.24969896570196,1.08069496324736,7.30285494751505,4.84683799917392,0.206085464071201,0.0100238364486162,0.0056028045292005,13.4835036205284,41.9847405814238,15.0
11.625,28.9445360953176,13.5725495073993,1146.17281648032,120.768424282404,2414.03701836484,118.947751421462,388.75464186433,1.82161084730586,10.6525144278538,7.60756058030835,1.75553409004603,7.62521579714834,4.65158861325197,0.0367834825259284,0.0024889937229588,0.0013338959336046,10.7174623085164,41.5510488086084,15.0,3172.67377591647,108310.0,2,28.8991608722565,4.91973927029665,1150.8370332979,112.740456772578,2430.53415134709,119.453320438551,391.04736754068,0.0253487768086286,8.05318665118991,8.02719586905112,1.06657393948032,7.27228616145523,4.84254230872169,0.207805535560419,0.0100869677071472,0.0056562386938516,13.3271248341127,41.7254540141145,15.0
11.63541666,28.9616174762621,13.1874240321532,1154.54748653897,120.319582698464,2435.21201459073,119.916985389154,391.825390979884,1.84396984047721,10.6163099435423,7.52572368460136,1.71666679142991,7.56235258081159,4.64957591980646,0.0350833424687084,0.0023716590500943,0.0012700840180413,10.7098201475479,41.8894034997443,15.0,3197.78314777272,100760.0,2,28.934237553758,4.69488583666882,1150.65985962506,112.119903205581,2432.24336493857,119.451246898507,390.976822851279,0.0245610025552678,7.95492383097126,7.92822197020325,1.02662663462341,7.21249746634216,4.8509101132928,0.207804634369274,0.0100878511574145,0.0056759763740961,13.3521639793344,41.7242418783973,15.0
11.64583333,28.949681101692,13.0013270385754,1156.85855590986,118.681974224689,2440.1969365838,120.088988841177,392.288078914814,1.88537885189726,10.6114845394791,7.49708914038999,1.69666073872638,7.49884498574228,4.63921834734712,0.0331068023121255,0.0022399854700609,0.0011992142288622,10.6949427060601,41.9494227704286,15.0,3202.54796793358,105805.0,2,28.9384049208424,4.65599504358894,1154.37638930951,111.149457879517,2441.65784509596,119.84764487921,392.182890602207,0.0263923538441219,7.95767505082946,7.8392512668121,1.01476960927202,7.15262899656655,4.84285030689147,0.206768784493393,0.0100486363730407,0.005654858136035,13.3111447710591,41.8624191524324,15.0
11.65625,29.0457804474062,13.1092210757348,1165.74470769563,117.623275166375,2464.98354720245,121.265976050581,396.034611903003,1.96775158006731,10.7134363778513,7.45396770282279,1.70679632581434,7.34959999055684,4.63853846038564,0.030596320112703,0.0020669935674284,0.0011047207991559,10.7179570066118,42.360732971862,15.0,3231.00963824243,86740.0,2,28.9970711737826,4.39761401887276,1158.90414522752,109.717662841298,2454.04528294334,120.386562097788,393.895689844889,0.0233449159251674,7.85697847818655,7.82769885870737,0.979552279214136,7.05199751097722,4.85407773501431,0.208614114629474,0.0101187661810016,0.0057209545168958,13.4470145731977,42.0505143906473,15.0
11.66666666,29.0149846954814,13.2283446191369,1173.7469237177,113.816599868819,2484.74036329973,122.214129162019,399.049390332409,2.1090534399863,10.8436797684439,7.19772089611928,1.7148335324967,7.13425294160113,4.60861353064092,0.0273983088527365,0.0018500076250404,0.0009874313634496,10.6944449171887,42.6922590001902,15.0,3252.19474903565,83255.0,2,29.0029631116607,4.23476291042578,1165.51929256282,107.13276580177,2471.6388258101,121.204699705736,396.546018495126,0.0243714335664184,7.76392265293005,7.73100582452363,0.948525674617642,6.88604062950623,4.8523447416209,0.208351559292175,0.0101094958784632,0.0057296456350041,13.61215929818,42.3362470963628,15.0
11.67708333,28.9991757973508,13.6335026739447,1168.0466912668,109.921176740353,2472.53407675374,121.56806004957,396.913771458234,2.23246777345508,10.8900783802234,7.10989772336405,1.75163811282618,6.95185481752946,4.59226884606442,0.0253445298610026,0.0017158925453566,0.0009161430695319,10.6815192316094,42.4668639393665,15.0,3233.58798015605,91320.0,2,28.9951372543527,4.29926493996582,1169.33876241692,104.098896673666,2481.79854552606,121.671299580175,398.012053689224,0.027941727998507,7.87479750565472,7.56574647297364,0.961568732603433,6.71801917876159,4.82955180218043,0.20773418854489,0.0100844334953211,0.0057076365958461,13.5825114451404,42.4992902775779,15.0
11.6875,29.0453209914639,14.3187692147715,1158.31632494119,107.260300578349,2453.30436037354,120.572945664619,393.671853621877,2.30243494652824,10.8736633202165,7.22260769643748,1.81778577789327,6.7914567207688,4.59590615205461,0.0241663093310125,0.0016417639441258,0.0008768421947699,10.6921262082428,42.1195272759254,15.0,3206.43398434162,91100.0,2,29.0204834308715,4.37153220522978,1164.6830249745,101.24682863148,2473.26749019693,121.205362724897,396.445318331561,0.0286285799504251,7.97685195424021,7.51653180314308,0.984438427124345,6.55906671622046,4.81636457177366,0.208461518355379,0.0101102415020306,0.005716909601962,13.5285901124406,42.3366771281162,15.0
11.69791666,29.058281485689,14.2614659170239,1161.7366647527,105.792619098486,2461.58200358999,120.937942042848,394.876992094449,2.34565105019389,10.8256564206184,7.15571924080555,1.80939144112979,6.71681832126817,4.59660719013712,0.0231621601684027,0.0015800949816212,0.0008439737366862,10.68957707465,42.2473237650154,15.0,3215.38015900762,93065.0,2,29.0387789796463,4.37029198172431,1161.56634565786,99.1114214658146,2467.95195587307,120.897572660951,395.421878011007,0.029905669326018,8.01496079428391,7.50355061627645,0.991792572723821,6.43765955934819,4.80961879436154,0.208313287970079,0.0101039505387139,0.0057127853573847,13.4847431653426,42.2293625830853,15.0
11.70833333,29.0908101411635,13.9356830452925,1163.10195177915,104.331334628238,2466.46936510788,121.148610748733,395.571903876368,2.38579194343513,10.8023172243312,6.99053171914771,1.77431161466554,6.61996740982906,4.59880588066968,0.0221475203760445,0.0015167785987997,0.0008098043937209,10.6937496045807,42.3211987670644,15.0,3219.70827368058,90280.0,2,29.0660427326001,4.24929975089042,1162.32630463385,97.5220395818875,2470.96912759462,121.009853742162,395.790439052569,0.0300133960783247,8.02050481525951,7.42844504023178,0.976159463465978,6.34524599855962,4.80842916832547,0.208496471828628,0.0101105386161537,0.0057273690021746,13.4604320571666,42.2687889984606,15.0
11.71875,29.1066597860404,13.0338811540305,1165.4341910903,102.561313959229,2473.33626648609,121.469116689115,396.620615500419,2.44388641610989,10.8118885436532,6.71780723825706,1.68106008390424,6.51058664280614,4.59438709198364,0.0209440870257057,0.0014398599637167,0.0007681497330567,10.6914074267764,42.4334298023137,15.0,3226.3912001456,87890.0,2,29.0862492429848,4.03114676594553,1163.68229035707,95.8800236218413,2475.38496458503,121.208814910792,396.454360272265,0.0309049782341035,8.03583067927604,7.26043774016058,0.939892106755174,6.24648128647259,4.80497935158822,0.208437582790236,0.0101077531172005,0.0057448476735262,13.4373695222067,42.3384493382785,15.0
11.72916666,29.1194550787629,12.7695132989644,1165.29131089285,100.28285714988,2474.66078169946,121.526062125118,396.813545983382,2.51446286424603,10.84034771614,6.61788168044969,1.65129849451873,6.37842763346107,4.58776087810873,0.0196687038278801,0.0013579305610797,0.0007238371457275,10.6883754357773,42.4535755540401,15.0,3225.77110005355,86675.0,2,29.1018729667837,3.89826027187786,1164.70138802708,94.0076748217588,2478.97976874434,121.382548040068,397.036668450262,0.0320368484915431,8.0929798289795,7.07818300165977,0.9139528956393,6.13612078052249,4.79636621812694,0.208572936109307,0.0101117932095474,0.005758941461427,13.3932745887763,42.3992616060854,15.0
11.73958333,29.1272510132686,12.5503832143731,1163.34985048276,98.4376624156401,2471.32826929485,121.353914825738,396.270729334881,2.58155066130589,10.8603577904961,6.55654566516768,1.62611642387247,6.27822599620431,4.58172697514994,0.0184505801857222,0.0012805418092905,0.0006820852115964,10.6841651184886,42.3936942877629,15.0,3219.85059048122,88190.0,2,29.1128368242913,3.82936977765473,1164.41870001941,92.1536957378787,2479.50348789409,121.410214367281,397.137121605596,0.0339242382394021,8.1817981407482,6.94332818641245,0.902660604316104,6.02944747777068,4.78407521911875,0.208538574625242,0.0101090605793648,0.0057629996005398,13.3264245524452,42.4090565240857,15.0
11.75,29.1469762121116,12.804777610897,1161.15861368186,96.9561141906077,2467.47931791231,121.159365943712,395.66795153009,2.63963178925342,10.8699574024736,6.66066479813392,1.64873903442037,6.19340353564409,4.57989394551897,0.0173156230056016,0.0012087944725494,0.0006433560056901,10.6844960383495,42.3260172508293,15.0,3213.56053538205,88720.0,2,29.1291486145025,3.82945157825396,1162.97053290238,90.5696498981691,2477.30288615846,121.302256680151,396.797628147824,0.0350081203023097,8.26555080815316,6.89986610699998,0.904593769158455,5.9384137776485,4.77390201028568,0.208824574110697,0.010118533479549,0.0057685206382957,13.2637873647952,42.3715078518043,15.0
11.76041666,29.1648275487886,13.1484205643901,1161.62673864621,95.7847931624639,2469.29719514101,121.248248701058,396.001962891618,2.69605914204317,10.8742826703306,6.77286267561825,1.68048088313876,6.12584925244501,4.57889501707944,0.0162071074438075,0.0011383400644963,0.0006052832687823,10.6839729580706,42.3574004776642,15.0,3214.73725426501,88735.0,2,29.1465370922214,3.85197674929238,1161.93591847511,89.2524485580035,2475.99545072218,121.234534087001,396.602313307634,0.0356949627636435,8.30764149727247,6.94672954004739,0.91230267676486,5.86194261739082,4.76846231313421,0.209124210947655,0.0101289889987189,0.0057727737488908,13.2351602914757,42.3480567845918,15.0
11.77083333,29.1809487078385,13.6912183109105,1162.07696000165,94.7187890686983,2471.00152795107,121.336178437238,396.339542934964,2.75043743078837,10.880654565273,6.9006302384215,1.73224811967644,6.06377309131204,4.57784328562849,0.0151535357103156,0.0010714199631563,0.0005690858976238,10.6829882434885,42.3884778293832,15.0,3215.89610716725,88665.0,2,29.1632119083576,3.9030850890853,1161.98450178616,88.1480916555514,2477.02175819804,121.280523770649,396.790823561499,0.036097634798553,8.31746695049587,7.04000695387961,0.924790463801519,5.79771644833677,4.76644028232616,0.209374739394174,0.0101380283465232,0.0057736877073088,13.2342431878637,42.3643666986863,15.0
11.78125,29.1457231939736,13.4947547544655,1149.03277927165,93.9541171838108,2439.43297002474,119.768292973105,391.259073815842,2.71341375795974,10.8071609065764,7.1572764460046,1.71047696473575,6.08980453564497,4.57652461173219,0.0147088141136962,0.0010546092102629,0.0005603528809496,10.6663863304529,41.8410487026458,15.0,3176.46621147885,108690.0,2,29.1450728502673,4.13854662852423,1157.66334481548,87.6123071826027,2466.82401293175,120.78356435187,395.155870318224,0.0427037822192852,8.4754692636486,7.16839613536448,0.966062937094159,5.78394060542986,4.74623881615653,0.206859901842404,0.0100414868566418,0.005690949818966,13.0420806278357,42.1911298906674,15.0
11.79166666,29.2220712442302,13.4923597808881,1138.20485684352,95.1693096764295,2416.66607275673,118.637992256377,387.573015643539,2.61397146122595,10.75794603981,7.20039551178264,1.71080554766627,6.12989869845952,4.59508655391959,0.0147675647079884,0.001070880525579,0.0005688786597042,10.6889848181793,41.4463828403451,15.0,3148.27322251271,105880.0,2,29.192022731596,4.19967450151648,1146.64541356107,87.9727184716359,2442.0195253901,119.55591436078,391.125896268675,0.0399992163353653,8.55503881831373,7.31552143020964,0.982624567795132,5.81015493629202,4.7476754839837,0.207501999752743,0.0100651990205091,0.0057003549947946,12.9224015298736,41.7626751377107,15.0
11.80208333,29.2357627010475,13.4509429350899,1152.39694548194,96.8627746560428,2447.41485691284,120.153110084743,392.495074890253,2.56128893776317,10.7683143380538,6.72681375631197,1.7063890946672,6.22289934784297,4.59431236161654,0.0145382271054293,0.0010616066284337,0.00056315799953,10.685786897706,41.9758253001442,15.0,3188.47394049447,103745.0,2,29.2168686077914,4.19463725944725,1146.24191578436,88.9517694224758,2441.08436785008,119.503106110833,390.947437586516,0.0383368127491721,8.52059525083149,7.19874862687033,0.978811225515556,5.86019705611735,4.75437266240695,0.207592782713486,0.0100693364019809,0.0057037007440518,12.9243963041037,41.7445453785298,15.0
11.8125,29.2399295044523,14.3151983206035,1156.98953960923,97.8536596227999,2456.60869987095,120.607082069745,393.929218389954,2.5340524049556,10.8161941002214,7.04199712220714,1.79240517941692,6.29003587976299,4.58749367600936,0.0142313720125296,0.0010463585416844,0.0005544146989446,10.6803844057224,42.1344907516801,15.0,3201.09201773577,105790.0,2,29.2280286202818,4.36075391605748,1152.68475483464,90.1116085589556,2454.82040241487,120.172253127449,393.106345697317,0.0375014412911605,8.4978208007726,7.15164842487139,1.00140505090103,5.92917015812602,4.75567577062676,0.207536056143524,0.0100678887136548,0.0056886250541805,12.9528178039486,41.9785687951103,15.0
11.82291666,29.3118716905216,14.4999047778995,1164.60641898076,98.6199136369344,2476.35089717193,121.597296596421,397.10904890484,2.57653539515601,10.9462736547687,7.00642454680761,1.81079178007517,6.26565798934746,4.58393555650269,0.0133183937375175,0.0009816300519538,0.0005184511407133,10.6985395702573,42.4805152508805,15.0,3225.57306790633,89650.0,2,29.2747517553233,4.19824061521647,1158.04117249278,90.6879615559385,2467.67559695987,120.788899895284,395.118537893211,0.0326805134235559,8.37606851759537,7.25676869309863,0.982968286109349,5.94725243807296,4.77126701795788,0.209684962976449,0.0101497766588397,0.0057546919890252,13.1446740061851,42.1940984882721,15.0
11.83333333,29.2533710503951,14.7103765933394,1164.65622156241,97.6186101577007,2475.07204377579,121.542138677443,396.896163870025,2.6484532864732,11.0230722538261,7.01137128102904,1.82957511350636,6.2476341399096,4.56012853538285,0.0122030571912187,0.0009070933014288,0.0004783736071638,10.6710476199871,42.4613950153279,15.0,3223.68492979402,97675.0,2,29.2570233056171,4.27108185443748,1162.24888073188,90.5297874342753,2477.62670852954,121.28374576871,396.716270424043,0.0361612422658842,8.3841160161598,7.264546115623,0.987294743846315,5.93256884519648,4.76130379033566,0.20857467389342,0.01010764624078,0.0057215914091602,13.2094805134706,42.3669962178044,15.0
11.84375,29.2558488710291,15.3833779110604,1148.26333188008,97.5613688105102,2436.42503077,119.613848823592,390.584116419393,2.6196582856379,10.9917531489536,7.38498081019227,1.89661463203521,6.30109352572728,4.56134830239942,0.0121727961272558,0.0009152910251545,0.000483604611444,10.66966781024,41.7878867571639,15.0,3175.67668759555,113180.0,2,29.2498009590453,4.64142010350023,1158.05136470569,90.7164576786255,2467.14980367461,120.76623379499,394.948322112733,0.0398424588224519,8.55814539679445,7.38309916414302,1.04885177998321,5.96539882207464,4.73967790202177,0.207396247994224,0.0100615791760461,0.0056602929749781,13.0764267206504,42.1863897011817,15.0
11.85416666,29.3300521950377,16.1701524603338,1148.95267222598,99.6494201042645,2439.23907617861,119.729471310125,390.934333004999,2.55678039688516,10.9549301881979,7.76366870353563,1.97686333774209,6.37979344176258,4.57703701141903,0.0124829082769303,0.0009410215000007,0.0004974015067306,10.6915574893253,41.8284140293571,15.0,3180.25004014,105910.0,2,29.2994110711628,4.79502563383148,1150.51615494318,91.6579222265827,2450.36958251468,119.904661208969,392.087079738521,0.0356942847331949,8.53090598072044,7.70987802626477,1.08385553320931,6.0211793155928,4.7492749907817,0.208876878194102,0.0101178301976376,0.0056825757842338,13.0987710548748,41.8856612468981,15.0
11.86458333,29.3219394837979,16.5230842706657,1154.08252397407,100.825050629839,2449.96556725613,120.239979849662,392.549617144838,2.52387308769711,10.9432284392603,7.88126942879343,2.01237648181297,6.45475546336335,4.57306564349979,0.0125398747260435,0.0009474496868757,0.0005006253403859,10.6823659779182,42.0068403571798,15.0,3194.75218440879,107180.0,2,29.3106124759662,4.90876605764186,1151.67949492693,92.8660473377351,2453.17810763843,120.008227625115,392.391825741536,0.0350068192645287,8.42548688485693,7.97432873294718,1.10054684755724,6.08560365254348,4.75817384144907,0.208524848666847,0.0101058900467553,0.0056660722869981,13.1744551690819,41.9220279476031,15.0
11.875,29.3520803837392,17.0594829162206,1157.49347065232,101.843488581889,2458.34313277053,120.639315203131,393.779410286169,2.50215521532417,10.9817478040924,8.16633670104347,2.06642631733995,6.49292607851685,4.57053076577789,0.0126351014955782,0.0009555130927765,0.0005045407095717,10.6879576444088,42.146307810576,15.0,3205.68384397846,102610.0,2,29.3339952246989,4.95617387948198,1154.67601130865,93.8663501037554,2460.23894969789,120.32276808381,393.376372128759,0.0328070511463934,8.32638695153692,8.22396240870092,1.10931315476929,6.13795361468864,4.76762194645613,0.208978450471611,0.0101242094514368,0.0056739366553709,13.2778923484077,42.0319962302231,15.0
11.88541666,29.3905853844415,17.5734899598773,1164.99518530767,102.048255976778,2477.53914827167,121.589593665025,396.790492420008,2.52680728206239,11.0937114595627,8.22931844591132,2.11730110366665,6.45575729742162,4.55986215429067,0.0121702878713557,0.0009210737402734,0.0004850744359163,10.6950719627785,42.4781431763973,15.0,3229.08061411316,90490.0,2,29.3650365596901,4.81416025587755,1159.0574682271,94.1506167875035,2471.57584964796,120.849582944351,395.070576277255,0.0294601607611833,8.16904662597798,8.44344731122465,1.08996388808156,6.13716262421623,4.78175825007182,0.210087749058523,0.0101675579478328,0.0057133475241596,13.4887734969529,42.215945488202,15.0
11.89583333,29.2950168293852,17.7585440788355,1152.74776798541,101.158340294096,2444.26556417204,119.912353141369,391.239411628299,2.46784309478819,11.0448282370427,8.24661446970681,2.13459869858674,6.55318689437225,4.54145529356206,0.0130003404778886,0.0009914052070757,0.0005243825176998,10.6602623242696,41.8918380513049,15.0,3188.41145645439,122395.0,2,29.3085187625732,5.38957732393715,1158.76204239827,94.3829661629605,2469.42332294257,120.74053983288,394.585919497089,0.0367021759396356,8.34714778813636,8.4693609143708,1.1647456026663,6.18251693404544,4.74833144783044,0.20684996065341,0.0100441810322923,0.0055895674469826,13.3220177816509,42.1777156841483,15.0
11.90625,29.4083075734675,17.9100043185912,1139.66857311037,103.687245389686,2418.07040329235,118.574743234462,386.790658028013,2.33522780586604,10.9716007523444,8.34864361476164,2.15321741933961,6.6332319774141,4.56745900358682,0.0153097942579784,0.001154399216789,0.0006126258181317,10.7003374871391,41.4239970655706,15.0,3156.16171509034,112950.0,2,29.3737816172861,5.47790228700266,1146.68445594648,95.5962138027796,2441.93105919235,119.341841326351,389.897773167461,0.0319168306598937,8.37326227515789,8.57240021538067,1.19337999179293,6.26619185010906,4.75525294583829,0.208558274162455,0.0101088563812372,0.0056222885870621,13.2783798764524,41.6889020442311,15.0
11.91666666,29.4093221577433,17.7430196727345,1151.3662273136,105.645423722199,2444.39009092243,119.838837438702,390.793092233664,2.27026445435692,10.961926904686,8.47765506409714,2.13772894482312,6.72968074087196,4.56321965637721,0.0165001621669993,0.0012325094909821,0.0006539112956834,10.6939292618836,41.8649818897175,15.0,3190.42399014023,108365.0,2,29.3945061540803,5.38685013624502,1146.79274464212,97.1911677372497,2442.90275571946,119.343866984045,389.819471899596,0.0299347063493161,8.24323810979404,8.69970843562569,1.17536285658098,6.34288642324233,4.76737976906823,0.208547284061409,0.0101101870681311,0.0056309496681914,13.3648614631212,41.689215794555,15.0
11.92708333,29.4182566104016,17.4681520200247,1156.58448827804,106.511750321697,2456.54240746447,120.411701732443,392.521974109679,2.2471259932323,11.0104258972383,8.49673858974208,2.11075881082642,6.77054593740947,4.55374303709809,0.0169623264057584,0.0012611757451908,0.0006685286006462,10.6916196461578,42.0644116605875,15.0,3205.97755017519,105315.0,2,29.4068466784257,5.26872470284479,1152.15210652536,98.3455673609586,2455.34794595717,119.922628732365,391.607983222477,0.0289724103635452,8.17170480443706,8.79108636360711,1.15268527254989,6.40089206360796,4.77060376515241,0.208519551589508,0.010110039181819,0.0056406810094303,13.4403026275998,41.8908277254499,15.0
11.9375,29.4971761109335,17.1297784400468,1168.84484931371,106.608697227757,2488.57110210387,121.996243770526,397.530937351278,2.29413592215102,11.191846565351,8.38549947600956,2.07667034811801,6.68456934762913,4.54123495035367,0.0157712062990612,0.0011719834331197,0.0006184294465341,10.7114928589329,42.6173242213666,15.0,3244.62686549138,83415.0,2,29.4548682808721,4.77014256672387,1158.99152486903,98.3698595952049,2472.79177532377,120.74963656848,394.246492005234,0.0246731042356663,8.01220412601658,8.8420254638919,1.07904920419096,6.37665915498794,4.786178342207,0.210402275254165,0.010182140053785,0.0057271691314484,13.686013408239,42.1790428105013,15.0
11.94791666,29.349196823067,16.5605314858965,1157.09834851842,104.439902183913,2455.46985694303,120.326208723991,391.977879505626,2.28970854402567,11.1622624210687,8.26383136339546,2.01734888522693,6.7418043614694,4.50921600056113,0.0158319203052341,0.0011879360361874,0.0006291092276127,10.657526791078,42.0331914012116,15.0,3203.50904045714,120610.0,2,29.3743011593801,5.19013552235531,1161.22495258587,97.8864285478648,2476.53277803685,120.952311160108,394.730611086964,0.0339671735230444,8.30221185599129,8.65808960721815,1.12082282048626,6.37824615617987,4.73521043604617,0.206668254000166,0.0100383756356815,0.0056023043798721,13.4444491096855,42.2491106321218,15.0
11.95833333,29.4811298488439,16.2129318425271,1142.47886334981,106.457100937897,2426.74322999294,118.856157816506,387.109784353148,2.21195456082784,11.0779834434596,8.26963628027906,1.98591131846732,6.78032671686046,4.53997085645883,0.0178580706372088,0.0013274722600634,0.0007052513447519,10.7051111772972,41.5188863230748,15.0,3167.37301708003,109155.0,2,29.4437017591123,5.11167540281379,1151.11874148487,98.488987273655,2453.26895034677,119.77455545724,390.739645453117,0.0302106634833295,8.44456072909091,8.60130996942787,1.12600571915789,6.42979743582715,4.73101392626371,0.209045186244837,0.0101264302991601,0.0056624310088058,13.3104884058435,41.8370065990519,15.0
11.96875,29.4537112113367,15.4521222132556,1150.51848761728,107.776184649882,2443.40966053591,119.630134833113,389.524829110993,2.16367972907008,11.0140385031322,8.03614868878859,1.91074487112132,6.88026358724907,4.53692344702578,0.018849443465007,0.0013937052950909,0.0007412807153066,10.6891839080603,41.7885241448976,15.0,3189.48586566906,112945.0,2,29.4475031596409,5.02530830184159,1148.55038722299,99.5753544721081,2447.72198204388,119.46700050177,389.631632494388,0.0309579008118728,8.43485281796213,8.47444900978678,1.10420542538054,6.48701060005783,4.72952539178646,0.208231108599303,0.0100961131299414,0.0056509230377403,13.2558874124179,41.7288958564543,15.0
11.97916666,29.4946212002177,14.986644568189,1155.88603776514,109.057093066162,2456.95145193241,120.263018035121,391.45978521526,2.14559385000071,11.0360928967335,7.81140407037162,1.8655186418655,6.91843613535462,4.53801708946218,0.019102139242057,0.0014067788844396,0.0007477500451042,10.6981816407563,42.0089120517505,15.0,3206.71972354938,105370.0,2,29.4759521013868,4.83224555603553,1152.16456035606,100.659521194007,2455.99943685066,119.839392098487,390.74522511536,0.0292039888073694,8.40390047599921,8.2945661794067,1.0720487283175,6.54280028404558,4.73388342636559,0.2088728163609,0.0101206108386208,0.0056823208477079,13.2658096747424,41.8582948295533,15.0
11.98958333,29.5177418292423,14.5969048480192,1163.66803671346,109.04844776519,2476.78780115771,121.228919126363,394.461373169033,2.18069459688859,11.153700746754,7.56976774272106,1.82641477812216,6.87303257917139,4.52384434215264,0.017732053458324,0.0013084738192812,0.0006933471659039,10.6986771317075,42.3457858386885,15.0,3230.65527282783,94475.0,2,29.4990449679937,4.55605118666181,1157.3933511302,100.863869107076,2469.13677294138,120.458655482317,392.683438144982,0.0274193344377382,8.33439018003212,8.10765291827077,1.02479548139542,6.53414550221211,4.73845357456747,0.209749967521063,0.0101539856675311,0.0057267716970917,13.3790861964239,42.0739558986157,15.0
12.0,29.527875747643,13.815042991178,1170.27525171765,97.3473234892288,2497.16605285533,122.306509678371,397.835002904818,2.27334015945491,11.3321376902478,7.31464146870036,1.74658138968161,6.24455361792061,4.49915445230115,0.0152642884159864,0.0011362005951493,0.0005995138439487,10.6944758495699,42.7218593255255,15.0,3245.73899997819,84950.0,2,29.5127199046602,4.16566278585051,1163.43350788679,96.5295494118336,2485.62327550683,121.285497086983,395.312272067915,0.0269776753247483,8.30779232270886,7.90972446207867,0.962226854532891,6.29019144853009,4.73498277754873,0.210453634961837,0.0101799067935945,0.0057771460644302,13.5142067544191,42.3621695356284,15.0
12.01041666,29.5067311127512,13.3889488449444,1174.24154062779,95.5168340850838,2506.59637231784,122.77205510246,399.262596376145,2.39790316135318,11.4738409893214,7.13020709964538,1.70121700392896,6.14877080577846,4.47261652697991,0.0129291935739059,0.000975455644335,0.0005132309805379,10.6809590226678,42.8842935060243,15.0,3255.95526901151,84950.0,2,29.5066085200457,3.91034861821463,1168.84908658919,91.3745860542138,2500.14054335909,122.044248721834,397.712906818154,0.029454836298098,8.43594779279007,7.69327328050965,0.919798746311198,6.01141809469766,4.71304290996222,0.210540473896691,0.0101807667394499,0.0058000882735165,13.5220264544313,42.6266445989719,15.0
12.02083333,29.5360954644777,13.3847617100997,1178.21433947599,94.2310444597928,2516.83910047893,123.275858204901,400.86841146776,2.53884568170636,11.5820149620518,7.1593824282791,1.69807352392195,6.06042845078919,4.46037113747601,0.0111118213957304,0.000848479038632,0.0004452242686212,10.6862504618964,43.0602254025934,15.0,3267.36673461748,79820.0,2,29.5204946759387,3.7368934564655,1173.27896341734,88.5534498272164,2511.43549813865,122.624980505487,399.557917430058,0.0300600497079518,8.57329747440267,7.56915016695186,0.894241077457331,5.85445238967707,4.69429743186352,0.211975303286729,0.0102319432056667,0.0058476481369647,13.5204835333612,42.8290385387263,15.0
12.03125,29.5306986709409,13.4434072083632,1174.74444396391,93.2094904087441,2510.2201671839,122.953573543331,399.835492311215,2.68973701881707,11.6416896082226,7.16673714714918,1.7000200867247,5.98842251427843,4.44761663282668,0.0096869156577087,0.0007481568972262,0.0003916685328403,10.6791276770098,42.9477045789282,15.0,3257.93315399252,79030.0,2,29.5238528926184,3.65371425101954,1175.05729113535,86.7158207406596,2516.63645271076,122.895766169864,400.43068427668,0.03196249401962,8.67355932794488,7.51984377762769,0.881301548688829,5.7451059425375,4.67773026611546,0.212715728649549,0.0102575415436927,0.0058710712570806,13.5232426164499,42.9232705198639,15.0
12.04166666,29.5407350592742,13.9010860738876,1171.52721321774,91.5154675934977,2504.32277136296,122.682080510673,399.003903317599,2.82754319782597,11.6727403647779,7.38368223164206,1.74167838219736,5.88199815261568,4.44212569559615,0.0087457367697563,0.0006812838774211,0.0003560310329005,10.6785499280342,42.8529644583419,15.0,3248.92830034561,78050.0,2,29.5310479347266,3.64793497757997,1173.78397595437,85.1717621900138,2515.05948748284,122.830405282365,400.237307493564,0.0333078190344275,8.74976967860961,7.56226788540675,0.883341187748208,5.64927945929555,4.66524661132833,0.213518305548461,0.0102859000302114,0.0058890632326338,13.5217057628698,42.9001844046884,15.0
12.05208333,29.5524057231284,14.5346633404428,1170.42760598745,90.3843501195059,2502.91080739562,122.641146689774,398.943276932186,2.94777001089748,11.6938218798599,7.72054110641566,1.80088593413864,5.80265562467282,4.43877631533137,0.0081103565928659,0.0006353765925489,0.0003315277910131,10.6789019805564,42.8387632241791,15.0,3246.10946276154,76235.0,2,29.5407865393159,3.66405257079327,1172.13719970459,83.7542850864442,2512.69993404718,122.727126353928,399.951050488654,0.0338822263616746,8.77178737441205,7.74042829783589,0.890949728457506,5.55958311680086,4.65947453677375,0.214345341983655,0.0103157745469062,0.0059062203901963,13.5499944469424,42.8639188372783,15.0
12.0625,29.5582711696254,15.3710057470655,1169.96863276704,89.2233454692931,2502.71381156675,122.671177191962,399.124290044695,3.04835941888115,11.7154604719149,8.23114688569903,1.88048285018424,5.72469441042769,4.43461576798,0.0076897968273776,0.0006046062996485,0.0003150612141748,10.6775369989885,42.8493212729032,15.0,3244.91293373448,74945.0,2,29.5484855769036,3.71400034287183,1171.03875929728,82.5142165151331,2511.50366039792,122.684797146859,399.885812315346,0.0341638334633142,8.752732592619,8.06163322468053,0.903985416344554,5.47971194712349,4.65794768374954,0.214980006938815,0.0103389825599804,0.0059161238718197,13.6046634431864,42.8489691795344,15.0
12.07291666,29.5672402383133,15.4285454440217,1169.70040887464,85.9090381649371,2503.47834427484,122.771633189411,399.53646251747,3.12661551312578,11.7483534818501,8.21414662003083,1.88254468224427,5.54127651309797,4.42980732547933,0.007438246165316,0.0005861030491868,0.0003050737310206,10.6776638544987,42.8844115001101,15.0,3243.21022389106,73235.0,2,29.5568482184457,3.66684353389592,1170.37126916189,80.7249730555756,2511.28959570879,122.704825049157,400.037222875797,0.0344931500552233,8.72737794744604,8.33166846450629,0.902555747635831,5.37418241954965,4.65791016777499,0.215398880850409,0.0103541861001015,0.0059301326366519,13.6638386474891,42.8557824820683,15.0
12.08333333,29.5761826883234,14.8788496811303,1170.0314426149,83.4172378190718,2505.3319626327,122.928767232296,400.128956941155,3.18667933809763,11.7991430693024,7.99953770696913,1.82414500298411,5.39868391154821,4.42262114420544,0.00728709881215,0.0005750181982356,0.0002989746323274,10.6779021729026,42.9391963664842,15.0,3243.58317270496,71060.0,2,29.5654024164303,3.51387772550699,1170.11430166813,78.4706740511382,2511.82777485804,122.7850895868,400.392395127064,0.0350121277427965,8.74248859883222,8.39076732467707,0.879179267091994,5.24649612627382,4.65469204826475,0.215769691360469,0.0103671093721474,0.0059527974070854,13.6910255979148,42.8835698265104,15.0
12.09375,29.5730246580832,14.4066363077923,1168.81733698773,81.1483857682906,2503.36587244187,122.903082809948,400.116946527656,3.22375340040632,11.8582130623775,7.91587878963316,1.77362475424397,5.27468018353218,4.4116326758664,0.0072359179074159,0.0005719556844017,0.0002971246616278,10.674128410406,42.9299858964015,15.0,3239.46120782392,71330.0,2,29.5679136700612,3.39523328123551,1169.71829607862,76.3030492468311,2511.69941242303,122.852531035524,400.698778314415,0.0363625457046747,8.82580567207913,8.33302608153744,0.856802493549239,5.12455055008554,4.64374842482895,0.215973719082488,0.010373163872024,0.0059676910636404,13.6593348614457,42.9068055899537,15.0
12.10416666,29.5836724071865,13.4691216129532,1167.92648876456,79.1414260810985,2502.15848822348,122.922243649862,400.239023429288,3.24344720174222,11.9322603708223,7.5032938950691,1.67701024310195,5.16260273519146,4.40112663112652,0.0072436827716465,0.0005735314094932,0.0002976944857057,10.675442585191,42.9362927971729,15.0,3236.4929722091,70630.0,2,29.5745460723089,3.2315205553293,1168.97086713069,74.3171844998721,2510.5281879181,122.88267535259,400.871227302347,0.0374104025135132,8.95894660542118,8.15712918476676,0.828051054464541,5.01312014694996,4.62853075980211,0.216419203773753,0.0103876163496028,0.0059924149696208,13.5922942419059,42.9169323647198,15.0
12.11458333,29.6054791281229,13.336276060872,1169.75241132434,77.5215525788275,2507.16468937589,123.256154492402,401.386780569014,3.28319269942025,12.0311128903387,7.5498153026109,1.66098979575911,5.06209953005081,4.389757883257,0.0071211267762015,0.000564135183992,0.0002923978934177,10.6800318627557,43.0524564580382,15.0,3241.60053359888,66320.0,2,29.5885783937103,3.09552471352874,1168.96518655445,72.50734535982,2510.96751224941,122.99799873429,401.328472064173,0.0364900174818811,9.06970374904108,7.99360668920848,0.800392505189503,4.91073485794193,4.61579854736673,0.217633780693238,0.0104308842852194,0.0060335481185126,13.5642322184189,42.9567153609576,15.0
12.125,29.606920677085,11.6353358588792,1170.91823415259,75.6338777524029,2510.46878139516,123.514464163076,402.306950353199,3.35922324913874,12.1379101012467,7.00534594855046,1.48774644457806,4.95130336124631,4.37383052390812,0.0068266317415909,0.0005407113682101,0.0002797339693951,10.6769978302064,43.1422088828628,15.0,3244.48838752447,63180.0,2,29.5961763511016,2.83691183979175,1169.68083034837,70.7384510516767,2512.88943944193,123.195995591533,402.070975871876,0.0374851346080296,9.17444406549368,7.78023020599968,0.751826561847614,4.81063524000247,4.60205110413511,0.21846194442761,0.0104591564548913,0.0060776361946758,13.5539379639278,43.0252580028342,15.0
12.13541666,29.6088777636316,11.7433158878583,1170.93552978261,73.5110912288608,2511.04559088392,123.644141231595,402.834252716446,3.45533271194167,12.2436591176156,6.53887655672193,1.49530307038421,4.83117133054485,4.35874299720314,0.0064770844470415,0.0005126918361307,0.0002647409193068,10.674531425428,43.1870608513704,15.0,3243.8682500211,60945.0,2,29.6009519059067,2.73538716564387,1170.28206506037,68.9041707767358,2514.35659537162,123.38298105418,402.790087256521,0.0381014022415641,9.30984273629846,7.41862780697976,0.724039017455652,4.70785556824657,4.58434407011722,0.21942995799884,0.0104929727586298,0.0061097735227753,13.5237317568624,43.0898961559256,15.0
12.14583333,29.6124617337243,10.8616860672914,1170.34007900336,71.2571334702593,2510.09674924431,123.702901653141,403.159356946651,3.55804953732985,12.3383626117578,5.94209884945972,1.40393283496326,4.70602278595556,4.34594187061638,0.0061273424412709,0.0004843186449131,0.000249643100305,10.6729394324064,43.207191048336,15.0,3241.32255852454,59180.0,2,29.6051027746672,2.58950592107967,1170.43417090215,66.9972924333223,2514.7973048896,123.520472516556,403.364168980201,0.0394919853948663,9.4381251149904,6.97746731058629,0.697975267915587,4.60212960969321,4.56751245084958,0.220107966934708,0.0105161206670317,0.0061396462352348,13.5021519506691,43.1372962586013,15.0
12.15625,29.6183276239995,10.1039118726926,1169.72730817618,69.1925510721879,2508.91965730615,123.752140945671,403.48420274524,3.66305701691552,12.4171416504962,5.43792206887633,1.32505154957505,4.59090036934577,4.33615103000437,0.005788849713303,0.000456384487375,0.0002348377955679,10.6723148137195,43.2240612776607,15.0,3238.72494114232,60313.89190680741,2,29.6098984204006,2.44456105089166,1170.23562243401,65.0861145859527,2514.23709795186,123.617205036692,403.825186988469,0.0410227941239019,9.58713456044178,6.4874985300869,0.667876977434103,4.49659769783797,4.54986369325323,0.220668558346849,0.010535051983562,0.0061670764400892,13.4568218315286,43.1705025651578,15.0
12.16666666,29.6057312599124,9.68278569809653,1166.45569715529,66.9731895637408,2501.48555034268,123.493506379642,402.830713180051,3.75185667279269,12.4599084088132,5.14537557107835,1.27986221719996,4.47555878420041,4.3276427746125,0.0055087505459093,0.000433360908493,0.0002226579227153,10.6654605125837,43.1334568623642,15.0,3228.27908511283,62257.63722564015,2,29.607002757401,2.36666421120921,1169.17567392844,63.2162682922214,2511.56880172282,123.616210285438,403.976925951458,0.0445908371421311,9.76932710721494,6.02076762712354,0.651141152125944,4.39322732762576,4.52867761880914,0.220428473045309,0.0105247845192891,0.0061679597070224,13.3627652020555,43.1696771197971,15.0
12.17708333,29.6280043204517,9.32067189165725,1164.45891902878,65.1688929395386,2497.02333194383,123.38212709506,402.6816670223,3.83403125139771,12.4895389749821,4.88781315996363,1.24119182236145,4.37454743400198,4.32819287863992,0.0052568538872967,0.000412574855064,0.0002116784602199,10.67116574715,43.0943535349551,15.0,3221.85696867335,60623.84048467533,2,29.6153351369668,2.28090950315675,1167.44207627636,61.452199979051,2507.34055030388,123.53717832025,403.891653859299,0.0456949947361862,9.93782793116171,5.63277036315856,0.636207598177536,4.29543235449104,4.51212932985435,0.220759394587865,0.010535959096208,0.0061843435913489,13.2698912757443,43.1417117345787,15.0
12.1875,29.6205778746607,8.79182385470066,1163.65500176851,63.817467398837,2494.66436642526,123.371698474858,402.890443143411,3.91170206990931,12.4818654933994,4.48927552599453,1.18570809875283,4.30278048521843,4.32819040439487,0.0050074488862345,0.0003917742075839,0.0002007173533251,10.6661120345569,43.0906021382356,15.0,3218.61718451183,61616.726606998,2,29.6167914910767,2.20216930787041,1165.7830180896,59.9059690065458,2503.12453821619,123.458485359648,403.830952350835,0.0488189528483114,10.0827506659697,5.25788543779023,0.621085186343258,4.20900682883446,4.4979524287561,0.220348194527081,0.0105203684043252,0.0061821760670762,13.1735107522089,43.1139761086951,15.0
12.19791666,29.6142348763985,8.8514690564321,1159.27482185958,62.2046257674674,2484.30180577817,122.965332593813,401.823643264757,3.96847085404983,12.4402761185925,4.5123455384704,1.18940866747106,4.22183443794407,4.33326855632883,0.0048102915633202,0.0003762113848581,0.0001925169296663,10.6619037115314,42.9486284908192,15.0,3205.13914331596,65404.403295858574,2,29.6142642810666,2.19652988197451,1163.78146261893,58.5573460272143,2497.97776615979,123.333356175669,403.625662037704,0.053329833146965,10.240347876289,4.94765226099418,0.620932309409909,4.13311216403759,4.48349016968481,0.219068734872663,0.0104735682469148,0.0061514978870794,13.0349742336229,43.0701851803313,15.0
12.20833333,29.6460482010545,8.92892857177146,1157.34978278086,61.2946687935164,2479.65281753701,122.839838810571,401.69453018267,4.02678962810745,12.3949198475125,4.5342466207634,1.19547749351035,4.16520721240273,4.3472502706292,0.0046112660719761,0.0003603338659437,0.000184137918515,10.6711064135782,42.9048376760757,15.0,3199.30235683552,63008.868524540376,2,29.6281059622723,2.16772320573965,1161.01981104612,57.386630149312,2491.24674279085,123.120187185181,403.158766399715,0.052839893165142,10.3300375983622,4.79165761029119,0.619293642274447,4.06619045045637,4.47985410418494,0.219351666816899,0.0104839623366572,0.0061615452895941,12.9448690472631,42.9957393642031,15.0
12.21875,29.6272855095627,8.85314193179348,1158.525849181,60.3694980182051,2481.06615771095,123.013964216263,402.566277994322,4.07970291021962,12.3166260149465,4.52124616876713,1.18579721642041,4.12212072457703,4.3562609233636,0.0044081065009379,0.0003440955515734,0.0001755771047688,10.6620863163326,42.9657823740089,15.0,3201.38064712106,65940.24659996922,2,29.6267379274492,2.15742655383616,1159.47327256621,56.4271716339083,2487.05641786012,123.029166255907,403.115629856906,0.056607293517082,10.3758860937544,4.70189154850963,0.619099008834604,4.01150052752397,4.47895411242002,0.218528658209971,0.0104538511650644,0.0061424011085138,12.8656729191889,42.964005429526,15.0
12.22916666,29.639957639218,8.9209874895282,1155.40947177035,59.6577066449117,2473.33310868267,122.733005966326,401.95822909943,4.12212899713924,12.2386330534549,4.49130565044877,1.19098579718222,4.08193301972698,4.37231277512163,0.0042367464507078,0.0003313122739842,0.0001688005950958,10.6646494835555,42.8678310498755,15.0,3191.96951491017,67006.67984246394,2,29.6321373471078,2.15550691062378,1158.36263906035,55.6728836582279,2483.67947531886,122.97579119545,403.208556645497,0.0585192812983283,10.4125071778295,4.63402679499637,0.621663756456499,3.96835451647604,4.48169910093104,0.217916353215544,0.0104316779550667,0.0061278537268176,12.7803574955817,42.9454810998085,15.0
12.23958333,29.6488909132365,8.84328704317964,1154.2561984353,59.0594029170341,2469.85617323604,122.664530996984,402.052756792382,4.16050624090011,12.161468184096,4.46774029313917,1.18166883193726,4.04745537057916,4.38823833575966,0.0040674913257458,0.0003186959521047,0.0001620715180184,10.6657021673066,42.8441340166693,15.0,3188.04989729581,66975.1596481045,2,29.6394122055441,2.13797980761196,1156.3935503967,55.0281822441362,2478.42798116699,122.826017412043,403.004434482654,0.0596064973429683,10.4140747088533,4.58288529216477,0.62039586958626,3.93023570595025,4.48913915646416,0.217598693535018,0.0104203457387925,0.0061222568101955,12.7189055120385,42.8933282740422,15.0
12.25,29.6703102789292,8.84818697426435,1159.63393178402,58.96920959487,2480.61096787575,123.304530628758,404.480476144336,4.20962757611605,12.1072218101562,4.44109107307034,1.1806563784505,4.03630008103522,4.40434517497474,0.0038833768491413,0.0003040270631745,0.0001542202371315,10.6710026207164,43.0679241204601,15.0,3202.55028011115,63197.989690697075,2,29.6528984296065,2.09889533960918,1156.81807734196,54.5567276363976,2478.34502053735,122.930315161329,403.658500295653,0.0573699758352303,10.3666570489001,4.55054408762907,0.612164099356987,3.90283005912984,4.50247058995565,0.218337209972343,0.010447767830357,0.0061449884636077,12.7117742979642,42.9299057196037,15.0
12.26041666,29.657055807927,8.83938463661616,1158.90859995686,58.584037521415,2477.86925599319,123.274207526399,404.718795980887,4.25749224811628,12.0553856219727,4.40271483091837,1.17782988824365,4.01185426095252,4.41355153081736,0.003699420808403,0.0002892219643383,0.0001463150909906,10.6640326378112,43.0576012647639,15.0,3199.80937368264,63282.04354232227,2,29.6539727453357,2.08162152458195,1157.97844227168,54.1844503313688,2479.78938103889,123.11052144941,404.578647070049,0.0583810957525833,10.3040720486528,4.51717619183759,0.60677051924007,3.88093206277376,4.51480211382887,0.218223096061603,0.010444116784303,0.0061445619502481,12.7204048064652,42.9930024958115,15.0
12.27083333,29.6710281714872,8.79259831594418,1158.58291753426,58.0292942101633,2476.17017198743,123.299254703088,405.142412997239,4.30359483642069,12.0247166429304,4.3833508195985,1.17148339403496,3.97620120538893,4.42558510601459,0.0035330942797455,0.0002761298891292,0.000139296478951,10.6670689646076,43.0666131799779,15.0,3198.21799845912,61296.27129767693,2,29.660726552862,2.05380585396693,1158.33309720978,53.7818855780539,2479.45707232481,123.202996241662,405.219065726818,0.0575769682323685,14.45502323693373,4.48698512001803,0.600839788523908,3.85704892828858,4.52736240080558,0.218425184841797,0.0104520378031807,0.0061531214620858,12.7339651786783,43.0254686394268,15.0
12.28125,29.6622980691751,8.74280244850133,1156.54234820423,57.3886332619163,2470.51456797568,123.128229596531,404.923675679716,4.34097113377321,11.9907866625362,4.32067440192378,1.16467846254086,3.94013184438778,4.43332301803914,0.0033780982783335,0.0002642220359629,0.000132912160189,10.6620546782024,43.0071228384213,15.0,3191.62843316737,62042.24923085058,2,29.6606231898714,2.04050525877933,1157.9219998739,53.3139700664228,2477.41016108517,123.212891157701,405.591598614138,0.0591838975579272,14.402263245459752,4.44669203756655,0.597331287471367,3.82944211775323,4.5370255463088,0.217995248442492,0.0104368228730476,0.0061445385519942,12.734526161469,43.0291047692037,15.0
12.29166666,29.6731505694213,8.7240062852467,1154.96805127495,57.0774732688044,2465.90996652899,123.009661221378,404.876464508533,4.37417967065068,11.9658709161616,4.28356271142943,1.16129846294789,3.91831559254921,4.44353816360303,0.0032376338127708,0.0002538115390521,0.000127309881817,10.6641329234479,42.9659276244883,15.0,3186.60565832036,61422.35207511473,2,29.6653875046453,2.0262757682884,1156.89493241635,52.8956646199993,2473.97688014615,123.15487044766,405.740135682759,0.0594493767316073,14.374713840866619,4.39937895806076,0.594759794074809,3.80391862371987,4.54585778666906,0.217785611772798,0.0104296515870648,0.0061415136525345,12.7255017078524,43.0090358416236,15.0
12.30208333,29.672583163419,8.77486161726633,1153.61269856733,56.8377933732822,2461.64955655509,122.908893753341,404.888036531944,4.40277922913226,11.9367419297072,4.26622697252713,1.16489840839926,3.9029072780279,4.45165570119884,0.0031026422563354,0.000243877429948,0.0001219691451463,10.6620917185325,42.9309255549886,15.0,3182.12092825198,61874.14152760018,2,29.6677670444156,2.02595370634012,1155.64343496991,52.5725939920449,2470.01825165819,123.070829127696,405.803184164738,0.0605067370294298,14.354069258516368,4.35821521392595,0.594542569968545,3.78317936149876,4.55355778489252,0.217434551648072,0.0104172458971548,0.0061333974878998,12.7125498935773,42.9798851295355,15.0
12.3125,29.6739329356711,8.81688501578739,1151.17542966655,56.3536360764247,2455.05160391232,122.693525614356,404.519603843477,4.42629094503716,11.9051758156232,4.27577397598642,1.16779460493714,3.87679527540648,4.46013027536081,0.0029783594342291,0.0002351312176082,0.0001172668318764,10.6608171386017,42.8558704988242,15.0,3174.48725220897,63008.868524540376,2,29.6696893482495,2.0334342634415,1154.10807350364,52.2707791793624,2465.41614172585,122.955125941036,405.757683657832,0.0621173655224394,14.350115431661417,4.32938798095111,0.597151751441022,3.76382032122669,4.55995569082392,0.216894041339642,0.0103978112313482,0.0061196766910308,12.6871499473958,42.9396818227124,15.0
12.32291666,29.6763782569808,8.87372870144033,1148.0951926881,55.9894184285124,2447.02661690477,122.406431443392,403.909940943492,4.44423466690504,11.869582995852,4.32657849990498,1.17236895378723,3.85720855015057,4.46904732525162,0.0028644054102782,0.0002275252998968,0.0001131720244511,10.6599894948437,42.7557417154701,15.0,3165.1375065928,64584.878242512874,2,29.6719407583099,2.04681595369772,1151.91040790633,51.9668573946803,2459.36572777886,122.767820907612,405.46962309,0.0640677605733574,14.36276446335532,4.32287033972101,0.601643043740028,3.74434416815235,4.56530364200733,0.216281983190296,0.0103755527784793,0.0061033430606045,12.6476839135717,42.8744619928071,15.0
12.33333333,29.6880161181609,8.92629634320431,1146.7537586448,55.8149942530097,2442.85127825042,122.311952603899,403.932981295249,4.46270246626855,11.8371762969503,4.40198184435403,1.17673197812532,3.84572192799168,4.47925888788883,0.0027534623235295,0.000219965118545,0.0001090912896364,10.6623953810873,42.7228839641315,15.0,3160.79088675863,64511.331122340824,2,29.6786398509072,2.05097561335754,1149.7282775863,51.7200479807787,2453.36113062539,122.582170588783,405.184767929996,0.064376086202876,14.365636435692993,4.34795505852581,0.604232574182433,3.72811378728685,4.57194823664262,0.216242332294898,0.0103739929811297,0.0061017431952956,12.6158245964107,42.8097811555379,15.0
12.34375,29.6948792836545,9.06206869111255,1147.43970582504,55.6679908519247,2443.05332045479,122.437273979691,404.683207061935,4.48495662789555,11.8082043769411,4.46279991936699,1.18940071397612,3.83674358352636,4.48808837457274,0.0026390853681405,0.0002115741500713,0.0001045709038501,10.663020500322,42.7668078250041,15.0,3162.03622949879,63891.43396660497,2,29.685266299045,2.05559303925354,1148.43149937419,51.5206661666841,2449.29631154814,122.492498039952,405.220262196594,0.0640055864693603,14.33951669767118,4.39356625487893,0.605709913086429,3.71530864328608,4.580090267322,0.216573178808469,0.0103859199703957,0.0061090344421486,12.6052042769775,42.7785711649014,15.0
12.35416666,29.6849643112539,9.16622031023385,1146.63527931795,55.7157697551963,2439.74488912371,122.384484707286,404.841252173918,4.50101515486239,11.7747118842662,4.54141546122801,1.19881594798592,3.8416389760892,4.49411821293769,0.0025367413512052,0.0002045448102516,0.0001007915529409,10.657813076017,42.7485185226717,15.0,3159.05264520055,66402.54278390782,2,29.684239704071,2.08109160467246,1147.86267124915,51.4346795370346,2446.74061282907,122.478351050885,405.500928092338,0.0665392064468228,14.325848751938587,4.44580073295451,0.611974370497208,3.70911996018652,4.58587255204973,0.216104982724071,0.0103686187617037,0.0060944625444625,12.581943389121,42.7737322089943,15.0
12.36458333,29.6922028140115,9.46673285623321,1142.44136102274,55.5918686469068,2429.32381391518,121.975821112063,403.811108037299,4.51027149642079,11.7481813948271,4.63957786416811,1.22818317566283,3.8341352031251,4.50266454229728,0.0024542535001304,0.0001997362155503,9.81653433742873e-05,10.6588784818685,42.6059068452377,15.0,3146.81240968457,68094.12654786496,2,29.6874240432995,2.12589437749379,1146.21021410542,51.4167265900614,2441.84880371952,122.34524316144,405.378097176705,0.0678105701585951,14.330703559044418,4.51225313446967,0.623406716208287,3.70587490328863,4.59124263164052,0.215824898497519,0.0103581009809357,0.0060824156442884,12.5477888959532,42.7273480504033,15.0
12.375,29.6660780230395,10.414234419671,1133.97062263889,55.0691703573905,2409.1214971809,121.076168833907,401.128157369462,4.48965423275571,11.6991985320948,5.13799171309286,1.32231799933693,3.82090089671658,4.50711766027834,0.0024195288012353,0.0002009002293408,9.87314737304489e-05,10.6482755559162,42.2917468713459,15.0,3121.99302243892,78290.90942314701,2,29.6747894482291,2.30516096693335,1141.73276642979,51.3535949940958,2430.85078336036,121.902540826376,404.199989961036,0.0752990298105853,14.385578216803385,4.69848665982028,0.663408577116849,3.70020021253465,4.59069745851973,0.213960262590547,0.0102889065984504,0.0060168220352489,12.4591587329621,42.5728866779705,15.0
12.38541666,29.7090009517683,12.6384235238622,1128.56504882296,55.9736107530581,2396.17216094131,120.536897223531,399.608636659496,4.46193522245746,11.6791114126939,6.13569049926122,1.54519043953815,3.8623275449745,4.52177726419185,0.0024188042439836,0.0002049683506373,0.0001006779883369,10.6621220772788,42.103412543526,15.0,3107.21982520791,78290.90942314701,2,29.6916896708253,2.57840056219249,1135.88467114228,51.5914538278164,2417.25290081845,121.308073304793,402.498576940711,0.0696464492239457,14.339655475447193,5.22592513884883,0.727240772013723,3.7101400593595,4.601996449359,0.215938236557126,0.0103596228750362,0.0060342662303974,12.4474196730177,42.3653327385655,15.0
12.39583333,29.6682360837376,14.9322335992674,1123.31608816766,57.9483983983672,2381.84059446626,119.918470345522,397.785309962778,4.39360885186054,11.6337440670594,7.05372581856826,1.77472203868935,3.98915456631077,4.5228388523622,0.0025041252206837,0.0002176164372581,0.0001070951954083,10.6461586508737,41.8873608918241,15.0,3092.02216667431,92501.26371353235,2,29.6757966325187,3.08497206057197,1129.56321168658,52.6651482713786,2402.57735440097,120.637237345666,400.508601625575,0.0735162835935517,14.213949514583785,6.04425618695983,0.833303420196811,3.76682259417068,4.61229685802015,0.215613259313034,0.0103462162459391,0.0059731687356733,12.4598935704969,42.1310526125511,15.0
12.40625,29.6855704592874,16.6584558031982,1121.30551340794,60.1924590344968,2374.63549215676,119.66408387676,397.089488507376,4.2471495626661,11.6262886643973,7.83057293095693,1.9490976696182,4.13376070579069,4.53077150046183,0.0028680774173956,0.000256601595482,0.0001269358551224,10.651597124242,41.7982911679851,15.0,3086.01399611349,103743.46636840282,2,29.6797075387656,3.63532652150856,1124.98274419793,54.6323095645783,2391.17697581845,120.118843814362,398.958843539504,0.0723294386634746,14.091361957769374,6.96866305926679,0.949479942794733,3.88051660294474,4.62663580625066,0.215241292846546,0.0103322599919872,0.0059108068782918,12.4776174230244,41.9500749406826,15.0
12.41666666,29.7250491877368,19.6547015111778,1125.65912983381,63.4195992447866,2382.44967474299,120.174326933365,398.83993359116,4.06362879713784,11.7017639866976,8.98557728178017,2.25135276235995,4.3032425218107,4.53237992878387,0.0034639603165805,0.0003111452469815,0.0001543348727098,10.6646265586943,41.9760395147847,15.0,3099.38902789568,101757.69412375746,2,29.7076094495804,4.21240237773588,1123.94651113852,57.1031447738759,2387.88219290501,119.998969840983,398.684581059215,0.0605863837418254,13.825478704597204,8.01445274881512,1.0593767411966,4.02023355201533,4.65288363029893,0.217019974879032,0.0103997821280394,0.005901507007595,12.6452080647894,41.9082380370671,15.0
12.42708333,29.7055918637543,21.8312182402267,1132.01348566786,66.6376778376267,2393.55437364438,120.852707339683,401.051780949254,3.85227770628347,11.8343141937801,9.71239700511968,2.47137394792712,4.49909679389663,4.51390446834376,0.0043801572953513,0.0003887246398587,0.0001936512316129,10.6575596567823,42.2121950339682,15.0,3117.24166535458,108198.32050453841,2,29.7052134264101,4.86085001360316,1127.88097861179,59.9925390809111,2395.38690213556,120.425422858861,400.149311739973,0.0550358967591302,13.54254383162941,9.03428627005308,1.17107437798876,4.18656513735251,4.67122579568372,0.216875380809336,0.010397175146397,0.0058436052301992,12.8743605738275,42.0570852367786,15.0
12.4375,29.7137411379699,23.7367319948469,1124.87979761699,69.9738148908727,2376.13810465973,120.081050931716,398.351314583207,3.5822895835867,12.0134533093981,10.3933928149517,2.66544684049942,4.69025050905157,4.49323882636909,0.006036854185752,0.0005216850578682,0.0002619869002318,10.6620446948215,41.9414778967266,15.0,3098.52417043443,113430.67276820709,2,29.7094858472874,5.53738888459465,1128.07628023073,63.1659472964106,2394.62214984552,120.441381737837,400.145000996267,0.0489392274950532,13.37688795076444,9.91551912145434,1.27972715667742,4.37070422265364,4.67978672092452,0.216720525382383,0.0103941374535158,0.0057860551654611,13.090403781582,42.0623403326824,15.0
12.44791666,29.715912299554,24.7213766333748,1122.27353230205,73.8262975206967,2368.14918009353,119.766771078056,397.095204463977,3.27626699667724,12.1748703676236,10.7921608511496,2.76844878622867,4.92371707868463,4.47128673047706,0.0088178067519486,0.0007326088565848,0.000371631771598,10.6657186930227,41.8301190569148,15.0,3092.20582838642,120254.794847028,2,29.712198335386,6.16649161329115,1124.32116886803,66.6403010272148,2385.0781839441,120.018411082245,398.582480928074,0.0441937698037515,13.317099119748136,10.6028860526094,1.37149142134911,4.57351852107854,4.67836517451568,0.216417452665184,0.0103849501677878,0.0057312010358135,13.2637645160661,41.9139606040086,15.0
12.45833333,29.7354794864004,24.5585001458178,1123.58712789706,78.0987522781827,2369.64377822017,119.909422530817,397.316929532471,2.99795094398299,12.294432202711,10.9832862566044,2.75762931181638,5.16597446523854,4.45615922612006,0.0128658116440752,0.001022453690192,0.0005234596804911,10.6760435438377,41.8779918927378,15.0,3097.82550176358,121184.64058063176,2,29.7268493430026,6.41722893947339,1123.51521102167,70.4708006521649,2381.87697592663,119.914041180641,398.01673965802,0.0393814581425277,13.29267981080032,11.0484844723971,1.40536166127046,4.79656867575384,4.67567308663408,0.216729931743512,0.0103978296665549,0.0057203035808742,13.4094077602156,41.876412829894,15.0
12.46875,29.7431690290162,23.2231788547396,1126.6670798657,82.1388973289799,2375.33080731261,120.243158785009,398.158201320837,2.79178021506054,12.3634151800661,10.6532434581531,2.62934621396414,5.39542620906267,4.44370019703371,0.0177754358513967,0.0013577684828907,0.0007000092178436,10.6814530569638,41.9922787237807,15.0,3108.39781750268,121231.92087217094,2,29.736660266515,6.2965686683061,1124.84257005708,74.2664661260847,2383.42011400392,120.051462960856,398.228301616134,0.0367968408282187,13.322124104754726,11.1145968043819,1.37922621602818,5.01449398515608,4.6685247747506,0.21695623343149,0.0104066908204284,0.0057351107355795,13.4841961914435,41.9228008802918,15.0
12.47916666,29.7514030461192,21.3228130206076,1128.13489398933,85.8951185196564,2377.90650533939,120.401682014115,398.414994120257,2.65020112409821,12.3976433835107,10.0198438429252,2.44415990713835,5.60505829067305,4.43495409433004,0.0229386470872616,0.0016978048615561,0.0008802104369913,10.6858930909027,42.0451029867583,15.0,3114.59872272713,120328.34196720005,2,29.7452574834221,5.95612909974268,1126.82131545798,77.8390397232612,2386.39241066568,120.262511602735,398.672959205424,0.0356428613305805,13.4277110340354,10.7739813082278,1.31687991763302,5.2179557799594,4.65653481593474,0.217260915433884,0.0104176340725085,0.0057682380226522,13.4729467739354,41.9944408814365,15.0
12.48958333,29.7850198933365,19.8281613801615,1133.77982030167,90.1306562209603,2391.36244315454,121.116127943594,400.497997927932,2.57268980199115,12.4813690202359,9.85570758478113,2.29849486101208,5.79586480852535,4.42459061037035,0.0263039377477548,0.0019091503952695,0.0009929464696935,10.6958349658804,42.2919847038827,15.0,3134.38427268943,109070.37921514985,2,29.7696202708151,5.43740161349337,1129.79562933903,81.1809104096495,2392.49362091304,120.620983814823,399.626777792801,0.0328469086259485,13.476438000929132,10.4483828112368,1.22932644361599,5.39201859924331,4.65057475139971,0.218546956415797,0.010464482450556,0.0058390561205263,13.504835284886,42.1172817192932,15.0
12.5,29.772732799267,18.541020801315,1138.1919770906,92.7374086243108,2401.16484052392,121.658756159522,402.004535510014,2.53816138949959,12.6073440865434,9.43652894838135,2.17174192976683,5.92730427901055,4.39944443631205,0.0268354411987306,0.0019367950069453,0.0010090048018854,10.6877585957337,42.4790126518515,15.0,3148.67739792016,105093.5813601326,2,29.7698645740029,5.08046241427425,1134.32167854007,83.8960154976492,2402.31880448687,121.175838545631,401.229228056792,0.0323239550766982,13.570172417110115,10.1316923539947,1.15732922316275,5.5282456878067,4.63481461429095,0.218954148288834,0.010478526479632,0.0058777550921489,13.528021117385,42.3086095022952,15.0
12.51041666,29.7688389506899,17.1305981182193,1136.04312375864,93.2974732444587,2396.81459371298,121.485410499554,401.16949615083,2.51977235710551,12.7225973146403,8.85406148413247,2.03268322025899,5.96166940904732,4.37746025629376,0.0259883753325042,0.0018786957591342,0.0009803996261302,10.6837988517069,42.4163062211339,15.0,3143.4198026907,105093.5813601326,2,29.7673968322336,4.82246542494683,1136.0297897593,85.4912619278701,2405.8586741669,121.423263060867,401.796654196205,0.0330914160640548,13.790710704451696,9.66617844120243,1.10436847997246,5.61183911294531,4.60906817205026,0.218995352066922,0.0104783676548557,0.005899495120764,13.483247562884,42.3926608461888,15.0
12.52083333,29.784788466335,16.0421677266693,1135.88867258625,93.9974288509678,2397.44342257335,121.559092013717,401.180700296365,2.51256655484271,12.8247221520846,8.32539156756875,1.92607290538393,5.98862433115579,4.36133806420918,0.0242565123033493,0.0017633928088138,0.0009214031435329,10.6866494993312,42.4401874108398,15.0,3144.38212779862,101804.97441529665,2,29.7766788435423,4.56898407478887,1135.89782613082,86.2893306195818,2405.64942586158,121.479379194218,401.745948677863,0.0330601712669668,14.026815340044788,9.13821785193193,1.05627882456478,5.65223181664978,4.58495439749641,0.219403263324807,0.0104915549652911,0.0059297624812316,13.4273707403764,42.4101443899652,15.0
12.53125,29.7820663349058,14.9683521605601,1135.27829815391,94.1758940462627,2396.64980535016,121.556356798781,400.966712279402,2.51673702303866,12.9056744353344,7.89436009005848,1.82053271509208,5.99973604566011,4.34460258894481,0.0219188690922562,0.0016078433897629,0.0008406243452825,10.682612054503,42.4377307177225,15.0,3143.29859800968,101594.83978623364,2,29.778551921842,4.36474366190837,1135.66661988573,86.6875286662173,2405.33111348231,121.527742176351,401.688804871847,0.0340469520147452,14.261288803165975,8.63193397569989,1.01532512762821,5.67132794146319,4.56028065998948,0.219267389686399,0.0104848816842365,0.0059434575635473,13.3571261406348,42.4252157701811,15.0
12.54166666,29.8136603434916,14.5616182176777,1139.25238338001,95.0384467000831,2407.23763625865,122.136374798853,402.691680158628,2.55199042412302,13.0253204848177,7.502282617255,1.78142417170848,6.01083367035033,4.33043404898761,0.0188888672781823,0.0014006072951697,0.0007308310107092,10.6896206604821,42.6390826447868,15.0,3156.74670295576,92464.49015344633,2,29.798766544849,4.14291149084968,1136.76604698796,86.9396280901852,2408.49457705594,121.73959974733,402.215501652227,0.0323933578261914,14.388189805601066,8.20987176671225,0.975128213502632,5.675269027575,4.5463008267976,0.220380642895748,0.0105244320490555,0.0059887670426341,13.3690156261054,42.4976968364727,15.0
12.55208333,29.7574315078799,14.287780136173,1131.9718792812,93.3830793552075,2390.1471137477,121.297498383367,399.782827563286,2.59152840213183,13.052686770385,7.20103431448935,1.7546766704145,5.97091567811705,4.31137289462833,0.0163829847682299,0.0012333611869866,0.000643526168951,10.6676931622763,42.3453971102848,15.0,3134.19584658079,104746.85922217864,2,29.7709925294038,4.22071486405002,1136.00264097456,86.7063439833929,2406.96645996669,121.719888199253,401.961102455535,0.0370906799163466,14.636539007406538,7.78664133384578,0.978831162234856,5.66633359611247,4.51615322803508,0.218557417482624,0.0104562461078281,0.0059378635285229,13.2650513309306,42.4896370942247,15.0
12.5625,29.8011772989355,14.2602750652092,1125.26375817912,92.9368835314896,2376.85436243824,120.635503832233,397.505480783336,2.62040185643998,13.0344103777151,6.95646495115347,1.7544065718914,5.93504267810966,4.31930714596225,0.0149001852148971,0.0011324303423397,0.0005911296606899,10.6824888604735,42.1138011278492,15.0,3116.4823424192,102839.88746343192,2,29.7889984848991,4.22217308957373,1130.31501475295,86.2165590777836,2394.78410177676,121.136236030333,399.873601464694,0.0371265634821135,14.82399994584091,7.45316784184716,0.985753206094085,5.64548336154191,4.50214705727247,0.218859811429356,0.0104664211662522,0.0059438197900996,13.1719520962701,42.2850685728476,15.0
12.57291666,29.813229186372,14.3313000872667,1137.48709700469,94.1098879355314,2404.04062875238,122.030722265634,402.019014893666,2.67385249747753,13.0278063899752,6.72284147250051,1.76322652431425,5.98880388654543,4.32035010786166,0.0132966268961927,0.0010185710912317,0.0005306880865739,10.6835463286552,42.6006697411193,15.0,3151.71601544477,98138.12513814731,2,29.8031351724895,4.1583793201405,1131.27953250598,86.2227439856353,2397.5766456063,121.295108682996,400.2974057563,0.03646305631304,14.814977753533821,7.19543284915634,0.978110419522567,5.64265094382138,4.50227578832946,0.21941080886557,0.0104865230194895,0.0059624311801947,13.1819417567636,42.3400339938096,15.0
12.58333333,29.8108466052195,14.5300819458392,1139.27586158689,93.9782456813559,2408.81441615826,122.288879403543,402.8040803175,2.75988829427672,13.0375875137906,6.63056543064874,1.78394771673564,5.97225991644367,4.31734870648876,0.0117483525104007,0.0009078808706754,0.0004718271641235,10.6796747536764,42.6908112397477,15.0,3157.38922079047,95469.41534904721,2,29.806979231967,4.11849863176707,1135.99285001183,86.3334841769246,2408.61282996274,121.867128522472,402.116092473224,0.0366927557545421,14.750804188585679,7.01273321470341,0.972139796432914,5.64476521762455,4.50441951207842,0.219673447242635,0.0104962731728381,0.0059723285762061,13.2307046878519,42.5394491804496,15.0
12.59375,29.8339842675906,14.6632136637281,1142.36049391645,93.8784063461861,2417.38604000034,122.741789961629,404.259565390169,2.88623094348784,13.077643524657,6.40072002323045,1.79752816537753,5.93439303397481,4.31613990531235,0.0103057166958558,0.0008025222772654,0.0004156898189909,10.6848113146768,42.8491198869909,15.0,3167.60656162632,87069.28355225381,2,29.8214347473728,3.99249005466404,1138.97049290233,86.0450289953689,2416.38922669326,122.267443083416,403.40904475194,0.0355389835339777,14.63238231172353,6.86222530724735,0.954935834324441,5.61871974053959,4.51203468662484,0.220801830719642,0.0105377659374822,0.006010652410975,13.3387326033974,42.6790645384783,15.0
12.60416666,29.8299791047753,14.5710633125593,1144.02431724185,92.8429684265046,2422.53006396206,123.021070998594,405.187467571138,3.05155653034132,13.1139055014779,6.26953053968272,1.78729009711083,5.85760647848111,4.31018771503248,0.0090214580287906,0.0007073472663643,0.000365214775619,10.6802706989696,42.946961376645,15.0,3172.91463718259,81663.57021960815,2,29.8245694499048,3.84486358978938,1141.44828829487,85.261460695725,2423.30782228752,122.627129289197,404.609236401984,0.0359980694787156,14.510494696066823,6.71333029712671,0.930052936077017,5.56335360302158,4.51756022057445,0.221423425798584,0.0105605878689073,0.0060393801873479,13.4584707382581,42.8045780024975,15.0
12.61458333,29.7593108652993,13.9097152697854,1129.59903877944,89.4933985428647,2389.33651392545,121.330327257462,399.668341867826,3.12251175620912,13.011290215856,6.02942515270699,1.72003841749456,5.7449936704563,4.30841028581742,0.0087443546439461,0.0006896569183344,0.0003567145973713,10.6561217891512,42.3571665400713,15.0,3128.83859018483,101174.57052810765,2,29.7819943967701,3.96348208558966,1138.33304238363,83.8883358667584,2416.63955254674,122.317497946257,403.565118507444,0.0456716220653491,14.730034629378444,6.46722652865735,0.947251933463276,5.49587618501905,4.49502778975384,0.218021536503799,0.0104350493316431,0.0059474760636242,13.2844795456954,42.6966568381883,15.0
12.625,29.8395677862313,13.2451770895327,1120.90666796368,89.2772385482616,2372.58739213505,120.468518368799,396.879165460108,3.1118927772136,12.9132460842388,6.00293825634362,1.65516197244884,5.69824401504159,4.3355680067685,0.008977994452967,0.0007064722537965,0.0003659737487798,10.6851559444459,42.056777498861,15.0,3106.63181998107,94455.51576381824,2,29.8160036812587,3.82397084188285,1128.70336127902,82.7014574036138,2395.91902110794,121.278585113322,400.138576337732,0.0438331701461295,14.882512378140492,6.29898205501925,0.933582630682478,5.43314434343978,4.49439678292291,0.218724588680101,0.0104603080665677,0.0059764490736792,13.133365055589,42.3343693929163,15.0
12.63541666,29.8381584760999,12.862679959229,1139.6848006682,89.5915260788175,2414.1478031202,122.585709170884,403.907402556525,3.15130798641254,12.8409182369762,6.00341569959879,1.61691218811161,5.71177703741364,4.34351494766283,0.0087752529093645,0.0006880325449803,0.0003559917672454,10.6812497402474,42.7964342239146,15.0,3159.53525686391,89464.818323572,2,29.8283339263465,3.66429836696086,1130.27926578414,82.1391789350927,2400.08505108181,121.5007868585,400.922813158609,0.0429974959844269,14.811940417844154,6.23456529048708,0.902027567151582,5.39669699342797,4.5036107805981,0.219266681104095,0.0104802489603337,0.0060045833900037,13.1131836686021,42.4123208925581,15.0
12.64583333,29.8141104270745,12.6841244257206,1137.65373704112,88.3945572101332,2409.95207465092,122.374808580094,403.27686008427,3.20185345972878,12.7761381642348,6.07715060347679,1.59844590543361,5.65817484989033,4.34687669761899,0.0085539366115912,0.0006700787669323,0.0003465566274457,10.6707425547621,42.7233829840297,15.0,3153.28156541293,92821.71902285342,2,29.8194013787602,3.62444915073561,1135.51711896047,81.6066353965724,2411.87383276424,122.114752201194,403.00308390584,0.0455645012610285,14.776091734478685,6.21841765863611,0.890882307531448,5.36946721933926,4.50601258470473,0.218486271679219,0.0104516169296685,0.0059901207970154,13.0699528244191,42.6270684876239,15.0
12.65625,29.8727791181036,12.7887374515613,1142.12186942711,88.4426340989424,2422.01514678633,122.997626297541,405.410976690529,3.28811475114009,12.7814932837947,6.15418082609481,1.6086594546009,5.6152281470753,4.35854154424817,0.0081883583888054,0.0006395173399845,0.000330147412366,10.6889997883332,42.9414305948813,15.0,3167.9472629215,80187.37445044058,2,29.8475531063876,3.47219483230837,1137.8321880577,80.9367347738012,2417.95088587659,122.428042274176,404.127950111867,0.041126783656774,14.637902318305532,6.27616476156421,0.86716046764592,5.32547012729824,4.52119643651859,0.220630431639742,0.0105304276781931,0.0060558040756217,13.1434101651517,42.7368224219717,15.0
12.66666666,29.8393915357881,12.9268661359861,1143.29603806329,87.0857878732249,2425.41570987058,123.186459639448,406.149212230287,3.41149728288721,12.7796370805256,6.06929460994836,1.62027049379998,5.53368474284583,4.35312180089585,0.0076716065798619,0.0005975959967023,0.0003078640829959,10.6741868929676,43.0079976658813,15.0,3171.10590400704,77886.40026220074,2,29.842240853572,3.39405003947963,1140.70369746177,79.9758250492466,2425.45188230448,122.817353893993,405.539468711953,0.0418651188824553,14.464209885359988,6.29523969786349,0.848863378748086,5.26324216451677,4.53137860235154,0.221007642870302,0.0105445419015607,0.0060727496409629,13.2518277965487,42.8730581563383,15.0
12.67708333,29.8155943805018,13.346795471871,1137.10730869615,85.0037904474359,2411.88452545892,122.51370596747,404.061249386129,3.48312833915235,12.7533983507772,6.10128711914157,1.66027470196546,5.43592576783049,4.35244923388442,0.0074177544761282,0.0005782066317301,0.0002977472643539,10.6649407698097,42.7737339192088,15.0,3152.50823540649,83244.83330330723,2,29.8265246057011,3.46715429548079,1140.26511398858,78.7252851383769,2425.23960207982,122.821375887332,405.667514196263,0.0453756795148774,14.450998045032081,6.27508729079479,0.862270966911142,5.1923327598931,4.52968516698643,0.22002474941997,0.0105086768964456,0.0060422863862028,13.2472706214593,42.8748854865982,15.0
12.6875,29.8384176400463,14.0362477656659,1131.34578438555,83.5569763615228,2400.08736148342,121.933091705944,402.272583496412,3.50425728630409,12.7229086901863,6.27834825998479,1.72822399163265,5.35256452386662,4.36081694087367,0.0073186556897826,0.0005717685354929,0.0002944409035333,10.6726081597141,42.5715494565931,15.0,3136.32551016708,83102.9924286897,2,29.8321791820018,3.54690764858537,1136.51824614202,77.4212028828572,2417.75723649632,122.452163118927,404.559679454166,0.0451251330346331,14.453582655352717,6.332290710895,0.883663408318002,5.11988041293429,4.53179477937966,0.220171325842776,0.0105141268751586,0.0060378928408588,13.2297002211948,42.7464994418964,15.0
12.69791666,29.8368553256462,13.9876695273725,1132.85003391756,82.4039733849192,2403.58351632111,122.136491510604,403.064975386003,3.50826876104736,12.6793015758888,6.26104752303084,1.7223699973084,5.2967315648281,4.36536096318434,0.0072182459403251,0.0005654387730605,0.0002911500013228,10.6710363090704,42.6430111779335,15.0,3140.0115012736,84416.33386033344,2,29.8340037105555,3.55440501077328,1133.7942129541,76.2467885742441,2412.44051488997,122.197334145372,403.832364632793,0.0459722481130572,14.425983757319054,6.40074874502228,0.891204733790978,5.05514473126646,4.53559236816402,0.219878069363554,0.0105033974782771,0.0060301827238435,13.2176313902845,42.6580226771672,15.0
12.70833333,29.8505338482335,13.6684653228123,1134.53310093323,81.5328989779044,2407.92662937604,122.388077976689,404.010312740897,3.51446812327842,12.6524374572188,6.14017462639555,1.68967426632527,5.2448423626391,4.37064371824045,0.007084195981904,0.000556411124152,0.0002863722380044,10.674664646546,42.7312288814311,15.0,3144.84168666464,82577.6558560322,2,29.8425664279166,3.47300146972404,1134.02995234927,75.2794262960003,2413.39508468545,122.272296736467,404.196672797771,0.0456396994933005,14.401550116259678,6.39285106889918,0.879676855655459,5.00270264825029,4.5402652156851,0.219949591035551,0.0105060236128627,0.0060398727131857,13.2061556624352,42.684603374337,15.0
12.71875,29.852147541908,12.7769535857637,1135.60602149966,80.6075671615587,2410.90093359458,122.574799825017,404.739935091829,3.53542223233345,12.6403720073319,5.92009534748036,1.59941307755609,5.1905799431409,4.37180332850576,0.006875671997338,0.0005413232825987,0.0002783549956149,10.6737254110789,42.7967509801257,15.0,3147.91950611458,80996.39277233313,2,29.847290275641,3.31449696416814,1134.69628244303,74.35139357567,2415.22167666896,122.405012881925,404.756396522012,0.0463291773889521,14.402564492549935,6.28953222581316,0.850328952601488,4.95076417363298,4.54202927972259,0.219803574034677,0.0105004320528535,0.0060519811301256,13.185457685253,42.7312459737215,15.0
12.72916666,29.8517785854457,12.5231514684582,1135.19766415714,79.6076682926137,2410.54107711044,122.595539719721,404.922510418901,3.56652521337905,12.6403073988146,5.87500331642967,1.57272493575262,5.13349990570622,4.37129245811297,0.006624705461814,0.000523008391892,0.0002686535063926,10.672175294246,42.80428407633,15.0,3146.75155783135,80197.88118189372,2,29.8491592163052,3.22776174978074,1135.08222845283,73.42408185399,2416.33541631263,122.511102283557,405.227194369811,0.047094287866954,14.447712938386713,6.16594940577423,0.829543011297341,4.89846769592766,4.53957710170766,0.2197167586908,0.0104969571006826,0.0060583923693892,13.1460428615842,42.7685309423912,15.0
12.73958333,29.847688980799,12.3142495640178,1133.53168768884,78.8050183324288,2407.09799049148,122.460297385136,404.592476476126,3.59725127065186,12.6390505995735,5.86369672668254,1.55050693522952,5.09101369459128,4.37040551403641,0.0063684180912928,0.0005046189394021,0.0002589587426711,10.6695116026244,42.7573305366843,15.0,3141.93360068302,81211.7807671227,2,29.8477646729036,3.18645907176038,1134.63998362198,72.5881376177044,2415.56765015371,122.522537234906,405.379816946306,0.0486359765409939,14.515821207467406,6.08518779600886,0.820770200567165,4.85143552625785,4.53467345203165,0.219451658864116,0.0104867966696111,0.0060556572458693,13.0963756134274,42.7727564609197,15.0
12.75,29.8525003506052,12.5763177050852,1131.80934830165,79.0845703874712,2403.29396167044,122.303034526147,404.193987608957,3.62582689101294,12.6357275477283,6.01101342818377,1.57562366235492,5.10050135285733,4.37179062726971,0.0061147722502048,0.0004865637510486,0.0002494539179294,10.670048242864,42.7026770942806,15.0,3137.5406846917,81574.26300225638,2,29.8497645346277,3.20614307766321,1133.47616348222,72.1795439081966,2413.12335800008,122.443763376912,405.231956642893,0.0491847954373093,14.57643979288431,6.08534955405116,0.823965718508506,4.82630157583606,4.53090915088285,0.219529213422418,0.0104892567380294,0.0060551340912257,13.0545105127318,42.7454827976721,15.0
12.76041666,29.8561903869583,12.9274208889661,1131.54821372911,79.0072384770861,2402.71337216183,122.316245345357,404.365702951828,3.65634052469738,12.6283568653452,6.1642181378684,1.60974590352678,5.0931329839545,4.37377657463585,0.0058510023968479,0.0004675605909814,0.0002394388858377,10.6700511078177,42.7075495450299,15.0,3136.99374165768,81590.0230994361,2,29.8527315811245,3.24980681999253,1132.39856492357,72.0601996592187,2410.88465029949,122.368336528597,405.100458967484,0.0492443182673067,14.586957557251084,6.16917585537026,0.833624170961369,4.81613865063543,4.53073064187789,0.21981411562752,0.0104994177719243,0.0060571754716754,13.0446540437486,42.7193710534265,15.0
12.77083333,29.8584006434126,13.4776488368059,1131.6533696468,79.1167771750583,2402.83177328921,122.366635567622,404.665376731562,3.68664789872908,12.6199405308237,6.33005955014126,1.66386561159861,5.09526949788047,4.37589472179405,0.0055927273194993,0.0004489490775704,0.0002296168413685,10.6695783527068,42.7254076222024,15.0,3137.51950502435,81553.24953935007,2,29.8555074312728,3.31727925980831,1132.01935870003,72.032375841345,2410.18943724884,122.367993883213,405.224326036659,0.0489867128259674,14.55566025299185,6.29865647512409,0.848017550268542,4.81148179336806,4.53350571905275,0.220142378704523,0.0105113756636761,0.0060580816397963,13.0607008878933,42.7194661428587,15.0
12.78125,29.8201992351206,13.2914615607272,1122.31899326555,77.8437430972201,2380.98722233398,121.297686369507,401.24389601594,3.65469082041984,12.5674476052228,6.59276701584072,1.64467007527561,5.06537375415051,4.37543450415543,0.0055456334893678,0.0004499872229717,0.0002303354592832,10.6563139603971,42.3523976195382,15.0,3109.5329540263,94886.2917533974,2,29.8333212747651,3.46954893987971,1128.97057860925,71.8979992204589,2403.04810642017,122.049460739959,404.2605786128,0.0557960617529601,14.661604704786626,6.46426671706784,0.878107984434547,4.80965790534066,4.52416580119156,0.217861399697464,0.010426994997314,0.0059880609057857,12.9516370399312,42.6085351694088,15.0
12.79166666,29.8689394790373,13.2841605594689,1116.28345464314,77.8179488554759,2368.43262207049,120.704832270684,399.362855244405,3.58573395319588,12.5463037287154,6.60893196502451,1.64513101568143,5.05310532471696,4.38823148870913,0.0056452214096598,0.0004623028182558,0.0002368887277572,10.6736400503431,42.1455362550734,15.0,3093.56043700445,93026.60028618985,2,29.854195940563,3.49449711795293,1122.09397738314,71.7016836403905,2387.72564886944,121.314682657932,401.900288574739,0.0536116868442992,14.752917711122068,6.61425735014807,0.889266788607823,4.80230673010422,4.52477650147773,0.218186577840593,0.0104385259013875,0.0059929760613967,12.8632764401896,42.3522663748487,15.0
12.80208333,29.8690080819647,13.2460262622561,1128.08417924457,77.7347396674791,2394.04606415349,122.0695390075,403.938890806422,3.54667541768,12.5479828638857,6.12844344729166,1.64186928101291,5.05693642048493,4.38872986801817,0.0056249494513718,0.0004626430138329,0.0002369374390925,10.6720301478221,42.6221343037765,15.0,3126.37166038743,91618.69827146774,2,29.8627450071072,3.47269428288782,1122.43922705649,71.557905492589,2388.44977963351,121.401463061263,402.264181453354,0.0522616960688284,14.73691875415416,6.51985287965689,0.885329287754216,4.79665140462605,4.52934753051342,0.21833316729009,0.010444208267074,0.005998983953792,12.8531071353441,42.382780795164,15.0
12.8125,29.8622862767151,14.1147382318844,1127.81074255562,77.4126476646941,2393.34987150837,122.089206560815,404.046313035675,3.52388601319386,12.5756292579645,6.44426895476347,1.7290233189891,5.04592373469033,4.38494369194388,0.0055764071743888,0.000460690555459,0.0002358349892823,10.6684631076502,42.629057157873,15.0,3125.50337886228,92989.82672610381,2,29.8618557131108,3.58608919100378,1126.01052406009,71.4166971766043,2396.21189153398,121.847257243346,403.802389747633,0.051465056540319,14.713294163846994,6.46847740121518,0.903606895192225,4.79448484604985,4.53145278291287,0.218250805223281,0.0104418088973796,0.0059867333992305,12.8662890686396,42.5386501998948,15.0
12.82291666,29.9055295087131,14.2946705164616,1132.75145441402,79.008916413923,2405.07723835042,122.739799785977,406.243786058385,3.55898617339099,12.6585302878839,6.43815563363874,1.74722909399573,5.09626216661617,4.38438267894782,0.0053004811761699,0.0004384746492551,0.000223827069519,10.681975899113,42.8562755538228,15.0,3141.50810293241,82246.69381525797,2,29.8853587525784,3.4920863847559,1128.5095148901,71.6369950898192,2402.17697941863,122.187845339272,405.007296499026,0.0461141061463148,14.587332627011948,6.5618566701981,0.894299461170831,4.80186779899233,4.54362686299362,0.220315429792804,0.0105178241825584,0.0060449871145564,12.9956133249715,42.6576583265253,15.0
12.83333333,29.8524967485111,14.518921862821,1129.07505474997,79.07027268114,2396.17784325748,122.334401760846,404.962656796514,3.61209143972296,12.699215467252,6.49466106277019,1.76831968492545,5.1116742186721,4.36996945457924,0.0049749301251208,0.0004135307365169,0.0002106131923913,10.6618727028439,42.71481640447,15.0,3130.75128423782,87605.12685636446,2,29.8661169736824,3.56165866311828,1129.87646223898,72.0160791654168,2405.32783028956,122.392993618794,405.758133686694,0.0493961904943251,14.555954877733539,6.60616991612626,0.900235924768696,4.81771934072931,4.54093901350103,0.21959934152787,0.0104914667784529,0.0060210585835919,13.0554256952974,42.7292906776026,15.0
12.84375,29.8442707668615,15.1926886647299,1117.21872843947,78.6125302547229,2369.14248909496,120.995549204839,400.579751374469,3.58752590085243,12.6999497114466,6.86274604728874,1.83553668247118,5.11290285346752,4.36905722998533,0.0050316436309518,0.0004219319431558,0.0002152598428141,10.6597718653087,42.2473941497332,15.0,3096.59733188865,97954.25733771718,2,29.8506804191261,3.82786045469411,1125.41453133301,72.3206958370787,2395.10847634696,121.915696962053,404.201042518618,0.0531909304589035,10.4205515736506,6.74496095984197,0.948174390414744,4.83889365791993,4.528545181639,0.218275496945153,0.0104424635055516,0.0059637804509507,12.9837770149233,42.5627639090289,15.0
12.85416666,29.8912101576771,15.968651615355,1118.16073139664,80.349006085567,2371.51127783461,121.157264325898,401.149431265714,3.54121121173523,12.7064020234693,7.2140846961155,1.91413361281222,5.18696293363087,4.37783075539024,0.0051646029159705,0.0004341783447823,0.0002216929937784,10.6760941473181,42.3038666671463,15.0,3100.97368318168,93121.16086926819,2,29.8744422044269,3.95115513247523,1119.91522469832,72.9652057860109,2383.0665499765,121.326689321337,402.277341397895,0.0488085888300967,10.4149117948732,7.04214263725047,0.978953383896012,4.87292731221322,4.53388511822452,0.219617129312827,0.0104917273378732,0.0059835824697141,13.0074573221524,42.3572519982909,15.0
12.86458333,29.8757445274778,16.324240747521,1125.99314310418,80.608292456631,2388.2049809385,122.062522849511,404.17145184365,3.51636943130936,12.7082607474264,7.32300467085019,1.94992053256207,5.21211654323209,4.3745456341099,0.0051973807783357,0.0004373880145376,0.0002232543432814,10.6694277418658,42.6199344375913,15.0,3122.74524422254,93977.45948269992,2,29.8747958217187,4.03640690680763,1121.98361788539,73.6705043263506,2387.65567246325,121.589629591433,403.18518916225,0.0480129706412045,10.3421973493406,7.2976332459133,0.994754998328532,4.91184421187795,4.54075131752303,0.219763239362129,0.0104974274668184,0.0059793486156914,13.0766590249684,42.4491191977953,15.0
12.875,29.8896318124189,16.8587177637186,1126.71018057169,80.356247606776,2390.48614813402,122.233209412854,404.744804229175,3.49857850445432,12.7436434345594,7.59657548468079,2.00378539781437,5.19097544366177,4.37269504526269,0.0052412691842835,0.0004413270995555,0.0002251703552672,10.6736604105499,42.6794592897378,15.0,3125.40753693319,90941.01409273957,2,29.8832008919726,4.07354054715698,1124.6852198566,73.8645861426216,2393.90222098419,121.942393454328,404.386265365455,0.0455892650420556,10.2678927734777,7.53604080831953,1.00378052612104,4.9239269617687,4.54854442525458,0.220403479380127,0.0105213686897051,0.0059913699461831,13.1634013758933,42.5722801516525,15.0
12.88541666,29.9101509468694,17.3718668177354,1130.25839536527,81.0905296545356,2399.33995643565,122.739513730864,406.423140609709,3.51960553955811,12.8218945535462,7.67523714233307,2.05495718472281,5.2038537714831,4.36636842354508,0.0050923982238029,0.0004289688021872,0.0002183267172402,10.6794518774811,42.8561093294267,15.0,3137.03073384409,82861.33760526725,2,29.8975504639307,4.00078922586069,1127.00773048444,73.9137235926132,2399.86014495002,122.278050822973,405.543819771717,0.0417949485056123,10.1502303038691,7.75222988628238,0.994262653827797,4.92100537831907,4.56007144597614,0.221743075038332,0.0105709571833648,0.0060301605642459,13.3212751878472,42.6893446728213,15.0
12.89583333,29.8257667237869,17.5716476260001,1116.35727771405,80.6793289548647,2366.21625845161,121.076754311982,400.899018550108,3.4583205324393,12.8126445410411,7.66134628076891,2.07423395927948,5.24530932818635,4.34935788531558,0.0054377887521822,0.0004602776848402,0.0002351227626475,10.6509953109057,42.2752893736914,15.0,3095.62794551723,104174.24235798196,2,29.8506380702951,4.3866662722643,1124.49608988628,74.2409013217529,2393.92887139139,122.023555293545,404.673598363113,0.0496735938595192,10.2474627833158,7.81189662685627,1.04942552993632,4.94698136874911,4.54013296369452,0.218699681502576,0.0104592323587055,0.0059231824872746,13.2356859069006,42.6003867760561,15.0
12.90625,29.9059275113121,17.7031113106931,1107.0382268435,81.9350429335203,2347.3735327786,120.148900092673,397.769722165577,3.32950982829668,12.8390718543842,7.65508680864982,2.0895315861046,5.2817171828933,4.35966021296795,0.0062224665570446,0.0005226087092522,0.0002681488733212,10.6809972317532,41.9508904022466,15.0,3072.16223641209,97875.45685181856,2,29.8843802130136,4.4505175022764,1114.7626357979,74.9192849847125,2372.55760394164,120.959807877192,401.089792464353,0.044580594349965,10.3095484987602,7.85802838269448,1.07266830588017,4.98626601470316,4.53915158535742,0.219799640740133,0.0104997902042562,0.0059430889732384,13.2050253648652,42.228919045185,15.0
12.91666666,29.8982867887184,17.535017949228,1125.92399997375,83.5800169035261,2388.35153637396,122.29887678104,404.815407281928,3.26258150620092,12.8778918396452,7.7321272301596,2.07340955902889,5.37547246997258,4.35077696627358,0.0065836612295134,0.0005484323516955,0.0002814448461256,10.6766607812589,42.7010745604346,15.0,3125.75318390598,94828.50473040507,2,29.8925085316919,4.38644449977848,1116.53635069805,75.8680671262067,2376.72740614836,121.208011587275,401.869157831082,0.0423706321157547,10.2642010386014,7.91746976842322,1.05933060686474,5.03530772073541,4.54240237068021,0.22020346581254,0.0105149711208253,0.0059587693908094,13.2681583818556,42.3153344086521,15.0
12.92708333,29.896753096981,17.2596473651514,1127.0029566704,84.3917701065547,2391.16013942199,122.490688159171,405.373126540997,3.23880054478326,12.9446320687482,7.72878334802648,2.04615981200681,5.41206265881765,4.3398565100624,0.0067037717920948,0.0005563377357544,0.000285347069524,10.675014112178,42.7675372291075,15.0,3129.88966359617,92800.70555994712,2,29.8946966451343,4.29891632542781,1122.88453666394,76.7961193605241,2390.74428370539,121.969739710907,404.34366790815,0.0412787807586383,10.2432577287258,7.96653769171118,1.040622957001,5.08622369646123,4.54095456594167,0.220494503219202,0.010525659950327,0.0059735984202703,13.3287044848029,42.5808873778186,15.0
12.9375,29.9472764398498,16.9134992355216,1133.22657970112,85.1599831545512,2407.16873761602,123.372301831446,408.224168948621,3.29518435906205,13.0823371243761,7.65156557705301,2.01143994615533,5.40370655528537,4.33044290505453,0.0062509937186755,0.0005190780787632,0.0002651210432495,10.6903950018883,43.0748876738438,15.0,3150.1699941942,78170.08201143579,2,29.9211436005752,3.98274517973753,1127.14037107702,77.1919951352656,2401.07141967359,122.539028485023,406.216826657814,0.0365980133696351,10.1606841433893,7.99500365992575,0.987861325113827,5.09715454267372,4.54831268583401,0.222631878444472,0.0106037328977583,0.0060530188467325,13.4962003533346,42.7791122502897,15.0
12.94791666,29.825477433007,16.367845623818,1116.84414033306,83.7831054712903,2368.23888507589,121.40701498825,401.672497935864,3.29112160275912,13.0760572137671,7.54125784392368,1.95538544525261,5.40995270032702,4.30468074098683,0.0063048609870616,0.0005278798321452,0.0002703752968942,10.6482358011859,42.3882796451055,15.0,3100.7504425871,103055.2754582215,2,29.8596380577651,4.24870010961928,1125.48675843368,77.2774359603427,2397.01675861509,122.403207384254,405.685240639312,0.0472152462124499,10.3570657246425,7.8667737445728,1.01419956789122,5.10803476444536,4.51353201027453,0.219024750423603,0.0104703072573104,0.0059426176175357,13.3461119939983,42.7311574138207,15.0
12.95833333,29.9211037843337,15.9994696443799,1104.55383594009,85.1237707818279,2343.36597464886,120.156092582026,397.473244030947,3.20796662158552,13.0909387947293,7.45848380772138,1.92072854874335,5.44076867045861,4.31890864686975,0.0069342983303018,0.0005764194037899,0.0002964333187042,10.6838585424993,41.9510478740537,15.0,3069.46797439335,95406.3749603283,2,29.8965669928157,4.20000250105121,1114.48187055891,77.7181450083176,2372.73549370965,121.202941911284,401.613562150208,0.0431542881391019,10.5259452716527,7.77019905941784,1.01755797816911,5.13323356183323,4.50169423339656,0.220421145666394,0.0105206092286283,0.0059786736520797,13.2317257879628,42.3117238015674,15.0
12.96875,29.8922776322322,15.2412951805196,1122.58079506996,86.243875037928,2381.75611209699,122.165094530956,404.053875008402,3.16103648609505,13.0801652719127,7.18549766864419,1.84560147597774,5.52775674132022,4.31173727195089,0.0071792459027996,0.0005938685352558,0.0003057671675816,10.6720273617587,42.6520165454804,15.0,3119.58882621729,97954.25733771718,2,29.8936479911902,4.1228883806966,1114.35630659425,78.4740997022879,2372.38581649958,121.230844616019,401.635503216081,0.044193489744959,10.5833163947039,7.6065344266738,0.997990529138175,5.17420585793011,4.49340264258602,0.219910799363115,0.0105015022552742,0.0059736028130346,13.1783871986729,42.3210816609558,15.0
12.97916666,29.9167529229009,14.7711036389262,1124.97461648119,87.0984842219176,2388.02802333127,122.525483154397,405.177892360509,3.14934993379343,13.1163396296227,6.94204393192161,1.79962018407684,5.55620320173252,4.30996752745937,0.0071802568948245,0.0005919066396318,0.0003046472271719,10.6792489423964,42.7774408947617,15.0,3127.93645533303,92895.26614302547,2,29.9071990655281,3.9735404748192,1120.47790686051,79.2755522777386,2385.68240941392,121.959083918525,403.987454490785,0.0423388443686226,10.6101311092424,7.39493973427051,0.969862277263943,5.22026940327546,4.4906449070639,0.220584027155481,0.0105259893987058,0.0060032051709746,13.1709153444332,42.5749433959243,15.0
12.98958333,29.9269575482792,14.3820257741179,1128.35094618087,87.6166708357067,2396.78319818434,123.019680892549,406.756087914601,3.20400936394119,13.1919090573936,6.7402573190496,1.76083482912502,5.55846575973459,4.30102524245397,0.0066517992541818,0.0005497861766147,0.0002821027487069,10.6803932513183,42.9496867666693,15.0,3139.10720308105,85614.10124599254,2,29.9179175706168,3.78789103768542,1124.36155005293,79.6489411197406,2394.82682485905,122.471263613315,405.654854012617,0.0405937126303876,10.5871960951005,7.19738398099749,0.933620272856142,5.23313459044915,4.49098515690553,0.221643296707707,0.0105645360961802,0.0060456860897984,13.2376498193364,42.7533485894997,15.0
13.0,29.9215965796077,13.6039569513657,1129.18292907113,86.8636073787638,2399.82643021056,123.224462694753,407.410115973687,3.31361992466126,13.2761573969902,6.57988381834697,1.68223154341426,5.50235574626834,4.28833938783522,0.0058395099854662,0.0004872120143565,0.0002489997482552,10.6761711693268,43.0210290259307,15.0,3142.14643076612,80838.79180053588,2,29.91916855595,3.57914439731121,1126.89242761249,79.3860293178212,2401.24317624531,122.849212592702,406.901654109377,0.0409259018629935,10.5844289106961,7.01892876421435,0.892527119633073,5.20986208218163,4.48701992845318,0.222296406122474,0.0105877268050697,0.0060807240808268,13.3070830772219,42.8848784859576,15.0
13.01041666,29.9041302830927,13.1931601510751,1126.42836652633,85.6645352482256,2394.2339473413,122.976544279992,406.608954116816,3.42798079431221,13.3225224223923,6.50820439054699,1.63996623535308,5.44010106578028,4.27823425147139,0.0051624956058397,0.000435582709476,0.0002219860428739,10.6686566088235,42.9344607086562,15.0,3134.13510616599,81605.78319661583,2,29.9103199989816,3.48006561219981,1127.2992452882,78.6345591991492,2402.75295752712,122.982945912887,407.34841544021,0.0436526348924993,10.6600867957136,6.86029081084313,0.86943934394681,5.16402454244788,4.47420690694118,0.222215862920932,0.0105837051862458,0.006087455787422,13.2998826450064,42.9312008459243,15.0
13.02083333,29.905399727683,13.1938324932712,1122.24705359763,81.2155718167207,2386.41603902448,122.629323702394,405.511053604526,3.51084414406411,13.3268097521247,6.63699254521979,1.63920725906352,5.21768855201401,4.27706275841034,0.004756136358346,0.000404557561212,0.0002059014370238,10.6684701300824,42.813327216599,15.0,3120.62427672176,82892.8577996267,2,29.9067714282839,3.44655140414728,1125.48992200296,76.7400077423969,2399.48546687007,122.873780299257,407.000335982943,0.0459610805094209,10.7674967357201,6.79499706251734,0.865229934099051,5.06405509886639,4.46072461921284,0.222211971235777,0.0105824002587671,0.006089442890456,13.2430873451589,42.8928604476175,15.0
13.03125,29.873351230715,13.2668163999883,1112.03954499399,80.7152711151567,2362.76384727445,121.426816959986,401.592754130676,3.50682913100971,13.2427101401208,6.75992195397362,1.64612836560876,5.22524662877849,4.28012925694946,0.0048057261365478,0.0004108950511519,0.0002097587820341,10.6580361925171,42.3936346850649,15.0,3090.69890186949,96036.77884751731,2,29.8850078761709,3.57759875658257,1120.25691930679,75.0319143154629,2388.07452649414,122.344807624309,405.243333544742,0.0529652681191985,10.9457470496952,6.80470130232776,0.891780436360425,4.98164698511433,4.4401863671376,0.220053828989477,0.0105023564660979,0.0060242771302818,13.0562176780823,42.7081617334337,15.0
13.04166666,29.9273560906659,13.7727331416365,1106.10547885938,81.2193577557258,2350.92847305444,120.839433715198,399.695611308153,3.46525502792728,13.1788247833769,7.08541051850398,1.69781763936114,5.230887744797,4.29789628943784,0.0050172552198715,0.0004279384019664,0.0002189190229065,10.6770928003628,42.1886830967083,15.0,3075.7327783422,91786.80597471815,2,29.9100228768467,3.63959592696599,1112.83897575627,74.6030427119199,2372.03311715043,121.549009717884,402.621504531885,0.0496100539608972,10.998911300367,6.96561457120575,0.910999082062745,4.95965921686019,4.44155676723235,0.221052076902375,0.010538642233365,0.0060415123776123,12.9675055191829,42.4304634456885,15.0
13.05208333,29.9030228988267,14.4152253973434,1114.32149036812,81.7938583540198,2368.02729860679,121.749819996235,402.739727888511,3.43417703700714,13.1182445719448,7.48334553684997,1.76209098082096,5.28163453411025,4.30060548237975,0.005159914602475,0.0004392843904788,0.0002248793027005,10.6672968488213,42.506625087962,15.0,3098.35411522623,95690.05670956336,2,29.9057064213228,3.78897842463267,1110.82891569885,74.7371766200617,2367.87607515418,121.356226117543,402.009804658217,0.050076019018202,10.9488665382795,7.25368729886968,0.937016417977721,4.96764887782961,4.4470453188136,0.220759575895648,0.0105281592459502,0.0060204032398097,12.9509486721949,42.3633068387948,15.0
13.0625,29.9165945370905,15.2791667010244,1119.37511410439,82.4217336364853,2378.96410820535,122.350747827743,404.737156903375,3.39371340466838,13.106997072583,8.0567485197961,1.84892279526578,5.3176418352192,4.30552185921971,0.0054059942532734,0.0004589214641938,0.0002351160681907,10.6717471413739,42.7164525649503,15.0,3112.92398493172,95243.52062280448,2,29.9122282736913,3.93346006838814,1115.80628701721,75.3005980237355,2378.72116070531,121.93149578787,403.932373133587,0.0476468084711494,10.8662891137876,7.6884011152375,0.96678354478979,5.0052840672851,4.45735107557385,0.221319072083749,0.0105491234660019,0.0060202148068842,12.9871786030541,42.5642791316065,15.002843347334744
13.07291666,30.0132673694274,15.3951772479786,1132.55640461604,82.2403540687671,2411.33678383983,124.088367712451,410.493135363845,3.46110363277046,13.2383392116418,8.05636134032817,1.8605463557134,5.23950170289291,4.30913787281452,0.0050712434868235,0.0004293498197562,0.0002186571816933,10.7031658500581,43.3230767129704,15.0,3153.02859173543,71172.5988636379,2,29.9613842903694,3.60076191362836,1121.56532550701,75.0729572511897,2392.7740016668,122.66850472483,406.452019686556,0.0373857155962808,10.6201636911833,8.05351456211526,0.920389891168341,4.9836510526827,4.48852044453601,0.225385669263069,0.0106978763326741,0.0061486379049388,13.268751371264,42.8214719711134,15.005686694669489
13.08333333,29.9145098765682,14.794915805164,1131.5045841813,79.5957016756987,2409.50428320879,124.066348989957,410.462905532793,3.59593081007607,13.3360093217867,7.77531655333967,1.7969843712,5.1035042931929,4.27796537133071,0.0044615975549351,0.0003802719628012,0.0001924668675004,10.6656583657286,43.3153579855356,15.0,3148.83688618056,71766.22919074088,2,29.9376275919671,3.4134967984904,1126.90132753799,73.7198814854804,2405.85544240545,123.391669017609,408.950820258321,0.0401791915008054,10.4649688779765,8.11972808629741,0.873577156131589,4.90219671673816,4.49554923681228,0.225151189947938,0.0106892402263016,0.0061619231701266,13.4803114170933,43.0735905902877,15.008530042004233
13.09375,29.9189464404195,14.3307881007882,1127.02278431474,77.4320409997997,2400.25784946593,123.658094652187,409.16289516131,3.67938711507632,13.4506819305795,7.67879223876011,1.74818204429335,4.98706485459201,4.26436534046155,0.0042266398375168,0.000362365789856,0.0001829151076654,10.6670624248431,43.1726898012677,15.0,3135.52976579642,71845.0296766395,2,29.9274608179908,3.30478887046649,1127.95226993478,72.0132567013658,2408.87345127522,123.619844402704,409.777475361236,0.0420498627509769,10.5241681475985,8.04292699490732,0.852165235117688,4.80734794711061,4.48451369734517,0.225176096192278,0.0106890959314071,0.0061724683325112,13.5196509960948,43.1528666928923,15.011373389338978
13.10416666,29.9290537902183,13.395953624871,1124.59967292323,75.5972259238199,2395.64838956385,123.49366517127,408.672030238812,3.72642937488156,13.5485259545176,7.25619023556743,1.65251178536173,4.88401167047784,4.25269532359448,0.004113789552031,0.0003540246650638,0.0001783623414885,10.6701107592948,43.1150233101416,15.0,3128.34450534834,70074.64542678374,2,29.9275770713819,3.13530202933277,1126.75891103326,70.2792654303395,2406.69804093714,123.591482731087,409.747633576532,0.0429873220668363,10.6514601969784,7.85808722754141,0.821833378266992,4.71143760997669,4.4691183144101,0.225678291380333,0.0107056286653644,0.0062001010043517,13.5009122169017,43.142554794355,15.014216736673722
13.11458333,29.9302458091551,13.2579320009156,1123.05070478187,73.8503564722259,2392.84304754527,123.428541343931,408.51710031325,3.76635377009811,13.6287985279904,7.29990875957684,1.63647720368264,4.78725335286557,4.24047158128156,0.0040035304420589,0.0003455218492377,0.0001737432512263,10.6694377361486,43.091934935208,15.0,3123.58626404381,68687.75687496793,2,29.9283652344442,3.04127604789278,1125.23020810592,68.6038336949698,2403.65325131471,123.525663558128,409.596875701112,0.0434890681748352,10.7875854933708,7.67511039632849,0.800461042684574,4.61877284293016,4.4524393609588,0.226276439000685,0.0107258234430886,0.0062225668994957,13.4660944522174,43.1191312190391,15.017060084008467
13.125,29.9514463855264,11.5696582873777,1124.58103366209,72.3646670398796,2397.05814533345,123.733107156045,409.605950088709,3.83176239041006,13.7156451409627,6.76806519555596,1.46546538948371,4.69504434260406,4.23115149642954,0.0037958105230356,0.000328095883297,0.0001644728040634,10.6753215688685,43.1978892650512,15.0,3127.90559440892,63261.03007941598,2,29.9385472147098,2.77771807013452,1124.58129151019,66.992059882068,2402.48451075328,123.562176884543,409.806539860844,0.0429909624844425,10.8925281452709,7.46233070989503,0.752248434201555,4.52943593851886,4.44018988304506,0.22742630325371,0.0107655384889678,0.0062760703685057,13.4607377901008,43.1313506466293,15.019903431343211
13.13541666,29.9286307327163,11.6723765832303,1123.23087295626,70.2629692039753,2394.39389205487,123.687291048059,409.56245669488,3.90932217182171,13.7735394327163,6.30685670951491,1.47296177494314,4.58460071321143,4.21699859716399,0.0035592045831965,0.0003078862510729,0.000153824435638,10.665761210854,43.1815399653343,15.0,3123.23926644254,63261.03007941598,2,29.9337390335357,2.70116872615994,1124.21662956709,65.317917010554,2401.74020578424,123.63268716107,410.144475315863,0.0447743827056215,11.0147591746395,7.10250383710736,0.72685922950945,4.43747871641982,4.42304657879972,0.227713081054191,0.0107747302914706,0.0062899553916657,13.4242847823865,43.1553971814704,15.022746778677956
13.14583333,29.9463557541097,10.8006659742158,1123.51306749038,68.3590764048253,2395.49420231013,123.840252700266,410.202601209242,3.99172442026706,13.8367011014146,5.72463168731287,1.38343820113271,4.4771807131442,4.21066681170518,0.0033399802890961,0.0002888283336259,0.0001438254590994,10.6709232349871,43.2346169600896,15.0,3123.4828628062,59872.60918577511,2,29.9391315940563,2.55283437922885,1123.84938708016,63.603959420106,2400.99098018725,123.701797217654,410.495186507477,0.044862839638915,11.1187007599788,6.67232901380727,0.700699245002648,4.34444730054417,4.40976438182808,0.22833756879648,0.0107964725760338,0.0063203879086734,13.4042055152794,43.1790229702526,15.0255901260127
13.15625,29.9365434877801,10.0413604670995,1122.73636621707,66.4042670956219,2393.89147650294,123.855176622815,410.416370103344,4.07655038275959,13.8743644802948,5.2285394481018,1.30487669313946,4.37259244123682,4.20270411998666,0.0031225913151505,0.0002693096809487,0.0001336293506276,10.6663178514038,43.2395627522289,15.0,3120.40741447052,58942.76345217134,2,29.9376761384727,2.41868008810131,1123.49828797997,61.8751602389877,2400.07816449434,123.770988552935,410.869204526767,0.0468116296321816,11.2296747058558,6.19548558727573,0.670786141530143,4.25095762232958,4.39549392165777,0.22832888190947,0.0107956080516313,0.0063344167538314,13.364323482497,43.2027238965087,15.028433473347445
13.16666666,29.9416786189278,9.62939651652742,1122.1932248383,64.5817890188616,2392.72118581126,123.893859534883,410.737765243768,4.15923706079357,13.9007970562487,4.94673370827996,1.26127734825379,4.27335093117569,4.19975186573472,0.0029331391861305,0.0002519014129789,0.0001245688810312,10.6672211927259,43.2528658632917,15.0,3118.03551773277,57251.17968821419,2,29.9391120871306,2.31758877574361,1123.03624303976,60.1990777284154,2398.77137335306,123.823012412904,411.207179961938,0.047840875665469,11.3421956214854,5.75836124228989,0.648228088143361,4.16050482114845,4.38236338881845,0.228355170024064,0.0107965279402361,0.0063463365255251,13.3137509867017,43.2205244442249,15.031276820682189
13.17708333,29.9412891501411,9.26233106010795,1121.62688444958,62.8184196746571,2391.32435934489,123.921337387147,411.053714080833,4.23970847943982,13.9064015432679,4.69237738879254,1.22217820438446,4.17787911913439,4.19902403953586,0.0027605656500102,0.0002355391623232,0.0001160804953256,10.6661686862548,43.2623349905433,15.0,3115.50528744574,55827.51757631237,2,29.9399535189945,2.22998259636773,1122.54202364319,58.5867644861653,2397.3012666465,123.86591369168,411.541550653107,0.04889478482189,11.4314835748559,5.39666650682159,0.629638116989014,4.07363035048701,4.3722662818865,0.22832110853374,0.0107955079875192,0.0063555966847426,13.2712708808289,43.2352397331009,15.034120168016933
13.1875,29.9173753510198,8.73183016518558,1117.37441464217,61.2827592848226,2381.36925366424,123.501558205785,409.906384895246,4.29575155103851,13.8704344302114,4.3035251026329,1.16678577802722,4.10141253281843,4.19934552820807,0.0026483269847011,0.0002250181031117,0.0001106521291586,10.6572436216363,43.1157144378161,15.0,3102.41256384756,59609.94089944636,2,29.9296775054166,2.17463467744669,1121.12632021337,57.1301860631277,2393.61093005768,123.797541851644,411.513538285343,0.0543468634527464,11.5560843702092,5.02350491675457,0.61887694995504,3.99385638848494,4.35850181223294,0.226691691003128,0.0107375749482764,0.0063230837630752,13.1679285961348,43.2112427837168,15.036963515351678
13.19791666,29.9488136014938,8.80513270945625,1114.70009053521,60.0611883712342,2375.30778476286,123.284871114352,409.452621953149,4.34737428863702,13.8348052308295,4.34057123895684,1.172576631267,4.0293010258164,4.21117357483507,0.0025577698300534,0.0002165981734807,0.0001063095403778,10.6679320368434,43.0400500154412,15.0,3094.38495506418,57135.605642229544,2,29.9377502052586,2.13352453169132,1118.87100860728,55.8611956118949,2388.05301508644,123.62777760177,411.167721277575,0.053710389490999,11.6581021953893,4.7366620860149,0.611357855305007,3.92311793718961,4.35157276784699,0.226416225073876,0.0107286789756714,0.0063223419892189,13.0755879050899,43.1519802820904,15.039806862686422
13.20833333,29.929400835732,8.86966452722272,1114.60992567193,58.9750395354562,2374.24834418932,123.326782337679,409.882266794159,4.39247045136335,13.7589772504178,4.3642807330324,1.17711851280601,3.97505048243791,4.21869223977609,0.002466205237932,0.0002078208191319,0.0001018007518207,10.6603382831356,43.0547368348164,15.0,3093.07282152252,58764.14901746779,2,29.9339755000335,2.12220169900139,1116.8234875444,54.7362002706074,2382.93453626631,123.474381797203,410.902713113387,0.0564010187978457,11.7031787319285,4.5853817267459,0.610046049448482,3.86017540859382,4.34895757672144,0.225651890910053,0.0107018062085816,0.006305732692658,13.0072057093557,43.098507369469,15.042650210021167
13.21875,29.9342667061607,8.80404622764526,1113.82061838287,58.1243242315843,2371.66741906509,123.288801465927,410.062408730158,4.42942128624474,13.6744598593441,4.36605465889714,1.16910318849518,3.93043635081334,4.2327823460478,0.0023999042955629,0.0002018179319522,9.87278190188355e-05,10.6616428376213,43.0415844987966,15.0,3090.00386728082,59588.92743654006,2,29.9339115940901,2.10467002198776,1115.86093364708,53.8299774242778,2380.03373063428,123.433077233199,411.025043959304,0.0582867824532826,11.7345080065282,4.49824220457748,0.609667363164656,3.8097337288404,4.34984381772512,0.224928867915373,0.010676322105307,0.0062907680079666,12.9325193408314,43.08420730559,15.045493557355911
13.22916666,29.9320218893361,8.87047763613527,1110.77769079874,57.3983364712813,2364.12976013724,122.992184576473,409.393604929068,4.45644310245803,13.5737629172418,4.34379780403974,1.1744227062258,3.89129510298208,4.24814130754923,0.0023476183967696,0.0001974001807453,9.64652279914753e-05,10.6604680722989,42.9381828324689,15.0,3080.72231980896,61065.123205707634,2,29.932850686058,2.10376433008861,1114.14166656866,53.0790592071362,2375.42193663286,123.300344844286,410.858796904181,0.0605067344501752,11.7458398419595,4.43724736940143,0.611280783548754,3.7667888597028,4.35378089465016,0.224112421536087,0.0106474730027013,0.0062716942292615,12.8564067038346,43.0380191595835,15.048336904690656
13.23958333,29.9420221661183,8.79621797352592,1111.02132920079,56.8802916470666,2363.7230657438,123.068260897309,409.973598935753,4.48148604108453,13.4762494293906,4.33029574816497,1.16591917020994,3.86199290036321,4.26614900107363,0.0022996066078254,0.000193390140773,9.43806908181605e-05,10.6635596658846,42.9649279306485,15.0,3080.72360576653,60529.27990159699,2,29.9368057377771,2.08460692789551,1112.60260775128,52.4681496339689,2371.15698127869,123.182579331045,410.75967540186,0.0608382768541449,11.7258472989313,4.39421316028666,0.609592925635559,3.73144380326412,4.36256740711507,0.223809898314369,0.0106370718378406,0.0062670803947127,12.8002386504652,42.99707609252,15.0511802520254
13.25,29.9319168149985,8.79590394032133,1110.89360785283,56.4489918544738,2362.25134384873,123.089564327464,410.375012378041,4.50014727514384,13.3730339534053,4.31106720442632,1.16472681524912,3.84090950479521,4.28137546304017,0.002255816443699,0.0001899288716972,9.2579738614963e-05,10.6595416754911,42.9725729879066,15.0,3079.52331993709,62220.86366555413,2,29.934492382823,2.08349045138353,1111.91781668248,51.9916528389883,2368.63178674697,123.155458512278,410.974077721907,0.0631221942342452,11.6922795036008,4.35707590115127,0.60975528045147,3.70394673656732,4.37224332220338,0.222973681018508,0.0106075659674553,0.0062476390350282,12.7452271733274,42.9878012288841,15.054023599360145
13.26041666,29.9335701814813,8.7967778589294,1108.39340451357,56.1431910143048,2355.70044902996,122.846967872786,409.892218391444,4.51295315193165,13.2786219646098,4.28758017576529,1.16393377340157,3.82350571233076,4.29817822742908,0.0022231141387924,0.0001879256723144,9.15307623845931e-05,10.6598492869629,42.888089108148,15.0,3071.89823994766,63591.9921201902,2,29.9341171106691,2.08849632657902,1110.85317529012,51.6476037808612,2365.21646790829,123.081390219337,411.034457312853,0.0649594234430117,11.6612001561317,4.32019207816435,0.612359136927735,3.68312693423268,4.38272734878825,0.22206411936648,0.0105754454490049,0.0062258787633578,12.6843706850638,42.9621738118127,15.056866946694889
13.27083333,29.9572325085713,8.75771726321806,1109.97644047467,55.8753905866202,2358.29008932385,123.085580626837,411.016774426814,4.53612129935338,13.2114653901579,4.27933708832363,1.15934842226506,3.80260554842094,4.31623268176103,0.0021749342233433,0.0001837409587424,8.92861522607263e-05,10.6676768152443,42.9716128467883,15.0,3075.91191621418,60040.71688902551,2,29.9444619573692,2.05737302828066,1110.02400301658,51.3302727720704,2362.37069165593,123.035251461566,411.201240221168,0.0620226464688703,11.601582151763743,4.29991752131362,0.606597475927851,3.6640077343102,4.3983293544479,0.222689638231264,0.0105984098523063,0.0062450389235142,12.6721126052658,42.9462706421346,15.059710294029633
13.28125,29.9401832584453,8.7097131698623,1110.66901074851,55.4381856408121,2358.61391333348,123.207170284471,411.75604561231,4.56098426067581,13.1444828415873,4.22322248997436,1.15339240189601,3.77928924366029,4.32634185157489,0.002114749116588,0.0001780663663136,8.6287660360986e-05,10.6609977125605,43.0142947227219,15.0,3077.02396525673,60187.81112936961,2,29.9424815827517,2.04027245194699,1110.3077672509,50.9885052037708,2361.89249708097,123.114930769144,411.798721847929,0.0628267957068286,11.527991998615686,4.27399764807255,0.601158592102383,3.6447308836283,4.41255103532141,0.222539421234364,0.0105935790466817,0.0062438853325653,12.677707871196,42.974270667165,15.062553641364378
13.29166666,29.9323013447024,8.68960102580921,1107.85523306925,55.0731134289303,2351.27163372836,122.927497974608,411.149681842015,4.57831798607715,13.0856101353195,4.19157742109688,1.15041315509984,3.75976929630712,4.33725420008494,0.0020712119201251,0.0001747530836953,8.45482239879536e-05,10.6579195347411,42.9168797131296,15.0,3068.39552981722,62126.30308247578,2,29.9377204686289,2.04438766620951,1109.79038045557,50.6810740399514,2359.59934591887,123.102370975094,412.081619087484,0.0653818618921606,11.49173738732543,4.23185933061314,0.602222295732718,3.62653695668393,4.42291548657488,0.221496369815097,0.0105567505022933,0.0062190618041821,12.6523399509033,42.9701090934335,15.065396988699122
13.30208333,29.936841571268,8.74631548312481,1104.32585369048,54.8723421392183,2342.46697301713,122.571324650915,410.279681841742,4.58969888447187,13.0329609598035,4.18335879980245,1.15540434683099,3.74664880013793,4.34971979768943,0.0020372848336997,0.0001727323336365,8.34727488696078e-05,10.6593007873626,42.7927383455339,15.0,3057.98168526377,63150.7093991579,2,29.9373308958945,2.05559424514276,1108.00187643914,50.4499092608094,2354.54405883813,122.945221298876,411.873057755098,0.0668064262413894,11.477919109425772,4.19425123770105,0.605847174452073,3.61125648966031,4.43212259994087,0.22066888586309,0.0105274987782317,0.0061985736835502,12.6119389681527,42.9155044764345,15.068240336033867
13.3125,29.9557198147395,8.79702108476626,1105.60723565972,54.7380374790069,2344.240253901,122.771513700588,411.273732954086,4.60974051374722,12.994874882761,4.20142809869313,1.15994108819127,3.73436879123201,4.36310271011817,0.0019895878122154,0.0001686730929982,8.12926632036369e-05,10.6654771771832,42.8628332069247,15.0,3061.12020517599,60350.665466893435,2,29.9455048552904,2.04090629622975,1106.50843732236,50.2400529741115,2350.19978870134,122.822937444175,411.786586638495,0.0642947069255328,11.438897823919115,4.18251241619116,0.603520443305159,3.59751697229534,4.44474899743522,0.221229483991194,0.0105480061147366,0.0062141530446276,12.608985211649,42.8730393191518,15.071083683368611
13.32291666,29.9400989465314,8.85107254142283,1106.21103283449,54.4937760677914,2344.24643252303,122.87898214425,411.962583356628,4.63026551084038,12.9488554611992,4.25434837132176,1.16444123933256,3.72234014453874,4.37050119121152,0.0019338989626141,0.0001636062892258,7.86188134020436e-05,10.6593678060779,42.9005633253454,15.0,3062.02002768865,61007.336182715306,2,29.9429766851589,2.04169208735392,1106.40794472891,50.0360862740483,2348.82565356959,122.857093102371,412.228989860202,0.0653095773298169,11.390364292373356,4.19296194716664,0.602685869513186,3.58547722146249,4.45577384025886,0.221125717653529,0.0105445183766964,0.0062117168941904,12.6156200815758,42.8851553074726,15.073927030703356
13.33333333,29.9434028187603,8.9033674343812,1104.56121055867,54.2672754557894,2339.50034956814,122.736821078478,411.814307935751,4.64947004573105,12.9113040781379,4.33377062733662,1.16898149006178,3.70812456124308,4.38049569090515,0.0018871559098778,0.0001597779738084,7.65953980589308e-05,10.6601626773308,42.8511391677582,15.0,3056.79832782344,58160.0,2,29.9430343254996,2.04423321797721,1105.92331978,49.8463862242084,2346.59802204153,122.846970721427,412.52052834548,0.0657047098378747,11.3578648920425,4.22695339940858,0.604007790304522,3.57393310626501,4.46560650390528,0.221040672624201,0.0105415087501083,0.0062093799248022,12.6124929072771,42.8817917818924,15.076770378038102
13.34375,29.9486221621668,9.04078633309085,1103.88708885063,54.0596080525291,2336.90181986612,122.707830893067,412.046804230375,4.6687214422364,12.8770632409362,4.39989653837417,1.18206698359252,3.69444039483449,4.3903168960225,0.0018402806090345,0.0001557927077052,7.44696479907967e-05,10.6615917493589,42.8412242128,15.0,3054.33328207914,57410.0,2,29.9452865623227,2.04694224362672,1105.10050467285,49.6532412059842,2343.66676861293,122.799136870587,412.687614859123,0.0650230928290871,11.321588525319044,4.27892998834603,0.605011977430103,3.562041242435,4.47590129081677,0.221409548483186,0.0105546852321779,0.0062177752829245,12.6179879570446,42.8652257465469,15.079613725372846
13.35416666,29.9271166868861,9.14381965600525,1100.2187168358,53.9487541420184,2327.48666871732,122.318309270629,411.06154239049,4.67550691595562,12.8271590487958,4.48267285229318,1.19159698057671,3.69204734218651,4.39651451416896,0.001807510655047,0.0001538613531521,7.34529295178676e-05,10.6537026614793,42.705418633772,15.0,3043.30455749252,61350.0,2,29.9364929707316,2.08453902901364,1103.66695152827,49.5354376858487,2339.34994590837,122.679316700339,412.603292459796,0.0693695239407139,11.312601392056685,4.33346416329449,0.613878114105921,3.55358777247754,4.4817325208291,0.220392523180021,0.0105179419300144,0.0061887460138692,12.5882063791431,42.8235413637436,15.08245707270759
13.36458333,29.9532463933023,9.45257436222048,1096.98408272953,53.9855698952457,2319.51146254546,122.00580042976,410.325726760272,4.68456139416778,12.7968366699757,4.58831903758929,1.22227455696014,3.68717052495535,4.40957161755439,0.001781339870669,0.0001525685306795,7.27125544636701e-05,10.6626924641348,42.5964742399655,15.0,3034.05683745017,59890.0,2,29.9440387580094,2.10980980972201,1101.23083266358,49.4947522214521,2332.94720558505,122.446244577368,412.132226443343,0.067385736799577,11.301277987368028,4.40903646442657,0.621858511318773,3.54834969381337,4.49068464787994,0.220891332838747,0.0105355853392427,0.0061976671053655,12.5698360204794,42.7422991103905,15.085300420042335
13.375,29.9487204628071,10.4079575067517,1098.83475807605,54.038008120765,2322.23193835661,122.257846939327,411.487512943278,4.69681806936958,12.7628409256907,5.08930248271744,1.31729107758162,3.68968938634219,4.41683219452015,0.0017412153495419,0.0001491595245381,7.08587555229209e-05,10.6605665484898,42.6846218941653,15.0,3038.65101474764,59445.0,2,29.9462200998555,2.1895753316879,1099.50136848121,49.4628796471911,2328.22201129063,122.294845640287,411.940635614447,0.0653838973028718,11.240416068986772,4.60472312890444,0.638513760316877,3.54430232626074,4.50246658363475,0.22203135892083,0.0105758882408593,0.0062153419165065,12.5976929976415,42.6895126544279,15.08814376737708
13.38541666,29.908788635506,12.6007785862835,1093.437761512,54.3041679772379,2308.63577967154,121.645553249766,409.718989116075,4.68321052567914,12.7064047104151,6.07188173723809,1.53601009840182,3.715914488293,4.41951345911176,0.0017418538531353,0.0001514334750546,7.20468449959113e-05,10.6464269895061,42.4709496776599,15.0,3022.65990090321,68460.0,2,29.927294962262,2.49642388643703,1098.07383533097,49.6729105859366,2324.17911264975,122.16678506817,411.803066452881,0.0699815410327276,11.184438025112915,5.08696126227603,0.703926965533208,3.55426664128257,4.50966134913671,0.221647153306925,0.0105604313197617,0.0061706685322263,12.5968317179082,42.644862963324,15.090987114711824
13.39583333,29.8778880972484,14.9008263133009,1071.16379792734,55.4601127687428,2257.67453076601,119.050106551685,401.198102380788,4.58710186460107,12.6165455963406,6.99945442300051,1.76672234607234,3.80511003940114,4.42745897435983,0.001918707333412,0.0001755078260942,8.46383637629639e-05,10.6368834826741,41.564737377717,15.0,2959.58354082921,90250.0,2,29.8954454586414,3.1288697068349,1088.31290332516,50.5771200642518,2301.97380251166,121.05891002953,408.286114435254,0.0817256148154576,11.197185209829058,5.90177836774615,0.840080794788398,3.60206463374955,4.50969423150048,0.218850263634178,0.0104570938301154,0.0060360478717579,12.4810241244062,42.2582322955495,15.093830462046569
13.40625,29.9404842381281,16.6562536852122,1066.52230755562,58.180687053741,2245.98197114311,118.53175804304,399.590400209097,4.42745803529819,12.5766730878333,7.78935399276946,1.94524842688797,3.95053194590898,4.44751241715361,0.0023043415814863,0.0002172516197836,0.0001057558189998,10.6599947606807,41.3835065893317,15.0,2947.64297294545,92530.0,2,29.9230408456048,3.61236161421642,1075.0844032777,52.354219790229,2272.49030010026,119.543180631517,403.337152765783,0.0740839471259269,11.1153386481969,6.84599149150801,0.952697575427286,3.69681423226269,4.53026330937325,0.220115367855851,0.0105020866764336,0.0060175405120939,12.4717357612559,41.7291649838952,15.096673809381313
13.41666666,29.936426234111,19.6312067372524,1079.34196152493,61.3697391439888,2271.24435056289,119.973969129516,404.507796889923,4.24874736610359,12.5980749408602,8.92647375400195,2.24555983429043,4.13833701313895,4.4465880525124,0.0028269781442119,0.0002657353104242,0.0001299301796078,10.6587603138377,41.8865538701133,15.0,2983.74327834102,95590.0,2,29.931833675073,4.24942926667083,1073.91540372807,54.8156312979601,2269.06520036014,119.398069789519,402.968566075911,0.0654583719626532,10.907473422959344,7.88015337054085,1.06824458900265,3.83461247013392,4.5563773822676,0.221261413225154,0.010545145026024,0.0059858918270619,12.6092599896157,41.678508357785,15.099517156716058
13.42708333,29.9231499886441,21.8181838426317,1087.28783354839,64.6674622509,2285.64439493937,120.842830067584,407.381492244682,4.02129956951514,12.7018177990124,9.65595135654149,2.46755340632121,4.34294606245632,4.43305051581297,0.0037377175749474,0.0003453738348559,0.0001701626266191,10.6557160078466,42.1891149605732,15.0,3006.00984600862,102800.0,2,29.9264406484283,4.95151774100783,1081.79138773618,57.8641373290302,2284.7851332049,120.264618922057,405.925658656474,0.0595228191768946,10.701578888140686,8.91004156119524,1.19189733320535,4.01586408251383,4.57652139320285,0.221105345269567,0.0105418902834878,0.005922061107738,12.8058942856183,41.9809733819665,15.102360504050802
13.4375,29.9248996308444,23.7262493528393,1078.10048837195,67.9535909765042,2263.91808999698,119.789422996735,403.659808948576,3.7229292846298,12.861715622811,10.3387622100432,2.66293070156575,4.53502629361554,4.41402545287217,0.005409743229798,0.0004824706611488,0.0002402637655852,10.659614160145,41.820179401806,15.0,2981.43118551941,109310.0,2,29.9254084962468,5.69835653740622,1081.96380898866,61.1082981636756,2283.89613131367,120.259634473025,405.827710460634,0.0531639582450469,10.578570851235728,9.80329670080861,1.31092213146475,4.20713005405858,4.58666348938185,0.220768422553148,0.0105322423935518,0.0058542070656232,12.9988644226661,41.9789840463625,15.105203851385546
13.44791666,29.9246603483016,24.7173015809488,1076.30770871737,71.9442435928974,2257.77346274977,119.539545677242,402.561803617737,3.38471305207219,13.0145466600827,10.746464211852,2.767836245021,4.77846980574431,4.39344444941832,0.0082506185807339,0.0007006527232078,0.0003531684445193,10.6642238321087,41.7313852997069,15.0,2977.39361224104,116135.0,2,29.9247173073591,6.3815833928206,1078.04226838945,64.6843195944741,2274.01999047531,119.782316980051,404.024054853003,0.0476437319004219,10.531234291653771,10.503645411394,1.40994606294301,4.41829320137342,4.58706020191192,0.220394019060449,0.0105207411520599,0.0057936998790591,13.1619918899965,41.8117903679829,15.108047198720291
13.45833333,29.9396882586853,24.5586258502301,1078.07952154651,76.3596875716999,2260.36081059606,119.726897561522,402.895607489798,3.08307804917435,13.1285986820177,10.9478405746486,2.75862175959076,5.02923488918378,4.3789706403502,0.0123622759960015,0.0009968849658288,0.0005077127651714,10.6746812566468,41.7948948452938,15.0,2984.41306470816,116895.0,2,29.9351825378821,6.65141927046362,1077.64742253093,68.6455653770714,2271.77285955815,119.704677461083,403.501588760113,0.0420866679729083,10.505320889972714,10.9616141357848,1.44600943779865,4.65025038220969,4.58623344661929,0.220709625671368,0.0105338286882223,0.005781526306977,13.3096979904894,41.7836835091105,15.110890546055035
13.46875,29.9435843050161,23.2271825049686,1083.17362089014,80.6156000739302,2270.4757609331,120.291255684277,404.484085414908,2.86544654314818,13.1934647583113,10.6241200771915,2.63161669373187,5.27027619813464,4.36710493036495,0.0172672176147017,0.0013328097894671,0.0006838818702542,10.6804174971596,41.9897163842843,15.0,3000.77252953548,116290.0,2,29.9408847368643,6.51085752481019,1079.86561851412,72.5803085700298,2275.35072865373,119.935608622386,403.993300067373,0.0389818029410024,10.513542458506159,11.0382545877912,1.41744303271779,4.87638030770259,4.58122135875104,0.220943831846958,0.0105431428455913,0.0057982824793249,13.3953480489061,41.8627863537153,15.11373389338978
13.47916666,29.9432604079075,21.3265850132297,1083.96645689291,84.3355383080181,2271.52840772993,120.355296513207,404.387375202323,2.71655204897115,13.215847249721,9.99582771586656,2.44703188893956,5.48267757342561,4.35886238094477,0.0224292056727844,0.0016741672607355,0.0008642700683847,10.6836299403333,42.0096404469605,15.0,3004.93703632001,116360.0,2,29.9421303033742,6.17264636572601,1082.73284537627,76.2565876940798,2280.24374475842,120.238533703489,404.713100385558,0.037907311297183,10.5852311758304,10.7005739781303,1.35478832104797,5.08780335161718,4.56983964573518,0.221025198258405,0.0105461172002858,0.0058264211178396,13.3844097531478,41.9665648747763,15.116577240724524
13.48958333,29.9468565121867,19.8211908926889,1084.19079910118,87.7227450864408,2271.60613781891,120.355235105552,404.080060563762,2.61430165982418,13.2132344498242,9.89394971204302,2.30153624654989,5.67367888601092,4.35422959352175,0.0269771409988331,0.0019665780521455,0.0010207859068942,10.6867344230207,42.0070763487151,15.0,3007.47154051842,115775.0,2,29.9448663365644,5.86781796532726,1083.65927918857,79.5546142551754,2281.06681640017,120.318377248759,404.678589595948,0.0372972892066395,10.680222475776343,10.3646042848203,1.2945372877507,5.27639897912371,4.55685537189986,0.221267213229942,0.0105545997860236,0.0058559117397499,13.3211330388466,41.9921622365179,15.119420588059269
13.5,29.9534498459446,18.5599294204875,1085.55248566858,90.7362161839215,2274.55392480312,120.505192781566,404.282306639334,2.54570814532618,13.2158323187489,9.60052237426845,2.180017856471,5.83650334760854,4.34978909301404,0.029738629426835,0.0021387191328258,0.0011151286092616,10.6891215988764,42.0569714701718,15.0,3013.26532316002,113505.0,2,29.9500823856775,5.58566712267856,1084.55760238555,82.4696034748065,2282.21930322669,120.402812712046,404.667417910818,0.0365633951313526,10.750164598971384,10.1057342413066,1.24056784407314,5.43999806940621,4.54670772205327,0.221585552138693,0.0105658162176305,0.005885889120403,13.2687481452937,42.0192510056032,15.122263935394013
13.51041666,29.9809575207044,17.1759231786332,1091.06571744152,93.0898324183099,2288.54176223953,121.262453305942,406.512843592231,2.51397459594464,13.300892008941,9.05986510266523,2.04515341038418,5.92267323015574,4.33936481483489,0.0294197961754812,0.0021099448852739,0.0011020196340659,10.6961237199533,42.3191088144083,15.0,3032.09378835895,102305.0,2,29.969404065945,5.11006468682454,1087.32148794339,84.670498130987,2288.59903205214,120.758590540443,405.599033350546,0.0340698544496555,10.764482294505328,9.74906582632742,1.16247650489497,5.54865606996237,4.5434156666452,0.222556985058357,0.0106007022817838,0.0059478614689039,13.3026480403154,42.1411638055784,15.125107282728758
13.52083333,29.9618863974059,16.0694145472263,1092.81458739437,93.7637194510505,2293.21648121645,121.538260910963,407.128474066055,2.50878007075686,13.4316201491769,8.4797651869404,1.9361485251847,5.95051247888184,4.31383050648327,0.026767928583122,0.0019324229069001,0.0010090322488407,10.6861165118667,42.4135427546316,15.0,3038.15629934514,98870.0,2,29.9638235257776,4.78050356475716,1090.54732707623,85.842471291145,2296.32296864749,121.204101784855,406.833787824046,0.0340572744520135,10.838241429330171,9.25701238931251,1.0963862790734,5.59935596914964,4.52773237742156,0.222436473962875,0.0105954395767424,0.0059734470960044,13.3186957157822,42.2946054641603,15.127950630063502
13.53125,29.9603422656071,14.9963545002443,1092.32721528393,93.9455345505189,2292.96599864291,121.54853911255,406.885389632946,2.51920701231474,13.5578654256112,8.00886452488891,1.83029707038299,5.95515939686931,4.29248625904411,0.0236228679020603,0.0017239749494449,0.000899680422496,10.6834398145729,42.4156302942902,15.0,3037.56623063786,96950.0,2,29.960828657048,4.53151888015748,1091.81785915417,86.3078300717187,2299.57997080012,121.420619633223,407.293763799241,0.034625846263493,10.988269622830614,8.74206799052502,1.04744702508019,5.618192018165,4.50440409209377,0.222266922082776,0.0105878691584106,0.0059907330155065,13.2895388015495,42.3683805059345,15.130793977398246
13.54166666,29.9606759992792,14.5768945029664,1091.67447646549,93.9090786410287,2292.34162720767,121.532535766698,406.594755034318,2.54239878772753,13.6515954773496,7.61130000164486,1.78967439926141,5.94974354061266,4.27585744434056,0.0205287077501764,0.0015174509973296,0.0007912588850855,10.6816630041757,42.4088842333902,15.0,3036.34601801145,95830.0,2,29.9600472605842,4.40497022928743,1091.87775494647,86.400713397895,2300.18505835924,121.492241089809,407.282921629887,0.0352003480775785,11.148722504635858,8.27262776924241,1.01967727661424,5.61934918838563,4.48078379078561,0.222204486811602,0.0105842594840798,0.0059997031033822,13.2455986779983,42.3918883809133,15.133637324732991
13.55208333,29.9622812763753,14.3322608261584,1091.38306076875,93.7482386658929,2292.55746988468,121.55553665992,406.474754100016,2.58051595769678,13.7117181606992,7.30694295958527,1.76643857682606,5.93720477337711,4.26425346147245,0.0177135212405715,0.0013270330337731,0.0006911439763239,10.6804796363376,42.4160874689939,15.0,3036.10136066118,94865.0,2,29.9609518842,4.33088780753941,1091.61989907966,86.300780490154,2300.23682941691,121.522592752825,407.162322554442,0.0358114237887538,11.2719841247268,7.87778590396711,1.00541872293526,5.610833026043,4.46200160310624,0.222170527657172,0.0105820108962729,0.006004868684951,13.2158104803662,42.4013250238545,15.136480672067735
13.5625,29.9762050712722,14.2851601419864,1093.3447232994,93.3983503244053,2298.44636232494,121.882698530496,407.403883416887,2.64685521020528,13.7704899933735,6.97568005925265,1.76272640515496,5.89898905550726,4.25594788023698,0.0150782744342645,0.0011446957013807,0.0005947335582538,10.6832439961251,42.5297473064874,15.0,3042.75432390196,90015.0,2,29.9698176017696,4.22900519295477,1092.13799623172,85.9625883359659,2302.40494093485,121.653948109512,407.425074669397,0.0353653892663583,11.327152593167144,7.54294799082242,0.989922650297065,5.58557767050757,4.45214872931532,0.222764930679408,0.0106029850829396,0.0060273865920372,13.2374264152623,42.4463159108011,15.13932401940248
13.57291666,29.9431313450817,14.3328905311764,1089.52977378341,92.5649996585165,2289.84384655456,121.423360068314,405.748531313723,2.71939583066552,13.7580676488449,6.70865418516745,1.76799669713518,5.87750260655746,4.24819884958586,0.0131662006160875,0.0010138838393645,0.0005264067772504,10.6709414953501,42.3692448967176,15.0,3031.10981720644,96320.0,2,29.9526664671839,4.28834593212386,1091.68498031159,85.4879415702017,2302.06545875255,121.651582593602,407.25164030981,0.0387909743759693,11.415727870727386,7.20774397169408,0.997386875018754,5.56005148406211,4.43611722587915,0.221563043541532,0.0105587389661673,0.0059936602141188,13.189206467861,42.444935467222,15.142167366737224
13.58333333,29.9698619776347,14.5496727134429,1086.74173597404,92.401678264121,2285.05264048518,121.157455458543,404.776683727363,2.78403186650914,13.7194292983927,6.6520930667111,1.7911469306645,5.85489008590917,4.25658399133454,0.0120207501054781,0.0009333163649382,0.0004843571490728,10.6803464597193,42.2764891128846,15.0,3024.3050122666,93945.0,2,29.9631545832806,4.30193356266257,1089.00730891872,85.1229244880944,2296.94282554231,121.376729239375,406.201985262691,0.0388546480347815,11.456396901629528,6.9925760418881,1.00591278123872,5.53982517569773,4.43233457588736,0.221884521994898,0.0105702759633294,0.0059995683214152,13.159285048254,42.3487740090717,15.145010714071969
13.59375,29.9701730135338,14.6782588994848,1092.90591078081,92.2498238757345,2299.30134657316,121.904569354734,407.209023046138,2.86155036590418,13.6746945198029,6.45571379749174,1.80484695727263,5.84184150594766,4.26111049649398,0.0110466496925913,0.0008622670590178,0.000446882845102,10.6792901215459,42.5374075009422,15.0,3042.08106084864,91660.0,2,29.967350615721,4.2709360681336,1089.74534959859,84.8021670857711,2299.52793231269,121.50168358187,406.535520784997,0.039150354356932,11.416860801126072,6.83465974184931,1.00460572349293,5.51842466051847,4.43634570165886,0.222122251595484,0.0105791102665069,0.006008057102378,13.1797874577032,42.3923291959617,15.147854061406713
13.60416666,29.9733926136519,14.598781086093,1094.30741180069,91.5486603074695,2303.68811454173,122.127695970961,407.91212682316,2.95392773865442,13.6392880870847,6.36686762548684,1.79727719941377,5.79193662763747,4.26559601275343,0.0102429378033571,0.0008022299738692,0.0004151333163837,10.6793106539719,42.6156274103209,15.0,3046.64972764075,88565.0,2,29.9708123047407,4.18203263798222,1092.24554415133,84.2993397787385,2306.06314457065,121.835375010945,407.599401396915,0.0394877145745278,11.355886495154014,6.6991115954631,0.993205252717287,5.48645905379997,4.44295409634055,0.22238095646707,0.0105887732905177,0.006022568668094,13.2178679066948,42.5088619900932,15.150697408741458
13.61458333,29.967434401186,13.9688328086148,1093.99398130036,90.5115428161474,2304.08099040412,122.135657087339,407.921157547704,3.04755916088266,13.5964272367877,6.11151220907773,1.73412238522859,5.73137389181341,4.26950890938626,0.0096525313800415,0.0007573618033458,0.0003914925905529,10.676430195746,42.6188679605245,15.0,3045.94664783714,87500.0,2,29.9686164264169,4.03488185372544,1093.3995175132,83.5004723755969,2309.63013116319,122.017915412107,408.179629565997,0.0412033883712264,11.327506558832258,6.5327798203916,0.969819665292221,5.4382674117342,4.44628412650474,0.222098573777241,0.0105785082837069,0.0060298781599127,13.221981939354,42.5727460426582,15.0
13.625,29.9649988265607,13.2605462719173,1092.86455673151,89.4774734256988,2302.53172625479,122.036612569335,407.59465019605,3.123666837429,13.5395216738695,6.02011045488783,1.66296239529982,5.67404561584028,4.27597449183826,0.0093017481408115,0.000729984638656,0.000377173482442,10.6751734766522,42.5848341843765,15.0,3042.81739002132,87475.0,2,29.9661750550623,3.88637428979745,1093.36156841462,82.5818125456039,2310.34311884601,122.056181949722,408.291866608696,0.0433762553894506,11.34925032809,6.35641885696294,0.943086597574666,5.38520702727841,4.4457882776944,0.221589138139246,0.0105597358102147,0.006031916094136,13.1709653999107,42.586381004396,15.0
13.63541666,29.9718783854362,12.8803796856837,1092.83830270068,88.5351894793449,2303.64836040829,122.080550167237,407.763034358221,3.18864575277103,13.481091293433,6.01730641927906,1.62451081065458,5.61543162827303,4.28449113729011,0.0090430513729451,0.0007088482460963,0.0003660837842246,10.6768870958373,42.6007336247582,15.0,3043.0996280539,85670.0,2,29.9692647209023,3.76527256934341,1093.03212504311,81.6405138642573,2310.40203960091,122.05955567903,408.307458864462,0.0443171153644988,11.367261502746143,6.2524555557191,0.920380922508081,5.33044765653265,4.44695483548277,0.221588152995496,0.0105594659891035,0.0060433265001112,13.1185445396047,42.5879126396803,15.0
13.64583333,29.9643564326132,12.7084189572223,1091.86072469193,87.5088711502116,2302.25372478526,121.991918273922,407.504820798177,3.24453190920779,13.4133596162534,6.09427871007758,1.60658849595743,5.56105978819478,4.29145879920782,0.008825405245464,0.00069108463852,0.0003568177995507,10.6734467226376,42.5704047213006,15.0,3040.2678483156,86365.0,2,29.9661840265211,3.70868102284415,1092.5996912742,80.7046877361011,2310.2034737048,122.047530061825,408.286680715343,0.0460249441600528,11.374717905502287,6.22404807928423,0.908902252572872,5.27685606273962,4.44812140025371,0.221270303786725,0.0105476798935959,0.0060411108087606,13.0660945084798,42.5841306919539,15.0
13.65625,29.9738542170277,12.7948513434402,1092.00769646634,86.6273597409169,2303.6444398731,122.055612891349,407.768509843038,3.29503030314183,13.3564851397251,6.17719926364541,1.61462534616424,5.50545014498768,4.30070181143352,0.0086225100160345,0.000674465274488,0.0003481094734513,10.6759788740907,42.5932503576586,15.0,3041.0226518793,84490.0,2,29.9704459554415,3.67029708904273,1092.15628128109,79.8046124701861,2310.05643662386,122.0337763744,408.277229649378,0.0460340028061402,11.354268810933029,6.25766830225897,0.903301852706172,5.22489840818455,4.45333566824941,0.221561350549331,0.0105582420884232,0.0060515792874892,13.0420874291818,42.5797881342675,15.0
13.66666666,29.9716526299122,12.9532227665492,1092.41959023824,85.6220779923837,2305.40350664704,122.144076025227,408.126446606113,3.34534469615746,13.3069057085355,6.1243658799509,1.62955529540343,5.44706299120726,4.30695064214569,0.0083937671888309,0.0006561809762498,0.0003384923335103,10.6742459193508,42.6247408815721,15.0,3042.25532879293,83460.0,2,29.9709884535344,3.64912992273721,1092.25484130507,78.8856608903238,2311.16932698826,122.085762298806,408.505219524424,0.0463264340226077,11.307845335701773,6.27488161334958,0.900914427249056,5.17158326413813,4.46021924672729,0.221706832804707,0.0105637003935316,0.0060570907337234,13.0449809747599,42.5984063921906,15.0
13.67708333,29.9731447110213,13.3887842986886,1092.46887868043,84.5741646764048,2306.3715922477,122.195862569003,408.368642108321,3.39058209843986,13.2704503267856,6.16427699705784,1.67210897480128,5.38521520194102,4.31240153974207,0.0081673211765679,0.0006386000307218,0.000329237045427,10.6740230129766,42.643407298192,15.0,3042.46691068504,82225.0,2,29.9720051368856,3.6635330271973,1092.36886912721,77.9325308517149,2312.34404698406,122.141149215845,408.756419261547,0.0461239632093118,11.251086831453813,6.2844875681601,0.905331761466556,5.11666736579676,4.46798371475989,0.221915537065844,0.0105716836554743,0.0060610097715424,13.0655157592421,42.6182352468626,15.0
13.6875,29.9766721839485,14.0705819941243,1092.87976244366,83.4669618861272,2308.21529550951,122.300419159319,408.792225788276,3.4356582089557,13.2480984093133,6.325273898629,1.73913827043733,5.31800500187641,4.31643906243899,0.0079156521901073,0.0006192929312366,0.0003190312695897,10.6745213105238,42.680446149397,15.0,3043.75133320222,80185.0,2,29.9744819080638,3.70167085000045,1092.5612682477,76.9275527891639,2313.80076176093,122.210456268128,409.065601287626,0.045189095893119,11.172417251919258,6.35940711724959,0.915474353810625,5.05859249647408,4.47762150364331,0.222391571636433,0.0105894756631358,0.0060688623054948,13.1178958508692,42.6429138158048,15.0
13.69791666,29.9743792799971,14.0199522168796,1092.760544767,82.2484418341911,2308.76499283891,122.341064588066,409.007141688764,3.48041137696759,13.2321280126707,6.29354405728321,1.73270024349273,5.24790051352166,4.31835312013418,0.0076453949363971,0.0005989154185002,0.0003082527823293,10.6730712282713,42.6951322294376,15.0,3043.36298845977,79030.0,2,29.9742311704299,3.66167577743803,1092.71300945241,75.8571948825926,2315.13616289505,122.279258727824,409.379820542624,0.0453593366766073,11.1032510097473,6.42963971004035,0.913590366255321,4.99723352019668,4.48577387016239,0.222497337395849,0.0105935423424077,0.006075429568753,13.1697584870035,42.6673627022725,15.0
13.70833333,29.9754144612055,13.6927113732865,1092.47619595999,81.0323055440163,2308.9542524296,122.366909161709,409.175481382625,3.52076837711212,13.2216335358901,6.15931813791441,1.6985199872499,5.17772454342278,4.31996908858158,0.007378576654655,0.0005792500943624,0.0002978453527871,10.6729384842059,42.7045942800059,15.0,3042.53230406846,77825.0,2,29.9746907644443,3.57094094704038,1092.65070934085,74.7479364565826,2315.80891329825,122.326184525234,409.623179722123,0.0458921988289651,11.078448742105342,6.41098674296142,0.899105932821432,4.93413665555383,4.4898879887774,0.22245919245648,0.0105921429289167,0.0060834068984968,13.1874836660025,42.6841096374459,15.0
13.71875,29.9738404596005,12.7981917690521,1091.83839591587,79.8336923115704,2308.26676562267,122.35031843417,409.202979877568,3.55582433436183,13.2119611719422,5.93450567040691,1.60749578114978,5.11068412034797,4.32065112234668,0.0071139594064368,0.000560147049007,0.0002877414628186,10.6718811874956,42.6991817436538,15.0,3040.64350042913,77280.0,2,29.9740332122383,3.41730070904879,1092.35478153945,73.6339343883693,2315.73710766355,122.348404821299,409.78348452827,0.04737707251042,11.103845508581987,6.2935356844355,0.871406592922815,4.87115278402413,4.48902729935762,0.222134128740689,0.0105799505090439,0.0060906374643211,13.1616779386932,42.6921753044248,15.0
13.72916666,29.9736236031567,12.5441561264439,1091.04376876436,78.7232687837075,2307.16306496708,122.315708969141,409.170923047553,3.58764424723809,13.2025699708149,5.88880348264567,1.58051351319442,5.04893885129306,4.32134828948903,0.006845086088936,0.000540954280084,0.000277609615336,10.6712539298659,42.6874211597789,15.0,3038.32811676871,77010.0,2,29.9736339347888,3.33362991289629,1091.8174444822,72.563360264132,2314.97049162955,122.343710375659,409.851493343607,0.0485052041610938,11.161920500586628,6.15983833305563,0.852044182426923,4.81090167038868,4.48470543489628,0.221927676670596,0.0105720789610164,0.0060938159222058,13.107113556761,42.6908094970207,15.0
13.73958333,29.9641265951785,12.3336492651428,1088.4958534317,77.7737961453524,2301.80150075693,122.056213145472,408.38623219452,3.60873543226972,13.180608115566,5.87835710062449,1.55797033435393,5.00339933402186,4.32172629220855,0.0065972630550086,0.0005240195934964,0.0002687289533788,10.6675437581897,42.5971332413649,15.0,3030.8330466865,79575.0,2,29.9681122345144,3.30989539790653,1090.62774347094,71.6395661620916,2312.64379773744,122.25807965084,409.639837457959,0.0509223976159001,11.235550679755072,6.07051653938884,0.8467044734675,4.75994882897905,4.47784697051914,0.221275500401139,0.0105478788485609,0.0060803118086213,13.0307257118481,42.6611997959148,15.0
13.75,29.9430392980568,12.5890900413669,1080.03265397516,77.3279147982631,2282.48404746604,121.049070638965,405.086861883701,3.58191834292862,13.1220270159995,6.03667675824288,1.58265951283592,5.00371915763395,4.32445998123961,0.0065011548394918,0.0005213144419066,0.0002675174101957,10.660807940447,42.2458791381271,15.0,3006.16982092519,89415.0,2,29.9520381422683,3.45173560496924,1086.5989860858,71.1467353135506,2303.64174474104,121.817468750552,408.206776965907,0.0562172386531865,11.363000814968414,6.05257939097067,0.871466156735627,4.73713988641848,4.46496192574132,0.219283754217836,0.0104747023336796,0.0060187026315045,12.8761791226713,42.5077803696759,15.0
13.76041666,29.9823065562164,12.9616855449834,1077.43159174145,77.7767264787743,2277.47402050194,120.808063959575,404.339546125625,3.54850300581245,13.0856613018048,6.21416137225695,1.6203380910001,5.01434199373715,4.33699991949547,0.0064168614956882,0.0005183441293089,0.0002660182778629,10.6745785225585,42.1619902960793,15.0,2999.99395432758,86850.0,2,29.9701462365692,3.51917905306538,1081.44711812973,71.1307071921541,2292.46043986378,121.245860458433,406.334344004003,0.0535316378200914,11.403271242638557,6.15520267512569,0.890117683454501,4.7364369667184,4.46708197692186,0.219937353993745,0.0104985065881621,0.0060274153736454,12.8085936317904,42.3086529355877,15.0
13.77083333,29.9673911831444,13.5097808739255,1083.21561565205,78.269718048392,2289.5306162256,121.477102938477,406.636076340072,3.54050514240239,13.0513100318778,6.38455161536239,1.675007409155,5.0504847700561,4.33950289401109,0.0062287276544961,0.000505919321097,0.0002594449647616,10.6683646040103,42.3957415082497,15.0,3016.14365303463,88675.0,2,29.9687191241707,3.62773655459206,1080.60728020843,71.3727867741838,2290.77368647786,121.174574768863,406.148064603364,0.0535309856599858,11.368139942746701,6.30416770944006,0.909772436118651,4.74920529367919,4.47256438259191,0.219936309763892,0.010498576651042,0.0060169453038685,12.8050624701205,42.2840801614913,15.0
13.78125,29.9831291509554,13.347998114974,1088.9058741839,78.7519935059109,2302.15357094005,122.180748188967,409.042278021401,3.55059971284018,13.055984927923,6.64334553170613,1.65895481391397,5.06917452111632,4.34393853299429,0.0060087110420614,0.0004904050821893,0.0002511596127387,10.6732767124228,42.6415869905363,15.0,3032.75703887307,85605.0,2,29.9773050515344,3.58690211002941,1084.76664794804,71.7645005365453,2299.87531173701,121.677512362556,407.890460457199,0.0516996292152121,11.314857975784742,6.50836774042078,0.907934673545434,4.77207282034311,4.48165911480526,0.220682815206686,0.0105257228988004,0.0060382681236645,12.8435631846572,42.4598473483448,15.0
13.79166666,29.9863156408493,13.3141370943726,1090.05033028736,78.6082893588737,2305.3138665167,122.386442868785,409.780361601398,3.58702201334148,13.0861593037947,6.61419691011925,1.65512670123908,5.04852985340038,4.34280949418767,0.0057056106239349,0.0004674559573869,0.0002388740924731,10.6735123555452,42.7136354335515,15.0,3036.63969455,81775.0,2,29.9823118827159,3.51151133469781,1087.58015621115,71.8131960430202,2306.33420407853,122.04849855335,409.202485391339,0.0501663690056022,11.264553363290487,6.65260273746377,0.893034257265335,4.7715210009716,4.4891694860501,0.221575428872401,0.010558063567729,0.006066444198794,12.904877081206,42.5894500140802,15.0
13.80208333,30.0003263966661,13.2738474930663,1092.51905920104,77.9488169153923,2311.88589705276,122.781409007722,411.159708186745,3.65672461458492,13.1485892255156,6.10215434800118,1.65009971710655,4.99216389160826,4.33945419559168,0.0053075839972081,0.0004361145229548,0.0002221656892471,10.6772909246601,42.8517079935322,15.0,3044.35994876789,74810.0,2,29.9913992057431,3.38653721159434,1089.72828519263,71.3793325114014,2311.7088544013,122.366113611891,410.353095494641,0.0474743598924623,11.202425699160129,6.55761792332711,0.869788860965842,4.74172065961779,4.49726295185255,0.222915776598661,0.0106070589623028,0.0061106746416501,13.008345085988,42.7003626463347,15.0
13.8125,29.9648082698032,14.1209002460932,1089.35648078918,76.7595435740019,2304.97930020003,122.457367640605,410.138894121626,3.71899282831324,13.187644276826,6.38557110500573,1.73296746503859,4.93530949306734,4.32857974026774,0.004962467598982,0.0004098839002364,0.0002083236657234,10.6640896527498,42.7387963596218,15.0,3034.82278701379,77385.0,2,29.9765442045849,3.47104345142623,1090.31383857475,70.6165592886351,2313.60391967615,122.503990405763,410.895636823888,0.0493404399844585,11.187286157260171,6.47022335167407,0.880069133655429,4.6967273624481,4.49562168128644,0.222577886664915,0.0105950511454463,0.0060945709210523,13.0660836598261,42.7485840109223,15.0
13.82291666,29.9409743547754,14.2691038227731,1078.56514037002,76.1783341357981,2280.38615183424,121.180704879741,405.909158065486,3.7040219251543,13.1832082715399,6.38829741309341,1.74684787565087,4.93041949564274,4.32455650418974,0.0049209773518893,0.0004109530325661,0.0002090328805167,10.6567714223259,42.2933177466272,15.0,3003.38460527393,88115.0,2,29.9544826421415,3.66069052630874,1086.37508201831,70.1277029973967,2304.98717041425,122.08394473737,409.517339126934,0.0550344916862656,11.293305035378014,6.48048258799656,0.919007616606829,4.67374285024251,4.48234265884848,0.220634405831186,0.010523861832709,0.0060296889417563,12.9881122635037,42.6021984572335,15.0
13.83333333,29.9645998541722,14.5380614531736,1071.55457897174,76.7828700322947,2264.76906074003,120.378188925732,403.242639999604,3.63069177743849,13.1549265828256,6.50674271655641,1.77436289855545,4.96919017703581,4.33220485774798,0.0050988230792608,0.0004298195698996,0.0002191136506939,10.6663585176176,42.0132287356263,15.0,2984.05542555377,92055.0,2,29.9602561871862,3.81766693481983,1078.65115342793,70.2495988608009,2287.83367321292,121.20379871096,406.564820018097,0.0555438236150475,11.407310025929357,6.52368332096543,0.952821758893928,4.68452969889631,4.47472041511827,0.219964906070448,0.010499206731743,0.0059986666495688,12.8829681811204,42.2952831846386,15.0
13.84375,29.9779320755733,15.2275463135656,1075.73279232777,77.9470828321067,2273.67681762464,120.884236897915,404.945886709792,3.56791211196117,13.1251551087672,6.8873444188757,1.84415784507537,5.03296693094028,4.33821645674573,0.0052359275954977,0.0004428211511704,0.000225931095184,10.6709125353553,42.18982399663,15.0,2996.53248029164,91780.0,2,29.9711358768721,3.96571604975374,1075.43653516874,70.9047177072186,2280.7060718081,120.846462086459,405.368680107317,0.0530979254043865,11.4069661266543,6.71773415000533,0.980851231250645,4.72213061230926,4.47848766103947,0.220409287313922,0.0105156286128679,0.0059953237372725,12.8661406595605,42.1707710408263,15.0
13.85416666,29.9601011687295,15.9733913546713,1080.95083641753,79.1574819690179,2283.80224752046,121.45028406002,406.833256323529,3.50773887540428,13.0924149835727,7.22967652546136,1.91949746250573,5.12098559370745,4.33919172674553,0.0054154132889749,0.0004589953297096,0.0002344630487603,10.664828517301,42.3873742219985,15.0,3010.93611038442,96975.0,2,29.9647108765971,4.20026595920376,1077.74459389783,71.9630628843183,2285.35307192661,121.110339319896,406.243095388368,0.053112897612832,11.365815840235742,7.02257223585471,1.02112951106307,4.78761086286861,4.48275380801245,0.220005173435051,0.0105012304479091,0.0059643522459325,12.8725512587611,42.2630194344663,15.0
13.86458333,30.0090708384685,16.3662378598779,1085.26392107505,80.2786415717738,2294.76982899434,122.071092173841,408.887654216249,3.48600942853842,13.1320539927385,7.35428958539824,1.9600295873582,5.14675518071156,4.34488583220968,0.0054522390837369,0.0004611241292512,0.0002352069079483,10.6816646592744,42.6040296493536,15.0,3025.40637576045,86760.0,2,29.9911506349019,4.1532170108554,1081.10441194112,72.9046052017508,2293.08109586838,121.528354714094,407.649019196536,0.046732591117926,11.240208872473586,7.30601900474497,1.02242788887866,4.83747047587806,4.50045687002736,0.222026524405338,0.0105756797359988,0.0060163668743906,13.0016002129511,42.4089660738161,15.0
13.875,29.9980756752721,16.8841508143803,1089.36437876011,80.1037879497739,2304.86906849956,122.655281013584,410.82191096036,3.53223269026009,13.2051007285161,7.59165510842139,2.01127300604906,5.11883359705102,4.33425933234415,0.0051507937762074,0.0004360849550805,0.000221585235499,10.6764469486623,42.8078910465138,15.0,3037.96673867243,80300.0,2,29.9948817592436,4.07398079087201,1085.08879459294,73.1199317403626,2302.88442515306,122.06511036504,409.475904990823,0.0437949070872312,11.087080714118828,7.54311952258504,1.00691845667434,4.84044953503537,4.51475848787548,0.223277410486366,0.0106217755926417,0.0060534936393861,13.1880308748094,42.5961882811632,15.0
13.88541666,29.9575966004702,17.3619181330922,1084.24718913903,79.3782233722152,2293.34248217238,122.078008609727,408.863886031487,3.55641227491176,13.2571288389382,7.65849287030969,2.05796697839471,5.09666999185907,4.31972066581154,0.005025815519914,0.0004278087797556,0.0002171787358757,10.6624283654387,42.6063318447988,15.0,3022.88709087722,85760.0,2,29.9728946629896,4.20872413840769,1085.98496057901,72.9151950265694,2305.53725151501,122.234258568547,410.040332494824,0.0462772795718415,11.061115331944672,7.71393176127449,1.02571344863456,4.82749181359818,4.51149699105633,0.222531862312812,0.0105947409907565,0.0060235610482355,13.2605948024165,42.6550807130432,15.0
13.89583333,29.9334078608879,17.6002219583403,1069.19757314002,79.5078908602266,2258.63174453922,120.24227324365,402.658378943249,3.4535289479113,13.2421549760163,7.68200645947163,2.08224468642537,5.14985545887598,4.31547847606922,0.0056209158015135,0.0004798969608419,0.0002449995513959,10.6570104871186,41.9653955814785,15.0,2979.15244223089,101520.0,2,29.9457246726182,4.59430021040035,1079.57269645566,73.1279052809105,2290.99425358124,121.492526658555,407.471941640002,0.0514063099945974,11.215879128458916,7.78179740554684,1.0891205564267,4.85168908934607,4.49160367101014,0.220210471195685,0.0105097418350058,0.0059343242220429,13.1326831333533,42.3962068508474,15.0
13.90625,29.9993388867823,17.7252536499909,1069.71489068784,81.2681651247681,2261.06044829897,120.395137474809,403.076463730445,3.3155633979151,13.2516477725607,7.67633086052931,2.09707661636696,5.21831478830233,4.32502389621263,0.0064480410926997,0.0005444632540331,0.0002790527322927,10.6816053920473,42.0183224170501,15.0,2983.15007080042,94630.0,2,29.9792903005951,4.63305405674541,1072.11821531811,73.9810469540471,2274.73394313072,120.638692364295,404.519639229386,0.0456238812098444,11.248665350251757,7.84466035299578,1.10614818780651,4.90102096685724,4.49475486118557,0.221422705278091,0.0105544875846952,0.0059592904845193,13.1224622047588,42.0982005914721,15.0
13.91666666,29.9807998579772,17.5528007286767,1082.56805258743,82.572493094722,2288.91769960892,121.913492326772,408.048298155437,3.24260379368711,13.2766724786309,7.75649470907596,2.08060499815479,5.2967742620048,4.31588081646378,0.0068690798059457,0.0005746672426546,0.0002946349324157,10.6741698584404,42.5477441966331,15.0,3019.92583497744,93700.0,2,29.980423303533,4.59402156939347,1075.36982871545,75.0381586214068,2282.11395130598,121.05213791963,405.822995065627,0.044036880473343,11.201161146193702,7.90690869655075,1.0955161013883,4.95813762786013,4.4980335749387,0.221507150235246,0.0105580393674981,0.0059652681140208,13.1788510157125,42.2422669360823,15.0
13.92708333,29.973960450396,17.2780060014278,1081.67845047954,83.212206006027,2287.11178509446,121.844769041475,407.696803363629,3.19228290489011,13.318372077451,7.77263087332755,2.05384348049561,5.33673616776602,4.30739197952936,0.0072222186567572,0.0006007097565842,0.0003082443719572,10.6720964070538,42.523251296839,15.0,3018.05044896148,94985.0,2,29.9762355650958,4.57708253294185,1079.78910053333,75.9640343734318,2291.78947107393,121.597621620929,407.546680734532,0.0437858249842827,11.211482321805143,7.95675196250867,1.08822773364342,5.01287847720449,4.49399684053274,0.221290406450434,0.010550182282394,0.0059618671659248,13.1970416185141,42.4322755706286,15.0
13.9375,30.0048234585346,16.9270688666731,1084.41539645968,83.754363714463,2294.84980871037,122.293188347988,409.074178384312,3.18426568249446,13.4023896977901,7.73228813598126,2.01943194641946,5.33802973571796,4.30115731249408,0.0072391474644656,0.000599527569402,0.0003072296982027,10.6823250564814,42.6792590531783,15.0,3027.79964600249,86795.0,2,29.9928954268311,4.3832128050938,1081.70935998896,76.4610177351748,2296.68426661189,121.885546311756,408.419097753132,0.0406165064992532,11.197203711855487,7.98516380140161,1.05742054365526,5.03564515798474,4.49538522149194,0.222570740540383,0.0105967265156514,0.0060090001952516,13.2725020188881,42.5322986912941,15.0
13.94791666,29.9337327567997,16.4150005226058,1074.54864048104,83.6052440166485,2271.21882418159,121.043247819163,404.778342469397,3.14369031433183,13.395505550262,7.65767642198096,1.96816846640231,5.38620681836737,4.28604817274685,0.0075698352316331,0.000627657067334,0.0003226686539407,10.6585508727729,42.2425767639767,15.0,2998.07765679886,102720.0,2,29.9538926713451,4.54691992365586,1080.19214275599,76.8751644511445,2293.01186450786,121.734844068817,407.775789622995,0.0470101306127989,11.345626295530629,7.90773750885659,1.07059055301494,5.06699934701299,4.47176704516275,0.220038690122865,0.010503495420475,0.0059349284725686,13.1570472922654,42.4792436864926,15.0
13.95833333,29.9900033776596,16.0283578815797,1067.22937263939,84.9179117912436,2256.46672774656,120.26223011648,402.045088502934,3.05981480664113,13.3953257843568,7.57470760555209,1.93181402601619,5.43640342855537,4.29535043946816,0.0083173642230932,0.0006832342175437,0.0003525004282645,10.6799874597654,41.96954088654,15.0,2979.66815376236,98980.0,2,29.976905604827,4.52123104104566,1072.82826290889,77.637246783749,2276.68159062288,120.887570678788,404.793275278836,0.0444215029288038,11.462756537402672,7.83539874580267,1.07082292453899,5.11376970372515,4.46411601455471,0.220660036235725,0.0105258855576301,0.0059512449784877,13.071319828436,42.1832021886532,15.0
13.96875,29.9869818167177,15.2854256263561,1081.22325017084,86.4157315410119,2287.07234891061,121.914175830682,407.436889069795,3.02069072967977,13.4106837300761,7.30674866624283,1.85876648844202,5.51984122068225,4.2910829550684,0.0085583474017081,0.0006982739547821,0.0003603463444661,10.6776982435147,42.5455979715806,15.0,3019.9559951209,96325.0,2,29.9833345321301,4.36610395809468,1074.3635250228,78.6301667964668,2280.17650125859,121.095496428203,405.368481309728,0.0433944467357599,11.483872647132715,7.69314928817234,1.04176663926526,5.16678212493159,4.46236899748422,0.220877126355471,0.0105336867629368,0.0059702833185978,13.06346776246,42.2553815962702,15.0
13.97916666,29.9851073529755,14.8024135238936,1082.27143055587,86.9292707062228,2290.02655924838,122.092205470676,407.901500950257,3.01963829221074,13.4540957377866,7.04818857057273,1.81124400612666,5.54196847832522,4.28397847594355,0.0084446772354743,0.0006878879917409,0.0003547593628576,10.6760328682153,42.607335240896,15.0,3023.87122662923,94310.0,2,29.9844271485449,4.23058942898777,1079.27279396597,79.4169811329609,2291.04756144128,121.703053562628,407.285318427737,0.0430442100957793,11.514651577888356,7.47454129105537,1.01308578125388,5.20981844439977,4.45795835130353,0.221018197909635,0.010538658421609,0.0059859232503931,13.0635744055965,42.4669968546263,15.0
13.98958333,29.9866665366338,14.4124276802315,1082.13485472416,87.0882276225658,2290.5218497779,122.139091883392,407.939650268849,3.04642851879909,13.5076664151496,6.85938691604096,1.77272942485644,5.54328057110738,4.2765818253803,0.0080749636077787,0.0006593433280934,0.0003396779809057,10.6756972298948,42.6233980593459,15.0,3024.33530425216,92045.0,2,29.9855154835547,4.11704506876698,1081.08729337617,79.7524540849892,2295.44012974035,121.964977231998,408.051816211424,0.04301551961682,11.558718305171901,7.25577278045185,0.990195894820306,5.22558758627258,4.45179750001982,0.221258104382044,0.0105470817966538,0.0060017702906953,13.0687230550485,42.5580172528482,15.0
14.0,29.9392445647796,13.6280235634377,1073.18177000175,91.6552805993503,2266.69152755692,120.824370379603,403.452735080955,3.02670370300271,13.4640899964194,6.77104600376207,1.69501013955344,5.84078495868714,4.27213629824948,0.0081862520223768,0.0006713019509401,0.0003471147120971,10.660428818996,42.1644184392835,15.0,2998.4775765434,107385.0,2,29.9538681325971,4.22486712798502,1078.74701687277,81.8591496220566,2288.74780160023,121.628103014739,406.777432512068,0.0499019982246277,11.737028329129442,7.03716152048918,0.998075884878928,5.3517687378552,4.42887630628783,0.218381673413745,0.0104410797396843,0.0059242239491137,12.9054572452336,42.4402086043815,15.0
